# T (K), dc/c (x 1e-5)
2.521100000000000119e+00,-1.011601753321692332e+00
2.520799999999999930e+00,-1.014170726805945222e+00
2.520399999999999974e+00,-1.018173891286248578e+00
2.519600000000000062e+00,-1.019146596187543885e+00
2.519200000000000106e+00,-1.010077837957949365e+00
2.518800000000000150e+00,-1.009867846868891972e+00
2.518200000000000216e+00,-1.013382713809241054e+00
2.517700000000000049e+00,-1.011318277296183066e+00
2.517199999999999882e+00,-9.988445842708421063e-01
2.516999999999999904e+00,-9.944967553898469426e-01
2.516700000000000159e+00,-9.893387462378642194e-01
2.516300000000000203e+00,-9.805181930289118553e-01
2.516099999999999781e+00,-9.691548180299109916e-01
2.515899999999999803e+00,-9.692809364215873025e-01
2.515400000000000080e+00,-9.750717998191927860e-01
2.515099999999999891e+00,-9.796176692629907645e-01
2.515000000000000124e+00,-9.862476528195353032e-01
2.514499999999999957e+00,-9.919706400446717254e-01
2.514200000000000212e+00,-9.946668139705020506e-01
2.514100000000000001e+00,-9.921214131485087684e-01
2.513700000000000045e+00,-9.889593020558952174e-01
2.513399999999999856e+00,-9.796924699539618642e-01
2.513100000000000112e+00,-9.705714936193535758e-01
2.512900000000000134e+00,-9.642237345005784110e-01
2.512500000000000178e+00,-9.566182484514218487e-01
2.512300000000000200e+00,-9.539771504536632696e-01
2.512100000000000222e+00,-9.554866862852665621e-01
2.511899999999999800e+00,-9.613851722988040471e-01
2.511800000000000033e+00,-9.633304282158013931e-01
2.511699999999999822e+00,-9.666239123221151974e-01
2.511600000000000055e+00,-9.592377279448675020e-01
2.511400000000000077e+00,-9.529725581822623415e-01
2.511299999999999866e+00,-9.482638580427837915e-01
2.511200000000000099e+00,-9.520708676628939493e-01
2.511099999999999888e+00,-9.584131946909716371e-01
2.511000000000000121e+00,-9.642280752008863809e-01
2.510899999999999910e+00,-9.711559743090252272e-01
2.510800000000000143e+00,-9.767295900338714976e-01
2.510699999999999932e+00,-9.684421742228026542e-01
2.510600000000000165e+00,-9.558072822800876001e-01
2.510499999999999954e+00,-9.466124033036174001e-01
2.510400000000000187e+00,-9.351901195083465179e-01
2.510299999999999976e+00,-9.248219602074787549e-01
2.510200000000000209e+00,-9.214406258479297396e-01
2.510099999999999998e+00,-9.171154031351479441e-01
2.509999999999999787e+00,-9.165279811865991721e-01
2.509799999999999809e+00,-9.155384708606477684e-01
2.509700000000000042e+00,-9.143717336983646637e-01
2.509500000000000064e+00,-9.152722342541541600e-01
2.509399999999999853e+00,-9.157554962439459212e-01
2.509300000000000086e+00,-9.165800384735266482e-01
2.509199999999999875e+00,-9.165068864006812310e-01
2.509100000000000108e+00,-9.179940385539795411e-01
2.508999999999999897e+00,-9.130944962981550894e-01
2.508900000000000130e+00,-9.110149568660602659e-01
2.508799999999999919e+00,-9.149776100526600953e-01
2.508700000000000152e+00,-9.252513003959582649e-01
2.508500000000000174e+00,-9.327339435956718550e-01
2.508399999999999963e+00,-9.425584039138896753e-01
2.508300000000000196e+00,-9.491479843102851310e-01
2.508100000000000218e+00,-9.528642647105982633e-01
2.508000000000000007e+00,-9.558313394477170322e-01
2.507800000000000029e+00,-9.588480897790643276e-01
2.507699999999999818e+00,-9.692892814257020317e-01
2.507600000000000051e+00,-9.750471934710096544e-01
2.507499999999999840e+00,-9.682615912590120111e-01
2.507400000000000073e+00,-9.592552752510883352e-01
2.507299999999999862e+00,-9.517938040077068562e-01
2.507099999999999884e+00,-9.339142331018112086e-01
2.507000000000000117e+00,-9.221534681502513431e-01
2.506899999999999906e+00,-9.188966114881315095e-01
2.506800000000000139e+00,-9.179571487869138124e-01
2.506699999999999928e+00,-9.204169619229322086e-01
2.506499999999999950e+00,-9.246422233338390528e-01
2.506400000000000183e+00,-9.336181140645690713e-01
2.506299999999999972e+00,-9.453683716672491855e-01
2.506200000000000205e+00,-9.485643730474789814e-01
2.506099999999999994e+00,-9.479292973189542559e-01
2.505900000000000016e+00,-9.454993261908283264e-01
2.505799999999999805e+00,-9.471104816355119249e-01
2.505700000000000038e+00,-9.456032880987302880e-01
2.505599999999999827e+00,-9.513146335765088057e-01
2.505500000000000060e+00,-9.523607411402333911e-01
2.505300000000000082e+00,-9.570054457342865861e-01
2.505199999999999871e+00,-9.584611544000055661e-01
2.504999999999999893e+00,-9.470258526650051634e-01
2.504900000000000126e+00,-9.325288232742404704e-01
2.504599999999999937e+00,-9.221824039316958155e-01
2.504500000000000171e+00,-9.158755720181047666e-01
2.504399999999999959e+00,-9.018838447516062118e-01
2.504300000000000193e+00,-8.994701848539544686e-01
2.504199999999999982e+00,-9.012564595522413180e-01
2.504100000000000215e+00,-9.021606889972765275e-01
2.504000000000000004e+00,-9.016781603954706625e-01
2.503800000000000026e+00,-9.048945856049167569e-01
2.503699999999999815e+00,-9.090457185237896809e-01
2.503600000000000048e+00,-9.092767754860682228e-01
2.503299999999999859e+00,-9.106371151017428334e-01
2.503200000000000092e+00,-9.116568743415282006e-01
2.503099999999999881e+00,-9.082904528053945548e-01
2.502899999999999903e+00,-9.120034516624502263e-01
2.502800000000000136e+00,-9.198271474726830155e-01
2.502699999999999925e+00,-9.214960189411498526e-01
2.502499999999999947e+00,-9.244194573650860169e-01
2.502400000000000180e+00,-9.271456297424343074e-01
2.502200000000000202e+00,-9.200158277451221389e-01
2.501999999999999780e+00,-9.069333772300600671e-01
2.501900000000000013e+00,-9.050450356699791810e-01
2.501799999999999802e+00,-9.055746219813372022e-01
2.501700000000000035e+00,-9.123991221690000986e-01
2.501599999999999824e+00,-9.119878244931259870e-01
2.501500000000000057e+00,-9.143741593286083269e-01
2.501399999999999846e+00,-9.089088096044840581e-01
2.501300000000000079e+00,-8.994787122911309662e-01
2.500999999999999890e+00,-8.923424097412052669e-01
2.500900000000000123e+00,-8.960281436160790758e-01
2.500799999999999912e+00,-8.972144401339642306e-01
2.500700000000000145e+00,-9.021969981303292752e-01
2.500500000000000167e+00,-9.101534144919253277e-01
2.500399999999999956e+00,-9.132016130040335744e-01
2.500199999999999978e+00,-9.141512337774211350e-01
2.500100000000000211e+00,-9.121800682923042469e-01
2.500000000000000000e+00,-9.106924168007268783e-01
2.499800000000000022e+00,-9.075157725153911725e-01
2.499600000000000044e+00,-9.034994207280255818e-01
2.499499999999999833e+00,-9.007159902179370237e-01
2.499299999999999855e+00,-8.953695121698395099e-01
2.499200000000000088e+00,-8.932504075678282529e-01
2.499000000000000110e+00,-8.908956024209455649e-01
2.498899999999999899e+00,-8.944761672292129706e-01
2.498800000000000132e+00,-8.913364292120491417e-01
2.498699999999999921e+00,-8.898233672925344173e-01
2.498600000000000154e+00,-8.896725859029815942e-01
2.498499999999999943e+00,-8.932359333549930724e-01
2.498299999999999965e+00,-8.903558003718961000e-01
2.498200000000000198e+00,-8.861845902735469016e-01
2.498000000000000220e+00,-8.849099964320251699e-01
2.497900000000000009e+00,-8.786286863837582395e-01
2.497799999999999798e+00,-8.669893430317525684e-01
2.497599999999999820e+00,-8.565813079731022794e-01
2.497500000000000053e+00,-8.537752305509942463e-01
2.497300000000000075e+00,-8.591195909871465197e-01
2.497100000000000097e+00,-8.660495080456062089e-01
2.496900000000000119e+00,-8.644315223051491914e-01
2.496799999999999908e+00,-8.739280189114413400e-01
2.496700000000000141e+00,-8.853005825814468377e-01
2.496599999999999930e+00,-8.911830963885448709e-01
2.496500000000000163e+00,-8.888314807610052659e-01
2.496399999999999952e+00,-8.912438899149645044e-01
2.495999999999999996e+00,-8.803463472011573421e-01
2.495899999999999785e+00,-8.692084949888863044e-01
2.495800000000000018e+00,-8.565620233893544988e-01
2.495699999999999807e+00,-8.542628082162851966e-01
2.495499999999999829e+00,-8.567029739408107414e-01
2.495400000000000063e+00,-8.592446655513676923e-01
2.495299999999999851e+00,-8.641000111411863971e-01
2.495200000000000085e+00,-8.699770401123310126e-01
2.495000000000000107e+00,-8.714921435147917617e-01
2.494800000000000129e+00,-8.712271380954208500e-01
2.494699999999999918e+00,-8.778005377235545970e-01
2.494499999999999940e+00,-8.695787979204946394e-01
2.494400000000000173e+00,-8.648794640798463940e-01
2.494299999999999962e+00,-8.623398486986167955e-01
2.494099999999999984e+00,-8.629755648055514872e-01
2.494000000000000217e+00,-8.600277556545555813e-01
2.493900000000000006e+00,-8.692924938592284656e-01
2.493799999999999795e+00,-8.662133935884510638e-01
2.493700000000000028e+00,-8.643014673407212189e-01
2.493599999999999817e+00,-8.587947848453720834e-01
2.493500000000000050e+00,-8.532784916940803210e-01
2.493399999999999839e+00,-8.420074990645506352e-01
2.493199999999999861e+00,-8.454428439702391662e-01
2.493100000000000094e+00,-8.435832313113781344e-01
2.492900000000000116e+00,-8.407084677393253935e-01
2.492700000000000138e+00,-8.349877735086379538e-01
2.492599999999999927e+00,-8.315669900378369617e-01
2.492399999999999949e+00,-8.284088515359087079e-01
2.492300000000000182e+00,-8.292000091071269896e-01
2.492100000000000204e+00,-8.303761642749432070e-01
2.491999999999999993e+00,-8.352253619630169990e-01
2.491800000000000015e+00,-8.338608986629015840e-01
2.491699999999999804e+00,-8.320848469198660613e-01
2.491600000000000037e+00,-8.362695953535899118e-01
2.491499999999999826e+00,-8.428617845666809272e-01
2.491400000000000059e+00,-8.478810002265045886e-01
2.491299999999999848e+00,-8.492556625456799679e-01
2.491099999999999870e+00,-8.545268565505765856e-01
2.490899999999999892e+00,-8.512756074999152656e-01
2.490800000000000125e+00,-8.497127508075904556e-01
2.490699999999999914e+00,-8.452214541810471049e-01
2.490600000000000147e+00,-8.487495676919032395e-01
2.490400000000000169e+00,-8.387950168569583420e-01
2.490299999999999958e+00,-8.256354657906489480e-01
2.490099999999999980e+00,-8.150137818730383010e-01
2.490000000000000213e+00,-8.080924757613779930e-01
2.489900000000000002e+00,-8.001210833647083298e-01
2.489799999999999791e+00,-7.998749610647024610e-01
2.489500000000000046e+00,-8.106285842487698234e-01
2.489399999999999835e+00,-8.156725375977300629e-01
2.489300000000000068e+00,-8.244727100809554621e-01
2.489100000000000090e+00,-8.411248846857886097e-01
2.488999999999999879e+00,-8.511189315931269039e-01
2.488900000000000112e+00,-8.494538663403673473e-01
2.488799999999999901e+00,-8.441147626424976291e-01
2.488599999999999923e+00,-8.410170550504895148e-01
2.488500000000000156e+00,-8.337066549484427602e-01
2.488399999999999945e+00,-8.230908002452870242e-01
2.488300000000000178e+00,-8.216105220516539687e-01
2.488100000000000200e+00,-8.256691988847013608e-01
2.487899999999999778e+00,-8.275404784747250053e-01
2.487800000000000011e+00,-8.300413657155291114e-01
2.487699999999999800e+00,-8.346548527836393783e-01
2.487600000000000033e+00,-8.380983512339296171e-01
2.487499999999999822e+00,-8.442678220041669457e-01
2.487299999999999844e+00,-8.454505067000734897e-01
2.487099999999999866e+00,-8.480296650313287055e-01
2.487000000000000099e+00,-8.549281053314098378e-01
2.486800000000000122e+00,-8.519511573544437111e-01
2.486699999999999910e+00,-8.428781932952148503e-01
2.486499999999999932e+00,-8.293252647557923796e-01
2.486299999999999955e+00,-8.147006423523620589e-01
2.486099999999999977e+00,-8.089000765223574030e-01
2.486000000000000210e+00,-8.082601322512756870e-01
2.485799999999999788e+00,-8.065946298478187115e-01
2.485599999999999810e+00,-8.143841632668283870e-01
2.485399999999999832e+00,-8.196451744367592163e-01
2.485300000000000065e+00,-8.112898129201527864e-01
2.485199999999999854e+00,-8.024558867228067660e-01
2.485100000000000087e+00,-7.980789219824180325e-01
2.484999999999999876e+00,-7.900848161888299748e-01
2.484900000000000109e+00,-7.927076668476882304e-01
2.484799999999999898e+00,-7.958140138031137845e-01
2.484599999999999920e+00,-7.983505071869779757e-01
2.484500000000000153e+00,-8.026255247832978501e-01
2.484399999999999942e+00,-8.103394802834797961e-01
2.484199999999999964e+00,-8.059957294870213618e-01
2.484100000000000197e+00,-8.023791949140784974e-01
2.483999999999999986e+00,-8.036361813525126907e-01
2.483900000000000219e+00,-8.061610404173567002e-01
2.483800000000000008e+00,-8.007121502446016281e-01
2.483699999999999797e+00,-7.911770390042760503e-01
2.483600000000000030e+00,-7.863416697837660729e-01
2.483400000000000052e+00,-7.839193789466615270e-01
2.483299999999999841e+00,-7.762399949674466670e-01
2.483200000000000074e+00,-7.804132577212026245e-01
2.483000000000000096e+00,-7.878654101196520543e-01
2.482800000000000118e+00,-7.971725808569167793e-01
2.482699999999999907e+00,-8.015789827839781001e-01
2.482499999999999929e+00,-8.101963071449093112e-01
2.482299999999999951e+00,-8.109013061278861345e-01
2.482200000000000184e+00,-8.137133572155926808e-01
2.482099999999999973e+00,-8.121236848698374367e-01
2.482000000000000206e+00,-8.063775202845485657e-01
2.481899999999999995e+00,-8.014603910216824278e-01
2.481799999999999784e+00,-8.025353267968482474e-01
2.481700000000000017e+00,-8.010395494278693684e-01
2.481399999999999828e+00,-8.016614853405007457e-01
2.481300000000000061e+00,-8.008304692760491728e-01
2.481100000000000083e+00,-7.993989676815647094e-01
2.480999999999999872e+00,-7.905659374151002838e-01
2.480900000000000105e+00,-7.873398586549090750e-01
2.480799999999999894e+00,-7.917655587268752626e-01
2.480700000000000127e+00,-8.036651221752285634e-01
2.480599999999999916e+00,-8.119120646487859583e-01
2.480399999999999938e+00,-8.157309506019380096e-01
2.480199999999999960e+00,-8.206011419541971996e-01
2.480100000000000193e+00,-8.141266845906706129e-01
2.479999999999999982e+00,-8.029124595766450323e-01
2.479900000000000215e+00,-7.932572052338128232e-01
2.479800000000000004e+00,-7.902726999437815758e-01
2.479699999999999793e+00,-7.918423531591296527e-01
2.479600000000000026e+00,-7.982987264349393763e-01
2.479499999999999815e+00,-7.975932032078334455e-01
2.479299999999999837e+00,-7.977403218113656713e-01
2.479200000000000070e+00,-8.022540941987014174e-01
2.479000000000000092e+00,-8.006826250558407576e-01
2.478899999999999881e+00,-7.962222199180047921e-01
2.478699999999999903e+00,-7.966656181430421535e-01
2.478600000000000136e+00,-8.042852768732656754e-01
2.478400000000000158e+00,-8.038417938371639204e-01
2.478299999999999947e+00,-8.088017320758821294e-01
2.478200000000000180e+00,-8.162471545057526923e-01
2.478099999999999969e+00,-8.220506249494944351e-01
2.477799999999999780e+00,-8.170603277196566427e-01
2.477700000000000014e+00,-8.082619317950101578e-01
2.477599999999999802e+00,-7.975101909013688761e-01
2.477500000000000036e+00,-7.873846239376396383e-01
2.477300000000000058e+00,-7.833018708555596898e-01
2.476999999999999869e+00,-7.819328626120467529e-01
2.476799999999999891e+00,-7.829749210430061446e-01
2.476700000000000124e+00,-7.789800692706554397e-01
2.476599999999999913e+00,-7.793019995524107513e-01
2.476500000000000146e+00,-7.732540280184271309e-01
2.476300000000000168e+00,-7.608410322243983614e-01
2.476199999999999957e+00,-7.550432625582758073e-01
2.475999999999999979e+00,-7.545252998254757815e-01
2.475600000000000023e+00,-7.515800487973774979e-01
2.475499999999999812e+00,-7.557381373479894471e-01
2.475400000000000045e+00,-7.630013944454147046e-01
2.475299999999999834e+00,-7.629411296072428073e-01
2.475000000000000089e+00,-7.524708706442041484e-01
2.474800000000000111e+00,-7.421082257791625780e-01
2.474699999999999900e+00,-7.311906612388670013e-01
2.474499999999999922e+00,-7.271542757571884952e-01
2.474400000000000155e+00,-7.310914407470877618e-01
2.474299999999999944e+00,-7.432797390280638794e-01
2.474200000000000177e+00,-7.524566903888835201e-01
2.474000000000000199e+00,-7.617064879013225598e-01
2.473899999999999988e+00,-7.658470673967999742e-01
2.473800000000000221e+00,-7.711884606438970113e-01
2.473599999999999799e+00,-7.747712555311505600e-01
2.473399999999999821e+00,-7.767943204332883322e-01
2.473300000000000054e+00,-7.751300526169859761e-01
2.473199999999999843e+00,-7.757381169378514407e-01
2.472999999999999865e+00,-7.720760067668908100e-01
2.472799999999999887e+00,-7.734357987726914185e-01
2.472700000000000120e+00,-7.781260572199948378e-01
2.472599999999999909e+00,-7.805658879167856057e-01
2.472500000000000142e+00,-7.789136430669165723e-01
2.472399999999999931e+00,-7.761463835650581622e-01
2.472199999999999953e+00,-7.697211735457550885e-01
2.472100000000000186e+00,-7.609038670528150972e-01
2.471900000000000208e+00,-7.538770523971352056e-01
2.471699999999999786e+00,-7.457696023547774056e-01
2.471400000000000041e+00,-7.381464764017775515e-01
2.471099999999999852e+00,-7.384657708560652400e-01
2.470899999999999874e+00,-7.285323619940670126e-01
2.470800000000000107e+00,-7.241709571905070586e-01
2.470699999999999896e+00,-7.233995156414890770e-01
2.470499999999999918e+00,-7.309695266821940596e-01
2.470400000000000151e+00,-7.258728710698036934e-01
2.470299999999999940e+00,-7.286205496164973594e-01
2.470200000000000173e+00,-7.338107372034575748e-01
2.470099999999999962e+00,-7.357676274377753511e-01
2.470000000000000195e+00,-7.306383702918548551e-01
2.469899999999999984e+00,-7.289850564137257960e-01
2.469599999999999795e+00,-7.321020270805496111e-01
2.469399999999999817e+00,-7.310896790442729110e-01
2.469100000000000072e+00,-7.301539304624751203e-01
2.468999999999999861e+00,-7.296439434672368218e-01
2.468900000000000095e+00,-7.304160032203191877e-01
2.468799999999999883e+00,-7.347599446371182452e-01
2.468700000000000117e+00,-7.379843943162988085e-01
2.468599999999999905e+00,-7.482099963646275942e-01
2.468399999999999928e+00,-7.527706603020767329e-01
2.468300000000000161e+00,-7.599268341329165066e-01
2.468100000000000183e+00,-7.602715390187668731e-01
2.467900000000000205e+00,-7.577861669341017237e-01
2.467699999999999783e+00,-7.584564633844602666e-01
2.467600000000000016e+00,-7.623253074568510090e-01
2.467400000000000038e+00,-7.573590153062657038e-01
2.467200000000000060e+00,-7.488283405556253047e-01
2.467000000000000082e+00,-7.387732408233992354e-01
2.466800000000000104e+00,-7.258704183679166588e-01
2.466699999999999893e+00,-7.156055412376945979e-01
2.466600000000000126e+00,-7.187083778314224958e-01
2.466499999999999915e+00,-7.238665100895140814e-01
2.466299999999999937e+00,-7.298552739554673430e-01
2.466200000000000170e+00,-7.285553505413741027e-01
2.466000000000000192e+00,-7.248184944085022119e-01
2.465899999999999981e+00,-7.149730597900190165e-01
2.465700000000000003e+00,-7.100254605770135452e-01
2.465500000000000025e+00,-7.106152798919562752e-01
2.465399999999999814e+00,-7.078040009584912751e-01
2.465199999999999836e+00,-7.013207883184868763e-01
2.465100000000000069e+00,-6.953074792929567760e-01
2.464799999999999880e+00,-6.846277224056753763e-01
2.464700000000000113e+00,-6.733251832118177793e-01
2.464599999999999902e+00,-6.686792890373340903e-01
2.464300000000000157e+00,-6.757053198363018875e-01
2.464199999999999946e+00,-6.797060927890475890e-01
2.464100000000000179e+00,-6.906685919942298080e-01
2.463999999999999968e+00,-7.009247678349018740e-01
2.463799999999999990e+00,-7.135565348441885725e-01
2.463699999999999779e+00,-7.161429743659813996e-01
2.463600000000000012e+00,-7.163219453401157288e-01
2.463499999999999801e+00,-7.141055349320096779e-01
2.463299999999999823e+00,-7.098427459027721875e-01
2.463200000000000056e+00,-7.040823899094258431e-01
2.463000000000000078e+00,-7.010875654359527420e-01
2.462899999999999867e+00,-6.975982060597636369e-01
2.462699999999999889e+00,-7.028609171923476673e-01
2.462600000000000122e+00,-7.165611162251137589e-01
2.462499999999999911e+00,-7.272655440811007788e-01
2.462400000000000144e+00,-7.327460877213590740e-01
2.462200000000000166e+00,-7.451191159717033274e-01
2.462000000000000188e+00,-7.388475235537913521e-01
2.461899999999999977e+00,-7.205450429375973576e-01
2.461800000000000210e+00,-7.076254278266455033e-01
2.461699999999999999e+00,-7.062382245697373939e-01
2.461500000000000021e+00,-6.953647159215186058e-01
2.461399999999999810e+00,-6.922283180482452503e-01
2.461100000000000065e+00,-6.891939477015207594e-01
2.460900000000000087e+00,-6.924731977506637381e-01
2.460700000000000109e+00,-6.939139335589149526e-01
2.460500000000000131e+00,-7.036822244002679527e-01
2.460399999999999920e+00,-7.119380401103112543e-01
2.460300000000000153e+00,-7.137270633444068313e-01
2.460100000000000176e+00,-7.101993615618844569e-01
2.459999999999999964e+00,-7.097927815074948077e-01
2.459900000000000198e+00,-7.059371410504059474e-01
2.459799999999999986e+00,-6.992104936445144858e-01
2.459700000000000220e+00,-6.986581537120859497e-01
2.459600000000000009e+00,-7.033599329201843942e-01
2.459200000000000053e+00,-7.008758288779003420e-01
2.459099999999999842e+00,-6.933715268793958497e-01
2.458800000000000097e+00,-6.929751972990869646e-01
2.458600000000000119e+00,-7.048192708924114758e-01
2.458400000000000141e+00,-7.043618602748952240e-01
2.458200000000000163e+00,-7.038500286124081962e-01
2.458099999999999952e+00,-7.058615503861483953e-01
2.458000000000000185e+00,-7.100855336901034098e-01
2.457899999999999974e+00,-7.060863357593628598e-01
2.457699999999999996e+00,-7.065077974723574794e-01
2.457500000000000018e+00,-6.997721693948171229e-01
2.457399999999999807e+00,-6.935205260945753736e-01
2.457199999999999829e+00,-6.852224663508529323e-01
2.456999999999999851e+00,-6.766746283594793354e-01
2.456900000000000084e+00,-6.752327664222029791e-01
2.456599999999999895e+00,-6.818407145742655384e-01
2.456399999999999917e+00,-6.842678066914554824e-01
2.456300000000000150e+00,-6.856419407989029491e-01
2.456199999999999939e+00,-6.860625054655888899e-01
2.456100000000000172e+00,-6.820166365510259565e-01
2.455999999999999961e+00,-6.806884910917457843e-01
2.455900000000000194e+00,-6.835610892432473218e-01
2.455799999999999983e+00,-6.797374752484391935e-01
2.455700000000000216e+00,-6.775838118453640924e-01
2.455499999999999794e+00,-6.765583336004482584e-01
2.455400000000000027e+00,-6.718892025604251694e-01
2.455200000000000049e+00,-6.702526438832379085e-01
2.455000000000000071e+00,-6.710372078408236574e-01
2.454899999999999860e+00,-6.728938220080648014e-01
2.454800000000000093e+00,-6.692485041087137265e-01
2.454600000000000115e+00,-6.640921155741211779e-01
2.454499999999999904e+00,-6.576524159765915201e-01
2.454200000000000159e+00,-6.524977654608163924e-01
2.454000000000000181e+00,-6.484898501678183491e-01
2.453800000000000203e+00,-6.501527830376964134e-01
2.453599999999999781e+00,-6.523981041478987830e-01
2.453500000000000014e+00,-6.519646050904408519e-01
2.453300000000000036e+00,-6.554356635023182998e-01
2.453199999999999825e+00,-6.537221898851932611e-01
2.452999999999999847e+00,-6.509415104929971996e-01
2.452900000000000080e+00,-6.508606825290050857e-01
2.452799999999999869e+00,-6.520185709972623478e-01
2.452700000000000102e+00,-6.564437852990978595e-01
2.452599999999999891e+00,-6.666086000665493172e-01
2.452500000000000124e+00,-6.640018953947903757e-01
2.452399999999999913e+00,-6.583467477319637773e-01
2.452199999999999935e+00,-6.590995155643374348e-01
2.452100000000000168e+00,-6.563660588894143499e-01
2.451700000000000212e+00,-6.549680308998595546e-01
2.451499999999999790e+00,-6.651690952647320021e-01
2.451400000000000023e+00,-6.708011886350644382e-01
2.451200000000000045e+00,-6.711692190576513672e-01
2.450899999999999856e+00,-6.691029739839745583e-01
2.450800000000000090e+00,-6.660958896500482895e-01
2.450499999999999901e+00,-6.676577713374264311e-01
2.450400000000000134e+00,-6.711248277361386849e-01
2.450200000000000156e+00,-6.729664847930377780e-01
2.450000000000000178e+00,-6.736680186145496130e-01
2.449800000000000200e+00,-6.698696634530476590e-01
2.449699999999999989e+00,-6.629721976480432710e-01
2.449399999999999800e+00,-6.585353083592668799e-01
2.449199999999999822e+00,-6.574541404353629881e-01
2.448999999999999844e+00,-6.618749847278180276e-01
2.448900000000000077e+00,-6.634883949425874894e-01
2.448799999999999866e+00,-6.567838444536052700e-01
2.448700000000000099e+00,-6.556113272232314548e-01
2.448500000000000121e+00,-6.533817440498769225e-01
2.448300000000000143e+00,-6.440605662761267336e-01
2.448199999999999932e+00,-6.395413134660173915e-01
2.447999999999999954e+00,-6.363043352596714497e-01
2.447799999999999976e+00,-6.330237121223574182e-01
2.447599999999999998e+00,-6.317454065284023867e-01
2.447499999999999787e+00,-6.332836106194039694e-01
2.447400000000000020e+00,-6.381459332138998963e-01
2.447200000000000042e+00,-6.440970550477663759e-01
2.447000000000000064e+00,-6.447998204785891918e-01
2.446899999999999853e+00,-6.410035836010556931e-01
2.446600000000000108e+00,-6.370490412973931482e-01
2.446499999999999897e+00,-6.296697044987780156e-01
2.446400000000000130e+00,-6.233248536969756559e-01
2.446099999999999941e+00,-6.211392543476605965e-01
2.445899999999999963e+00,-6.221208563257120128e-01
2.445699999999999985e+00,-6.220163555861051297e-01
2.445600000000000218e+00,-6.232508640659304433e-01
2.445399999999999796e+00,-6.326383921147724632e-01
2.445300000000000029e+00,-6.397782357197168146e-01
2.445100000000000051e+00,-6.478723531716176209e-01
2.444799999999999862e+00,-6.527089131581376158e-01
2.444700000000000095e+00,-6.462262354237600093e-01
2.444599999999999884e+00,-6.333909162188100517e-01
2.444399999999999906e+00,-6.218330799695817035e-01
2.444300000000000139e+00,-6.098681540659278699e-01
2.444100000000000161e+00,-6.015644650643643399e-01
2.443700000000000205e+00,-6.086999187442445614e-01
2.443599999999999994e+00,-6.127116398132579356e-01
2.443400000000000016e+00,-6.147221909885789426e-01
2.443099999999999827e+00,-6.177666533612683475e-01
2.443000000000000060e+00,-6.192702973978944092e-01
2.442800000000000082e+00,-6.122280764693163180e-01
2.442699999999999871e+00,-6.066469186485032861e-01
2.442499999999999893e+00,-6.066442574928845310e-01
2.442299999999999915e+00,-5.968104899973981636e-01
2.442099999999999937e+00,-5.917063463613692065e-01
2.442000000000000171e+00,-5.881479452704648780e-01
2.441800000000000193e+00,-5.866871649580929216e-01
2.441699999999999982e+00,-5.788668383046711163e-01
2.441600000000000215e+00,-5.823950011642815561e-01
2.441500000000000004e+00,-5.860410030292945160e-01
2.441300000000000026e+00,-5.944707024559212627e-01
2.441100000000000048e+00,-6.030880584746624029e-01
2.440999999999999837e+00,-6.182622571334217554e-01
2.440900000000000070e+00,-6.295026029283934399e-01
2.440599999999999881e+00,-6.366827457641651700e-01
2.440399999999999903e+00,-6.349857791366000370e-01
2.440199999999999925e+00,-6.275138446520770463e-01
2.440100000000000158e+00,-6.196954606323827885e-01
2.439700000000000202e+00,-6.133226084577800830e-01
2.439599999999999991e+00,-6.080528409175330884e-01
2.439400000000000013e+00,-6.124767841592710926e-01
2.439200000000000035e+00,-6.200515773872438130e-01
2.438899999999999846e+00,-6.262871013865740633e-01
2.438699999999999868e+00,-6.261207143757815397e-01
2.438600000000000101e+00,-6.215491001441280083e-01
2.438400000000000123e+00,-6.172690634761394124e-01
2.438299999999999912e+00,-6.169936224038624628e-01
2.438200000000000145e+00,-6.174272423444154834e-01
2.438099999999999934e+00,-6.177022454007321528e-01
2.437899999999999956e+00,-6.219742741645459816e-01
2.437800000000000189e+00,-6.209095210112611785e-01
2.437600000000000211e+00,-6.165580983630984946e-01
2.437199999999999811e+00,-6.106222918022662371e-01
2.437100000000000044e+00,-6.080643747585160463e-01
2.436799999999999855e+00,-6.080682972231347128e-01
2.436599999999999877e+00,-6.062619317297178734e-01
2.436300000000000132e+00,-6.067805885240274977e-01
2.436199999999999921e+00,-6.032915655083177509e-01
2.435999999999999943e+00,-6.028166292843145646e-01
2.435799999999999965e+00,-5.975219168739570597e-01
2.435599999999999987e+00,-5.958455913174144358e-01
2.435200000000000031e+00,-5.963598397719024335e-01
2.435000000000000053e+00,-5.928810940954847286e-01
2.434899999999999842e+00,-5.891096051078691387e-01
2.434600000000000097e+00,-5.909276320076837230e-01
2.434400000000000119e+00,-5.997398113242925488e-01
2.434299999999999908e+00,-6.010973893018441983e-01
2.434099999999999930e+00,-6.078342255416008255e-01
2.433699999999999974e+00,-6.153874627527234908e-01
2.433600000000000207e+00,-6.204275023216110352e-01
2.433300000000000018e+00,-6.181357816694483809e-01
2.432999999999999829e+00,-6.180623849657510549e-01
2.432700000000000085e+00,-6.147643128817225078e-01
2.432599999999999874e+00,-6.086067052330813576e-01
2.432399999999999896e+00,-6.031519759937524761e-01
2.432199999999999918e+00,-6.001221555455414913e-01
2.432100000000000151e+00,-5.985109219624854537e-01
2.431799999999999962e+00,-6.007217012235152032e-01
2.431700000000000195e+00,-6.010445098410774900e-01
2.431400000000000006e+00,-5.988432359560045271e-01
2.431299999999999795e+00,-5.924078266745634869e-01
2.431200000000000028e+00,-5.869316389732740502e-01
2.431000000000000050e+00,-5.809197334100471011e-01
2.430800000000000072e+00,-5.778909654673841656e-01
2.430499999999999883e+00,-5.793351569201038442e-01
2.430099999999999927e+00,-5.839433058620491224e-01
2.430000000000000160e+00,-5.836248715892361494e-01
2.429699999999999971e+00,-5.814215508055663451e-01
2.429600000000000204e+00,-5.800033617687615495e-01
2.429300000000000015e+00,-5.722790817368899052e-01
2.429199999999999804e+00,-5.606867881741486315e-01
2.428999999999999826e+00,-5.446713319174396606e-01
2.428700000000000081e+00,-5.366529606615730863e-01
2.428599999999999870e+00,-5.288637407996082951e-01
2.428500000000000103e+00,-5.260454054439606120e-01
2.428199999999999914e+00,-5.263137911212019127e-01
2.428100000000000147e+00,-5.282529562994353611e-01
2.427900000000000169e+00,-5.305046920785811970e-01
2.427799999999999958e+00,-5.329071376252227932e-01
2.427400000000000002e+00,-5.314725321188452645e-01
2.427299999999999791e+00,-5.346247658352241139e-01
2.427200000000000024e+00,-5.424735232745225844e-01
2.426800000000000068e+00,-5.437418391400927753e-01
2.426699999999999857e+00,-5.436047159490356995e-01
2.426600000000000090e+00,-5.493785677257791988e-01
2.426499999999999879e+00,-5.473127541557372133e-01
2.426099999999999923e+00,-5.471076647555871419e-01
2.426000000000000156e+00,-5.489842912566496036e-01
2.425899999999999945e+00,-5.479545736124332711e-01
2.425600000000000200e+00,-5.437126390795895547e-01
2.425499999999999989e+00,-5.414933397257167824e-01
2.425300000000000011e+00,-5.331969252034968187e-01
2.424999999999999822e+00,-5.224266039047068544e-01
2.424599999999999866e+00,-5.189382775728622610e-01
2.424399999999999888e+00,-5.192788331645838973e-01
2.424100000000000144e+00,-5.190366069496645807e-01
2.423900000000000166e+00,-5.252661743100194292e-01
2.423700000000000188e+00,-5.313711210266132134e-01
2.423500000000000210e+00,-5.389333516818763936e-01
2.423399999999999999e+00,-5.381884314244882450e-01
2.423099999999999810e+00,-5.477705299499010527e-01
2.422699999999999854e+00,-5.518388942888674542e-01
2.422499999999999876e+00,-5.502986639791158652e-01
2.422200000000000131e+00,-5.463227427151672311e-01
2.422099999999999920e+00,-5.474003565453416931e-01
2.422000000000000153e+00,-5.357324913560049806e-01
2.421800000000000175e+00,-5.322381896257116773e-01
2.421600000000000197e+00,-5.333405481034932949e-01
2.421199999999999797e+00,-5.234851832124856053e-01
2.421100000000000030e+00,-5.143180939019397213e-01
2.420700000000000074e+00,-5.083869195527616069e-01
2.420599999999999863e+00,-4.959098656332794897e-01
2.420399999999999885e+00,-4.846539689729641442e-01
2.420100000000000140e+00,-4.849061979367210173e-01
2.419900000000000162e+00,-4.929200194298508642e-01
2.419799999999999951e+00,-5.007293203483208499e-01
2.419500000000000206e+00,-5.091804667034168785e-01
2.419399999999999995e+00,-5.168113349405741852e-01
2.419000000000000039e+00,-5.222657331194895391e-01
2.418899999999999828e+00,-5.184476819647484414e-01
2.418400000000000105e+00,-5.155754160846709455e-01
2.418299999999999894e+00,-5.207865102104316524e-01
2.418000000000000149e+00,-5.265685210835424623e-01
2.417899999999999938e+00,-5.272797974947058819e-01
2.417600000000000193e+00,-5.258845950983306317e-01
2.417499999999999982e+00,-5.273900615203677145e-01
2.417199999999999793e+00,-5.203493527827610654e-01
2.417100000000000026e+00,-5.111840298464929155e-01
2.416599999999999859e+00,-5.067579423414201312e-01
2.416500000000000092e+00,-5.038612465023318832e-01
2.416199999999999903e+00,-5.022680761921411996e-01
2.415799999999999947e+00,-5.029589179268537658e-01
2.415599999999999969e+00,-5.061780084704599059e-01
2.415399999999999991e+00,-5.005561508084673816e-01
2.415099999999999802e+00,-5.002917070600579885e-01
2.414899999999999824e+00,-4.942585611697729586e-01
2.414699999999999847e+00,-4.878516927913060797e-01
2.414400000000000102e+00,-4.819454795195777241e-01
2.414299999999999891e+00,-4.855584197027695281e-01
2.414200000000000124e+00,-4.800877060988447687e-01
2.413800000000000168e+00,-4.790825157386778832e-01
2.413600000000000190e+00,-4.771776656044453002e-01
2.413300000000000001e+00,-4.799415661531271082e-01
2.413100000000000023e+00,-4.751965082603649693e-01
2.412700000000000067e+00,-4.768610149366320217e-01
2.412599999999999856e+00,-4.720534205655996796e-01
2.412300000000000111e+00,-4.729391224555633544e-01
2.411999999999999922e+00,-4.696258313362406400e-01
2.411900000000000155e+00,-4.697895457528646901e-01
2.411500000000000199e+00,-4.729101636477376358e-01
2.411399999999999988e+00,-4.742507850616274334e-01
2.410899999999999821e+00,-4.744585588628036921e-01
2.410699999999999843e+00,-4.727076742051197766e-01
2.410200000000000120e+00,-4.778804890190855859e-01
2.410000000000000142e+00,-4.738442436690806780e-01
2.409699999999999953e+00,-4.755537587203435002e-01
2.409600000000000186e+00,-4.707870163879728231e-01
2.409299999999999997e+00,-4.674256109000410331e-01
2.409199999999999786e+00,-4.604456273558584778e-01
2.408900000000000041e+00,-4.586058724145770649e-01
2.408599999999999852e+00,-4.546965929446560861e-01
2.408199999999999896e+00,-4.576674714494490259e-01
2.407999999999999918e+00,-4.593063033872436529e-01
2.407799999999999940e+00,-4.626451909848453004e-01
2.407300000000000217e+00,-4.621786164926786067e-01
2.407200000000000006e+00,-4.653107312082171987e-01
2.407099999999999795e+00,-4.691513252004161361e-01
2.406699999999999839e+00,-4.685500307036529755e-01
2.406400000000000095e+00,-4.627102156674888778e-01
2.406200000000000117e+00,-4.569845584150369344e-01
2.405899999999999928e+00,-4.535948407389383541e-01
2.405600000000000183e+00,-4.469800427615247540e-01
2.405400000000000205e+00,-4.513155986965444177e-01
2.405199999999999783e+00,-4.539731355286332759e-01
2.404900000000000038e+00,-4.537702492168025903e-01
2.404700000000000060e+00,-4.501891132909981441e-01
2.404399999999999871e+00,-4.428602683418779717e-01
2.404199999999999893e+00,-4.315287471939875941e-01
2.403999999999999915e+00,-4.212560026116331513e-01
2.403799999999999937e+00,-4.168456675694275360e-01
2.403500000000000192e+00,-4.128343517260327222e-01
2.403000000000000025e+00,-4.098472159030744910e-01
2.402699999999999836e+00,-4.112263568050582574e-01
2.402400000000000091e+00,-4.152165099528641323e-01
2.402000000000000135e+00,-4.238910404968671553e-01
2.401699999999999946e+00,-4.320126191876063615e-01
2.401400000000000201e+00,-4.400151521071447025e-01
2.401299999999999990e+00,-4.393839625946912020e-01
2.400999999999999801e+00,-4.396738200401414387e-01
2.400700000000000056e+00,-4.315043146912392324e-01
2.400399999999999867e+00,-4.269535722727004212e-01
2.400199999999999889e+00,-4.242264272377553325e-01
2.399900000000000144e+00,-4.267040037440189004e-01
2.399700000000000166e+00,-4.261413991497874920e-01
2.399300000000000210e+00,-4.285516405284038322e-01
2.399099999999999788e+00,-4.298360592008570458e-01
2.398899999999999810e+00,-4.317341239761830485e-01
2.398499999999999854e+00,-4.309701434919605556e-01
2.398400000000000087e+00,-4.269531150641411310e-01
2.398000000000000131e+00,-4.247797251167791943e-01
2.397699999999999942e+00,-4.206915410600447491e-01
2.397600000000000176e+00,-4.169928871255220160e-01
2.397200000000000220e+00,-4.117257631697842091e-01
2.396900000000000031e+00,-4.155980165051770259e-01
2.396399999999999864e+00,-4.208567676235435151e-01
2.395999999999999908e+00,-4.240929438331305645e-01
2.395700000000000163e+00,-4.217528049174287252e-01
2.395500000000000185e+00,-4.164851087188474743e-01
2.395300000000000207e+00,-4.100061194266343967e-01
2.394899999999999807e+00,-4.026048431543353123e-01
2.394499999999999851e+00,-3.982787767355457920e-01
2.394299999999999873e+00,-3.980233939700725809e-01
2.394000000000000128e+00,-4.003753082016270337e-01
2.393800000000000150e+00,-4.020000425230401131e-01
2.393699999999999939e+00,-4.001469097041163159e-01
2.393299999999999983e+00,-3.955959428312941784e-01
2.393100000000000005e+00,-3.928513803166943097e-01
2.392999999999999794e+00,-3.955946001923253963e-01
2.392700000000000049e+00,-3.929884918717641007e-01
2.392399999999999860e+00,-3.965143026683770056e-01
2.392100000000000115e+00,-4.063635472280421324e-01
2.391599999999999948e+00,-4.057197877267367248e-01
2.391300000000000203e+00,-4.063419121344990503e-01
2.391000000000000014e+00,-4.062750377799902446e-01
2.390499999999999847e+00,-4.043173671300271943e-01
2.390299999999999869e+00,-3.964574034226887034e-01
2.390099999999999891e+00,-3.970990258450774468e-01
2.389800000000000146e+00,-3.917445995048253748e-01
2.389699999999999935e+00,-3.912534963482032224e-01
2.389400000000000190e+00,-3.831641483906070844e-01
2.389100000000000001e+00,-3.811721828942716828e-01
2.388999999999999790e+00,-3.748456566108215871e-01
2.388900000000000023e+00,-3.733272542073491906e-01
2.388599999999999834e+00,-3.699674213216915808e-01
2.388500000000000068e+00,-3.711018114279338587e-01
2.388100000000000112e+00,-3.640098155902482535e-01
2.387900000000000134e+00,-3.658725176516625099e-01
2.387599999999999945e+00,-3.625623170104129711e-01
2.387399999999999967e+00,-3.636305061759103063e-01
2.386899999999999800e+00,-3.666379542991738405e-01
2.386699999999999822e+00,-3.702616530720791443e-01
2.386200000000000099e+00,-3.674446840344971488e-01
2.385899999999999910e+00,-3.669078706820035340e-01
2.385600000000000165e+00,-3.579578306956570644e-01
2.385499999999999954e+00,-3.524644163338269687e-01
2.385099999999999998e+00,-3.479056874021272949e-01
2.384900000000000020e+00,-3.487907267316329718e-01
2.384500000000000064e+00,-3.473797715731508640e-01
2.384300000000000086e+00,-3.512447367558495515e-01
2.383799999999999919e+00,-3.522640828271163538e-01
2.383599999999999941e+00,-3.511337447449201510e-01
2.383199999999999985e+00,-3.507999201819016477e-01
2.382899999999999796e+00,-3.525257550975913756e-01
2.382699999999999818e+00,-3.503987690528682086e-01
2.382299999999999862e+00,-3.462003651735072740e-01
2.381899999999999906e+00,-3.507196136048103541e-01
2.381800000000000139e+00,-3.560564238810209337e-01
2.381299999999999972e+00,-3.570735665340412646e-01
2.381099999999999994e+00,-3.571715471852899282e-01
2.380799999999999805e+00,-3.493907762255453742e-01
2.380599999999999827e+00,-3.380761443653578224e-01
2.380100000000000104e+00,-3.248960940992195456e-01
2.379799999999999915e+00,-3.151641889018781395e-01
2.379599999999999937e+00,-3.084235856906299422e-01
2.379399999999999959e+00,-3.156069304271774678e-01
2.379000000000000004e+00,-3.155434172224385048e-01
2.378800000000000026e+00,-3.184048602914834047e-01
2.378299999999999859e+00,-3.128355943122269611e-01
2.378099999999999881e+00,-3.104773720519203861e-01
2.377800000000000136e+00,-3.083729442749076899e-01
2.377600000000000158e+00,-3.145302392204735731e-01
2.377099999999999991e+00,-3.156480381675662028e-01
2.376999999999999780e+00,-3.231861755095994937e-01
2.376700000000000035e+00,-3.275727587659457707e-01
2.376199999999999868e+00,-3.276279134872740473e-01
2.375999999999999890e+00,-3.240495979232957402e-01
2.375599999999999934e+00,-3.161760446274922143e-01
2.375500000000000167e+00,-3.108731025498397971e-01
2.375300000000000189e+00,-3.085341663552290670e-01
2.374899999999999789e+00,-3.054448975061806459e-01
2.374800000000000022e+00,-3.036593214394370244e-01
2.374400000000000066e+00,-3.069048424444649759e-01
2.374299999999999855e+00,-3.117127944282995222e-01
2.374099999999999877e+00,-3.111720633572518935e-01
2.373699999999999921e+00,-3.051290942609422019e-01
2.373499999999999943e+00,-3.047372077248644007e-01
2.373400000000000176e+00,-3.040027816263775051e-01
2.373000000000000220e+00,-2.967604249009061501e-01
2.372700000000000031e+00,-2.978323039519013560e-01
2.372199999999999864e+00,-2.974245974905926904e-01
2.371999999999999886e+00,-2.896606283827977690e-01
2.371599999999999930e+00,-2.805573280933049696e-01
2.371399999999999952e+00,-2.817506609527775652e-01
2.370999999999999996e+00,-2.872215352237287855e-01
2.370699999999999807e+00,-2.930782348353668243e-01
2.370499999999999829e+00,-3.081494394113325486e-01
2.370000000000000107e+00,-3.284894888600646823e-01
2.369800000000000129e+00,-3.358668969632906398e-01
2.369400000000000173e+00,-3.249001294007134999e-01
2.369000000000000217e+00,-3.183465369180088489e-01
2.368599999999999817e+00,-3.048577412308097201e-01
2.368399999999999839e+00,-2.860070646239654124e-01
2.368100000000000094e+00,-2.786422386025134701e-01
2.367599999999999927e+00,-2.798242480813241673e-01
2.367399999999999949e+00,-2.834893355353230171e-01
2.367100000000000204e+00,-2.884268537109955233e-01
2.366800000000000015e+00,-2.933137225568075990e-01
2.366499999999999826e+00,-2.942396557392440437e-01
2.366400000000000059e+00,-3.030747355159921774e-01
2.366099999999999870e+00,-3.088098926177020309e-01
2.365800000000000125e+00,-3.111357834070532791e-01
2.365600000000000147e+00,-3.112504455023666350e-01
2.365200000000000191e+00,-3.162932125059819133e-01
2.365000000000000213e+00,-3.109066388955193938e-01
2.364799999999999791e+00,-3.067376437096945296e-01
2.364500000000000046e+00,-3.047248818642110391e-01
2.364100000000000090e+00,-3.047107695605763555e-01
2.363999999999999879e+00,-3.000185156989877977e-01
2.363500000000000156e+00,-3.006851845944318313e-01
2.363100000000000200e+00,-2.966061656033482374e-01
2.362999999999999989e+00,-2.887625643454172497e-01
2.362699999999999800e+00,-2.798511408556944580e-01
2.362400000000000055e+00,-2.668062814278892025e-01
2.361899999999999888e+00,-2.532627406748571008e-01
2.361699999999999910e+00,-2.515049042419238989e-01
2.361200000000000188e+00,-2.475924626032642573e-01
2.361000000000000210e+00,-2.466637852572943213e-01
2.360899999999999999e+00,-2.470183135111405082e-01
2.360500000000000043e+00,-2.507320167982173276e-01
2.360399999999999832e+00,-2.489206613899997145e-01
2.360100000000000087e+00,-2.436848435809559899e-01
2.359700000000000131e+00,-2.429285290794086227e-01
2.359500000000000153e+00,-2.429007686974206659e-01
2.358999999999999986e+00,-2.394157541508924458e-01
2.358800000000000008e+00,-2.348246339199666355e-01
2.358499999999999819e+00,-2.354412767894588088e-01
2.358200000000000074e+00,-2.290323897616903803e-01
2.357800000000000118e+00,-2.331135778199741881e-01
2.357699999999999907e+00,-2.361747713533826065e-01
2.357200000000000184e+00,-2.355454670129995542e-01
2.356700000000000017e+00,-2.406986386062000549e-01
2.356199999999999850e+00,-2.427919760490670764e-01
2.356100000000000083e+00,-2.378287091618201399e-01
2.355500000000000149e+00,-2.323910703844448977e-01
2.355199999999999960e+00,-2.328273878209052572e-01
2.354900000000000215e+00,-2.287793332593230089e-01
2.354699999999999793e+00,-2.272529471272158874e-01
2.354299999999999837e+00,-2.201982511927571551e-01
2.354099999999999859e+00,-2.151871206415664206e-01
2.353699999999999903e+00,-2.073318237781791307e-01
2.353600000000000136e+00,-1.963576930541759968e-01
2.353299999999999947e+00,-1.896371679624765938e-01
2.353099999999999969e+00,-1.950207882201771825e-01
2.353000000000000203e+00,-2.016299729433108923e-01
2.352399999999999824e+00,-2.079765067244769283e-01
2.352199999999999847e+00,-2.119946184611554985e-01
2.351599999999999913e+00,-2.145664300617476927e-01
2.351399999999999935e+00,-2.135673517761164375e-01
2.351199999999999957e+00,-2.078083101610724293e-01
2.350900000000000212e+00,-2.087774359228657950e-01
2.350699999999999790e+00,-2.145764993004803667e-01
2.350499999999999812e+00,-2.173759559608890168e-01
2.350299999999999834e+00,-2.081941637394403577e-01
2.350099999999999856e+00,-2.072586016499486372e-01
2.349600000000000133e+00,-2.032817865405596724e-01
2.349099999999999966e+00,-1.975987189073001027e-01
2.348800000000000221e+00,-1.979618943384955643e-01
2.348399999999999821e+00,-2.014438133736503600e-01
2.348100000000000076e+00,-2.038427254041907666e-01
2.347900000000000098e+00,-2.013410691963524457e-01
2.347599999999999909e+00,-2.084934714462887972e-01
2.347399999999999931e+00,-2.072402249952107200e-01
2.346999999999999975e+00,-2.082536259281636271e-01
2.346699999999999786e+00,-2.099894827122059104e-01
2.346499999999999808e+00,-2.086391203447776066e-01
2.346099999999999852e+00,-2.048173393645602303e-01
2.345600000000000129e+00,-2.004591563960992084e-01
2.345400000000000151e+00,-1.920706403680735586e-01
2.345299999999999940e+00,-1.783239250426580103e-01
2.345000000000000195e+00,-1.725397916285241751e-01
2.344800000000000217e+00,-1.608320534533367874e-01
2.344300000000000050e+00,-1.599761548128248723e-01
2.344100000000000072e+00,-1.685659359226213128e-01
2.343900000000000095e+00,-1.767243293629947865e-01
2.343399999999999928e+00,-1.832577768002586760e-01
2.343100000000000183e+00,-1.969963611957603056e-01
2.342799999999999994e+00,-1.999818190876345436e-01
2.342200000000000060e+00,-2.045344235553255008e-01
2.342000000000000082e+00,-2.063608849073131357e-01
2.341899999999999871e+00,-2.074279630197121416e-01
2.341400000000000148e+00,-2.027284933477785378e-01
2.341099999999999959e+00,-2.009732639444895552e-01
2.340899999999999981e+00,-1.950633074508221487e-01
2.340800000000000214e+00,-1.929348422436728550e-01
2.340199999999999836e+00,-1.899858160022206699e-01
2.339999999999999858e+00,-1.803383805962319175e-01
2.339799999999999880e+00,-1.765783090292102342e-01
2.339300000000000157e+00,-1.731483249654916512e-01
2.339100000000000179e+00,-1.703680645017551787e-01
2.338900000000000201e+00,-1.670079342455578486e-01
2.338499999999999801e+00,-1.705242099743919937e-01
2.338299999999999823e+00,-1.702974812317885611e-01
2.338000000000000078e+00,-1.683376891232438444e-01
2.337499999999999911e+00,-1.650940622478692943e-01
2.337200000000000166e+00,-1.583197674793773435e-01
2.336899999999999977e+00,-1.513290091001168181e-01
2.336699999999999999e+00,-1.460906971967236845e-01
2.336500000000000021e+00,-1.390112093375451829e-01
2.336199999999999832e+00,-1.358169110800798440e-01
2.335900000000000087e+00,-1.343648758642990437e-01
2.335500000000000131e+00,-1.342838241223837104e-01
2.335300000000000153e+00,-1.348608356672043040e-01
2.335100000000000176e+00,-1.398948185540611067e-01
2.334400000000000031e+00,-1.361065470823364099e-01
2.333699999999999886e+00,-1.393215880044884059e-01
2.333499999999999908e+00,-1.425413552821625240e-01
2.333200000000000163e+00,-1.443841653763454358e-01
2.332899999999999974e+00,-1.363956236802472410e-01
2.332699999999999996e+00,-1.383560662352941173e-01
2.332399999999999807e+00,-1.402976579364858534e-01
2.332199999999999829e+00,-1.396315524761996274e-01
2.331700000000000106e+00,-1.366047134858729972e-01
2.331500000000000128e+00,-1.414098710808206205e-01
2.330999999999999961e+00,-1.403428724705124142e-01
2.330799999999999983e+00,-1.340150597854781189e-01
2.330600000000000005e+00,-1.308841080716309502e-01
2.330200000000000049e+00,-1.298918416552627408e-01
2.330000000000000071e+00,-1.299861656267348731e-01
2.329600000000000115e+00,-1.348419095139120893e-01
2.329400000000000137e+00,-1.412330072606773623e-01
2.329099999999999948e+00,-1.449679762125302418e-01
2.328500000000000014e+00,-1.437279890028827500e-01
2.328300000000000036e+00,-1.446481201085660917e-01
2.328100000000000058e+00,-1.357764237798053109e-01
2.327700000000000102e+00,-1.301143528341374145e-01
2.327500000000000124e+00,-1.296896571618272043e-01
2.327399999999999913e+00,-1.293295418889650605e-01
2.327100000000000168e+00,-1.342537519098684073e-01
2.326799999999999979e+00,-1.402635456991974394e-01
2.326400000000000023e+00,-1.412216720456191121e-01
2.326099999999999834e+00,-1.445804552170810442e-01
2.325600000000000112e+00,-1.476340624456499717e-01
2.325099999999999945e+00,-1.408255375950645538e-01
2.324699999999999989e+00,-1.418856927980562954e-01
2.324500000000000011e+00,-1.401183187052772172e-01
2.323999999999999844e+00,-1.324146872009982767e-01
2.323700000000000099e+00,-1.265675299698485190e-01
2.323300000000000143e+00,-1.248228447122203683e-01
2.323100000000000165e+00,-1.186162966853535061e-01
2.322799999999999976e+00,-1.247391432171798126e-01
2.322400000000000020e+00,-1.345101016921295134e-01
2.322200000000000042e+00,-1.461688707791747588e-01
2.322099999999999831e+00,-1.531944730364612761e-01
2.321600000000000108e+00,-1.629699096492888410e-01
2.321400000000000130e+00,-1.626694519482693724e-01
2.321000000000000174e+00,-1.508884192660992773e-01
2.320800000000000196e+00,-1.424974662609430620e-01
2.320399999999999796e+00,-1.369131142833073800e-01
2.320199999999999818e+00,-1.334678479937045914e-01
2.319799999999999862e+00,-1.299529894318618428e-01
2.319700000000000095e+00,-1.331815339942423737e-01
2.319300000000000139e+00,-1.284591544196965751e-01
2.318999999999999950e+00,-1.181540493376108808e-01
2.318599999999999994e+00,-1.021926229706047323e-01
2.318400000000000016e+00,-9.048296197991689827e-02
2.317800000000000082e+00,-8.062595492738973413e-02
2.317499999999999893e+00,-7.961482716289586259e-02
2.317000000000000171e+00,-8.590333816234353714e-02
2.316699999999999982e+00,-9.245399749248199572e-02
2.316300000000000026e+00,-9.429249978752135553e-02
2.315999999999999837e+00,-9.582951760968812238e-02
2.315599999999999881e+00,-9.228331489148644540e-02
2.315100000000000158e+00,-8.845977231484479508e-02
2.314900000000000180e+00,-8.570492658656336804e-02
2.314700000000000202e+00,-8.337737126557456802e-02
2.314400000000000013e+00,-8.649016587048023730e-02
2.314000000000000057e+00,-8.904792428461927312e-02
2.313699999999999868e+00,-8.731332443136910482e-02
2.313400000000000123e+00,-8.685600144903851683e-02
2.313099999999999934e+00,-9.494519676762201710e-02
2.312600000000000211e+00,-9.387190988257770874e-02
2.312399999999999789e+00,-9.913609945778188715e-02
2.311999999999999833e+00,-1.034303220716693839e-01
2.311700000000000088e+00,-1.030389671206540375e-01
2.311599999999999877e+00,-9.108272223910807153e-02
2.311300000000000132e+00,-8.502345085991531992e-02
2.310999999999999943e+00,-7.388753687302324069e-02
2.310700000000000198e+00,-6.422564115971668430e-02
2.310400000000000009e+00,-5.574613722057055604e-02
2.309800000000000075e+00,-5.068487571889532251e-02
2.309699999999999864e+00,-4.485796532605744458e-02
2.309400000000000119e+00,-4.110886838191298714e-02
2.309000000000000163e+00,-4.029894706750525302e-02
2.308800000000000185e+00,-4.644505888322381093e-02
2.308300000000000018e+00,-5.116238612356754228e-02
2.308100000000000041e+00,-5.237068704096178168e-02
2.307700000000000085e+00,-5.195209407303499199e-02
2.307500000000000107e+00,-5.023806849914828204e-02
2.307199999999999918e+00,-4.783627582435195924e-02
2.306799999999999962e+00,-5.206925751321742069e-02
2.306500000000000217e+00,-5.086056459770504912e-02
2.306000000000000050e+00,-5.115145630556192091e-02
2.305800000000000072e+00,-5.041606117747027965e-02
2.305299999999999905e+00,-4.542044171582791667e-02
2.305000000000000160e+00,-3.667875795955441443e-02
2.304800000000000182e+00,-3.650639466317565085e-02
2.304300000000000015e+00,-3.740063981107197288e-02
2.304100000000000037e+00,-3.403046537890634660e-02
2.303599999999999870e+00,-3.047789521468110413e-02
2.303300000000000125e+00,-2.956897738123558800e-02
2.302999999999999936e+00,-2.757164131717688635e-02
2.302500000000000213e+00,-2.578242035079073360e-02
2.302200000000000024e+00,-2.977949349839553728e-02
2.301800000000000068e+00,-3.685812330827400313e-02
2.301699999999999857e+00,-3.870590732141580143e-02
2.301499999999999879e+00,-3.432378687757628444e-02
2.301099999999999923e+00,-3.128560740025390641e-02
2.300899999999999945e+00,-2.306131740136690977e-02
2.300800000000000178e+00,-9.501399666385221959e-03
2.299700000000000077e+00,0.000000000000000000e+00
2.299199999999999910e+00,-7.392461405138183762e-03
2.298900000000000166e+00,-1.266249063868248211e-02
2.298599999999999977e+00,-1.981822514795707202e-02
2.298399999999999999e+00,-3.016902635606662914e-02
2.298000000000000043e+00,-2.942331551319954386e-02
2.297899999999999832e+00,-2.457841690192343054e-02
2.297600000000000087e+00,-1.596047927638820016e-02
2.297099999999999920e+00,-1.344299103882631852e-02
2.296800000000000175e+00,-5.585346617136592411e-03
2.296499999999999986e+00,-6.541366126648561277e-03
2.296300000000000008e+00,1.706585424487322943e-03
2.296100000000000030e+00,7.946040623992079929e-03
2.295799999999999841e+00,1.508652771556328286e-02
2.295700000000000074e+00,7.233802661599265070e-03
2.295500000000000096e+00,1.718812103791745281e-03
2.295199999999999907e+00,-3.547941209037268166e-03
2.294599999999999973e+00,-1.207732861201876728e-02
2.294399999999999995e+00,-1.477958744538349078e-02
2.294200000000000017e+00,-1.040475052413087145e-02
2.293600000000000083e+00,-6.700458487444299616e-03
2.293299999999999894e+00,-6.204417592556925667e-03
2.293000000000000149e+00,2.729237684046083474e-03
2.292699999999999960e+00,4.759173746413103423e-03
2.292100000000000026e+00,5.412553332265201966e-03
2.291999999999999815e+00,3.324080388566426521e-03
2.291599999999999859e+00,3.840130952045929698e-03
2.291500000000000092e+00,2.293009660949625259e-03
2.291300000000000114e+00,4.509708636732390197e-03
2.291100000000000136e+00,1.883963840852117102e-03
2.290700000000000180e+00,7.018221212535498583e-03
2.290399999999999991e+00,7.328555845509399091e-03
2.289899999999999824e+00,4.374573837045388387e-03
2.289699999999999847e+00,-9.073992685015174918e-04
2.289400000000000102e+00,6.248519127966740624e-03
2.289200000000000124e+00,4.196395876777321218e-03
2.289099999999999913e+00,5.123789295279036152e-04
2.288899999999999935e+00,2.727001411906361181e-03
2.288699999999999957e+00,9.468601847063863597e-03
2.288400000000000212e+00,4.767885746822482680e-03
2.287799999999999834e+00,8.258861397548289797e-04
2.287599999999999856e+00,7.407105881949982429e-03
2.287399999999999878e+00,6.452426503066112026e-03
2.287100000000000133e+00,1.611386471860077295e-03
2.286799999999999944e+00,4.974976511359360115e-03
2.286500000000000199e+00,1.552846969277852512e-02
2.286300000000000221e+00,1.433929934263621607e-02
2.285800000000000054e+00,1.209212906867776147e-02
2.285499999999999865e+00,2.240786175680693770e-02
2.285299999999999887e+00,2.909683239335495580e-02
2.284899999999999931e+00,2.827285147825878836e-02
2.284600000000000186e+00,3.428922216195548489e-02
2.284199999999999786e+00,3.989261576407495541e-02
2.283900000000000041e+00,3.360665350227168974e-02
2.283300000000000107e+00,2.486720608270435312e-02
2.282999999999999918e+00,1.692791432408517760e-02
2.282900000000000151e+00,5.493053095301338347e-03
2.282500000000000195e+00,4.078920799784887391e-03
2.282300000000000217e+00,7.909017711721502003e-03
2.281800000000000050e+00,1.457371467825110609e-02
2.281699999999999839e+00,1.427046133444315884e-02
2.281299999999999883e+00,2.136346934623202520e-02
2.281000000000000139e+00,2.177693858209511779e-02
2.280699999999999950e+00,1.823972029565974762e-02
2.280400000000000205e+00,1.712160641013593318e-02
2.280199999999999783e+00,2.690767399001623567e-02
2.279700000000000060e+00,2.701002237526936231e-02
2.279399999999999871e+00,3.341283598560021439e-02
2.279199999999999893e+00,4.277123184730231842e-02
2.278900000000000148e+00,5.798649230717378700e-02
2.278599999999999959e+00,6.108483278808793382e-02
2.278200000000000003e+00,7.273757184433567169e-02
2.278000000000000025e+00,8.089881497532286359e-02
2.277800000000000047e+00,7.918577775052615397e-02
2.277299999999999880e+00,7.245466778245740480e-02
2.277000000000000135e+00,7.280853011262466978e-02
2.276699999999999946e+00,6.732073031629967619e-02
2.276499999999999968e+00,5.025123080381478646e-02
2.276100000000000012e+00,4.171326164027086558e-02
2.275999999999999801e+00,4.031340526051634121e-02
2.275700000000000056e+00,4.269775182391702395e-02
2.275399999999999867e+00,4.795077618822973786e-02
2.275199999999999889e+00,6.161360357404697258e-02
2.274799999999999933e+00,6.723529908669183264e-02
2.274500000000000188e+00,6.759313467538666242e-02
2.273800000000000043e+00,6.435848850825529044e-02
2.273600000000000065e+00,6.364984229050726916e-02
2.273200000000000109e+00,6.078482449463708942e-02
2.272800000000000153e+00,6.417745486037379488e-02
2.272600000000000176e+00,6.482870231656205628e-02
2.272400000000000198e+00,6.894655865046658838e-02
2.272100000000000009e+00,7.230956608648628214e-02
2.271900000000000031e+00,7.525789801799909196e-02
2.271500000000000075e+00,7.266390715505662012e-02
2.271300000000000097e+00,6.373295274591739279e-02
2.270999999999999908e+00,5.522423740357898514e-02
2.270599999999999952e+00,4.547196382280817989e-02
2.270399999999999974e+00,4.446411701712615905e-02
2.269800000000000040e+00,4.578477071831569406e-02
2.269699999999999829e+00,5.392869468281991097e-02
2.269400000000000084e+00,6.077848394629027651e-02
2.268899999999999917e+00,5.990562124975902514e-02
2.268699999999999939e+00,5.283727447576169051e-02
2.268400000000000194e+00,5.365332669707997826e-02
2.267900000000000027e+00,5.439973137759068766e-02
2.267799999999999816e+00,5.403223109474660640e-02
2.267500000000000071e+00,6.254940515405822687e-02
2.266999999999999904e+00,7.108008594988039774e-02
2.266799999999999926e+00,7.344304856897826417e-02
2.266599999999999948e+00,7.592959106090406418e-02
2.266199999999999992e+00,7.450648698933980130e-02
2.265899999999999803e+00,7.183000878272297052e-02
2.265499999999999847e+00,7.532138914086175530e-02
2.265299999999999869e+00,7.743481506493700428e-02
2.265000000000000124e+00,7.466009887241449594e-02
2.264400000000000190e+00,7.567043329052156042e-02
2.264200000000000212e+00,7.188991275617132026e-02
2.263999999999999790e+00,6.704166428507865594e-02
2.263500000000000068e+00,6.905876903173110981e-02
2.263300000000000090e+00,7.731984819110360174e-02
2.262799999999999923e+00,8.712886070488826129e-02
2.262599999999999945e+00,1.000687824581625585e-01
2.262199999999999989e+00,1.028453562013955103e-01
2.262000000000000011e+00,1.052402015154497578e-01
2.261299999999999866e+00,1.006038350397781694e-01
2.261099999999999888e+00,9.271702732361826460e-02
2.260699999999999932e+00,8.974023228152182285e-02
2.260400000000000187e+00,9.490841276160746909e-02
2.259999999999999787e+00,9.079862969071594847e-02
2.259799999999999809e+00,9.064925989631808512e-02
2.259300000000000086e+00,8.924219098038764508e-02
2.259100000000000108e+00,8.779799133181931392e-02
2.258799999999999919e+00,8.764954078612638422e-02
2.258300000000000196e+00,8.231603442558989292e-02
2.258199999999999985e+00,7.922013101910665989e-02
2.257899999999999796e+00,8.054263818297473232e-02
2.257499999999999840e+00,8.314955119412974216e-02
2.257200000000000095e+00,8.545797471892768726e-02
2.256800000000000139e+00,9.877496883525796467e-02
2.256600000000000161e+00,1.115601331955555497e-01
2.256200000000000205e+00,1.198287573900454206e-01
2.255900000000000016e+00,1.275018982321504957e-01
2.255799999999999805e+00,1.316131581177022447e-01
2.255300000000000082e+00,1.330424021626225584e-01
2.255100000000000104e+00,1.385637050209907739e-01
2.254900000000000126e+00,1.466498071624883770e-01
2.254399999999999959e+00,1.510071142968133218e-01
2.254199999999999982e+00,1.560888082291836954e-01
2.253800000000000026e+00,1.633035191103346939e-01
2.253400000000000070e+00,1.691402730144911937e-01
2.253200000000000092e+00,1.689706004875599354e-01
2.253000000000000114e+00,1.631266683505168957e-01
2.252699999999999925e+00,1.592635814750068268e-01
2.252299999999999969e+00,1.536899539122950076e-01
2.251799999999999802e+00,1.410879678023259920e-01
2.251599999999999824e+00,1.311590083603875190e-01
2.251100000000000101e+00,1.243311588294480907e-01
2.250799999999999912e+00,1.190998670844851531e-01
2.250599999999999934e+00,1.217177659057836620e-01
2.250100000000000211e+00,1.309291514420274638e-01
2.249800000000000022e+00,1.456411773782112506e-01
2.249600000000000044e+00,1.595217201996040890e-01
2.249200000000000088e+00,1.666687427936616728e-01
2.248899999999999899e+00,1.627480098178106238e-01
2.248699999999999921e+00,1.553204509333745431e-01
2.248299999999999965e+00,1.490665652558594012e-01
2.248099999999999987e+00,1.485394582489280302e-01
2.247900000000000009e+00,1.529248204498041552e-01
2.247500000000000053e+00,1.630580586010379196e-01
2.247300000000000075e+00,1.762736448266030431e-01
2.246900000000000119e+00,1.817729835619856515e-01
2.246700000000000141e+00,1.834584562150458342e-01
2.246300000000000185e+00,1.827329334564212204e-01
2.245999999999999996e+00,1.780301064292604263e-01
2.245800000000000018e+00,1.694378425938677935e-01
2.245400000000000063e+00,1.609173278515828309e-01
2.245200000000000085e+00,1.570840861193045779e-01
2.244699999999999918e+00,1.557970097726403269e-01
2.244400000000000173e+00,1.525210601440591951e-01
2.244099999999999984e+00,1.507122438001128051e-01
2.243900000000000006e+00,1.573578116521348325e-01
2.243300000000000072e+00,1.561011342299939986e-01
2.243100000000000094e+00,1.506743943898923299e-01
2.242599999999999927e+00,1.508544885600594798e-01
2.242300000000000182e+00,1.509028224036015053e-01
2.241899999999999782e+00,1.494653026906136162e-01
2.241699999999999804e+00,1.472940424326366071e-01
2.241400000000000059e+00,1.484653593748080924e-01
2.241099999999999870e+00,1.530139621996885468e-01
2.240499999999999936e+00,1.564158313734597960e-01
2.240099999999999980e+00,1.543347730839987608e-01
2.239799999999999791e+00,1.546859577599217217e-01
2.239300000000000068e+00,1.595327029454800261e-01
2.239100000000000090e+00,1.639353852500407271e-01
2.238700000000000134e+00,1.713564322511004767e-01
2.238599999999999923e+00,1.819038137253897736e-01
2.237999999999999989e+00,1.874474683982546575e-01
2.237800000000000011e+00,1.833166235467275085e-01
2.237299999999999844e+00,1.815167404531533302e-01
2.237000000000000099e+00,1.784620272755367554e-01
2.236499999999999932e+00,1.724246396538411941e-01
2.236299999999999955e+00,1.762884189330204687e-01
2.236099999999999977e+00,1.847172358034750161e-01
2.235799999999999788e+00,1.841492408074553722e-01
2.235599999999999810e+00,1.853290408161332170e-01
2.235199999999999854e+00,1.926585860042782095e-01
2.234700000000000131e+00,1.944895524643754370e-01
2.234500000000000153e+00,1.995669704383737642e-01
2.233900000000000219e+00,2.053027269394853971e-01
2.233699999999999797e+00,2.091445135461203475e-01
2.233400000000000052e+00,2.092458003944211442e-01
2.233000000000000096e+00,2.102458547806329847e-01
2.232800000000000118e+00,2.056401456721966559e-01
2.232299999999999951e+00,2.009320121956412741e-01
2.232099999999999973e+00,1.958693317555444957e-01
2.231599999999999806e+00,1.952446677844395240e-01
2.231399999999999828e+00,1.957479824225318299e-01
2.230999999999999872e+00,1.938821478039352564e-01
2.230799999999999894e+00,1.982206648988918407e-01
2.230300000000000171e+00,2.053995838435102583e-01
2.230100000000000193e+00,2.070325813643797419e-01
2.229600000000000026e+00,2.067940762672665633e-01
2.229400000000000048e+00,2.053635494910291404e-01
2.228899999999999881e+00,2.044952201647396162e-01
2.228800000000000114e+00,2.001517673771643913e-01
2.228200000000000180e+00,1.922182096127101891e-01
2.227799999999999780e+00,1.878117173716338517e-01
2.227500000000000036e+00,1.895146720034407983e-01
2.227300000000000058e+00,1.832229119592791999e-01
2.226799999999999891e+00,1.795977323560197236e-01
2.226599999999999913e+00,1.785890569294332209e-01
2.226199999999999957e+00,1.792420072457835689e-01
2.225999999999999979e+00,1.808172756255500557e-01
2.225400000000000045e+00,1.839084901020943685e-01
2.225200000000000067e+00,1.857278365823175625e-01
2.224699999999999900e+00,1.949682498648270812e-01
2.224499999999999922e+00,2.013551183804516143e-01
2.224099999999999966e+00,2.093217398580969335e-01
2.223899999999999988e+00,2.206041850902515089e-01
2.223599999999999799e+00,2.268565400385773867e-01
2.223399999999999821e+00,2.289481814739259269e-01
2.222999999999999865e+00,2.314536670658396966e-01
2.222799999999999887e+00,2.263202192741982366e-01
2.222300000000000164e+00,2.195148197448905936e-01
2.221999999999999975e+00,2.172882070189571524e-01
2.221600000000000019e+00,2.182322155742412728e-01
2.221200000000000063e+00,2.154306531815426695e-01
2.221000000000000085e+00,2.175077287063127696e-01
2.220499999999999918e+00,2.182391299367266169e-01
2.220000000000000195e+00,2.181212333741966991e-01
2.219800000000000217e+00,2.193925250450028674e-01
2.219199999999999839e+00,2.211289250012884178e-01
2.218900000000000095e+00,2.182082897140246447e-01
2.218500000000000139e+00,2.207246515380409391e-01
2.218399999999999928e+00,2.163625653155664963e-01
2.218100000000000183e+00,2.127065250879384695e-01
2.217600000000000016e+00,2.096863326024254182e-01
2.217299999999999827e+00,2.068748649376208892e-01
2.217099999999999849e+00,2.069233724093928750e-01
2.216800000000000104e+00,2.166616060130487076e-01
2.216400000000000148e+00,2.147940175161942578e-01
2.216200000000000170e+00,2.138856078384710480e-01
2.215800000000000214e+00,2.177468424238889200e-01
2.215399999999999814e+00,2.194834709010052842e-01
2.215100000000000069e+00,2.130098953358021407e-01
2.214799999999999880e+00,2.224834427317670393e-01
2.214300000000000157e+00,2.303583658566991099e-01
2.214100000000000179e+00,2.345850455389917322e-01
2.213999999999999968e+00,2.299487632647854718e-01
2.213600000000000012e+00,2.308879604159819188e-01
2.213299999999999823e+00,2.159312082180946668e-01
2.212899999999999867e+00,2.097917314832638269e-01
2.212499999999999911e+00,2.124085523219111926e-01
2.212200000000000166e+00,2.175455872710508887e-01
2.211699999999999999e+00,2.276203072496333912e-01
2.211399999999999810e+00,2.502906578568179774e-01
2.211199999999999832e+00,2.609726056005194361e-01
2.210999999999999854e+00,2.591749344079374295e-01
2.210399999999999920e+00,2.643457571890884261e-01
2.210199999999999942e+00,2.634816326264021180e-01
2.209700000000000220e+00,2.573839059317670763e-01
2.209400000000000031e+00,2.515286521464003555e-01
2.209200000000000053e+00,2.548598654171682631e-01
2.208800000000000097e+00,2.525436685108656820e-01
2.208600000000000119e+00,2.513136752788949213e-01
2.208400000000000141e+00,2.470049092860236439e-01
2.208000000000000185e+00,2.530719002896698044e-01
2.207800000000000207e+00,2.555653196882786138e-01
2.207599999999999785e+00,2.607446479056114708e-01
2.207100000000000062e+00,2.627216067304858349e-01
2.206900000000000084e+00,2.712649794969247963e-01
2.206599999999999895e+00,2.689461751398219969e-01
2.206199999999999939e+00,2.663380164164703134e-01
2.205799999999999983e+00,2.634989699201035207e-01
2.205600000000000005e+00,2.655352679763537393e-01
2.205299999999999816e+00,2.629063289631174971e-01
2.205099999999999838e+00,2.651924927042290103e-01
2.204699999999999882e+00,2.730576860159733554e-01
2.204299999999999926e+00,2.754507765558718013e-01
2.204000000000000181e+00,2.708044036924678877e-01
2.203599999999999781e+00,2.666157807303116689e-01
2.203300000000000036e+00,2.662257559771751270e-01
2.203100000000000058e+00,2.547114774975601792e-01
2.202700000000000102e+00,2.415965516806665991e-01
2.202500000000000124e+00,2.413585194347908913e-01
2.202300000000000146e+00,2.402261979228202671e-01
2.202100000000000168e+00,2.390937806445378733e-01
2.201900000000000190e+00,2.429610718842484807e-01
2.201600000000000001e+00,2.552606965865352184e-01
2.201400000000000023e+00,2.579545886918777620e-01
2.200899999999999856e+00,2.600538436305436796e-01
2.200699999999999878e+00,2.592230018178682815e-01
2.200299999999999923e+00,2.589465106941913342e-01
2.200000000000000178e+00,2.544946190570496203e-01
2.199899999999999967e+00,2.542961591518734243e-01
2.199500000000000011e+00,2.599865515610228495e-01
2.199399999999999800e+00,2.660021794757828628e-01
2.199100000000000055e+00,2.723727356456276949e-01
2.198700000000000099e+00,2.748495358186748838e-01
2.198500000000000121e+00,2.762707661371072709e-01
2.198199999999999932e+00,2.770195964558325730e-01
2.197799999999999976e+00,2.775027374953346060e-01
2.197499999999999787e+00,2.755203681358703860e-01
2.197400000000000020e+00,2.767877007877478923e-01
2.196800000000000086e+00,2.801010566751139241e-01
2.196600000000000108e+00,2.796351737976988105e-01
2.196299999999999919e+00,2.829053571147544521e-01
2.196000000000000174e+00,2.867572731415913845e-01
2.195699999999999985e+00,2.904072568444063251e-01
2.195500000000000007e+00,2.979892697340530971e-01
2.195199999999999818e+00,3.033690755803106764e-01
2.194999999999999840e+00,3.065644503162310852e-01
2.194799999999999862e+00,3.079612367223178437e-01
2.194300000000000139e+00,3.106866562373883922e-01
2.194100000000000161e+00,3.064179564650493792e-01
2.193799999999999972e+00,2.972423853593587073e-01
2.193299999999999805e+00,2.838301264460747486e-01
2.193099999999999827e+00,2.744387838546012426e-01
2.192899999999999849e+00,2.692205937419521189e-01
2.192499999999999893e+00,2.607547244228015093e-01
2.192200000000000149e+00,2.626542567136028739e-01
2.191800000000000193e+00,2.623841382025718927e-01
2.191600000000000215e+00,2.650770366335876149e-01
2.191199999999999815e+00,2.657870300997942081e-01
2.190999999999999837e+00,2.739242694878297191e-01
2.190599999999999881e+00,2.746607402178206647e-01
2.190300000000000136e+00,2.822163921997745129e-01
2.189999999999999947e+00,2.885983437143566088e-01
2.189900000000000180e+00,2.935118164491477000e-01
2.189299999999999802e+00,2.896710182357515873e-01
2.189099999999999824e+00,2.946737099547570571e-01
2.188600000000000101e+00,2.950225367401651533e-01
2.188400000000000123e+00,2.932557044285634129e-01
2.188099999999999934e+00,2.992654119517851874e-01
2.187800000000000189e+00,3.104669461799839936e-01
2.187399999999999789e+00,3.199604986162120079e-01
2.186900000000000066e+00,3.258909284193160505e-01
2.186799999999999855e+00,3.285883899965813537e-01
2.186599999999999877e+00,3.305102221577010946e-01
2.186100000000000154e+00,3.289059676568965584e-01
2.185799999999999965e+00,3.168734867686416323e-01
2.185500000000000220e+00,3.091883318246876899e-01
2.185099999999999820e+00,3.089996583686971943e-01
2.184800000000000075e+00,3.069218562667259675e-01
2.184299999999999908e+00,3.111214519028321912e-01
2.184200000000000141e+00,3.236141348738827972e-01
2.184000000000000163e+00,3.376472977743503190e-01
2.183600000000000207e+00,3.447495743448548144e-01
2.183499999999999996e+00,3.490331165967309746e-01
2.183300000000000018e+00,3.470279936022835909e-01
2.182799999999999851e+00,3.405024038346041726e-01
2.182500000000000107e+00,3.318446491362356809e-01
2.181999999999999940e+00,3.241422637110040195e-01
2.181799999999999962e+00,3.153615220659669593e-01
2.181400000000000006e+00,3.180347412743909641e-01
2.181099999999999817e+00,3.224465257448475008e-01
2.180699999999999861e+00,3.257677256538957788e-01
2.180600000000000094e+00,3.265392970499062519e-01
2.180200000000000138e+00,3.238096933577336856e-01
2.179899999999999949e+00,3.120140453429648963e-01
2.179600000000000204e+00,3.048200627948916552e-01
2.179399999999999782e+00,3.087281023697943660e-01
2.178900000000000059e+00,3.131502910669327067e-01
2.178599999999999870e+00,3.172603423719916327e-01
2.178199999999999914e+00,3.226866868620559270e-01
2.177900000000000169e+00,3.193714496466799613e-01
2.177599999999999980e+00,3.062153287688302306e-01
2.177200000000000024e+00,2.930850984114373170e-01
2.177099999999999813e+00,2.892064842994341856e-01
2.176600000000000090e+00,2.881659004020862835e-01
2.176299999999999901e+00,2.917031574673976113e-01
2.175899999999999945e+00,2.946330584378473727e-01
2.175600000000000200e+00,3.064324677837585442e-01
2.175399999999999778e+00,3.118309079653756588e-01
2.174999999999999822e+00,3.172262024594975083e-01
2.174700000000000077e+00,3.216573269999856710e-01
2.174500000000000099e+00,3.218173791506851456e-01
2.174100000000000144e+00,3.207798940070213933e-01
2.173999999999999932e+00,3.205824896905171140e-01
2.173799999999999955e+00,3.183150748130303964e-01
2.173299999999999788e+00,3.159392501704550438e-01
2.173099999999999810e+00,3.205669007824361039e-01
2.172899999999999832e+00,3.171537980334663831e-01
2.172400000000000109e+00,3.202099734747957394e-01
2.172200000000000131e+00,3.196764945735329211e-01
2.171699999999999964e+00,3.230223802294652224e-01
2.171499999999999986e+00,3.208896772568041178e-01
2.171199999999999797e+00,3.263622820891959320e-01
2.171100000000000030e+00,3.232405801456215144e-01
2.170900000000000052e+00,3.176180378888435740e-01
2.170500000000000096e+00,3.121375239015233838e-01
2.170199999999999907e+00,3.157026828978434785e-01
2.169799999999999951e+00,3.157354128574541563e-01
2.169500000000000206e+00,3.138298501463230306e-01
2.169299999999999784e+00,3.195828512889478668e-01
2.168899999999999828e+00,3.226864694864246541e-01
2.168600000000000083e+00,3.261771452437584040e-01
2.168400000000000105e+00,3.329804355013330497e-01
2.167899999999999938e+00,3.409357269062303075e-01
2.167800000000000171e+00,3.435659856007924895e-01
2.167199999999999793e+00,3.530122905634828778e-01
2.166999999999999815e+00,3.582594102188864094e-01
2.166500000000000092e+00,3.639280472693406931e-01
2.166300000000000114e+00,3.674541513699545181e-01
2.166100000000000136e+00,3.711265310109638227e-01
2.165599999999999969e+00,3.671795702373318870e-01
2.165299999999999780e+00,3.565207181471103381e-01
2.165099999999999802e+00,3.499050986135663899e-01
2.164800000000000058e+00,3.451661324418293653e-01
2.164600000000000080e+00,3.367397310873738725e-01
2.164400000000000102e+00,3.393443529313075469e-01
2.164099999999999913e+00,3.548371765583341886e-01
2.164000000000000146e+00,3.623055365543220718e-01
2.163400000000000212e+00,3.698389882342627000e-01
2.163300000000000001e+00,3.808084277083165770e-01
2.162900000000000045e+00,3.858569004247178191e-01
2.162700000000000067e+00,3.865122073058724350e-01
2.162399999999999878e+00,3.807547727866650855e-01
2.161900000000000155e+00,3.792379912145525389e-01
2.161700000000000177e+00,3.737759992749473126e-01
2.161200000000000010e+00,3.630315855362998834e-01
2.161000000000000032e+00,3.536014188273983727e-01
2.160699999999999843e+00,3.470167752732400968e-01
2.160499999999999865e+00,3.447876315935267111e-01
2.160000000000000142e+00,3.496286627221665833e-01
2.159800000000000164e+00,3.502294320283442786e-01
2.159600000000000186e+00,3.537126442576532526e-01
2.159100000000000019e+00,3.598834773671511500e-01
2.158799999999999830e+00,3.606644071105572502e-01
2.158500000000000085e+00,3.601903003232210243e-01
2.158300000000000107e+00,3.675995047912328784e-01
2.157799999999999940e+00,3.729698652347319121e-01
2.157599999999999962e+00,3.807688951931731403e-01
2.157200000000000006e+00,3.896622459672108296e-01
2.156899999999999817e+00,4.003284536375357749e-01
2.156600000000000072e+00,4.041430311644070850e-01
2.156400000000000095e+00,4.073588048188886979e-01
2.155899999999999928e+00,4.068396158074181757e-01
2.155699999999999950e+00,3.996549497810309992e-01
2.155499999999999972e+00,3.858700218519264813e-01
2.154999999999999805e+00,3.746121167723729939e-01
2.154799999999999827e+00,3.649985493635322653e-01
2.154300000000000104e+00,3.613684631194672980e-01
2.154100000000000126e+00,3.574976687072475845e-01
2.153700000000000170e+00,3.557132682524555833e-01
2.153500000000000192e+00,3.605212223971310248e-01
2.153000000000000025e+00,3.605571765678828311e-01
2.152800000000000047e+00,3.655783799489873975e-01
2.152400000000000091e+00,3.691659467211852452e-01
2.152099999999999902e+00,3.733800411021004351e-01
2.151600000000000179e+00,3.698930427092559925e-01
2.151400000000000201e+00,3.729627356498581014e-01
2.151100000000000012e+00,3.665288574357384310e-01
2.150999999999999801e+00,3.619235816226460400e-01
2.150599999999999845e+00,3.584728915496590562e-01
2.150399999999999867e+00,3.549116517038987118e-01
2.149900000000000144e+00,3.461631583083492059e-01
2.149700000000000166e+00,3.400571303655009481e-01
2.149399999999999977e+00,3.433839056495372466e-01
2.149000000000000021e+00,3.440981212046376747e-01
2.148600000000000065e+00,3.459550037913928233e-01
2.148400000000000087e+00,3.458893839587696140e-01
2.148099999999999898e+00,3.479115839242347685e-01
2.147899999999999920e+00,3.505867859379327989e-01
2.147699999999999942e+00,3.599514448243343878e-01
2.147299999999999986e+00,3.651386511454094430e-01
2.146999999999999797e+00,3.660100747900769114e-01
2.146799999999999820e+00,3.681387960713726204e-01
2.146199999999999886e+00,3.651818369460395064e-01
2.145999999999999908e+00,3.610861237622956521e-01
2.145500000000000185e+00,3.643538343079886221e-01
2.145300000000000207e+00,3.772657644570548974e-01
2.145000000000000018e+00,3.842784520223518907e-01
2.144800000000000040e+00,3.881357458439955721e-01
2.144299999999999873e+00,3.867270745077853733e-01
2.144200000000000106e+00,3.876402133192597965e-01
2.143899999999999917e+00,3.814107892395267041e-01
2.143600000000000172e+00,3.724091128735202427e-01
2.143200000000000216e+00,3.634389200979359913e-01
2.142900000000000027e+00,3.583358804950046994e-01
2.142500000000000071e+00,3.526162506990380696e-01
2.142199999999999882e+00,3.471065925378034045e-01
2.141700000000000159e+00,3.449055887141255772e-01
2.141399999999999970e+00,3.488333020013058006e-01
2.141199999999999992e+00,3.492690364790067004e-01
2.141000000000000014e+00,3.478151324462498417e-01
2.140499999999999847e+00,3.494393323314957112e-01
2.140400000000000080e+00,3.504690005573866118e-01
2.140099999999999891e+00,3.545592305638501918e-01
2.139600000000000168e+00,3.671458030294131869e-01
2.139400000000000190e+00,3.784368338394586972e-01
2.139100000000000001e+00,3.894943618164282140e-01
2.138799999999999812e+00,3.982733654336531592e-01
2.138599999999999834e+00,4.022576161508834569e-01
2.138199999999999878e+00,3.988104880395597074e-01
2.138100000000000112e+00,3.908124047469208606e-01
2.137700000000000156e+00,3.867315609112216279e-01
2.137500000000000178e+00,3.837332619374689835e-01
2.137399999999999967e+00,3.787484679082868122e-01
2.136899999999999800e+00,3.777122028018887745e-01
2.136699999999999822e+00,3.744534788801407998e-01
2.136499999999999844e+00,3.775797701815325480e-01
2.136099999999999888e+00,3.814163899072686714e-01
2.135699999999999932e+00,3.855243318309429235e-01
2.135400000000000187e+00,3.827797596741082109e-01
2.134999999999999787e+00,3.833608520926318208e-01
2.134799999999999809e+00,3.829482908157545440e-01
2.134599999999999831e+00,3.820741149580115792e-01
2.134300000000000086e+00,3.870804904792733425e-01
2.134100000000000108e+00,3.948826000974016148e-01
2.133700000000000152e+00,4.067262170114744890e-01
2.133500000000000174e+00,4.039955465746579155e-01
2.133300000000000196e+00,4.043668062784361306e-01
2.132899999999999796e+00,3.960665252875084641e-01
2.132699999999999818e+00,3.924971639250943722e-01
2.132299999999999862e+00,3.859477062621853305e-01
2.132200000000000095e+00,3.779825226072828226e-01
2.131800000000000139e+00,3.731746235209610352e-01
2.131600000000000161e+00,3.730687284944287918e-01
2.131099999999999994e+00,3.732065656193370162e-01
2.130900000000000016e+00,3.763873844475630337e-01
2.130500000000000060e+00,3.895946787163193648e-01
2.130199999999999871e+00,3.942798008155224965e-01
2.129599999999999937e+00,3.960339515874516936e-01
2.129399999999999959e+00,3.943826742904346649e-01
2.128899999999999793e+00,3.891461772441082712e-01
2.128499999999999837e+00,3.853277864199201042e-01
2.128299999999999859e+00,3.818342533441072550e-01
2.128200000000000092e+00,3.834727130277298945e-01
2.127899999999999903e+00,3.827093091280861503e-01
2.127699999999999925e+00,3.928437305402918689e-01
2.127499999999999947e+00,3.898916941182454798e-01
2.127099999999999991e+00,3.878827119177530314e-01
2.126599999999999824e+00,3.766509807179991287e-01
2.126300000000000079e+00,3.771124160940887426e-01
2.126100000000000101e+00,3.717934790058858296e-01
2.125700000000000145e+00,3.758163352770780286e-01
2.125300000000000189e+00,3.880757628635378986e-01
2.125100000000000211e+00,4.013386280302817521e-01
2.124699999999999811e+00,4.025777778183041167e-01
2.124600000000000044e+00,4.074626968074771538e-01
2.124099999999999877e+00,4.113527023103664693e-01
2.124000000000000110e+00,4.094837542768098859e-01
2.123400000000000176e+00,4.149668521339495153e-01
2.123299999999999965e+00,4.220512560187615336e-01
2.123200000000000198e+00,4.245007277212804464e-01
2.122700000000000031e+00,4.285364492166016670e-01
2.122599999999999820e+00,4.353374541350014115e-01
2.122300000000000075e+00,4.338136829594441690e-01
2.121999999999999886e+00,4.347362479960316106e-01
2.121700000000000141e+00,4.375417166099446198e-01
2.121500000000000163e+00,4.380561239726924461e-01
2.121100000000000207e+00,4.344367706210148783e-01
2.120800000000000018e+00,4.341692168077782021e-01
2.120600000000000041e+00,4.266904687158513121e-01
2.120200000000000085e+00,4.182755550099366282e-01
2.120099999999999874e+00,4.101768505305332102e-01
2.119899999999999896e+00,4.030597190116462225e-01
2.119499999999999940e+00,3.967143659018221857e-01
2.119299999999999962e+00,4.011534171537851634e-01
2.119099999999999984e+00,3.993316127632804968e-01
2.118599999999999817e+00,3.970231869924318868e-01
2.118399999999999839e+00,3.981424154429759055e-01
2.117900000000000116e+00,3.966846371774093716e-01
2.117799999999999905e+00,3.957503093353355039e-01
2.117399999999999949e+00,3.918729528595497613e-01
2.117199999999999971e+00,3.920885399360392043e-01
2.116999999999999993e+00,3.878594373761882763e-01
2.116600000000000037e+00,3.853154004459028448e-01
2.116400000000000059e+00,3.823643394928675776e-01
2.115899999999999892e+00,3.916962576071965074e-01
2.115800000000000125e+00,3.993033527267473293e-01
2.115299999999999958e+00,4.143837417552518332e-01
2.115099999999999980e+00,4.315024487866470637e-01
2.114799999999999791e+00,4.432183484246594585e-01
2.114599999999999813e+00,4.447465649203703464e-01
2.114399999999999835e+00,4.411164092909398149e-01
2.113999999999999879e+00,4.306494834756606216e-01
2.113599999999999923e+00,4.233426338641836373e-01
2.113300000000000178e+00,4.179537573389611738e-01
2.113100000000000200e+00,4.199736609365041229e-01
2.112800000000000011e+00,4.242912200026067171e-01
2.112600000000000033e+00,4.303210606740327515e-01
2.112299999999999844e+00,4.362804023142625165e-01
2.112000000000000099e+00,4.410751064580498704e-01
2.111800000000000122e+00,4.428964824659126776e-01
2.111400000000000166e+00,4.444660545753140735e-01
2.111200000000000188e+00,4.413785944539297956e-01
2.110799999999999788e+00,4.415007547493855489e-01
2.110599999999999810e+00,4.463334413359194563e-01
2.110100000000000087e+00,4.492183372412777986e-01
2.109900000000000109e+00,4.525695890796391230e-01
2.109700000000000131e+00,4.585476637590513715e-01
2.109300000000000175e+00,4.620770654135270550e-01
2.109100000000000197e+00,4.616695053309694541e-01
2.108999999999999986e+00,4.612181910810739804e-01
2.108600000000000030e+00,4.602695048569125369e-01
2.108499999999999819e+00,4.587784068435172835e-01
2.108299999999999841e+00,4.558339448017951767e-01
2.107800000000000118e+00,4.510899829210379686e-01
2.107600000000000140e+00,4.414393213293330565e-01
2.107400000000000162e+00,4.336719784343163742e-01
2.107000000000000206e+00,4.268543760832175238e-01
2.106799999999999784e+00,4.158740594421146408e-01
2.106599999999999806e+00,4.133411132781901198e-01
2.106399999999999828e+00,4.181013524060321340e-01
2.106199999999999850e+00,4.224219630288157390e-01
2.106100000000000083e+00,4.291447197617843101e-01
2.105599999999999916e+00,4.334129069700002335e-01
2.105500000000000149e+00,4.341686647543753219e-01
2.104900000000000215e+00,4.353446448189524087e-01
2.104699999999999793e+00,4.319538036989117868e-01
2.104200000000000070e+00,4.278288253851958989e-01
2.103800000000000114e+00,4.287573472577799749e-01
2.103600000000000136e+00,4.316572558973886253e-01
2.103200000000000180e+00,4.349081801449662388e-01
2.103000000000000203e+00,4.421987957994172325e-01
2.102700000000000014e+00,4.472578891483864338e-01
2.102500000000000036e+00,4.533494828996495474e-01
2.102199999999999847e+00,4.523676794555842595e-01
2.101700000000000124e+00,4.529298790677607767e-01
2.101500000000000146e+00,4.521871688615426432e-01
2.100999999999999979e+00,4.523543797823119106e-01
2.100900000000000212e+00,4.493316757042676302e-01
2.100699999999999790e+00,4.473826327917179713e-01
2.100299999999999834e+00,4.391252879278746413e-01
2.100099999999999856e+00,4.324488632750922990e-01
2.099699999999999900e+00,4.211257254523731453e-01
2.099400000000000155e+00,4.202189401593392493e-01
2.099000000000000199e+00,4.183160327791633493e-01
2.098700000000000010e+00,4.299987719093984473e-01
2.098399999999999821e+00,4.407403949149153455e-01
2.098100000000000076e+00,4.544369017469436223e-01
2.097900000000000098e+00,4.557740057440849424e-01
2.097599999999999909e+00,4.568812393510729986e-01
2.097399999999999931e+00,4.510537986669033717e-01
2.097300000000000164e+00,4.452964580507410841e-01
2.096999999999999975e+00,4.395795985187926358e-01
2.096799999999999997e+00,4.353086662314820110e-01
2.096400000000000041e+00,4.322007434008971472e-01
2.096000000000000085e+00,4.319680957598492910e-01
2.095499999999999918e+00,4.330500855102489832e-01
2.095400000000000151e+00,4.388343935118194650e-01
2.095099999999999962e+00,4.444170698989989288e-01
2.094700000000000006e+00,4.526796385157308977e-01
2.094500000000000028e+00,4.535699814150335740e-01
2.094199999999999839e+00,4.495355049315489238e-01
2.094100000000000072e+00,4.423148381240555871e-01
2.093300000000000161e+00,4.419803635531336927e-01
2.093100000000000183e+00,4.332167184860348241e-01
2.092900000000000205e+00,4.259438150796407418e-01
2.092499999999999805e+00,4.256246670238454377e-01
2.092200000000000060e+00,4.287606244993137361e-01
2.092000000000000082e+00,4.290714066510284974e-01
2.091699999999999893e+00,4.372646504471889850e-01
2.091499999999999915e+00,4.448198370578597127e-01
2.091000000000000192e+00,4.511284279577061351e-01
2.090500000000000025e+00,4.535928853841020292e-01
2.090399999999999814e+00,4.552647725805659129e-01
2.090199999999999836e+00,4.566275158305808102e-01
2.089700000000000113e+00,4.635829368829226249e-01
2.089199999999999946e+00,4.661264793769105408e-01
2.088999999999999968e+00,4.651578046182062165e-01
2.088600000000000012e+00,4.614420078120213264e-01
2.088299999999999823e+00,4.576444589917198491e-01
2.088000000000000078e+00,4.485966765699692660e-01
2.087800000000000100e+00,4.463454345089018505e-01
2.087400000000000144e+00,4.459854989375887091e-01
2.087299999999999933e+00,4.411895797638150096e-01
2.086899999999999977e+00,4.370672447092868729e-01
2.086599999999999788e+00,4.403587627292011586e-01
2.086399999999999810e+00,4.406968877422937081e-01
2.085999999999999854e+00,4.361243093665979620e-01
2.085799999999999876e+00,4.401569050509896441e-01
2.085599999999999898e+00,4.425931785370305072e-01
2.085100000000000176e+00,4.379898807099422697e-01
2.084900000000000198e+00,4.373077862906625257e-01
2.084600000000000009e+00,4.483776352251848119e-01
2.084099999999999842e+00,4.543903378480264044e-01
2.083899999999999864e+00,4.559056200979100248e-01
2.083600000000000119e+00,4.549833899755371669e-01
2.083299999999999930e+00,4.503803723322764574e-01
2.083099999999999952e+00,4.444062312190453778e-01
2.082800000000000207e+00,4.328720620132981423e-01
2.082500000000000018e+00,4.269611007852101014e-01
2.082300000000000040e+00,4.237645827013387656e-01
2.081799999999999873e+00,4.185919981052055872e-01
2.081599999999999895e+00,4.099411569755477269e-01
2.081100000000000172e+00,4.158094893625536304e-01
2.080799999999999983e+00,4.157672016251793279e-01
2.080299999999999816e+00,4.136294532681994984e-01
2.080099999999999838e+00,4.141959812384993223e-01
2.079899999999999860e+00,4.179809543964145280e-01
2.079600000000000115e+00,4.164506966959289347e-01
2.079400000000000137e+00,4.202256028554979816e-01
2.079200000000000159e+00,4.279833850198007106e-01
2.079000000000000181e+00,4.297820423414950852e-01
2.078500000000000014e+00,4.289019790424536960e-01
2.078300000000000036e+00,4.287123579383225747e-01
2.077900000000000080e+00,4.314556838662039762e-01
2.077599999999999891e+00,4.340528918011372639e-01
2.077399999999999913e+00,4.449856329610466510e-01
2.076799999999999979e+00,4.570487639950910896e-01
2.076600000000000001e+00,4.635277692070088884e-01
2.076200000000000045e+00,4.683143166248766032e-01
2.076000000000000068e+00,4.638647878253341905e-01
2.075600000000000112e+00,4.611308093120659035e-01
2.075400000000000134e+00,4.593200850964638815e-01
2.075299999999999923e+00,4.624812042859639538e-01
2.074899999999999967e+00,4.617184109392131752e-01
2.074600000000000222e+00,4.758960966140189375e-01
2.074300000000000033e+00,4.824799716403663785e-01
2.074100000000000055e+00,4.843552925443487811e-01
2.073900000000000077e+00,4.793809507948332826e-01
2.073500000000000121e+00,4.740125725365487708e-01
2.073300000000000143e+00,4.549922781765803337e-01
2.072799999999999976e+00,4.412229044927634680e-01
2.072599999999999998e+00,4.256220814322780877e-01
2.072299999999999809e+00,4.169251388301543071e-01
2.071800000000000086e+00,4.108248700834816747e-01
2.071600000000000108e+00,4.080280248372134544e-01
2.071400000000000130e+00,4.064737822326651151e-01
2.070899999999999963e+00,4.130930301180641973e-01
2.070699999999999985e+00,4.172396002178128116e-01
2.070399999999999796e+00,4.209567029870091015e-01
2.070199999999999818e+00,4.284208294391342875e-01
2.069999999999999840e+00,4.304471908364236321e-01
2.069599999999999884e+00,4.249665479544306734e-01
2.069399999999999906e+00,4.235237422186775014e-01
2.068799999999999972e+00,4.293667099986368529e-01
2.068599999999999994e+00,4.334850230594545217e-01
2.068400000000000016e+00,4.380720718146977610e-01
2.067899999999999849e+00,4.415484447464063655e-01
2.067699999999999871e+00,4.473150038818152763e-01
2.067200000000000149e+00,4.475461021224287350e-01
2.066899999999999959e+00,4.526762559353346149e-01
2.066699999999999982e+00,4.545674613368190231e-01
2.066199999999999815e+00,4.624365890897043085e-01
2.066100000000000048e+00,4.611353284703080258e-01
2.065700000000000092e+00,4.544230542119152005e-01
2.065599999999999881e+00,4.511062534081831665e-01
2.065199999999999925e+00,4.507553385398044843e-01
2.064999999999999947e+00,4.498746067776310809e-01
2.064799999999999969e+00,4.493059037472685868e-01
2.064299999999999802e+00,4.515883251649672192e-01
2.064000000000000057e+00,4.466315275437893750e-01
2.063699999999999868e+00,4.397817809370999642e-01
2.063299999999999912e+00,4.381453627125623251e-01
2.062899999999999956e+00,4.314732570982055537e-01
2.062699999999999978e+00,4.286348424639708221e-01
2.062500000000000000e+00,4.285592390035343202e-01
2.062100000000000044e+00,4.338473700398610133e-01
2.061900000000000066e+00,4.279551011100031221e-01
2.061700000000000088e+00,4.342598917336100151e-01
2.061199999999999921e+00,4.344493601136577010e-01
2.060900000000000176e+00,4.327071330319232634e-01
2.060599999999999987e+00,4.351345010736308305e-01
2.060200000000000031e+00,4.387231920520776041e-01
2.060000000000000053e+00,4.439826157992890487e-01
2.059800000000000075e+00,4.502496319759228816e-01
2.059299999999999908e+00,4.541188174893643903e-01
2.059099999999999930e+00,4.481364350584355893e-01
2.058699999999999974e+00,4.443879377410282494e-01
2.058300000000000018e+00,4.424680759382640938e-01
2.058100000000000041e+00,4.460309835632032538e-01
2.057900000000000063e+00,4.518164341268949280e-01
2.057399999999999896e+00,4.612824662787035068e-01
2.057100000000000151e+00,4.743672303439417925e-01
2.056700000000000195e+00,4.764065413323873566e-01
2.056400000000000006e+00,4.743079269488303940e-01
2.055899999999999839e+00,4.727689370112586609e-01
2.055600000000000094e+00,4.720119770511289059e-01
2.055499999999999883e+00,4.645023805022880925e-01
2.054899999999999949e+00,4.623972241416668960e-01
2.054699999999999971e+00,4.571025108510845536e-01
2.054499999999999993e+00,4.455201987153128984e-01
2.054100000000000037e+00,4.306826398565306024e-01
2.053999999999999826e+00,4.207466668263923348e-01
2.053700000000000081e+00,4.077260842385092565e-01
2.053300000000000125e+00,4.058732500727622594e-01
2.052999999999999936e+00,4.117439219655447680e-01
2.052599999999999980e+00,4.218723896711255583e-01
2.052299999999999791e+00,4.362481158515925106e-01
2.051800000000000068e+00,4.525990795151494384e-01
2.051600000000000090e+00,4.577697998464637097e-01
2.051299999999999901e+00,4.601282037961993976e-01
2.051000000000000156e+00,4.581823346387973173e-01
2.050800000000000178e+00,4.541009458138012822e-01
2.050300000000000011e+00,4.524047507444700633e-01
2.049900000000000055e+00,4.597871913135723188e-01
2.049700000000000077e+00,4.704430698932587918e-01
2.049300000000000122e+00,4.764815725715257355e-01
2.049199999999999910e+00,4.758915827678817378e-01
2.049100000000000144e+00,4.749620819510455560e-01
2.048700000000000188e+00,4.681232297200702552e-01
2.048399999999999999e+00,4.575100427535797043e-01
2.048000000000000043e+00,4.500614200474498117e-01
2.047699999999999854e+00,4.462956073638876808e-01
2.047499999999999876e+00,4.429681359895826231e-01
2.046899999999999942e+00,4.415337727368616183e-01
2.046600000000000197e+00,4.441320638360128359e-01
2.046499999999999986e+00,4.502122681704704976e-01
2.046100000000000030e+00,4.530329247179679664e-01
2.045900000000000052e+00,4.521206178399392317e-01
2.045500000000000096e+00,4.546696955278970997e-01
2.045300000000000118e+00,4.521280390894223400e-01
2.045100000000000140e+00,4.498361910053317314e-01
2.044799999999999951e+00,4.519937007312416766e-01
2.044500000000000206e+00,4.529207320322359842e-01
2.044299999999999784e+00,4.482512834724090567e-01
2.043800000000000061e+00,4.430062415426359590e-01
2.043600000000000083e+00,4.426420551112767998e-01
2.043400000000000105e+00,4.390009107811676525e-01
2.043000000000000149e+00,4.330479837539799592e-01
2.042699999999999960e+00,4.311766444423451028e-01
2.042300000000000004e+00,4.249730457348693813e-01
2.042100000000000026e+00,4.169912833606321256e-01
2.041700000000000070e+00,4.127296558779220415e-01
2.041399999999999881e+00,4.083613267275715275e-01
2.040999999999999925e+00,3.985878357933014815e-01
2.040799999999999947e+00,3.963003370413554771e-01
2.040200000000000014e+00,3.909614663962641123e-01
2.039899999999999824e+00,3.884766813422660392e-01
2.039699999999999847e+00,3.890790406321094075e-01
2.039200000000000124e+00,3.923852953074264405e-01
2.038800000000000168e+00,3.967252600671490326e-01
2.038699999999999957e+00,3.960243224962468056e-01
2.038600000000000190e+00,3.987376437079859226e-01
2.038199999999999790e+00,3.979654643524593860e-01
2.037900000000000045e+00,3.947417213780516354e-01
2.037399999999999878e+00,3.901051453004956704e-01
2.037199999999999900e+00,3.864702471536447526e-01
2.036599999999999966e+00,3.794815052597656502e-01
2.036399999999999988e+00,3.781629113376248075e-01
2.036200000000000010e+00,3.792563018925609875e-01
2.035800000000000054e+00,3.782249065404502675e-01
2.035499999999999865e+00,3.790261246253147087e-01
2.035299999999999887e+00,3.776782576577278894e-01
2.034899999999999931e+00,3.780921364266234819e-01
2.034699999999999953e+00,3.796251870701387587e-01
2.034499999999999975e+00,3.834695368252344916e-01
2.034100000000000019e+00,3.871093841552320503e-01
2.033900000000000041e+00,3.866467780226646167e-01
2.033599999999999852e+00,3.864996050480934420e-01
2.033199999999999896e+00,3.929962058678294623e-01
2.032999999999999918e+00,3.952346207720600635e-01
2.032700000000000173e+00,3.977852737644533843e-01
2.032300000000000217e+00,4.067846513429105304e-01
2.032099999999999795e+00,4.147314815872161775e-01
2.031499999999999861e+00,4.126819753709141669e-01
2.031200000000000117e+00,4.161468991985273758e-01
2.031000000000000139e+00,4.184084059837001601e-01
2.030600000000000183e+00,4.207751776108896169e-01
2.030299999999999994e+00,4.185268029449976668e-01
2.029900000000000038e+00,4.129745780668756527e-01
2.029700000000000060e+00,4.095180335185814036e-01
2.029500000000000082e+00,4.043443957424398549e-01
2.028999999999999915e+00,3.972549879611986245e-01
2.028799999999999937e+00,3.939163699852658018e-01
2.028399999999999981e+00,4.000830590508015483e-01
2.028200000000000003e+00,4.044113588194676034e-01
2.027800000000000047e+00,4.185037791162860010e-01
2.027499999999999858e+00,4.193622513590234968e-01
2.027099999999999902e+00,4.227767427455315641e-01
2.026699999999999946e+00,4.161941907927791395e-01
2.026499999999999968e+00,4.129962495327822447e-01
2.026199999999999779e+00,4.071736491968042659e-01
2.025900000000000034e+00,4.123888194477316471e-01
2.025599999999999845e+00,4.118353381377810041e-01
2.025199999999999889e+00,4.191741230404055774e-01
2.024999999999999911e+00,4.170105108505796077e-01
2.024599999999999955e+00,4.097278843471358623e-01
2.024399999999999977e+00,4.034357760853564123e-01
2.023800000000000043e+00,3.953075384350441812e-01
2.023600000000000065e+00,3.844654496015094125e-01
2.023400000000000087e+00,3.811921428568260106e-01
2.023200000000000109e+00,3.743155751163852463e-01
2.022699999999999942e+00,3.672148257213154743e-01
2.022499999999999964e+00,3.677860090547935279e-01
2.022200000000000220e+00,3.702196075294761912e-01
2.021999999999999797e+00,3.729816275090808708e-01
2.021799999999999820e+00,3.837851850090057138e-01
2.021300000000000097e+00,3.947227789020957278e-01
2.021100000000000119e+00,4.028845905255235005e-01
2.020799999999999930e+00,4.073422293240231973e-01
2.020500000000000185e+00,4.084738134937233034e-01
2.020000000000000018e+00,4.026854010584502985e-01
2.019800000000000040e+00,3.962660411586938491e-01
2.019400000000000084e+00,3.953747927580575916e-01
2.019099999999999895e+00,3.987292073318744468e-01
2.018899999999999917e+00,4.049907402876863349e-01
2.018400000000000194e+00,4.078911733015195273e-01
2.018299999999999983e+00,4.162573845675061057e-01
2.017799999999999816e+00,4.186729605589606940e-01
2.017599999999999838e+00,4.228921589969486527e-01
2.017300000000000093e+00,4.180095517362232282e-01
2.016900000000000137e+00,4.148129291563913412e-01
2.016700000000000159e+00,4.062207622053394251e-01
2.016199999999999992e+00,3.971289313437627033e-01
2.016099999999999781e+00,3.838113483876221532e-01
2.015800000000000036e+00,3.783837207851914464e-01
2.015499999999999847e+00,3.813015106552548605e-01
2.015099999999999891e+00,3.792402410868895846e-01
2.014899999999999913e+00,3.845980571175883767e-01
2.014499999999999957e+00,3.876016724783243883e-01
2.014299999999999979e+00,3.888644394468843135e-01
2.013999999999999790e+00,3.904221169260397861e-01
2.013700000000000045e+00,3.914397015930549673e-01
2.013500000000000068e+00,3.868648761786581125e-01
2.013100000000000112e+00,3.924054587391840876e-01
2.012900000000000134e+00,3.901474516512099533e-01
2.012399999999999967e+00,3.909371760030950216e-01
2.012199999999999989e+00,3.905478903958731762e-01
2.012000000000000011e+00,3.862647908159378973e-01
2.011499999999999844e+00,3.760428968236501635e-01
2.011299999999999866e+00,3.727836410132024936e-01
2.010699999999999932e+00,3.714388221626175879e-01
2.010400000000000187e+00,3.734348351206591143e-01
2.010299999999999976e+00,3.771193219782171258e-01
2.009799999999999809e+00,3.794433664735392675e-01
2.009599999999999831e+00,3.841768012283197642e-01
2.009199999999999875e+00,3.766118929114660174e-01
2.008999999999999897e+00,3.766170062442786848e-01
2.008599999999999941e+00,3.816069921013659494e-01
2.008300000000000196e+00,3.820284703815597371e-01
2.008000000000000007e+00,3.759498285674234830e-01
2.007800000000000029e+00,3.788770881878872898e-01
2.007400000000000073e+00,3.749823270173675005e-01
2.007200000000000095e+00,3.709518905459231464e-01
2.007000000000000117e+00,3.711621664581610802e-01
2.006499999999999950e+00,3.725229731202372996e-01
2.006299999999999972e+00,3.727169367409577938e-01
2.005799999999999805e+00,3.776630217341981899e-01
2.005500000000000060e+00,3.776639799076693116e-01
2.004999999999999893e+00,3.776473372260614192e-01
2.004799999999999915e+00,3.786330161386491922e-01
2.004399999999999959e+00,3.714263033502419598e-01
2.004199999999999982e+00,3.606534598316059048e-01
2.004000000000000004e+00,3.509369668619478078e-01
2.003899999999999793e+00,3.387394120882986637e-01
2.003400000000000070e+00,3.305997642446406592e-01
2.003099999999999881e+00,3.332327433372417880e-01
2.002600000000000158e+00,3.382945517214215325e-01
2.002400000000000180e+00,3.337135402697172792e-01
2.002200000000000202e+00,3.416766231905538631e-01
2.001799999999999802e+00,3.470688002591565957e-01
2.001500000000000057e+00,3.509219930434432366e-01
2.001300000000000079e+00,3.529495080537708995e-01
2.001100000000000101e+00,3.569259697213528204e-01
2.000700000000000145e+00,3.533461103646247103e-01
2.000399999999999956e+00,3.530873602734103112e-01
2.000100000000000211e+00,3.468136405735539607e-01
1.999600000000000044e+00,3.399032777429146224e-01
1.999300000000000077e+00,3.405890544522922614e-01
1.998899999999999899e+00,3.391816431784490105e-01
1.998599999999999932e+00,3.369069540969799048e-01
1.998199999999999976e+00,3.335399083766871775e-01
1.997900000000000009e+00,3.353386241661954759e-01
1.997500000000000053e+00,3.367012827874826808e-01
1.997300000000000075e+00,3.343929624116670496e-01
1.997000000000000108e+00,3.276244959038444593e-01
1.996699999999999919e+00,3.263974658688357788e-01
1.996599999999999930e+00,3.261320361296755621e-01
1.996099999999999985e+00,3.244506246547623762e-01
1.995900000000000007e+00,3.250247013051461575e-01
1.995800000000000018e+00,3.283847017519770928e-01
1.995200000000000085e+00,3.308552125152325885e-01
1.994699999999999918e+00,3.319185329642843629e-01
1.994499999999999940e+00,3.215481946608478303e-01
1.994199999999999973e+00,3.231156467078944439e-01
1.993700000000000028e+00,3.287977221112792781e-01
1.993600000000000039e+00,3.281577109735811515e-01
1.993200000000000083e+00,3.292152820074528696e-01
1.993000000000000105e+00,3.386223311373227629e-01
1.992799999999999905e+00,3.353268675593962800e-01
1.992399999999999949e+00,3.248048438597717080e-01
1.992199999999999971e+00,3.183076967475107488e-01
1.991999999999999993e+00,3.053055224942063939e-01
1.991600000000000037e+00,2.997030970795789839e-01
1.991300000000000070e+00,2.960714024531631017e-01
1.991200000000000081e+00,2.973983123983476307e-01
1.990599999999999925e+00,2.943420904360367074e-01
1.990499999999999936e+00,2.883600613903803955e-01
1.989999999999999991e+00,2.824033864058662635e-01
1.989900000000000002e+00,2.814198406062008440e-01
1.989400000000000057e+00,2.768726798099003794e-01
1.989100000000000090e+00,2.740053034679807986e-01
1.988599999999999923e+00,2.735170896453475997e-01
1.988399999999999945e+00,2.664852743152619219e-01
1.987999999999999989e+00,2.639009131528286534e-01
1.987800000000000011e+00,2.659518220578250269e-01
1.987300000000000066e+00,2.703855600809380033e-01
1.987100000000000088e+00,2.751141435643895128e-01
1.986900000000000110e+00,2.819849450946821379e-01
1.986399999999999944e+00,2.759737955670971687e-01
1.986099999999999977e+00,2.690039502040164621e-01
1.985700000000000021e+00,2.699008198170372297e-01
1.985400000000000054e+00,2.812760235316320578e-01
1.984900000000000109e+00,2.915506556307874142e-01
1.984499999999999931e+00,3.070119057459880785e-01
1.984399999999999942e+00,3.215101009174103908e-01
1.984199999999999964e+00,3.252058723098028015e-01
1.983700000000000019e+00,3.222684919014506821e-01
1.983500000000000041e+00,3.198655018318148358e-01
1.983200000000000074e+00,3.152946067188495682e-01
1.983000000000000096e+00,3.083359905304422499e-01
1.982499999999999929e+00,2.986533287985955187e-01
1.982299999999999951e+00,2.902004395532315484e-01
1.981999999999999984e+00,2.821259270877064518e-01
1.981700000000000017e+00,2.754431238783522917e-01
1.981400000000000050e+00,2.719686598934984989e-01
1.981200000000000072e+00,2.718020527980868906e-01
1.980699999999999905e+00,2.662528332471326697e-01
1.980599999999999916e+00,2.623617913677379065e-01
1.980099999999999971e+00,2.575499191730806769e-01
1.979800000000000004e+00,2.458875075916911179e-01
1.979600000000000026e+00,2.369535533447432452e-01
1.979200000000000070e+00,2.314903641274790591e-01
1.978799999999999892e+00,2.294187228295274661e-01
1.978699999999999903e+00,2.264876336216526953e-01
1.978399999999999936e+00,2.308163690521031486e-01
1.978099999999999969e+00,2.387308079907641822e-01
1.977800000000000002e+00,2.423631493832928696e-01
1.977500000000000036e+00,2.410223365096471337e-01
1.977100000000000080e+00,2.391935100638787060e-01
1.976900000000000102e+00,2.372222333801160543e-01
1.976699999999999902e+00,2.351345063737049490e-01
1.976199999999999957e+00,2.414001520301829740e-01
1.976099999999999968e+00,2.487297016863510291e-01
1.975700000000000012e+00,2.618795805924001296e-01
1.975500000000000034e+00,2.592479294754452268e-01
1.975000000000000089e+00,2.538891729297887423e-01
1.974800000000000111e+00,2.473607659359694511e-01
1.974299999999999944e+00,2.427733317528908696e-01
1.974099999999999966e+00,2.347507949134603478e-01
1.973700000000000010e+00,2.359666187203707799e-01
1.973400000000000043e+00,2.306405630873170631e-01
1.973000000000000087e+00,2.275632158424412410e-01
1.972900000000000098e+00,2.243075638592996468e-01
1.972499999999999920e+00,2.207642191850989477e-01
1.972299999999999942e+00,2.225752352459642314e-01
1.971799999999999997e+00,2.278906614933823294e-01
1.971600000000000019e+00,2.287170521466515283e-01
1.971400000000000041e+00,2.249937498354643017e-01
1.970900000000000096e+00,2.255800503747630581e-01
1.970699999999999896e+00,2.297407393599127934e-01
1.970199999999999951e+00,2.344909820534148148e-01
1.969999999999999973e+00,2.360433148359403488e-01
1.969799999999999995e+00,2.377017321178455378e-01
1.969300000000000050e+00,2.371845555591833854e-01
1.969000000000000083e+00,2.334894108243364130e-01
1.968800000000000106e+00,2.248698979646912843e-01
1.968399999999999928e+00,2.196268559986891966e-01
1.968199999999999950e+00,2.196283333861376585e-01
1.967799999999999994e+00,2.124802613050203182e-01
1.967500000000000027e+00,2.031989351698738899e-01
1.967400000000000038e+00,2.014519874538046040e-01
1.966900000000000093e+00,1.967091857305036662e-01
1.966699999999999893e+00,1.897933079911262866e-01
1.966199999999999948e+00,1.937000438029246596e-01
1.965899999999999981e+00,1.962901828027330819e-01
1.965500000000000025e+00,1.977614080667795537e-01
1.965300000000000047e+00,2.045880713559545816e-01
1.964900000000000091e+00,2.074873062093975096e-01
1.964699999999999891e+00,2.096306201641863487e-01
1.964199999999999946e+00,2.166919956859970908e-01
1.964099999999999957e+00,2.255367317404584071e-01
1.963500000000000023e+00,2.286433841704184344e-01
1.963300000000000045e+00,2.274294580293518830e-01
1.962900000000000089e+00,2.185725156339524133e-01
1.962699999999999889e+00,2.046485387190156713e-01
1.962499999999999911e+00,1.867100816117101270e-01
1.962099999999999955e+00,1.699978566111621237e-01
1.961899999999999977e+00,1.598803673406868908e-01
1.961699999999999999e+00,1.551297906339510757e-01
1.961100000000000065e+00,1.499882167551453149e-01
1.960900000000000087e+00,1.548355285586194841e-01
1.960599999999999898e+00,1.585990463130043659e-01
1.960299999999999931e+00,1.589591865526486514e-01
1.959799999999999986e+00,1.582842348260560250e-01
1.959699999999999998e+00,1.715712109826712795e-01
1.959300000000000042e+00,1.742278717253853970e-01
1.959000000000000075e+00,1.814374494463895371e-01
1.958599999999999897e+00,1.928443893441795232e-01
1.958399999999999919e+00,1.970229691371228609e-01
1.957999999999999963e+00,1.882446184785919185e-01
1.957799999999999985e+00,1.859724246332933317e-01
1.957500000000000018e+00,1.831142965595667360e-01
1.957100000000000062e+00,1.868696459179225722e-01
1.956499999999999906e+00,1.874975182220019188e-01
1.956399999999999917e+00,1.884695696522526442e-01
1.956199999999999939e+00,1.880003260017888700e-01
1.955799999999999983e+00,1.862891001545158298e-01
1.955600000000000005e+00,1.766526813298808229e-01
1.955400000000000027e+00,1.747477454738799452e-01
1.955000000000000071e+00,1.689533900654100196e-01
1.954800000000000093e+00,1.702388113145742454e-01
1.954599999999999893e+00,1.675539092649281359e-01
1.954199999999999937e+00,1.662100362944536613e-01
1.953999999999999959e+00,1.649810055788515362e-01
1.953600000000000003e+00,1.667223996187212065e-01
1.953200000000000047e+00,1.577166576869487580e-01
1.952900000000000080e+00,1.502580081275823320e-01
1.952399999999999913e+00,1.472557158301024405e-01
1.952199999999999935e+00,1.372767712640861337e-01
1.951999999999999957e+00,1.335077313701500401e-01
1.951500000000000012e+00,1.375963187418699774e-01
1.951300000000000034e+00,1.425322994567241874e-01
1.951200000000000045e+00,1.412963027846298181e-01
1.950800000000000090e+00,1.432642055882589194e-01
1.950599999999999890e+00,1.435814139982144466e-01
1.950199999999999934e+00,1.404651439132487689e-01
1.949799999999999978e+00,1.397247783914424835e-01
1.949400000000000022e+00,1.409029616275536689e-01
1.949100000000000055e+00,1.423543890979180049e-01
1.948600000000000110e+00,1.351007267109266829e-01
1.948299999999999921e+00,1.266899908114461903e-01
1.947999999999999954e+00,1.151517662470458864e-01
1.947699999999999987e+00,1.015244956844436885e-01
1.947500000000000009e+00,9.086615810394163550e-02
1.947100000000000053e+00,9.052136097351118349e-02
1.946900000000000075e+00,8.515941900780209239e-02
1.946399999999999908e+00,8.211397937392397872e-02
1.946199999999999930e+00,7.923433804256377333e-02
1.945799999999999974e+00,8.074685957787375301e-02
1.945599999999999996e+00,7.679308848131123633e-02
1.945300000000000029e+00,7.695852419553619872e-02
1.945000000000000062e+00,7.395494334788713098e-02
1.944700000000000095e+00,7.188609054950559352e-02
1.944299999999999917e+00,7.001324811399534109e-02
1.943999999999999950e+00,7.109577127906166472e-02
1.943599999999999994e+00,6.912633430201933771e-02
1.943300000000000027e+00,6.986113180063045769e-02
1.943100000000000049e+00,7.374195746936987317e-02
1.942700000000000093e+00,7.443480637317485826e-02
1.942299999999999915e+00,7.259011008627083705e-02
1.942099999999999937e+00,7.185563519231108476e-02
1.941799999999999971e+00,7.029980084782841421e-02
1.941599999999999993e+00,5.865093123162704036e-02
1.941400000000000015e+00,5.181429416627202772e-02
1.941100000000000048e+00,4.282489374819731243e-02
1.940600000000000103e+00,3.340410707833307846e-02
1.940399999999999903e+00,2.782855278722635994e-02
1.939899999999999958e+00,2.765608763340147297e-02
1.939699999999999980e+00,2.353154196180217220e-02
1.939300000000000024e+00,2.458564804345975130e-02
1.939100000000000046e+00,3.473478785757946885e-02
1.938600000000000101e+00,3.381718746010849153e-02
1.938399999999999901e+00,3.652501549197828545e-02
1.938099999999999934e+00,4.155449519975547290e-02
1.937599999999999989e+00,4.185272261751644962e-02
1.937500000000000000e+00,3.676368667646100902e-02
1.937100000000000044e+00,4.323488932193877976e-02
1.936900000000000066e+00,5.003250724680555900e-02
1.936500000000000110e+00,4.988971711805692544e-02
1.936299999999999910e+00,5.309777209500102929e-02
1.935799999999999965e+00,5.266685342002207920e-02
1.935499999999999998e+00,4.230702262353350229e-02
1.935300000000000020e+00,3.764210008479217801e-02
1.934800000000000075e+00,3.627040117755452736e-02
1.934600000000000097e+00,3.153330488885060234e-02
1.934099999999999930e+00,3.334092528561878599e-02
1.933999999999999941e+00,4.099007988166158273e-02
1.933499999999999996e+00,4.299777009504634345e-02
1.933300000000000018e+00,3.982600335947224235e-02
1.932900000000000063e+00,4.091137943557088263e-02
1.932700000000000085e+00,3.192890773988387582e-02
1.932299999999999907e+00,1.693962750196068706e-02
1.932099999999999929e+00,4.420646667682748797e-03
1.931799999999999962e+00,5.699952747989850063e-04
1.931400000000000006e+00,1.495850950814016020e-03
1.931100000000000039e+00,1.089485110232504481e-02
1.930700000000000083e+00,1.850083795620918389e-02
1.930500000000000105e+00,2.202531625833392681e-02
1.930299999999999905e+00,1.653628089820515998e-02
1.929999999999999938e+00,2.567269347455991557e-03
1.929899999999999949e+00,-9.477669490956417211e-03
1.929699999999999971e+00,-1.161803282995189403e-02
1.929400000000000004e+00,-1.031145452509703991e-02
1.928900000000000059e+00,-4.273376305111018653e-03
1.928600000000000092e+00,5.981526674872539827e-03
1.928399999999999892e+00,8.482892341760207497e-03
1.927999999999999936e+00,4.500330876844451516e-03
1.927699999999999969e+00,-1.855912834733273098e-03
1.927300000000000013e+00,-1.106210264598110789e-02
1.927200000000000024e+00,-2.185971065868365024e-02
1.926700000000000079e+00,-2.502318384493825570e-02
1.926500000000000101e+00,-2.723878833613132405e-02
1.926299999999999901e+00,-2.786387730928374662e-02
1.925799999999999956e+00,-2.459936548709903276e-02
1.925599999999999978e+00,-2.453389021432602485e-02
1.925100000000000033e+00,-2.626803098121348323e-02
1.925000000000000044e+00,-2.244096494206912831e-02
1.924400000000000110e+00,-2.226391756017513657e-02
1.924099999999999921e+00,-2.224709516947247223e-02
1.923699999999999966e+00,-1.871136362643896836e-02
1.923499999999999988e+00,-1.301858823639364532e-02
1.923100000000000032e+00,-1.266548548220496236e-02
1.922800000000000065e+00,-1.526852512069566160e-02
1.922700000000000076e+00,-1.874783533195576238e-02
1.922500000000000098e+00,-2.058499220955464087e-02
1.921899999999999942e+00,-3.113521559468247421e-02
1.921699999999999964e+00,-3.578093447996467252e-02
1.921399999999999997e+00,-3.390807533670818497e-02
1.921000000000000041e+00,-2.698299594504346283e-02
1.920800000000000063e+00,-2.353089945367193778e-02
1.920299999999999896e+00,-2.533546347258101850e-02
1.920199999999999907e+00,-2.782787262560475205e-02
1.919999999999999929e+00,-3.845453498463310971e-02
1.919599999999999973e+00,-5.124795435094968432e-02
1.919100000000000028e+00,-6.309720219636875960e-02
1.918900000000000050e+00,-6.118382459709127003e-02
1.918700000000000072e+00,-6.580721461084397539e-02
1.918199999999999905e+00,-7.375680277317539502e-02
1.917699999999999960e+00,-7.709186880380788920e-02
1.917599999999999971e+00,-8.069882629836704069e-02
1.917100000000000026e+00,-8.759826881629670381e-02
1.916900000000000048e+00,-8.880705339574239410e-02
1.916800000000000059e+00,-8.238216631956112035e-02
1.916400000000000103e+00,-8.578616077760389813e-02
1.916199999999999903e+00,-9.501995324442943924e-02
1.915699999999999958e+00,-1.048716605535349178e-01
1.915499999999999980e+00,-1.156941416992351007e-01
1.915300000000000002e+00,-1.316861365550230367e-01
1.914800000000000058e+00,-1.399896456447807525e-01
1.914700000000000069e+00,-1.416123980145511108e-01
1.914500000000000091e+00,-1.465536389989862687e-01
1.914099999999999913e+00,-1.514985956211495066e-01
1.913899999999999935e+00,-1.500039085939457173e-01
1.913699999999999957e+00,-1.552624451305051334e-01
1.913200000000000012e+00,-1.623774389599568768e-01
1.913000000000000034e+00,-1.610697091427441829e-01
1.912400000000000100e+00,-1.613428774831920376e-01
1.912199999999999900e+00,-1.642883019856155868e-01
1.911799999999999944e+00,-1.626477912573807971e-01
1.911599999999999966e+00,-1.570441086710949175e-01
1.911200000000000010e+00,-1.515996966879733232e-01
1.911000000000000032e+00,-1.410777624541448283e-01
1.910600000000000076e+00,-1.295873844600614333e-01
1.910099999999999909e+00,-1.222013492170603149e-01
1.909899999999999931e+00,-1.215109622003383849e-01
1.909599999999999964e+00,-1.264365525364962162e-01
1.909399999999999986e+00,-1.412442861498108548e-01
1.909000000000000030e+00,-1.540369010831487973e-01
1.908700000000000063e+00,-1.653214267079149147e-01
1.908300000000000107e+00,-1.672599886212016163e-01
1.908099999999999907e+00,-1.675726522305796828e-01
1.907699999999999951e+00,-1.552022232712695071e-01
1.907399999999999984e+00,-1.448232195977448844e-01
1.907299999999999995e+00,-1.440239726838153933e-01
1.906800000000000050e+00,-1.491916892897710012e-01
1.906600000000000072e+00,-1.550746885611158921e-01
1.906400000000000095e+00,-1.642988729326499420e-01
1.905899999999999928e+00,-1.758993451380502226e-01
1.905799999999999939e+00,-1.817466742336237284e-01
1.905499999999999972e+00,-1.815615913925566205e-01
1.905200000000000005e+00,-1.897976444845128063e-01
1.905000000000000027e+00,-2.015210286251262195e-01
1.904700000000000060e+00,-2.116221263344375547e-01
1.904199999999999893e+00,-2.130346652996772394e-01
1.903999999999999915e+00,-2.226107190313186823e-01
1.903699999999999948e+00,-2.245331126748267292e-01
1.903200000000000003e+00,-2.310564724883334142e-01
1.903000000000000025e+00,-2.373343361128376072e-01
1.902700000000000058e+00,-2.491316459837105701e-01
1.902400000000000091e+00,-2.581795424198840005e-01
1.902199999999999891e+00,-2.677942301268497749e-01
1.901999999999999913e+00,-2.733350847677895046e-01
1.901599999999999957e+00,-2.793314366442145036e-01
1.901399999999999979e+00,-2.862334958175781763e-01
1.901299999999999990e+00,-2.918045937432000025e-01
1.900900000000000034e+00,-2.917085360207987699e-01
1.900600000000000067e+00,-2.918315231924261677e-01
1.900400000000000089e+00,-2.873997603832639247e-01
1.899999999999999911e+00,-2.795282694799394174e-01
1.899799999999999933e+00,-2.728200014871089985e-01
1.899399999999999977e+00,-2.725471083474955702e-01
1.899199999999999999e+00,-2.750690717395752882e-01
1.899000000000000021e+00,-2.767464126873091512e-01
1.898600000000000065e+00,-2.845590477111580863e-01
1.898400000000000087e+00,-2.902997695502367304e-01
1.897899999999999920e+00,-2.891351842348315326e-01
1.897299999999999986e+00,-2.841969268835979889e-01
1.897100000000000009e+00,-2.863312525683974763e-01
1.896800000000000042e+00,-2.858100519999295375e-01
1.896600000000000064e+00,-2.843299078917476130e-01
1.896099999999999897e+00,-2.890697221025888553e-01
1.895799999999999930e+00,-3.007622117772584258e-01
1.895599999999999952e+00,-3.053448735279573056e-01
1.895299999999999985e+00,-3.051177065342690620e-01
1.895000000000000018e+00,-3.152115133157190052e-01
1.894800000000000040e+00,-3.180737409563121343e-01
1.894400000000000084e+00,-3.120312073880137094e-01
1.894099999999999895e+00,-3.129789162064494090e-01
1.893899999999999917e+00,-3.178747282731042012e-01
1.893599999999999950e+00,-3.130067181641298935e-01
1.893399999999999972e+00,-3.179561199265212301e-01
1.892900000000000027e+00,-3.249861266377273572e-01
1.892500000000000071e+00,-3.212643657999474933e-01
1.892099999999999893e+00,-3.194762430614588866e-01
1.891799999999999926e+00,-3.288227469203790498e-01
1.891599999999999948e+00,-3.384953157679891911e-01
1.891199999999999992e+00,-3.493850866435193603e-01
1.891000000000000014e+00,-3.667211034502625977e-01
1.890500000000000069e+00,-3.809772626464646428e-01
1.890300000000000091e+00,-3.852493803506439884e-01
1.889699999999999935e+00,-3.858838596701440471e-01
1.889299999999999979e+00,-3.915475351373014501e-01
1.889100000000000001e+00,-3.942345213417407512e-01
1.888800000000000034e+00,-3.951277079527331648e-01
1.888500000000000068e+00,-3.973130146363300641e-01
1.888400000000000079e+00,-3.982105798981671607e-01
1.887999999999999901e+00,-3.926508989283982731e-01
1.887799999999999923e+00,-3.868899862990298200e-01
1.887399999999999967e+00,-3.888050595893254302e-01
1.887199999999999989e+00,-3.948335940131413868e-01
1.886900000000000022e+00,-4.028359811904940746e-01
1.886500000000000066e+00,-4.130745292409836456e-01
1.886300000000000088e+00,-4.295891558019070966e-01
1.885699999999999932e+00,-4.484045339286922838e-01
1.885399999999999965e+00,-4.600323761422969171e-01
1.885299999999999976e+00,-4.715600873322205455e-01
1.884900000000000020e+00,-4.793361601123506954e-01
1.884400000000000075e+00,-4.781340272998895746e-01
1.884200000000000097e+00,-4.708355762762099772e-01
1.883999999999999897e+00,-4.730101546054215067e-01
1.883599999999999941e+00,-4.706085404198450117e-01
1.883099999999999996e+00,-4.695420601473486721e-01
1.883000000000000007e+00,-4.733764481302387694e-01
1.882500000000000062e+00,-4.750008229877782928e-01
1.882300000000000084e+00,-4.705540221405096202e-01
1.881999999999999895e+00,-4.713783951960925367e-01
1.881599999999999939e+00,-4.782477171415276951e-01
1.881299999999999972e+00,-4.832937166618366254e-01
1.881099999999999994e+00,-4.880806295801120576e-01
1.880600000000000049e+00,-4.938021035758715649e-01
1.880400000000000071e+00,-5.028072135555837763e-01
1.880200000000000093e+00,-5.011567940071958160e-01
1.879699999999999926e+00,-5.084899796305163422e-01
1.879599999999999937e+00,-5.156222540374232333e-01
1.879299999999999971e+00,-5.234890326521328685e-01
1.878900000000000015e+00,-5.255650045292437067e-01
1.878700000000000037e+00,-5.305828533372358713e-01
1.878400000000000070e+00,-5.330185098102735441e-01
1.877999999999999892e+00,-5.374525173744425510e-01
1.877799999999999914e+00,-5.411708571968070203e-01
1.877499999999999947e+00,-5.480622357732777283e-01
1.877099999999999991e+00,-5.594529446591860466e-01
1.876900000000000013e+00,-5.669904202808273563e-01
1.876500000000000057e+00,-5.723858282275645637e-01
1.876400000000000068e+00,-5.765351428413389989e-01
1.876100000000000101e+00,-5.785208998270590097e-01
1.875599999999999934e+00,-5.758087819054263923e-01
1.875399999999999956e+00,-5.757766962636440278e-01
1.875000000000000000e+00,-5.778397631399367906e-01
1.874800000000000022e+00,-5.846195699425736914e-01
1.874600000000000044e+00,-5.875225775944791229e-01
1.874200000000000088e+00,-5.925233392255202514e-01
1.874000000000000110e+00,-5.917822912823027526e-01
1.873599999999999932e+00,-5.920139558614894160e-01
1.873299999999999965e+00,-5.926165314177472832e-01
1.872999999999999998e+00,-6.003645735077471901e-01
1.872700000000000031e+00,-6.097076613528761291e-01
1.872300000000000075e+00,-6.195930506609769184e-01
1.872100000000000097e+00,-6.299364931337119167e-01
1.871899999999999897e+00,-6.392735324315528267e-01
1.871499999999999941e+00,-6.434787778948624082e-01
1.871299999999999963e+00,-6.462195881066361558e-01
1.870999999999999996e+00,-6.522550222622102156e-01
1.870500000000000052e+00,-6.567313100759585298e-01
1.870200000000000085e+00,-6.550990794759735669e-01
1.869799999999999907e+00,-6.554080686872741923e-01
1.869499999999999940e+00,-6.500849762013093391e-01
1.869299999999999962e+00,-6.449592546218378963e-01
1.868700000000000028e+00,-6.455760161452882562e-01
1.868600000000000039e+00,-6.535920802367560789e-01
1.868300000000000072e+00,-6.631374675306750399e-01
1.867899999999999894e+00,-6.817282889381297561e-01
1.867799999999999905e+00,-6.985177734695340312e-01
1.867399999999999949e+00,-7.146590625703440613e-01
1.867199999999999971e+00,-7.247110600019922577e-01
1.866900000000000004e+00,-7.326405197686374215e-01
1.866500000000000048e+00,-7.414076065186818720e-01
1.866300000000000070e+00,-7.534070949229142444e-01
1.865899999999999892e+00,-7.568384566210977216e-01
1.865599999999999925e+00,-7.635146148485260076e-01
1.865099999999999980e+00,-7.683174565669552702e-01
1.864900000000000002e+00,-7.681211499819400323e-01
1.864400000000000057e+00,-7.686101960548835654e-01
1.864200000000000079e+00,-7.721868110371203908e-01
1.863799999999999901e+00,-7.760789291871850182e-01
1.863299999999999956e+00,-7.842230708600406164e-01
1.863099999999999978e+00,-7.922153815000109178e-01
1.862700000000000022e+00,-7.981151778672922470e-01
1.862600000000000033e+00,-8.025415651318618115e-01
1.862300000000000066e+00,-8.099488071845044601e-01
1.861900000000000110e+00,-8.151156025979627850e-01
1.861599999999999921e+00,-8.105937560792807473e-01
1.861199999999999966e+00,-8.130499613283326266e-01
1.860899999999999999e+00,-8.192327218048411908e-01
1.860500000000000043e+00,-8.287148607215298890e-01
1.860300000000000065e+00,-8.309847967521293288e-01
1.859900000000000109e+00,-8.500864998987888166e-01
1.859599999999999920e+00,-8.544598302283323843e-01
1.859099999999999975e+00,-8.563211422314003229e-01
1.858999999999999986e+00,-8.478116849925525500e-01
1.858500000000000041e+00,-8.503114580708097670e-01
1.858300000000000063e+00,-8.510090735069919532e-01
1.858000000000000096e+00,-8.620467496829596898e-01
1.857799999999999896e+00,-8.728129031973508312e-01
1.857599999999999918e+00,-8.874677339439084323e-01
1.857399999999999940e+00,-8.937545032266375200e-01
1.856999999999999984e+00,-8.935245172556753879e-01
1.856700000000000017e+00,-8.933902719763380240e-01
1.856200000000000072e+00,-8.944752731805671875e-01
1.855900000000000105e+00,-8.932619732617690378e-01
1.855399999999999938e+00,-8.945721333804278474e-01
1.855199999999999960e+00,-9.032026650206831375e-01
1.854999999999999982e+00,-9.118431531816156843e-01
1.854600000000000026e+00,-9.227023290583890036e-01
1.854400000000000048e+00,-9.357761833743427626e-01
1.854100000000000081e+00,-9.462706969317473682e-01
1.853699999999999903e+00,-9.529135795890291138e-01
1.853499999999999925e+00,-9.562138336407371986e-01
1.852899999999999991e+00,-9.622773008777922854e-01
1.852800000000000002e+00,-9.681012690527373010e-01
1.852400000000000047e+00,-9.745026140395989245e-01
1.852100000000000080e+00,-9.909585380927370402e-01
1.851900000000000102e+00,-1.013274565267799243e+00
1.851599999999999913e+00,-1.030668490346747568e+00
1.851399999999999935e+00,-1.046361653922536661e+00
1.850899999999999990e+00,-1.065266503296052880e+00
1.850700000000000012e+00,-1.073124703293778959e+00
1.850300000000000056e+00,-1.068956472786847023e+00
1.850000000000000089e+00,-1.063872471222665261e+00
1.849800000000000111e+00,-1.060422406107611071e+00
1.849299999999999944e+00,-1.060207516516350923e+00
1.849099999999999966e+00,-1.057360453187647265e+00
1.848700000000000010e+00,-1.062163226081894063e+00
1.848500000000000032e+00,-1.066000758536203463e+00
1.848300000000000054e+00,-1.065227006506116902e+00
1.848100000000000076e+00,-1.072417785388940503e+00
1.847599999999999909e+00,-1.080583783565416844e+00
1.847399999999999931e+00,-1.087478386677248610e+00
1.847199999999999953e+00,-1.096319324156158626e+00
1.846700000000000008e+00,-1.106816007760899501e+00
1.846500000000000030e+00,-1.108568493608935723e+00
1.846300000000000052e+00,-1.118517873716848188e+00
1.846000000000000085e+00,-1.124567038764262561e+00
1.845800000000000107e+00,-1.132394121731369774e+00
1.845599999999999907e+00,-1.138537276538093002e+00
1.845199999999999951e+00,-1.147777084700915440e+00
1.844899999999999984e+00,-1.147744228918237575e+00
1.844400000000000039e+00,-1.153936718359602098e+00
1.844200000000000061e+00,-1.164812961862646157e+00
1.843800000000000106e+00,-1.175907997215605461e+00
1.843499999999999917e+00,-1.194582893763660003e+00
1.843099999999999961e+00,-1.207504816368234923e+00
1.842899999999999983e+00,-1.218946681053947767e+00
1.842500000000000027e+00,-1.225067311781194324e+00
1.842300000000000049e+00,-1.233798266644658970e+00
1.841800000000000104e+00,-1.226358565992458072e+00
1.841599999999999904e+00,-1.229516754913326348e+00
1.841199999999999948e+00,-1.234804640457137781e+00
1.840999999999999970e+00,-1.236466362007776487e+00
1.840700000000000003e+00,-1.238069648042960935e+00
1.840300000000000047e+00,-1.240262331051247724e+00
1.840100000000000069e+00,-1.244405572458084919e+00
1.839599999999999902e+00,-1.239002761660515262e+00
1.839399999999999924e+00,-1.237206901693321592e+00
1.838999999999999968e+00,-1.243706200086055924e+00
1.838799999999999990e+00,-1.263044153866424324e+00
1.838300000000000045e+00,-1.276160074151280632e+00
1.838200000000000056e+00,-1.295281959092786650e+00
1.837699999999999889e+00,-1.314773540986788225e+00
1.837499999999999911e+00,-1.328839343041135379e+00
1.837099999999999955e+00,-1.340473033704381312e+00
1.836799999999999988e+00,-1.357831794680380844e+00
1.836400000000000032e+00,-1.366955680533257667e+00
1.836100000000000065e+00,-1.366431230938464081e+00
1.835900000000000087e+00,-1.369181413608255848e+00
1.835399999999999920e+00,-1.371101175355743385e+00
1.835099999999999953e+00,-1.367730237754188671e+00
1.834699999999999998e+00,-1.378415886476511032e+00
1.834500000000000020e+00,-1.398205720428147281e+00
1.834000000000000075e+00,-1.410809380694502568e+00
1.833900000000000086e+00,-1.413315163021067189e+00
1.833800000000000097e+00,-1.420215919097633561e+00
1.833399999999999919e+00,-1.424906340700831997e+00
1.833099999999999952e+00,-1.425081482079523676e+00
1.832899999999999974e+00,-1.428687939850278754e+00
1.832500000000000018e+00,-1.440179680365499815e+00
1.832300000000000040e+00,-1.452834792206106229e+00
1.831499999999999906e+00,-1.460165782363950671e+00
1.831099999999999950e+00,-1.471643856804441430e+00
1.830699999999999994e+00,-1.481929307326143475e+00
1.830500000000000016e+00,-1.492125799026286392e+00
1.830100000000000060e+00,-1.505023849516992529e+00
1.829900000000000082e+00,-1.523485340412869427e+00
1.829499999999999904e+00,-1.541925124221438015e+00
1.829199999999999937e+00,-1.562352097411734420e+00
1.828999999999999959e+00,-1.577354891102444867e+00
1.828500000000000014e+00,-1.589010572511026620e+00
1.828300000000000036e+00,-1.591152336930384603e+00
1.827800000000000091e+00,-1.590700994675633861e+00
1.827499999999999902e+00,-1.591363761808614719e+00
1.827399999999999913e+00,-1.591589695743925059e+00
1.826999999999999957e+00,-1.591558213534516319e+00
1.826799999999999979e+00,-1.595017912514734792e+00
1.826300000000000034e+00,-1.602648324310687489e+00
1.826000000000000068e+00,-1.608555992953161651e+00
1.825599999999999890e+00,-1.621584822834934103e+00
1.825399999999999912e+00,-1.633669337959553491e+00
1.825099999999999945e+00,-1.649400447137836068e+00
1.824799999999999978e+00,-1.666100098271991570e+00
1.824600000000000000e+00,-1.675747860523657318e+00
1.824200000000000044e+00,-1.688555510859918174e+00
1.823900000000000077e+00,-1.704404071849324964e+00
1.823700000000000099e+00,-1.716403533368326961e+00
1.823299999999999921e+00,-1.723162058030469623e+00
1.822999999999999954e+00,-1.736236391448805927e+00
1.822799999999999976e+00,-1.744857122241427971e+00
1.822300000000000031e+00,-1.748461383884875042e+00
1.822100000000000053e+00,-1.756623532941509191e+00
1.821600000000000108e+00,-1.765408687140063160e+00
1.821399999999999908e+00,-1.780179331801190257e+00
1.820999999999999952e+00,-1.792394574722175227e+00
1.820799999999999974e+00,-1.809485385136158309e+00
1.820400000000000018e+00,-1.823322534592608291e+00
1.820300000000000029e+00,-1.842936293641669776e+00
1.819800000000000084e+00,-1.852473858477282409e+00
1.819600000000000106e+00,-1.861336319547504337e+00
1.819199999999999928e+00,-1.872013688580739688e+00
1.818999999999999950e+00,-1.884673344400081385e+00
1.818799999999999972e+00,-1.886637071364174911e+00
1.818400000000000016e+00,-1.894966227989763885e+00
1.818000000000000060e+00,-1.904650213426575700e+00
1.817700000000000093e+00,-1.903968775881919928e+00
1.817399999999999904e+00,-1.900762916976633798e+00
1.817099999999999937e+00,-1.905486722222626605e+00
1.816799999999999971e+00,-1.911438515672311933e+00
1.816300000000000026e+00,-1.914301539532661689e+00
1.816100000000000048e+00,-1.926272612162161169e+00
1.815900000000000070e+00,-1.945147413466158381e+00
1.815499999999999892e+00,-1.963836159020321048e+00
1.815199999999999925e+00,-1.978633822686051591e+00
1.814799999999999969e+00,-1.993851101899854594e+00
1.814599999999999991e+00,-2.002482661944554376e+00
1.814300000000000024e+00,-2.008161458264198451e+00
1.814100000000000046e+00,-2.019270720999902569e+00
1.813700000000000090e+00,-2.029919318134592920e+00
1.813499999999999890e+00,-2.044292138137018711e+00
1.813099999999999934e+00,-2.060629752126466485e+00
1.812799999999999967e+00,-2.074615288890010678e+00
1.812200000000000033e+00,-2.078549055127762113e+00
1.811800000000000077e+00,-2.084280423734139021e+00
1.811500000000000110e+00,-2.087923873319574852e+00
1.811299999999999910e+00,-2.103595889408685249e+00
1.810999999999999943e+00,-2.118538164322669726e+00
1.810699999999999976e+00,-2.137365533347243662e+00
1.810200000000000031e+00,-2.153373166179570308e+00
1.810000000000000053e+00,-2.170872394885309031e+00
1.809900000000000064e+00,-2.177186487225327038e+00
1.809399999999999897e+00,-2.194132665732928533e+00
1.809099999999999930e+00,-2.207796862598657039e+00
1.808899999999999952e+00,-2.217830720565028280e+00
1.808599999999999985e+00,-2.228993010218588644e+00
1.808300000000000018e+00,-2.245947473672321504e+00
1.807900000000000063e+00,-2.257895265911080251e+00
1.807700000000000085e+00,-2.270840198062562543e+00
1.807299999999999907e+00,-2.289337934118854001e+00
1.807099999999999929e+00,-2.306031117438669842e+00
1.806799999999999962e+00,-2.315387302596963348e+00
1.806599999999999984e+00,-2.322607339336063337e+00
1.806200000000000028e+00,-2.332515766789999834e+00
1.806000000000000050e+00,-2.343414189780734791e+00
1.805900000000000061e+00,-2.359305000763783688e+00
1.805399999999999894e+00,-2.376969250142482615e+00
1.805199999999999916e+00,-2.388507524258842274e+00
1.804599999999999982e+00,-2.404180164694638577e+00
1.804400000000000004e+00,-2.422474710964683808e+00
1.803900000000000059e+00,-2.439279820182840730e+00
1.803600000000000092e+00,-2.453460170952770358e+00
1.803099999999999925e+00,-2.474635139725761768e+00
1.802899999999999947e+00,-2.493372821483069490e+00
1.802699999999999969e+00,-2.507268543673543792e+00
1.802200000000000024e+00,-2.517032864678414583e+00
1.802000000000000046e+00,-2.532451623119685635e+00
1.801700000000000079e+00,-2.549299210682920425e+00
1.801500000000000101e+00,-2.553551369199741128e+00
1.800999999999999934e+00,-2.560322715186094555e+00
1.800899999999999945e+00,-2.571291563366953525e+00
1.800499999999999989e+00,-2.582612914325266296e+00
1.800200000000000022e+00,-2.587881476834377636e+00
1.800000000000000044e+00,-2.598756203928617392e+00
1.799600000000000088e+00,-2.610392305716010775e+00
1.799400000000000110e+00,-2.612949248933654545e+00
1.799199999999999910e+00,-2.608571505161444648e+00
1.798699999999999966e+00,-2.604374528766967067e+00
1.798499999999999988e+00,-2.612565331971683502e+00
1.798300000000000010e+00,-2.621871421692318016e+00
1.797800000000000065e+00,-2.633861969737125275e+00
1.797600000000000087e+00,-2.654694126663012632e+00
1.797199999999999909e+00,-2.687905053437231295e+00
1.797099999999999920e+00,-2.709069359113636111e+00
1.796599999999999975e+00,-2.730269929706527599e+00
1.796399999999999997e+00,-2.757221169642845471e+00
1.796000000000000041e+00,-2.777871265864511940e+00
1.795700000000000074e+00,-2.787438405797773466e+00
1.795199999999999907e+00,-2.804788174357933261e+00
1.795099999999999918e+00,-2.817686704429528177e+00
1.794599999999999973e+00,-2.832712284126931213e+00
1.794399999999999995e+00,-2.850530423296609772e+00
1.793900000000000050e+00,-2.867445308715535379e+00
1.793700000000000072e+00,-2.876856368355662497e+00
1.793199999999999905e+00,-2.892950838163654836e+00
1.793099999999999916e+00,-2.905083497319049801e+00
1.792599999999999971e+00,-2.918652896451364942e+00
1.792399999999999993e+00,-2.936722907590852305e+00
1.792000000000000037e+00,-2.957838120304367990e+00
1.791700000000000070e+00,-2.973174079204318865e+00
1.791299999999999892e+00,-2.987155959817203055e+00
1.791099999999999914e+00,-3.005695966634552629e+00
1.790599999999999969e+00,-3.021543573187013276e+00
1.790399999999999991e+00,-3.038337724110343085e+00
1.790100000000000025e+00,-3.056897944209227447e+00
1.790000000000000036e+00,-3.080483031951270156e+00
1.789600000000000080e+00,-3.102279430183609854e+00
1.789400000000000102e+00,-3.126131672850571253e+00
1.788999999999999924e+00,-3.150862128607004653e+00
1.788799999999999946e+00,-3.173684190214270728e+00
1.788599999999999968e+00,-3.197038438695342766e+00
1.788200000000000012e+00,-3.219964097279786941e+00
1.787900000000000045e+00,-3.243975388092096512e+00
1.787700000000000067e+00,-3.264277385274377608e+00
1.787300000000000111e+00,-3.286610112609028356e+00
1.787199999999999900e+00,-3.309766698211604741e+00
1.786999999999999922e+00,-3.319248766129878181e+00
1.786599999999999966e+00,-3.334198265205618128e+00
1.786399999999999988e+00,-3.352690070971761749e+00
1.786100000000000021e+00,-3.372398722816527528e+00
1.785600000000000076e+00,-3.387260934615901053e+00
1.785300000000000109e+00,-3.412102841498093397e+00
1.784799999999999942e+00,-3.431719776135696787e+00
1.784699999999999953e+00,-3.452211341392619204e+00
1.784499999999999975e+00,-3.476018408031036788e+00
1.784000000000000030e+00,-3.504202727747234736e+00
1.783800000000000052e+00,-3.532187601699224633e+00
1.783300000000000107e+00,-3.561831219944244342e+00
1.783099999999999907e+00,-3.592632699761372006e+00
1.782499999999999973e+00,-3.614346775460200334e+00
1.782299999999999995e+00,-3.635818968350731595e+00
1.782100000000000017e+00,-3.660874585445089924e+00
1.781700000000000061e+00,-3.688870426764648158e+00
1.781500000000000083e+00,-3.717584585843924927e+00
1.781099999999999905e+00,-3.758913778755604618e+00
1.780899999999999928e+00,-3.800974197179715297e+00
1.780499999999999972e+00,-3.839900790651856077e+00
1.780100000000000016e+00,-3.882223280309918145e+00
1.779900000000000038e+00,-3.929584061527421568e+00
1.779500000000000082e+00,-3.974160982847807944e+00
1.779199999999999893e+00,-4.023841708119049621e+00
1.779099999999999904e+00,-4.072881056662105870e+00
1.778699999999999948e+00,-4.120261961935433703e+00
1.778399999999999981e+00,-4.171148997923062929e+00
1.778000000000000025e+00,-4.215087005297810663e+00
1.777700000000000058e+00,-4.253360257246430187e+00
1.777500000000000080e+00,-4.291680193253474940e+00
1.777300000000000102e+00,-4.324088431330308069e+00
1.776899999999999924e+00,-4.358767512950000977e+00
1.776699999999999946e+00,-4.405571549279604149e+00
1.776299999999999990e+00,-4.458286092737378858e+00
1.776000000000000023e+00,-4.513458022198032715e+00
1.775500000000000078e+00,-4.574239069653415868e+00
1.775300000000000100e+00,-4.625040127389651978e+00
1.774799999999999933e+00,-4.676144904030427263e+00
1.774599999999999955e+00,-4.723057469932927965e+00
1.774399999999999977e+00,-4.770437449357345372e+00
1.774000000000000021e+00,-4.820049601929679461e+00
1.773800000000000043e+00,-4.876558927434520463e+00
1.773400000000000087e+00,-4.928886025118428549e+00
1.773099999999999898e+00,-4.982302098034269378e+00
1.772899999999999920e+00,-5.039654807807158576e+00
1.772499999999999964e+00,-5.088135980263822411e+00
1.772299999999999986e+00,-5.133611604505524895e+00
1.772100000000000009e+00,-5.184919235763294054e+00
1.771600000000000064e+00,-5.239178444413211899e+00
1.771400000000000086e+00,-5.295965926955317649e+00
1.770899999999999919e+00,-5.357670345750021212e+00
1.770699999999999941e+00,-5.417839669680582837e+00
1.770199999999999996e+00,-5.464094665060050815e+00
1.769900000000000029e+00,-5.515262028339892986e+00
1.769600000000000062e+00,-5.565215697901082059e+00
1.769400000000000084e+00,-5.620881854339065953e+00
1.768899999999999917e+00,-5.681897137979549761e+00
1.768699999999999939e+00,-5.752639836924741346e+00
1.768499999999999961e+00,-5.818041552834510632e+00
1.768100000000000005e+00,-5.883119518170221163e+00
1.767900000000000027e+00,-5.948833268837258714e+00
1.767500000000000071e+00,-6.008078817591258947e+00
1.767200000000000104e+00,-6.068522008485441432e+00
1.766799999999999926e+00,-6.126958047150063535e+00
1.766699999999999937e+00,-6.187458150745881014e+00
1.766399999999999970e+00,-6.242406359036265506e+00
1.766199999999999992e+00,-6.300104620738794736e+00
1.765800000000000036e+00,-6.353766476072317815e+00
1.765600000000000058e+00,-6.400218285133735918e+00
1.764899999999999913e+00,-6.464331993335445503e+00
1.764699999999999935e+00,-6.529140314065623230e+00
1.764499999999999957e+00,-6.593608509423003916e+00
1.764000000000000012e+00,-6.659384764653858646e+00
1.763800000000000034e+00,-6.737174214210689627e+00
1.763300000000000090e+00,-6.789537544401868630e+00
1.763099999999999890e+00,-6.842288051756226785e+00
1.762699999999999934e+00,-6.894986449753129243e+00
1.762399999999999967e+00,-6.947729864006519485e+00
1.762000000000000011e+00,-6.996665056733102794e+00
1.761800000000000033e+00,-7.056409018910206221e+00
1.761600000000000055e+00,-7.114518749494481042e+00
1.761100000000000110e+00,-7.168907903184543962e+00
1.760899999999999910e+00,-7.218219847459315552e+00
1.760699999999999932e+00,-7.269235440818776262e+00
1.760399999999999965e+00,-7.313253217567719844e+00
1.760099999999999998e+00,-7.356658946970143553e+00
1.759900000000000020e+00,-7.406056571271323996e+00
1.759400000000000075e+00,-7.453424869872174341e+00
1.759200000000000097e+00,-7.506830901577548509e+00
1.758999999999999897e+00,-7.560675892469768122e+00
1.758599999999999941e+00,-7.616428851439268399e+00
1.758399999999999963e+00,-7.670045092166878575e+00
1.758000000000000007e+00,-7.721241033214719884e+00
1.757800000000000029e+00,-7.753406082890297313e+00
1.757600000000000051e+00,-7.784075473049080429e+00
1.757100000000000106e+00,-7.816173561300614026e+00
1.756799999999999917e+00,-7.846823522301948017e+00
1.756599999999999939e+00,-7.888012802478236551e+00
1.756099999999999994e+00,-7.933542050340032681e+00
1.755900000000000016e+00,-7.977830800729932115e+00
1.755500000000000060e+00,-8.024586781249267275e+00
1.755300000000000082e+00,-8.074972513052550482e+00
1.755200000000000093e+00,-8.120877426364483398e+00
1.754699999999999926e+00,-8.168288009207103073e+00
1.754499999999999948e+00,-8.217177577535538902e+00
1.754299999999999971e+00,-8.259105708752699115e+00
1.753800000000000026e+00,-8.305946942946848210e+00
1.753600000000000048e+00,-8.358831992009431389e+00
1.753400000000000070e+00,-8.413487028839822912e+00
1.752899999999999903e+00,-8.467298840307279306e+00
1.752699999999999925e+00,-8.518446452055670193e+00
1.752399999999999958e+00,-8.566607017261411272e+00
1.751900000000000013e+00,-8.609248537814195856e+00
1.751700000000000035e+00,-8.652606964917875843e+00
1.751500000000000057e+00,-8.698541170282203083e+00
1.751100000000000101e+00,-8.743226659779779197e+00
1.750799999999999912e+00,-8.779852293842802524e+00
1.750499999999999945e+00,-8.813492916638528740e+00
1.750299999999999967e+00,-8.849758788956398448e+00
1.750099999999999989e+00,-8.878698707791981448e+00
1.749700000000000033e+00,-8.904328075660938424e+00
1.749400000000000066e+00,-8.931961072769848187e+00
1.749200000000000088e+00,-8.957856405542134581e+00
1.748799999999999910e+00,-8.982077707900687713e+00
1.748599999999999932e+00,-9.014224078727519185e+00
1.748299999999999965e+00,-9.051812605282844260e+00
1.747900000000000009e+00,-9.091464247769769358e+00
1.747700000000000031e+00,-9.144833261112601974e+00
1.747200000000000086e+00,-9.192075489775561437e+00
1.746799999999999908e+00,-9.229901036587987662e+00
1.746599999999999930e+00,-9.269643835505826601e+00
1.746299999999999963e+00,-9.308487528222574525e+00
1.746099999999999985e+00,-9.330492997163437607e+00
1.745900000000000007e+00,-9.357927538434889669e+00
1.745700000000000029e+00,-9.390717906339919097e+00
1.745300000000000074e+00,-9.423499840902037405e+00
1.745100000000000096e+00,-9.460583114446128761e+00
1.744699999999999918e+00,-9.500138460408237506e+00
1.744499999999999940e+00,-9.534475435171060553e+00
1.744199999999999973e+00,-9.567094254820801780e+00
1.743700000000000028e+00,-9.603927073711972184e+00
1.743500000000000050e+00,-9.639364462175441517e+00
1.743000000000000105e+00,-9.676379304597581665e+00
1.742599999999999927e+00,-9.711392634226408305e+00
1.742299999999999960e+00,-9.741122724608967332e+00
1.742099999999999982e+00,-9.761197613649130744e+00
1.741900000000000004e+00,-9.771601165699181024e+00
1.741400000000000059e+00,-9.786821780974827689e+00
1.741200000000000081e+00,-9.805567422959406088e+00
1.740699999999999914e+00,-9.834768002610246640e+00
1.740599999999999925e+00,-9.865878733862354366e+00
1.740099999999999980e+00,-9.901860048625588107e+00
1.739999999999999991e+00,-9.935380080146988035e+00
1.739600000000000035e+00,-9.976147632161543655e+00
1.739400000000000057e+00,-1.001312525012596666e+01
1.739000000000000101e+00,-1.005205348913417573e+01
1.738799999999999901e+00,-1.008731881851542056e+01
1.738299999999999956e+00,-1.012178166278434510e+01
1.738099999999999978e+00,-1.014599189049704364e+01
1.737700000000000022e+00,-1.016927127160366418e+01
1.737400000000000055e+00,-1.019515700011113779e+01
1.737200000000000077e+00,-1.022310143031689300e+01
1.736599999999999921e+00,-1.024434906040837312e+01
1.736299999999999955e+00,-1.027032771382361354e+01
1.735899999999999999e+00,-1.028864380277175172e+01
1.735700000000000021e+00,-1.030222593114724816e+01
1.735200000000000076e+00,-1.031681176525075472e+01
1.735000000000000098e+00,-1.033580403744353227e+01
1.734699999999999909e+00,-1.035002623032944946e+01
1.734299999999999953e+00,-1.038034613994535960e+01
1.733800000000000008e+00,-1.041126499965575825e+01
1.733600000000000030e+00,-1.043936923961333285e+01
1.733100000000000085e+00,-1.046712328081265220e+01
1.732799999999999896e+00,-1.050041481035067470e+01
1.732399999999999940e+00,-1.052429719035258948e+01
1.731899999999999995e+00,-1.054679124522339606e+01
1.731800000000000006e+00,-1.057176572034638440e+01
1.731400000000000050e+00,-1.059408158518588472e+01
1.731200000000000072e+00,-1.061334855444368763e+01
1.730699999999999905e+00,-1.062874177762070893e+01
1.730299999999999949e+00,-1.064852955647021382e+01
1.729999999999999982e+00,-1.066809689000145234e+01
1.729600000000000026e+00,-1.069573684276618764e+01
1.729300000000000059e+00,-1.071865652264211377e+01
1.728799999999999892e+00,-1.074439655174667863e+01
1.728599999999999914e+00,-1.076545440019964772e+01
1.728099999999999969e+00,-1.077160734107891571e+01
1.727899999999999991e+00,-1.077239114387368346e+01
1.727500000000000036e+00,-1.078307630553700136e+01
1.727300000000000058e+00,-1.079686518966754782e+01
1.727100000000000080e+00,-1.081049081896356512e+01
1.726599999999999913e+00,-1.083662778136486793e+01
1.726499999999999924e+00,-1.085895139263704756e+01
1.725999999999999979e+00,-1.088128994007368355e+01
1.725800000000000001e+00,-1.089944490666180243e+01
1.725400000000000045e+00,-1.091792282686687798e+01
1.725200000000000067e+00,-1.093185801030051252e+01
1.725000000000000089e+00,-1.094604028530458351e+01
1.724599999999999911e+00,-1.096382175117441271e+01
1.724399999999999933e+00,-1.097343835686055868e+01
1.723899999999999988e+00,-1.098974585183099073e+01
1.723700000000000010e+00,-1.101381982860012343e+01
1.723500000000000032e+00,-1.104561105112367159e+01
1.723300000000000054e+00,-1.106145581556212321e+01
1.722800000000000109e+00,-1.108137449125778673e+01
1.722299999999999942e+00,-1.109390771201486281e+01
1.722099999999999964e+00,-1.110586122962751254e+01
1.721799999999999997e+00,-1.110805639746654450e+01
1.721300000000000052e+00,-1.111778438349218767e+01
1.720900000000000096e+00,-1.113217457932405274e+01
1.720599999999999907e+00,-1.114759114565140230e+01
1.720199999999999951e+00,-1.115996479711247602e+01
1.719999999999999973e+00,-1.117539062173725384e+01
1.719600000000000017e+00,-1.119021622661340487e+01
1.719400000000000039e+00,-1.120655623894106334e+01
1.719100000000000072e+00,-1.122054494883104070e+01
1.718699999999999894e+00,-1.122913150996410359e+01
1.718399999999999928e+00,-1.124165789973746143e+01
1.717999999999999972e+00,-1.125678917842189186e+01
1.717700000000000005e+00,-1.126998670889804366e+01
1.717300000000000049e+00,-1.128044727854283735e+01
1.717100000000000071e+00,-1.129407046118913271e+01
1.716900000000000093e+00,-1.130663099155776941e+01
1.716499999999999915e+00,-1.131365693681234497e+01
1.716099999999999959e+00,-1.131818343830031814e+01
1.715899999999999981e+00,-1.132724893020017198e+01
1.715700000000000003e+00,-1.133662895433706908e+01
1.715200000000000058e+00,-1.134965834499623050e+01
1.715000000000000080e+00,-1.136104979382439417e+01
1.714800000000000102e+00,-1.137404818933831230e+01
1.714299999999999935e+00,-1.138729535627242129e+01
1.713999999999999968e+00,-1.140044929277750008e+01
1.713600000000000012e+00,-1.140692438392028940e+01
1.713400000000000034e+00,-1.141619909635032215e+01
1.712900000000000089e+00,-1.142238793241831019e+01
1.712599999999999900e+00,-1.143247674527201418e+01
1.712499999999999911e+00,-1.144031093190491966e+01
1.711899999999999977e+00,-1.144826678635260642e+01
1.711699999999999999e+00,-1.145811666500879689e+01
1.711300000000000043e+00,-1.146532969615416242e+01
1.711000000000000076e+00,-1.146385610734401261e+01
1.710599999999999898e+00,-1.146297332846437200e+01
1.710399999999999920e+00,-1.145999901976014712e+01
1.709899999999999975e+00,-1.146124874975260788e+01
1.709699999999999998e+00,-1.146181155594558554e+01
1.709300000000000042e+00,-1.146533104790530366e+01
1.709000000000000075e+00,-1.147124340094395656e+01
1.708599999999999897e+00,-1.148960381513433759e+01
1.708299999999999930e+00,-1.149904865300730528e+01
1.707899999999999974e+00,-1.151037050158765851e+01
1.707500000000000018e+00,-1.152103002684880906e+01
1.707300000000000040e+00,-1.153475520654806807e+01
1.707000000000000073e+00,-1.154155762328443835e+01
1.706800000000000095e+00,-1.154541608957735122e+01
1.706499999999999906e+00,-1.155229203244300429e+01
1.706299999999999928e+00,-1.155892445308192684e+01
1.705799999999999983e+00,-1.156284240910375516e+01
1.705600000000000005e+00,-1.156420573911037586e+01
1.705100000000000060e+00,-1.157368461246311853e+01
1.704800000000000093e+00,-1.158303535302763443e+01
1.704299999999999926e+00,-1.159275414088049772e+01
1.703999999999999959e+00,-1.160609731902016328e+01
1.703799999999999981e+00,-1.162103457056708855e+01
1.703400000000000025e+00,-1.163281481263516426e+01
1.703100000000000058e+00,-1.164458937705458474e+01
1.702700000000000102e+00,-1.165494633062009555e+01
1.702399999999999913e+00,-1.165938855634371585e+01
1.701999999999999957e+00,-1.166598565425214851e+01
1.701799999999999979e+00,-1.167780208334981396e+01
1.701500000000000012e+00,-1.168330846386339950e+01
1.701300000000000034e+00,-1.168958398682488387e+01
1.701100000000000056e+00,-1.169218751810413970e+01
1.700700000000000101e+00,-1.168417920569963897e+01
1.700499999999999901e+00,-1.167202766684164139e+01
1.699899999999999967e+00,-1.166330053499145336e+01
1.699699999999999989e+00,-1.166279452922901605e+01
1.699500000000000011e+00,-1.166504702401813454e+01
1.699000000000000066e+00,-1.167453717670666613e+01
1.698800000000000088e+00,-1.168025665782722911e+01
1.698399999999999910e+00,-1.168881213193454371e+01
1.697899999999999965e+00,-1.169793645930545800e+01
1.697500000000000009e+00,-1.170930658893600906e+01
1.697200000000000042e+00,-1.172215503993607122e+01
1.696900000000000075e+00,-1.173770160620752989e+01
1.696399999999999908e+00,-1.174761614929547271e+01
1.696199999999999930e+00,-1.175242245443254241e+01
1.695699999999999985e+00,-1.175322490972361145e+01
1.695500000000000007e+00,-1.174803154256038873e+01
1.695100000000000051e+00,-1.174751132108620766e+01
1.694900000000000073e+00,-1.174683364100485150e+01
1.694700000000000095e+00,-1.174570492889358420e+01
1.694299999999999917e+00,-1.174441630554224325e+01
1.693799999999999972e+00,-1.175226810705860636e+01
1.693699999999999983e+00,-1.175437491765012865e+01
1.693500000000000005e+00,-1.176549297175056097e+01
1.693000000000000060e+00,-1.177233724257539116e+01
1.692800000000000082e+00,-1.177651395498012832e+01
1.692299999999999915e+00,-1.177777904394395847e+01
1.692199999999999926e+00,-1.178272868176594201e+01
1.691699999999999982e+00,-1.178657273438353137e+01
1.691500000000000004e+00,-1.178992204945675226e+01
1.691000000000000059e+00,-1.179769050017619136e+01
1.690800000000000081e+00,-1.180680058284020006e+01
1.690600000000000103e+00,-1.181234784403606142e+01
1.690299999999999914e+00,-1.181047463852320334e+01
1.689899999999999958e+00,-1.181220033152123605e+01
1.689699999999999980e+00,-1.181704490414494302e+01
1.689300000000000024e+00,-1.181439062062084133e+01
1.688800000000000079e+00,-1.182276625748239240e+01
1.688600000000000101e+00,-1.183658142391528045e+01
1.688099999999999934e+00,-1.184442265961833307e+01
1.687899999999999956e+00,-1.185249708021109960e+01
1.687500000000000000e+00,-1.186614562543148210e+01
1.687300000000000022e+00,-1.186832396763610298e+01
1.687100000000000044e+00,-1.186919000156374793e+01
1.686700000000000088e+00,-1.187050256033408324e+01
1.686500000000000110e+00,-1.186764886991398527e+01
1.686099999999999932e+00,-1.185928230657462912e+01
1.685899999999999954e+00,-1.185558320317966441e+01
1.685499999999999998e+00,-1.185640815399007053e+01
1.685200000000000031e+00,-1.185764602036414495e+01
1.685000000000000053e+00,-1.185896937615315849e+01
1.684600000000000097e+00,-1.185935843172343418e+01
1.684299999999999908e+00,-1.186196756822671006e+01
1.683799999999999963e+00,-1.186393714638123953e+01
1.683599999999999985e+00,-1.186724737826357412e+01
1.683100000000000041e+00,-1.186369986464430681e+01
1.682900000000000063e+00,-1.186195568239612541e+01
1.682700000000000085e+00,-1.185706722053959972e+01
1.682299999999999907e+00,-1.184849840711807367e+01
1.682099999999999929e+00,-1.184072709434456883e+01
1.681599999999999984e+00,-1.184210869827655976e+01
1.681300000000000017e+00,-1.184368248718009653e+01
1.681100000000000039e+00,-1.184138900719389298e+01
1.680600000000000094e+00,-1.184349737923671420e+01
1.680399999999999894e+00,-1.184769812084745411e+01
1.680199999999999916e+00,-1.185204292019792582e+01
1.679799999999999960e+00,-1.185598423778282928e+01
1.679599999999999982e+00,-1.185421534180591152e+01
1.679300000000000015e+00,-1.185203121572615892e+01
1.679100000000000037e+00,-1.184580921976947288e+01
1.678600000000000092e+00,-1.183529206594743854e+01
1.678399999999999892e+00,-1.183392729599924031e+01
1.677999999999999936e+00,-1.183894331566140501e+01
1.677699999999999969e+00,-1.184306642991451319e+01
1.677400000000000002e+00,-1.184979589456718863e+01
1.677000000000000046e+00,-1.185617363212907627e+01
1.676800000000000068e+00,-1.185914965039992097e+01
1.676399999999999890e+00,-1.186260346141932587e+01
1.676199999999999912e+00,-1.186310585656408279e+01
1.675699999999999967e+00,-1.186404091532575222e+01
1.675499999999999989e+00,-1.187027232915208153e+01
1.675000000000000044e+00,-1.187079515722749790e+01
1.674900000000000055e+00,-1.187448466353800036e+01
1.674299999999999899e+00,-1.188073745011571170e+01
1.674099999999999921e+00,-1.188691171885903586e+01
1.673699999999999966e+00,-1.189380294041687236e+01
1.673399999999999999e+00,-1.190273838286366015e+01
1.673000000000000043e+00,-1.190614529331491411e+01
1.672800000000000065e+00,-1.190284776908211128e+01
1.672299999999999898e+00,-1.190039341593257483e+01
1.672099999999999920e+00,-1.189907486912878554e+01
1.671699999999999964e+00,-1.190096738254660380e+01
1.671499999999999986e+00,-1.190553220135913470e+01
1.671300000000000008e+00,-1.191582975540846157e+01
1.670900000000000052e+00,-1.192351282004310065e+01
1.670700000000000074e+00,-1.193154046133956037e+01
1.670400000000000107e+00,-1.193792469351872398e+01
1.669999999999999929e+00,-1.193890854054871653e+01
1.669799999999999951e+00,-1.193560665986453273e+01
1.669599999999999973e+00,-1.193342307277290359e+01
1.669100000000000028e+00,-1.192490474521707533e+01
1.668900000000000050e+00,-1.191670295928697065e+01
1.668400000000000105e+00,-1.191059516524841655e+01
1.668199999999999905e+00,-1.190924354048581613e+01
1.667699999999999960e+00,-1.191073204144740139e+01
1.667499999999999982e+00,-1.191671953184359722e+01
1.667200000000000015e+00,-1.191450967131958016e+01
1.666800000000000059e+00,-1.191918266906968782e+01
1.666600000000000081e+00,-1.191613460403705815e+01
1.666400000000000103e+00,-1.191412172949168102e+01
1.665999999999999925e+00,-1.191020634944379353e+01
1.665799999999999947e+00,-1.191776979892245869e+01
1.665599999999999969e+00,-1.191961530077910503e+01
1.665200000000000014e+00,-1.192403700296339863e+01
1.664900000000000047e+00,-1.192088948577637453e+01
1.664500000000000091e+00,-1.192275399358403654e+01
1.664299999999999891e+00,-1.192358525296359417e+01
1.664099999999999913e+00,-1.192560151778526034e+01
1.663899999999999935e+00,-1.192879583849469682e+01
1.663399999999999990e+00,-1.193466793640747525e+01
1.663200000000000012e+00,-1.193519986142668010e+01
1.662800000000000056e+00,-1.193822577866609436e+01
1.662600000000000078e+00,-1.194388466882981348e+01
1.662500000000000089e+00,-1.194954445804276943e+01
1.662099999999999911e+00,-1.195566845177249782e+01
1.661899999999999933e+00,-1.196191436736063096e+01
1.661699999999999955e+00,-1.195664515071512390e+01
1.661200000000000010e+00,-1.194820140800398356e+01
1.661000000000000032e+00,-1.194296879169883674e+01
1.660700000000000065e+00,-1.193664989967250989e+01
1.660300000000000109e+00,-1.193124205223772272e+01
1.659999999999999920e+00,-1.192298793836955895e+01
1.659799999999999942e+00,-1.191492011950866292e+01
1.659299999999999997e+00,-1.190480193881820981e+01
1.659100000000000019e+00,-1.190004380008213758e+01
1.658700000000000063e+00,-1.190055529285957725e+01
1.658500000000000085e+00,-1.191492456047757464e+01
1.658199999999999896e+00,-1.192852427424361039e+01
1.657799999999999940e+00,-1.194019280333156985e+01
1.657599999999999962e+00,-1.194368660390070325e+01
1.657200000000000006e+00,-1.194249986626289051e+01
1.656900000000000039e+00,-1.193388263989271536e+01
1.656800000000000050e+00,-1.192858547016305337e+01
1.656500000000000083e+00,-1.192380558156985870e+01
1.655999999999999917e+00,-1.192078838918482475e+01
1.655699999999999950e+00,-1.191656645305551443e+01
1.655299999999999994e+00,-1.191484630070356587e+01
1.655100000000000016e+00,-1.191001542115342815e+01
1.654700000000000060e+00,-1.191402439395437973e+01
1.654400000000000093e+00,-1.191579341014131721e+01
1.653999999999999915e+00,-1.192096303712260408e+01
1.653799999999999937e+00,-1.192458109571706260e+01
1.653599999999999959e+00,-1.192356317208834149e+01
1.653200000000000003e+00,-1.191665547934560365e+01
1.653000000000000025e+00,-1.191615226442011100e+01
1.652800000000000047e+00,-1.191671797073516714e+01
1.652400000000000091e+00,-1.192123656309801483e+01
1.652199999999999891e+00,-1.192798296638444810e+01
1.651999999999999913e+00,-1.193098223695669624e+01
1.651399999999999979e+00,-1.192849608277715667e+01
1.651299999999999990e+00,-1.191959797854844005e+01
1.651100000000000012e+00,-1.190746757109464760e+01
1.650600000000000067e+00,-1.189871108961099111e+01
1.650500000000000078e+00,-1.188865464866010946e+01
1.650199999999999889e+00,-1.188811315596505125e+01
1.649899999999999922e+00,-1.189536518291713030e+01
1.649599999999999955e+00,-1.190345391199554292e+01
1.649399999999999977e+00,-1.190964295954624674e+01
1.649000000000000021e+00,-1.191870170349683455e+01
1.648700000000000054e+00,-1.191925996530056331e+01
1.648500000000000076e+00,-1.191424338777856384e+01
1.648099999999999898e+00,-1.190833642000330173e+01
1.647899999999999920e+00,-1.190376560472786061e+01
1.647599999999999953e+00,-1.190567801712082208e+01
1.647199999999999998e+00,-1.191733294050957603e+01
1.646900000000000031e+00,-1.192478344828024106e+01
1.646400000000000086e+00,-1.192891493294441574e+01
1.645899999999999919e+00,-1.193949839628713505e+01
1.645699999999999941e+00,-1.193782383794389546e+01
1.645499999999999963e+00,-1.193184473885208874e+01
1.645100000000000007e+00,-1.193030039952205890e+01
1.644900000000000029e+00,-1.192738975777603372e+01
1.644700000000000051e+00,-1.192029428346431885e+01
1.644300000000000095e+00,-1.192299279372165266e+01
1.644099999999999895e+00,-1.192464901397391586e+01
1.643699999999999939e+00,-1.192383800934643290e+01
1.643499999999999961e+00,-1.192717889139417764e+01
1.643299999999999983e+00,-1.192327671618975593e+01
1.642800000000000038e+00,-1.191917610099596558e+01
1.642600000000000060e+00,-1.191020836857563303e+01
1.642200000000000104e+00,-1.190084880904260167e+01
1.641899999999999915e+00,-1.189471770820411933e+01
1.641799999999999926e+00,-1.189236220196482385e+01
1.641499999999999959e+00,-1.189337763721078112e+01
1.641199999999999992e+00,-1.190037747962391457e+01
1.641000000000000014e+00,-1.190844880919007842e+01
1.640500000000000069e+00,-1.191334345429347152e+01
1.640300000000000091e+00,-1.191765195015070944e+01
1.639799999999999924e+00,-1.192081010741030767e+01
1.639599999999999946e+00,-1.191648824262217587e+01
1.639299999999999979e+00,-1.191568072680455970e+01
1.638800000000000034e+00,-1.191341792980825431e+01
1.638700000000000045e+00,-1.191662999245495058e+01
1.638400000000000079e+00,-1.191533489344053010e+01
1.637999999999999901e+00,-1.191673773196365360e+01
1.637799999999999923e+00,-1.191787062109594864e+01
1.637399999999999967e+00,-1.191970389146784726e+01
1.637199999999999989e+00,-1.191302769015245566e+01
1.636900000000000022e+00,-1.190978172498663490e+01
1.636700000000000044e+00,-1.191198485616926206e+01
1.636200000000000099e+00,-1.190868590496711832e+01
1.635999999999999899e+00,-1.190792187710711048e+01
1.635599999999999943e+00,-1.190719205832635552e+01
1.635299999999999976e+00,-1.190432138384503347e+01
1.635099999999999998e+00,-1.189700972443981364e+01
1.634800000000000031e+00,-1.189235197390781096e+01
1.634600000000000053e+00,-1.188841512728536287e+01
1.634400000000000075e+00,-1.188995907694015308e+01
1.633899999999999908e+00,-1.189213351729806512e+01
1.633699999999999930e+00,-1.189605831986760620e+01
1.633199999999999985e+00,-1.189947895190293714e+01
1.633000000000000007e+00,-1.190131841936788248e+01
1.632800000000000029e+00,-1.190667580796229963e+01
1.632300000000000084e+00,-1.190304711946282801e+01
1.632100000000000106e+00,-1.189824077831101690e+01
1.631699999999999928e+00,-1.189253493183058197e+01
1.631399999999999961e+00,-1.189080323737309897e+01
1.631299999999999972e+00,-1.188580568765147838e+01
1.630900000000000016e+00,-1.189111990266812668e+01
1.630600000000000049e+00,-1.189671821041654631e+01
1.630400000000000071e+00,-1.190325005968141703e+01
1.629899999999999904e+00,-1.190150281053611891e+01
1.629699999999999926e+00,-1.189813292481210816e+01
1.629299999999999971e+00,-1.189106065281830915e+01
1.629099999999999993e+00,-1.188512422255740120e+01
1.628900000000000015e+00,-1.188128380561752451e+01
1.628500000000000059e+00,-1.188173760851167593e+01
1.628300000000000081e+00,-1.187893248078657216e+01
1.628100000000000103e+00,-1.187578465420488527e+01
1.627699999999999925e+00,-1.187267030287930680e+01
1.627399999999999958e+00,-1.187177043923258424e+01
1.627199999999999980e+00,-1.187196770136289459e+01
1.626700000000000035e+00,-1.187823867114641629e+01
1.626500000000000057e+00,-1.188772064871890244e+01
1.626100000000000101e+00,-1.189498456930102144e+01
1.625799999999999912e+00,-1.189273836586672672e+01
1.625399999999999956e+00,-1.188736172656946977e+01
1.625199999999999978e+00,-1.188413764939735806e+01
1.624700000000000033e+00,-1.187855108983393393e+01
1.624500000000000055e+00,-1.187096350957560276e+01
1.624000000000000110e+00,-1.186609186813653061e+01
1.623799999999999910e+00,-1.186554357126973258e+01
1.623599999999999932e+00,-1.185682193907480730e+01
1.623199999999999976e+00,-1.185070452095100890e+01
1.622900000000000009e+00,-1.184998325331823565e+01
1.622700000000000031e+00,-1.185557150531556303e+01
1.622400000000000064e+00,-1.185984991029669189e+01
1.622000000000000108e+00,-1.187275351089395237e+01
1.621699999999999919e+00,-1.188588878313717778e+01
1.621299999999999963e+00,-1.189473601912238721e+01
1.621099999999999985e+00,-1.190057502552008195e+01
1.620900000000000007e+00,-1.189918053012530130e+01
1.620600000000000041e+00,-1.189721145059142948e+01
1.620400000000000063e+00,-1.188792978073796647e+01
1.620000000000000107e+00,-1.187644057797823649e+01
1.619699999999999918e+00,-1.187110019640162584e+01
1.619299999999999962e+00,-1.186575409760484767e+01
1.618999999999999995e+00,-1.186169721361672558e+01
1.618800000000000017e+00,-1.186571035141893837e+01
1.618400000000000061e+00,-1.187132688822437210e+01
1.618200000000000083e+00,-1.187071521361972337e+01
1.617799999999999905e+00,-1.187823078314623260e+01
1.617599999999999927e+00,-1.188369106457844104e+01
1.617299999999999960e+00,-1.188162103142154002e+01
1.616800000000000015e+00,-1.188313394559735414e+01
1.616500000000000048e+00,-1.188073553017719775e+01
1.616000000000000103e+00,-1.187390274671927592e+01
1.615799999999999903e+00,-1.185999259451904564e+01
1.615499999999999936e+00,-1.185732062826676270e+01
1.615299999999999958e+00,-1.185654381268698465e+01
1.614800000000000013e+00,-1.185492101994208092e+01
1.614600000000000035e+00,-1.185730466145514050e+01
1.614100000000000090e+00,-1.185722750371535916e+01
1.613599999999999923e+00,-1.184889814175520151e+01
1.613399999999999945e+00,-1.184237069533002007e+01
1.613199999999999967e+00,-1.183053050058023636e+01
1.612700000000000022e+00,-1.182063963970712805e+01
1.612400000000000055e+00,-1.182068718865732215e+01
1.612100000000000088e+00,-1.182309163359838955e+01
1.611799999999999899e+00,-1.182299860480399900e+01
1.611599999999999921e+00,-1.184033497178625716e+01
1.611199999999999966e+00,-1.184840836179569656e+01
1.610800000000000010e+00,-1.185069309053508846e+01
1.610600000000000032e+00,-1.185752515127612483e+01
1.610400000000000054e+00,-1.186077426595426410e+01
1.610000000000000098e+00,-1.185763038760841326e+01
1.609699999999999909e+00,-1.185478446648201256e+01
1.609299999999999953e+00,-1.185557890315054586e+01
1.608999999999999986e+00,-1.185198855304943244e+01
1.608800000000000008e+00,-1.184455023209331159e+01
1.608300000000000063e+00,-1.183757558563071477e+01
1.608100000000000085e+00,-1.183426131600197273e+01
1.607699999999999907e+00,-1.182930521911658417e+01
1.607399999999999940e+00,-1.182102369193464853e+01
1.606999999999999984e+00,-1.182331486769307105e+01
1.606800000000000006e+00,-1.182069796945191342e+01
1.606500000000000039e+00,-1.181555821437439668e+01
1.606100000000000083e+00,-1.180910053652083036e+01
1.605900000000000105e+00,-1.180841988086288374e+01
1.605599999999999916e+00,-1.181252994613392460e+01
1.605299999999999949e+00,-1.181986854959925282e+01
1.604899999999999993e+00,-1.182977324094301785e+01
1.604700000000000015e+00,-1.183848083541598584e+01
1.604200000000000070e+00,-1.184145561529244439e+01
1.604000000000000092e+00,-1.183524765459985417e+01
1.603499999999999925e+00,-1.183092288395838665e+01
1.603299999999999947e+00,-1.182632585952199555e+01
1.602800000000000002e+00,-1.182565534265565965e+01
1.602700000000000014e+00,-1.182984934932539289e+01
1.602200000000000069e+00,-1.183600909417652325e+01
1.602000000000000091e+00,-1.183755655089831293e+01
1.601599999999999913e+00,-1.183816625646726095e+01
1.601399999999999935e+00,-1.184230920192853986e+01
1.600899999999999990e+00,-1.184233540606517643e+01
1.600600000000000023e+00,-1.184092683284142211e+01
1.600400000000000045e+00,-1.183608011706256846e+01
1.600000000000000089e+00,-1.183892379098626435e+01
1.599699999999999900e+00,-1.183728425551831798e+01
1.599299999999999944e+00,-1.183529388189864839e+01
1.599099999999999966e+00,-1.182709389747675743e+01
1.598700000000000010e+00,-1.182745709874678752e+01
1.598500000000000032e+00,-1.182289908490681540e+01
1.598300000000000054e+00,-1.181791705211480981e+01
1.597699999999999898e+00,-1.181031221253452124e+01
1.597299999999999942e+00,-1.180612212856001264e+01
1.597199999999999953e+00,-1.180673275644243780e+01
1.596700000000000008e+00,-1.180383040283304652e+01
1.596500000000000030e+00,-1.180345439231365923e+01
1.596200000000000063e+00,-1.180166811574338936e+01
1.595900000000000096e+00,-1.180991866346216312e+01
1.595699999999999896e+00,-1.181034777459698226e+01
1.595399999999999929e+00,-1.181560056594400976e+01
1.594999999999999973e+00,-1.181760535383429023e+01
1.594799999999999995e+00,-1.182290255326741502e+01
1.594400000000000039e+00,-1.182013330371233018e+01
1.594100000000000072e+00,-1.181801071181869212e+01
1.593900000000000095e+00,-1.181292987786984661e+01
1.593399999999999928e+00,-1.179974802907331188e+01
1.593199999999999950e+00,-1.179517918947416177e+01
1.592799999999999994e+00,-1.178128565004869799e+01
1.592500000000000027e+00,-1.177554512715013679e+01
1.592100000000000071e+00,-1.177494844558001219e+01
1.591900000000000093e+00,-1.178235499385497853e+01
1.591499999999999915e+00,-1.178634040437977148e+01
1.591199999999999948e+00,-1.180174481851391199e+01
1.590999999999999970e+00,-1.180889363450142504e+01
1.590600000000000014e+00,-1.180809285108976070e+01
1.590500000000000025e+00,-1.181288177978932730e+01
1.590100000000000069e+00,-1.181360034041477469e+01
1.589800000000000102e+00,-1.181165196494256264e+01
1.589599999999999902e+00,-1.181310543829423843e+01
1.589099999999999957e+00,-1.181663701364167629e+01
1.588700000000000001e+00,-1.181058814031764292e+01
1.588400000000000034e+00,-1.180609183640983595e+01
1.588200000000000056e+00,-1.179967569596866817e+01
1.587800000000000100e+00,-1.178759683825407478e+01
1.587599999999999900e+00,-1.178075051844619558e+01
1.587099999999999955e+00,-1.177989719474879848e+01
1.586799999999999988e+00,-1.177938966357226747e+01
1.586400000000000032e+00,-1.178067832860542374e+01
1.586200000000000054e+00,-1.178540948351035489e+01
1.586000000000000076e+00,-1.179029997749929493e+01
1.585499999999999909e+00,-1.179264559320665562e+01
1.585299999999999931e+00,-1.180005409801378313e+01
1.584899999999999975e+00,-1.180422827917616857e+01
1.584699999999999998e+00,-1.181040362466919014e+01
1.584300000000000042e+00,-1.181464808046060710e+01
1.584100000000000064e+00,-1.182320585556763426e+01
1.583700000000000108e+00,-1.182776460071720237e+01
1.583399999999999919e+00,-1.183473446155734798e+01
1.583199999999999941e+00,-1.183814058822431470e+01
1.582699999999999996e+00,-1.183751542824095004e+01
1.582500000000000018e+00,-1.182937376705293886e+01
1.582300000000000040e+00,-1.182219533308222204e+01
1.581900000000000084e+00,-1.181606897587984761e+01
1.581700000000000106e+00,-1.180698234922804346e+01
1.581299999999999928e+00,-1.180594583853687674e+01
1.581199999999999939e+00,-1.181226457943239438e+01
1.580600000000000005e+00,-1.181342429008018513e+01
1.580400000000000027e+00,-1.181105649188739193e+01
1.579900000000000082e+00,-1.181177713717930544e+01
1.579700000000000104e+00,-1.180699482771129105e+01
1.579199999999999937e+00,-1.179810497485035725e+01
1.578999999999999959e+00,-1.179017836982522383e+01
1.578699999999999992e+00,-1.179143725179500279e+01
1.578400000000000025e+00,-1.179718362116492791e+01
1.577900000000000080e+00,-1.180090237232249528e+01
1.577800000000000091e+00,-1.180331709876698909e+01
1.577399999999999913e+00,-1.180740352163624252e+01
1.577099999999999946e+00,-1.180548205501570713e+01
1.576799999999999979e+00,-1.180148303562146594e+01
1.576300000000000034e+00,-1.179534151492418736e+01
1.576100000000000056e+00,-1.179386974095135443e+01
1.575599999999999890e+00,-1.179379858561584271e+01
1.575399999999999912e+00,-1.179641754044329005e+01
1.574999999999999956e+00,-1.180076392936803309e+01
1.574799999999999978e+00,-1.181080955414394573e+01
1.574400000000000022e+00,-1.181749854559606483e+01
1.574000000000000066e+00,-1.181888256187500907e+01
1.573700000000000099e+00,-1.182072954242101304e+01
1.573399999999999910e+00,-1.181932306830411861e+01
1.573099999999999943e+00,-1.181915908264517867e+01
1.572699999999999987e+00,-1.181789493622333076e+01
1.572500000000000009e+00,-1.182349167957029401e+01
1.572200000000000042e+00,-1.182406703160394912e+01
1.571800000000000086e+00,-1.182300497618256330e+01
1.571499999999999897e+00,-1.181972599918194966e+01
1.571299999999999919e+00,-1.181654993742085935e+01
1.570799999999999974e+00,-1.181517873091723914e+01
1.570599999999999996e+00,-1.181578510983806396e+01
1.570200000000000040e+00,-1.181870370162950401e+01
1.569900000000000073e+00,-1.181623087532092420e+01
1.569499999999999895e+00,-1.181790208098186490e+01
1.569199999999999928e+00,-1.181345729812079171e+01
1.569099999999999939e+00,-1.181501864949925640e+01
1.568599999999999994e+00,-1.181859032422467948e+01
1.568400000000000016e+00,-1.182634059369656931e+01
1.568100000000000049e+00,-1.182813175324488952e+01
1.567900000000000071e+00,-1.182792749626619688e+01
1.567399999999999904e+00,-1.182762774326627486e+01
1.567099999999999937e+00,-1.182455223586377535e+01
1.566699999999999982e+00,-1.182696753861366190e+01
1.566400000000000015e+00,-1.182870173816678872e+01
1.566000000000000059e+00,-1.183402117265648634e+01
1.565800000000000081e+00,-1.183623815236588328e+01
1.565399999999999903e+00,-1.184128659071449796e+01
1.565199999999999925e+00,-1.184419806567367495e+01
1.564799999999999969e+00,-1.185350024966579063e+01
1.564300000000000024e+00,-1.185936457701854252e+01
1.564000000000000057e+00,-1.186359574151772733e+01
1.563600000000000101e+00,-1.185961417560256415e+01
1.563399999999999901e+00,-1.185158277944874072e+01
1.563099999999999934e+00,-1.183933813989797379e+01
1.562699999999999978e+00,-1.183565208403743263e+01
1.562599999999999989e+00,-1.183169350976766232e+01
1.562400000000000011e+00,-1.183843541612113270e+01
1.562000000000000055e+00,-1.184498253196532325e+01
1.561800000000000077e+00,-1.184889140488552961e+01
1.561299999999999910e+00,-1.184300372164597093e+01
1.560999999999999943e+00,-1.183769204131789010e+01
1.560699999999999976e+00,-1.182748701219211895e+01
1.560300000000000020e+00,-1.182611544277185978e+01
1.560100000000000042e+00,-1.183450661483918864e+01
1.559600000000000097e+00,-1.184412852328294008e+01
1.559399999999999897e+00,-1.185442306431812476e+01
1.559299999999999908e+00,-1.186020590525284391e+01
1.558799999999999963e+00,-1.185987573193318667e+01
1.558599999999999985e+00,-1.185444508108986383e+01
1.558200000000000029e+00,-1.185333576680415391e+01
1.558000000000000052e+00,-1.185349653935956127e+01
1.557800000000000074e+00,-1.186074423224790841e+01
1.557600000000000096e+00,-1.187248808927059152e+01
1.557099999999999929e+00,-1.188042862786946330e+01
1.556899999999999951e+00,-1.188125559933327047e+01
1.556400000000000006e+00,-1.188525896958551975e+01
1.556000000000000050e+00,-1.188786040814689038e+01
1.555800000000000072e+00,-1.188487011122348136e+01
1.555399999999999894e+00,-1.188307749678464731e+01
1.555299999999999905e+00,-1.188320385915091215e+01
1.554799999999999960e+00,-1.187839632347871621e+01
1.554599999999999982e+00,-1.187215808653573035e+01
1.554100000000000037e+00,-1.186261195618910946e+01
1.553900000000000059e+00,-1.185160876846787126e+01
1.553399999999999892e+00,-1.184590867005612402e+01
1.553199999999999914e+00,-1.183412814526781176e+01
1.552999999999999936e+00,-1.182366422001084061e+01
1.552599999999999980e+00,-1.181496834888461045e+01
1.552300000000000013e+00,-1.181377012930938442e+01
1.551900000000000057e+00,-1.180968194031371787e+01
1.551700000000000079e+00,-1.181201073891934072e+01
1.551500000000000101e+00,-1.181861348484476792e+01
1.551099999999999923e+00,-1.183263748290037931e+01
1.550799999999999956e+00,-1.184967378400479632e+01
1.550300000000000011e+00,-1.188225229558172202e+01
1.550100000000000033e+00,-1.193428292016580983e+01
1.549900000000000055e+00,-1.199688061702362774e+01
1.549400000000000110e+00,-1.207461379422868042e+01
1.549199999999999910e+00,-1.216434135388848325e+01
1.548799999999999955e+00,-1.226932527654884986e+01
1.548499999999999988e+00,-1.237638807846670552e+01
1.548100000000000032e+00,-1.250217204908872581e+01
1.547900000000000054e+00,-1.263662319385815103e+01
1.547500000000000098e+00,-1.278960291005430605e+01
1.547199999999999909e+00,-1.294517584723688053e+01
1.546999999999999931e+00,-1.311482981257709568e+01
1.546599999999999975e+00,-1.328052081097242976e+01
1.546399999999999997e+00,-1.346104704388305429e+01
1.545900000000000052e+00,-1.364895925372512586e+01
1.545700000000000074e+00,-1.384215235431397595e+01
1.545299999999999896e+00,-1.404509225877474599e+01
1.545099999999999918e+00,-1.426256713456037950e+01
1.544599999999999973e+00,-1.447907822918557841e+01
1.544300000000000006e+00,-1.469653962412047044e+01
1.544100000000000028e+00,-1.492251046143775994e+01
1.543600000000000083e+00,-1.514308269120308204e+01
1.543500000000000094e+00,-1.536655728668394261e+01
1.543299999999999894e+00,-1.559053254740365269e+01
1.542899999999999938e+00,-1.581939234781594372e+01
1.542699999999999960e+00,-1.605688855218327760e+01
1.542200000000000015e+00,-1.629496773225887196e+01
1.542000000000000037e+00,-1.653111159595037449e+01
1.541500000000000092e+00,-1.677739862132147763e+01
1.541299999999999892e+00,-1.701464489781388778e+01
1.541099999999999914e+00,-1.725795015467122795e+01
1.540599999999999969e+00,-1.750320253127608794e+01
1.540399999999999991e+00,-1.774712414236677560e+01
1.540000000000000036e+00,-1.797309704732567681e+01
1.539700000000000069e+00,-1.821203819637649701e+01
1.539299999999999891e+00,-1.842236132369494328e+01
1.539099999999999913e+00,-1.862634933628502765e+01
1.538899999999999935e+00,-1.882485181993374823e+01
1.538499999999999979e+00,-1.902772768587961139e+01
1.538200000000000012e+00,-1.920908645258019476e+01
1.538000000000000034e+00,-1.939889607913559644e+01
1.537800000000000056e+00,-1.958067951974902243e+01
1.537199999999999900e+00,-1.977284953688922187e+01
1.536999999999999922e+00,-1.995975551217464528e+01
1.536799999999999944e+00,-2.014709041108918086e+01
1.536399999999999988e+00,-2.032576254187880238e+01
1.535900000000000043e+00,-2.051630006303185638e+01
1.535600000000000076e+00,-2.068146590796675000e+01
1.535199999999999898e+00,-2.083157783295368048e+01
1.534999999999999920e+00,-2.096935636215567200e+01
1.534799999999999942e+00,-2.110704021049687640e+01
1.534599999999999964e+00,-2.122499070620460770e+01
1.534100000000000019e+00,-2.133844168636760230e+01
1.534000000000000030e+00,-2.145042696540720684e+01
1.533500000000000085e+00,-2.156228144656220636e+01
1.533400000000000096e+00,-2.167012827418123067e+01
1.532999999999999918e+00,-2.177247741455855135e+01
1.532799999999999940e+00,-2.187801138767563103e+01
1.532499999999999973e+00,-2.198474105596447004e+01
1.532100000000000017e+00,-2.209053444437995850e+01
1.531800000000000050e+00,-2.218941099141856554e+01
1.531600000000000072e+00,-2.228402943794775837e+01
1.531099999999999905e+00,-2.237063017423871969e+01
1.530899999999999928e+00,-2.245229581295519949e+01
1.530399999999999983e+00,-2.253526850780444946e+01
1.530299999999999994e+00,-2.261621698537878444e+01
1.529800000000000049e+00,-2.269782691128756014e+01
1.529600000000000071e+00,-2.277387579131338669e+01
1.529300000000000104e+00,-2.284542993769698782e+01
1.528799999999999937e+00,-2.291718268440982698e+01
1.528699999999999948e+00,-2.299094417193357742e+01
1.528200000000000003e+00,-2.305625609559623612e+01
1.528000000000000025e+00,-2.311770062755340049e+01
1.527600000000000069e+00,-2.318349695788889164e+01
1.527300000000000102e+00,-2.323649637210233010e+01
1.526899999999999924e+00,-2.328238315129814495e+01
1.526599999999999957e+00,-2.332975411620523332e+01
1.526299999999999990e+00,-2.339088149524846827e+01
1.525800000000000045e+00,-2.344929493210183580e+01
1.525600000000000067e+00,-2.351228025395328558e+01
1.525199999999999889e+00,-2.357350575555104655e+01
1.524999999999999911e+00,-2.363729113941025162e+01
1.524799999999999933e+00,-2.369497131383617372e+01
1.524399999999999977e+00,-2.374411674374070458e+01
1.524100000000000010e+00,-2.378212381373916173e+01
1.523900000000000032e+00,-2.381125521949710233e+01
1.523500000000000076e+00,-2.384857431922702986e+01
1.523200000000000109e+00,-2.388090758790172075e+01
1.522799999999999931e+00,-2.391923419011864027e+01
1.522599999999999953e+00,-2.396328151568836873e+01
1.522199999999999998e+00,-2.401041143339103812e+01
1.522100000000000009e+00,-2.405743058185881367e+01
1.521600000000000064e+00,-2.410186130662121684e+01
1.521400000000000086e+00,-2.414413119634049920e+01
1.521200000000000108e+00,-2.418187570174805145e+01
1.520699999999999941e+00,-2.422345967404086764e+01
1.520499999999999963e+00,-2.425185984142839857e+01
1.520199999999999996e+00,-2.428162114452840470e+01
1.519800000000000040e+00,-2.431331852750038891e+01
1.519400000000000084e+00,-2.435076307847415222e+01
1.519200000000000106e+00,-2.438603256390690888e+01
1.518699999999999939e+00,-2.442433838612749497e+01
1.518299999999999983e+00,-2.446601687706710493e+01
1.517900000000000027e+00,-2.450293214042630296e+01
1.517600000000000060e+00,-2.453297197088526005e+01
1.517300000000000093e+00,-2.456588906659195004e+01
1.516899999999999915e+00,-2.459492064097061359e+01
1.516699999999999937e+00,-2.461619647888872819e+01
1.516199999999999992e+00,-2.463992501354810116e+01
1.516000000000000014e+00,-2.466665322822435513e+01
1.515800000000000036e+00,-2.468562665679456813e+01
1.515300000000000091e+00,-2.470577785210558019e+01
1.514999999999999902e+00,-2.472465171006847484e+01
1.514599999999999946e+00,-2.474578276848875191e+01
1.514399999999999968e+00,-2.476219754252682748e+01
1.513900000000000023e+00,-2.477670523065238228e+01
1.513700000000000045e+00,-2.479074781878663813e+01
1.513300000000000090e+00,-2.481050985338372072e+01
1.513099999999999890e+00,-2.481936742478256619e+01
1.512899999999999912e+00,-2.484065133709710693e+01
1.512399999999999967e+00,-2.486610692006001244e+01
1.512199999999999989e+00,-2.489265803248673237e+01
1.511800000000000033e+00,-2.491110789129245973e+01
1.511500000000000066e+00,-2.493857061610253467e+01
1.511100000000000110e+00,-2.495677860006644266e+01
1.510899999999999910e+00,-2.497342184143762722e+01
1.510499999999999954e+00,-2.498997308349925106e+01
1.510299999999999976e+00,-2.500865103566667003e+01
1.510099999999999998e+00,-2.502867298358989245e+01
1.509700000000000042e+00,-2.505072431063924654e+01
1.509400000000000075e+00,-2.506991780201216002e+01
1.508999999999999897e+00,-2.509064878820681344e+01
1.508799999999999919e+00,-2.511519713988684188e+01
1.508299999999999974e+00,-2.513762060170281387e+01
1.508099999999999996e+00,-2.515647786880258252e+01
1.507700000000000040e+00,-2.517840797962071875e+01
1.507400000000000073e+00,-2.519510334259310014e+01
1.506999999999999895e+00,-2.521277195406311833e+01
1.506799999999999917e+00,-2.522900342657112560e+01
1.506499999999999950e+00,-2.524359932855012190e+01
1.506299999999999972e+00,-2.525260218222961939e+01
1.505900000000000016e+00,-2.526262198914989909e+01
1.505600000000000049e+00,-2.526974540300451366e+01
1.504899999999999904e+00,-2.527714711266080982e+01
1.504699999999999926e+00,-2.528409428477145227e+01
1.504199999999999982e+00,-2.529832505211403060e+01
1.503800000000000026e+00,-2.531425151341103330e+01
1.503300000000000081e+00,-2.532863059010424678e+01
1.503100000000000103e+00,-2.534480013937877274e+01
1.502799999999999914e+00,-2.536430546230143435e+01
1.502399999999999958e+00,-2.538188645086223971e+01
1.502199999999999980e+00,-2.539523039585649045e+01
1.501800000000000024e+00,-2.540825287354851625e+01
1.501400000000000068e+00,-2.541292023891632113e+01
1.501200000000000090e+00,-2.541605849134313644e+01
1.500999999999999890e+00,-2.542441195139847920e+01
1.500499999999999945e+00,-2.544122430042948224e+01
1.500399999999999956e+00,-2.545414494232032965e+01
1.500099999999999989e+00,-2.546995656439197830e+01
1.499700000000000033e+00,-2.548084703482826541e+01
1.499500000000000055e+00,-2.548736696373753219e+01
1.499000000000000110e+00,-2.548578410090144786e+01
1.498799999999999910e+00,-2.548934465736472532e+01
1.498299999999999965e+00,-2.549573602462238853e+01
1.498099999999999987e+00,-2.550738941801015613e+01
1.497600000000000042e+00,-2.551448104552898499e+01
1.497400000000000064e+00,-2.552065065097162844e+01
1.496899999999999897e+00,-2.552861644195152024e+01
1.496699999999999919e+00,-2.553580726649594013e+01
1.496199999999999974e+00,-2.554113793626709850e+01
1.495800000000000018e+00,-2.554966952509195366e+01
1.495500000000000052e+00,-2.556209460158547131e+01
1.495300000000000074e+00,-2.557144470060633168e+01
1.494899999999999896e+00,-2.558083183739477562e+01
1.494699999999999918e+00,-2.559488949789738399e+01
1.494199999999999973e+00,-2.560199453183912865e+01
1.494099999999999984e+00,-2.561504659119493965e+01
1.493600000000000039e+00,-2.562757736079911197e+01
1.493400000000000061e+00,-2.563259788956238694e+01
1.492899999999999894e+00,-2.563529409672103299e+01
1.492699999999999916e+00,-2.564092221698559015e+01
1.492299999999999960e+00,-2.564301522472938188e+01
1.492099999999999982e+00,-2.564527467206610467e+01
1.491700000000000026e+00,-2.565240704770703672e+01
1.491200000000000081e+00,-2.566016647477429657e+01
1.491000000000000103e+00,-2.566601125876276157e+01
1.490699999999999914e+00,-2.567472533719548622e+01
1.490299999999999958e+00,-2.568454283162484231e+01
1.490099999999999980e+00,-2.569023384284017553e+01
1.489600000000000035e+00,-2.569911782127030975e+01
1.489500000000000046e+00,-2.571646576639101411e+01
1.489200000000000079e+00,-2.572410321905714525e+01
1.488899999999999890e+00,-2.573135424896642576e+01
1.488199999999999967e+00,-2.574078726213201307e+01
1.487999999999999989e+00,-2.575122810014894270e+01
1.487700000000000022e+00,-2.575820436391366997e+01
1.487400000000000055e+00,-2.577882124837692501e+01
1.487100000000000088e+00,-2.579523725483833019e+01
1.486799999999999899e+00,-2.581499519003264709e+01
1.486499999999999932e+00,-2.582551473086606819e+01
1.486099999999999977e+00,-2.584086565285851833e+01
1.485800000000000010e+00,-2.584022631483155408e+01
1.485300000000000065e+00,-2.585134258330144519e+01
1.485100000000000087e+00,-2.585906301592048706e+01
1.484900000000000109e+00,-2.586793202471231012e+01
1.484399999999999942e+00,-2.586737037559232277e+01
1.484199999999999964e+00,-2.587329422148336278e+01
1.483899999999999997e+00,-2.586348182539603613e+01
1.483600000000000030e+00,-2.585385369094965213e+01
1.483200000000000074e+00,-2.584562099910057498e+01
1.483000000000000096e+00,-2.584357877368708145e+01
1.482599999999999918e+00,-2.583896757351843121e+01
1.482399999999999940e+00,-2.583937525708533300e+01
1.481999999999999984e+00,-2.584073226709247351e+01
1.481800000000000006e+00,-2.584746550713411040e+01
1.481600000000000028e+00,-2.584990423602183540e+01
1.481200000000000072e+00,-2.585108555602670322e+01
1.480900000000000105e+00,-2.585554443176173223e+01
1.480499999999999927e+00,-2.586503073258992913e+01
1.480299999999999949e+00,-2.587072620169016091e+01
1.479899999999999993e+00,-2.588407700833121439e+01
1.479600000000000026e+00,-2.589690344522769649e+01
1.479400000000000048e+00,-2.591616546716683800e+01
1.479000000000000092e+00,-2.592992181683039021e+01
1.478799999999999892e+00,-2.594732053461549981e+01
1.478299999999999947e+00,-2.595599583017242296e+01
1.478099999999999969e+00,-2.596383820074287030e+01
1.477600000000000025e+00,-2.596996820624801217e+01
1.477400000000000047e+00,-2.597419912218866500e+01
1.476900000000000102e+00,-2.597752239171267519e+01
1.476699999999999902e+00,-2.598118765736727198e+01
1.476399999999999935e+00,-2.598583138311176199e+01
1.475999999999999979e+00,-2.598695828437823252e+01
1.475600000000000023e+00,-2.599803517086767002e+01
1.475400000000000045e+00,-2.600565620680027124e+01
1.474900000000000100e+00,-2.601283231796639939e+01
1.474699999999999900e+00,-2.602488824832986580e+01
1.474299999999999944e+00,-2.603635623184045755e+01
1.474099999999999966e+00,-2.603656845715500268e+01
1.473600000000000021e+00,-2.603483968745566202e+01
1.473500000000000032e+00,-2.603355994231830195e+01
1.473000000000000087e+00,-2.603363449478611358e+01
1.472800000000000109e+00,-2.602914920371922491e+01
1.472399999999999931e+00,-2.603076219758102994e+01
1.472199999999999953e+00,-2.603941855541712158e+01
1.471899999999999986e+00,-2.605286385967624341e+01
1.471400000000000041e+00,-2.605731063652131851e+01
1.471200000000000063e+00,-2.606907499441999931e+01
1.470699999999999896e+00,-2.607864107614841842e+01
1.470499999999999918e+00,-2.608227934950739169e+01
1.470199999999999951e+00,-2.607930339253820762e+01
1.469799999999999995e+00,-2.608517199999292302e+01
1.469600000000000017e+00,-2.608333859414467426e+01
1.469400000000000039e+00,-2.608146783637680954e+01
1.469000000000000083e+00,-2.608137008764631304e+01
1.468800000000000106e+00,-2.608567118097558435e+01
1.468599999999999905e+00,-2.608395010120910484e+01
1.468099999999999961e+00,-2.608675785022517246e+01
1.467899999999999983e+00,-2.608902868497429495e+01
1.467600000000000016e+00,-2.609195139923962969e+01
1.467300000000000049e+00,-2.609158233860174292e+01
1.466900000000000093e+00,-2.609716380882941067e+01
1.466699999999999893e+00,-2.609983387562346380e+01
1.466299999999999937e+00,-2.610254742605337341e+01
1.466099999999999959e+00,-2.610731226925642900e+01
1.465700000000000003e+00,-2.611894821237962816e+01
1.465400000000000036e+00,-2.612886330166868021e+01
1.465200000000000058e+00,-2.614142130765960559e+01
1.464800000000000102e+00,-2.615062260073373679e+01
1.464499999999999913e+00,-2.615471871481637578e+01
1.464099999999999957e+00,-2.615815357909882621e+01
1.463899999999999979e+00,-2.615546030848008030e+01
1.463500000000000023e+00,-2.615222989327557457e+01
1.463200000000000056e+00,-2.614709073299269448e+01
1.463000000000000078e+00,-2.613925985616154080e+01
1.462499999999999911e+00,-2.612821961310011787e+01
1.462099999999999955e+00,-2.612592832918890551e+01
1.461899999999999977e+00,-2.612819890829335989e+01
1.461600000000000010e+00,-2.613396189056198082e+01
1.461200000000000054e+00,-2.614484053883141357e+01
1.461000000000000076e+00,-2.615372355426907802e+01
1.460800000000000098e+00,-2.616078222217703342e+01
1.460299999999999931e+00,-2.616174072966763120e+01
1.460099999999999953e+00,-2.616812141679656989e+01
1.459899999999999975e+00,-2.616858778047508238e+01
1.459699999999999998e+00,-2.617377735364183167e+01
1.459300000000000042e+00,-2.617814167354258359e+01
1.459100000000000064e+00,-2.618403806093648356e+01
1.458599999999999897e+00,-2.618598670992559718e+01
1.458499999999999908e+00,-2.619540953761649149e+01
1.458299999999999930e+00,-2.620315324140747038e+01
1.457799999999999985e+00,-2.621085242024694040e+01
1.457600000000000007e+00,-2.621402761251771452e+01
1.457200000000000051e+00,-2.621711008156495026e+01
1.456900000000000084e+00,-2.621054354664940789e+01
1.456499999999999906e+00,-2.620997657738814368e+01
1.456199999999999939e+00,-2.620138392799641025e+01
1.455699999999999994e+00,-2.619970372645017775e+01
1.455500000000000016e+00,-2.619930498312709588e+01
1.455100000000000060e+00,-2.620080610662454745e+01
1.454900000000000082e+00,-2.620039353038859531e+01
1.454700000000000104e+00,-2.620623196677544797e+01
1.454299999999999926e+00,-2.620456132354946277e+01
1.454099999999999948e+00,-2.620287790507678949e+01
1.453699999999999992e+00,-2.620733954678315314e+01
1.453400000000000025e+00,-2.620799314870989960e+01
1.453000000000000069e+00,-2.621596936457214255e+01
1.452800000000000091e+00,-2.622735025595117264e+01
1.452399999999999913e+00,-2.623539101158110398e+01
1.452199999999999935e+00,-2.624419707876655750e+01
1.451899999999999968e+00,-2.625034991644702131e+01
1.451500000000000012e+00,-2.624569657556606472e+01
1.451300000000000034e+00,-2.624445999147705066e+01
1.450900000000000079e+00,-2.624312179675423806e+01
1.450700000000000101e+00,-2.624004992300386974e+01
1.450299999999999923e+00,-2.623574646950419975e+01
1.450099999999999945e+00,-2.623952604896860308e+01
1.449899999999999967e+00,-2.623737064437379729e+01
1.449500000000000011e+00,-2.623850446601370834e+01
1.449200000000000044e+00,-2.623896839675364490e+01
1.449100000000000055e+00,-2.624501150779188663e+01
1.448700000000000099e+00,-2.624920285765684724e+01
1.448399999999999910e+00,-2.625968572330737771e+01
1.447899999999999965e+00,-2.626997364875336771e+01
1.447699999999999987e+00,-2.627775883059811335e+01
1.447200000000000042e+00,-2.628265009459083501e+01
1.447000000000000064e+00,-2.628628948803633847e+01
1.446600000000000108e+00,-2.628496074376672098e+01
1.446399999999999908e+00,-2.628188806846863557e+01
1.445899999999999963e+00,-2.627069786873069646e+01
1.445699999999999985e+00,-2.625691976494058366e+01
1.445200000000000040e+00,-2.624631298224231912e+01
1.445000000000000062e+00,-2.623945814631177242e+01
1.444600000000000106e+00,-2.623888493152114165e+01
1.444099999999999939e+00,-2.625484951952326895e+01
1.443999999999999950e+00,-2.626777217473639681e+01
1.443599999999999994e+00,-2.628315865637074822e+01
1.443400000000000016e+00,-2.629100569503016160e+01
1.443100000000000049e+00,-2.629418403847859409e+01
1.442900000000000071e+00,-2.628938296519354623e+01
1.442399999999999904e+00,-2.629147238503902173e+01
1.442199999999999926e+00,-2.628490216375199751e+01
1.441799999999999971e+00,-2.628744376194556764e+01
1.441500000000000004e+00,-2.629384381812448268e+01
1.441400000000000015e+00,-2.629827721448728184e+01
1.441200000000000037e+00,-2.630328129145174998e+01
1.440800000000000081e+00,-2.631205908350385414e+01
1.440600000000000103e+00,-2.631616700178661361e+01
1.440199999999999925e+00,-2.631717666920073384e+01
1.439999999999999947e+00,-2.632249189292133806e+01
1.439699999999999980e+00,-2.633241617021574044e+01
1.439300000000000024e+00,-2.633831260071737645e+01
1.439100000000000046e+00,-2.634425612611144629e+01
1.438800000000000079e+00,-2.634986640044710526e+01
1.438399999999999901e+00,-2.635235911437959544e+01
1.438199999999999923e+00,-2.635302248944669046e+01
1.437999999999999945e+00,-2.635165032325768664e+01
1.437599999999999989e+00,-2.635660720989772443e+01
1.437400000000000011e+00,-2.635679508235809365e+01
1.436900000000000066e+00,-2.635603458526168552e+01
1.436700000000000088e+00,-2.635667055619093802e+01
1.436299999999999910e+00,-2.636059064772953775e+01
1.435999999999999943e+00,-2.635905854082708188e+01
1.435799999999999965e+00,-2.636411871180708744e+01
1.435400000000000009e+00,-2.636890276653390330e+01
1.435200000000000031e+00,-2.636469096575631710e+01
1.435000000000000053e+00,-2.636044070098174075e+01
1.434500000000000108e+00,-2.635252264791519750e+01
1.434399999999999897e+00,-2.634562047777532001e+01
1.434099999999999930e+00,-2.633896358201458199e+01
1.433699999999999974e+00,-2.633619558661558102e+01
1.433499999999999996e+00,-2.633587992087592156e+01
1.433300000000000018e+00,-2.633827994673841744e+01
1.432800000000000074e+00,-2.633813368590940840e+01
1.432600000000000096e+00,-2.634486143688794968e+01
1.432099999999999929e+00,-2.634690687125872088e+01
1.431899999999999951e+00,-2.635042980126088707e+01
1.431699999999999973e+00,-2.635661957045641657e+01
1.431200000000000028e+00,-2.636458334967027639e+01
1.431000000000000050e+00,-2.637286575569851266e+01
1.430600000000000094e+00,-2.637995780577349691e+01
1.430199999999999916e+00,-2.638534546381209012e+01
1.429999999999999938e+00,-2.638850725495710137e+01
1.429799999999999960e+00,-2.638958799531819110e+01
1.429300000000000015e+00,-2.638343922416706988e+01
1.429100000000000037e+00,-2.638334766186599367e+01
1.428600000000000092e+00,-2.639167173070687156e+01
1.428399999999999892e+00,-2.640458857221659983e+01
1.428199999999999914e+00,-2.641473554058824647e+01
1.427899999999999947e+00,-2.642806325667622502e+01
1.427599999999999980e+00,-2.643925864990313812e+01
1.427200000000000024e+00,-2.643730528046138417e+01
1.427000000000000046e+00,-2.643160948395916066e+01
1.426800000000000068e+00,-2.643030493680108250e+01
1.426299999999999901e+00,-2.643029111523386021e+01
1.426099999999999923e+00,-2.643055750969923068e+01
1.425699999999999967e+00,-2.642969615597921518e+01
1.425499999999999989e+00,-2.642473549679468192e+01
1.425100000000000033e+00,-2.642002370157346292e+01
1.424900000000000055e+00,-2.641708565758148097e+01
1.424500000000000099e+00,-2.641291713272007868e+01
1.424299999999999899e+00,-2.641119123526512524e+01
1.423899999999999944e+00,-2.641385222796353460e+01
1.423599999999999977e+00,-2.641507668372087991e+01
1.423200000000000021e+00,-2.642061798502091818e+01
1.422900000000000054e+00,-2.642614320801559913e+01
1.422500000000000098e+00,-2.643202240039686401e+01
1.422199999999999909e+00,-2.643681525561401457e+01
1.421999999999999931e+00,-2.644825396953508090e+01
1.421599999999999975e+00,-2.645547801539381538e+01
1.421300000000000008e+00,-2.646533448668296629e+01
1.421100000000000030e+00,-2.647844120688768044e+01
1.420700000000000074e+00,-2.648243498129719242e+01
1.420500000000000096e+00,-2.648274350924871356e+01
1.420099999999999918e+00,-2.648058117913763709e+01
1.419899999999999940e+00,-2.647679123607658980e+01
1.419699999999999962e+00,-2.646902727400555833e+01
1.419300000000000006e+00,-2.646877636959053959e+01
1.419000000000000039e+00,-2.646791645577093988e+01
1.418800000000000061e+00,-2.646128636284571201e+01
1.418400000000000105e+00,-2.645305260061202546e+01
1.418099999999999916e+00,-2.644857627715122916e+01
1.417699999999999960e+00,-2.644949871918343476e+01
1.417399999999999993e+00,-2.644306580044573707e+01
1.417300000000000004e+00,-2.644022245238595659e+01
1.416900000000000048e+00,-2.643797498987541772e+01
1.416600000000000081e+00,-2.643281088100988896e+01
1.416199999999999903e+00,-2.642445988585505390e+01
1.415999999999999925e+00,-2.642070987992316233e+01
1.415699999999999958e+00,-2.642011237420936354e+01
1.415200000000000014e+00,-2.642229911620462701e+01
1.415000000000000036e+00,-2.642729736194691981e+01
1.414500000000000091e+00,-2.643833600526910743e+01
1.414299999999999891e+00,-2.645231457493423122e+01
1.414099999999999913e+00,-2.646521787415943905e+01
1.413699999999999957e+00,-2.647389033621571031e+01
1.413499999999999979e+00,-2.648042083019961979e+01
1.413000000000000034e+00,-2.648019054365811797e+01
1.412800000000000056e+00,-2.648220298470081602e+01
1.412400000000000100e+00,-2.648697842286905413e+01
1.412199999999999900e+00,-2.649503497676973396e+01
1.411699999999999955e+00,-2.650190910261439470e+01
1.411499999999999977e+00,-2.651328019930308599e+01
1.411100000000000021e+00,-2.651593238313674661e+01
1.410900000000000043e+00,-2.651649521333697379e+01
1.410700000000000065e+00,-2.651550379655385825e+01
1.410199999999999898e+00,-2.651532391277098810e+01
1.409799999999999942e+00,-2.650522591425750818e+01
1.409499999999999975e+00,-2.649873068871787041e+01
1.409299999999999997e+00,-2.649216718141576976e+01
1.408800000000000052e+00,-2.648626029957155836e+01
1.408500000000000085e+00,-2.648680908649024346e+01
1.408400000000000096e+00,-2.649384565650856871e+01
1.407899999999999929e+00,-2.649614103575524382e+01
1.407799999999999940e+00,-2.649937867151584570e+01
1.407599999999999962e+00,-2.650544191142988026e+01
1.407200000000000006e+00,-2.650696022218589221e+01
1.407000000000000028e+00,-2.651099733201399644e+01
1.406500000000000083e+00,-2.651631800995556176e+01
1.406300000000000106e+00,-2.651575104095769930e+01
1.405999999999999917e+00,-2.651460718636110059e+01
1.405499999999999972e+00,-2.651288341729528142e+01
1.405200000000000005e+00,-2.650449538014208528e+01
1.405000000000000027e+00,-2.649373608566506277e+01
1.404700000000000060e+00,-2.648807237003690673e+01
1.404400000000000093e+00,-2.648472180527626563e+01
1.403999999999999915e+00,-2.648190866165266399e+01
1.403799999999999937e+00,-2.647939006941012252e+01
1.403399999999999981e+00,-2.648409240472403425e+01
1.403100000000000014e+00,-2.649169490384316461e+01
1.402700000000000058e+00,-2.649637663833713219e+01
1.402500000000000080e+00,-2.650180305890447130e+01
1.402300000000000102e+00,-2.650517285325636152e+01
1.401899999999999924e+00,-2.650516984671301302e+01
1.401699999999999946e+00,-2.650554937457326687e+01
1.401200000000000001e+00,-2.650583818593919716e+01
1.401000000000000023e+00,-2.650121582436458567e+01
1.400600000000000067e+00,-2.650174775276091310e+01
1.400400000000000089e+00,-2.650151980238789307e+01
1.400199999999999889e+00,-2.649651220719494304e+01
1.399599999999999955e+00,-2.648831960725815549e+01
1.399399999999999977e+00,-2.648417883520957616e+01
1.398900000000000032e+00,-2.648856084035554304e+01
1.398700000000000054e+00,-2.649695002943951039e+01
1.398200000000000109e+00,-2.650460050956280966e+01
1.397999999999999909e+00,-2.651568531526891803e+01
1.397599999999999953e+00,-2.652163670718597643e+01
1.397199999999999998e+00,-2.651977007896010008e+01
1.396900000000000031e+00,-2.651804842658276939e+01
1.396500000000000075e+00,-2.651365411555049789e+01
1.396300000000000097e+00,-2.650923099948708384e+01
1.395799999999999930e+00,-2.650483186009043379e+01
1.395599999999999952e+00,-2.650709815925987556e+01
1.395199999999999996e+00,-2.650745138675157619e+01
1.395000000000000018e+00,-2.651307328386053186e+01
1.394500000000000073e+00,-2.652283447366697544e+01
1.394300000000000095e+00,-2.653802309735629805e+01
1.394099999999999895e+00,-2.654360423166711414e+01
1.393699999999999939e+00,-2.654016651414757533e+01
1.393499999999999961e+00,-2.653961776048395294e+01
1.393199999999999994e+00,-2.653918618436078347e+01
1.392800000000000038e+00,-2.653789428049800492e+01
1.392600000000000060e+00,-2.653780320291141948e+01
1.392099999999999893e+00,-2.654650913432886128e+01
1.391699999999999937e+00,-2.654845165258899442e+01
1.391399999999999970e+00,-2.654445799978886811e+01
1.391199999999999992e+00,-2.654158606075672111e+01
1.390800000000000036e+00,-2.653883351475282026e+01
1.390600000000000058e+00,-2.652956386590486915e+01
1.390300000000000091e+00,-2.652634320789069378e+01
1.389899999999999913e+00,-2.652302913934444106e+01
1.389699999999999935e+00,-2.652412201358499289e+01
1.389199999999999990e+00,-2.652096293015569728e+01
1.389000000000000012e+00,-2.652405784390486332e+01
1.388500000000000068e+00,-2.652973692128878014e+01
1.388300000000000090e+00,-2.653283280082650819e+01
1.387799999999999923e+00,-2.652996477003087250e+01
1.387599999999999945e+00,-2.653318320104257211e+01
1.387399999999999967e+00,-2.653724831501967785e+01
1.386900000000000022e+00,-2.653516594497938641e+01
1.386700000000000044e+00,-2.653325122353298937e+01
1.386200000000000099e+00,-2.653201818661708700e+01
1.385999999999999899e+00,-2.652884581594648594e+01
1.385599999999999943e+00,-2.652702367978563913e+01
1.385399999999999965e+00,-2.652709762037817853e+01
1.384900000000000020e+00,-2.652734855065251196e+01
1.384700000000000042e+00,-2.652800979071688658e+01
1.384300000000000086e+00,-2.653064710252804659e+01
1.383899999999999908e+00,-2.653362447070560037e+01
1.383599999999999941e+00,-2.654347674138211843e+01
1.383099999999999996e+00,-2.655090802201630140e+01
1.382800000000000029e+00,-2.655624122545073362e+01
1.382600000000000051e+00,-2.656351463250071276e+01
1.382200000000000095e+00,-2.657016088046547253e+01
1.381999999999999895e+00,-2.656365240606882239e+01
1.381799999999999917e+00,-2.656188977611293822e+01
1.381399999999999961e+00,-2.656812556567376760e+01
1.380900000000000016e+00,-2.657608595574199484e+01
1.380600000000000049e+00,-2.658066353689446260e+01
1.380400000000000071e+00,-2.658628094746672232e+01
1.379999999999999893e+00,-2.659284891997813460e+01
1.379799999999999915e+00,-2.659877320179436211e+01
1.379399999999999959e+00,-2.659344265111849737e+01
1.379299999999999971e+00,-2.659150016332233335e+01
1.379099999999999993e+00,-2.659805573911731713e+01
1.378600000000000048e+00,-2.660519064514664578e+01
1.378400000000000070e+00,-2.660440237692594678e+01
1.377899999999999903e+00,-2.661555080499054782e+01
1.377699999999999925e+00,-2.661616559549460703e+01
1.377199999999999980e+00,-2.660625944436133139e+01
1.376900000000000013e+00,-2.660213860626002713e+01
1.376600000000000046e+00,-2.659130153091957993e+01
1.376300000000000079e+00,-2.658123784673303902e+01
1.375999999999999890e+00,-2.657623775651783404e+01
1.375799999999999912e+00,-2.657721053262528343e+01
1.375399999999999956e+00,-2.657923013137074264e+01
1.375099999999999989e+00,-2.658493527500825238e+01
1.374900000000000011e+00,-2.657891644452313429e+01
1.374400000000000066e+00,-2.657825282052849047e+01
1.374200000000000088e+00,-2.658013103169674451e+01
1.373899999999999899e+00,-2.657791885894620876e+01
1.373499999999999943e+00,-2.658577587793496733e+01
1.373299999999999965e+00,-2.659626340098995456e+01
1.372900000000000009e+00,-2.659701468298601412e+01
1.372700000000000031e+00,-2.659495709088930937e+01
1.372200000000000086e+00,-2.658619515455172433e+01
1.371699999999999919e+00,-2.657319734110895482e+01
1.371499999999999941e+00,-2.656819631255989478e+01
1.371299999999999963e+00,-2.656810189944756928e+01
1.370800000000000018e+00,-2.656961612753104163e+01
1.370600000000000041e+00,-2.656940386951155020e+01
1.370100000000000096e+00,-2.656792632907876595e+01
1.369899999999999896e+00,-2.656328360131597677e+01
1.369399999999999951e+00,-2.656353893126815535e+01
1.369199999999999973e+00,-2.656137306844017942e+01
1.368800000000000017e+00,-2.656662709443445536e+01
1.368400000000000061e+00,-2.658254131480096305e+01
1.368100000000000094e+00,-2.659537360766482195e+01
1.367599999999999927e+00,-2.660616747234188395e+01
1.367399999999999949e+00,-2.661444895064500216e+01
1.366900000000000004e+00,-2.662147475405406283e+01
1.366700000000000026e+00,-2.661731914188135661e+01
1.366400000000000059e+00,-2.661129256978221491e+01
1.366200000000000081e+00,-2.660962322749114861e+01
1.366000000000000103e+00,-2.660364460703355505e+01
1.365599999999999925e+00,-2.659479808975094173e+01
1.365399999999999947e+00,-2.658479408173507252e+01
1.364900000000000002e+00,-2.658400485832955340e+01
1.364700000000000024e+00,-2.658441762525075447e+01
1.364200000000000079e+00,-2.659592227827654654e+01
1.364100000000000090e+00,-2.660645889308109702e+01
1.363599999999999923e+00,-2.661721676210503063e+01
1.363399999999999945e+00,-2.662608533348452511e+01
1.362900000000000000e+00,-2.662286615030172143e+01
1.362700000000000022e+00,-2.661649425001931135e+01
1.362500000000000044e+00,-2.661172496644902097e+01
1.362200000000000077e+00,-2.660744468353979997e+01
1.361799999999999899e+00,-2.660174624659859788e+01
1.361599999999999921e+00,-2.660244158197731679e+01
1.361199999999999966e+00,-2.661028176977296766e+01
1.360999999999999988e+00,-2.662436498586738765e+01
1.360600000000000032e+00,-2.663572376629584326e+01
1.360400000000000054e+00,-2.663454225590076518e+01
1.359900000000000109e+00,-2.663654804337910065e+01
1.359699999999999909e+00,-2.663050678274846206e+01
1.359299999999999953e+00,-2.661894163516052814e+01
1.358999999999999986e+00,-2.661420487845310134e+01
1.358600000000000030e+00,-2.660750485851424685e+01
1.358400000000000052e+00,-2.660345581187294073e+01
1.358200000000000074e+00,-2.660064855586306720e+01
1.357799999999999896e+00,-2.659595045803729363e+01
1.357499999999999929e+00,-2.659151846397221775e+01
1.357099999999999973e+00,-2.660158244687592344e+01
1.356800000000000006e+00,-2.660381069341764970e+01
1.356400000000000050e+00,-2.660552280829585214e+01
1.356200000000000072e+00,-2.661502834750105606e+01
1.355799999999999894e+00,-2.662137033506338213e+01
1.355399999999999938e+00,-2.662417333730314084e+01
1.355199999999999960e+00,-2.662864830792609183e+01
1.354700000000000015e+00,-2.662736791833340533e+01
1.354500000000000037e+00,-2.661659784966928655e+01
1.354000000000000092e+00,-2.661339374007996739e+01
1.353799999999999892e+00,-2.660917986062737128e+01
1.353599999999999914e+00,-2.660319049763125321e+01
1.353099999999999969e+00,-2.660219034692788398e+01
1.352899999999999991e+00,-2.660834438808067048e+01
1.352500000000000036e+00,-2.660862126895834123e+01
1.352400000000000047e+00,-2.661253908154824543e+01
1.352000000000000091e+00,-2.661880898756373170e+01
1.351799999999999891e+00,-2.662301674350685232e+01
1.351499999999999924e+00,-2.662419649045642345e+01
1.351099999999999968e+00,-2.662201867406919931e+01
1.350899999999999990e+00,-2.661349567215386003e+01
1.350600000000000023e+00,-2.661172431578116715e+01
1.350200000000000067e+00,-2.660955789429007723e+01
1.350000000000000089e+00,-2.660073804049055113e+01
1.349599999999999911e+00,-2.659692404766010654e+01
1.349399999999999933e+00,-2.660006513247457960e+01
1.348999999999999977e+00,-2.660068250965506564e+01
1.348799999999999999e+00,-2.659922870696128072e+01
1.348300000000000054e+00,-2.661123500780647078e+01
1.348100000000000076e+00,-2.662135054240975407e+01
1.347900000000000098e+00,-2.662638571171736501e+01
1.347499999999999920e+00,-2.662669564568196989e+01
1.347099999999999964e+00,-2.662905419523707451e+01
1.346799999999999997e+00,-2.662696679401020816e+01
1.346600000000000019e+00,-2.662571027477154928e+01
1.346200000000000063e+00,-2.662805600020377739e+01
1.345900000000000096e+00,-2.662759784787048645e+01
1.345599999999999907e+00,-2.663179774678635070e+01
1.345299999999999940e+00,-2.663106176004147230e+01
1.344899999999999984e+00,-2.662813490804515126e+01
1.344700000000000006e+00,-2.662514844700445948e+01
1.344500000000000028e+00,-2.662238413693250649e+01
1.344000000000000083e+00,-2.661796314349283321e+01
1.343599999999999905e+00,-2.661687456196958124e+01
1.343399999999999928e+00,-2.662001759120312272e+01
1.343199999999999950e+00,-2.662237441117675019e+01
1.342799999999999994e+00,-2.662725898300875471e+01
1.342600000000000016e+00,-2.662832862988205562e+01
1.342100000000000071e+00,-2.662824315629662664e+01
1.341900000000000093e+00,-2.662625874883993049e+01
1.341399999999999926e+00,-2.661996865353809127e+01
1.341199999999999948e+00,-2.661425047903308183e+01
1.340700000000000003e+00,-2.661495122806688229e+01
1.340500000000000025e+00,-2.661491429408822995e+01
1.340100000000000069e+00,-2.661457706882551477e+01
1.339900000000000091e+00,-2.661572998981529992e+01
1.339499999999999913e+00,-2.661915710451177475e+01
1.339299999999999935e+00,-2.662162290116530627e+01
1.339099999999999957e+00,-2.662184163166735118e+01
1.338600000000000012e+00,-2.661800105942933925e+01
1.338400000000000034e+00,-2.661427927240132618e+01
1.337900000000000089e+00,-2.660627956388959703e+01
1.337599999999999900e+00,-2.659414431477068064e+01
1.337199999999999944e+00,-2.658408590535642091e+01
1.336999999999999966e+00,-2.658236304801796024e+01
1.336600000000000010e+00,-2.658636728866535393e+01
1.336400000000000032e+00,-2.658984179803723435e+01
1.336100000000000065e+00,-2.659263049966574144e+01
1.335900000000000087e+00,-2.660014567537359298e+01
1.335399999999999920e+00,-2.659994408953945566e+01
1.335199999999999942e+00,-2.660192847042629083e+01
1.334799999999999986e+00,-2.660778601036716040e+01
1.334500000000000020e+00,-2.661811884319985211e+01
1.334200000000000053e+00,-2.662421119522660717e+01
1.333800000000000097e+00,-2.663119187764760554e+01
1.333599999999999897e+00,-2.663222770514582649e+01
1.333199999999999941e+00,-2.663495681371717794e+01
1.332999999999999963e+00,-2.663831189681685174e+01
1.332600000000000007e+00,-2.664255686366488618e+01
1.332400000000000029e+00,-2.665074228207407359e+01
1.332200000000000051e+00,-2.666191167009855789e+01
1.332000000000000073e+00,-2.666466168524193847e+01
1.331499999999999906e+00,-2.667041712122085073e+01
1.331299999999999928e+00,-2.666824177063674384e+01
1.331099999999999950e+00,-2.666502048788509072e+01
1.330600000000000005e+00,-2.666040277809776526e+01
1.330400000000000027e+00,-2.666075358172168919e+01
1.330200000000000049e+00,-2.665857785266588564e+01
1.329900000000000082e+00,-2.666099830720878927e+01
1.329599999999999893e+00,-2.666110692642963187e+01
1.329299999999999926e+00,-2.666508208636141219e+01
1.329099999999999948e+00,-2.666255574083252000e+01
1.328600000000000003e+00,-2.665740548879601235e+01
1.328300000000000036e+00,-2.665000234515678201e+01
1.327499999999999902e+00,-2.664251760622203591e+01
1.327299999999999924e+00,-2.663070549050481972e+01
1.326899999999999968e+00,-2.662876393401646169e+01
1.326699999999999990e+00,-2.662925234068046265e+01
1.326500000000000012e+00,-2.663129031672949054e+01
1.326100000000000056e+00,-2.663051107784052007e+01
1.325900000000000079e+00,-2.662636361811764019e+01
1.325399999999999912e+00,-2.661008527672946045e+01
1.325099999999999945e+00,-2.659665268627341206e+01
1.324699999999999989e+00,-2.658694022263617640e+01
1.324500000000000011e+00,-2.658506399869996173e+01
1.324300000000000033e+00,-2.659081057537336434e+01
1.324000000000000066e+00,-2.660617153999865536e+01
1.323800000000000088e+00,-2.661429639141364589e+01
1.323600000000000110e+00,-2.662135827457688464e+01
1.323199999999999932e+00,-2.662637998274728801e+01
1.322899999999999965e+00,-2.663193653166383257e+01
1.322500000000000009e+00,-2.664196717843535112e+01
1.322300000000000031e+00,-2.665484771636659644e+01
1.321800000000000086e+00,-2.667149611285855570e+01
1.321600000000000108e+00,-2.668323002186300030e+01
1.321399999999999908e+00,-2.668832734548008290e+01
1.320899999999999963e+00,-2.668292571693618598e+01
1.320699999999999985e+00,-2.668075335889217925e+01
1.320300000000000029e+00,-2.667135463564417108e+01
1.320100000000000051e+00,-2.666581237746344257e+01
1.319800000000000084e+00,-2.665870157009274166e+01
1.319399999999999906e+00,-2.666305288806090701e+01
1.319199999999999928e+00,-2.665518519700059485e+01
1.318999999999999950e+00,-2.665468298382288381e+01
1.318599999999999994e+00,-2.664605478044943965e+01
1.318300000000000027e+00,-2.664268221547326476e+01
1.318100000000000049e+00,-2.663047670234029241e+01
1.317700000000000093e+00,-2.662980376428279783e+01
1.317499999999999893e+00,-2.662662396668756060e+01
1.317199999999999926e+00,-2.662801402216828706e+01
1.316699999999999982e+00,-2.662329423896735037e+01
1.316500000000000004e+00,-2.662545125934466483e+01
1.316400000000000015e+00,-2.662455881807155933e+01
1.316100000000000048e+00,-2.662456102193476326e+01
1.315700000000000092e+00,-2.662782610328949673e+01
1.315499999999999892e+00,-2.662965945333682427e+01
1.315199999999999925e+00,-2.662825381249587764e+01
1.314799999999999969e+00,-2.662954543430871723e+01
1.314599999999999991e+00,-2.662748512797706368e+01
1.314400000000000013e+00,-2.662275253077460491e+01
1.313900000000000068e+00,-2.662447074821515258e+01
1.313700000000000090e+00,-2.662130254884730007e+01
1.313499999999999890e+00,-2.661659619000465327e+01
1.312999999999999945e+00,-2.661674372460141669e+01
1.312799999999999967e+00,-2.662336977975208896e+01
1.312300000000000022e+00,-2.662806492499079880e+01
1.312000000000000055e+00,-2.663768418614341726e+01
1.311600000000000099e+00,-2.664565609312850825e+01
1.311399999999999899e+00,-2.665482815007967687e+01
1.311199999999999921e+00,-2.665643930949833162e+01
1.310799999999999965e+00,-2.665336595991572466e+01
1.310599999999999987e+00,-2.665084825970907545e+01
1.310300000000000020e+00,-2.665007374106763294e+01
1.310100000000000042e+00,-2.664529244111777828e+01
1.309600000000000097e+00,-2.664010045680307925e+01
1.309399999999999897e+00,-2.663976609831940578e+01
1.309199999999999919e+00,-2.663606086269497197e+01
1.308799999999999963e+00,-2.663474790932672320e+01
1.308499999999999996e+00,-2.663208766687262141e+01
1.308300000000000018e+00,-2.663251623280037350e+01
1.307800000000000074e+00,-2.663038648410019249e+01
1.307600000000000096e+00,-2.663269147340351140e+01
1.307299999999999907e+00,-2.664333971783470645e+01
1.307099999999999929e+00,-2.665998162881953704e+01
1.306699999999999973e+00,-2.666900242201695903e+01
1.306400000000000006e+00,-2.667672979506284037e+01
1.306200000000000028e+00,-2.668140322410549103e+01
1.305800000000000072e+00,-2.667501347578392412e+01
1.305600000000000094e+00,-2.666704935104811724e+01
1.305399999999999894e+00,-2.666316244792541923e+01
1.304999999999999938e+00,-2.666268412393001341e+01
1.304799999999999960e+00,-2.666308378737401696e+01
1.304599999999999982e+00,-2.666731968809309095e+01
1.304200000000000026e+00,-2.666580249113557599e+01
1.303900000000000059e+00,-2.666230194707762280e+01
1.303500000000000103e+00,-2.666159153677814686e+01
1.303199999999999914e+00,-2.665680771876975541e+01
1.302999999999999936e+00,-2.665204878336068006e+01
1.302599999999999980e+00,-2.664993380978718207e+01
1.302300000000000013e+00,-2.665135650421722602e+01
1.301900000000000057e+00,-2.664945853150988953e+01
1.301700000000000079e+00,-2.665099623217058422e+01
1.301500000000000101e+00,-2.665440599490774432e+01
1.300999999999999934e+00,-2.665545791502209028e+01
1.300799999999999956e+00,-2.665060422578323340e+01
1.300400000000000000e+00,-2.664135129161325466e+01
1.300200000000000022e+00,-2.663512316402126601e+01
1.300000000000000044e+00,-2.663315342750015446e+01
1.299500000000000099e+00,-2.663484413962878605e+01
1.298999999999999932e+00,-2.663493662553827335e+01
1.298799999999999955e+00,-2.664618470716438381e+01
1.298599999999999977e+00,-2.665613336247672649e+01
1.298300000000000010e+00,-2.665305557206031040e+01
1.297900000000000054e+00,-2.664850962485941110e+01
1.297400000000000109e+00,-2.665480895860404331e+01
1.297199999999999909e+00,-2.665414073785863991e+01
1.296999999999999931e+00,-2.665597400640005787e+01
1.296499999999999986e+00,-2.665665141687000173e+01
1.296300000000000008e+00,-2.665282032467429119e+01
1.295800000000000063e+00,-2.665304586723337010e+01
1.295600000000000085e+00,-2.665428601285733734e+01
1.295199999999999907e+00,-2.664511488024400165e+01
1.294999999999999929e+00,-2.663986805099958843e+01
1.294699999999999962e+00,-2.663521555405633023e+01
1.294300000000000006e+00,-2.662821599333418732e+01
1.294100000000000028e+00,-2.662009870670133083e+01
1.293800000000000061e+00,-2.662214686325235391e+01
1.293400000000000105e+00,-2.662409834899757755e+01
1.293199999999999905e+00,-2.663370063442658875e+01
1.292899999999999938e+00,-2.663813048957706897e+01
1.292399999999999993e+00,-2.664723472836437423e+01
1.292200000000000015e+00,-2.665247161775650753e+01
1.292000000000000037e+00,-2.666442492152219756e+01
1.291600000000000081e+00,-2.666780808733525276e+01
1.291299999999999892e+00,-2.666784514397855688e+01
1.290899999999999936e+00,-2.666291629368398475e+01
1.290699999999999958e+00,-2.665482724524957447e+01
1.290499999999999980e+00,-2.663853524029778441e+01
1.290100000000000025e+00,-2.663385003767636050e+01
1.289900000000000047e+00,-2.663443819166964488e+01
1.289500000000000091e+00,-2.664162838978432646e+01
1.289299999999999891e+00,-2.664466033251121502e+01
1.289099999999999913e+00,-2.664931327359919422e+01
1.288599999999999968e+00,-2.664553101843457483e+01
1.288300000000000001e+00,-2.663823433711874600e+01
1.287900000000000045e+00,-2.662817470310184120e+01
1.287700000000000067e+00,-2.662624142513413261e+01
1.287099999999999911e+00,-2.662448708468566139e+01
1.286899999999999933e+00,-2.663098259373851207e+01
1.286699999999999955e+00,-2.663574256125754403e+01
1.286200000000000010e+00,-2.663951542650443116e+01
1.286000000000000032e+00,-2.664667343161973534e+01
1.285500000000000087e+00,-2.664721761494924124e+01
1.285300000000000109e+00,-2.664235951407432879e+01
1.285099999999999909e+00,-2.664973939006574710e+01
1.284699999999999953e+00,-2.665035547203896371e+01
1.284499999999999975e+00,-2.664521651174499084e+01
1.284100000000000019e+00,-2.664739249144696842e+01
1.283800000000000052e+00,-2.665366335942408327e+01
1.283600000000000074e+00,-2.665095887602685210e+01
1.283099999999999907e+00,-2.665565398150569365e+01
1.282899999999999929e+00,-2.666230290259384716e+01
1.282699999999999951e+00,-2.666704871090795592e+01
1.282200000000000006e+00,-2.666457016750743492e+01
1.282000000000000028e+00,-2.666165849325573234e+01
1.281800000000000050e+00,-2.666136249446025985e+01
1.281300000000000106e+00,-2.666056472091414165e+01
1.280999999999999917e+00,-2.665586788216288028e+01
1.280799999999999939e+00,-2.665652295846608766e+01
1.280299999999999994e+00,-2.665890721032758393e+01
1.280100000000000016e+00,-2.665792867997639348e+01
1.279900000000000038e+00,-2.665423377681739936e+01
1.279500000000000082e+00,-2.665228019399522097e+01
1.279300000000000104e+00,-2.664987761555680379e+01
1.278799999999999937e+00,-2.664130560041909490e+01
1.278399999999999981e+00,-2.663160364219783816e+01
1.278200000000000003e+00,-2.661891245433943354e+01
1.277800000000000047e+00,-2.661181109358000185e+01
1.277600000000000069e+00,-2.659948635333718414e+01
1.277199999999999891e+00,-2.659854042509478234e+01
1.276899999999999924e+00,-2.660422396621807550e+01
1.276799999999999935e+00,-2.661467754389822105e+01
1.276299999999999990e+00,-2.661580803863049383e+01
1.276100000000000012e+00,-2.661959071610285221e+01
1.275600000000000067e+00,-2.661782871813199591e+01
1.275099999999999900e+00,-2.660222428412593842e+01
1.274899999999999922e+00,-2.659457502219096625e+01
1.274399999999999977e+00,-2.659526924054599206e+01
1.274199999999999999e+00,-2.659803538384151977e+01
1.273800000000000043e+00,-2.660447648682471922e+01
1.273500000000000076e+00,-2.662106478608338023e+01
1.273099999999999898e+00,-2.662873398924480028e+01
1.272899999999999920e+00,-2.664211171890217145e+01
1.272399999999999975e+00,-2.665153190732592847e+01
1.272000000000000020e+00,-2.665539009035121154e+01
1.271800000000000042e+00,-2.665655364187523091e+01
1.271300000000000097e+00,-2.665982180692492776e+01
1.271200000000000108e+00,-2.665267278566328812e+01
1.270799999999999930e+00,-2.664295700436712622e+01
1.270599999999999952e+00,-2.663746005207488565e+01
1.270000000000000018e+00,-2.663088102042097916e+01
1.269800000000000040e+00,-2.662364519062342083e+01
1.269400000000000084e+00,-2.661774463879961061e+01
1.269099999999999895e+00,-2.661689086679206895e+01
1.268799999999999928e+00,-2.660983410840221808e+01
1.268399999999999972e+00,-2.661246120580738861e+01
1.268199999999999994e+00,-2.661598893892523776e+01
1.267800000000000038e+00,-2.661627417736032797e+01
1.267500000000000071e+00,-2.661537525960454076e+01
1.267099999999999893e+00,-2.661615765904422304e+01
1.266899999999999915e+00,-2.661683438470417684e+01
1.266499999999999959e+00,-2.662123128099345593e+01
1.266199999999999992e+00,-2.662827777675368068e+01
1.265800000000000036e+00,-2.663552341282480995e+01
1.265600000000000058e+00,-2.664243658238162027e+01
1.265200000000000102e+00,-2.664568215553185482e+01
1.264999999999999902e+00,-2.664688947807490749e+01
1.264499999999999957e+00,-2.664851318031534078e+01
1.264399999999999968e+00,-2.664641179146463656e+01
1.264100000000000001e+00,-2.665013302391903594e+01
1.263700000000000045e+00,-2.665012327789061075e+01
1.263400000000000079e+00,-2.664467722834372054e+01
1.263200000000000101e+00,-2.663481157725320969e+01
1.262799999999999923e+00,-2.663099224371266871e+01
1.262599999999999945e+00,-2.662533379816832024e+01
1.262199999999999989e+00,-2.661956732508039991e+01
1.262000000000000011e+00,-2.660888544442817150e+01
1.261600000000000055e+00,-2.660294860715860210e+01
1.261400000000000077e+00,-2.659356988082971185e+01
1.260999999999999899e+00,-2.658879790443678459e+01
1.260799999999999921e+00,-2.658354497560820562e+01
1.260399999999999965e+00,-2.659061917022940591e+01
1.260299999999999976e+00,-2.659807922351785336e+01
1.259800000000000031e+00,-2.660247607355302435e+01
1.259600000000000053e+00,-2.660178414659062796e+01
1.259100000000000108e+00,-2.660355027470993861e+01
1.258699999999999930e+00,-2.660193180194634976e+01
1.258499999999999952e+00,-2.660410929645994216e+01
1.258099999999999996e+00,-2.661011249349719066e+01
1.257900000000000018e+00,-2.661355411059294696e+01
1.257700000000000040e+00,-2.661716925791223076e+01
1.257500000000000062e+00,-2.661812528547711665e+01
1.256999999999999895e+00,-2.661288849301411830e+01
1.256699999999999928e+00,-2.660853492078028637e+01
1.256299999999999972e+00,-2.660772621510452751e+01
1.256099999999999994e+00,-2.661211268840356325e+01
1.255700000000000038e+00,-2.661662627608716747e+01
1.255400000000000071e+00,-2.662404217740020584e+01
1.254999999999999893e+00,-2.662684423532922295e+01
1.254699999999999926e+00,-2.663505320415725208e+01
1.254499999999999948e+00,-2.663724942584287447e+01
1.254099999999999993e+00,-2.664117358643712663e+01
1.253900000000000015e+00,-2.664473509565799958e+01
1.253600000000000048e+00,-2.664439324620369831e+01
1.253300000000000081e+00,-2.664048340682477090e+01
1.253100000000000103e+00,-2.663914737469873373e+01
1.252699999999999925e+00,-2.663371740495711038e+01
1.252499999999999947e+00,-2.662756864147984359e+01
1.252000000000000002e+00,-2.662814455282290638e+01
1.251800000000000024e+00,-2.662470554988936655e+01
1.251600000000000046e+00,-2.661675470835643509e+01
1.251200000000000090e+00,-2.661112319994239428e+01
1.250899999999999901e+00,-2.660558039372283190e+01
1.250699999999999923e+00,-2.660296591375364628e+01
1.250299999999999967e+00,-2.660770407067823839e+01
1.250099999999999989e+00,-2.661087146486294941e+01
1.249600000000000044e+00,-2.661342972571055654e+01
1.249400000000000066e+00,-2.661483080477998442e+01
1.249200000000000088e+00,-2.661744611336079558e+01
1.248799999999999910e+00,-2.661227460994640381e+01
1.248599999999999932e+00,-2.661080747678477465e+01
1.248199999999999976e+00,-2.661235046557706596e+01
1.247999999999999998e+00,-2.661901657088814943e+01
1.247500000000000053e+00,-2.661719169923546957e+01
1.247300000000000075e+00,-2.661788885145919892e+01
1.246799999999999908e+00,-2.661896276202078582e+01
1.246599999999999930e+00,-2.662243932007333669e+01
1.246099999999999985e+00,-2.662055339639611518e+01
1.245900000000000007e+00,-2.662740825030061487e+01
1.245500000000000052e+00,-2.662868779421588172e+01
1.245300000000000074e+00,-2.662667113056425450e+01
1.245100000000000096e+00,-2.662304620071685690e+01
1.244599999999999929e+00,-2.661801409306406541e+01
1.244399999999999951e+00,-2.661994323490367265e+01
1.243999999999999995e+00,-2.662364269648852044e+01
1.243800000000000017e+00,-2.662376528447938995e+01
1.243300000000000072e+00,-2.662580912278909651e+01
1.243100000000000094e+00,-2.663528060855034241e+01
1.242899999999999894e+00,-2.663072778916773586e+01
1.242499999999999938e+00,-2.662294631193849526e+01
1.242299999999999960e+00,-2.662233095909203939e+01
1.242099999999999982e+00,-2.661589814111707497e+01
1.241700000000000026e+00,-2.660847791121654993e+01
1.241500000000000048e+00,-2.660278166266259703e+01
1.241200000000000081e+00,-2.660205591855223162e+01
1.240799999999999903e+00,-2.660227081397479765e+01
1.240499999999999936e+00,-2.660277439694123913e+01
1.240299999999999958e+00,-2.660619637297710582e+01
1.239900000000000002e+00,-2.661299876943100173e+01
1.239600000000000035e+00,-2.662079243531366401e+01
1.239400000000000057e+00,-2.662527514678790652e+01
1.239100000000000090e+00,-2.662863614022147019e+01
1.238699999999999912e+00,-2.663016909857617165e+01
1.238499999999999934e+00,-2.662987112668900380e+01
1.238299999999999956e+00,-2.662881042361140871e+01
1.237900000000000000e+00,-2.662712586713043805e+01
1.237700000000000022e+00,-2.663078524309712591e+01
1.237200000000000077e+00,-2.662669751042366428e+01
1.237000000000000099e+00,-2.662280120700820518e+01
1.236599999999999921e+00,-2.661858290295325347e+01
1.236299999999999955e+00,-2.661232970039305101e+01
1.235899999999999999e+00,-2.660771609292698869e+01
1.235700000000000021e+00,-2.660886181892883684e+01
1.235500000000000043e+00,-2.661157908182574872e+01
1.235100000000000087e+00,-2.661249095521920793e+01
1.234900000000000109e+00,-2.662087215783002847e+01
1.234699999999999909e+00,-2.661939543129564356e+01
1.234199999999999964e+00,-2.661286950562912068e+01
1.233999999999999986e+00,-2.660617781587347253e+01
1.233600000000000030e+00,-2.660288408793641679e+01
1.233400000000000052e+00,-2.659441101823499665e+01
1.233000000000000096e+00,-2.659228786481081386e+01
1.232799999999999896e+00,-2.660009298246522391e+01
1.232499999999999929e+00,-2.660412913549812686e+01
1.231999999999999984e+00,-2.661081390674467784e+01
1.231800000000000006e+00,-2.661768842375032662e+01
1.231300000000000061e+00,-2.662396023216405183e+01
1.230799999999999894e+00,-2.662454744705187792e+01
1.230599999999999916e+00,-2.662234748102030935e+01
1.230199999999999960e+00,-2.662034843965009401e+01
1.229899999999999993e+00,-2.661442783735500228e+01
1.229800000000000004e+00,-2.660997427599086507e+01
1.229400000000000048e+00,-2.660483891091545772e+01
1.229100000000000081e+00,-2.660576663357748473e+01
1.228900000000000103e+00,-2.660433315646602637e+01
1.228499999999999925e+00,-2.660845215464078706e+01
1.227999999999999980e+00,-2.661779022771669290e+01
1.227800000000000002e+00,-2.662409573635081372e+01
1.227600000000000025e+00,-2.662603260989014586e+01
1.227200000000000069e+00,-2.662635467400773948e+01
1.227000000000000091e+00,-2.661762521137610449e+01
1.226499999999999924e+00,-2.660336649026338662e+01
1.226299999999999946e+00,-2.659355954039120817e+01
1.225899999999999990e+00,-2.658612075805221053e+01
1.225600000000000023e+00,-2.657852478736753454e+01
1.225400000000000045e+00,-2.658100730616806828e+01
1.224900000000000100e+00,-2.658383957851139101e+01
1.224699999999999900e+00,-2.658673889277561386e+01
1.224199999999999955e+00,-2.659620634450264376e+01
1.223999999999999977e+00,-2.660424765595935170e+01
1.223600000000000021e+00,-2.661134346443681764e+01
1.223400000000000043e+00,-2.661589050555711466e+01
1.223200000000000065e+00,-2.662030540482994212e+01
1.222699999999999898e+00,-2.661797168987754958e+01
1.222499999999999920e+00,-2.662081025750516261e+01
1.222299999999999942e+00,-2.661648209013399580e+01
1.221799999999999997e+00,-2.662000470849211453e+01
1.221600000000000019e+00,-2.661943372068952129e+01
1.221400000000000041e+00,-2.662471937570208524e+01
1.220900000000000096e+00,-2.662407496409134566e+01
1.220699999999999896e+00,-2.662137183037114951e+01
1.220199999999999951e+00,-2.661307122038068940e+01
1.220099999999999962e+00,-2.660479170657280434e+01
1.219799999999999995e+00,-2.659694515156040140e+01
1.219400000000000039e+00,-2.659924524859989603e+01
1.218900000000000095e+00,-2.661049144252046261e+01
1.218699999999999894e+00,-2.661792920530058026e+01
1.218499999999999917e+00,-2.662604576304759973e+01
1.218099999999999961e+00,-2.662707008431873490e+01
1.217600000000000016e+00,-2.662095421374098336e+01
1.217400000000000038e+00,-2.661250768251986898e+01
1.217200000000000060e+00,-2.661150713185310224e+01
1.216800000000000104e+00,-2.660939039784280880e+01
1.216499999999999915e+00,-2.661125430802234249e+01
1.215999999999999970e+00,-2.661577761272980425e+01
1.215799999999999992e+00,-2.662246553235457114e+01
1.215600000000000014e+00,-2.662797014273098029e+01
1.215100000000000069e+00,-2.663322935702504068e+01
1.214900000000000091e+00,-2.663485899367955057e+01
1.214499999999999913e+00,-2.663060474495291885e+01
1.214299999999999935e+00,-2.662081736408382326e+01
1.213799999999999990e+00,-2.660629763417653137e+01
1.213600000000000012e+00,-2.659399525967519295e+01
1.213400000000000034e+00,-2.658692069703059602e+01
1.213200000000000056e+00,-2.658613283821574669e+01
1.212699999999999889e+00,-2.658945314644188329e+01
1.212299999999999933e+00,-2.659274207516569177e+01
1.211899999999999977e+00,-2.660099328811081421e+01
1.211699999999999999e+00,-2.660702864341633500e+01
1.211200000000000054e+00,-2.660526259621674683e+01
1.211000000000000076e+00,-2.660875828824148215e+01
1.210599999999999898e+00,-2.661133030282168477e+01
1.210299999999999931e+00,-2.660571811969457201e+01
1.209799999999999986e+00,-2.660220531723010851e+01
1.209600000000000009e+00,-2.660132947231795697e+01
1.209400000000000031e+00,-2.659879521719775042e+01
1.208900000000000086e+00,-2.660046615173848394e+01
1.208700000000000108e+00,-2.660688391969999245e+01
1.208199999999999941e+00,-2.660603792363901121e+01
1.207999999999999963e+00,-2.661075503827346722e+01
1.207500000000000018e+00,-2.661354830729510823e+01
1.207100000000000062e+00,-2.661452778721894319e+01
1.206599999999999895e+00,-2.661647609430238504e+01
1.206399999999999917e+00,-2.662602866889705666e+01
1.205899999999999972e+00,-2.662666099612097170e+01
1.205500000000000016e+00,-2.662918842059401570e+01
1.205300000000000038e+00,-2.663092288798705809e+01
1.204900000000000082e+00,-2.663510923610188996e+01
1.204599999999999893e+00,-2.663369644673528569e+01
1.204299999999999926e+00,-2.663265461078555063e+01
1.204099999999999948e+00,-2.662554532722259637e+01
1.203699999999999992e+00,-2.662051629177007328e+01
1.203400000000000025e+00,-2.661050924938422568e+01
1.203000000000000069e+00,-2.660107063213200007e+01
1.202399999999999913e+00,-2.659453190645553988e+01
1.202199999999999935e+00,-2.659478535049129633e+01
1.201999999999999957e+00,-2.659900908695965427e+01
1.201500000000000012e+00,-2.660153351139469891e+01
1.201000000000000068e+00,-2.660180112666575525e+01
1.200800000000000090e+00,-2.660895831124852862e+01
1.200399999999999912e+00,-2.660648770964300880e+01
1.200199999999999934e+00,-2.660037429098836981e+01
1.199999999999999956e+00,-2.659794713500994234e+01
1.199600000000000000e+00,-2.660478957229338093e+01
1.199300000000000033e+00,-2.660276312674979238e+01
1.198900000000000077e+00,-2.660478275832399575e+01
1.198600000000000110e+00,-2.660551732175962414e+01
1.198199999999999932e+00,-2.660207322425132759e+01
1.197999999999999954e+00,-2.659089592687367798e+01
1.197599999999999998e+00,-2.659308026274252512e+01
1.197100000000000053e+00,-2.659314798271438107e+01
1.197000000000000064e+00,-2.659359769957146469e+01
1.196499999999999897e+00,-2.659962296097682710e+01
1.196299999999999919e+00,-2.660841709837734115e+01
1.196099999999999941e+00,-2.660799076498208748e+01
1.195599999999999996e+00,-2.661196736711633903e+01
1.195400000000000018e+00,-2.661043947398320952e+01
1.195100000000000051e+00,-2.660382585703911928e+01
1.194700000000000095e+00,-2.660374448369327638e+01
1.194499999999999895e+00,-2.660510310750783702e+01
1.194299999999999917e+00,-2.660274680461170504e+01
1.193799999999999972e+00,-2.660555555574005382e+01
1.193599999999999994e+00,-2.660937801151528959e+01
1.193400000000000016e+00,-2.661166569270755033e+01
1.192900000000000071e+00,-2.661295112142878949e+01
1.192700000000000093e+00,-2.661176202476543651e+01
1.192299999999999915e+00,-2.661149360821089971e+01
1.191999999999999948e+00,-2.661796960999794237e+01
1.191599999999999993e+00,-2.661880525811198339e+01
1.191200000000000037e+00,-2.662369252289041555e+01
1.190900000000000070e+00,-2.663105424214128192e+01
1.190499999999999892e+00,-2.663645889593578531e+01
1.190299999999999914e+00,-2.663526531566671807e+01
1.189799999999999969e+00,-2.663029233341738689e+01
1.189599999999999991e+00,-2.662567271453329809e+01
1.189200000000000035e+00,-2.662344309971718914e+01
1.189000000000000057e+00,-2.662289037508667988e+01
1.188700000000000090e+00,-2.662216149864192261e+01
1.188399999999999901e+00,-2.662214063742028713e+01
1.188099999999999934e+00,-2.661529836521257408e+01
1.187599999999999989e+00,-2.661082971266901964e+01
1.187400000000000011e+00,-2.660670638156802070e+01
1.186900000000000066e+00,-2.660321110638651021e+01
1.186399999999999899e+00,-2.660990819911911132e+01
1.186199999999999921e+00,-2.661959844386239737e+01
1.185999999999999943e+00,-2.662092796962632590e+01
1.185599999999999987e+00,-2.662136425187332023e+01
1.185400000000000009e+00,-2.662101346603405716e+01
1.185000000000000053e+00,-2.661006619032700726e+01
1.184800000000000075e+00,-2.660289065289832067e+01
1.184500000000000108e+00,-2.660004711578698888e+01
1.184099999999999930e+00,-2.659546712872516494e+01
1.183899999999999952e+00,-2.659594144142206318e+01
1.183599999999999985e+00,-2.660322323568962943e+01
1.183200000000000029e+00,-2.659868745528502743e+01
1.182900000000000063e+00,-2.660297621809658253e+01
1.182500000000000107e+00,-2.661096973280450584e+01
1.182299999999999907e+00,-2.662051165531774188e+01
1.181899999999999951e+00,-2.662781849812743928e+01
1.181599999999999984e+00,-2.664196194663757566e+01
1.181300000000000017e+00,-2.664466123270002385e+01
1.181000000000000050e+00,-2.664330628745957341e+01
1.180600000000000094e+00,-2.663277759707004222e+01
1.180399999999999894e+00,-2.662432559131920584e+01
1.179899999999999949e+00,-2.661914377920092178e+01
1.179699999999999971e+00,-2.661888717186665332e+01
1.179300000000000015e+00,-2.661615316692310529e+01
1.179000000000000048e+00,-2.661850801148134238e+01
1.178700000000000081e+00,-2.662146977871613984e+01
1.178299999999999903e+00,-2.661630962264037237e+01
1.178099999999999925e+00,-2.660537437343422695e+01
1.177699999999999969e+00,-2.659901658756756859e+01
1.177499999999999991e+00,-2.659409399949928599e+01
1.177000000000000046e+00,-2.658655127700603060e+01
1.176800000000000068e+00,-2.658319293194287525e+01
1.176399999999999890e+00,-2.658638556191437985e+01
1.176199999999999912e+00,-2.658619540283034510e+01
1.175799999999999956e+00,-2.659111017031111146e+01
1.175599999999999978e+00,-2.659762636448646944e+01
1.175100000000000033e+00,-2.660591940340649231e+01
1.174900000000000055e+00,-2.661079261018682374e+01
1.174500000000000099e+00,-2.661358518532573214e+01
1.174299999999999899e+00,-2.660657857791480296e+01
1.173899999999999944e+00,-2.660076806530818772e+01
1.173599999999999977e+00,-2.659645085936988806e+01
1.173200000000000021e+00,-2.659741682191095080e+01
1.172800000000000065e+00,-2.660411540660899021e+01
1.172600000000000087e+00,-2.661177820636038760e+01
1.172299999999999898e+00,-2.662067451930892759e+01
1.171999999999999931e+00,-2.662859290216833230e+01
1.171499999999999986e+00,-2.662840092200100983e+01
1.171300000000000008e+00,-2.662164752423333169e+01
1.171100000000000030e+00,-2.661979783461075399e+01
1.170600000000000085e+00,-2.661174994304314723e+01
1.170400000000000107e+00,-2.660221564471230948e+01
1.169899999999999940e+00,-2.659723819248969789e+01
1.169699999999999962e+00,-2.659727191347681341e+01
1.169200000000000017e+00,-2.660130934121894342e+01
1.169000000000000039e+00,-2.660575824831833103e+01
1.168700000000000072e+00,-2.660698705680551512e+01
1.168299999999999894e+00,-2.660596820877512769e+01
1.168099999999999916e+00,-2.660858031626654352e+01
1.167899999999999938e+00,-2.659861140100437638e+01
1.167399999999999993e+00,-2.658548680667193054e+01
1.167200000000000015e+00,-2.657514703768424980e+01
1.166800000000000059e+00,-2.657026529403381687e+01
1.166600000000000081e+00,-2.656530874227923533e+01
1.166099999999999914e+00,-2.656551380626169490e+01
1.165899999999999936e+00,-2.657545725111919310e+01
1.165699999999999958e+00,-2.658519148970438195e+01
1.165200000000000014e+00,-2.659311936325535086e+01
1.165000000000000036e+00,-2.660063571251057368e+01
1.164800000000000058e+00,-2.661085177068887830e+01
1.164299999999999891e+00,-2.661497400932265478e+01
1.164099999999999913e+00,-2.661928160188640646e+01
1.163899999999999935e+00,-2.662512381544045326e+01
1.163499999999999979e+00,-2.662456565360259120e+01
1.163300000000000001e+00,-2.662123379610158125e+01
1.162800000000000056e+00,-2.661861202445624386e+01
1.162600000000000078e+00,-2.661559526166555401e+01
1.162099999999999911e+00,-2.660674861164634208e+01
1.161899999999999933e+00,-2.661013134790633927e+01
1.161499999999999977e+00,-2.661397154165710788e+01
1.161299999999999999e+00,-2.661275109877701794e+01
1.160900000000000043e+00,-2.660951024239598084e+01
1.160700000000000065e+00,-2.661437103152163175e+01
1.160199999999999898e+00,-2.661474331125533510e+01
1.159999999999999920e+00,-2.661188387097522323e+01
1.159799999999999942e+00,-2.660965231397048569e+01
1.159399999999999986e+00,-2.661982040591891163e+01
1.158900000000000041e+00,-2.662349843973753138e+01
1.158700000000000063e+00,-2.662341443131176177e+01
1.158199999999999896e+00,-2.662565310093810211e+01
1.157999999999999918e+00,-2.663078505676173791e+01
1.157799999999999940e+00,-2.662356722311541191e+01
1.157399999999999984e+00,-2.661903576092326773e+01
1.157100000000000017e+00,-2.661566082073261796e+01
1.156900000000000039e+00,-2.660604344809545552e+01
1.156500000000000083e+00,-2.659928060332127231e+01
1.156199999999999894e+00,-2.660091250009342900e+01
1.155799999999999939e+00,-2.660417781361411471e+01
1.155499999999999972e+00,-2.661166403924906732e+01
1.155200000000000005e+00,-2.662286002816281538e+01
1.155000000000000027e+00,-2.662743361416940147e+01
1.154500000000000082e+00,-2.662307732600809018e+01
1.154300000000000104e+00,-2.661827357135069860e+01
1.153799999999999937e+00,-2.661059796032726155e+01
1.153599999999999959e+00,-2.661273674733809003e+01
1.153399999999999981e+00,-2.662459647624813641e+01
1.153000000000000025e+00,-2.663474338603165492e+01
1.152700000000000058e+00,-2.663958036350686953e+01
1.152300000000000102e+00,-2.663920867354362088e+01
1.151999999999999913e+00,-2.662971031053860571e+01
1.151599999999999957e+00,-2.661924614692189195e+01
1.151299999999999990e+00,-2.661028155530729933e+01
1.150900000000000034e+00,-2.660763180084811808e+01
1.150600000000000067e+00,-2.660370917364728172e+01
1.150199999999999889e+00,-2.660853939730277418e+01
1.149999999999999911e+00,-2.661770367927050529e+01
1.149599999999999955e+00,-2.662638736987264565e+01
1.149399999999999977e+00,-2.663147830996991061e+01
1.148900000000000032e+00,-2.664410227389855734e+01
1.148700000000000054e+00,-2.664460371474184797e+01
1.148300000000000098e+00,-2.663231984841439370e+01
1.148099999999999898e+00,-2.662847130582311550e+01
1.147599999999999953e+00,-2.663470036868196900e+01
1.147399999999999975e+00,-2.663500969698050014e+01
1.147000000000000020e+00,-2.663668141853946025e+01
1.146800000000000042e+00,-2.664273573598239864e+01
1.146500000000000075e+00,-2.664576275501449842e+01
1.146300000000000097e+00,-2.663537683824122482e+01
1.145799999999999930e+00,-2.663138088019011107e+01
1.145599999999999952e+00,-2.662658006276539879e+01
1.145199999999999996e+00,-2.661993217536927148e+01
1.145000000000000018e+00,-2.661114915921490720e+01
1.144700000000000051e+00,-2.660801564529656105e+01
1.144300000000000095e+00,-2.660009798920913227e+01
1.144099999999999895e+00,-2.659903225027647622e+01
1.143599999999999950e+00,-2.659944984951943781e+01
1.143399999999999972e+00,-2.660386181482697410e+01
1.142900000000000027e+00,-2.661048583527579225e+01
1.142700000000000049e+00,-2.662259080633576147e+01
1.142500000000000071e+00,-2.662984401415900493e+01
1.142099999999999893e+00,-2.663438522922188767e+01
1.141799999999999926e+00,-2.663544973230090562e+01
1.141599999999999948e+00,-2.663756522228853640e+01
1.141199999999999992e+00,-2.663408334483773032e+01
1.141000000000000014e+00,-2.663341319956179021e+01
1.140500000000000069e+00,-2.663420715596463850e+01
1.140300000000000091e+00,-2.663376974142893161e+01
1.140099999999999891e+00,-2.662461800523228561e+01
1.139599999999999946e+00,-2.661772552077133369e+01
1.139299999999999979e+00,-2.660446236445033819e+01
1.138900000000000023e+00,-2.659513650084342729e+01
1.138700000000000045e+00,-2.658052814998000812e+01
1.138200000000000101e+00,-2.656937086943166193e+01
1.137999999999999901e+00,-2.656550356126351176e+01
1.137599999999999945e+00,-2.656902454331165586e+01
1.137399999999999967e+00,-2.657199341539649495e+01
1.136900000000000022e+00,-2.658095856479712538e+01
1.136700000000000044e+00,-2.659609912349057836e+01
1.136400000000000077e+00,-2.660330863616964692e+01
1.136200000000000099e+00,-2.660760749172007067e+01
1.135699999999999932e+00,-2.660973665727393467e+01
1.135399999999999965e+00,-2.661458255826330799e+01
1.135000000000000009e+00,-2.661546636581933356e+01
1.134700000000000042e+00,-2.661874159844888510e+01
1.134500000000000064e+00,-2.662175569705070544e+01
1.134100000000000108e+00,-2.662482594400071534e+01
1.133899999999999908e+00,-2.662479577208130976e+01
1.133499999999999952e+00,-2.662037561372530803e+01
1.133299999999999974e+00,-2.661378995372241718e+01
1.132800000000000029e+00,-2.661030141693519369e+01
1.132600000000000051e+00,-2.660065021094747095e+01
1.132100000000000106e+00,-2.659949408171734220e+01
1.131899999999999906e+00,-2.660247885951559255e+01
1.131699999999999928e+00,-2.660842548908213701e+01
1.131199999999999983e+00,-2.660845232093998902e+01
1.131000000000000005e+00,-2.661095905790465466e+01
1.130600000000000049e+00,-2.660699830790112941e+01
1.130400000000000071e+00,-2.660446122773073085e+01
1.130100000000000104e+00,-2.659999936678223875e+01
1.129699999999999926e+00,-2.659754570404369645e+01
1.129399999999999959e+00,-2.660059498183063553e+01
1.129000000000000004e+00,-2.660006280455838734e+01
1.128800000000000026e+00,-2.659845461677433320e+01
1.128500000000000059e+00,-2.659726714203134890e+01
1.128100000000000103e+00,-2.660546451930055767e+01
1.127899999999999903e+00,-2.660852499890807721e+01
1.127499999999999947e+00,-2.661426373711937643e+01
1.127299999999999969e+00,-2.662194635848623392e+01
1.127000000000000002e+00,-2.662186255698604853e+01
1.126600000000000046e+00,-2.661683046280803566e+01
1.126400000000000068e+00,-2.662006445720475512e+01
1.126100000000000101e+00,-2.661481137313701950e+01
1.125699999999999923e+00,-2.660552518545598844e+01
1.125499999999999945e+00,-2.660180228428197680e+01
1.125099999999999989e+00,-2.659768031505492303e+01
1.124900000000000011e+00,-2.659117978283130412e+01
1.124400000000000066e+00,-2.659437978501898314e+01
1.124200000000000088e+00,-2.659885619115252808e+01
1.123799999999999910e+00,-2.660232620810408477e+01
1.123499999999999943e+00,-2.660342652113699202e+01
1.123099999999999987e+00,-2.660517452027465168e+01
1.122900000000000009e+00,-2.660306503933250255e+01
1.122700000000000031e+00,-2.660237217576376523e+01
1.122300000000000075e+00,-2.660442327156696507e+01
1.122100000000000097e+00,-2.661400003814338788e+01
1.121699999999999919e+00,-2.661025107469814799e+01
1.121399999999999952e+00,-2.660767112421934044e+01
1.120900000000000007e+00,-2.660224782790952958e+01
1.120700000000000029e+00,-2.659574383162020439e+01
1.120300000000000074e+00,-2.658349174756289912e+01
1.120100000000000096e+00,-2.658000803511216503e+01
1.119899999999999896e+00,-2.658127270125508446e+01
1.119499999999999940e+00,-2.658134675156097160e+01
1.119299999999999962e+00,-2.657554872010602054e+01
1.118999999999999995e+00,-2.657554053397535654e+01
1.118600000000000039e+00,-2.657775303055352367e+01
1.118400000000000061e+00,-2.657332381691100665e+01
1.118100000000000094e+00,-2.656924628102429153e+01
1.117699999999999916e+00,-2.657030784426049408e+01
1.117499999999999938e+00,-2.656472392411644634e+01
1.117299999999999960e+00,-2.656321282691130747e+01
1.116800000000000015e+00,-2.656348883889568668e+01
1.116300000000000070e+00,-2.655842676221341137e+01
1.116100000000000092e+00,-2.655564190821378645e+01
1.115699999999999914e+00,-2.655791719176091092e+01
1.115399999999999947e+00,-2.655349067451705380e+01
1.115099999999999980e+00,-2.655333367367361319e+01
1.114800000000000013e+00,-2.656408961944876879e+01
1.114600000000000035e+00,-2.657374004818379021e+01
1.114200000000000079e+00,-2.658560106060047090e+01
1.114000000000000101e+00,-2.659518487023414224e+01
1.113699999999999912e+00,-2.659708259702762945e+01
1.113199999999999967e+00,-2.659369923318964268e+01
1.112999999999999989e+00,-2.658914612866290383e+01
1.112600000000000033e+00,-2.657374133978395037e+01
1.112400000000000055e+00,-2.656518602582668009e+01
1.112000000000000099e+00,-2.656332423763417339e+01
1.111799999999999899e+00,-2.655657752466809640e+01
1.111399999999999944e+00,-2.655541863137898417e+01
1.111099999999999977e+00,-2.655491998673452514e+01
1.110600000000000032e+00,-2.655136750687091052e+01
1.110400000000000054e+00,-2.654801708688612649e+01
1.109900000000000109e+00,-2.655705348613833294e+01
1.109699999999999909e+00,-2.655822870624290033e+01
1.109399999999999942e+00,-2.656386802143660830e+01
1.108999999999999986e+00,-2.657421022931226062e+01
1.108800000000000008e+00,-2.657563073641420814e+01
1.108400000000000052e+00,-2.657255894110608807e+01
1.108200000000000074e+00,-2.657516590936846868e+01
1.107799999999999896e+00,-2.657417783211622364e+01
1.107499999999999929e+00,-2.656850380735841100e+01
1.107099999999999973e+00,-2.656669764358652941e+01
1.106899999999999995e+00,-2.656455999765626430e+01
1.106400000000000050e+00,-2.656181982177228917e+01
1.106200000000000072e+00,-2.656391778713039287e+01
1.105699999999999905e+00,-2.657009774054940010e+01
1.105299999999999949e+00,-2.657603328336776016e+01
1.104999999999999982e+00,-2.658388330678794631e+01
1.104800000000000004e+00,-2.658851774445268390e+01
1.104400000000000048e+00,-2.659178581595277180e+01
1.104100000000000081e+00,-2.658572414959391139e+01
1.104000000000000092e+00,-2.658049550360995283e+01
1.103499999999999925e+00,-2.657210416110021356e+01
1.102999999999999980e+00,-2.656169822018571125e+01
1.102800000000000002e+00,-2.655213190022730174e+01
1.102300000000000058e+00,-2.654787710018390001e+01
1.102100000000000080e+00,-2.654959150329115758e+01
1.101900000000000102e+00,-2.654744974816901504e+01
1.101399999999999935e+00,-2.654824626090811179e+01
1.101199999999999957e+00,-2.654424885044657856e+01
1.100999999999999979e+00,-2.654387156132441206e+01
1.100700000000000012e+00,-2.654016418896419438e+01
1.100400000000000045e+00,-2.654330904909095423e+01
1.100000000000000089e+00,-2.654462324184112987e+01
1.099800000000000111e+00,-2.654507932556414218e+01
1.099499999999999922e+00,-2.654585933899909378e+01
1.099099999999999966e+00,-2.654789228708452598e+01
1.098799999999999999e+00,-2.654134326148048473e+01
1.098400000000000043e+00,-2.654504819168422358e+01
1.098200000000000065e+00,-2.655691320476959305e+01
1.097900000000000098e+00,-2.656521333894066927e+01
1.097499999999999920e+00,-2.656950629014297149e+01
1.097199999999999953e+00,-2.657932600121946720e+01
1.096799999999999997e+00,-2.658389762843181714e+01
1.096500000000000030e+00,-2.658252232920731117e+01
1.096100000000000074e+00,-2.658416839516862495e+01
1.095900000000000096e+00,-2.658988374205438632e+01
1.095499999999999918e+00,-2.659475810146492947e+01
1.095299999999999940e+00,-2.658958568162249492e+01
1.094799999999999995e+00,-2.658416944317808017e+01
1.094600000000000017e+00,-2.657595963305634967e+01
1.094100000000000072e+00,-2.656544000914328052e+01
1.093900000000000095e+00,-2.655332479871395890e+01
1.093399999999999928e+00,-2.654647572432520874e+01
1.093199999999999950e+00,-2.654119531691277700e+01
1.092700000000000005e+00,-2.654240645815229627e+01
1.092500000000000027e+00,-2.654319870528797054e+01
1.092300000000000049e+00,-2.654816792538337467e+01
1.091900000000000093e+00,-2.655451325460099099e+01
1.091699999999999893e+00,-2.656484160865522526e+01
1.091399999999999926e+00,-2.656456559499330083e+01
1.090999999999999970e+00,-2.656505921509032220e+01
1.090799999999999992e+00,-2.656408491810390160e+01
1.090600000000000014e+00,-2.655941862454234936e+01
1.090100000000000069e+00,-2.654834026861195184e+01
1.089900000000000091e+00,-2.654477476284576554e+01
1.089699999999999891e+00,-2.654570271333110298e+01
1.089299999999999935e+00,-2.654513868841211277e+01
1.089099999999999957e+00,-2.654680885385250733e+01
1.088600000000000012e+00,-2.654652548987244742e+01
1.088400000000000034e+00,-2.654606656081324800e+01
1.087900000000000089e+00,-2.654575993365402908e+01
1.087699999999999889e+00,-2.654275266636661712e+01
1.087299999999999933e+00,-2.654328827157569037e+01
1.086999999999999966e+00,-2.654885945276096137e+01
1.086600000000000010e+00,-2.654938613563383143e+01
1.086300000000000043e+00,-2.654628768183362908e+01
1.085900000000000087e+00,-2.654552622843663201e+01
1.085700000000000109e+00,-2.653842863789466833e+01
1.085399999999999920e+00,-2.653072589348902355e+01
1.084999999999999964e+00,-2.652177041386448408e+01
1.084799999999999986e+00,-2.651354460770159704e+01
1.084600000000000009e+00,-2.651061511607786869e+01
1.084100000000000064e+00,-2.651681790933911387e+01
1.083900000000000086e+00,-2.651882289339345533e+01
1.083499999999999908e+00,-2.652613582735517639e+01
1.083299999999999930e+00,-2.653112312789216887e+01
1.083099999999999952e+00,-2.652911367153308575e+01
1.082699999999999996e+00,-2.652164671818189845e+01
1.082200000000000051e+00,-2.651777663036834554e+01
1.082000000000000073e+00,-2.651096941041395993e+01
1.081499999999999906e+00,-2.650709901158474935e+01
1.081299999999999928e+00,-2.651007846336782237e+01
1.081099999999999950e+00,-2.651260785205298731e+01
1.080600000000000005e+00,-2.652405720986815396e+01
1.080300000000000038e+00,-2.653401783359841914e+01
1.080200000000000049e+00,-2.653968202784094643e+01
1.079700000000000104e+00,-2.654122778882571509e+01
1.079499999999999904e+00,-2.654297740505538883e+01
1.079199999999999937e+00,-2.653838670151585788e+01
1.078799999999999981e+00,-2.653636439628702348e+01
1.078500000000000014e+00,-2.654027031119297675e+01
1.078100000000000058e+00,-2.654209996145538852e+01
1.077800000000000091e+00,-2.654033509226459842e+01
1.077399999999999913e+00,-2.654022741022242471e+01
1.077099999999999946e+00,-2.654613965704342959e+01
1.076699999999999990e+00,-2.653895250096203995e+01
1.076500000000000012e+00,-2.653432415315258552e+01
1.076100000000000056e+00,-2.653343071330381164e+01
1.075900000000000079e+00,-2.653156481175276937e+01
1.075700000000000101e+00,-2.652527885855925049e+01
1.075299999999999923e+00,-2.652363081035467474e+01
1.074999999999999956e+00,-2.652350057680295592e+01
1.074600000000000000e+00,-2.653048575714376867e+01
1.074400000000000022e+00,-2.653676471202425091e+01
1.073900000000000077e+00,-2.654059580028754439e+01
1.073700000000000099e+00,-2.654614872575809414e+01
1.073199999999999932e+00,-2.654710540419012332e+01
1.072899999999999965e+00,-2.654043820495298078e+01
1.072699999999999987e+00,-2.653188727254306301e+01
1.072200000000000042e+00,-2.652188926710395833e+01
1.071800000000000086e+00,-2.651653393644058809e+01
1.071499999999999897e+00,-2.651012578860266089e+01
1.071099999999999941e+00,-2.650880017337174621e+01
1.070799999999999974e+00,-2.650524084239956224e+01
1.070300000000000029e+00,-2.651090486721539463e+01
1.070000000000000062e+00,-2.651009051903983860e+01
1.069800000000000084e+00,-2.651530001578049323e+01
1.069399999999999906e+00,-2.651799936824204451e+01
1.069199999999999928e+00,-2.652618062314558856e+01
1.068999999999999950e+00,-2.652966386191634030e+01
1.068599999999999994e+00,-2.653705359205414638e+01
1.068400000000000016e+00,-2.654489248159828918e+01
1.067900000000000071e+00,-2.654886480190431186e+01
1.067700000000000093e+00,-2.654901564822308302e+01
1.067199999999999926e+00,-2.654385002161994578e+01
1.066899999999999959e+00,-2.654594416705145576e+01
1.066699999999999982e+00,-2.654494051171706204e+01
1.066200000000000037e+00,-2.654474842596864193e+01
1.066000000000000059e+00,-2.654472201851685753e+01
1.065600000000000103e+00,-2.655212157317919619e+01
1.065399999999999903e+00,-2.655169612200490548e+01
1.065199999999999925e+00,-2.654787022668546115e+01
1.064699999999999980e+00,-2.654478514935075140e+01
1.064500000000000002e+00,-2.654175147996394202e+01
1.064000000000000057e+00,-2.653770710664103660e+01
1.063800000000000079e+00,-2.653732088068093020e+01
1.063399999999999901e+00,-2.653397095147357021e+01
1.063199999999999923e+00,-2.653138896809757341e+01
1.062699999999999978e+00,-2.652737863325003786e+01
1.062400000000000011e+00,-2.652810356343924880e+01
1.062000000000000055e+00,-2.651995628069634847e+01
1.061600000000000099e+00,-2.652217000385668655e+01
1.061299999999999910e+00,-2.652575916725761829e+01
1.061099999999999932e+00,-2.653282296155822095e+01
1.060699999999999976e+00,-2.653205557096270795e+01
1.060400000000000009e+00,-2.653737433040890892e+01
1.059700000000000086e+00,-2.653467675050945473e+01
1.059299999999999908e+00,-2.653763884052716548e+01
1.058999999999999941e+00,-2.653883071804828475e+01
1.058599999999999985e+00,-2.654220371802094647e+01
1.058400000000000007e+00,-2.653899535433733092e+01
1.057900000000000063e+00,-2.654358739982008686e+01
1.057700000000000085e+00,-2.654394280560821784e+01
1.057299999999999907e+00,-2.654846689220023492e+01
1.057099999999999929e+00,-2.655112258245016932e+01
1.056799999999999962e+00,-2.656201829490466437e+01
1.056400000000000006e+00,-2.656250950086279516e+01
1.056100000000000039e+00,-2.656379691107900243e+01
1.055700000000000083e+00,-2.656668798506477103e+01
1.055399999999999894e+00,-2.656771958965318703e+01
1.055199999999999916e+00,-2.656475747566243228e+01
1.054799999999999960e+00,-2.657231835240157380e+01
1.054599999999999982e+00,-2.657251813292702991e+01
1.053900000000000059e+00,-2.656951899573399345e+01
1.053700000000000081e+00,-2.656428569389433747e+01
1.053299999999999903e+00,-2.656289279108235490e+01
1.053099999999999925e+00,-2.656139779984710358e+01
1.052599999999999980e+00,-2.656240688741949185e+01
1.052400000000000002e+00,-2.656305233771270480e+01
1.051900000000000057e+00,-2.656486784850774185e+01
1.051399999999999890e+00,-2.656699806140715125e+01
1.051199999999999912e+00,-2.656340997396776160e+01
1.050699999999999967e+00,-2.655409883298730023e+01
1.050499999999999989e+00,-2.654491479599750647e+01
1.050300000000000011e+00,-2.654452388038428978e+01
1.049800000000000066e+00,-2.654458106791456018e+01
1.049600000000000088e+00,-2.654187007024931688e+01
1.049400000000000110e+00,-2.655031463970412986e+01
1.048999999999999932e+00,-2.655875325069965598e+01
1.048599999999999977e+00,-2.656271045627732619e+01
1.048300000000000010e+00,-2.656324855161672360e+01
1.047800000000000065e+00,-2.657008145024584778e+01
1.047600000000000087e+00,-2.657258095184266011e+01
1.047400000000000109e+00,-2.657377432792616290e+01
1.046899999999999942e+00,-2.657407341062921091e+01
1.046499999999999986e+00,-2.657071472669823464e+01
1.046300000000000008e+00,-2.656691004548149238e+01
1.046100000000000030e+00,-2.656666880151002630e+01
1.045700000000000074e+00,-2.656334773464073962e+01
1.045500000000000096e+00,-2.655605483133725997e+01
1.044999999999999929e+00,-2.655357838727410780e+01
1.044599999999999973e+00,-2.654619037349335642e+01
1.044300000000000006e+00,-2.654007391137657024e+01
1.043900000000000050e+00,-2.653611562572731586e+01
1.043700000000000072e+00,-2.653514494754170627e+01
1.043500000000000094e+00,-2.653680783303545709e+01
1.042999999999999927e+00,-2.654103952835738767e+01
1.042799999999999949e+00,-2.654307361999140724e+01
1.042499999999999982e+00,-2.654385613413599643e+01
1.042000000000000037e+00,-2.654554705631715805e+01
1.041800000000000059e+00,-2.654568616170103823e+01
1.041400000000000103e+00,-2.654018784417531762e+01
1.041199999999999903e+00,-2.652946823949585209e+01
1.040799999999999947e+00,-2.652392779936917222e+01
1.040599999999999969e+00,-2.652005848620040851e+01
1.040200000000000014e+00,-2.651815861259086660e+01
1.040000000000000036e+00,-2.652003191648953617e+01
1.039500000000000091e+00,-2.652642155746030639e+01
1.039299999999999891e+00,-2.653225238807642583e+01
1.038799999999999946e+00,-2.653722424857195250e+01
1.038599999999999968e+00,-2.654152942874652865e+01
1.038100000000000023e+00,-2.654588640578235470e+01
1.037900000000000045e+00,-2.654773496936456567e+01
1.037400000000000100e+00,-2.654905093306590302e+01
1.037199999999999900e+00,-2.655166219981429165e+01
1.036999999999999922e+00,-2.654524528625933044e+01
1.036599999999999966e+00,-2.654248470504903423e+01
1.036499999999999977e+00,-2.654530058574321316e+01
1.036299999999999999e+00,-2.653833038037366165e+01
1.035800000000000054e+00,-2.653104693003969672e+01
1.035600000000000076e+00,-2.653011129229352960e+01
1.035400000000000098e+00,-2.652984882986840631e+01
1.034999999999999920e+00,-2.652289850371712276e+01
1.034699999999999953e+00,-2.652558554927318824e+01
1.034499999999999975e+00,-2.652822363291916474e+01
1.034299999999999997e+00,-2.653372203279012354e+01
1.033900000000000041e+00,-2.652678408340068827e+01
1.033700000000000063e+00,-2.652591275146741268e+01
1.033500000000000085e+00,-2.652100137948607994e+01
1.032999999999999918e+00,-2.652061191767328197e+01
1.032799999999999940e+00,-2.651961613248897365e+01
1.032599999999999962e+00,-2.652606677011302949e+01
1.032399999999999984e+00,-2.653529754337323254e+01
1.032000000000000028e+00,-2.654665530018938924e+01
1.031800000000000050e+00,-2.654983001276999133e+01
1.031300000000000106e+00,-2.654682571147113990e+01
1.031099999999999905e+00,-2.654577580328630759e+01
1.030899999999999928e+00,-2.654152802645047515e+01
1.030399999999999983e+00,-2.653926548983796607e+01
1.030200000000000005e+00,-2.653711811957857947e+01
1.029800000000000049e+00,-2.653215404070617822e+01
1.029500000000000082e+00,-2.652983151488340141e+01
1.029300000000000104e+00,-2.652259443402103756e+01
1.028799999999999937e+00,-2.651844952434332825e+01
1.028699999999999948e+00,-2.651820689534088871e+01
1.028299999999999992e+00,-2.652075930745033361e+01
1.028000000000000025e+00,-2.652684373979162658e+01
1.027800000000000047e+00,-2.653321190934663676e+01
1.027400000000000091e+00,-2.653276654335366658e+01
1.026899999999999924e+00,-2.652770448664874792e+01
1.026399999999999979e+00,-2.652267731558264785e+01
1.026200000000000001e+00,-2.651711486514905403e+01
1.025800000000000045e+00,-2.651075431587178244e+01
1.025600000000000067e+00,-2.651256648502985058e+01
1.025199999999999889e+00,-2.652029769557049832e+01
1.024999999999999911e+00,-2.652973617314556520e+01
1.024699999999999944e+00,-2.653570231186861861e+01
1.024299999999999988e+00,-2.654828281398756218e+01
1.024100000000000010e+00,-2.655053266247174193e+01
1.023600000000000065e+00,-2.655257346740234681e+01
1.023300000000000098e+00,-2.655814836232360676e+01
1.023099999999999898e+00,-2.656572514743958635e+01
1.022699999999999942e+00,-2.656938555293718096e+01
1.022499999999999964e+00,-2.657650485481298119e+01
1.022000000000000020e+00,-2.657038434858337084e+01
1.021800000000000042e+00,-2.656247694239132073e+01
1.021600000000000064e+00,-2.655524392382611509e+01
1.021200000000000108e+00,-2.654762898749239852e+01
1.020699999999999941e+00,-2.654147166364605326e+01
1.020499999999999963e+00,-2.654270454309125071e+01
1.020299999999999985e+00,-2.654912368467397954e+01
1.019900000000000029e+00,-2.654792906308676592e+01
1.019700000000000051e+00,-2.653936720712922082e+01
1.019200000000000106e+00,-2.653286398817365921e+01
1.018999999999999906e+00,-2.653340636487942916e+01
1.018699999999999939e+00,-2.653143306568205162e+01
1.018299999999999983e+00,-2.653025650159034043e+01
1.018100000000000005e+00,-2.653570662629299548e+01
1.017600000000000060e+00,-2.653889793045503609e+01
1.017400000000000082e+00,-2.653297185799340241e+01
1.016999999999999904e+00,-2.652836195606765202e+01
1.016799999999999926e+00,-2.653177295918428413e+01
1.016399999999999970e+00,-2.653694759623091670e+01
1.016199999999999992e+00,-2.653828263384137642e+01
1.016000000000000014e+00,-2.653947210999228545e+01
1.015600000000000058e+00,-2.654080432725990235e+01
1.015300000000000091e+00,-2.652847371161802315e+01
1.014899999999999913e+00,-2.651731630190189293e+01
1.014699999999999935e+00,-2.650701835449485699e+01
1.014399999999999968e+00,-2.650202695397861419e+01
1.014000000000000012e+00,-2.649786277529008061e+01
1.013700000000000045e+00,-2.650592473493994206e+01
1.013300000000000090e+00,-2.650738519441107854e+01
1.013099999999999890e+00,-2.650475044890597687e+01
1.012599999999999945e+00,-2.650125655684363934e+01
1.012399999999999967e+00,-2.649102758959596926e+01
1.012199999999999989e+00,-2.647601223473870391e+01
1.011800000000000033e+00,-2.646659120919235519e+01
1.011600000000000055e+00,-2.647093358324046974e+01
1.011200000000000099e+00,-2.647430049906106220e+01
1.010999999999999899e+00,-2.649006972010557703e+01
1.010799999999999921e+00,-2.650876101732889012e+01
1.010299999999999976e+00,-2.652581611103620318e+01
1.010099999999999998e+00,-2.653664942313914565e+01
1.009900000000000020e+00,-2.654485082543532570e+01
1.009500000000000064e+00,-2.654571903280909950e+01
1.008999999999999897e+00,-2.654899498202321695e+01
1.008699999999999930e+00,-2.654922449679818186e+01
1.008499999999999952e+00,-2.655018889194858289e+01
1.008099999999999996e+00,-2.654797293766851141e+01
1.007900000000000018e+00,-2.654406130680484921e+01
1.007600000000000051e+00,-2.653584258603312662e+01
1.007200000000000095e+00,-2.652763909882247972e+01
1.006999999999999895e+00,-2.651578256026597202e+01
1.006699999999999928e+00,-2.650913256243024207e+01
1.006299999999999972e+00,-2.649635331715492725e+01
1.006099999999999994e+00,-2.648771398474101701e+01
1.005600000000000049e+00,-2.648588633420011007e+01
1.005400000000000071e+00,-2.649123787884087378e+01
1.005200000000000093e+00,-2.649672375879340436e+01
1.004799999999999915e+00,-2.650911340029392349e+01
1.004599999999999937e+00,-2.651933136990212958e+01
1.004299999999999971e+00,-2.653040214098643901e+01
1.004000000000000004e+00,-2.652861762266443790e+01
1.003700000000000037e+00,-2.652844228599703058e+01
1.003300000000000081e+00,-2.652336584960133692e+01
1.002999999999999892e+00,-2.651601988636918605e+01
1.002599999999999936e+00,-2.650411164737318970e+01
1.002399999999999958e+00,-2.649848731398306256e+01
1.002099999999999991e+00,-2.649437446450984623e+01
1.001700000000000035e+00,-2.649829210769193111e+01
1.001500000000000057e+00,-2.650160103634634368e+01
1.001100000000000101e+00,-2.650627637978762863e+01
1.000799999999999912e+00,-2.651525790452489773e+01
1.000399999999999956e+00,-2.651782398512290584e+01
1.000199999999999978e+00,-2.651678221898177767e+01
9.998000000000000220e-01,-2.651899637123221254e+01
9.996000000000000441e-01,-2.651744082570538197e+01
9.993999999999999551e-01,-2.651602826803565804e+01
9.989999999999999991e-01,-2.651550856300886849e+01
9.987000000000000322e-01,-2.651897519617161691e+01
9.981999999999999762e-01,-2.652205891629309775e+01
9.979999999999999982e-01,-2.652365229590357387e+01
9.975000000000000533e-01,-2.651583501326014414e+01
9.972999999999999643e-01,-2.650963683942151761e+01
9.970999999999999863e-01,-2.650408800806046017e+01
9.967000000000000304e-01,-2.649192134871268678e+01
9.965000000000000524e-01,-2.649041433853048133e+01
9.960999999999999854e-01,-2.650214192260212442e+01
9.958000000000000185e-01,-2.651262403145303281e+01
9.956000000000000405e-01,-2.651162452531517388e+01
9.951999999999999735e-01,-2.651350438201659188e+01
9.949999999999999956e-01,-2.651347788782308257e+01
9.947000000000000286e-01,-2.650411684905116871e+01
9.941999999999999726e-01,-2.649954358487159567e+01
9.939999999999999947e-01,-2.649883035970267287e+01
9.935000000000000497e-01,-2.649638191482582172e+01
9.932999999999999607e-01,-2.648650542940742980e+01
9.930999999999999828e-01,-2.648031621907652422e+01
9.926000000000000378e-01,-2.646943128394883615e+01
9.923999999999999488e-01,-2.646241062713182046e+01
9.919999999999999929e-01,-2.645970483573755061e+01
9.918000000000000149e-01,-2.646234422289859722e+01
9.913999999999999480e-01,-2.646453544421632742e+01
9.911999999999999700e-01,-2.647051923375464000e+01
9.909999999999999920e-01,-2.647629367444469040e+01
9.905000000000000471e-01,-2.648689370745714555e+01
9.902999999999999581e-01,-2.649032819797024274e+01
9.899000000000000021e-01,-2.649503976676646388e+01
9.897000000000000242e-01,-2.649683566283499303e+01
9.895000000000000462e-01,-2.649522964798388358e+01
9.889999999999999902e-01,-2.648780491306366969e+01
9.888000000000000123e-01,-2.648663802283589419e+01
9.886000000000000343e-01,-2.648739549301691554e+01
9.880999999999999783e-01,-2.649454693401963112e+01
9.879000000000000004e-01,-2.650461353575515489e+01
9.877000000000000224e-01,-2.651264666050055752e+01
9.872999999999999554e-01,-2.651684106686057163e+01
9.869999999999999885e-01,-2.651621883524322598e+01
9.866000000000000325e-01,-2.650716494511671684e+01
9.864000000000000545e-01,-2.650478871956928018e+01
9.858999999999999986e-01,-2.650911640190843599e+01
9.857000000000000206e-01,-2.651206925988212504e+01
9.855000000000000426e-01,-2.651389858968087765e+01
9.849999999999999867e-01,-2.651487790680605272e+01
9.848000000000000087e-01,-2.650651863940110431e+01
9.842999999999999527e-01,-2.648994498587374125e+01
9.840999999999999748e-01,-2.647857277202313142e+01
9.838999999999999968e-01,-2.646814659195272057e+01
9.834000000000000519e-01,-2.646839854259085101e+01
9.831999999999999629e-01,-2.646632925639956468e+01
9.829999999999999849e-01,-2.646995276742412884e+01
9.826000000000000290e-01,-2.647764314665533192e+01
9.820999999999999730e-01,-2.648207864790606791e+01
9.818999999999999950e-01,-2.647955876549888643e+01
9.814000000000000501e-01,-2.648441454692472519e+01
9.811999999999999611e-01,-2.649044083521089021e+01
9.807000000000000162e-01,-2.649086966384126995e+01
9.805000000000000382e-01,-2.649340701076939197e+01
9.802999999999999492e-01,-2.649551792720881949e+01
9.798000000000000043e-01,-2.649558834111019578e+01
9.796000000000000263e-01,-2.649358417233703022e+01
9.794000000000000483e-01,-2.648550596542030533e+01
9.789999999999999813e-01,-2.648514580086878567e+01
9.787000000000000144e-01,-2.649187083883973060e+01
9.785000000000000364e-01,-2.649771264980358865e+01
9.780999999999999694e-01,-2.650493261370144182e+01
9.778999999999999915e-01,-2.651444509634968938e+01
9.777000000000000135e-01,-2.651273668938934591e+01
9.772999999999999465e-01,-2.650604328969706103e+01
9.769999999999999796e-01,-2.649928543565181727e+01
9.768000000000000016e-01,-2.649228076708663338e+01
9.764000000000000457e-01,-2.648392530913222487e+01
9.760999999999999677e-01,-2.647731052176770206e+01
9.757000000000000117e-01,-2.647356866859150415e+01
9.754000000000000448e-01,-2.647134753318479028e+01
9.749999999999999778e-01,-2.646826146653145884e+01
9.747999999999999998e-01,-2.646819194741654968e+01
9.743000000000000549e-01,-2.647529772103050760e+01
9.740999999999999659e-01,-2.647815968970589040e+01
9.736000000000000210e-01,-2.648367190672205851e+01
9.734000000000000430e-01,-2.648392832539724040e+01
9.731999999999999540e-01,-2.648076783665319311e+01
9.727000000000000091e-01,-2.647507692630799880e+01
9.725000000000000311e-01,-2.647184155414004891e+01
9.719999999999999751e-01,-2.646320635001274013e+01
9.717999999999999972e-01,-2.646713322849956995e+01
9.714000000000000412e-01,-2.647694737134019149e+01
9.710999999999999632e-01,-2.648777613823448007e+01
9.708999999999999853e-01,-2.649620745772816832e+01
9.705000000000000293e-01,-2.650647556390682524e+01
9.703000000000000513e-01,-2.650472429624926463e+01
9.697999999999999954e-01,-2.650317167823288855e+01
9.696000000000000174e-01,-2.650153768300043922e+01
9.691999999999999504e-01,-2.650097965031815050e+01
9.689999999999999725e-01,-2.650097700735674877e+01
9.685000000000000275e-01,-2.649858701464856381e+01
9.683000000000000496e-01,-2.648930013362214808e+01
9.677999999999999936e-01,-2.647660183083953811e+01
9.676000000000000156e-01,-2.646610067996622462e+01
9.674000000000000377e-01,-2.645154621706023335e+01
9.668999999999999817e-01,-2.645041114570999241e+01
9.667000000000000037e-01,-2.645706395554190848e+01
9.663000000000000478e-01,-2.646685678043734669e+01
9.660999999999999588e-01,-2.647804681556918283e+01
9.657000000000000028e-01,-2.648529869390701563e+01
9.655000000000000249e-01,-2.648698351119492500e+01
9.653000000000000469e-01,-2.648926597694687857e+01
9.650999999999999579e-01,-2.648815776802891264e+01
9.646000000000000130e-01,-2.648007373556103516e+01
9.644000000000000350e-01,-2.648012766474881730e+01
9.638999999999999790e-01,-2.647860004674782886e+01
9.637000000000000011e-01,-2.647719347780651233e+01
9.631999999999999451e-01,-2.648177674225891565e+01
9.629999999999999671e-01,-2.648725411390183382e+01
9.626000000000000112e-01,-2.648915285002571807e+01
9.624000000000000332e-01,-2.648717800398568301e+01
9.619999999999999662e-01,-2.647998996146448292e+01
9.616999999999999993e-01,-2.646873503759604418e+01
9.615000000000000213e-01,-2.646061240129247949e+01
9.610999999999999543e-01,-2.645569838416371056e+01
9.608999999999999764e-01,-2.645554624342814876e+01
9.604000000000000314e-01,-2.646036877216671712e+01
9.602000000000000535e-01,-2.646321089741297783e+01
9.596999999999999975e-01,-2.646490391349807680e+01
9.595000000000000195e-01,-2.647097888417347278e+01
9.590999999999999526e-01,-2.647149703077021599e+01
9.587999999999999856e-01,-2.646708492684134129e+01
9.586000000000000076e-01,-2.646442546041204125e+01
9.582000000000000517e-01,-2.646274983128325786e+01
9.579999999999999627e-01,-2.645499843103936399e+01
9.575000000000000178e-01,-2.645239630258886976e+01
9.573000000000000398e-01,-2.645266806876065857e+01
9.569999999999999618e-01,-2.645068183247854421e+01
9.567999999999999838e-01,-2.644756767460918923e+01
9.563000000000000389e-01,-2.644837599743341983e+01
9.560999999999999499e-01,-2.645214694081985840e+01
9.558999999999999719e-01,-2.645799223072307882e+01
9.554000000000000270e-01,-2.646964538462935224e+01
9.552000000000000490e-01,-2.647612849861057072e+01
9.547999999999999821e-01,-2.648040013314555097e+01
9.545000000000000151e-01,-2.648245898501898310e+01
9.542000000000000481e-01,-2.647808908602521072e+01
9.538999999999999702e-01,-2.647085552912507467e+01
9.535000000000000142e-01,-2.646781593450241132e+01
9.533000000000000362e-01,-2.646032622662185219e+01
9.529999999999999583e-01,-2.645305842090682447e+01
9.526000000000000023e-01,-2.644624413052153145e+01
9.523000000000000353e-01,-2.643783685744381629e+01
9.518999999999999684e-01,-2.643995242916828303e+01
9.516999999999999904e-01,-2.645154653897384023e+01
9.512000000000000455e-01,-2.645917672992402458e+01
9.509999999999999565e-01,-2.646666301035514479e+01
9.506000000000000005e-01,-2.647861905631508606e+01
9.503000000000000336e-01,-2.648476399884767929e+01
9.498999999999999666e-01,-2.648699009660713699e+01
9.496999999999999886e-01,-2.648934145908963700e+01
9.492000000000000437e-01,-2.649524353528186182e+01
9.489999999999999547e-01,-2.649976043993438779e+01
9.485999999999999988e-01,-2.649475993438697330e+01
9.481000000000000538e-01,-2.648985929670686801e+01
9.478999999999999648e-01,-2.648833327276632232e+01
9.476999999999999869e-01,-2.648668241188499195e+01
9.473000000000000309e-01,-2.647859429571040835e+01
9.471000000000000529e-01,-2.648088851664585874e+01
9.466999999999999860e-01,-2.647884220953987366e+01
9.465000000000000080e-01,-2.647314556598077573e+01
9.462000000000000410e-01,-2.647024066628665295e+01
9.457999999999999741e-01,-2.647331649402583054e+01
9.455999999999999961e-01,-2.646868831961322499e+01
9.453000000000000291e-01,-2.646743072447853251e+01
9.448999999999999622e-01,-2.646693202429516134e+01
9.445999999999999952e-01,-2.646919801273205053e+01
9.444000000000000172e-01,-2.647164441382264144e+01
9.438999999999999613e-01,-2.647555007147771278e+01
9.436999999999999833e-01,-2.647843961872585083e+01
9.435000000000000053e-01,-2.648277683218756451e+01
9.431000000000000494e-01,-2.647921950072039365e+01
9.428999999999999604e-01,-2.648247697063419892e+01
9.424000000000000155e-01,-2.648624561136257327e+01
9.422000000000000375e-01,-2.649237127804758174e+01
9.417999999999999705e-01,-2.649585371926742283e+01
9.415999999999999925e-01,-2.650007391738061457e+01
9.413000000000000256e-01,-2.649687425887135817e+01
9.408999999999999586e-01,-2.649716035530456537e+01
9.406999999999999806e-01,-2.648933302760968189e+01
9.402000000000000357e-01,-2.648287382793233391e+01
9.399999999999999467e-01,-2.647999491561046881e+01
9.395999999999999908e-01,-2.647894234596569163e+01
9.391000000000000458e-01,-2.648104074597500102e+01
9.388999999999999568e-01,-2.649006903678550984e+01
9.385000000000000009e-01,-2.650204642661877941e+01
9.382000000000000339e-01,-2.650699140769228634e+01
9.377999999999999670e-01,-2.650676079690404663e+01
9.375999999999999890e-01,-2.649773540707965580e+01
9.373000000000000220e-01,-2.648556793325561287e+01
9.370000000000000551e-01,-2.647679007892110192e+01
9.365999999999999881e-01,-2.647663941476217531e+01
9.361000000000000432e-01,-2.648075919725288685e+01
9.358999999999999542e-01,-2.649213400964932319e+01
9.354999999999999982e-01,-2.650520222918471802e+01
9.353000000000000203e-01,-2.651390691983078440e+01
9.347999999999999643e-01,-2.651318082160701195e+01
9.345999999999999863e-01,-2.651435130041200594e+01
9.344000000000000083e-01,-2.650569675661039426e+01
9.340000000000000524e-01,-2.649152945512954105e+01
9.337999999999999634e-01,-2.648374062246626437e+01
9.335999999999999854e-01,-2.648325114614456766e+01
9.332000000000000295e-01,-2.647475417784893281e+01
9.328999999999999515e-01,-2.647352640304044513e+01
9.324999999999999956e-01,-2.647826630931680825e+01
9.322000000000000286e-01,-2.647809035851620862e+01
9.317999999999999616e-01,-2.647706562497152660e+01
9.314999999999999947e-01,-2.647528271880882045e+01
9.310000000000000497e-01,-2.646558529764496370e+01
9.307999999999999607e-01,-2.645549892904018208e+01
9.303000000000000158e-01,-2.644642962342256709e+01
9.301000000000000378e-01,-2.643195172323052589e+01
9.295999999999999819e-01,-2.642350646055245633e+01
9.294999999999999929e-01,-2.642135064409377421e+01
9.290000000000000480e-01,-2.641894286176025730e+01
9.287999999999999590e-01,-2.641918405213903753e+01
9.285999999999999810e-01,-2.642941255937579115e+01
9.281000000000000361e-01,-2.643743201241298380e+01
9.278999999999999471e-01,-2.644778284660496581e+01
9.274999999999999911e-01,-2.645797775541323915e+01
9.273000000000000131e-01,-2.646614840294957105e+01
9.267999999999999572e-01,-2.647366936830007589e+01
9.265999999999999792e-01,-2.648130075377473602e+01
9.261000000000000343e-01,-2.648698455261076745e+01
9.258999999999999453e-01,-2.649092315848776380e+01
9.254000000000000004e-01,-2.649509715900187246e+01
9.252000000000000224e-01,-2.648850077756968702e+01
9.250000000000000444e-01,-2.648427969790610703e+01
9.244999999999999885e-01,-2.648063902566686778e+01
9.243000000000000105e-01,-2.647884045802316422e+01
9.239000000000000545e-01,-2.647225011839802633e+01
9.235999999999999766e-01,-2.646701858953235842e+01
9.232000000000000206e-01,-2.646623509925526108e+01
9.230000000000000426e-01,-2.646409130298142642e+01
9.225999999999999757e-01,-2.646198565793643454e+01
9.223999999999999977e-01,-2.646012864159128952e+01
9.221000000000000307e-01,-2.646699767099656952e+01
9.216999999999999638e-01,-2.646702475798033305e+01
9.212000000000000188e-01,-2.646768243769768603e+01
9.210000000000000409e-01,-2.646795238637665193e+01
9.207999999999999519e-01,-2.646073526541801968e+01
9.204999999999999849e-01,-2.645823341444939913e+01
9.201000000000000290e-01,-2.645490294023742806e+01
9.199000000000000510e-01,-2.644913411693837446e+01
9.194999999999999840e-01,-2.644613959979301399e+01
9.192000000000000171e-01,-2.645291341773956972e+01
9.190000000000000391e-01,-2.645343931483211009e+01
9.185999999999999721e-01,-2.646040351842369631e+01
9.183999999999999941e-01,-2.646844062309215673e+01
9.179000000000000492e-01,-2.647370180508444193e+01
9.175999999999999712e-01,-2.646673255212082410e+01
9.172000000000000153e-01,-2.646222394563267244e+01
9.170000000000000373e-01,-2.645343729204128991e+01
9.167999999999999483e-01,-2.645097064696642875e+01
9.163000000000000034e-01,-2.645164092084727159e+01
9.160000000000000364e-01,-2.645963795955184494e+01
9.155999999999999694e-01,-2.645594874212252279e+01
9.153000000000000025e-01,-2.645450981143902780e+01
9.149000000000000465e-01,-2.645259160766986994e+01
9.146999999999999575e-01,-2.645084599567713823e+01
9.143000000000000016e-01,-2.645391227121506006e+01
9.140000000000000346e-01,-2.646634757261477588e+01
9.137999999999999456e-01,-2.647059587826648652e+01
9.133999999999999897e-01,-2.647433531267527229e+01
9.129000000000000448e-01,-2.647818861386673461e+01
9.126999999999999558e-01,-2.647946561430546097e+01
9.123999999999999888e-01,-2.648147347268058027e+01
9.120000000000000329e-01,-2.648875743952137896e+01
9.114999999999999769e-01,-2.648660679153279318e+01
9.112999999999999989e-01,-2.648395188121231314e+01
9.111000000000000210e-01,-2.648344551065349961e+01
9.106999999999999540e-01,-2.647936421150819086e+01
9.102999999999999980e-01,-2.646782015253944209e+01
9.101000000000000201e-01,-2.646849160926299760e+01
9.095999999999999641e-01,-2.646855959624570787e+01
9.093999999999999861e-01,-2.646386570893798051e+01
9.092000000000000082e-01,-2.645358158546960681e+01
9.086999999999999522e-01,-2.645142174199220619e+01
9.084999999999999742e-01,-2.644316037558345656e+01
9.081000000000000183e-01,-2.643976860224571368e+01
9.078000000000000513e-01,-2.643877144698956627e+01
9.073999999999999844e-01,-2.644106800023492099e+01
9.071000000000000174e-01,-2.644255136225258340e+01
9.066999999999999504e-01,-2.644632086262220128e+01
9.063999999999999835e-01,-2.644492823123199798e+01
9.060000000000000275e-01,-2.644570642389563986e+01
9.058000000000000496e-01,-2.644888129621623918e+01
9.053999999999999826e-01,-2.645418965738242534e+01
9.051000000000000156e-01,-2.645813089227642578e+01
9.049000000000000377e-01,-2.646059658915199364e+01
9.044999999999999707e-01,-2.646464500768573558e+01
9.042000000000000037e-01,-2.646636367798292611e+01
9.038000000000000478e-01,-2.646237230911639315e+01
9.033999999999999808e-01,-2.645787041335355028e+01
9.029000000000000359e-01,-2.645338329540523503e+01
9.026999999999999469e-01,-2.644555015768233375e+01
9.022000000000000020e-01,-2.644148091420682078e+01
9.020000000000000240e-01,-2.644092391673201092e+01
9.014999999999999680e-01,-2.644358405952472424e+01
9.012999999999999901e-01,-2.644704905475768442e+01
9.009000000000000341e-01,-2.644897238448427501e+01
9.006999999999999451e-01,-2.644906300827718937e+01
9.002000000000000002e-01,-2.645390210825791399e+01
9.000000000000000222e-01,-2.645556163298222074e+01
8.997000000000000552e-01,-2.645958517138245725e+01
8.992999999999999883e-01,-2.647062290484745972e+01
8.991000000000000103e-01,-2.648109425106646952e+01
8.989000000000000323e-01,-2.648414507131179008e+01
8.984999999999999654e-01,-2.648082933623195601e+01
8.982999999999999874e-01,-2.647543188563215821e+01
8.978000000000000425e-01,-2.646762304338599492e+01
8.975999999999999535e-01,-2.646240187819913459e+01
8.971000000000000085e-01,-2.645724408466242039e+01
8.969000000000000306e-01,-2.646028078135208261e+01
8.967000000000000526e-01,-2.646574008145517354e+01
8.962999999999999856e-01,-2.646848653683829511e+01
8.960000000000000187e-01,-2.646841274653331411e+01
8.958000000000000407e-01,-2.646721752996759491e+01
8.952999999999999847e-01,-2.646539598157325202e+01
8.951000000000000068e-01,-2.646396002694027416e+01
8.945999999999999508e-01,-2.646471364349388367e+01
8.941999999999999948e-01,-2.646677669906914332e+01
8.940000000000000169e-01,-2.647152225808600434e+01
8.938000000000000389e-01,-2.647504832453372003e+01
8.933999999999999719e-01,-2.646987862748993692e+01
8.931000000000000050e-01,-2.646388726245694656e+01
8.927000000000000490e-01,-2.645376888805637705e+01
8.923999999999999710e-01,-2.645017979156748211e+01
8.920000000000000151e-01,-2.645190540607876528e+01
8.918000000000000371e-01,-2.646013586056115585e+01
8.915999999999999481e-01,-2.646525166733713874e+01
8.911000000000000032e-01,-2.648057981223049495e+01
8.909000000000000252e-01,-2.648310408978636232e+01
8.907000000000000473e-01,-2.647533371042641548e+01
8.902999999999999803e-01,-2.646878535882988714e+01
8.901000000000000023e-01,-2.646857708360615646e+01
8.897000000000000464e-01,-2.646139809829105261e+01
8.894999999999999574e-01,-2.646100835972518794e+01
8.890000000000000124e-01,-2.646983582386040368e+01
8.888000000000000345e-01,-2.647036281808643920e+01
8.885999999999999455e-01,-2.646891134212257768e+01
8.881999999999999895e-01,-2.646550916381683294e+01
8.879000000000000226e-01,-2.646027366634794120e+01
8.874999999999999556e-01,-2.645121676801219479e+01
8.872999999999999776e-01,-2.644740235954311203e+01
8.870999999999999996e-01,-2.643928848804842602e+01
8.866000000000000547e-01,-2.643410565100888476e+01
8.863999999999999657e-01,-2.643139114042146431e+01
8.860000000000000098e-01,-2.642781479944698830e+01
8.857000000000000428e-01,-2.642861318422083272e+01
8.854999999999999538e-01,-2.643258152558523832e+01
8.850999999999999979e-01,-2.644062915749943699e+01
8.846000000000000529e-01,-2.645010399829138237e+01
8.843999999999999639e-01,-2.645990946422170254e+01
8.840000000000000080e-01,-2.646727068179720277e+01
8.838000000000000300e-01,-2.647117916987483355e+01
8.834999999999999520e-01,-2.647503837791241565e+01
8.830999999999999961e-01,-2.647524448631164873e+01
8.827000000000000401e-01,-2.647638613526924445e+01
8.823999999999999622e-01,-2.647711358758762756e+01
8.821999999999999842e-01,-2.647940843831041136e+01
8.818000000000000282e-01,-2.647388263944304043e+01
8.816000000000000503e-01,-2.647032193925501176e+01
8.811999999999999833e-01,-2.646569903846172878e+01
8.807000000000000384e-01,-2.645072858008655459e+01
8.804999999999999494e-01,-2.644356842765559179e+01
8.800000000000000044e-01,-2.643419549615575903e+01
8.798000000000000265e-01,-2.642258313627986155e+01
8.796000000000000485e-01,-2.640895443145073074e+01
8.793999999999999595e-01,-2.640925293735961077e+01
8.789000000000000146e-01,-2.640536230524757499e+01
8.787000000000000366e-01,-2.640609746726772400e+01
8.782999999999999696e-01,-2.641113990733988004e+01
8.779000000000000137e-01,-2.641931801381412370e+01
8.776000000000000467e-01,-2.642295093174949727e+01
8.771999999999999797e-01,-2.642698217829495988e+01
8.770000000000000018e-01,-2.643760659248116340e+01
8.764999999999999458e-01,-2.644638171035128238e+01
8.762999999999999678e-01,-2.644978869480139849e+01
8.758000000000000229e-01,-2.645671531949743382e+01
8.756000000000000449e-01,-2.646243915556032889e+01
8.751999999999999780e-01,-2.645963900169155281e+01
8.750000000000000000e-01,-2.645590422004316622e+01
8.745000000000000551e-01,-2.645511999280223847e+01
8.742999999999999661e-01,-2.644818271538083820e+01
8.739000000000000101e-01,-2.644097108805885554e+01
8.736000000000000432e-01,-2.643877048335373203e+01
8.733999999999999542e-01,-2.643917338867172973e+01
8.729000000000000092e-01,-2.644425262962178635e+01
8.727000000000000313e-01,-2.644999693812620123e+01
8.725000000000000533e-01,-2.645478639856778358e+01
8.720999999999999863e-01,-2.646102498512846424e+01
8.718000000000000194e-01,-2.646232822662540585e+01
8.713999999999999524e-01,-2.645404035497865181e+01
8.711999999999999744e-01,-2.644452777889848250e+01
8.709999999999999964e-01,-2.643910883700549164e+01
8.706000000000000405e-01,-2.643088060385288784e+01
8.702999999999999625e-01,-2.642791620250627105e+01
8.700999999999999845e-01,-2.642861739833211487e+01
8.697000000000000286e-01,-2.643439618585617623e+01
8.693999999999999506e-01,-2.643540780309504257e+01
8.689000000000000057e-01,-2.644151849414598132e+01
8.687000000000000277e-01,-2.644348374908476984e+01
8.682999999999999607e-01,-2.644580545976181085e+01
8.680999999999999828e-01,-2.644302102850735992e+01
8.677000000000000268e-01,-2.644131287311911294e+01
8.675000000000000488e-01,-2.643735125979727840e+01
8.670999999999999819e-01,-2.643566595078048920e+01
8.668000000000000149e-01,-2.643546164396457954e+01
8.663999999999999480e-01,-2.643672830177433397e+01
8.661999999999999700e-01,-2.643589581330728322e+01
8.659000000000000030e-01,-2.643452011437029014e+01
8.653999999999999471e-01,-2.643757933931032866e+01
8.651999999999999691e-01,-2.643770737264981463e+01
8.648000000000000131e-01,-2.644029749545938301e+01
8.646000000000000352e-01,-2.644528855289339475e+01
8.643999999999999462e-01,-2.644715995048139590e+01
8.639000000000000012e-01,-2.644411363605845722e+01
8.637000000000000233e-01,-2.644082796980383065e+01
8.632999999999999563e-01,-2.643868121181690256e+01
8.628000000000000114e-01,-2.643368480592787861e+01
8.625000000000000444e-01,-2.643192394779079990e+01
8.619999999999999885e-01,-2.642640072670586449e+01
8.616000000000000325e-01,-2.642373232438453812e+01
8.614000000000000545e-01,-2.641945571570623841e+01
8.611999999999999655e-01,-2.641476234050442073e+01
8.608000000000000096e-01,-2.641101238036645427e+01
8.606000000000000316e-01,-2.641421582624391107e+01
8.601999999999999647e-01,-2.642665058928315602e+01
8.598999999999999977e-01,-2.643579669310190283e+01
8.595000000000000417e-01,-2.644455957196221974e+01
8.591999999999999638e-01,-2.645029570896094384e+01
8.589999999999999858e-01,-2.645287008169593079e+01
8.585000000000000409e-01,-2.644897436920111389e+01
8.582999999999999519e-01,-2.645144163413569416e+01
8.578999999999999959e-01,-2.645599246129968662e+01
8.576000000000000290e-01,-2.645672977867350895e+01
8.574000000000000510e-01,-2.645355540055758681e+01
8.569999999999999840e-01,-2.645116161784997999e+01
8.567000000000000171e-01,-2.644481947198594440e+01
8.562999999999999501e-01,-2.643778150145069361e+01
8.559999999999999831e-01,-2.643729713259455849e+01
8.556000000000000272e-01,-2.643969848133885137e+01
8.550999999999999712e-01,-2.644460408653868555e+01
8.547000000000000153e-01,-2.644847621164590734e+01
8.544000000000000483e-01,-2.645191471457051691e+01
8.539999999999999813e-01,-2.644986334816710993e+01
8.538000000000000034e-01,-2.644411382271137612e+01
8.532999999999999474e-01,-2.643054127225007122e+01
8.530999999999999694e-01,-2.642005869082496261e+01
8.527000000000000135e-01,-2.641353913203435511e+01
8.524000000000000465e-01,-2.641753773971265673e+01
8.519999999999999796e-01,-2.642107987690510384e+01
8.517000000000000126e-01,-2.642780167887125131e+01
8.512999999999999456e-01,-2.643251157038582733e+01
8.510999999999999677e-01,-2.643362390781910065e+01
8.508000000000000007e-01,-2.642740874327607870e+01
8.504000000000000448e-01,-2.642678222119519305e+01
8.499999999999999778e-01,-2.642878658560297467e+01
8.497999999999999998e-01,-2.643240249109355844e+01
8.495000000000000329e-01,-2.643789733630129035e+01
8.490999999999999659e-01,-2.644314342805341411e+01
8.486000000000000210e-01,-2.644867865396437168e+01
8.484000000000000430e-01,-2.645303973165001210e+01
8.478999999999999870e-01,-2.645019607317465216e+01
8.477000000000000091e-01,-2.644657377484669780e+01
8.471999999999999531e-01,-2.643723730898404511e+01
8.469999999999999751e-01,-2.642635313832595756e+01
8.465000000000000302e-01,-2.642056080913189220e+01
8.463000000000000522e-01,-2.642282014312289817e+01
8.460999999999999632e-01,-2.642367619474804030e+01
8.456000000000000183e-01,-2.643008848880155881e+01
8.454000000000000403e-01,-2.643870604345142539e+01
8.448999999999999844e-01,-2.643632758477475164e+01
8.447000000000000064e-01,-2.643304020192437065e+01
8.445000000000000284e-01,-2.642809607337779809e+01
8.439999999999999725e-01,-2.641916192720160339e+01
8.437999999999999945e-01,-2.640741759637819897e+01
8.433000000000000496e-01,-2.639962952504147253e+01
8.430999999999999606e-01,-2.638889866202996615e+01
8.427000000000000046e-01,-2.638176117909195284e+01
8.425000000000000266e-01,-2.638172397630443200e+01
8.423000000000000487e-01,-2.638478294631728360e+01
8.417999999999999927e-01,-2.638880089219329506e+01
8.416000000000000147e-01,-2.639551510211688878e+01
8.410999999999999588e-01,-2.640223639702197644e+01
8.408999999999999808e-01,-2.640173602275551445e+01
8.405000000000000249e-01,-2.640559170793553534e+01
8.401999999999999469e-01,-2.640737736867258789e+01
8.399999999999999689e-01,-2.641227972850622407e+01
8.395000000000000240e-01,-2.641828540428956984e+01
8.390999999999999570e-01,-2.642271211010037391e+01
8.388999999999999790e-01,-2.642371392993191037e+01
8.384000000000000341e-01,-2.642493433844393635e+01
8.381999999999999451e-01,-2.642046030651011534e+01
8.377000000000000002e-01,-2.641301641687431001e+01
8.375000000000000222e-01,-2.640936879463005837e+01
8.373000000000000442e-01,-2.639945108674844576e+01
8.367999999999999883e-01,-2.639358726462280202e+01
8.364000000000000323e-01,-2.638644986129444447e+01
8.362000000000000544e-01,-2.638180362327789652e+01
8.356999999999999984e-01,-2.638178081647478024e+01
8.355000000000000204e-01,-2.638287099423618187e+01
8.353000000000000425e-01,-2.638479928592694534e+01
8.348999999999999755e-01,-2.639352915672431266e+01
8.346999999999999975e-01,-2.639928295239311495e+01
8.342000000000000526e-01,-2.639606451589580871e+01
8.339999999999999636e-01,-2.639906911579357995e+01
8.335000000000000187e-01,-2.639883720348422003e+01
8.333000000000000407e-01,-2.639409660142442959e+01
8.327999999999999847e-01,-2.640297985498383682e+01
8.326000000000000068e-01,-2.641589180665835812e+01
8.320999999999999508e-01,-2.642485027912443130e+01
8.318999999999999728e-01,-2.642751067470160109e+01
8.316999999999999948e-01,-2.642879149082808965e+01
8.313000000000000389e-01,-2.641736483374977595e+01
8.309999999999999609e-01,-2.641053942535130616e+01
8.304000000000000270e-01,-2.640660434695483971e+01
8.302000000000000490e-01,-2.641166034222618109e+01
8.296999999999999931e-01,-2.642049785215004576e+01
8.295000000000000151e-01,-2.642778467623417527e+01
8.290999999999999481e-01,-2.642700122476158953e+01
8.287999999999999812e-01,-2.642278275168628809e+01
8.283000000000000362e-01,-2.641481678972955294e+01
8.279999999999999583e-01,-2.640436305046643639e+01
8.276000000000000023e-01,-2.639479404409915020e+01
8.273000000000000353e-01,-2.638790064892891607e+01
8.268999999999999684e-01,-2.638374010761078026e+01
8.265000000000000124e-01,-2.638073940186467681e+01
8.259999999999999565e-01,-2.638052373489150781e+01
8.256000000000000005e-01,-2.637934190539057866e+01
8.254000000000000226e-01,-2.637877495281236051e+01
8.249999999999999556e-01,-2.637610492113882543e+01
8.247999999999999776e-01,-2.637636825043497169e+01
8.245000000000000107e-01,-2.638071037095145144e+01
8.241000000000000547e-01,-2.638751155851569408e+01
8.238999999999999657e-01,-2.639382916640807508e+01
8.236999999999999877e-01,-2.639865928198668854e+01
8.232000000000000428e-01,-2.639908083319174281e+01
8.229999999999999538e-01,-2.639253261885652790e+01
8.225000000000000089e-01,-2.638958332843131771e+01
8.221000000000000529e-01,-2.639143894830019121e+01
8.217999999999999750e-01,-2.639874847491750742e+01
8.214000000000000190e-01,-2.640499967718000462e+01
8.211000000000000520e-01,-2.640991212152686174e+01
8.208999999999999631e-01,-2.640757924547675017e+01
8.205000000000000071e-01,-2.639882455578577947e+01
8.203000000000000291e-01,-2.639098419035333620e+01
8.201000000000000512e-01,-2.638228904769189498e+01
8.196999999999999842e-01,-2.637366662865312961e+01
8.195000000000000062e-01,-2.636643577467311061e+01
8.192000000000000393e-01,-2.636369612884069369e+01
8.187999999999999723e-01,-2.635879542987627389e+01
8.185000000000000053e-01,-2.635801702999172491e+01
8.183000000000000274e-01,-2.636042271657944269e+01
8.177999999999999714e-01,-2.636672891411027919e+01
8.175999999999999934e-01,-2.637829115823241111e+01
8.173000000000000265e-01,-2.638700918029444509e+01
8.168999999999999595e-01,-2.639851702073502082e+01
8.166999999999999815e-01,-2.641075513560096866e+01
8.163000000000000256e-01,-2.642069862824357074e+01
8.159999999999999476e-01,-2.642983174467559948e+01
8.157999999999999696e-01,-2.643361292505773008e+01
8.154000000000000137e-01,-2.643205188478290779e+01
8.151000000000000467e-01,-2.643269514489697514e+01
8.146999999999999797e-01,-2.643765016779563126e+01
8.144000000000000128e-01,-2.643656009704862697e+01
8.139999999999999458e-01,-2.644021846553677690e+01
8.137999999999999678e-01,-2.644446725677339316e+01
8.133000000000000229e-01,-2.644424311901837044e+01
8.131000000000000449e-01,-2.643757914243892415e+01
8.126999999999999780e-01,-2.642813615672999106e+01
8.124000000000000110e-01,-2.641496425257370717e+01
8.122000000000000330e-01,-2.640046086991219454e+01
8.117999999999999661e-01,-2.639148940863166004e+01
8.115999999999999881e-01,-2.638171947518495841e+01
8.111000000000000432e-01,-2.637360673348430851e+01
8.108999999999999542e-01,-2.637336406195032978e+01
8.106999999999999762e-01,-2.636892850203540917e+01
8.102000000000000313e-01,-2.636082972536833324e+01
8.100000000000000533e-01,-2.635931645478394003e+01
8.094999999999999973e-01,-2.636576439636682778e+01
8.093000000000000194e-01,-2.636800584811325976e+01
8.091000000000000414e-01,-2.637360278447429707e+01
8.085999999999999854e-01,-2.637929151694160979e+01
8.084000000000000075e-01,-2.638791002496663651e+01
8.082000000000000295e-01,-2.639016926481739134e+01
8.077999999999999625e-01,-2.639333886629200876e+01
8.075999999999999845e-01,-2.639513105460976305e+01
8.071000000000000396e-01,-2.639876457346222693e+01
8.068999999999999506e-01,-2.639664223720659919e+01
8.064999999999999947e-01,-2.639236474677807109e+01
8.063000000000000167e-01,-2.639039823502685067e+01
8.061000000000000387e-01,-2.639201015839274689e+01
8.056999999999999718e-01,-2.638980195861638478e+01
8.054000000000000048e-01,-2.638565712792660634e+01
8.051000000000000378e-01,-2.638555924894168569e+01
8.048999999999999488e-01,-2.638935351671277374e+01
8.044000000000000039e-01,-2.639412176747589101e+01
8.042000000000000259e-01,-2.639808886071202565e+01
8.040000000000000480e-01,-2.640664557853965277e+01
8.034999999999999920e-01,-2.641569311183554092e+01
8.033000000000000140e-01,-2.641908417858516600e+01
8.028999999999999471e-01,-2.642373727659206750e+01
8.024000000000000021e-01,-2.642951916323930561e+01
8.022000000000000242e-01,-2.643201715544350705e+01
8.016999999999999682e-01,-2.642719688094395636e+01
8.014999999999999902e-01,-2.641741527856254379e+01
8.011000000000000343e-01,-2.640905676274972080e+01
8.007999999999999563e-01,-2.639999518568767911e+01
8.004000000000000004e-01,-2.639513574959638120e+01
8.002000000000000224e-01,-2.639889781418956360e+01
7.997999999999999554e-01,-2.641077160233560761e+01
7.995999999999999774e-01,-2.641739183725587381e+01
7.993999999999999995e-01,-2.641664929798136185e+01
7.990000000000000435e-01,-2.641625167232673732e+01
7.987999999999999545e-01,-2.641618956389500639e+01
7.985999999999999766e-01,-2.641078466531963542e+01
7.981000000000000316e-01,-2.641338526313673185e+01
7.979000000000000536e-01,-2.641798118652526028e+01
7.973999999999999977e-01,-2.641658032450109772e+01
7.969000000000000528e-01,-2.641332944981387598e+01
7.966999999999999638e-01,-2.640986044093816787e+01
7.964999999999999858e-01,-2.639932686392308270e+01
7.961000000000000298e-01,-2.639964037234675232e+01
7.956999999999999629e-01,-2.640659712497626899e+01
7.954999999999999849e-01,-2.641156332078862690e+01
7.953000000000000069e-01,-2.641554868802041511e+01
7.949000000000000510e-01,-2.642457489627679124e+01
7.945999999999999730e-01,-2.642692316093063454e+01
7.942000000000000171e-01,-2.642344826973140570e+01
7.940000000000000391e-01,-2.641670406879591226e+01
7.937999999999999501e-01,-2.641460469715715931e+01
7.933999999999999941e-01,-2.640748708884109064e+01
7.931000000000000272e-01,-2.640311610490851635e+01
7.925999999999999712e-01,-2.639818645141199482e+01
7.923999999999999932e-01,-2.639459958874289214e+01
7.920000000000000373e-01,-2.638458583711054928e+01
7.917999999999999483e-01,-2.638279287298227160e+01
7.913999999999999924e-01,-2.638129904116402713e+01
7.912000000000000144e-01,-2.638580964175483601e+01
7.910000000000000364e-01,-2.639486231027186847e+01
7.905999999999999694e-01,-2.640808488479827076e+01
7.903999999999999915e-01,-2.641426028891301314e+01
7.899000000000000465e-01,-2.641758561810501504e+01
7.896999999999999575e-01,-2.641553865752842256e+01
7.893000000000000016e-01,-2.641080191084242301e+01
7.891000000000000236e-01,-2.641176074099547577e+01
7.885999999999999677e-01,-2.641914553877765215e+01
7.883999999999999897e-01,-2.642066212158587746e+01
7.880000000000000338e-01,-2.642180999966291211e+01
7.876999999999999558e-01,-2.642684467159116224e+01
7.874999999999999778e-01,-2.642641919664477257e+01
7.871000000000000218e-01,-2.641554062761251842e+01
7.868000000000000549e-01,-2.641314613017885193e+01
7.863999999999999879e-01,-2.641992411407299457e+01
7.862000000000000099e-01,-2.641957190865261040e+01
7.856999999999999540e-01,-2.642182338868391156e+01
7.854999999999999760e-01,-2.642796472635787453e+01
7.852999999999999980e-01,-2.643280873139496023e+01
7.848000000000000531e-01,-2.643248815897301540e+01
7.843999999999999861e-01,-2.643700273372482812e+01
7.840000000000000302e-01,-2.643600019015222813e+01
7.838000000000000522e-01,-2.643427398615026647e+01
7.834999999999999742e-01,-2.643313092456931912e+01
7.831000000000000183e-01,-2.642954361670744490e+01
7.828000000000000513e-01,-2.642735222893842462e+01
7.823999999999999844e-01,-2.642539441572909098e+01
7.822000000000000064e-01,-2.642140888339159943e+01
7.816999999999999504e-01,-2.641302843971480740e+01
7.814999999999999725e-01,-2.640522009582334206e+01
7.813999999999999835e-01,-2.640202908289167283e+01
7.809000000000000385e-01,-2.639236534534592948e+01
7.806999999999999496e-01,-2.638659540216269050e+01
7.804999999999999716e-01,-2.638709160355821481e+01
7.800000000000000266e-01,-2.638852407310563919e+01
7.798000000000000487e-01,-2.638782465572385405e+01
7.793999999999999817e-01,-2.639482366558441839e+01
7.791000000000000147e-01,-2.640185127281167610e+01
7.786999999999999478e-01,-2.640429464135250370e+01
7.783999999999999808e-01,-2.640726157598825452e+01
7.782000000000000028e-01,-2.640145632288779964e+01
7.778000000000000469e-01,-2.639967759344406772e+01
7.775999999999999579e-01,-2.639592474261397115e+01
7.773999999999999799e-01,-2.639954777923579599e+01
7.770000000000000240e-01,-2.639845842421849298e+01
7.766999999999999460e-01,-2.640232925705719325e+01
7.762999999999999901e-01,-2.639851124034552043e+01
7.760000000000000231e-01,-2.638761949925426364e+01
7.755999999999999561e-01,-2.637602352594602095e+01
7.752999999999999892e-01,-2.636540058416645849e+01
7.749000000000000332e-01,-2.636219266684135221e+01
7.745999999999999552e-01,-2.636498347395120589e+01
7.742999999999999883e-01,-2.637517852146407549e+01
7.740000000000000213e-01,-2.638235753822291585e+01
7.733999999999999764e-01,-2.639351745133210159e+01
7.731999999999999984e-01,-2.640120582560932405e+01
7.728000000000000425e-01,-2.640900568465019660e+01
7.725999999999999535e-01,-2.641776462460796893e+01
7.721000000000000085e-01,-2.642197631472907560e+01
7.719000000000000306e-01,-2.641869984247112413e+01
7.714999999999999636e-01,-2.641414846296895291e+01
7.710000000000000187e-01,-2.641256877666940639e+01
7.708000000000000407e-01,-2.640575782609032274e+01
7.705999999999999517e-01,-2.640463381212175165e+01
7.701000000000000068e-01,-2.640201169330190467e+01
7.699000000000000288e-01,-2.640073498418791687e+01
7.693999999999999728e-01,-2.639413086907092776e+01
7.691999999999999948e-01,-2.639237842351559138e+01
7.690000000000000169e-01,-2.639284972788889760e+01
7.682999999999999829e-01,-2.639693846124744780e+01
7.681000000000000050e-01,-2.639676381465248767e+01
7.679000000000000270e-01,-2.639522189086161319e+01
7.673999999999999710e-01,-2.639604125912152455e+01
7.670000000000000151e-01,-2.639073271155999123e+01
7.664999999999999591e-01,-2.638822965273089594e+01
7.662999999999999812e-01,-2.638579198862921160e+01
7.661000000000000032e-01,-2.638669285435567247e+01
7.655999999999999472e-01,-2.638372604513737230e+01
7.653999999999999693e-01,-2.639075777519338217e+01
7.650000000000000133e-01,-2.640299344931172598e+01
7.648000000000000353e-01,-2.640936843135175849e+01
7.644999999999999574e-01,-2.641447892526425889e+01
7.641000000000000014e-01,-2.642179385137353975e+01
7.637000000000000455e-01,-2.641638103798047865e+01
7.634999999999999565e-01,-2.640965628724421776e+01
7.630000000000000115e-01,-2.640630774335093989e+01
7.628000000000000336e-01,-2.639645605960437535e+01
7.622999999999999776e-01,-2.638902202474556447e+01
7.619000000000000217e-01,-2.638949972525138321e+01
7.616000000000000547e-01,-2.638960419866352680e+01
7.611999999999999877e-01,-2.639128503635700085e+01
7.610000000000000098e-01,-2.640199793424134711e+01
7.604999999999999538e-01,-2.640714515263285733e+01
7.602999999999999758e-01,-2.641054574728095261e+01
7.600000000000000089e-01,-2.641037559608559349e+01
7.596000000000000529e-01,-2.641040434983164786e+01
7.593999999999999639e-01,-2.641047290731799890e+01
7.591999999999999860e-01,-2.640689076243284106e+01
7.587000000000000410e-01,-2.640110247125091902e+01
7.582999999999999741e-01,-2.640054496007591567e+01
7.580999999999999961e-01,-2.640407901853512840e+01
7.579000000000000181e-01,-2.640772406346324175e+01
7.577000000000000401e-01,-2.641758148505778081e+01
7.572999999999999732e-01,-2.642923161814046296e+01
7.568000000000000282e-01,-2.643722347280517937e+01
7.566000000000000503e-01,-2.643865362944051611e+01
7.563999999999999613e-01,-2.643975140737796181e+01
7.559000000000000163e-01,-2.644112132738428400e+01
7.557000000000000384e-01,-2.644104414911828371e+01
7.552999999999999714e-01,-2.644214176185675669e+01
7.550999999999999934e-01,-2.644596588151546968e+01
7.548000000000000265e-01,-2.644275437469943313e+01
7.544999999999999485e-01,-2.643705633221713924e+01
7.542999999999999705e-01,-2.643050423037383467e+01
7.539000000000000146e-01,-2.642166804441757222e+01
7.536000000000000476e-01,-2.641286699526144588e+01
7.533999999999999586e-01,-2.641392952321595544e+01
7.530000000000000027e-01,-2.641630861008790632e+01
7.527000000000000357e-01,-2.641955173009378655e+01
7.522999999999999687e-01,-2.641766046986092320e+01
7.520999999999999908e-01,-2.641345586145503432e+01
7.516000000000000458e-01,-2.640445248286792079e+01
7.513999999999999568e-01,-2.639691027199873830e+01
7.509000000000000119e-01,-2.638808391789114438e+01
7.507000000000000339e-01,-2.639132850922452889e+01
7.501999999999999780e-01,-2.639077002021615570e+01
7.500000000000000000e-01,-2.640007916885254602e+01
7.496000000000000441e-01,-2.640358686653819476e+01
7.490999999999999881e-01,-2.641209660602904208e+01
7.489000000000000101e-01,-2.641637519655536082e+01
7.487000000000000322e-01,-2.642251685815908857e+01
7.481999999999999762e-01,-2.641766814533229280e+01
7.479999999999999982e-01,-2.641826027596126281e+01
7.476000000000000423e-01,-2.641947586715563290e+01
7.473999999999999533e-01,-2.641550596644746562e+01
7.469000000000000083e-01,-2.641563525406141366e+01
7.467000000000000304e-01,-2.641816589716315278e+01
7.461999999999999744e-01,-2.641994581625527161e+01
7.459999999999999964e-01,-2.641742703842896134e+01
7.458000000000000185e-01,-2.642162952761671235e+01
7.453999999999999515e-01,-2.642618031098241360e+01
7.450999999999999845e-01,-2.642701911033016771e+01
7.449000000000000066e-01,-2.642585454773492160e+01
7.445000000000000506e-01,-2.642616692248765276e+01
7.442999999999999616e-01,-2.641986848282449785e+01
7.440999999999999837e-01,-2.640889860985005910e+01
7.436000000000000387e-01,-2.640757733100372562e+01
7.433999999999999497e-01,-2.640613147405844430e+01
7.429000000000000048e-01,-2.640237156274281816e+01
7.427000000000000268e-01,-2.640102208245974325e+01
7.425000000000000488e-01,-2.639985214409355407e+01
7.420999999999999819e-01,-2.639045876653554856e+01
7.418000000000000149e-01,-2.639164650903767395e+01
7.416000000000000369e-01,-2.639398798923185296e+01
7.411999999999999700e-01,-2.640043010112912114e+01
7.409000000000000030e-01,-2.640243582489397411e+01
7.405000000000000471e-01,-2.640611275284497594e+01
7.402999999999999581e-01,-2.639854334433387706e+01
7.398000000000000131e-01,-2.639341993406672415e+01
7.396000000000000352e-01,-2.638240780441634925e+01
7.391999999999999682e-01,-2.638020810938578009e+01
7.389000000000000012e-01,-2.637548617356786806e+01
7.385000000000000453e-01,-2.637713993154509851e+01
7.382999999999999563e-01,-2.637287682369170128e+01
7.378000000000000114e-01,-2.636832509519313916e+01
7.376000000000000334e-01,-2.636564625354907676e+01
7.370999999999999774e-01,-2.636754189902521972e+01
7.368999999999999995e-01,-2.636941811967073335e+01
7.365000000000000435e-01,-2.637503515502757878e+01
7.361999999999999655e-01,-2.638570598374599641e+01
7.358000000000000096e-01,-2.639752092402101624e+01
7.354000000000000536e-01,-2.640137028073217706e+01
7.351999999999999647e-01,-2.639972308672875911e+01
7.349999999999999867e-01,-2.639585114856311421e+01
7.345000000000000417e-01,-2.639291842376011132e+01
7.340999999999999748e-01,-2.638535518095029531e+01
7.338000000000000078e-01,-2.637683369937214550e+01
7.336000000000000298e-01,-2.637297268862324984e+01
7.331999999999999629e-01,-2.637427902440724026e+01
7.328999999999999959e-01,-2.637393372438977224e+01
7.325000000000000400e-01,-2.636903423490675635e+01
7.322999999999999510e-01,-2.637695413717854009e+01
7.318000000000000060e-01,-2.637872847668719345e+01
7.316000000000000281e-01,-2.637735071321055358e+01
7.314000000000000501e-01,-2.638492930095014088e+01
7.308999999999999941e-01,-2.639854462323974360e+01
7.307000000000000162e-01,-2.640545742080523084e+01
7.301999999999999602e-01,-2.641300585297344483e+01
7.299999999999999822e-01,-2.641778320096619836e+01
7.298000000000000043e-01,-2.641242179786694066e+01
7.292999999999999483e-01,-2.640552154728047185e+01
7.288000000000000034e-01,-2.639909853477638535e+01
7.286000000000000254e-01,-2.638124819409969035e+01
7.280999999999999694e-01,-2.636880328185673861e+01
7.278999999999999915e-01,-2.636311479995122298e+01
7.275000000000000355e-01,-2.635784878566214573e+01
7.272999999999999465e-01,-2.634921833068480268e+01
7.268999999999999906e-01,-2.636073359860622745e+01
7.267000000000000126e-01,-2.637119643702633098e+01
7.265000000000000346e-01,-2.637481315494703793e+01
7.259999999999999787e-01,-2.637829307578297389e+01
7.258000000000000007e-01,-2.638389030679054059e+01
7.252999999999999448e-01,-2.638211833977076282e+01
7.250999999999999668e-01,-2.638108451980779279e+01
7.248999999999999888e-01,-2.637407132682810129e+01
7.245000000000000329e-01,-2.637266827768235089e+01
7.243000000000000549e-01,-2.637260750715374158e+01
7.237999999999999989e-01,-2.637083096121671488e+01
7.236000000000000210e-01,-2.636343880684587049e+01
7.230999999999999650e-01,-2.636473952776573171e+01
7.228999999999999870e-01,-2.636368133229670008e+01
7.224000000000000421e-01,-2.636671514503550995e+01
7.221999999999999531e-01,-2.637261419144686059e+01
7.217000000000000082e-01,-2.637778018705148853e+01
7.215000000000000302e-01,-2.638158310680392304e+01
7.210999999999999632e-01,-2.638202699800105577e+01
7.208999999999999853e-01,-2.637684816084638229e+01
7.207000000000000073e-01,-2.637564834681159454e+01
7.201999999999999513e-01,-2.637746623428991910e+01
7.199999999999999734e-01,-2.637500911374067414e+01
7.195000000000000284e-01,-2.637179991680359237e+01
7.193000000000000504e-01,-2.637237515188760284e+01
7.188999999999999835e-01,-2.637538855359132484e+01
7.187000000000000055e-01,-2.638257829827982093e+01
7.181999999999999496e-01,-2.638966191827705998e+01
7.179999999999999716e-01,-2.639963580681879662e+01
7.177999999999999936e-01,-2.640387219174165878e+01
7.174000000000000377e-01,-2.639433459941018967e+01
7.170999999999999597e-01,-2.638368237133058258e+01
7.168999999999999817e-01,-2.637466562909994394e+01
7.165000000000000258e-01,-2.636383303945020629e+01
7.161999999999999478e-01,-2.635693362122902172e+01
7.159999999999999698e-01,-2.635584750520079922e+01
7.156000000000000139e-01,-2.635238514482683669e+01
7.154000000000000359e-01,-2.635047609306793603e+01
7.148999999999999799e-01,-2.635226055610971585e+01
7.143000000000000460e-01,-2.635886540607666717e+01
7.140999999999999570e-01,-2.636053302981576607e+01
7.137999999999999901e-01,-2.636145148839162644e+01
7.134000000000000341e-01,-2.636247432643477495e+01
7.131999999999999451e-01,-2.636361049739875284e+01
7.127999999999999892e-01,-2.636031015846994308e+01
7.125000000000000222e-01,-2.636270163901686914e+01
7.123000000000000442e-01,-2.636987660516253129e+01
7.118999999999999773e-01,-2.637662404959016271e+01
7.116999999999999993e-01,-2.638289653265422885e+01
7.115000000000000213e-01,-2.638787950398756266e+01
7.112000000000000544e-01,-2.639168392159739440e+01
7.107999999999999874e-01,-2.639009519477618326e+01
7.106000000000000094e-01,-2.639084653653610246e+01
7.100999999999999535e-01,-2.638769994848376399e+01
7.098999999999999755e-01,-2.638265785100200844e+01
7.095000000000000195e-01,-2.637808111836913127e+01
7.092000000000000526e-01,-2.637481563631770243e+01
7.087999999999999856e-01,-2.637275385992364463e+01
7.086000000000000076e-01,-2.637079371606086653e+01
7.082000000000000517e-01,-2.636695454574365627e+01
7.079999999999999627e-01,-2.636515899819523412e+01
7.075000000000000178e-01,-2.636586091804414522e+01
7.073000000000000398e-01,-2.635629900711443341e+01
7.068999999999999728e-01,-2.634647258952814042e+01
7.062000000000000499e-01,-2.633177901305037594e+01
7.059999999999999609e-01,-2.632323784537281242e+01
7.054000000000000270e-01,-2.631801984793645133e+01
7.050999999999999490e-01,-2.632157570002256364e+01
7.046999999999999931e-01,-2.632406202205748968e+01
7.045000000000000151e-01,-2.633573996739267287e+01
7.043000000000000371e-01,-2.633962355737560657e+01
7.038999999999999702e-01,-2.634109646262004745e+01
7.036999999999999922e-01,-2.633845476402239782e+01
7.032000000000000473e-01,-2.634038521857416626e+01
7.029999999999999583e-01,-2.634772561017760495e+01
7.026000000000000023e-01,-2.635711665451533037e+01
7.024000000000000243e-01,-2.636202786694762068e+01
7.020999999999999464e-01,-2.636450197449089927e+01
7.016999999999999904e-01,-2.636708431578281520e+01
7.015000000000000124e-01,-2.636886729005992080e+01
7.009999999999999565e-01,-2.636374664663286538e+01
7.007999999999999785e-01,-2.635645874952262346e+01
7.006000000000000005e-01,-2.634880058803100411e+01
7.002000000000000446e-01,-2.634409070408814557e+01
6.998999999999999666e-01,-2.633885017646296589e+01
6.996999999999999886e-01,-2.633759336397110928e+01
6.993000000000000327e-01,-2.633844763331526195e+01
6.991000000000000547e-01,-2.634425658746184951e+01
6.985999999999999988e-01,-2.634724275048315434e+01
6.984000000000000208e-01,-2.634888648694121116e+01
6.982000000000000428e-01,-2.635103340891030044e+01
6.976999999999999869e-01,-2.635770610897834842e+01
6.975000000000000089e-01,-2.636372390546613786e+01
6.973000000000000309e-01,-2.636996954105040203e+01
6.968999999999999639e-01,-2.637220668328408735e+01
6.965999999999999970e-01,-2.637027493677688739e+01
6.962000000000000410e-01,-2.636833677046499957e+01
6.957999999999999741e-01,-2.636794612168945307e+01
6.955999999999999961e-01,-2.635781325084483839e+01
6.952000000000000401e-01,-2.634433793847888694e+01
6.948999999999999622e-01,-2.633752454674585763e+01
6.946999999999999842e-01,-2.632524171217641040e+01
6.943000000000000282e-01,-2.630988323251502692e+01
6.941000000000000503e-01,-2.630512354226198468e+01
6.935999999999999943e-01,-2.630533314881187579e+01
6.934000000000000163e-01,-2.631216161784431762e+01
6.929999999999999494e-01,-2.632016969752813651e+01
6.926999999999999824e-01,-2.633712588088331330e+01
6.923000000000000265e-01,-2.635295244141209992e+01
6.921000000000000485e-01,-2.636237332770761910e+01
6.916999999999999815e-01,-2.635970602996938439e+01
6.915000000000000036e-01,-2.635788285461425318e+01
6.909999999999999476e-01,-2.634621541641644527e+01
6.907999999999999696e-01,-2.633789452372824158e+01
6.905999999999999917e-01,-2.634035355701634629e+01
6.902000000000000357e-01,-2.635220677503012610e+01
6.898999999999999577e-01,-2.636079396783362228e+01
6.895000000000000018e-01,-2.637434858956531869e+01
6.892000000000000348e-01,-2.637480710634763881e+01
6.887999999999999678e-01,-2.637100384809486187e+01
6.885999999999999899e-01,-2.636446618653164009e+01
6.881000000000000449e-01,-2.635639075715310753e+01
6.878999999999999559e-01,-2.634885225245485074e+01
6.875000000000000000e-01,-2.634651483511517256e+01
6.873000000000000220e-01,-2.634538731477585571e+01
6.867999999999999661e-01,-2.634603637359365891e+01
6.865999999999999881e-01,-2.635253716867368112e+01
6.864000000000000101e-01,-2.635557677585518732e+01
6.860000000000000542e-01,-2.636260289898737952e+01
6.857999999999999652e-01,-2.636522503826420305e+01
6.855999999999999872e-01,-2.636129873420899017e+01
6.851000000000000423e-01,-2.635363336227845821e+01
6.848999999999999533e-01,-2.635157668074226933e+01
6.844999999999999973e-01,-2.634540302713615745e+01
6.842000000000000304e-01,-2.634469645882118982e+01
6.837999999999999634e-01,-2.634828944744114665e+01
6.835999999999999854e-01,-2.635736184380863989e+01
6.833000000000000185e-01,-2.636054089766879827e+01
6.828999999999999515e-01,-2.636831931313830779e+01
6.826999999999999735e-01,-2.637064844598933533e+01
6.822000000000000286e-01,-2.637038962882163773e+01
6.820000000000000506e-01,-2.636757648218600281e+01
6.817999999999999616e-01,-2.636771158074722976e+01
6.813000000000000167e-01,-2.637063190433462623e+01
6.811000000000000387e-01,-2.637742893386717213e+01
6.806999999999999718e-01,-2.638083680090462124e+01
6.804000000000000048e-01,-2.637705309331737524e+01
6.802000000000000268e-01,-2.637199084529438764e+01
6.797999999999999599e-01,-2.636343105673198650e+01
6.795999999999999819e-01,-2.634986398887394188e+01
6.791000000000000369e-01,-2.634072693346832494e+01
6.788999999999999480e-01,-2.634074639776072502e+01
6.784999999999999920e-01,-2.634019685925713361e+01
6.783000000000000140e-01,-2.633744661575974533e+01
6.780000000000000471e-01,-2.633873036434939863e+01
6.775999999999999801e-01,-2.634353547557831376e+01
6.774000000000000021e-01,-2.634688409582384594e+01
6.770000000000000462e-01,-2.634867248929716155e+01
6.767999999999999572e-01,-2.635103823342442197e+01
6.764999999999999902e-01,-2.634964106575619880e+01
6.761000000000000343e-01,-2.634815678203581868e+01
6.754000000000000004e-01,-2.634712553717076489e+01
6.752000000000000224e-01,-2.635155812451904467e+01
6.746999999999999664e-01,-2.635606746284622659e+01
6.743999999999999995e-01,-2.636921927447930969e+01
6.742000000000000215e-01,-2.637582186510244142e+01
6.737999999999999545e-01,-2.637718456597014338e+01
6.734999999999999876e-01,-2.637166181696758116e+01
6.731000000000000316e-01,-2.636618323651605778e+01
6.729000000000000536e-01,-2.635672716733060028e+01
6.724999999999999867e-01,-2.635298407018725086e+01
6.723000000000000087e-01,-2.635173778116860177e+01
6.721000000000000307e-01,-2.635119279308727158e+01
6.715999999999999748e-01,-2.635106868747259767e+01
6.713999999999999968e-01,-2.635385257192000452e+01
6.709000000000000519e-01,-2.635507004585056734e+01
6.706999999999999629e-01,-2.635673509533996040e+01
6.702000000000000179e-01,-2.635299662796207443e+01
6.700000000000000400e-01,-2.634975352928579539e+01
6.697999999999999510e-01,-2.634805217398693244e+01
6.693000000000000060e-01,-2.634809673040548361e+01
6.690000000000000391e-01,-2.635172959426411055e+01
6.685999999999999721e-01,-2.636419304527979790e+01
6.681000000000000272e-01,-2.637555290585201462e+01
6.676999999999999602e-01,-2.637837578645239844e+01
6.674999999999999822e-01,-2.637807791544231861e+01
6.673000000000000043e-01,-2.637321632693499396e+01
6.667999999999999483e-01,-2.637326180370845208e+01
6.665999999999999703e-01,-2.636725981634800675e+01
6.661000000000000254e-01,-2.636619573493169355e+01
6.659000000000000474e-01,-2.636589611997440485e+01
6.654999999999999805e-01,-2.637005707220605899e+01
6.653000000000000025e-01,-2.636662818947942100e+01
6.647999999999999465e-01,-2.637122692289571546e+01
6.645999999999999686e-01,-2.638069304788846381e+01
6.642000000000000126e-01,-2.638884118992955408e+01
6.640000000000000346e-01,-2.639396641427448031e+01
6.634999999999999787e-01,-2.639716839082505118e+01
6.633000000000000007e-01,-2.639747590230355456e+01
6.627999999999999448e-01,-2.638857293336148047e+01
6.624999999999999778e-01,-2.637827558363524361e+01
6.621000000000000218e-01,-2.637112816457641173e+01
6.618000000000000549e-01,-2.636828543615708398e+01
6.613999999999999879e-01,-2.636315248503738218e+01
6.612000000000000099e-01,-2.636201135464276391e+01
6.610000000000000320e-01,-2.636116292514721238e+01
6.604999999999999760e-01,-2.636298215098829800e+01
6.602999999999999980e-01,-2.636387405840732967e+01
6.601000000000000201e-01,-2.637544721026417349e+01
6.595999999999999641e-01,-2.638120247971407650e+01
6.592000000000000082e-01,-2.639540036157759673e+01
6.589000000000000412e-01,-2.640552185565601917e+01
6.586999999999999522e-01,-2.641132185797665954e+01
6.582999999999999963e-01,-2.640986993476166944e+01
6.580000000000000293e-01,-2.640998243209978469e+01
6.575999999999999623e-01,-2.640376084959504510e+01
6.573999999999999844e-01,-2.639487778474468271e+01
6.572000000000000064e-01,-2.638863622579722090e+01
6.566999999999999504e-01,-2.637923069471213466e+01
6.564999999999999725e-01,-2.637275436810824658e+01
6.560000000000000275e-01,-2.636757469339688242e+01
6.558000000000000496e-01,-2.636487903296423241e+01
6.552999999999999936e-01,-2.637042721282421454e+01
6.551000000000000156e-01,-2.637599562437385714e+01
6.549000000000000377e-01,-2.637457472079683640e+01
6.543999999999999817e-01,-2.637367003396915877e+01
6.542000000000000037e-01,-2.637424263665442936e+01
6.538000000000000478e-01,-2.636945091267904573e+01
6.534999999999999698e-01,-2.636734606184097629e+01
6.531000000000000139e-01,-2.637299916581480019e+01
6.529000000000000359e-01,-2.637229848315845970e+01
6.523999999999999799e-01,-2.637157183241443903e+01
6.522000000000000020e-01,-2.636789937695692387e+01
6.516999999999999460e-01,-2.636401967465749507e+01
6.514999999999999680e-01,-2.636015252411770149e+01
6.510000000000000231e-01,-2.636168056712094199e+01
6.505999999999999561e-01,-2.635990885487958479e+01
6.503999999999999782e-01,-2.635974831347941105e+01
6.499000000000000332e-01,-2.636116672120179771e+01
6.497000000000000552e-01,-2.637000349103989194e+01
6.492999999999999883e-01,-2.638123663681123077e+01
6.490000000000000213e-01,-2.639219718274209114e+01
6.485999999999999543e-01,-2.639943765258133368e+01
6.483999999999999764e-01,-2.639963044538527726e+01
6.479000000000000314e-01,-2.638843706734304462e+01
6.477000000000000535e-01,-2.637745980993997819e+01
6.472999999999999865e-01,-2.636375040559267546e+01
6.471000000000000085e-01,-2.635825122265032761e+01
6.468000000000000416e-01,-2.635760238464478178e+01
6.463999999999999746e-01,-2.636339735386482275e+01
6.461999999999999966e-01,-2.636453262747771831e+01
6.457000000000000517e-01,-2.637105261262061262e+01
6.452999999999999847e-01,-2.637932573111088885e+01
6.451000000000000068e-01,-2.638650721164335877e+01
6.447000000000000508e-01,-2.638893693875397517e+01
6.443999999999999728e-01,-2.639462225542919782e+01
6.441999999999999948e-01,-2.639375926922891935e+01
6.438000000000000389e-01,-2.638322551043258102e+01
6.432999999999999829e-01,-2.637947599140176536e+01
6.431000000000000050e-01,-2.637169722910746827e+01
6.425999999999999490e-01,-2.636325084911426586e+01
6.423999999999999710e-01,-2.635809520068609046e+01
6.420000000000000151e-01,-2.635978760878863980e+01
6.418000000000000371e-01,-2.635807190386162091e+01
6.413999999999999702e-01,-2.635215372261211186e+01
6.411000000000000032e-01,-2.634795306504365797e+01
6.407000000000000473e-01,-2.634958931561869022e+01
6.404999999999999583e-01,-2.634360792339938939e+01
6.400000000000000133e-01,-2.633330683556998864e+01
6.398000000000000353e-01,-2.632873338743867109e+01
6.395999999999999464e-01,-2.632394754375065560e+01
6.391999999999999904e-01,-2.632270847849358830e+01
6.389000000000000234e-01,-2.632970704317026289e+01
6.384999999999999565e-01,-2.634030413999476039e+01
6.382999999999999785e-01,-2.635241017693655508e+01
6.380000000000000115e-01,-2.635939153092479970e+01
6.375999999999999446e-01,-2.635922459158911124e+01
6.372999999999999776e-01,-2.635815582579324712e+01
6.371999999999999886e-01,-2.635260335251653174e+01
6.367000000000000437e-01,-2.635622244099432265e+01
6.364999999999999547e-01,-2.636125527300546167e+01
6.360000000000000098e-01,-2.636728196590352979e+01
6.356000000000000538e-01,-2.636937962582706874e+01
6.353999999999999648e-01,-2.637785528134449109e+01
6.349000000000000199e-01,-2.637476255765179189e+01
6.347000000000000419e-01,-2.637564211300700734e+01
6.342999999999999750e-01,-2.637248242318166902e+01
6.340999999999999970e-01,-2.637043400411840821e+01
6.337000000000000410e-01,-2.636570251808655030e+01
6.333999999999999631e-01,-2.637191567155604233e+01
6.331999999999999851e-01,-2.637014672986513375e+01
6.327000000000000401e-01,-2.637305091601892215e+01
6.324999999999999512e-01,-2.637811597016613163e+01
6.322999999999999732e-01,-2.637579208870331726e+01
6.318000000000000282e-01,-2.636641135956761417e+01
6.316000000000000503e-01,-2.635961441260457860e+01
6.311999999999999833e-01,-2.635439881237509852e+01
6.310000000000000053e-01,-2.635003605337880472e+01
6.306000000000000494e-01,-2.634705801422574822e+01
6.303999999999999604e-01,-2.635182970685566062e+01
6.301999999999999824e-01,-2.635770717153727460e+01
6.297000000000000375e-01,-2.635832358746002413e+01
6.294999999999999485e-01,-2.635134259719638550e+01
6.290000000000000036e-01,-2.635280583517605990e+01
6.288000000000000256e-01,-2.634565926275332615e+01
6.283999999999999586e-01,-2.633792018075807206e+01
6.280999999999999917e-01,-2.633569126292998774e+01
6.277000000000000357e-01,-2.634258899423834066e+01
6.274999999999999467e-01,-2.634656728228400269e+01
6.270000000000000018e-01,-2.634714124743274510e+01
6.268000000000000238e-01,-2.634264135038887034e+01
6.262999999999999678e-01,-2.633477918688863184e+01
6.260999999999999899e-01,-2.632808764668446955e+01
6.257000000000000339e-01,-2.632488126221542402e+01
6.254999999999999449e-01,-2.632915714103310734e+01
6.250000000000000000e-01,-2.633646245210029235e+01
6.248000000000000220e-01,-2.634935837563377703e+01
6.242999999999999661e-01,-2.635489254259402969e+01
6.240999999999999881e-01,-2.636194354357489189e+01
6.237000000000000322e-01,-2.636392863277013632e+01
6.232999999999999652e-01,-2.637247488525805394e+01
6.229999999999999982e-01,-2.636954500897424225e+01
6.226000000000000423e-01,-2.637468982351974489e+01
6.223999999999999533e-01,-2.637374059978013463e+01
6.221999999999999753e-01,-2.637069938596379615e+01
6.217000000000000304e-01,-2.635793449506616781e+01
6.215000000000000524e-01,-2.635020760036875487e+01
6.212999999999999634e-01,-2.634620152427789819e+01
6.209000000000000075e-01,-2.634891274215476997e+01
6.203999999999999515e-01,-2.635279466633687306e+01
6.199999999999999956e-01,-2.636944997772248911e+01
6.198000000000000176e-01,-2.638418892690806317e+01
6.192999999999999616e-01,-2.638762221579014522e+01
6.190999999999999837e-01,-2.638310612321025062e+01
6.189000000000000057e-01,-2.638078845026557673e+01
6.183999999999999497e-01,-2.637569790129211000e+01
6.181999999999999718e-01,-2.637501294810239116e+01
6.179000000000000048e-01,-2.637385708561000186e+01
6.175000000000000488e-01,-2.637637610651076514e+01
6.172999999999999599e-01,-2.638266136847942533e+01
6.169000000000000039e-01,-2.638559421344853462e+01
6.166000000000000369e-01,-2.638962534910048419e+01
6.161999999999999700e-01,-2.639603715654102700e+01
6.159999999999999920e-01,-2.640174196614129443e+01
6.155000000000000471e-01,-2.640589393356671977e+01
6.152999999999999581e-01,-2.640926078250414832e+01
6.149000000000000021e-01,-2.640837171588160359e+01
6.147000000000000242e-01,-2.640438662879905607e+01
6.141999999999999682e-01,-2.640406718377084516e+01
6.139999999999999902e-01,-2.640024151243556716e+01
6.136000000000000343e-01,-2.639405438266260973e+01
6.132999999999999563e-01,-2.638399254036104224e+01
6.129000000000000004e-01,-2.637193981743244819e+01
6.127000000000000224e-01,-2.635689800545202743e+01
6.121999999999999664e-01,-2.634574896665540678e+01
6.119999999999999885e-01,-2.633910975793039810e+01
6.118000000000000105e-01,-2.634116053643296951e+01
6.114000000000000545e-01,-2.634588821788817370e+01
6.111999999999999655e-01,-2.635285242450845189e+01
6.107000000000000206e-01,-2.635886558814658187e+01
6.105000000000000426e-01,-2.636731054923478368e+01
6.100999999999999757e-01,-2.636975181356103448e+01
6.097000000000000197e-01,-2.637136278263472633e+01
6.094000000000000528e-01,-2.637384966693321786e+01
6.091999999999999638e-01,-2.637179250394881436e+01
6.088000000000000078e-01,-2.636836407585406405e+01
6.085000000000000409e-01,-2.636327167251948822e+01
6.080999999999999739e-01,-2.636198888908002047e+01
6.078999999999999959e-01,-2.635639451136782441e+01
6.076000000000000290e-01,-2.635315271478332022e+01
6.071999999999999620e-01,-2.634719720923015984e+01
6.069999999999999840e-01,-2.634712286409344983e+01
6.068000000000000060e-01,-2.634141653720910270e+01
6.065000000000000391e-01,-2.633429380571559975e+01
6.060999999999999721e-01,-2.632987331261736585e+01
6.058999999999999941e-01,-2.633265807986749607e+01
6.055000000000000382e-01,-2.633211102116693425e+01
6.051999999999999602e-01,-2.633247788655611288e+01
6.049999999999999822e-01,-2.633707749055156810e+01
6.046000000000000263e-01,-2.634385191242392565e+01
6.042999999999999483e-01,-2.633770270718558848e+01
6.040999999999999703e-01,-2.632981779708741144e+01
6.037000000000000144e-01,-2.632947606998079948e+01
6.034000000000000474e-01,-2.632293066173872731e+01
6.029999999999999805e-01,-2.632256487501337006e+01
6.028000000000000025e-01,-2.632666675915017152e+01
6.022999999999999465e-01,-2.633898269271205095e+01
6.020999999999999686e-01,-2.634224891708745631e+01
6.018999999999999906e-01,-2.635026303209463094e+01
6.014000000000000457e-01,-2.634351292131319155e+01
6.011999999999999567e-01,-2.633939742265354766e+01
6.008000000000000007e-01,-2.633227351860466214e+01
6.005000000000000338e-01,-2.632945864242584477e+01
6.002999999999999448e-01,-2.632728063329723867e+01
5.998999999999999888e-01,-2.632992333804338969e+01
5.996000000000000218e-01,-2.633078191074964991e+01
5.991999999999999549e-01,-2.633130580497543249e+01
5.989999999999999769e-01,-2.633132636084355127e+01
5.986000000000000210e-01,-2.633110056884067873e+01
5.984000000000000430e-01,-2.632457642385864105e+01
5.980999999999999650e-01,-2.632247474650426966e+01
5.977000000000000091e-01,-2.631989071025929405e+01
5.975000000000000311e-01,-2.631825327645296753e+01
5.969999999999999751e-01,-2.631734849601350845e+01
5.967000000000000082e-01,-2.632433065209347944e+01
5.963000000000000522e-01,-2.632902358209586424e+01
5.959999999999999742e-01,-2.632350562576844411e+01
5.956000000000000183e-01,-2.631942014729292367e+01
5.954000000000000403e-01,-2.632002224796890744e+01
5.948999999999999844e-01,-2.631982585847756795e+01
5.945000000000000284e-01,-2.631333844894577112e+01
5.943000000000000504e-01,-2.631540156172416900e+01
5.937999999999999945e-01,-2.631394837408727838e+01
5.936000000000000165e-01,-2.631242061623371953e+01
5.930999999999999606e-01,-2.631449848254162305e+01
5.928999999999999826e-01,-2.632347250145182471e+01
5.925000000000000266e-01,-2.633336529241601909e+01
5.923000000000000487e-01,-2.634559216501262924e+01
5.917999999999999927e-01,-2.634928897476427778e+01
5.916000000000000147e-01,-2.634464319447936376e+01
5.911999999999999478e-01,-2.633304644038679498e+01
5.907000000000000028e-01,-2.632802285857625790e+01
5.905000000000000249e-01,-2.632398652884580770e+01
5.899999999999999689e-01,-2.632286391618741916e+01
5.897999999999999909e-01,-2.632143793349771244e+01
5.894000000000000350e-01,-2.632661236467680155e+01
5.890999999999999570e-01,-2.632527635226498930e+01
5.887000000000000011e-01,-2.632263159115709072e+01
5.885000000000000231e-01,-2.632077480547632575e+01
5.879999999999999671e-01,-2.632082704140746543e+01
5.877999999999999892e-01,-2.631931923282502694e+01
5.874000000000000332e-01,-2.631911981689015434e+01
5.870999999999999552e-01,-2.631322008486945663e+01
5.866999999999999993e-01,-2.630813293703091915e+01
5.864000000000000323e-01,-2.630863161189010668e+01
5.862000000000000544e-01,-2.631658720831840270e+01
5.857999999999999874e-01,-2.632101611157143495e+01
5.855000000000000204e-01,-2.633514549513459002e+01
5.850999999999999535e-01,-2.634760734333461585e+01
5.848999999999999755e-01,-2.635267522730931233e+01
5.846999999999999975e-01,-2.635539423517040092e+01
5.842000000000000526e-01,-2.635674056447399849e+01
5.839999999999999636e-01,-2.635705450910206693e+01
5.835000000000000187e-01,-2.635777580838237100e+01
5.833000000000000407e-01,-2.636298800789880659e+01
5.827999999999999847e-01,-2.635998415065364142e+01
5.826000000000000068e-01,-2.635965556109585961e+01
5.822000000000000508e-01,-2.635674918314865778e+01
5.818999999999999728e-01,-2.634383784533198991e+01
5.815000000000000169e-01,-2.633244298405077899e+01
5.813000000000000389e-01,-2.632747892427643066e+01
5.807999999999999829e-01,-2.632133465782081316e+01
5.806000000000000050e-01,-2.631490938112344935e+01
5.800999999999999490e-01,-2.632373915716711110e+01
5.798999999999999710e-01,-2.633181042419739626e+01
5.794000000000000261e-01,-2.633955503528982689e+01
5.792000000000000481e-01,-2.634270344105481243e+01
5.787999999999999812e-01,-2.634024250584808513e+01
5.785000000000000142e-01,-2.633163763770339472e+01
5.780999999999999472e-01,-2.631951368533467672e+01
5.778999999999999693e-01,-2.630160408145475159e+01
5.774000000000000243e-01,-2.629633267118423845e+01
5.772000000000000464e-01,-2.629748366963856299e+01
5.766999999999999904e-01,-2.629717151372633310e+01
5.765000000000000124e-01,-2.630310434586301227e+01
5.763000000000000345e-01,-2.631005362568127026e+01
5.757999999999999785e-01,-2.630540861761419791e+01
5.756000000000000005e-01,-2.630189230388289801e+01
5.753000000000000336e-01,-2.630587282416961514e+01
5.748999999999999666e-01,-2.630356957901723192e+01
5.746999999999999886e-01,-2.630216641157499780e+01
5.742000000000000437e-01,-2.630730654657263656e+01
5.739999999999999547e-01,-2.631444619622856251e+01
5.735999999999999988e-01,-2.631636325704310408e+01
5.733000000000000318e-01,-2.631937892246936883e+01
5.728999999999999648e-01,-2.632440698534431078e+01
5.726999999999999869e-01,-2.632575623550924249e+01
5.722000000000000419e-01,-2.632278518618712226e+01
5.719999999999999529e-01,-2.632337276249029046e+01
5.715000000000000080e-01,-2.632523228754422462e+01
5.711000000000000520e-01,-2.632356972316916455e+01
5.708999999999999631e-01,-2.632664378502756719e+01
5.704000000000000181e-01,-2.632968790333610087e+01
5.702000000000000401e-01,-2.632885145616679878e+01
5.699999999999999512e-01,-2.633127922223497563e+01
5.695000000000000062e-01,-2.633458904946726875e+01
5.693000000000000282e-01,-2.633386327088336643e+01
5.691000000000000503e-01,-2.633458925260255157e+01
5.685999999999999943e-01,-2.633695051424432165e+01
5.682000000000000384e-01,-2.633998975195249415e+01
5.679999999999999494e-01,-2.633977370725480682e+01
5.677999999999999714e-01,-2.634248528914937992e+01
5.674000000000000155e-01,-2.634380494811815154e+01
5.668999999999999595e-01,-2.634761285253437890e+01
5.665000000000000036e-01,-2.634610959534231966e+01
5.663000000000000256e-01,-2.635531033814995538e+01
5.661000000000000476e-01,-2.635951188604844120e+01
5.658999999999999586e-01,-2.636123267544386550e+01
5.654000000000000137e-01,-2.635895046368872841e+01
5.649999999999999467e-01,-2.635994896161973600e+01
5.646999999999999797e-01,-2.635174588217957137e+01
5.645000000000000018e-01,-2.634270891637500966e+01
5.641000000000000458e-01,-2.634187516744733415e+01
5.638999999999999568e-01,-2.634006997986791276e+01
5.636999999999999789e-01,-2.633309493612311059e+01
5.632000000000000339e-01,-2.632723086049580274e+01
5.629999999999999449e-01,-2.632531057774965788e+01
5.625999999999999890e-01,-2.631572909832645379e+01
5.624000000000000110e-01,-2.630531462483618910e+01
5.620000000000000551e-01,-2.630083510643553169e+01
5.617999999999999661e-01,-2.629485140479468797e+01
5.614000000000000101e-01,-2.629114079464221376e+01
5.610000000000000542e-01,-2.629289386827514363e+01
5.607999999999999652e-01,-2.629638620987993747e+01
5.604999999999999982e-01,-2.629894232090500239e+01
5.601000000000000423e-01,-2.630655240202138145e+01
5.598999999999999533e-01,-2.631417689145008509e+01
5.596999999999999753e-01,-2.632177693828639420e+01
5.592000000000000304e-01,-2.632418052247807694e+01
5.590000000000000524e-01,-2.632012219081845927e+01
5.587999999999999634e-01,-2.632501400872698127e+01
5.584000000000000075e-01,-2.632352696164817729e+01
5.580000000000000515e-01,-2.632004489074766695e+01
5.577999999999999625e-01,-2.632498894938349210e+01
5.574999999999999956e-01,-2.633077563236739493e+01
5.568999999999999506e-01,-2.632353338874036908e+01
5.566999999999999726e-01,-2.632066283613364277e+01
5.563000000000000167e-01,-2.631522805523277242e+01
5.561000000000000387e-01,-2.631381716198387366e+01
5.556999999999999718e-01,-2.631568381136338530e+01
5.554999999999999938e-01,-2.631879512334254656e+01
5.551000000000000378e-01,-2.632053406813959739e+01
5.546999999999999709e-01,-2.632451199299799427e+01
5.544999999999999929e-01,-2.631792042809520638e+01
5.543000000000000149e-01,-2.631222135210851576e+01
5.537999999999999590e-01,-2.631080456985699811e+01
5.534000000000000030e-01,-2.631296333485709127e+01
5.532000000000000250e-01,-2.631906348781097194e+01
5.527999999999999581e-01,-2.632709089976169281e+01
5.525999999999999801e-01,-2.633563056972841210e+01
5.522000000000000242e-01,-2.633890655355040877e+01
5.520000000000000462e-01,-2.634179049759398339e+01
5.515999999999999792e-01,-2.633695640661536075e+01
5.514000000000000012e-01,-2.633616201509390464e+01
5.510000000000000453e-01,-2.633677015099110008e+01
5.505999999999999783e-01,-2.633924141899689175e+01
5.504000000000000004e-01,-2.633869880551829823e+01
5.502000000000000224e-01,-2.634122938868131314e+01
5.497999999999999554e-01,-2.633906719864097212e+01
5.495999999999999774e-01,-2.633209297521108994e+01
5.492000000000000215e-01,-2.633232102280523534e+01
5.489000000000000545e-01,-2.633259953846465606e+01
5.484999999999999876e-01,-2.632914313466370970e+01
5.483000000000000096e-01,-2.633019680912916627e+01
5.481000000000000316e-01,-2.633294026995212533e+01
5.477999999999999536e-01,-2.632738164298229933e+01
5.475999999999999757e-01,-2.631880421919994717e+01
5.473999999999999977e-01,-2.631348371540907749e+01
5.470000000000000417e-01,-2.630872186838571736e+01
5.467999999999999527e-01,-2.630767674867938410e+01
5.464999999999999858e-01,-2.630998605338684371e+01
5.461000000000000298e-01,-2.631644190516666981e+01
5.459000000000000519e-01,-2.632468912849315501e+01
5.455999999999999739e-01,-2.632870251112382931e+01
5.452000000000000179e-01,-2.633047641421935836e+01
5.450000000000000400e-01,-2.633371295667562251e+01
5.447999999999999510e-01,-2.633584672853260500e+01
5.443999999999999950e-01,-2.633081595648477347e+01
5.442000000000000171e-01,-2.632998047129040842e+01
5.437999999999999501e-01,-2.633379996818028701e+01
5.435999999999999721e-01,-2.633944758898463689e+01
5.432000000000000162e-01,-2.634977281036697505e+01
5.427999999999999492e-01,-2.636636984775585191e+01
5.424999999999999822e-01,-2.637725793955290499e+01
5.421000000000000263e-01,-2.638019496032837807e+01
5.419000000000000483e-01,-2.638016890662918357e+01
5.414999999999999813e-01,-2.637910394392449120e+01
5.413000000000000034e-01,-2.637202414751980584e+01
5.409000000000000474e-01,-2.636903206118111598e+01
5.406999999999999584e-01,-2.636608801482330122e+01
5.403000000000000025e-01,-2.635876874272822690e+01
5.401000000000000245e-01,-2.634929775801396445e+01
5.396999999999999575e-01,-2.633851832816079153e+01
5.394999999999999796e-01,-2.633057417727034633e+01
5.391000000000000236e-01,-2.632786462086443535e+01
5.389000000000000457e-01,-2.632831225823382582e+01
5.384999999999999787e-01,-2.632359454877740035e+01
5.383000000000000007e-01,-2.632604348455378940e+01
5.381000000000000227e-01,-2.632232090962992288e+01
5.376999999999999558e-01,-2.631776001963979539e+01
5.373999999999999888e-01,-2.631601066588461180e+01
5.370000000000000329e-01,-2.631846093489674487e+01
5.368000000000000549e-01,-2.631802959831473387e+01
5.365999999999999659e-01,-2.632527038278229981e+01
5.362000000000000099e-01,-2.632851138252199519e+01
5.360000000000000320e-01,-2.633027313274547865e+01
5.358000000000000540e-01,-2.633769384685534121e+01
5.352999999999999980e-01,-2.634757650037532173e+01
5.351000000000000201e-01,-2.635292199346349307e+01
5.346999999999999531e-01,-2.636149444012490406e+01
5.344999999999999751e-01,-2.636467508509231195e+01
5.342999999999999972e-01,-2.635974202851352644e+01
5.339000000000000412e-01,-2.635588803623265974e+01
5.336999999999999522e-01,-2.634756010339377141e+01
5.332999999999999963e-01,-2.633747524273609386e+01
5.331000000000000183e-01,-2.633585940235459333e+01
5.326999999999999513e-01,-2.633464623968871265e+01
5.324999999999999734e-01,-2.633394031593148554e+01
5.321000000000000174e-01,-2.633459413263004834e+01
5.319000000000000394e-01,-2.634026083809047591e+01
5.316999999999999504e-01,-2.633847474282100976e+01
5.313999999999999835e-01,-2.633694428467413218e+01
5.311000000000000165e-01,-2.633583421815764680e+01
5.306999999999999496e-01,-2.633720410511262955e+01
5.304999999999999716e-01,-2.633227996919361047e+01
5.300000000000000266e-01,-2.633650644273586749e+01
5.298000000000000487e-01,-2.634033718365812149e+01
5.292999999999999927e-01,-2.633864798261019047e+01
5.288000000000000478e-01,-2.632880340480391013e+01
5.285999999999999588e-01,-2.632293950198281607e+01
5.283999999999999808e-01,-2.630747361721218169e+01
5.279000000000000359e-01,-2.629638629836027164e+01
5.276999999999999469e-01,-2.629350682597751643e+01
5.272000000000000020e-01,-2.630009582944035529e+01
5.266999999999999460e-01,-2.630403164047077880e+01
5.264999999999999680e-01,-2.630966213132211706e+01
5.262000000000000011e-01,-2.631530409214953181e+01
5.256999999999999451e-01,-2.631530149671011287e+01
5.254999999999999671e-01,-2.631676117296775530e+01
5.252000000000000002e-01,-2.631987725439397963e+01
5.247000000000000552e-01,-2.631909232356697714e+01
5.244999999999999662e-01,-2.631868594950147155e+01
5.240000000000000213e-01,-2.632393663095998448e+01
5.237000000000000544e-01,-2.632650853083971754e+01
5.231999999999999984e-01,-2.632577397342259928e+01
5.230000000000000204e-01,-2.633386404457781182e+01
5.224999999999999645e-01,-2.633920174825020410e+01
5.221999999999999975e-01,-2.634168115907352359e+01
5.217000000000000526e-01,-2.634302526679864442e+01
5.213999999999999746e-01,-2.634367836344651792e+01
5.208000000000000407e-01,-2.633996583958262860e+01
5.205999999999999517e-01,-2.633487753426332034e+01
5.200000000000000178e-01,-2.632642644805026322e+01
5.197000000000000508e-01,-2.631834694633371186e+01
5.193999999999999728e-01,-2.631522729835598540e+01
5.189000000000000279e-01,-2.631366387417032016e+01
5.185999999999999499e-01,-2.630988541863963803e+01
5.181000000000000050e-01,-2.630920031238125034e+01
5.175999999999999490e-01,-2.630817870821332249e+01
5.172999999999999821e-01,-2.630360882309188852e+01
5.167000000000000481e-01,-2.629705117025336492e+01
5.163999999999999702e-01,-2.630104419655408776e+01
5.158000000000000362e-01,-2.630115557918831115e+01
5.154999999999999583e-01,-2.630250338888993866e+01
5.147000000000000464e-01,-2.630314431904999140e+01
5.143999999999999684e-01,-2.630685065487935148e+01
5.141000000000000014e-01,-2.630213436600213228e+01
5.134999999999999565e-01,-2.630204705992643355e+01
5.131999999999999895e-01,-2.630315041423435218e+01
5.129000000000000226e-01,-2.630577070038241061e+01
5.121999999999999886e-01,-2.630415808945983613e+01
5.119000000000000217e-01,-2.630864619912819080e+01
5.112999999999999767e-01,-2.631068124553291199e+01
5.110000000000000098e-01,-2.630632209862503146e+01
5.107000000000000428e-01,-2.630466717144751243e+01
5.100999999999999979e-01,-2.630669232863834495e+01
5.097000000000000419e-01,-2.630567988444985872e+01
5.090999999999999970e-01,-2.630079080469770147e+01
5.088000000000000300e-01,-2.629467185893651049e+01
5.080999999999999961e-01,-2.628804741485433993e+01
5.078000000000000291e-01,-2.628283554377295772e+01
5.074999999999999512e-01,-2.628181653841064858e+01
5.068000000000000282e-01,-2.628295284877200544e+01
5.064999999999999503e-01,-2.629585815499567047e+01
5.058000000000000274e-01,-2.630795956851360273e+01
5.054999999999999494e-01,-2.631460826779584039e+01
5.048000000000000265e-01,-2.631128155631622079e+01
5.044999999999999485e-01,-2.631135278407102618e+01
5.040999999999999925e-01,-2.631457038854721375e+01
5.034999999999999476e-01,-2.631565303539272449e+01
5.030999999999999917e-01,-2.632149544941418640e+01
5.023999999999999577e-01,-2.633089368549910603e+01
5.020999999999999908e-01,-2.633786710881345883e+01
5.013999999999999568e-01,-2.633558666513289737e+01
5.010999999999999899e-01,-2.633459433459071874e+01
5.003999999999999559e-01,-2.633287864013309942e+01
5.000999999999999890e-01,-2.633077033509588460e+01
4.994000000000000106e-01,-2.632794662225455795e+01
4.986999999999999766e-01,-2.632808690599251733e+01
4.983000000000000207e-01,-2.632749459778336742e+01
4.979999999999999982e-01,-2.632795169318267625e+01
4.979000000000000092e-01,-2.632801177825737327e+01
4.978000000000000203e-01,-2.632795632789306950e+01
4.976999999999999758e-01,-2.632126471532013312e+01
4.975999999999999868e-01,-2.632156834834773917e+01
4.974999999999999978e-01,-2.632722563172949748e+01
4.974000000000000088e-01,-2.632072340638912067e+01
4.973000000000000198e-01,-2.632363794598101236e+01
4.971999999999999753e-01,-2.633252415055985196e+01
4.969999999999999973e-01,-2.632491147354441807e+01
4.969000000000000083e-01,-2.631757093819818394e+01
4.966999999999999749e-01,-2.631693422939694216e+01
4.965999999999999859e-01,-2.631807763365932828e+01
4.964999999999999969e-01,-2.631009189395426162e+01
4.964000000000000079e-01,-2.631510124698220210e+01
4.963000000000000189e-01,-2.631663172327901279e+01
4.961999999999999744e-01,-2.632524520312838234e+01
4.959999999999999964e-01,-2.631848524092504604e+01
4.959000000000000075e-01,-2.632415965721300566e+01
4.958000000000000185e-01,-2.632152078618908675e+01
4.955999999999999850e-01,-2.631868501597266174e+01
4.954999999999999960e-01,-2.631582423492282885e+01
4.954000000000000070e-01,-2.631841813738898139e+01
4.951999999999999735e-01,-2.631083325516001992e+01
4.949000000000000066e-01,-2.631657021593757051e+01
4.946999999999999731e-01,-2.631316627385381324e+01
4.944999999999999951e-01,-2.631404302889349367e+01
4.939999999999999947e-01,-2.631507910299334085e+01
4.938000000000000167e-01,-2.632265648647401335e+01
4.937000000000000277e-01,-2.631927921781816337e+01
4.934999999999999942e-01,-2.632041330801547474e+01
4.932000000000000273e-01,-2.631959719642161133e+01
4.929000000000000048e-01,-2.632317576615549015e+01
4.928000000000000158e-01,-2.632469713155581559e+01
4.924999999999999933e-01,-2.632982577543206659e+01
4.923000000000000154e-01,-2.633114910978305545e+01
4.922000000000000264e-01,-2.633176867650764308e+01
4.920999999999999819e-01,-2.632891085549003662e+01
4.918000000000000149e-01,-2.632353229585680410e+01
4.917000000000000259e-01,-2.632256465659475353e+01
4.912000000000000255e-01,-2.631332881049351613e+01
4.909000000000000030e-01,-2.631294055025178125e+01
4.908000000000000140e-01,-2.629857142645207091e+01
4.907000000000000250e-01,-2.630440221084294450e+01
4.904999999999999916e-01,-2.629190876826024592e+01
4.903000000000000136e-01,-2.629944157534279370e+01
4.899000000000000021e-01,-2.630348565882199807e+01
4.898000000000000131e-01,-2.630751738586754840e+01
4.894999999999999907e-01,-2.630348248247170417e+01
4.894000000000000017e-01,-2.631510174442651362e+01
4.890999999999999792e-01,-2.630960812024206419e+01
4.889999999999999902e-01,-2.630702043676789970e+01
4.888000000000000123e-01,-2.630923300362207584e+01
4.884999999999999898e-01,-2.630106255875917398e+01
4.884000000000000008e-01,-2.629843194806323226e+01
4.882000000000000228e-01,-2.630238490170986765e+01
4.880999999999999783e-01,-2.630336896990569073e+01
4.878000000000000114e-01,-2.630272870285520170e+01
4.874999999999999889e-01,-2.630810857582231321e+01
4.872000000000000219e-01,-2.629910035411152336e+01
4.868999999999999995e-01,-2.629326372574201898e+01
4.868000000000000105e-01,-2.628450096473632058e+01
4.864999999999999880e-01,-2.629708956760532956e+01
4.862000000000000210e-01,-2.629142245741975970e+01
4.860999999999999766e-01,-2.629953951470163531e+01
4.858999999999999986e-01,-2.630440846266866473e+01
4.854999999999999871e-01,-2.631138890811922337e+01
4.852000000000000202e-01,-2.630627149191509417e+01
4.848999999999999977e-01,-2.631424260493363221e+01
4.844999999999999862e-01,-2.631124826520412796e+01
4.843000000000000083e-01,-2.631514148631407224e+01
4.839999999999999858e-01,-2.631354393757633048e+01
4.837000000000000188e-01,-2.630555201871408144e+01
4.833999999999999964e-01,-2.630038167531177606e+01
4.829999999999999849e-01,-2.630322274513783753e+01
4.828000000000000069e-01,-2.630242550449766625e+01
4.827000000000000179e-01,-2.629836510064230382e+01
4.824999999999999845e-01,-2.630184791639143782e+01
4.822000000000000175e-01,-2.630678844586363496e+01
4.820999999999999730e-01,-2.630571700518745004e+01
4.818000000000000060e-01,-2.630653829909810781e+01
4.815999999999999726e-01,-2.631222104081752633e+01
4.813000000000000056e-01,-2.632417740983015619e+01
4.812000000000000166e-01,-2.632424660896991142e+01
4.809999999999999831e-01,-2.633026919587242887e+01
4.808999999999999941e-01,-2.632795214178161558e+01
4.804999999999999827e-01,-2.633100367861594648e+01
4.803999999999999937e-01,-2.632467478172049979e+01
4.802000000000000157e-01,-2.632298484889349055e+01
4.798000000000000043e-01,-2.631774253480177705e+01
4.797000000000000153e-01,-2.632252353330997963e+01
4.796000000000000263e-01,-2.631304879119465667e+01
4.794999999999999818e-01,-2.631417062830675135e+01
4.792000000000000148e-01,-2.631481221425778472e+01
4.791000000000000258e-01,-2.631322159428648888e+01
4.788000000000000034e-01,-2.630883013840977114e+01
4.787000000000000144e-01,-2.631750606807113613e+01
4.783999999999999919e-01,-2.631944215762425543e+01
4.783000000000000029e-01,-2.631580625569139542e+01
4.779999999999999805e-01,-2.631362944404268234e+01
4.778999999999999915e-01,-2.631719477110292971e+01
4.776000000000000245e-01,-2.631092700027391729e+01
4.774999999999999800e-01,-2.629456170624065336e+01
4.773000000000000020e-01,-2.628910818275896233e+01
4.772000000000000131e-01,-2.629756666854852654e+01
4.768000000000000016e-01,-2.628681222254368421e+01
4.766000000000000236e-01,-2.627897753229378708e+01
4.763000000000000012e-01,-2.629259610770338895e+01
4.761000000000000232e-01,-2.629511064848565027e+01
4.759999999999999787e-01,-2.629321841847074737e+01
4.758999999999999897e-01,-2.629326771985816791e+01
4.758000000000000007e-01,-2.630181675092567417e+01
4.757000000000000117e-01,-2.629285588752326674e+01
4.753999999999999893e-01,-2.630038493768659080e+01
4.752000000000000113e-01,-2.629054070263945775e+01
4.751000000000000223e-01,-2.630490411268081274e+01
4.748999999999999888e-01,-2.631275232719686130e+01
4.747999999999999998e-01,-2.631422595153719257e+01
4.746000000000000218e-01,-2.631004169225369083e+01
4.744999999999999774e-01,-2.632814694868777750e+01
4.743999999999999884e-01,-2.632132624139769916e+01
4.741000000000000214e-01,-2.632137080402018015e+01
4.739999999999999769e-01,-2.632973418534544052e+01
4.738999999999999879e-01,-2.633598875136165773e+01
4.737999999999999989e-01,-2.632362242202777836e+01
4.736000000000000210e-01,-2.632255630017919401e+01
4.734999999999999765e-01,-2.631951720708423537e+01
4.732999999999999985e-01,-2.631486148027571303e+01
4.731000000000000205e-01,-2.631271143051304406e+01
4.728999999999999870e-01,-2.631429181860010758e+01
4.727999999999999980e-01,-2.631115201000254444e+01
4.727000000000000091e-01,-2.630307136630170461e+01
4.726000000000000201e-01,-2.630121530835881316e+01
4.723999999999999866e-01,-2.630038330436422456e+01
4.722999999999999976e-01,-2.629587363513728704e+01
4.722000000000000086e-01,-2.630145173243468193e+01
4.721000000000000196e-01,-2.630737270160742014e+01
4.718999999999999861e-01,-2.631644824221533696e+01
4.717999999999999972e-01,-2.632191307688234616e+01
4.717000000000000082e-01,-2.632613233314893719e+01
4.714999999999999747e-01,-2.633002555967676983e+01
4.713999999999999857e-01,-2.632926611353301638e+01
4.712999999999999967e-01,-2.632455692196964847e+01
4.712000000000000077e-01,-2.632154897632153379e+01
4.711000000000000187e-01,-2.632589018874663367e+01
4.709999999999999742e-01,-2.632703050773697839e+01
4.708999999999999853e-01,-2.633254221547385754e+01
4.707999999999999963e-01,-2.633333114766898930e+01
4.707000000000000073e-01,-2.633233865546056762e+01
4.706000000000000183e-01,-2.633754600900005371e+01
4.704999999999999738e-01,-2.633637121920349600e+01
4.703999999999999848e-01,-2.633860880549308447e+01
4.702999999999999958e-01,-2.633914536299595710e+01
4.702000000000000068e-01,-2.634034030995511699e+01
4.701000000000000179e-01,-2.633347225987979456e+01
4.699999999999999734e-01,-2.634001709841980343e+01
4.698999999999999844e-01,-2.633619686799447379e+01
4.697999999999999954e-01,-2.633724190379458818e+01
4.688999999999999835e-01,-2.634014524963166792e+01
4.668999999999999817e-01,-2.634411240837984636e+01
4.658999999999999808e-01,-2.634306865349288174e+01
4.647999999999999909e-01,-2.634558168935006961e+01
4.625000000000000222e-01,-2.634665509737253686e+01
4.612999999999999878e-01,-2.634559367266885133e+01
4.587999999999999856e-01,-2.634383271363914503e+01
4.575000000000000178e-01,-2.633171676392674243e+01
4.561000000000000054e-01,-2.632952743649850902e+01
4.531999999999999917e-01,-2.632303076845053624e+01
4.517999999999999794e-01,-2.631995593738077233e+01
4.486999999999999877e-01,-2.631915666922910901e+01
4.470999999999999974e-01,-2.632277386651525219e+01
4.437999999999999723e-01,-2.632095334655824459e+01
4.420999999999999930e-01,-2.632158290334938755e+01
4.386999999999999789e-01,-2.631691730473971447e+01
4.369000000000000106e-01,-2.630846636369941649e+01
4.334000000000000075e-01,-2.630674257044905673e+01
4.315999999999999837e-01,-2.630747785721164078e+01
4.280999999999999805e-01,-2.631546267600003119e+01
4.263000000000000123e-01,-2.632345667534029232e+01
4.227000000000000202e-01,-2.633649476400899658e+01
4.208999999999999964e-01,-2.634365859010799582e+01
4.190999999999999726e-01,-2.634109582026942675e+01
4.154999999999999805e-01,-2.633726214397745125e+01
4.117999999999999994e-01,-2.633122415480880463e+01
4.099999999999999756e-01,-2.632341659055813210e+01
4.062999999999999945e-01,-2.631264696760469946e+01
4.043999999999999817e-01,-2.630576931201521163e+01
4.007000000000000006e-01,-2.630019108299428865e+01
3.987999999999999878e-01,-2.629997202700538494e+01
3.948999999999999733e-01,-2.629716043960027250e+01
3.927999999999999825e-01,-2.630173396213429626e+01
3.907999999999999807e-01,-2.631050324770532356e+01
3.864000000000000212e-01,-2.631425226775084170e+01
3.840999999999999970e-01,-2.631493630810853190e+01
3.816999999999999837e-01,-2.631735669961797086e+01
3.766999999999999793e-01,-2.632026795761709081e+01
3.740999999999999881e-01,-2.631864978196361449e+01
3.684000000000000052e-01,-2.631767950816675494e+01
3.654999999999999916e-01,-2.631179321710328978e+01
3.593999999999999972e-01,-2.631093069307775778e+01
3.563999999999999946e-01,-2.631062141131977583e+01
3.533999999999999919e-01,-2.631544467189737446e+01
3.477000000000000091e-01,-2.631908444528672675e+01
3.451000000000000179e-01,-2.632550783515784332e+01
3.403999999999999804e-01,-2.632658629853422383e+01
3.383999999999999786e-01,-2.632545221886626763e+01
3.365000000000000213e-01,-2.631645645606271700e+01
3.332999999999999852e-01,-2.631329295058069562e+01
3.320000000000000173e-01,-2.631667589296247556e+01
3.296999999999999931e-01,-2.631889087313064834e+01
3.286999999999999922e-01,-2.632128208017190829e+01
3.271999999999999909e-01,-2.632430487084301518e+01
3.266000000000000014e-01,-2.633116629274699250e+01
3.261000000000000010e-01,-2.633207867248097855e+01
3.251999999999999891e-01,-2.632823970984874862e+01
3.249000000000000221e-01,-2.632609912091819737e+01
3.242999999999999772e-01,-2.632452570582886509e+01
3.240000000000000102e-01,-2.631028014510448898e+01
3.237999999999999767e-01,-2.630052114723245182e+01
3.235000000000000098e-01,-2.629685502651656037e+01
3.232999999999999763e-01,-2.629544595812348007e+01
3.230000000000000093e-01,-2.629371599113159874e+01
3.227999999999999758e-01,-2.629994856667170922e+01
3.225999999999999979e-01,-2.630558805628922769e+01
3.225000000000000089e-01,-2.631387833153774025e+01
3.222999999999999754e-01,-2.631449839329745188e+01
3.221999999999999864e-01,-2.631798071937605954e+01
3.220000000000000084e-01,-2.632317755801770076e+01
3.219000000000000195e-01,-2.632673130830729846e+01
3.217999999999999750e-01,-2.632859061686996682e+01
3.215999999999999970e-01,-2.632554147023700963e+01
3.215000000000000080e-01,-2.632440467672434892e+01
3.214000000000000190e-01,-2.631687374686462988e+01
3.211999999999999855e-01,-2.630977361597695818e+01
3.210000000000000075e-01,-2.629771432696513500e+01
3.209000000000000186e-01,-2.629500530141014281e+01
3.206999999999999851e-01,-2.629452526806817758e+01
3.205999999999999961e-01,-2.629882869018683422e+01
3.205000000000000071e-01,-2.630668663146894204e+01
3.204000000000000181e-01,-2.631014095706117573e+01
3.201999999999999846e-01,-2.631279733442369562e+01
3.200000000000000067e-01,-2.631505875522986670e+01
3.199000000000000177e-01,-2.632289983529066291e+01
3.197999999999999732e-01,-2.632413469818038365e+01
3.196999999999999842e-01,-2.633205871473885296e+01
3.195999999999999952e-01,-2.634372306260200602e+01
3.195000000000000062e-01,-2.634624861253119477e+01
3.194000000000000172e-01,-2.634094308049970579e+01
3.192999999999999727e-01,-2.633820921081129995e+01
3.190999999999999948e-01,-2.633600330416506452e+01
3.190000000000000058e-01,-2.632864582747050619e+01
3.189000000000000168e-01,-2.632337902211200031e+01
3.187999999999999723e-01,-2.632165411620944440e+01
3.186999999999999833e-01,-2.632182047896412413e+01
3.185999999999999943e-01,-2.632369430134805199e+01
3.185000000000000053e-01,-2.632481207322311079e+01
3.184000000000000163e-01,-2.633076710834146539e+01
3.183000000000000274e-01,-2.633368244887488885e+01
3.181999999999999829e-01,-2.633162714777446567e+01
3.180999999999999939e-01,-2.632850661704509321e+01
3.180000000000000049e-01,-2.632704231051795318e+01
3.179000000000000159e-01,-2.633104452059685485e+01
3.178000000000000269e-01,-2.633363763853722617e+01
3.176999999999999824e-01,-2.634000567974491247e+01
3.175999999999999934e-01,-2.634284827458664680e+01
3.175000000000000044e-01,-2.634169996212597198e+01
3.174000000000000155e-01,-2.633233177689840687e+01
3.173000000000000265e-01,-2.632229569337417274e+01
3.171999999999999820e-01,-2.631680633617870413e+01
3.170999999999999930e-01,-2.631353707747939552e+01
3.170000000000000040e-01,-2.630635401951096242e+01
3.169000000000000150e-01,-2.630227101560931757e+01
3.168000000000000260e-01,-2.630138997131846423e+01
3.166999999999999815e-01,-2.630037850393084042e+01
3.165999999999999925e-01,-2.629942473930134028e+01
3.165000000000000036e-01,-2.629982795259520856e+01
3.164000000000000146e-01,-2.629611677205455322e+01
3.163000000000000256e-01,-2.629644442184851627e+01
3.161999999999999811e-01,-2.629525955946030891e+01
3.160999999999999921e-01,-2.629008101994977054e+01
3.160000000000000031e-01,-2.628843205757201673e+01
3.159000000000000141e-01,-2.629237583941755574e+01
3.158000000000000251e-01,-2.628698083701717891e+01
3.156999999999999806e-01,-2.628209873428398424e+01
3.155999999999999917e-01,-2.628795380478797128e+01
3.155000000000000027e-01,-2.629731447143644729e+01
3.154000000000000137e-01,-2.631147437838119885e+01
3.153000000000000247e-01,-2.632793011835630992e+01
3.151999999999999802e-01,-2.633830674142821593e+01
3.150999999999999912e-01,-2.634286629141467628e+01
3.150000000000000022e-01,-2.634060482606635745e+01
3.149000000000000132e-01,-2.632941334746251272e+01
3.148000000000000242e-01,-2.631262008003252717e+01
3.146999999999999797e-01,-2.630082276024035792e+01
3.145999999999999908e-01,-2.629193661734328913e+01
3.145000000000000018e-01,-2.629091722482178284e+01
3.144000000000000128e-01,-2.629092205483372524e+01
3.143000000000000238e-01,-2.630216625057267521e+01
3.141999999999999793e-01,-2.631449732822719767e+01
3.140999999999999903e-01,-2.632389101729158654e+01
3.140000000000000013e-01,-2.633016105745864976e+01
3.139000000000000123e-01,-2.633988147350184050e+01
3.138000000000000234e-01,-2.634008506973726682e+01
3.136999999999999789e-01,-2.633506188982524421e+01
3.135999999999999899e-01,-2.632943455136336652e+01
3.135000000000000009e-01,-2.632966895244191718e+01
3.134000000000000119e-01,-2.632188730588368131e+01
3.133000000000000229e-01,-2.632298939226361156e+01
3.131999999999999784e-01,-2.632986608013386487e+01
3.130999999999999894e-01,-2.634015734693927158e+01
3.130000000000000004e-01,-2.633941440666330536e+01
3.129000000000000115e-01,-2.633670213804027327e+01
3.128000000000000225e-01,-2.632353732077728381e+01
3.126999999999999780e-01,-2.630749329206503617e+01
3.125999999999999890e-01,-2.629565757110395552e+01
3.125000000000000000e-01,-2.628389872198509281e+01
3.124000000000000110e-01,-2.627870387312512790e+01
3.123000000000000220e-01,-2.628211392737077290e+01
3.121999999999999775e-01,-2.628567073143094035e+01
3.120999999999999885e-01,-2.629019992102541892e+01
3.119999999999999996e-01,-2.628848295375262012e+01
3.119000000000000106e-01,-2.629179370173061159e+01
3.118000000000000216e-01,-2.628898232164853965e+01
3.116999999999999771e-01,-2.629463580526756772e+01
3.115999999999999881e-01,-2.629226527555726278e+01
3.114999999999999991e-01,-2.630201864600188344e+01
3.114000000000000101e-01,-2.630961045189915382e+01
3.113000000000000211e-01,-2.632014984300344551e+01
3.111999999999999766e-01,-2.631277911229988575e+01
3.110999999999999877e-01,-2.630610824454614161e+01
3.109999999999999987e-01,-2.629974837553249145e+01
3.109000000000000097e-01,-2.629011189454375952e+01
3.108000000000000207e-01,-2.628776289664978805e+01
3.106999999999999762e-01,-2.629548337486874132e+01
3.105999999999999872e-01,-2.630416646943210424e+01
3.104999999999999982e-01,-2.631099099504783823e+01
3.104000000000000092e-01,-2.631986141453788974e+01
3.103000000000000203e-01,-2.632274825103440463e+01
