# T (K), dc/c (x 1e-5)
2.506099999999999994e+00,-1.683212383183155136e+00
2.505999999999999783e+00,-1.652330317077971733e+00
2.505900000000000016e+00,-1.716693912302732716e+00
2.505799999999999805e+00,-1.702289152721815357e+00
2.505700000000000038e+00,-1.665462743534511514e+00
2.505599999999999827e+00,-1.713231456030174016e+00
2.505500000000000060e+00,-1.690463738062130350e+00
2.505399999999999849e+00,-1.681036085986116868e+00
2.505300000000000082e+00,-1.686421603730719143e+00
2.505199999999999871e+00,-1.690218706846646546e+00
2.505100000000000104e+00,-1.683365624169196106e+00
2.504999999999999893e+00,-1.695871240891698273e+00
2.504900000000000126e+00,-1.633646227521754923e+00
2.504799999999999915e+00,-1.591064916220662928e+00
2.504700000000000149e+00,-1.722314229473092428e+00
2.504599999999999937e+00,-1.675621146263601702e+00
2.504500000000000171e+00,-1.633130241181316444e+00
2.504399999999999959e+00,-1.683364339888024031e+00
2.504300000000000193e+00,-1.720495233247844036e+00
2.504199999999999982e+00,-1.707570669572973543e+00
2.504100000000000215e+00,-1.672849215330777906e+00
2.504000000000000004e+00,-1.712890272307846073e+00
2.503899999999999793e+00,-1.688412302016073285e+00
2.503800000000000026e+00,-1.675882075294273355e+00
2.503699999999999815e+00,-1.664264108868130698e+00
2.503600000000000048e+00,-1.705092160902927922e+00
2.503499999999999837e+00,-1.684949411703991373e+00
2.503400000000000070e+00,-1.677161575004899152e+00
2.503299999999999859e+00,-1.674851675606564116e+00
2.503200000000000092e+00,-1.652454741096282431e+00
2.503099999999999881e+00,-1.659588516377175971e+00
2.503000000000000114e+00,-1.650694737825820768e+00
2.502899999999999903e+00,-1.675991855361531169e+00
2.502800000000000136e+00,-1.669422668734113824e+00
2.502699999999999925e+00,-1.674920112179774989e+00
2.502600000000000158e+00,-1.620973425015399760e+00
2.502499999999999947e+00,-1.592761980213100337e+00
2.502400000000000180e+00,-1.645725432787808806e+00
2.502299999999999969e+00,-1.670808039862465177e+00
2.502200000000000202e+00,-1.712771295777731684e+00
2.502099999999999991e+00,-1.649980807873419497e+00
2.501999999999999780e+00,-1.629686957559453475e+00
2.501900000000000013e+00,-1.596159327748192913e+00
2.501799999999999802e+00,-1.648578101863876100e+00
2.501700000000000035e+00,-1.711938697444967294e+00
2.501599999999999824e+00,-1.649396503392296376e+00
2.501500000000000057e+00,-1.672402396535414004e+00
2.501399999999999846e+00,-1.571100213751164265e+00
2.501300000000000079e+00,-1.578663247468379272e+00
2.501199999999999868e+00,-1.643929198826221905e+00
2.501100000000000101e+00,-1.667042023694240038e+00
2.500999999999999890e+00,-1.660740954743402442e+00
2.500900000000000123e+00,-1.696604605538410304e+00
2.500799999999999912e+00,-1.717745212182018255e+00
2.500700000000000145e+00,-1.709702547194745792e+00
2.500599999999999934e+00,-1.693104247240642790e+00
2.500500000000000167e+00,-1.707561632151386677e+00
2.500399999999999956e+00,-1.713926639849999267e+00
2.500300000000000189e+00,-1.672700552620559611e+00
2.500199999999999978e+00,-1.654627407804182493e+00
2.500100000000000211e+00,-1.645552173703494159e+00
2.500000000000000000e+00,-1.714279647086250913e+00
2.499899999999999789e+00,-1.604471315263573894e+00
2.499800000000000022e+00,-1.736776403049025364e+00
2.499699999999999811e+00,-1.631419741491652031e+00
2.499600000000000044e+00,-1.668894942300337858e+00
2.499499999999999833e+00,-1.657838953991253694e+00
2.499400000000000066e+00,-1.728751858734407287e+00
2.499299999999999855e+00,-1.636179649699889049e+00
2.499200000000000088e+00,-1.631889736236559640e+00
2.499099999999999877e+00,-1.719450852225555382e+00
2.499000000000000110e+00,-1.661365059962740753e+00
2.498899999999999899e+00,-1.707874885184946789e+00
2.498800000000000132e+00,-1.690846458728497925e+00
2.498699999999999921e+00,-1.726225001505345746e+00
2.498600000000000154e+00,-1.659545477523624024e+00
2.498499999999999943e+00,-1.701670254065261956e+00
2.498400000000000176e+00,-1.666236757440111793e+00
2.498299999999999965e+00,-1.637128757268137669e+00
2.498200000000000198e+00,-1.690326197993960999e+00
2.498099999999999987e+00,-1.691449312402889538e+00
2.498000000000000220e+00,-1.661474108980088182e+00
2.497900000000000009e+00,-1.632495810412285531e+00
2.497799999999999798e+00,-1.641764328385312277e+00
2.497700000000000031e+00,-1.683200081528700931e+00
2.497599999999999820e+00,-1.678620477612625672e+00
2.497500000000000053e+00,-1.667495918091947527e+00
2.497300000000000075e+00,-1.655410761897249561e+00
2.497199999999999864e+00,-1.654881973002638951e+00
2.497100000000000097e+00,-1.669389273853481459e+00
2.496999999999999886e+00,-1.658218952706229654e+00
2.496900000000000119e+00,-1.650411068878412379e+00
2.496799999999999908e+00,-1.643840575934172987e+00
2.496700000000000141e+00,-1.666791420520512990e+00
2.496599999999999930e+00,-1.676273848073519535e+00
2.496500000000000163e+00,-1.687900401663546601e+00
2.496399999999999952e+00,-1.656443332323162654e+00
2.496300000000000185e+00,-1.649883634844518721e+00
2.496100000000000207e+00,-1.650968327359205734e+00
2.495999999999999996e+00,-1.609414200541835482e+00
2.495899999999999785e+00,-1.625956022625071995e+00
2.495800000000000018e+00,-1.629105506783932400e+00
2.495699999999999807e+00,-1.691974765316740958e+00
2.495600000000000041e+00,-1.641479111060087925e+00
2.495499999999999829e+00,-1.656772873784696953e+00
2.495400000000000063e+00,-1.597114526136623525e+00
2.495299999999999851e+00,-1.697111433351000898e+00
2.495200000000000085e+00,-1.663131296215366595e+00
2.495099999999999874e+00,-1.660816995003574936e+00
2.495000000000000107e+00,-1.661664888948295005e+00
2.494899999999999896e+00,-1.673955067979428835e+00
2.494800000000000129e+00,-1.624264934093743618e+00
2.494699999999999918e+00,-1.641904683031782941e+00
2.494600000000000151e+00,-1.645876367411597929e+00
2.494499999999999940e+00,-1.679579693489167136e+00
2.494400000000000173e+00,-1.647781534421020933e+00
2.494299999999999962e+00,-1.612584156643012134e+00
2.494200000000000195e+00,-1.618738011488322748e+00
2.494099999999999984e+00,-1.679843847261661027e+00
2.494000000000000217e+00,-1.613439040886930131e+00
2.493900000000000006e+00,-1.608604068031757484e+00
2.493799999999999795e+00,-1.688620923621366954e+00
2.493700000000000028e+00,-1.568295770246300513e+00
2.493599999999999817e+00,-1.625158504741920584e+00
2.493500000000000050e+00,-1.561899890496450727e+00
2.493399999999999839e+00,-1.601491754126026734e+00
2.493300000000000072e+00,-1.625642820266080424e+00
2.493199999999999861e+00,-1.659664309059012632e+00
2.493100000000000094e+00,-1.662104675670460274e+00
2.492999999999999883e+00,-1.668293700799665213e+00
2.492900000000000116e+00,-1.618784803026013686e+00
2.492799999999999905e+00,-1.629277726249459990e+00
2.492700000000000138e+00,-1.671316199468368735e+00
2.492599999999999927e+00,-1.605486291499043094e+00
2.492500000000000160e+00,-1.597885383247064306e+00
2.492399999999999949e+00,-1.614502745644213810e+00
2.492300000000000182e+00,-1.603030685582459869e+00
2.492199999999999971e+00,-1.589673985000423118e+00
2.492100000000000204e+00,-1.617429101728642626e+00
2.491999999999999993e+00,-1.647987495955073767e+00
2.491899999999999782e+00,-1.665261484809981818e+00
2.491800000000000015e+00,-1.632916914452947621e+00
2.491699999999999804e+00,-1.639189965544534111e+00
2.491600000000000037e+00,-1.622782042918152090e+00
2.491499999999999826e+00,-1.614265654011699969e+00
2.491400000000000059e+00,-1.673124307008009515e+00
2.491299999999999848e+00,-1.635800699874360609e+00
2.491200000000000081e+00,-1.624463651955451393e+00
2.491099999999999870e+00,-1.612016451703671471e+00
2.491000000000000103e+00,-1.637812514069429959e+00
2.490899999999999892e+00,-1.622724275818975048e+00
2.490800000000000125e+00,-1.671413839591259887e+00
2.490699999999999914e+00,-1.671240002986779105e+00
2.490400000000000169e+00,-1.663633381753822249e+00
2.490299999999999958e+00,-1.657079688820482399e+00
2.490200000000000191e+00,-1.693290468587053565e+00
2.490099999999999980e+00,-1.640676695045508060e+00
2.490000000000000213e+00,-1.595018354968503527e+00
2.489900000000000002e+00,-1.582176376770940696e+00
2.489799999999999791e+00,-1.572428129324368928e+00
2.489700000000000024e+00,-1.565208493747681562e+00
2.489599999999999813e+00,-1.591608205058007597e+00
2.489500000000000046e+00,-1.567603314036008832e+00
2.489399999999999835e+00,-1.640440894933807181e+00
2.489300000000000068e+00,-1.593600029330702217e+00
2.489199999999999857e+00,-1.563276685288069068e+00
2.489100000000000090e+00,-1.593182935131419509e+00
2.488999999999999879e+00,-1.599459966544069855e+00
2.488900000000000112e+00,-1.632019885127236947e+00
2.488799999999999901e+00,-1.508837091064254787e+00
2.488700000000000134e+00,-1.620836256203289194e+00
2.488599999999999923e+00,-1.625577765909381744e+00
2.488500000000000156e+00,-1.571429698034418454e+00
2.488399999999999945e+00,-1.576251403038211762e+00
2.488300000000000178e+00,-1.579861774362158355e+00
2.488199999999999967e+00,-1.642465302766223711e+00
2.488100000000000200e+00,-1.600457732802128996e+00
2.487999999999999989e+00,-1.606081244630709337e+00
2.487899999999999778e+00,-1.597184919576875695e+00
2.487800000000000011e+00,-1.628963544840212885e+00
2.487699999999999800e+00,-1.613266077282477617e+00
2.487600000000000033e+00,-1.612418434812027623e+00
2.487499999999999822e+00,-1.646110408316597162e+00
2.487400000000000055e+00,-1.630445603781425445e+00
2.487299999999999844e+00,-1.661192045458346422e+00
2.487200000000000077e+00,-1.654845381693359485e+00
2.487099999999999866e+00,-1.658027171859568272e+00
2.487000000000000099e+00,-1.606739017625348209e+00
2.486899999999999888e+00,-1.618972216670323094e+00
2.486800000000000122e+00,-1.613498544578910288e+00
2.486699999999999910e+00,-1.587456313389463469e+00
2.486600000000000144e+00,-1.596107944507702880e+00
2.486499999999999932e+00,-1.616375555137084419e+00
2.486400000000000166e+00,-1.625327185900550253e+00
2.486299999999999955e+00,-1.609822489619241459e+00
2.486200000000000188e+00,-1.599670646743869495e+00
2.486099999999999977e+00,-1.578754631450585810e+00
2.486000000000000210e+00,-1.576370222672307753e+00
2.485799999999999788e+00,-1.582661798149863630e+00
2.485700000000000021e+00,-1.568448299076995900e+00
2.485599999999999810e+00,-1.620661389997116952e+00
2.485500000000000043e+00,-1.584952644771714159e+00
2.485300000000000065e+00,-1.601175594305692451e+00
2.485199999999999854e+00,-1.551842104747949813e+00
2.485100000000000087e+00,-1.540193042652272970e+00
2.484999999999999876e+00,-1.554669269046706770e+00
2.484799999999999898e+00,-1.631952811035659812e+00
2.484700000000000131e+00,-1.634493485930612833e+00
2.484599999999999920e+00,-1.630268592134857641e+00
2.484500000000000153e+00,-1.629266337634972750e+00
2.484399999999999942e+00,-1.574533611570325453e+00
2.484300000000000175e+00,-1.602377057184769527e+00
2.484199999999999964e+00,-1.600765205917652256e+00
2.484100000000000197e+00,-1.590203170942418698e+00
2.483999999999999986e+00,-1.556542979108948233e+00
2.483900000000000219e+00,-1.599194097024066785e+00
2.483699999999999797e+00,-1.530588172045095341e+00
2.483600000000000030e+00,-1.544280760920564433e+00
2.483499999999999819e+00,-1.526452614005244568e+00
2.483400000000000052e+00,-1.524423721261671583e+00
2.483299999999999841e+00,-1.631271661905526305e+00
2.483200000000000074e+00,-1.573169196376547729e+00
2.483099999999999863e+00,-1.620580958525483117e+00
2.483000000000000096e+00,-1.596605736165114475e+00
2.482899999999999885e+00,-1.636702655290439345e+00
2.482800000000000118e+00,-1.543556782016632489e+00
2.482699999999999907e+00,-1.590219879768847377e+00
2.482600000000000140e+00,-1.544503945142660761e+00
2.482499999999999929e+00,-1.580462998058903112e+00
2.482400000000000162e+00,-1.565898687890069363e+00
2.482299999999999951e+00,-1.587860403549944621e+00
2.482200000000000184e+00,-1.577222842864253627e+00
2.482099999999999973e+00,-1.566458125531848600e+00
2.482000000000000206e+00,-1.572937689861504396e+00
2.481899999999999995e+00,-1.611979326770069942e+00
2.481799999999999784e+00,-1.584351746841818898e+00
2.481700000000000017e+00,-1.588591495309184864e+00
2.481599999999999806e+00,-1.614293169753294954e+00
2.481500000000000039e+00,-1.603253178833127901e+00
2.481300000000000061e+00,-1.601372305410589725e+00
2.481199999999999850e+00,-1.608195503278162741e+00
2.481100000000000083e+00,-1.569229321281203404e+00
2.480999999999999872e+00,-1.585806949732699644e+00
2.480900000000000105e+00,-1.589727071841747774e+00
2.480799999999999894e+00,-1.618385346968556737e+00
2.480700000000000127e+00,-1.582352274196461073e+00
2.480599999999999916e+00,-1.596427038319178759e+00
2.480500000000000149e+00,-1.556979536193337843e+00
2.480300000000000171e+00,-1.582205211983603421e+00
2.480199999999999960e+00,-1.604455259017457003e+00
2.480100000000000193e+00,-1.594118104704270289e+00
2.479999999999999982e+00,-1.600454309582852730e+00
2.479900000000000215e+00,-1.562638702177322036e+00
2.479800000000000004e+00,-1.564201167347301746e+00
2.479699999999999793e+00,-1.552233750774128174e+00
2.479600000000000026e+00,-1.614732935457024787e+00
2.479499999999999815e+00,-1.568074504090295251e+00
2.479400000000000048e+00,-1.602851211823775213e+00
2.479299999999999837e+00,-1.597015098280495149e+00
2.479200000000000070e+00,-1.575766832223661540e+00
2.479099999999999859e+00,-1.540874481438173182e+00
2.479000000000000092e+00,-1.597100774512538290e+00
2.478899999999999881e+00,-1.557484656602655892e+00
2.478699999999999903e+00,-1.570059292708227083e+00
2.478600000000000136e+00,-1.566131908304762010e+00
2.478499999999999925e+00,-1.554899893135695210e+00
2.478400000000000158e+00,-1.566419634851105025e+00
2.478299999999999947e+00,-1.583291191530739273e+00
2.478200000000000180e+00,-1.552502571767848671e+00
2.478099999999999969e+00,-1.565889379173229567e+00
2.478000000000000203e+00,-1.543914408230453006e+00
2.477899999999999991e+00,-1.549816265612361521e+00
2.477799999999999780e+00,-1.521449157752732040e+00
2.477700000000000014e+00,-1.521857577214746460e+00
2.477599999999999802e+00,-1.524526598137488476e+00
2.477500000000000036e+00,-1.536945153712327761e+00
2.477399999999999824e+00,-1.507299288242859747e+00
2.477300000000000058e+00,-1.549054514109356351e+00
2.477199999999999847e+00,-1.533427188466846447e+00
2.477100000000000080e+00,-1.543719228859008918e+00
2.476999999999999869e+00,-1.589567290636250352e+00
2.476900000000000102e+00,-1.571967058009690721e+00
2.476799999999999891e+00,-1.535808653061561113e+00
2.476700000000000124e+00,-1.570020618438825011e+00
2.476599999999999913e+00,-1.596039954671464534e+00
2.476399999999999935e+00,-1.551268661860650377e+00
2.476300000000000168e+00,-1.554697642326880791e+00
2.476100000000000190e+00,-1.528953823545895041e+00
2.475999999999999979e+00,-1.520741558552247463e+00
2.475900000000000212e+00,-1.561134029570606652e+00
2.475800000000000001e+00,-1.593935790171458367e+00
2.475699999999999790e+00,-1.556115276505942724e+00
2.475600000000000023e+00,-1.620100824232005188e+00
2.475499999999999812e+00,-1.534643942329637412e+00
2.475400000000000045e+00,-1.560729157616615348e+00
2.475299999999999834e+00,-1.604851874181849603e+00
2.475200000000000067e+00,-1.585459457242139658e+00
2.475099999999999856e+00,-1.524191512669608617e+00
2.475000000000000089e+00,-1.540714805497636952e+00
2.474899999999999878e+00,-1.557150599276356129e+00
2.474800000000000111e+00,-1.564499334421633137e+00
2.474699999999999900e+00,-1.562039377102966142e+00
2.474600000000000133e+00,-1.561111741748649751e+00
2.474499999999999922e+00,-1.578762481600846534e+00
2.474400000000000155e+00,-1.574472033944888771e+00
2.474299999999999944e+00,-1.515004493450198941e+00
2.474200000000000177e+00,-1.589906713071563615e+00
2.474099999999999966e+00,-1.620586613273133025e+00
2.474000000000000199e+00,-1.515778101195651484e+00
2.473899999999999988e+00,-1.611684304631883613e+00
2.473800000000000221e+00,-1.568089184563761007e+00
2.473599999999999799e+00,-1.554463684457917383e+00
2.473500000000000032e+00,-1.556521152910558259e+00
2.473399999999999821e+00,-1.562047912334135980e+00
2.473300000000000054e+00,-1.515243209794601364e+00
2.473100000000000076e+00,-1.554368852327021377e+00
2.472999999999999865e+00,-1.584544650841981817e+00
2.472900000000000098e+00,-1.536169504494860227e+00
2.472799999999999887e+00,-1.599783169704724006e+00
2.472700000000000120e+00,-1.601466476302811248e+00
2.472599999999999909e+00,-1.577708700635711114e+00
2.472500000000000142e+00,-1.535900171700143257e+00
2.472199999999999953e+00,-1.531355501636260108e+00
2.472100000000000186e+00,-1.583090848916604676e+00
2.471999999999999975e+00,-1.516003285337638840e+00
2.471900000000000208e+00,-1.558214888839638990e+00
2.471799999999999997e+00,-1.558772941813929114e+00
2.471699999999999786e+00,-1.569064114333222681e+00
2.471600000000000019e+00,-1.483272928574431271e+00
2.471499999999999808e+00,-1.546128720850918015e+00
2.471400000000000041e+00,-1.552200268931699600e+00
2.471299999999999830e+00,-1.592396278299714307e+00
2.471200000000000063e+00,-1.506735713467888260e+00
2.471099999999999852e+00,-1.581524992823551967e+00
2.471000000000000085e+00,-1.600483912755413574e+00
2.470899999999999874e+00,-1.566092055628416357e+00
2.470699999999999896e+00,-1.531637362256829560e+00
2.470600000000000129e+00,-1.544922637079695127e+00
2.470499999999999918e+00,-1.550088073243083064e+00
2.470400000000000151e+00,-1.483698526952710317e+00
2.470200000000000173e+00,-1.551196147511470169e+00
2.470099999999999962e+00,-1.572180441168830933e+00
2.470000000000000195e+00,-1.589413546920184883e+00
2.469899999999999984e+00,-1.468223784762524131e+00
2.469800000000000217e+00,-1.578470362039813502e+00
2.469700000000000006e+00,-1.580780167593690333e+00
2.469599999999999795e+00,-1.578032897981052951e+00
2.469500000000000028e+00,-1.571232101893206057e+00
2.469399999999999817e+00,-1.575144155555973979e+00
2.469300000000000050e+00,-1.566648303276868548e+00
2.469199999999999839e+00,-1.532668914881084810e+00
2.469100000000000072e+00,-1.548511395508314070e+00
2.468999999999999861e+00,-1.568838615405879100e+00
2.468900000000000095e+00,-1.498585642771896431e+00
2.468799999999999883e+00,-1.515344987207699168e+00
2.468700000000000117e+00,-1.558620676513707171e+00
2.468599999999999905e+00,-1.500720283987904802e+00
2.468500000000000139e+00,-1.585451217409267644e+00
2.468399999999999928e+00,-1.603605680281042778e+00
2.468300000000000161e+00,-1.545096715651207209e+00
2.468199999999999950e+00,-1.578269733256229213e+00
2.468100000000000183e+00,-1.464022299997976395e+00
2.467999999999999972e+00,-1.557269411278032090e+00
2.467900000000000205e+00,-1.557715949736053984e+00
2.467799999999999994e+00,-1.521471890444746844e+00
2.467699999999999783e+00,-1.563584733184873787e+00
2.467600000000000016e+00,-1.555868190490205416e+00
2.467400000000000038e+00,-1.533612956597791843e+00
2.467299999999999827e+00,-1.451883022448452243e+00
2.467200000000000060e+00,-1.557702694441112978e+00
2.467099999999999849e+00,-1.536863110752223260e+00
2.467000000000000082e+00,-1.548471868564947451e+00
2.466899999999999871e+00,-1.574669798099290308e+00
2.466800000000000104e+00,-1.456042598225993245e+00
2.466699999999999893e+00,-1.573506798490623471e+00
2.466600000000000126e+00,-1.566189141805941487e+00
2.466400000000000148e+00,-1.558352468882277408e+00
2.466299999999999937e+00,-1.549796742557194795e+00
2.466200000000000170e+00,-1.560941143340246251e+00
2.466099999999999959e+00,-1.474211867691284983e+00
2.466000000000000192e+00,-1.560098498161488045e+00
2.465899999999999981e+00,-1.562479821397180668e+00
2.465800000000000214e+00,-1.545970759478067613e+00
2.465700000000000003e+00,-1.535217528477323956e+00
2.465599999999999792e+00,-1.482425898922294927e+00
2.465500000000000025e+00,-1.554499345485834905e+00
2.465399999999999814e+00,-1.587296251039912898e+00
2.465100000000000069e+00,-1.501486476214149546e+00
2.464999999999999858e+00,-1.457631812378472391e+00
2.464900000000000091e+00,-1.495065091245984856e+00
2.464799999999999880e+00,-1.518003269903819286e+00
2.464700000000000113e+00,-1.540168071883726508e+00
2.464599999999999902e+00,-1.532965902209754150e+00
2.464500000000000135e+00,-1.511019272836813254e+00
2.464399999999999924e+00,-1.514562425521543743e+00
2.464300000000000157e+00,-1.481732902115215245e+00
2.464199999999999946e+00,-1.474999646794948660e+00
2.464100000000000179e+00,-1.477576631022449849e+00
2.463999999999999968e+00,-1.500944806825038169e+00
2.463900000000000201e+00,-1.466700276599283814e+00
2.463799999999999990e+00,-1.478640368896542379e+00
2.463699999999999779e+00,-1.495559676927443959e+00
2.463600000000000012e+00,-1.501545351480785273e+00
2.463499999999999801e+00,-1.515971652218928600e+00
2.463400000000000034e+00,-1.473340172787292790e+00
2.463299999999999823e+00,-1.490913417014782638e+00
2.463200000000000056e+00,-1.489003627673475050e+00
2.463099999999999845e+00,-1.512678495856967897e+00
2.463000000000000078e+00,-1.517138285962309485e+00
2.462899999999999867e+00,-1.479911763478111153e+00
2.462800000000000100e+00,-1.470388518715759263e+00
2.462699999999999889e+00,-1.484953791778496068e+00
2.462600000000000122e+00,-1.488312191040894517e+00
2.462499999999999911e+00,-1.488641312971298092e+00
2.462400000000000144e+00,-1.461123873605743917e+00
2.462299999999999933e+00,-1.458240831014775418e+00
2.462200000000000166e+00,-1.497226186015143234e+00
2.462099999999999955e+00,-1.491066074258058149e+00
2.462000000000000188e+00,-1.484142614532435234e+00
2.461899999999999977e+00,-1.440142117767805985e+00
2.461800000000000210e+00,-1.448177264476484538e+00
2.461699999999999999e+00,-1.460912321793824908e+00
2.461599999999999788e+00,-1.482638900840405949e+00
2.461500000000000021e+00,-1.448079549862181903e+00
2.461399999999999810e+00,-1.450651644081162317e+00
2.461199999999999832e+00,-1.422105429617223749e+00
2.461100000000000065e+00,-1.405067619733747941e+00
2.460999999999999854e+00,-1.473404877004385494e+00
2.460900000000000087e+00,-1.474045248708259148e+00
2.460799999999999876e+00,-1.460799281001608829e+00
2.460700000000000109e+00,-1.483063395820517716e+00
2.460599999999999898e+00,-1.468232195665086559e+00
2.460399999999999920e+00,-1.483927228167263079e+00
2.460300000000000153e+00,-1.497288297613402763e+00
2.460199999999999942e+00,-1.457040012046040944e+00
2.460100000000000176e+00,-1.508116344842635570e+00
2.459999999999999964e+00,-1.525721093397728101e+00
2.459900000000000198e+00,-1.512354533363358122e+00
2.459799999999999986e+00,-1.457125788137836775e+00
2.459700000000000220e+00,-1.469544905581863237e+00
2.459600000000000009e+00,-1.507759738320833431e+00
2.459499999999999797e+00,-1.512389657714799718e+00
2.459400000000000031e+00,-1.502145776312573622e+00
2.459299999999999820e+00,-1.450843122118559370e+00
2.459099999999999842e+00,-1.477711488628526970e+00
2.459000000000000075e+00,-1.458879045176426859e+00
2.458899999999999864e+00,-1.458016129090992097e+00
2.458800000000000097e+00,-1.449603559007311526e+00
2.458699999999999886e+00,-1.462637475832095246e+00
2.458600000000000119e+00,-1.469530176879024763e+00
2.458499999999999908e+00,-1.474248031316645280e+00
2.458400000000000141e+00,-1.461926446850488004e+00
2.458200000000000163e+00,-1.443079479021531331e+00
2.458099999999999952e+00,-1.469303152157585224e+00
2.458000000000000185e+00,-1.481449836929427555e+00
2.457899999999999974e+00,-1.417915300880122853e+00
2.457800000000000207e+00,-1.472730152049788410e+00
2.457500000000000018e+00,-1.463327402483489470e+00
2.457399999999999807e+00,-1.469443308560301586e+00
2.457300000000000040e+00,-1.454706527996931786e+00
2.457100000000000062e+00,-1.464404397555981063e+00
2.456999999999999851e+00,-1.454761952247125567e+00
2.456900000000000084e+00,-1.436283232181587488e+00
2.456799999999999873e+00,-1.428289930222980786e+00
2.456700000000000106e+00,-1.441625047642199897e+00
2.456599999999999895e+00,-1.441131262722324280e+00
2.456500000000000128e+00,-1.472097511954443050e+00
2.456399999999999917e+00,-1.446958551272952809e+00
2.456300000000000150e+00,-1.456571516463635252e+00
2.456199999999999939e+00,-1.469227994640916801e+00
2.456100000000000172e+00,-1.485422681657432964e+00
2.455999999999999961e+00,-1.480725564095147773e+00
2.455900000000000194e+00,-1.479854732140039042e+00
2.455799999999999983e+00,-1.458339817363000446e+00
2.455700000000000216e+00,-1.469353859001641949e+00
2.455600000000000005e+00,-1.443981063806740295e+00
2.455499999999999794e+00,-1.429309279903383079e+00
2.455400000000000027e+00,-1.451405061513380446e+00
2.455200000000000049e+00,-1.484866041784067114e+00
2.455099999999999838e+00,-1.437343216141248270e+00
2.455000000000000071e+00,-1.472021151498398961e+00
2.454899999999999860e+00,-1.439964365687975700e+00
2.454699999999999882e+00,-1.440465019550917436e+00
2.454600000000000115e+00,-1.409074459660531575e+00
2.454499999999999904e+00,-1.421170539370815611e+00
2.454400000000000137e+00,-1.446363328143893900e+00
2.454299999999999926e+00,-1.424907810257250995e+00
2.454200000000000159e+00,-1.420815049112675865e+00
2.454099999999999948e+00,-1.428023838376626387e+00
2.454000000000000181e+00,-1.442392272137668963e+00
2.453899999999999970e+00,-1.463625187278125850e+00
2.453800000000000203e+00,-1.429425169021715236e+00
2.453699999999999992e+00,-1.485595802793750364e+00
2.453599999999999781e+00,-1.486317734346548347e+00
2.453500000000000014e+00,-1.420177822338073881e+00
2.453399999999999803e+00,-1.492813465754172508e+00
2.453300000000000036e+00,-1.416873129689213195e+00
2.453199999999999825e+00,-1.427843522861774073e+00
2.453100000000000058e+00,-1.423386513236982065e+00
2.452999999999999847e+00,-1.461933171014796029e+00
2.452900000000000080e+00,-1.433678897067339975e+00
2.452799999999999869e+00,-1.412039380169964442e+00
2.452700000000000102e+00,-1.385059349108151316e+00
2.452599999999999891e+00,-1.402007587022763957e+00
2.452500000000000124e+00,-1.364126428596420748e+00
2.452399999999999913e+00,-1.370250437996486159e+00
2.452300000000000146e+00,-1.417101999808727530e+00
2.452199999999999935e+00,-1.394916546767089427e+00
2.452100000000000168e+00,-1.421642760200334088e+00
2.451900000000000190e+00,-1.361418178508200461e+00
2.451799999999999979e+00,-1.376693159355351082e+00
2.451700000000000212e+00,-1.421725239568081500e+00
2.451600000000000001e+00,-1.389253008919350885e+00
2.451499999999999790e+00,-1.408029785547701751e+00
2.451400000000000023e+00,-1.461559416028254788e+00
2.451299999999999812e+00,-1.405785536708460848e+00
2.451200000000000045e+00,-1.434099234236664744e+00
2.451099999999999834e+00,-1.381811111341758824e+00
2.451000000000000068e+00,-1.375236437304596437e+00
2.450899999999999856e+00,-1.369481702801931711e+00
2.450800000000000090e+00,-1.387855491657942197e+00
2.450699999999999878e+00,-1.394291104978972351e+00
2.450600000000000112e+00,-1.416367288863985996e+00
2.450499999999999901e+00,-1.386863199852696793e+00
2.450400000000000134e+00,-1.379156948726255383e+00
2.450200000000000156e+00,-1.392330691050470914e+00
2.450099999999999945e+00,-1.396876469236536300e+00
2.450000000000000178e+00,-1.404390310612508186e+00
2.449899999999999967e+00,-1.375374167910162759e+00
2.449800000000000200e+00,-1.372495211593460329e+00
2.449600000000000222e+00,-1.414047836190829521e+00
2.449500000000000011e+00,-1.422461058062324257e+00
2.449399999999999800e+00,-1.420706903064840709e+00
2.449300000000000033e+00,-1.423373764256898655e+00
2.449199999999999822e+00,-1.374002050003747311e+00
2.449100000000000055e+00,-1.429047435370152774e+00
2.448999999999999844e+00,-1.415116603127283046e+00
2.448799999999999866e+00,-1.362688257294656369e+00
2.448700000000000099e+00,-1.411571177487936257e+00
2.448599999999999888e+00,-1.404464837401089738e+00
2.448500000000000121e+00,-1.409380063771255687e+00
2.448399999999999910e+00,-1.428191243040086933e+00
2.448300000000000143e+00,-1.429497579030932108e+00
2.448199999999999932e+00,-1.382825774962894938e+00
2.448100000000000165e+00,-1.395207317107262535e+00
2.447999999999999954e+00,-1.391617430136923073e+00
2.447900000000000187e+00,-1.407997242621839007e+00
2.447799999999999976e+00,-1.407770218240069315e+00
2.447700000000000209e+00,-1.420394760452551308e+00
2.447499999999999787e+00,-1.418137235370260374e+00
2.447299999999999809e+00,-1.419336204755352160e+00
2.447200000000000042e+00,-1.415939832473411597e+00
2.447099999999999831e+00,-1.405334935053177414e+00
2.447000000000000064e+00,-1.434756174182531430e+00
2.446899999999999853e+00,-1.438214198297644186e+00
2.446800000000000086e+00,-1.429939039368922415e+00
2.446699999999999875e+00,-1.416660829094769536e+00
2.446499999999999897e+00,-1.408099509458049514e+00
2.446400000000000130e+00,-1.415064607990744738e+00
2.446299999999999919e+00,-1.393678937185735878e+00
2.446200000000000152e+00,-1.371895303326972737e+00
2.446099999999999941e+00,-1.362960936269075995e+00
2.446000000000000174e+00,-1.372010396824779876e+00
2.445899999999999963e+00,-1.378915653486563642e+00
2.445800000000000196e+00,-1.409771650734566784e+00
2.445699999999999985e+00,-1.373727651471714939e+00
2.445500000000000007e+00,-1.355401655151974305e+00
2.445399999999999796e+00,-1.345596192595371221e+00
2.445300000000000029e+00,-1.374091723360150397e+00
2.445199999999999818e+00,-1.384440467714427747e+00
2.444999999999999840e+00,-1.398345344161213033e+00
2.444900000000000073e+00,-1.368849810240305498e+00
2.444700000000000095e+00,-1.386144796536770363e+00
2.444599999999999884e+00,-1.382375073398056209e+00
2.444500000000000117e+00,-1.318637981139868742e+00
2.444399999999999906e+00,-1.325712183152308654e+00
2.444300000000000139e+00,-1.359755309387100874e+00
2.444100000000000161e+00,-1.370639057125919269e+00
2.443999999999999950e+00,-1.357110186316534683e+00
2.443900000000000183e+00,-1.357721380722395565e+00
2.443799999999999972e+00,-1.330431089894320795e+00
2.443700000000000205e+00,-1.369292134823245188e+00
2.443599999999999994e+00,-1.360393541677523244e+00
2.443499999999999783e+00,-1.377770674497035497e+00
2.443400000000000016e+00,-1.407817918103963173e+00
2.443299999999999805e+00,-1.365739635934999807e+00
2.443200000000000038e+00,-1.395253766468319334e+00
2.443099999999999827e+00,-1.391038963137675832e+00
2.443000000000000060e+00,-1.353650111899696640e+00
2.442899999999999849e+00,-1.367494758301571967e+00
2.442800000000000082e+00,-1.404300340021634730e+00
2.442699999999999871e+00,-1.361086682714473195e+00
2.442600000000000104e+00,-1.414097786801859824e+00
2.442499999999999893e+00,-1.438655084309880205e+00
2.442299999999999915e+00,-1.439682044023437468e+00
2.442200000000000149e+00,-1.423917833227894114e+00
2.442000000000000171e+00,-1.423359347547286324e+00
2.441899999999999959e+00,-1.402734262004161181e+00
2.441800000000000193e+00,-1.389401191271948166e+00
2.441699999999999982e+00,-1.378350509201960117e+00
2.441600000000000215e+00,-1.393291981987155648e+00
2.441500000000000004e+00,-1.401541093523552606e+00
2.441399999999999793e+00,-1.372249202940883483e+00
2.441300000000000026e+00,-1.367448170684095077e+00
2.441199999999999815e+00,-1.395256075652814509e+00
2.440999999999999837e+00,-1.396108535954240226e+00
2.440900000000000070e+00,-1.368722056572363677e+00
2.440799999999999859e+00,-1.379953940365639342e+00
2.440599999999999881e+00,-1.387119369354713916e+00
2.440500000000000114e+00,-1.395173120448400805e+00
2.440399999999999903e+00,-1.372179058388976136e+00
2.440300000000000136e+00,-1.395851249237026970e+00
2.440199999999999925e+00,-1.407728841844920531e+00
2.440100000000000158e+00,-1.382203138739781290e+00
2.439999999999999947e+00,-1.380941694268246200e+00
2.439900000000000180e+00,-1.433892564887528254e+00
2.439799999999999969e+00,-1.404606964181811746e+00
2.439700000000000202e+00,-1.445196083409974408e+00
2.439599999999999991e+00,-1.404306126189848181e+00
2.439499999999999780e+00,-1.391487996524212845e+00
2.439400000000000013e+00,-1.390327227699327484e+00
2.439299999999999802e+00,-1.397807421577718090e+00
2.439099999999999824e+00,-1.382020353095218201e+00
2.438899999999999846e+00,-1.388658131214887126e+00
2.438800000000000079e+00,-1.422793491390791143e+00
2.438699999999999868e+00,-1.426420981688906631e+00
2.438600000000000101e+00,-1.373892751900724685e+00
2.438499999999999890e+00,-1.431719703451784342e+00
2.438400000000000123e+00,-1.454115198673729070e+00
2.438299999999999912e+00,-1.429103257334608301e+00
2.438099999999999934e+00,-1.365331536838871207e+00
2.437800000000000189e+00,-1.361970956516333153e+00
2.437699999999999978e+00,-1.357646528377662865e+00
2.437600000000000211e+00,-1.328077336770132177e+00
2.437500000000000000e+00,-1.350928086733935052e+00
2.437399999999999789e+00,-1.388657114409030946e+00
2.437300000000000022e+00,-1.388284987904658818e+00
2.437100000000000044e+00,-1.367382052326984176e+00
2.436999999999999833e+00,-1.360839717564179097e+00
2.436900000000000066e+00,-1.352796176263767691e+00
2.436799999999999855e+00,-1.373332504739095183e+00
2.436700000000000088e+00,-1.340069255873551191e+00
2.436500000000000110e+00,-1.306296376162496831e+00
2.436399999999999899e+00,-1.340398532674005994e+00
2.436199999999999921e+00,-1.355316535150421497e+00
2.436100000000000154e+00,-1.369591561646793521e+00
2.435799999999999965e+00,-1.349035012023760638e+00
2.435700000000000198e+00,-1.355051123263823154e+00
2.435599999999999987e+00,-1.356067307319366755e+00
2.435500000000000220e+00,-1.352315014767433654e+00
2.435400000000000009e+00,-1.363826364345023245e+00
2.435299999999999798e+00,-1.357036396499146758e+00
2.435200000000000031e+00,-1.408654895242817950e+00
2.435099999999999820e+00,-1.327527762168940084e+00
2.435000000000000053e+00,-1.414939767990981201e+00
2.434899999999999842e+00,-1.389670300163021954e+00
2.434800000000000075e+00,-1.395311712734485843e+00
2.434699999999999864e+00,-1.365702530333650078e+00
2.434600000000000097e+00,-1.380532417072952045e+00
2.434499999999999886e+00,-1.345262007379955049e+00
2.434400000000000119e+00,-1.365417012228332672e+00
2.434200000000000141e+00,-1.326425987630366343e+00
2.434099999999999930e+00,-1.359717551637547928e+00
2.434000000000000163e+00,-1.343845019615829584e+00
2.433899999999999952e+00,-1.349163641395020985e+00
2.433800000000000185e+00,-1.308383627809375449e+00
2.433699999999999974e+00,-1.329267872880019352e+00
2.433499999999999996e+00,-1.261303908662854134e+00
2.433399999999999785e+00,-1.287746171701065867e+00
2.433300000000000018e+00,-1.292129409493280701e+00
2.433199999999999807e+00,-1.286507840552136628e+00
2.433100000000000041e+00,-1.286154934468548783e+00
2.432999999999999829e+00,-1.297049568313641599e+00
2.432900000000000063e+00,-1.286367720780448476e+00
2.432799999999999851e+00,-1.322392485734731338e+00
2.432700000000000085e+00,-1.331096529248363414e+00
2.432500000000000107e+00,-1.279953250541755239e+00
2.432399999999999896e+00,-1.291315179243954336e+00
2.432300000000000129e+00,-1.319445433636216247e+00
2.432100000000000151e+00,-1.295007149008822633e+00
2.431999999999999940e+00,-1.300691324603487020e+00
2.431900000000000173e+00,-1.302678883133030041e+00
2.431799999999999962e+00,-1.295715413259998616e+00
2.431599999999999984e+00,-1.277551380918077406e+00
2.431500000000000217e+00,-1.262424068788664755e+00
2.431400000000000006e+00,-1.258929669832728138e+00
2.431200000000000028e+00,-1.309290181311780987e+00
2.431099999999999817e+00,-1.332022806473098786e+00
2.431000000000000050e+00,-1.288181176791868721e+00
2.430800000000000072e+00,-1.355213571697954755e+00
2.430699999999999861e+00,-1.379800364473379837e+00
2.430600000000000094e+00,-1.333425704023614600e+00
2.430499999999999883e+00,-1.283827209454051710e+00
2.430400000000000116e+00,-1.327515773994186077e+00
2.430299999999999905e+00,-1.312296120444911063e+00
2.430200000000000138e+00,-1.342641997493414507e+00
2.430099999999999927e+00,-1.379341115095465309e+00
2.430000000000000160e+00,-1.361922368637094483e+00
2.429899999999999949e+00,-1.323559097120676320e+00
2.429800000000000182e+00,-1.346775461439383870e+00
2.429699999999999971e+00,-1.286399177748555056e+00
2.429399999999999782e+00,-1.377679341497332732e+00
2.429300000000000015e+00,-1.373793098607815288e+00
2.429199999999999804e+00,-1.280961379552733703e+00
2.429100000000000037e+00,-1.385925896592657303e+00
2.428999999999999826e+00,-1.381187969968361573e+00
2.428900000000000059e+00,-1.359240107707843759e+00
2.428799999999999848e+00,-1.258057619411617312e+00
2.428700000000000081e+00,-1.321047512278621161e+00
2.428599999999999870e+00,-1.334136753722921398e+00
2.428500000000000103e+00,-1.367652200703417975e+00
2.428399999999999892e+00,-1.368347095750694464e+00
2.428199999999999914e+00,-1.340937857171719427e+00
2.428100000000000147e+00,-1.329679629783289130e+00
2.427900000000000169e+00,-1.263491419888030931e+00
2.427799999999999958e+00,-1.330018848903183448e+00
2.427500000000000213e+00,-1.252824192158469296e+00
2.427400000000000002e+00,-1.327096264583317753e+00
2.427299999999999791e+00,-1.330881637301483122e+00
2.427200000000000024e+00,-1.319496952019221903e+00
2.427099999999999813e+00,-1.328530392269390292e+00
2.427000000000000046e+00,-1.368999570551055367e+00
2.426899999999999835e+00,-1.374120216155252816e+00
2.426699999999999857e+00,-1.396430859063588992e+00
2.426600000000000090e+00,-1.358367455110329747e+00
2.426499999999999879e+00,-1.353489163705623000e+00
2.426400000000000112e+00,-1.270146999018039846e+00
2.426200000000000134e+00,-1.364123051131533204e+00
2.426099999999999923e+00,-1.358103910725034780e+00
2.426000000000000156e+00,-1.262361359654490256e+00
2.425899999999999945e+00,-1.382059499778227174e+00
2.425800000000000178e+00,-1.362305633087240953e+00
2.425699999999999967e+00,-1.338128272011622544e+00
2.425600000000000200e+00,-1.354799408638919900e+00
2.425499999999999989e+00,-1.358248008562147779e+00
2.425399999999999778e+00,-1.373535644098541342e+00
2.425199999999999800e+00,-1.355833699588832930e+00
2.425100000000000033e+00,-1.353715488718715720e+00
2.424999999999999822e+00,-1.273088596867133271e+00
2.424900000000000055e+00,-1.304588460719754650e+00
2.424799999999999844e+00,-1.316710641411766192e+00
2.424700000000000077e+00,-1.265835580656501147e+00
2.424500000000000099e+00,-1.304289811700741542e+00
2.424399999999999888e+00,-1.309039380611022318e+00
2.424300000000000122e+00,-1.279315289231608865e+00
2.424100000000000144e+00,-1.362278146027563919e+00
2.423999999999999932e+00,-1.362491782836631860e+00
2.423900000000000166e+00,-1.363482275222463791e+00
2.423799999999999955e+00,-1.352610114885082870e+00
2.423599999999999977e+00,-1.334434748827056483e+00
2.423500000000000210e+00,-1.323806198071748597e+00
2.423299999999999788e+00,-1.255845044654960496e+00
2.423200000000000021e+00,-1.336621220125299603e+00
2.423000000000000043e+00,-1.212159244271373115e+00
2.422899999999999832e+00,-1.322742931578624992e+00
2.422800000000000065e+00,-1.324383181002344312e+00
2.422600000000000087e+00,-1.347901638935281809e+00
2.422499999999999876e+00,-1.345309822068730288e+00
2.422400000000000109e+00,-1.338248114607343719e+00
2.422200000000000131e+00,-1.354724352474077520e+00
2.422099999999999920e+00,-1.345054888042388708e+00
2.422000000000000153e+00,-1.215446557480083234e+00
2.421899999999999942e+00,-1.366045718907194839e+00
2.421800000000000175e+00,-1.310406433201768861e+00
2.421600000000000197e+00,-1.197044799409780147e+00
2.421499999999999986e+00,-1.304442165980628010e+00
2.421400000000000219e+00,-1.325287892310644366e+00
2.421300000000000008e+00,-1.302248722398371861e+00
2.421199999999999797e+00,-1.330679925244161232e+00
2.421100000000000030e+00,-1.330482754037694226e+00
2.420999999999999819e+00,-1.319838751298704871e+00
2.420900000000000052e+00,-1.322417445355451582e+00
2.420700000000000074e+00,-1.333371102760888993e+00
2.420599999999999863e+00,-1.180782250142912382e+00
2.420500000000000096e+00,-1.290488271539448339e+00
2.420399999999999885e+00,-1.318803631477597049e+00
2.420100000000000140e+00,-1.323402118117767756e+00
2.419999999999999929e+00,-1.209800014606988716e+00
2.419799999999999951e+00,-1.331339331771372425e+00
2.419700000000000184e+00,-1.353236859443396556e+00
2.419599999999999973e+00,-1.218403463808356957e+00
2.419500000000000206e+00,-1.335678307581595448e+00
2.419399999999999995e+00,-1.306982036872595954e+00
2.419299999999999784e+00,-1.274989208529023754e+00
2.419000000000000039e+00,-1.237899452131529854e+00
2.418899999999999828e+00,-1.263339163906336937e+00
2.418800000000000061e+00,-1.245880036965913318e+00
2.418699999999999850e+00,-1.229429394182762536e+00
2.418600000000000083e+00,-1.272690672171334914e+00
2.418400000000000105e+00,-1.283905003388974064e+00
2.418299999999999894e+00,-1.253675038833204081e+00
2.418200000000000127e+00,-1.266361190787918201e+00
2.418000000000000149e+00,-1.303733350009454117e+00
2.417899999999999938e+00,-1.287540848567895857e+00
2.417800000000000171e+00,-1.267992472616503052e+00
2.417699999999999960e+00,-1.199947265088192605e+00
2.417499999999999982e+00,-1.249821043885872340e+00
2.417400000000000215e+00,-1.250218735593974673e+00
2.417300000000000004e+00,-1.195644153711961533e+00
2.417199999999999793e+00,-1.280402366050622076e+00
2.416999999999999815e+00,-1.271483402673313501e+00
2.416799999999999837e+00,-1.233321670337638620e+00
2.416599999999999859e+00,-1.269759992386654268e+00
2.416399999999999881e+00,-1.266296585604952618e+00
2.416199999999999903e+00,-1.286032781266802427e+00
2.416100000000000136e+00,-1.280868543580165442e+00
2.415999999999999925e+00,-1.266468265933521575e+00
2.415900000000000158e+00,-1.217087071983557589e+00
2.415799999999999947e+00,-1.267056725362948333e+00
2.415700000000000180e+00,-1.258651288619009323e+00
2.415500000000000203e+00,-1.253582844756959247e+00
2.415399999999999991e+00,-1.198303661018159882e+00
2.415299999999999780e+00,-1.302235189745205357e+00
2.415099999999999802e+00,-1.305075320777210557e+00
2.414899999999999824e+00,-1.278631916397767299e+00
2.414800000000000058e+00,-1.275758434478042158e+00
2.414699999999999847e+00,-1.278255733973905794e+00
2.414499999999999869e+00,-1.292969152086906215e+00
2.414400000000000102e+00,-1.311797950208901886e+00
2.414299999999999891e+00,-1.219114831406149069e+00
2.414099999999999913e+00,-1.272594190534636072e+00
2.414000000000000146e+00,-1.263188571076724331e+00
2.413899999999999935e+00,-1.261958150675871693e+00
2.413699999999999957e+00,-1.221959616913830704e+00
2.413600000000000190e+00,-1.274039973781968538e+00
2.413499999999999979e+00,-1.292735811396299672e+00
2.413400000000000212e+00,-1.307958139394648223e+00
2.413300000000000001e+00,-1.298823722226528643e+00
2.413199999999999790e+00,-1.227199631148069514e+00
2.413100000000000023e+00,-1.304408420587039208e+00
2.412900000000000045e+00,-1.280026715826695805e+00
2.412799999999999834e+00,-1.241897276332143418e+00
2.412700000000000067e+00,-1.253646551866967718e+00
2.412500000000000089e+00,-1.264607419477125738e+00
2.412399999999999878e+00,-1.264767689551182572e+00
2.412300000000000111e+00,-1.243964099137753632e+00
2.412100000000000133e+00,-1.291163084848130804e+00
2.411999999999999922e+00,-1.282315606816503362e+00
2.411900000000000155e+00,-1.232125658870907969e+00
2.411799999999999944e+00,-1.293146994677928818e+00
2.411700000000000177e+00,-1.258393839890332710e+00
2.411500000000000199e+00,-1.227899776409346666e+00
2.411399999999999988e+00,-1.206462990967997140e+00
2.411200000000000010e+00,-1.248792721629987890e+00
2.411000000000000032e+00,-1.235577838212191359e+00
2.410800000000000054e+00,-1.268702951022233183e+00
2.410600000000000076e+00,-1.278457315545761697e+00
2.410499999999999865e+00,-1.205130721045727826e+00
2.410299999999999887e+00,-1.257624868514586325e+00
2.410200000000000120e+00,-1.249686898913116462e+00
2.410099999999999909e+00,-1.254380269515302793e+00
2.410000000000000142e+00,-1.221899865978988364e+00
2.409800000000000164e+00,-1.243330788186871594e+00
2.409699999999999953e+00,-1.271151480262944666e+00
2.409600000000000186e+00,-1.253275245238901991e+00
2.409400000000000208e+00,-1.236698518268151137e+00
2.409199999999999786e+00,-1.252260460566268163e+00
2.409100000000000019e+00,-1.279824141023387929e+00
2.408900000000000041e+00,-1.261577787256356276e+00
2.408700000000000063e+00,-1.263903853201703953e+00
2.408599999999999852e+00,-1.262173837829512424e+00
2.408500000000000085e+00,-1.221202021313124275e+00
2.408399999999999874e+00,-1.256841556613154776e+00
2.407999999999999918e+00,-1.195513310491328474e+00
2.407700000000000173e+00,-1.211301163485606791e+00
2.407599999999999962e+00,-1.208129527206043274e+00
2.407399999999999984e+00,-1.205456409419177088e+00
2.407300000000000217e+00,-1.182621629408197483e+00
2.407099999999999795e+00,-1.166963336890437519e+00
2.407000000000000028e+00,-1.190592988807581687e+00
2.406899999999999817e+00,-1.203756876533615960e+00
2.406800000000000050e+00,-1.173851285040132142e+00
2.406699999999999839e+00,-1.183463800654761311e+00
2.406600000000000072e+00,-1.180532620380348341e+00
2.406499999999999861e+00,-1.182434864976239508e+00
2.406400000000000095e+00,-1.195438107070819322e+00
2.406299999999999883e+00,-1.210677502341784839e+00
2.406200000000000117e+00,-1.212777613153861012e+00
2.406099999999999905e+00,-1.217291349951796331e+00
2.405899999999999928e+00,-1.177230119614046666e+00
2.405800000000000161e+00,-1.197996378106067183e+00
2.405499999999999972e+00,-1.187634883731349289e+00
2.405299999999999994e+00,-1.181985573582631899e+00
2.405100000000000016e+00,-1.177145069800392019e+00
2.404999999999999805e+00,-1.166018830385984417e+00
2.404799999999999827e+00,-1.186513245120712989e+00
2.404700000000000060e+00,-1.215278075977050287e+00
2.404599999999999849e+00,-1.181487127641166035e+00
2.404500000000000082e+00,-1.155383745598571821e+00
2.404399999999999871e+00,-1.204750915206930229e+00
2.404300000000000104e+00,-1.223789555974790000e+00
2.404199999999999893e+00,-1.204429244032467761e+00
2.404100000000000126e+00,-1.197742727980033894e+00
2.403999999999999915e+00,-1.169714844485121308e+00
2.403799999999999937e+00,-1.210206119561536120e+00
2.403700000000000170e+00,-1.212878107414126827e+00
2.403500000000000192e+00,-1.191491069528309632e+00
2.403300000000000214e+00,-1.197429625850957802e+00
2.403099999999999792e+00,-1.172143995077862710e+00
2.403000000000000025e+00,-1.190255204542613132e+00
2.402699999999999836e+00,-1.189101318636127669e+00
2.402600000000000069e+00,-1.194964666330951886e+00
2.402499999999999858e+00,-1.217507243418984197e+00
2.402299999999999880e+00,-1.167420538115797379e+00
2.402099999999999902e+00,-1.140464666427205787e+00
2.402000000000000135e+00,-1.216331651600517594e+00
2.401699999999999946e+00,-1.194381470271711709e+00
2.401600000000000179e+00,-1.161503008546924898e+00
2.401299999999999990e+00,-1.123306790266551225e+00
2.401199999999999779e+00,-1.156789077366628726e+00
2.400999999999999801e+00,-1.199502645874957585e+00
2.400799999999999823e+00,-1.151428034927700850e+00
2.400700000000000056e+00,-1.156812937915061790e+00
2.400599999999999845e+00,-1.156613086947255731e+00
2.400399999999999867e+00,-1.158542704426295256e+00
2.400300000000000100e+00,-1.149278584512258172e+00
2.400199999999999889e+00,-1.161544725787524213e+00
2.400100000000000122e+00,-1.144913797968124758e+00
2.399999999999999911e+00,-1.174435957355685733e+00
2.399900000000000144e+00,-1.174293346122966986e+00
2.399700000000000166e+00,-1.187970565796631739e+00
2.399599999999999955e+00,-1.169175656937256003e+00
2.399399999999999977e+00,-1.215010549711478482e+00
2.399199999999999999e+00,-1.203921444372637817e+00
2.399099999999999788e+00,-1.148982245994124129e+00
2.399000000000000021e+00,-1.184377017282144839e+00
2.398899999999999810e+00,-1.201150679032946034e+00
2.398699999999999832e+00,-1.202187897204193279e+00
2.398600000000000065e+00,-1.143410470161180026e+00
2.398400000000000087e+00,-1.205132901219325925e+00
2.398299999999999876e+00,-1.179089505401074600e+00
2.398099999999999898e+00,-1.167606401860201260e+00
2.397899999999999920e+00,-1.197226203150441703e+00
2.397800000000000153e+00,-1.190315697435209374e+00
2.397699999999999942e+00,-1.191775938802139390e+00
2.397600000000000176e+00,-1.211696611140697044e+00
2.397499999999999964e+00,-1.217315287564344040e+00
2.397299999999999986e+00,-1.198518063189220273e+00
2.397100000000000009e+00,-1.186143000022916283e+00
2.396999999999999797e+00,-1.169465799119801419e+00
2.396900000000000031e+00,-1.181154547155163437e+00
2.396700000000000053e+00,-1.160422248612296814e+00
2.396599999999999842e+00,-1.147525475283248442e+00
2.396500000000000075e+00,-1.152121215512941665e+00
2.396399999999999864e+00,-1.172965650194247145e+00
2.396300000000000097e+00,-1.139458252495282764e+00
2.396199999999999886e+00,-1.158814044821586675e+00
2.396100000000000119e+00,-1.170880370347880062e+00
2.395900000000000141e+00,-1.149003502873063409e+00
2.395700000000000163e+00,-1.141347938809177176e+00
2.395500000000000185e+00,-1.124220814001548829e+00
2.395300000000000207e+00,-1.141107392952289246e+00
2.395199999999999996e+00,-1.136583230663869903e+00
2.395000000000000018e+00,-1.204217581162640993e+00
2.394899999999999807e+00,-1.197314437742600601e+00
2.394800000000000040e+00,-1.212632704965504349e+00
2.394699999999999829e+00,-1.229084414073287945e+00
2.394600000000000062e+00,-1.141534034090245786e+00
2.394200000000000106e+00,-1.184593949142553893e+00
2.394099999999999895e+00,-1.120177288137886862e+00
2.393899999999999917e+00,-1.189470535702553233e+00
2.393800000000000150e+00,-1.200400832847324795e+00
2.393699999999999939e+00,-1.208836716467534211e+00
2.393600000000000172e+00,-1.222343587574522772e+00
2.393499999999999961e+00,-1.192664752872442779e+00
2.393400000000000194e+00,-1.180453088333059286e+00
2.393200000000000216e+00,-1.202817873176839969e+00
2.393100000000000005e+00,-1.168592996874740386e+00
2.392999999999999794e+00,-1.117639017034818050e+00
2.392799999999999816e+00,-1.153501652874149963e+00
2.392599999999999838e+00,-1.164291788592532795e+00
2.392500000000000071e+00,-1.125842668670863578e+00
2.392399999999999860e+00,-1.148177105869110592e+00
2.392300000000000093e+00,-1.161704446186670570e+00
2.392100000000000115e+00,-1.135927285422040356e+00
2.391999999999999904e+00,-1.137681297081784226e+00
2.391700000000000159e+00,-1.158487620687162822e+00
2.391599999999999948e+00,-1.144969222164607059e+00
2.391500000000000181e+00,-1.103419442205358703e+00
2.391199999999999992e+00,-1.130252642381809114e+00
2.391099999999999781e+00,-1.134986169138221701e+00
2.391000000000000014e+00,-1.146712862749301953e+00
2.390800000000000036e+00,-1.139322547566738342e+00
2.390699999999999825e+00,-1.168068840255199969e+00
2.390600000000000058e+00,-1.135038532448524151e+00
2.390400000000000080e+00,-1.184494990258974978e+00
2.390000000000000124e+00,-1.127085675183166158e+00
2.389800000000000146e+00,-1.179140726549751328e+00
2.389499999999999957e+00,-1.154713529444685971e+00
2.389400000000000190e+00,-1.141609910403811323e+00
2.389100000000000001e+00,-1.116101851319920346e+00
2.388999999999999790e+00,-1.127201829652889398e+00
2.388799999999999812e+00,-1.141364451441541084e+00
2.388599999999999834e+00,-1.111940206862489511e+00
2.388500000000000068e+00,-1.095634047531234057e+00
2.388199999999999878e+00,-1.121442120665880449e+00
2.388100000000000112e+00,-1.143911968109687205e+00
2.387900000000000134e+00,-1.113812714984441898e+00
2.387599999999999945e+00,-1.113845461368648593e+00
2.387500000000000178e+00,-1.076093522502834521e+00
2.387300000000000200e+00,-1.109951385272782032e+00
2.387000000000000011e+00,-1.127612687479686127e+00
2.386800000000000033e+00,-1.077944813812799163e+00
2.386600000000000055e+00,-1.131301935224440669e+00
2.386499999999999844e+00,-1.128276911786579406e+00
2.386099999999999888e+00,-1.127867386005671380e+00
2.386000000000000121e+00,-1.094050462740374652e+00
2.385800000000000143e+00,-1.098189671257200350e+00
2.385699999999999932e+00,-1.110453727056967654e+00
2.385499999999999954e+00,-1.083855010932050389e+00
2.385299999999999976e+00,-1.073061765416178481e+00
2.385099999999999998e+00,-1.103971206511088266e+00
2.384900000000000020e+00,-1.097804170229615961e+00
2.384799999999999809e+00,-1.078201771467605985e+00
2.384700000000000042e+00,-1.112111192964242434e+00
2.384599999999999831e+00,-1.098183161123362117e+00
2.384300000000000086e+00,-1.119584252852554807e+00
2.383999999999999897e+00,-1.122520825126054334e+00
2.383700000000000152e+00,-1.092372688760124833e+00
2.383599999999999941e+00,-1.084005340604588641e+00
2.383500000000000174e+00,-1.090502511960113274e+00
2.383300000000000196e+00,-1.100762801833823135e+00
2.383100000000000218e+00,-1.096385376193496519e+00
2.382800000000000029e+00,-1.085667333828319370e+00
2.382600000000000051e+00,-1.054404179105837835e+00
2.382499999999999840e+00,-1.079920414364179848e+00
2.382400000000000073e+00,-1.048847182579448312e+00
2.382299999999999862e+00,-1.076135244004001734e+00
2.382000000000000117e+00,-1.088634344055495751e+00
2.381800000000000139e+00,-1.074683925120526906e+00
2.381600000000000161e+00,-1.076187130893491606e+00
2.381400000000000183e+00,-1.068564248134056038e+00
2.381200000000000205e+00,-1.119310025854023838e+00
2.380900000000000016e+00,-1.125718217017410483e+00
2.380700000000000038e+00,-1.079693672626424572e+00
2.380399999999999849e+00,-1.094551731149794316e+00
2.380300000000000082e+00,-1.108751425896387532e+00
2.380199999999999871e+00,-1.078336985677399884e+00
2.379900000000000126e+00,-1.085928618398601220e+00
2.379399999999999959e+00,-1.118734279174828705e+00
2.379300000000000193e+00,-1.114534009764942768e+00
2.379100000000000215e+00,-1.066566524942236915e+00
2.379000000000000004e+00,-1.099387519812918601e+00
2.378899999999999793e+00,-1.105245272936756118e+00
2.378800000000000026e+00,-1.123218781568608993e+00
2.378600000000000048e+00,-1.110548047488077117e+00
2.378499999999999837e+00,-1.045726062902461395e+00
2.378299999999999859e+00,-1.059534714105284436e+00
2.378200000000000092e+00,-1.052007967761040330e+00
2.378000000000000114e+00,-1.027218466270697350e+00
2.377800000000000136e+00,-1.052562177098143481e+00
2.377600000000000158e+00,-1.054579866248883224e+00
2.377400000000000180e+00,-1.065639146689357108e+00
2.377299999999999969e+00,-1.054440556179716992e+00
2.377099999999999991e+00,-1.067815299453291678e+00
2.376999999999999780e+00,-1.049407237216359867e+00
2.376799999999999802e+00,-1.023922178037834474e+00
2.376700000000000035e+00,-1.043078296071326516e+00
2.376500000000000057e+00,-1.051055888247115044e+00
2.376399999999999846e+00,-1.020313236147667446e+00
2.376300000000000079e+00,-1.067635500785714120e+00
2.376199999999999868e+00,-1.082691959618546251e+00
2.375999999999999890e+00,-1.075961029876199015e+00
2.375799999999999912e+00,-1.064753146031447217e+00
2.375599999999999934e+00,-1.065169442564370073e+00
2.375399999999999956e+00,-1.067779667408624400e+00
2.375300000000000189e+00,-1.001219800058055664e+00
2.375000000000000000e+00,-1.100570210180260800e+00
2.374899999999999789e+00,-1.080862240750894987e+00
2.374800000000000022e+00,-1.089918522256426048e+00
2.374699999999999811e+00,-9.839569193309440909e-01
2.374600000000000044e+00,-1.064643435327340626e+00
2.374499999999999833e+00,-1.036117893126169864e+00
2.374299999999999855e+00,-1.037472886925971283e+00
2.374099999999999877e+00,-1.037281344718485654e+00
2.373899999999999899e+00,-1.043966258253538726e+00
2.373800000000000132e+00,-1.050361432643719173e+00
2.373600000000000154e+00,-1.065276510444322700e+00
2.373499999999999943e+00,-9.956125368575097223e-01
2.373400000000000176e+00,-1.043628191832370655e+00
2.373200000000000198e+00,-1.027360329244018988e+00
2.373000000000000220e+00,-1.038740240352298727e+00
2.372900000000000009e+00,-1.001700591993877065e+00
2.372399999999999842e+00,-1.024170118625296722e+00
2.372199999999999864e+00,-1.039264867938030301e+00
2.371900000000000119e+00,-1.028397126028208985e+00
2.371799999999999908e+00,-1.021070137520018628e+00
2.371700000000000141e+00,-9.829125218414024312e-01
2.371399999999999952e+00,-1.027949051898976673e+00
2.371300000000000185e+00,-1.026428678233383796e+00
2.371100000000000207e+00,-9.890744729060784168e-01
2.370899999999999785e+00,-1.017553875947178499e+00
2.370800000000000018e+00,-9.966878129121642393e-01
2.370600000000000041e+00,-1.001814563769730659e+00
2.370499999999999829e+00,-1.005319608918687324e+00
2.370299999999999851e+00,-1.053336601226613878e+00
2.370200000000000085e+00,-1.057496360928672052e+00
2.370000000000000107e+00,-9.981991089921121718e-01
2.369899999999999896e+00,-1.063449510632771489e+00
2.369699999999999918e+00,-1.069524255873375074e+00
2.369600000000000151e+00,-1.032261685190516864e+00
2.369499999999999940e+00,-1.009294969755774707e+00
2.369200000000000195e+00,-1.024997262043594759e+00
2.369000000000000217e+00,-1.028400993983470624e+00
2.368799999999999795e+00,-1.023435623276206297e+00
2.368500000000000050e+00,-1.019336429075243355e+00
2.368399999999999839e+00,-1.002686584318166041e+00
2.368300000000000072e+00,-1.008861193080301533e+00
2.368199999999999861e+00,-1.008412760571510525e+00
2.367999999999999883e+00,-9.997425306525544730e-01
2.367900000000000116e+00,-1.023120859777997715e+00
2.367799999999999905e+00,-9.915571057192950066e-01
2.367700000000000138e+00,-1.019739345127544938e+00
2.367599999999999927e+00,-1.010412705011558332e+00
2.367199999999999971e+00,-1.013580483451553160e+00
2.367100000000000204e+00,-9.601268047116761073e-01
2.366899999999999782e+00,-9.768186689410734980e-01
2.366699999999999804e+00,-9.778210666396437434e-01
2.366600000000000037e+00,-9.908119235792125501e-01
2.366400000000000059e+00,-1.005802862115001028e+00
2.366299999999999848e+00,-1.023799297363795713e+00
2.366200000000000081e+00,-9.967016792527052527e-01
2.366000000000000103e+00,-9.934595628183131577e-01
2.365899999999999892e+00,-9.671167220690578548e-01
2.365699999999999914e+00,-9.917611737758884605e-01
2.365299999999999958e+00,-9.754639179869027954e-01
2.365200000000000191e+00,-9.627964923516856288e-01
2.365000000000000213e+00,-9.554190509462532344e-01
2.364700000000000024e+00,-9.783366153095444107e-01
2.364599999999999813e+00,-9.605201479832587985e-01
2.364399999999999835e+00,-9.776198897177776903e-01
2.364300000000000068e+00,-9.825200797709386924e-01
2.364199999999999857e+00,-9.910408756840134448e-01
2.364100000000000090e+00,-9.932113362520582633e-01
2.363900000000000112e+00,-9.609169107606223559e-01
2.363799999999999901e+00,-9.955613480775153956e-01
2.363700000000000134e+00,-9.856441770600931074e-01
2.363300000000000178e+00,-9.387994825186228853e-01
2.363199999999999967e+00,-9.561368743153143557e-01
2.362800000000000011e+00,-9.370347902465815393e-01
2.362699999999999800e+00,-9.728316934026413065e-01
2.362400000000000055e+00,-9.730374072108253225e-01
2.362299999999999844e+00,-9.569712266577385940e-01
2.362200000000000077e+00,-9.463325074114247171e-01
2.362000000000000099e+00,-9.588050301352103455e-01
2.361899999999999888e+00,-9.592012127974947067e-01
2.361499999999999932e+00,-9.657604872093540349e-01
2.361299999999999955e+00,-9.492476477622815434e-01
2.361200000000000188e+00,-9.543327682526390188e-01
2.361099999999999977e+00,-9.634021547732900537e-01
2.360899999999999999e+00,-9.701331939791172365e-01
2.360799999999999788e+00,-9.587412972856136362e-01
2.360599999999999810e+00,-9.564005912906116125e-01
2.360500000000000043e+00,-9.512252639061729020e-01
2.360199999999999854e+00,-9.505514822516578644e-01
2.360100000000000087e+00,-9.545103617189607537e-01
2.359999999999999876e+00,-9.599383134890893121e-01
2.359900000000000109e+00,-9.398289554987063754e-01
2.359500000000000153e+00,-9.573171876769894784e-01
2.359399999999999942e+00,-9.861784436633602713e-01
2.359100000000000197e+00,-9.405159526621603705e-01
2.358999999999999986e+00,-9.405866433124555614e-01
2.358699999999999797e+00,-9.637262617330933923e-01
2.358499999999999819e+00,-9.468338088584795642e-01
2.358400000000000052e+00,-9.560691064132604833e-01
2.358200000000000074e+00,-9.579764539367155995e-01
2.357899999999999885e+00,-9.687646411760033605e-01
2.357699999999999907e+00,-9.308526763627481548e-01
2.357400000000000162e+00,-9.814166615601440657e-01
2.357299999999999951e+00,-9.844618797941444566e-01
2.357099999999999973e+00,-9.685099815360566078e-01
2.356899999999999995e+00,-9.530792499534094242e-01
2.356700000000000017e+00,-9.118281675397216235e-01
2.356599999999999806e+00,-9.161217805279606718e-01
2.356500000000000039e+00,-9.297554183166061303e-01
2.356300000000000061e+00,-9.421328673652005214e-01
2.356100000000000083e+00,-9.236203146608181758e-01
2.355900000000000105e+00,-9.192708621403623548e-01
2.355599999999999916e+00,-9.441723708176076313e-01
2.355500000000000149e+00,-9.422377161107282628e-01
2.355199999999999960e+00,-9.300391307973717714e-01
2.354900000000000215e+00,-9.302950717786275803e-01
2.354800000000000004e+00,-9.078836476358268515e-01
2.354499999999999815e+00,-9.509690068959433251e-01
2.354400000000000048e+00,-9.544931866401537013e-01
2.354200000000000070e+00,-9.220289836826736085e-01
2.354099999999999859e+00,-9.169245709512042763e-01
2.354000000000000092e+00,-9.054786698482926166e-01
2.353899999999999881e+00,-9.121184864760607525e-01
2.353600000000000136e+00,-9.022077109939984352e-01
2.353400000000000158e+00,-9.403383361042839672e-01
2.353000000000000203e+00,-9.321698762217427436e-01
2.352899999999999991e+00,-8.895526965493893989e-01
2.352500000000000036e+00,-8.705331468502296444e-01
2.352399999999999824e+00,-9.158657983627648269e-01
2.352300000000000058e+00,-8.743289762218418026e-01
2.351900000000000102e+00,-8.587664000937571540e-01
2.351799999999999891e+00,-8.676235290686670210e-01
2.351700000000000124e+00,-9.128743830382878288e-01
2.351500000000000146e+00,-8.853849652486894817e-01
2.351399999999999935e+00,-8.817290488909775847e-01
2.351199999999999957e+00,-8.952975155333657842e-01
2.351100000000000190e+00,-8.923893423890081333e-01
2.350800000000000001e+00,-9.317537123125496645e-01
2.350699999999999790e+00,-9.390736281733245150e-01
2.350400000000000045e+00,-9.454239683100509328e-01
2.350200000000000067e+00,-9.538247962419168502e-01
2.349800000000000111e+00,-8.750947712879604268e-01
2.349600000000000133e+00,-9.193470885860474118e-01
2.349499999999999922e+00,-8.992274817359174888e-01
2.349299999999999944e+00,-9.226863155856017684e-01
2.349200000000000177e+00,-8.892077345583858650e-01
2.349000000000000199e+00,-9.061384913148541331e-01
2.348800000000000221e+00,-9.176911919103226678e-01
2.348700000000000010e+00,-9.093174213671215700e-01
2.348500000000000032e+00,-9.263900758048684292e-01
2.348399999999999821e+00,-9.173934679675144199e-01
2.348199999999999843e+00,-8.971749288419483825e-01
2.347999999999999865e+00,-8.865987892312486851e-01
2.347799999999999887e+00,-8.861244992983997593e-01
2.347599999999999909e+00,-8.592536179293647214e-01
2.347300000000000164e+00,-9.168855279606189512e-01
2.347100000000000186e+00,-8.607880665162208622e-01
2.346799999999999997e+00,-8.868530661327798104e-01
2.346699999999999786e+00,-9.266368910366626910e-01
2.346200000000000063e+00,-8.916975689719428555e-01
2.346099999999999852e+00,-9.315592414723371517e-01
2.345899999999999874e+00,-8.923990604340834576e-01
2.345400000000000151e+00,-8.689807262996993575e-01
2.345200000000000173e+00,-8.969167592676012823e-01
2.344800000000000217e+00,-9.089571069525320679e-01
2.344599999999999795e+00,-8.769079527778077532e-01
2.344300000000000050e+00,-9.224357382800820737e-01
2.344100000000000072e+00,-8.861509997838863395e-01
2.343999999999999861e+00,-8.766249081912542707e-01
2.343700000000000117e+00,-9.241570904029022815e-01
2.343300000000000161e+00,-8.373790400891325536e-01
2.343100000000000183e+00,-8.288180588493336831e-01
2.342999999999999972e+00,-9.146096115203277144e-01
2.342900000000000205e+00,-8.224831021631968664e-01
2.342600000000000016e+00,-8.454218356255572830e-01
2.342099999999999849e+00,-8.363588399134049833e-01
2.342000000000000082e+00,-8.562960792497797957e-01
2.341800000000000104e+00,-9.370927062824808695e-01
2.341600000000000126e+00,-8.631959401130852028e-01
2.341400000000000148e+00,-8.534435855496804724e-01
2.341200000000000170e+00,-9.219004761894418198e-01
2.341000000000000192e+00,-8.590286681694169202e-01
2.340800000000000214e+00,-8.613092992396098602e-01
2.340399999999999814e+00,-8.573912416356445076e-01
2.340100000000000069e+00,-8.562414107022263687e-01
2.339900000000000091e+00,-8.377438929963940684e-01
2.339799999999999880e+00,-9.282993835380525249e-01
2.339500000000000135e+00,-8.386294413911636880e-01
2.339300000000000157e+00,-8.468193298210093811e-01
2.339199999999999946e+00,-9.360096534597948104e-01
2.338799999999999990e+00,-8.639182350864832438e-01
2.338600000000000012e+00,-8.940098171050965270e-01
2.338299999999999823e+00,-9.309995306940044291e-01
2.338000000000000078e+00,-8.961540434980659331e-01
2.337899999999999867e+00,-9.333209316571278169e-01
2.337600000000000122e+00,-8.706181940426084287e-01
2.337400000000000144e+00,-8.586529070459848478e-01
2.337299999999999933e+00,-9.468702521659224658e-01
2.337200000000000166e+00,-8.692023351459035041e-01
2.336699999999999999e+00,-8.786763414996359156e-01
2.336500000000000021e+00,-8.399300244668617133e-01
2.336300000000000043e+00,-8.490636007646608086e-01
2.336199999999999832e+00,-8.525728182558200974e-01
2.335900000000000087e+00,-9.171706064105278333e-01
2.335799999999999876e+00,-8.436844045861535690e-01
2.335700000000000109e+00,-8.537460476612870330e-01
2.335300000000000153e+00,-9.002193022029058023e-01
2.335100000000000176e+00,-8.883223167608853554e-01
2.334700000000000220e+00,-8.860200066375216732e-01
2.334600000000000009e+00,-8.813048613281679877e-01
2.334499999999999797e+00,-8.518734166493985294e-01
2.334099999999999842e+00,-8.367013296824155066e-01
2.333899999999999864e+00,-8.207443027256899892e-01
2.333499999999999908e+00,-8.468930537340948472e-01
2.333400000000000141e+00,-8.862470231183958713e-01
2.333200000000000163e+00,-8.529125928100588228e-01
2.332800000000000207e+00,-8.984654213592229155e-01
2.332699999999999996e+00,-8.512146998301134415e-01
2.332300000000000040e+00,-8.569709473662048271e-01
2.332100000000000062e+00,-9.088087853629731594e-01
2.331799999999999873e+00,-8.461653465974445787e-01
2.331599999999999895e+00,-8.627985224860662550e-01
2.331100000000000172e+00,-8.668740041011847586e-01
2.330900000000000194e+00,-8.812674936416187155e-01
2.330799999999999983e+00,-8.346978667372190186e-01
2.330299999999999816e+00,-8.536245235852418789e-01
2.330200000000000049e+00,-8.986929227088393812e-01
2.330099999999999838e+00,-8.720433835621328456e-01
2.329600000000000115e+00,-8.510787245322517514e-01
2.329400000000000137e+00,-8.474624503577825596e-01
2.329000000000000181e+00,-8.751919590652308401e-01
2.328899999999999970e+00,-8.509105079841823294e-01
2.328699999999999992e+00,-8.365099920002588840e-01
2.328300000000000036e+00,-8.740423903522663851e-01
2.328100000000000058e+00,-8.071523641865231413e-01
2.327599999999999891e+00,-8.941612403839602763e-01
2.327399999999999913e+00,-7.985614472023027099e-01
2.326999999999999957e+00,-8.330793554992520500e-01
2.326700000000000212e+00,-8.411903360452249734e-01
2.326200000000000045e+00,-8.450486910894540182e-01
2.326000000000000068e+00,-8.010782468669853662e-01
2.325499999999999901e+00,-8.337159191853029672e-01
2.325200000000000156e+00,-8.067265070997760024e-01
2.324899999999999967e+00,-8.275495615154248030e-01
2.324800000000000200e+00,-7.922214899708756031e-01
2.324500000000000011e+00,-8.065343371682458518e-01
2.323999999999999844e+00,-8.079403259258697290e-01
2.323799999999999866e+00,-7.945165373685753041e-01
2.323399999999999910e+00,-8.201992931435204692e-01
2.323300000000000143e+00,-7.831014652556755884e-01
2.323100000000000165e+00,-7.869722358712534227e-01
2.322799999999999976e+00,-7.972587130470297767e-01
2.322499999999999787e+00,-7.585197075521756815e-01
2.322299999999999809e+00,-7.676627418425236993e-01
2.322099999999999831e+00,-8.092974344265334574e-01
2.321699999999999875e+00,-7.818302980877946950e-01
2.321400000000000130e+00,-7.994131655108572820e-01
2.321099999999999941e+00,-7.773214892734664483e-01
2.320699999999999985e+00,-8.234240634971343731e-01
2.320500000000000007e+00,-8.227368422410175075e-01
2.320199999999999818e+00,-8.244722648017948075e-01
2.319999999999999840e+00,-8.002200291441428082e-01
2.319799999999999862e+00,-8.332555710787934444e-01
2.319399999999999906e+00,-8.021281735328191775e-01
2.319300000000000139e+00,-8.415265423365909658e-01
2.318999999999999950e+00,-8.070357765758637836e-01
2.318400000000000016e+00,-8.100368661671103476e-01
2.318200000000000038e+00,-8.090740854041835739e-01
2.318099999999999827e+00,-8.168422288535974740e-01
2.317499999999999893e+00,-7.949053068050104809e-01
2.317400000000000126e+00,-7.999319681413139538e-01
2.317299999999999915e+00,-7.790222803498447757e-01
2.316899999999999959e+00,-7.767542392077969593e-01
2.316600000000000215e+00,-7.979899509922249168e-01
2.316100000000000048e+00,-8.054411874875745392e-01
2.315900000000000070e+00,-7.782796102590548992e-01
2.315799999999999859e+00,-7.726471970270591960e-01
2.315399999999999903e+00,-7.819881559921471048e-01
2.315300000000000136e+00,-7.378350969779006174e-01
2.314999999999999947e+00,-7.710960677447497025e-01
2.314700000000000202e+00,-7.512977053394237492e-01
2.314499999999999780e+00,-7.951873571734012769e-01
2.314200000000000035e+00,-7.925209322002212398e-01
2.313600000000000101e+00,-7.993786748653614049e-01
2.313499999999999890e+00,-7.625259748656431080e-01
2.313400000000000123e+00,-7.805221232999419723e-01
2.312899999999999956e+00,-7.636908510032063280e-01
2.312800000000000189e+00,-7.552782037613565702e-01
2.312600000000000211e+00,-7.561194044846709650e-01
2.311999999999999833e+00,-7.096910877106219484e-01
2.311700000000000088e+00,-7.298120121977669239e-01
2.311599999999999877e+00,-7.799937407304731174e-01
2.311399999999999899e+00,-7.590965039855346319e-01
2.311100000000000154e+00,-7.886661286286498207e-01
2.310799999999999965e+00,-7.718885459150753858e-01
2.310500000000000220e+00,-7.432334237137023791e-01
2.309899999999999842e+00,-7.378480903491233533e-01
2.309600000000000097e+00,-7.242711436860129748e-01
2.309499999999999886e+00,-8.103645303386870502e-01
2.309000000000000163e+00,-7.337158496029290156e-01
2.308800000000000185e+00,-8.071775366628661796e-01
2.308699999999999974e+00,-7.128617962440242373e-01
2.308399999999999785e+00,-7.544474732380096471e-01
2.307799999999999851e+00,-7.527842322769922045e-01
2.307599999999999874e+00,-7.669378943075781940e-01
2.307300000000000129e+00,-7.821101531980609867e-01
2.306900000000000173e+00,-7.721767015506260101e-01
2.306599999999999984e+00,-7.869454615778808115e-01
2.306000000000000050e+00,-7.505626359289619964e-01
2.305800000000000072e+00,-7.075497061963254009e-01
2.305200000000000138e+00,-7.606936561423311982e-01
2.305099999999999927e+00,-7.139834586688577067e-01
2.304800000000000182e+00,-7.298342030235063227e-01
2.304600000000000204e+00,-7.562802050278643051e-01
2.304300000000000015e+00,-7.299071618405323925e-01
2.303900000000000059e+00,-7.495481835004779159e-01
2.303300000000000125e+00,-7.490853780235500192e-01
2.303199999999999914e+00,-7.268541947116902158e-01
2.302999999999999936e+00,-7.199368466816353784e-01
2.302500000000000213e+00,-7.476275460941567141e-01
2.302299999999999791e+00,-7.031906675994924472e-01
2.302000000000000046e+00,-6.950843699341652249e-01
2.301800000000000068e+00,-7.477243345453687962e-01
2.301299999999999901e+00,-6.943608979181892238e-01
2.300399999999999778e+00,-7.613585724930427290e-01
2.300300000000000011e+00,-7.016872006783068105e-01
2.299700000000000077e+00,-7.584566993008683422e-01
2.298900000000000166e+00,-7.543085890317040576e-01
2.298700000000000188e+00,-6.809167279357014602e-01
2.298599999999999977e+00,-6.855099421877036692e-01
2.298399999999999999e+00,-6.872207121781312988e-01
2.298299999999999788e+00,-6.521016418150477056e-01
2.298200000000000021e+00,-6.841124983065182130e-01
2.298099999999999810e+00,-6.680491190957926761e-01
2.298000000000000043e+00,-6.520917670906588581e-01
2.297899999999999832e+00,-6.657220335581568449e-01
2.297800000000000065e+00,-6.669907562017671765e-01
2.297699999999999854e+00,-6.600682611389990795e-01
2.297499999999999876e+00,-7.590586171381425995e-01
2.297400000000000109e+00,-6.895161340000205419e-01
2.297299999999999898e+00,-6.859855762147460956e-01
2.297200000000000131e+00,-6.763015112249901595e-01
2.297099999999999920e+00,-6.819171808052949535e-01
2.297000000000000153e+00,-6.938296849498710728e-01
2.296899999999999942e+00,-6.593018650653120760e-01
2.296800000000000175e+00,-7.578388396684010431e-01
2.296499999999999986e+00,-6.579756933482518999e-01
2.296400000000000219e+00,-6.680572045152793903e-01
2.296100000000000030e+00,-6.620403063861517445e-01
2.295799999999999841e+00,-6.458085836089956233e-01
2.295700000000000074e+00,-6.973543785864823041e-01
2.295399999999999885e+00,-6.715799826918257276e-01
2.295300000000000118e+00,-6.576493821540407847e-01
2.295199999999999907e+00,-7.143012567305956351e-01
2.295100000000000140e+00,-6.496944443850315443e-01
2.294799999999999951e+00,-7.124644556054209321e-01
2.294599999999999973e+00,-6.349925756736138904e-01
2.294399999999999995e+00,-6.777560442943266761e-01
2.294200000000000017e+00,-6.496415560777561993e-01
2.293899999999999828e+00,-6.370730451846045028e-01
2.293600000000000083e+00,-6.802098526181333815e-01
2.293400000000000105e+00,-6.862538569139646771e-01
2.293299999999999894e+00,-7.035914095068589447e-01
2.293200000000000127e+00,-6.527073572256021361e-01
2.293099999999999916e+00,-7.262449535422842439e-01
2.292800000000000171e+00,-6.256056713067892350e-01
2.292699999999999960e+00,-6.818129652589460798e-01
2.292499999999999982e+00,-6.301813101767562708e-01
2.292400000000000215e+00,-6.923548559496263133e-01
2.291900000000000048e+00,-6.698239887440935458e-01
2.291599999999999859e+00,-6.718637965348259744e-01
2.291500000000000092e+00,-6.643861727269155804e-01
2.291300000000000114e+00,-6.882616423972351960e-01
2.291199999999999903e+00,-6.450100100141575865e-01
2.290599999999999969e+00,-6.408704826742390726e-01
2.290500000000000203e+00,-7.063253146784644887e-01
2.290399999999999991e+00,-6.491150158666713077e-01
2.290299999999999780e+00,-6.640116257145868284e-01
2.290099999999999802e+00,-6.358688788273524350e-01
2.289899999999999824e+00,-6.705237516715576440e-01
2.289699999999999847e+00,-6.557422492783731016e-01
2.289600000000000080e+00,-6.665284336814826238e-01
2.289499999999999869e+00,-6.738687981656943382e-01
2.289400000000000102e+00,-6.983580447733617191e-01
2.289299999999999891e+00,-6.719935324021008016e-01
2.289200000000000124e+00,-6.942146916821823055e-01
2.289000000000000146e+00,-6.571335353635840981e-01
2.288699999999999957e+00,-6.547034603727845958e-01
2.288600000000000190e+00,-6.683338292378000478e-01
2.288499999999999979e+00,-6.587503538425971694e-01
2.288300000000000001e+00,-6.574652734691460720e-01
2.288100000000000023e+00,-6.763647038558057156e-01
2.287900000000000045e+00,-6.495957090762137787e-01
2.287700000000000067e+00,-6.612342331917611116e-01
2.287399999999999878e+00,-6.612848329957087268e-01
2.287199999999999900e+00,-6.367141683473291902e-01
2.286999999999999922e+00,-6.516296698355801276e-01
2.286599999999999966e+00,-6.437884864292711118e-01
2.286399999999999988e+00,-6.480753312267280020e-01
2.286099999999999799e+00,-6.333080733817060270e-01
2.286000000000000032e+00,-6.298404216325409477e-01
2.285600000000000076e+00,-6.535009332846348773e-01
2.285400000000000098e+00,-6.545520894895087149e-01
2.285299999999999887e+00,-6.540690898262403463e-01
2.285099999999999909e+00,-6.464355283547669195e-01
2.284899999999999931e+00,-6.522223987149265989e-01
2.284699999999999953e+00,-6.626850884335240277e-01
2.284499999999999975e+00,-6.531712346523506074e-01
2.284299999999999997e+00,-6.217278929080555239e-01
2.283999999999999808e+00,-6.229051728767927010e-01
2.283900000000000041e+00,-6.158171950705442210e-01
2.283599999999999852e+00,-5.850500284109230176e-01
2.283300000000000107e+00,-6.167484575495679744e-01
2.283100000000000129e+00,-6.645664670149216136e-01
2.282999999999999918e+00,-6.069538772493672241e-01
2.282799999999999940e+00,-5.988810562068159760e-01
2.282599999999999962e+00,-6.595588518393604716e-01
2.282300000000000217e+00,-5.903265368983543482e-01
2.282099999999999795e+00,-6.085285727125411270e-01
2.281800000000000050e+00,-5.877558360956914862e-01
2.281600000000000072e+00,-6.520782075120252763e-01
2.281200000000000117e+00,-6.219314361201149222e-01
2.280800000000000161e+00,-6.173777435696491400e-01
2.280699999999999950e+00,-5.926520194567824751e-01
2.280600000000000183e+00,-6.457981015488972742e-01
2.280499999999999972e+00,-6.361524927635080484e-01
2.280299999999999994e+00,-6.398963060788576129e-01
2.280199999999999783e+00,-5.676319415388701994e-01
2.279900000000000038e+00,-6.436710871800082057e-01
2.279799999999999827e+00,-6.648475521861194615e-01
2.279599999999999849e+00,-6.557456074200891383e-01
2.279199999999999893e+00,-5.538867105028648652e-01
2.278900000000000148e+00,-6.392298437276656697e-01
2.278700000000000170e+00,-5.556254951633032846e-01
2.278599999999999959e+00,-6.846467249145213874e-01
2.278300000000000214e+00,-6.227470450298651095e-01
2.277899999999999814e+00,-6.594392165699611841e-01
2.277600000000000069e+00,-5.495384261334883558e-01
2.277499999999999858e+00,-6.139165241545764262e-01
2.277200000000000113e+00,-6.169555691065524705e-01
2.277000000000000135e+00,-5.695243972877496175e-01
2.276800000000000157e+00,-5.809390287433296995e-01
2.276499999999999968e+00,-5.779812961081293166e-01
2.276199999999999779e+00,-6.211420253117785339e-01
2.275999999999999801e+00,-6.079366464467259590e-01
2.275900000000000034e+00,-6.643199976051096245e-01
2.275399999999999867e+00,-5.698440007121177153e-01
2.275300000000000100e+00,-5.841830301821573368e-01
2.274999999999999911e+00,-5.834948202600338529e-01
2.274700000000000166e+00,-5.792339879791101875e-01
2.274599999999999955e+00,-5.745816658754219208e-01
2.274300000000000210e+00,-5.906365002746744031e-01
2.274099999999999788e+00,-5.784698522394438047e-01
2.273699999999999832e+00,-6.099484973843931623e-01
2.273400000000000087e+00,-5.974420524979158209e-01
2.273099999999999898e+00,-5.891873080156838638e-01
2.273000000000000131e+00,-5.997737012881920737e-01
2.272899999999999920e+00,-6.019374676261707302e-01
2.272699999999999942e+00,-5.896859949712160986e-01
2.272299999999999986e+00,-5.974892231778647922e-01
2.271999999999999797e+00,-5.700147463056498554e-01
2.271700000000000053e+00,-5.622752558493218089e-01
2.271599999999999842e+00,-5.933594347350481524e-01
2.271500000000000075e+00,-6.055471781391332797e-01
2.271199999999999886e+00,-5.572126102878702802e-01
2.271100000000000119e+00,-5.848657362065092791e-01
2.270799999999999930e+00,-6.117029612665546567e-01
2.270399999999999974e+00,-5.846064187477705287e-01
2.270199999999999996e+00,-5.795742005647308570e-01
2.270099999999999785e+00,-5.225347385456533544e-01
2.270000000000000018e+00,-6.232516063077799817e-01
2.269800000000000040e+00,-5.791826832300326355e-01
2.269400000000000084e+00,-5.780813894924047291e-01
2.269200000000000106e+00,-6.101055351552010508e-01
2.269099999999999895e+00,-5.521445762625247777e-01
2.269000000000000128e+00,-5.529475201358075021e-01
2.268899999999999917e+00,-5.682748754629387555e-01
2.268800000000000150e+00,-5.797937964570689662e-01
2.268699999999999939e+00,-5.849265795002805968e-01
2.268600000000000172e+00,-5.705894862955384061e-01
2.268499999999999961e+00,-5.756285621319121582e-01
2.268400000000000194e+00,-5.528783043671006148e-01
2.268299999999999983e+00,-5.617314874529523161e-01
2.268200000000000216e+00,-5.861852611908392463e-01
2.268100000000000005e+00,-6.115732531850395226e-01
2.267999999999999794e+00,-5.524995648605902643e-01
2.267900000000000027e+00,-5.616585978286681158e-01
2.267799999999999816e+00,-5.594814407868659023e-01
2.267700000000000049e+00,-5.592386680024381551e-01
2.267500000000000071e+00,-5.344305395091168975e-01
2.267399999999999860e+00,-5.436211079514265965e-01
2.267300000000000093e+00,-5.207484157832009686e-01
2.267199999999999882e+00,-5.424220957983214575e-01
2.267100000000000115e+00,-5.489375242004150834e-01
2.266999999999999904e+00,-5.324803524414667422e-01
2.266900000000000137e+00,-4.900198688953700810e-01
2.266799999999999926e+00,-5.498561036107809663e-01
2.266700000000000159e+00,-4.970773499926410821e-01
2.266500000000000181e+00,-5.451645388236843193e-01
2.266399999999999970e+00,-5.758959176815903191e-01
2.266300000000000203e+00,-5.512225653245272916e-01
2.266199999999999992e+00,-5.018902382783809735e-01
2.266099999999999781e+00,-6.143799170370625173e-01
2.266000000000000014e+00,-5.055985326979199890e-01
2.265899999999999803e+00,-5.528124482065583933e-01
2.265800000000000036e+00,-5.548673399156933694e-01
2.265699999999999825e+00,-5.773151281431542214e-01
2.265600000000000058e+00,-5.473996160743066497e-01
2.265400000000000080e+00,-5.519324146037972723e-01
2.265299999999999869e+00,-5.640132560932181738e-01
2.265200000000000102e+00,-5.383550325798249769e-01
2.265099999999999891e+00,-5.390021590240962057e-01
2.265000000000000124e+00,-5.365967308384664847e-01
2.264899999999999913e+00,-5.569636367361990859e-01
2.264800000000000146e+00,-5.325194122115551876e-01
2.264499999999999957e+00,-5.132205669115125213e-01
2.264400000000000190e+00,-5.532797656658539065e-01
2.264200000000000212e+00,-5.160358973790510895e-01
2.264100000000000001e+00,-5.432102372721937522e-01
2.263999999999999790e+00,-5.426364924655813216e-01
2.263700000000000045e+00,-5.636637604109970834e-01
2.263599999999999834e+00,-5.293656635413541700e-01
2.263300000000000090e+00,-4.956490672046801049e-01
2.263199999999999878e+00,-5.273406497276027505e-01
2.263100000000000112e+00,-5.049322335751865731e-01
2.262900000000000134e+00,-5.516103625488079087e-01
2.262799999999999923e+00,-5.457612403251752564e-01
2.262700000000000156e+00,-4.942835712409832105e-01
2.262599999999999945e+00,-5.678722907723545710e-01
2.262500000000000178e+00,-4.810112013356113159e-01
2.262399999999999967e+00,-4.927781845663787852e-01
2.262300000000000200e+00,-5.197468524482419250e-01
2.262100000000000222e+00,-4.860839688549355442e-01
2.262000000000000011e+00,-5.509551326853857622e-01
2.261899999999999800e+00,-5.408280136978866892e-01
2.261800000000000033e+00,-5.620983745073699911e-01
2.261400000000000077e+00,-4.944614950354309091e-01
2.261200000000000099e+00,-5.221574268130142471e-01
2.261000000000000121e+00,-5.565640534929694461e-01
2.260899999999999910e+00,-4.997131607992373326e-01
2.260800000000000143e+00,-4.749484920997526505e-01
2.260699999999999932e+00,-5.356869111872510913e-01
2.260499999999999954e+00,-5.316335636286994015e-01
2.260400000000000187e+00,-5.259930582745055982e-01
2.260299999999999976e+00,-5.023748795435212244e-01
2.260200000000000209e+00,-5.571772530254398559e-01
2.260099999999999998e+00,-5.382949612173573151e-01
2.259999999999999787e+00,-4.803921389301066269e-01
2.259900000000000020e+00,-5.502312729574119210e-01
2.259700000000000042e+00,-5.201418731852827104e-01
2.259399999999999853e+00,-4.824934863898594495e-01
2.259199999999999875e+00,-5.426598825243946767e-01
2.259100000000000108e+00,-4.483683498248888788e-01
2.258999999999999897e+00,-4.821204505154469411e-01
2.258799999999999919e+00,-5.049826125010439259e-01
2.258700000000000152e+00,-5.272606315895669304e-01
2.258599999999999941e+00,-5.212420621297439993e-01
2.258500000000000174e+00,-4.628828785253544242e-01
2.258300000000000196e+00,-4.970332528672974370e-01
2.258199999999999985e+00,-5.119771874850104210e-01
2.258000000000000007e+00,-5.434950283000200555e-01
2.257899999999999796e+00,-5.463838699752698869e-01
2.257600000000000051e+00,-5.203237522023382855e-01
2.257499999999999840e+00,-5.257022151771567620e-01
2.257200000000000095e+00,-5.528085549579009328e-01
2.257099999999999884e+00,-4.722000028597322929e-01
2.256699999999999928e+00,-5.521108690832027266e-01
2.256499999999999950e+00,-5.362002417557548695e-01
2.256299999999999972e+00,-5.496586723080509884e-01
2.256200000000000205e+00,-5.622314339627509927e-01
2.256099999999999994e+00,-4.879435256170683299e-01
2.255900000000000016e+00,-5.408400915314983681e-01
2.255799999999999805e+00,-5.075704436679345788e-01
2.255700000000000038e+00,-4.702674647420052034e-01
2.255500000000000060e+00,-5.582818442380343971e-01
2.255199999999999871e+00,-5.367639367466134903e-01
2.255100000000000104e+00,-5.400647166853983494e-01
2.254700000000000149e+00,-5.148330265483322954e-01
2.254599999999999937e+00,-5.037834142310182450e-01
2.254399999999999959e+00,-5.139815348860834465e-01
2.254199999999999982e+00,-4.926771555495423893e-01
2.254100000000000215e+00,-4.473205177010428080e-01
2.254000000000000004e+00,-4.997393407642908292e-01
2.253800000000000026e+00,-4.951014462954705930e-01
2.253699999999999815e+00,-4.985142658477798028e-01
2.253600000000000048e+00,-5.168883053460054944e-01
2.253499999999999837e+00,-4.966997646054654991e-01
2.253299999999999859e+00,-4.825526320865330954e-01
2.253200000000000092e+00,-5.121544098627556219e-01
2.253099999999999881e+00,-4.542078054418571820e-01
2.253000000000000114e+00,-4.703487067292747015e-01
2.252699999999999925e+00,-4.698063450509631922e-01
2.252600000000000158e+00,-5.127303238610172453e-01
2.252400000000000180e+00,-4.732910405320922553e-01
2.252200000000000202e+00,-4.515017041422167421e-01
2.251799999999999802e+00,-4.860515645280574781e-01
2.251700000000000035e+00,-4.791408583657008613e-01
2.251599999999999824e+00,-5.082839285056386380e-01
2.251500000000000057e+00,-4.708477528475932261e-01
2.251399999999999846e+00,-4.721366383835662317e-01
2.251199999999999868e+00,-4.940600921793381062e-01
2.251100000000000101e+00,-5.354285956283775239e-01
2.250999999999999890e+00,-4.618604032129505765e-01
2.250900000000000123e+00,-4.712152804729405342e-01
2.250799999999999912e+00,-4.581182866444238888e-01
2.250599999999999934e+00,-4.915828821051154707e-01
2.250500000000000167e+00,-4.714075129272007891e-01
2.250399999999999956e+00,-4.566284468982342859e-01
2.250199999999999978e+00,-4.918111745735517792e-01
2.250100000000000211e+00,-4.615677693390468628e-01
2.249899999999999789e+00,-5.148865801499896699e-01
2.249800000000000022e+00,-4.798137706440303019e-01
2.249600000000000044e+00,-4.514954793371703246e-01
2.249400000000000066e+00,-4.843296559172219351e-01
2.249299999999999855e+00,-4.479970275110198297e-01
2.249200000000000088e+00,-4.881499307296879864e-01
2.248899999999999899e+00,-4.419554576666137602e-01
2.248800000000000132e+00,-4.580982395280264186e-01
2.248699999999999921e+00,-4.742117974580045692e-01
2.248600000000000154e+00,-4.668912429048321933e-01
2.248499999999999943e+00,-4.758908709562997830e-01
2.248400000000000176e+00,-4.368450606657275914e-01
2.248299999999999965e+00,-4.783340688558485043e-01
2.248200000000000198e+00,-4.139729895276389460e-01
2.248099999999999987e+00,-4.692473812158495794e-01
2.248000000000000220e+00,-4.518516886873810701e-01
2.247900000000000009e+00,-4.555443560374031198e-01
2.247799999999999798e+00,-4.423135840427375176e-01
2.247700000000000031e+00,-4.875769477396402207e-01
2.247599999999999820e+00,-4.306886728736372683e-01
2.247500000000000053e+00,-4.565946109494345428e-01
2.247399999999999842e+00,-4.314007162470323564e-01
2.247300000000000075e+00,-4.018704214086080140e-01
2.247199999999999864e+00,-4.015391171575607987e-01
2.247100000000000097e+00,-4.302792086414986006e-01
2.246999999999999886e+00,-4.138382715422606051e-01
2.246900000000000119e+00,-4.172915208025887446e-01
2.246599999999999930e+00,-4.282491970833413042e-01
2.246500000000000163e+00,-4.033807123268035033e-01
2.246399999999999952e+00,-4.554239079466657070e-01
2.246300000000000185e+00,-4.615448902961158395e-01
2.246199999999999974e+00,-4.728705215535991546e-01
2.246100000000000207e+00,-4.367271990119575564e-01
2.245999999999999996e+00,-4.277701175871284622e-01
2.245899999999999785e+00,-4.015221985478184541e-01
2.245800000000000018e+00,-4.297081014662321174e-01
2.245699999999999807e+00,-4.401534639245432978e-01
2.245600000000000041e+00,-4.436672898192051129e-01
2.245499999999999829e+00,-4.413773962631817316e-01
2.245400000000000063e+00,-4.364280798760736269e-01
2.245299999999999851e+00,-4.071394725824531435e-01
2.245200000000000085e+00,-4.047759688485808027e-01
2.245099999999999874e+00,-4.259454078841748426e-01
2.245000000000000107e+00,-4.496378011187990298e-01
2.244899999999999896e+00,-4.476033963128969728e-01
2.244800000000000129e+00,-4.273084080651246008e-01
2.244699999999999918e+00,-5.254530288415284467e-01
2.244499999999999940e+00,-3.888604537703385655e-01
2.244400000000000173e+00,-4.399568256091904161e-01
2.244299999999999962e+00,-3.949055415151253579e-01
2.244200000000000195e+00,-4.495926023913993097e-01
2.244099999999999984e+00,-3.821404630423991255e-01
2.244000000000000217e+00,-5.117994953637503563e-01
2.243900000000000006e+00,-4.589697209726739668e-01
2.243799999999999795e+00,-4.398450026950675995e-01
2.243700000000000028e+00,-3.678586217617865750e-01
2.243599999999999817e+00,-4.563854138344217160e-01
2.243500000000000050e+00,-3.920240608093483736e-01
2.243300000000000072e+00,-3.972005180180593342e-01
2.243199999999999861e+00,-4.436452160928514021e-01
2.243100000000000094e+00,-4.088905410135068585e-01
2.242999999999999883e+00,-4.220486557994507226e-01
2.242900000000000116e+00,-3.966285261782290239e-01
2.242799999999999905e+00,-4.022981949266049573e-01
2.242700000000000138e+00,-3.740662989805756955e-01
2.242599999999999927e+00,-4.210991125276619673e-01
2.242500000000000160e+00,-3.590466354385160597e-01
2.242399999999999949e+00,-4.257531363240432687e-01
2.242300000000000182e+00,-4.024615979536516619e-01
2.242100000000000204e+00,-4.840228170981120126e-01
2.241999999999999993e+00,-4.043009856690565895e-01
2.241899999999999782e+00,-3.630012675807578471e-01
2.241800000000000015e+00,-4.235551523694772169e-01
2.241699999999999804e+00,-4.649251207515525675e-01
2.241600000000000037e+00,-4.015492926509947602e-01
2.241499999999999826e+00,-4.585037984160614255e-01
2.241400000000000059e+00,-4.196128137646040757e-01
2.241299999999999848e+00,-4.060129518972110940e-01
2.241200000000000081e+00,-4.079922893454948629e-01
2.241099999999999870e+00,-4.502490872125911037e-01
2.241000000000000103e+00,-4.026903494658284899e-01
2.240899999999999892e+00,-4.292805597404247830e-01
2.240600000000000147e+00,-4.227684868541095597e-01
2.240499999999999936e+00,-4.036999611470651339e-01
2.240299999999999958e+00,-4.399121578464726401e-01
2.240200000000000191e+00,-4.226147471583091564e-01
2.240099999999999980e+00,-4.513919067649502237e-01
2.240000000000000213e+00,-4.540425560717667453e-01
2.239900000000000002e+00,-4.143395616083150879e-01
2.239799999999999791e+00,-5.150302614533031065e-01
2.239700000000000024e+00,-4.807682944021549054e-01
2.239599999999999813e+00,-4.971628213357517923e-01
2.239500000000000046e+00,-4.504706216953632825e-01
2.239399999999999835e+00,-4.413713942634164833e-01
2.239300000000000068e+00,-4.115483870147790268e-01
2.239100000000000090e+00,-5.037748438843290266e-01
2.238999999999999879e+00,-4.882944056337767957e-01
2.238900000000000112e+00,-4.887063133540356374e-01
2.238799999999999901e+00,-4.196087490894451211e-01
2.238700000000000134e+00,-4.932454072927722200e-01
2.238599999999999923e+00,-4.360806580758908035e-01
2.238500000000000156e+00,-4.499861968579668692e-01
2.238399999999999945e+00,-4.926967263509454686e-01
2.238300000000000178e+00,-4.526189600895236254e-01
2.238199999999999967e+00,-4.275129323324383668e-01
2.238100000000000200e+00,-4.259828095079867816e-01
2.237999999999999989e+00,-4.558112772565584003e-01
2.237899999999999778e+00,-4.156726833270604771e-01
2.237800000000000011e+00,-4.270135640586231185e-01
2.237499999999999822e+00,-4.355129661603659996e-01
2.237400000000000055e+00,-4.328380163853146056e-01
2.237299999999999844e+00,-3.874093910239892469e-01
2.237200000000000077e+00,-4.468190205678124194e-01
2.237099999999999866e+00,-3.962330413489686953e-01
2.237000000000000099e+00,-3.951218177119034114e-01
2.236800000000000122e+00,-3.749299445847398271e-01
2.236600000000000144e+00,-4.409908656429969986e-01
2.236499999999999932e+00,-4.457064437326380135e-01
2.236400000000000166e+00,-4.329160944288243384e-01
2.236299999999999955e+00,-4.590858745774639704e-01
2.236200000000000188e+00,-4.611353321323438670e-01
2.236099999999999977e+00,-4.605351657855152880e-01
2.236000000000000210e+00,-4.277743740477638057e-01
2.235899999999999999e+00,-4.310967351147526605e-01
2.235799999999999788e+00,-4.007726547024248465e-01
2.235700000000000021e+00,-4.140861560140637887e-01
2.235500000000000043e+00,-4.367785340669144700e-01
2.235399999999999832e+00,-4.541349483236020723e-01
2.235300000000000065e+00,-3.794243005988268136e-01
2.235199999999999854e+00,-4.526040868649966464e-01
2.235100000000000087e+00,-3.986533217668897233e-01
2.234999999999999876e+00,-4.445114904428476565e-01
2.234599999999999920e+00,-3.822678781904495504e-01
2.234399999999999942e+00,-3.842463304853244166e-01
2.234199999999999964e+00,-3.881775977317841742e-01
2.233900000000000219e+00,-4.237395667534143984e-01
2.233800000000000008e+00,-3.743569154971912449e-01
2.233600000000000030e+00,-3.935183092617505762e-01
2.233299999999999841e+00,-4.304561864239275781e-01
2.233099999999999863e+00,-3.966225683812996117e-01
2.233000000000000096e+00,-3.927433180705638960e-01
2.232899999999999885e+00,-3.670312372479334062e-01
2.232800000000000118e+00,-3.844235533718640130e-01
2.232699999999999907e+00,-4.028982851808290966e-01
2.232600000000000140e+00,-4.235995464549335843e-01
2.232499999999999929e+00,-4.295308539960587813e-01
2.232400000000000162e+00,-3.621167242222333993e-01
2.232299999999999951e+00,-4.054411283805486876e-01
2.232200000000000184e+00,-3.901516037121618985e-01
2.232099999999999973e+00,-4.471823971707519774e-01
2.232000000000000206e+00,-4.910089755626872998e-01
2.231899999999999995e+00,-4.382623826612586093e-01
2.231799999999999784e+00,-4.959980972918040520e-01
2.231700000000000017e+00,-4.616713181658516074e-01
2.231500000000000039e+00,-3.947546932652618024e-01
2.231399999999999828e+00,-4.353361794289314912e-01
2.231300000000000061e+00,-4.233440867080009995e-01
2.231199999999999850e+00,-4.197538228365577107e-01
2.231100000000000083e+00,-4.246678574577888998e-01
2.230999999999999872e+00,-4.283090704012768035e-01
2.230900000000000105e+00,-4.459015131916613250e-01
2.230799999999999894e+00,-4.695084978741798087e-01
2.230700000000000127e+00,-4.246690696698904310e-01
2.230500000000000149e+00,-4.203764766341766546e-01
2.230399999999999938e+00,-4.097045469136917362e-01
2.230300000000000171e+00,-4.004465849550067902e-01
2.230199999999999960e+00,-4.046954411500089388e-01
2.230100000000000193e+00,-4.140251996350569064e-01
2.229999999999999982e+00,-4.274900377077006652e-01
2.229900000000000215e+00,-4.015086583817814581e-01
2.229800000000000004e+00,-3.797575119288826295e-01
2.229699999999999793e+00,-4.448247808449753982e-01
2.229600000000000026e+00,-3.574578506342768192e-01
2.229499999999999815e+00,-3.424286660006631289e-01
2.229400000000000048e+00,-4.376904682657292711e-01
2.229299999999999837e+00,-3.830046016665977771e-01
2.229200000000000070e+00,-3.811177075352042976e-01
2.229099999999999859e+00,-3.683003224310560375e-01
2.229000000000000092e+00,-3.393166798556709884e-01
2.228800000000000114e+00,-3.789136232912673763e-01
2.228699999999999903e+00,-3.986019064887783014e-01
2.228600000000000136e+00,-3.735264510600425081e-01
2.228400000000000158e+00,-3.931342846113031197e-01
2.228299999999999947e+00,-3.972733366336064775e-01
2.228099999999999969e+00,-3.846115157281337904e-01
2.228000000000000203e+00,-3.512346497624649344e-01
2.227899999999999991e+00,-3.955766330075716208e-01
2.227799999999999780e+00,-3.673173164304988081e-01
2.227700000000000014e+00,-4.094601168378592115e-01
2.227599999999999802e+00,-3.564590579896789735e-01
2.227500000000000036e+00,-3.533058967244290249e-01
2.227399999999999824e+00,-3.899955557109049953e-01
2.227300000000000058e+00,-3.742717703997949785e-01
2.227199999999999847e+00,-3.563275773202714825e-01
2.227100000000000080e+00,-3.528226315751767372e-01
2.226999999999999869e+00,-3.733282149510908088e-01
2.226900000000000102e+00,-3.401589437700136553e-01
2.226799999999999891e+00,-3.770681924888247272e-01
2.226700000000000124e+00,-3.896694507262224438e-01
2.226599999999999913e+00,-3.705781399170743340e-01
2.226500000000000146e+00,-3.637680223395750589e-01
2.226399999999999935e+00,-3.777101766655813209e-01
2.226300000000000168e+00,-3.835980045975573294e-01
2.226199999999999957e+00,-4.069585492240401781e-01
2.226100000000000190e+00,-3.958107322378501269e-01
2.225900000000000212e+00,-3.996971257918743858e-01
2.225699999999999790e+00,-4.149767753376665258e-01
2.225600000000000023e+00,-4.106058462715819757e-01
2.225299999999999834e+00,-3.991059436792357418e-01
2.225099999999999856e+00,-4.018969938481692372e-01
2.225000000000000089e+00,-3.723426132645410447e-01
2.224899999999999878e+00,-4.117847680713479508e-01
2.224699999999999900e+00,-3.592260829805848932e-01
2.224499999999999922e+00,-3.663247916781825486e-01
2.224299999999999944e+00,-3.647656903310245169e-01
2.224200000000000177e+00,-3.861548505493597738e-01
2.224000000000000199e+00,-3.670212936412314830e-01
2.223800000000000221e+00,-3.866278177368231983e-01
2.223500000000000032e+00,-4.103055795623422597e-01
2.223300000000000054e+00,-3.962343653135178001e-01
2.222999999999999865e+00,-3.898650863866717775e-01
2.222900000000000098e+00,-3.727446445897855676e-01
2.222799999999999887e+00,-4.019356953550989875e-01
2.222599999999999909e+00,-3.710855406499624642e-01
2.222500000000000142e+00,-3.676499732261848119e-01
2.222399999999999931e+00,-4.200384352557803846e-01
2.222300000000000164e+00,-2.965371840094044309e-01
2.222199999999999953e+00,-2.990707983976589879e-01
2.222100000000000186e+00,-3.205735086588001881e-01
2.221999999999999975e+00,-3.309230420843814469e-01
2.221900000000000208e+00,-3.339127113043821593e-01
2.221799999999999997e+00,-3.257504661581187011e-01
2.221699999999999786e+00,-3.000241975099210423e-01
2.221600000000000019e+00,-2.903312003078167836e-01
2.221499999999999808e+00,-3.109558266437689733e-01
2.221400000000000041e+00,-3.051872267914590431e-01
2.221299999999999830e+00,-2.996499317167375387e-01
2.221200000000000063e+00,-3.019013344353338457e-01
2.221099999999999852e+00,-2.736995952492063400e-01
2.221000000000000085e+00,-3.161119402501563758e-01
2.220899999999999874e+00,-3.533161881518614988e-01
2.220800000000000107e+00,-3.103460177506303652e-01
2.220699999999999896e+00,-3.116563756302981325e-01
2.220600000000000129e+00,-3.073477082600126198e-01
2.220499999999999918e+00,-2.927599251885751319e-01
2.220400000000000151e+00,-3.014395161671581946e-01
2.220299999999999940e+00,-3.076309670073731906e-01
2.220200000000000173e+00,-3.347758740812264988e-01
2.220099999999999962e+00,-3.354438718065899661e-01
2.220000000000000195e+00,-3.405755211479885580e-01
2.219899999999999984e+00,-3.220648589619470870e-01
2.219800000000000217e+00,-3.216544657442740873e-01
2.219700000000000006e+00,-3.049526280201469985e-01
2.219599999999999795e+00,-3.399404724430468705e-01
2.219500000000000028e+00,-3.044644019215350661e-01
2.219399999999999817e+00,-3.024761369976522452e-01
2.219300000000000050e+00,-2.959277753485436979e-01
2.219199999999999839e+00,-2.815758845454985337e-01
2.219100000000000072e+00,-3.031179651872065173e-01
2.218999999999999861e+00,-2.955099195619398378e-01
2.218900000000000095e+00,-3.053555844598904168e-01
2.218700000000000117e+00,-3.190341738774568614e-01
2.218599999999999905e+00,-3.176298436277993908e-01
2.218500000000000139e+00,-3.322076799058479302e-01
2.218300000000000161e+00,-3.524822182051148833e-01
2.217999999999999972e+00,-3.557745863380992746e-01
2.217799999999999994e+00,-3.529989295210367306e-01
2.217499999999999805e+00,-3.540617644792742880e-01
2.217400000000000038e+00,-3.312395952474039840e-01
2.217200000000000060e+00,-3.312172457109463508e-01
2.217099999999999849e+00,-3.164564814611692256e-01
2.217000000000000082e+00,-3.620282630916252242e-01
2.216899999999999871e+00,-3.587239380247603249e-01
2.216800000000000104e+00,-3.330849673436817038e-01
2.216600000000000126e+00,-3.427343154392345492e-01
2.216499999999999915e+00,-3.485544622783623425e-01
2.216299999999999937e+00,-3.404133902868214379e-01
2.216200000000000170e+00,-3.409148562573058316e-01
2.215800000000000214e+00,-3.371196105056081804e-01
2.215700000000000003e+00,-3.312791835807099572e-01
2.215599999999999792e+00,-3.017487027268464517e-01
2.215500000000000025e+00,-2.634106128203070329e-01
2.215399999999999814e+00,-2.455389546060504635e-01
2.215300000000000047e+00,-2.911472702878115104e-01
2.215199999999999836e+00,-3.044900383145435208e-01
2.215100000000000069e+00,-3.067360524567491753e-01
2.214999999999999858e+00,-2.412337440598280591e-01
2.214900000000000091e+00,-2.328339194220679920e-01
2.214799999999999880e+00,-2.826550818789061448e-01
2.214700000000000113e+00,-2.963138579602578315e-01
2.214599999999999902e+00,-3.186206398476942869e-01
2.214500000000000135e+00,-3.708304329847617042e-01
2.214399999999999924e+00,-3.160394884718989439e-01
2.214300000000000157e+00,-3.809752698986923480e-01
2.214199999999999946e+00,-3.408268167704939233e-01
2.214100000000000179e+00,-2.987597860751659007e-01
2.213999999999999968e+00,-3.670804629894719451e-01
2.213900000000000201e+00,-2.947309276957882362e-01
2.213799999999999990e+00,-3.223636612970787185e-01
2.213699999999999779e+00,-3.292270629911067670e-01
2.213600000000000012e+00,-3.411594012712321211e-01
2.213499999999999801e+00,-3.338901693879584021e-01
2.213400000000000034e+00,-3.338892079632685417e-01
2.213299999999999823e+00,-3.332794099156211054e-01
2.213099999999999845e+00,-3.300929403536254081e-01
2.213000000000000078e+00,-3.129958153371900642e-01
2.212899999999999867e+00,-3.190775158947584123e-01
2.212800000000000100e+00,-3.371505570087807158e-01
2.212699999999999889e+00,-3.280412240446242689e-01
2.212600000000000122e+00,-3.240483639871047372e-01
2.212499999999999911e+00,-2.950234087690031815e-01
2.212400000000000144e+00,-3.068445235865704945e-01
2.212299999999999933e+00,-3.204323959341698336e-01
2.212200000000000166e+00,-3.090392481391868174e-01
2.212099999999999955e+00,-3.062682722234505439e-01
2.212000000000000188e+00,-3.079712911380552698e-01
2.211899999999999977e+00,-3.170649693406968339e-01
2.211800000000000210e+00,-3.171785895884557394e-01
2.211699999999999999e+00,-3.063482466064693099e-01
2.211599999999999788e+00,-2.993059094806918563e-01
2.211500000000000021e+00,-3.163428117012798135e-01
2.211399999999999810e+00,-3.379360348457205454e-01
2.211300000000000043e+00,-3.223238165827452262e-01
2.211199999999999832e+00,-3.266189758849291636e-01
2.211100000000000065e+00,-3.569578145236687594e-01
2.210999999999999854e+00,-2.813001141700396945e-01
2.210900000000000087e+00,-2.838270432412373645e-01
2.210799999999999876e+00,-3.146673767637914176e-01
2.210700000000000109e+00,-3.189219700430387383e-01
2.210599999999999898e+00,-3.236984997738098779e-01
2.210500000000000131e+00,-3.261782313699126967e-01
2.210399999999999920e+00,-3.255893819002070311e-01
2.210300000000000153e+00,-2.910332841716059549e-01
2.210199999999999942e+00,-2.825455927607870010e-01
2.210100000000000176e+00,-3.223615437563873143e-01
2.209999999999999964e+00,-3.324068105499400350e-01
2.209900000000000198e+00,-3.228124201953494476e-01
2.209799999999999986e+00,-3.187608733542721118e-01
2.209700000000000220e+00,-3.363973120238186731e-01
2.209600000000000009e+00,-3.620256073694552712e-01
2.209499999999999797e+00,-3.486432502012096202e-01
2.209400000000000031e+00,-3.385928018236755710e-01
2.209299999999999820e+00,-3.994225547133273269e-01
2.209200000000000053e+00,-3.756542756121888926e-01
2.209099999999999842e+00,-3.723671124805649768e-01
2.209000000000000075e+00,-3.705263161613708833e-01
2.208899999999999864e+00,-3.486934401841085274e-01
2.208800000000000097e+00,-3.587525448368183989e-01
2.208699999999999886e+00,-3.675524364194285298e-01
2.208600000000000119e+00,-3.479372026217800173e-01
2.208499999999999908e+00,-3.209488281865138792e-01
2.208400000000000141e+00,-3.487847233640817279e-01
2.208299999999999930e+00,-3.581990061099840639e-01
2.208200000000000163e+00,-3.293271310180617695e-01
2.208099999999999952e+00,-3.708161591073691477e-01
2.208000000000000185e+00,-3.842584273187552024e-01
2.207899999999999974e+00,-3.526292996066868191e-01
2.207800000000000207e+00,-3.639190887005580577e-01
2.207699999999999996e+00,-3.489400496995559431e-01
2.207599999999999785e+00,-3.377846570085454858e-01
2.207500000000000018e+00,-2.761053590242049105e-01
2.207399999999999807e+00,-2.937513771311683897e-01
2.207300000000000040e+00,-2.962763561648387722e-01
2.207199999999999829e+00,-3.363839666549114926e-01
2.207100000000000062e+00,-3.193034236863637187e-01
2.206999999999999851e+00,-3.301322266434716934e-01
2.206900000000000084e+00,-3.524566763253925150e-01
2.206799999999999873e+00,-3.503104741262724753e-01
2.206700000000000106e+00,-3.206406572692568901e-01
2.206599999999999895e+00,-3.044695685681594877e-01
2.206500000000000128e+00,-2.493783291186366102e-01
2.206399999999999917e+00,-2.873590357607008761e-01
2.206300000000000150e+00,-3.538574670650454501e-01
2.206199999999999939e+00,-3.615020956434719657e-01
2.206100000000000172e+00,-3.045482499575147273e-01
2.205999999999999961e+00,-2.943276130889030395e-01
2.205900000000000194e+00,-2.327995318946937675e-01
2.205799999999999983e+00,-2.501949624009874862e-01
2.205700000000000216e+00,-2.206631635756975407e-01
2.205600000000000005e+00,-2.776896382072208125e-01
2.205499999999999794e+00,-2.772425187895152798e-01
2.205400000000000027e+00,-3.060023164585742861e-01
2.205299999999999816e+00,-2.825416705348748891e-01
2.205200000000000049e+00,-3.204137538461229728e-01
2.205099999999999838e+00,-3.515356171783848294e-01
2.205000000000000071e+00,-3.447529649579575417e-01
2.204899999999999860e+00,-3.092464042103032495e-01
2.204800000000000093e+00,-3.297232260274576832e-01
2.204699999999999882e+00,-3.523279196176662409e-01
2.204600000000000115e+00,-2.750775217141496198e-01
2.204499999999999904e+00,-2.733980372799857395e-01
2.204400000000000137e+00,-3.133100080706524571e-01
2.204299999999999926e+00,-3.417518667456556636e-01
2.204200000000000159e+00,-3.073147335833775751e-01
2.204099999999999948e+00,-3.146880300928384111e-01
2.204000000000000181e+00,-2.696992203388842713e-01
2.203899999999999970e+00,-3.174915410087894574e-01
2.203800000000000203e+00,-3.053890704507802867e-01
2.203699999999999992e+00,-2.977989310854953220e-01
2.203599999999999781e+00,-3.671896566019572372e-01
2.203500000000000014e+00,-2.776238747300915910e-01
2.203399999999999803e+00,-3.540640103553288620e-01
2.203300000000000036e+00,-3.422322083938833526e-01
2.203199999999999825e+00,-3.548254030250747038e-01
2.203100000000000058e+00,-3.549192613949356256e-01
2.202999999999999847e+00,-3.400033989868836426e-01
2.202900000000000080e+00,-3.369217978681574022e-01
2.202799999999999869e+00,-2.726727553612612320e-01
2.202700000000000102e+00,-2.623801614767828916e-01
2.202599999999999891e+00,-2.849164447692523194e-01
2.202500000000000124e+00,-2.972661380979887968e-01
2.202399999999999913e+00,-2.677347166604032713e-01
2.202300000000000146e+00,-3.029034210779921188e-01
2.202199999999999935e+00,-3.449826398353381118e-01
2.201799999999999979e+00,-3.119994799663863838e-01
2.201600000000000001e+00,-3.480650645829030942e-01
2.201499999999999790e+00,-3.090404327438581178e-01
2.200899999999999856e+00,-2.829288735406443323e-01
2.200499999999999901e+00,-2.855870205199090295e-01
2.200299999999999923e+00,-2.989541497654124580e-01
2.200099999999999945e+00,-3.416926464092084892e-01
2.199699999999999989e+00,-3.232924944836582104e-01
2.199399999999999800e+00,-2.888687777615611685e-01
2.199300000000000033e+00,-2.938916913526948282e-01
2.198700000000000099e+00,-2.786411303789051996e-01
2.198300000000000143e+00,-2.745480922088788800e-01
2.197999999999999954e+00,-2.789046351174204186e-01
2.197799999999999976e+00,-3.027262486545584386e-01
2.197400000000000020e+00,-2.807365801870201349e-01
2.197099999999999831e+00,-2.672885886288375867e-01
2.197000000000000064e+00,-2.957644095816225338e-01
2.196600000000000108e+00,-2.518346774428581458e-01
2.196299999999999919e+00,-2.377729130581887618e-01
2.196200000000000152e+00,-3.245227565385616630e-01
2.195800000000000196e+00,-2.487235176117097435e-01
2.195399999999999796e+00,-2.627833617072777850e-01
2.194599999999999884e+00,-3.005416142539199531e-01
2.194300000000000139e+00,-2.945716429487640897e-01
2.193599999999999994e+00,-3.035989592828011729e-01
2.193200000000000038e+00,-2.618067366916970728e-01
2.192600000000000104e+00,-2.859855471217323530e-01
2.192400000000000126e+00,-2.774528060136075003e-01
2.191800000000000193e+00,-2.859047108502016377e-01
2.191500000000000004e+00,-2.800652655742669195e-01
2.190700000000000092e+00,-2.663238619703828247e-01
2.190399999999999903e+00,-2.565237151353622069e-01
2.189700000000000202e+00,-2.457780612016846611e-01
2.189400000000000013e+00,-2.699278861133941332e-01
2.188800000000000079e+00,-2.410893703945482525e-01
2.188499999999999890e+00,-2.794620285398105586e-01
2.187899999999999956e+00,-2.859419874800747663e-01
2.187399999999999789e+00,-2.656597541006444629e-01
2.186399999999999899e+00,-2.533724542197815510e-01
2.186100000000000154e+00,-2.294109768534446925e-01
2.185799999999999965e+00,-2.146104345722779638e-01
2.185099999999999820e+00,-2.191192752376905362e-01
2.184800000000000075e+00,-2.011856761399352655e-01
2.184200000000000141e+00,-2.051070608485514035e-01
2.183899999999999952e+00,-2.139412992471778630e-01
2.183199999999999807e+00,-2.397786455473130407e-01
2.182900000000000063e+00,-2.432929148624488058e-01
2.182399999999999896e+00,-2.267769359560675713e-01
2.182100000000000151e+00,-2.699934941638101882e-01
2.181500000000000217e+00,-2.567039413483088173e-01
2.181400000000000006e+00,-2.514489288486798646e-01
2.180699999999999861e+00,-2.378939482289635365e-01
2.180499999999999883e+00,-2.158935673374218212e-01
2.179899999999999949e+00,-2.427804710788614151e-01
2.179699999999999971e+00,-2.375885448484271745e-01
2.178900000000000059e+00,-2.280831639374023001e-01
2.178700000000000081e+00,-2.461031742895247731e-01
2.177999999999999936e+00,-2.693559847897000759e-01
2.177700000000000191e+00,-2.489983008460705527e-01
2.177099999999999813e+00,-2.667517897934207349e-01
2.176699999999999857e+00,-2.370475573502256461e-01
2.176000000000000156e+00,-2.427370270405640462e-01
2.175800000000000178e+00,-2.289465230842502308e-01
2.175100000000000033e+00,-2.265501771831976430e-01
2.174900000000000055e+00,-2.176746103647181352e-01
2.174300000000000122e+00,-2.395647123176747328e-01
2.173999999999999932e+00,-1.853531266504324093e-01
2.173299999999999788e+00,-1.975740042330781376e-01
2.173000000000000043e+00,-1.778786435827073298e-01
2.172299999999999898e+00,-1.698473398649771871e-01
2.172000000000000153e+00,-1.656040895218688358e-01
2.171499999999999986e+00,-2.037588100972306804e-01
2.171199999999999797e+00,-2.320913915280359285e-01
2.170900000000000052e+00,-2.056002080549554356e-01
2.170300000000000118e+00,-2.016998886697832227e-01
2.170100000000000140e+00,-2.148700285985877256e-01
2.169799999999999951e+00,-2.119301739903975412e-01
2.169099999999999806e+00,-1.977514651486586561e-01
2.168699999999999850e+00,-1.780556703596253287e-01
2.168299999999999894e+00,-1.845695526020776911e-01
2.168000000000000149e+00,-1.927475311041051964e-01
2.167699999999999960e+00,-2.052060183730178289e-01
2.167199999999999793e+00,-1.728062776353012087e-01
2.166799999999999837e+00,-1.529401960355739054e-01
2.166599999999999859e+00,-1.539256841156036448e-01
2.165999999999999925e+00,-1.522638912449317261e-01
2.165700000000000180e+00,-1.343583450911720045e-01
2.165200000000000014e+00,-1.429137360169085991e-01
2.164899999999999824e+00,-1.819916248053249364e-01
2.164600000000000080e+00,-1.642160953042176574e-01
2.164000000000000146e+00,-1.365153699256146935e-01
2.163699999999999957e+00,-1.374724248132119797e-01
2.163300000000000001e+00,-1.349265325197024357e-01
2.162700000000000067e+00,-1.120301470054069215e-01
2.162399999999999878e+00,-1.461299676116731283e-01
2.161700000000000177e+00,-1.742620079018403212e-01
2.161500000000000199e+00,-1.672159230593425749e-01
2.161000000000000032e+00,-1.231592741016834802e-01
2.160699999999999843e+00,-1.585031059365277217e-01
2.160099999999999909e+00,-1.655686398737907239e-01
2.159800000000000164e+00,-1.617189962619183796e-01
2.159199999999999786e+00,-1.569936828095877535e-01
2.158999999999999808e+00,-1.714969226575616124e-01
2.158399999999999874e+00,-1.744430991778428419e-01
2.158100000000000129e+00,-1.436254756367535967e-01
2.157500000000000195e+00,-1.410933970441216601e-01
2.157300000000000217e+00,-1.710302477206729344e-01
2.156699999999999839e+00,-1.761642109498681719e-01
2.156400000000000095e+00,-1.808504841075905811e-01
2.156099999999999905e+00,-1.773204018375162949e-01
2.155499999999999972e+00,-1.548826469728245558e-01
2.155299999999999994e+00,-1.418807208719563562e-01
2.154700000000000060e+00,-1.631065694833455648e-01
2.154300000000000104e+00,-1.541832780466850794e-01
2.153999999999999915e+00,-1.542811312538194812e-01
2.153500000000000192e+00,-1.318049646398256058e-01
2.153200000000000003e+00,-1.341277381990829687e-01
2.152699999999999836e+00,-1.398766514192073540e-01
2.152499999999999858e+00,-1.533865533056427699e-01
2.151899999999999924e+00,-1.140420201516112453e-01
2.151600000000000179e+00,-1.181641328000526681e-01
2.150999999999999801e+00,-1.005683089763675930e-01
2.150799999999999823e+00,-1.049095846070158267e-01
2.150500000000000078e+00,-1.075300377014615227e-01
2.149900000000000144e+00,-9.541457304772238412e-02
2.149700000000000166e+00,-1.014231803358328632e-01
2.149099999999999788e+00,-9.164651262709433421e-02
2.148800000000000043e+00,-9.130682152164171228e-02
2.148200000000000109e+00,-9.459121878586940202e-02
2.147899999999999920e+00,-1.178870217666272424e-01
2.147299999999999986e+00,-1.433790370909682199e-01
2.146999999999999797e+00,-1.156474543750202200e-01
2.146599999999999842e+00,-1.255401823659768601e-01
2.145900000000000141e+00,-1.498912144237696253e-01
2.145599999999999952e+00,-1.759629326327644128e-01
2.145000000000000018e+00,-1.612314627995325989e-01
2.144699999999999829e+00,-1.646241017103089455e-01
2.144299999999999873e+00,-1.688743971207246064e-01
2.144000000000000128e+00,-1.573177686089305416e-01
2.143499999999999961e+00,-1.160582225458867134e-01
2.143200000000000216e+00,-1.107187357737154931e-01
2.142900000000000027e+00,-1.039618146850967983e-01
2.142300000000000093e+00,-9.605574450566312095e-02
2.141999999999999904e+00,-1.092685435421375528e-01
2.141300000000000203e+00,-1.107023744641860707e-01
2.141000000000000014e+00,-1.144733901323191638e-01
2.140299999999999869e+00,-1.185704405631815561e-01
2.140000000000000124e+00,-1.211010136822898708e-01
2.139400000000000190e+00,-1.048794115058454546e-01
2.139100000000000001e+00,-9.278616166820408129e-02
2.138500000000000068e+00,-1.248493642351522492e-01
2.138199999999999878e+00,-1.284168496640952783e-01
2.137599999999999945e+00,-1.156399985983991296e-01
2.137199999999999989e+00,-1.305719933730742355e-01
2.136600000000000055e+00,-1.296501724461912586e-01
2.136299999999999866e+00,-1.303134603655720092e-01
2.135699999999999932e+00,-1.192994017875509405e-01
2.135200000000000209e+00,-1.165374731562640598e-01
2.134999999999999787e+00,-8.626137365831676451e-02
2.134399999999999853e+00,-9.106543232516306485e-02
2.134199999999999875e+00,-8.486121831248472080e-02
2.133599999999999941e+00,-9.094207652562968924e-02
2.133300000000000196e+00,-9.996854047761294382e-02
2.132699999999999818e+00,-6.490287465486799245e-02
2.132400000000000073e+00,-8.943147355791603026e-02
2.131800000000000139e+00,-8.000283602746516287e-02
2.131600000000000161e+00,-8.828122604470634016e-02
2.130999999999999783e+00,-8.456367793473196226e-02
2.130700000000000038e+00,-9.053122277460912137e-02
2.130300000000000082e+00,-6.885959762462090517e-02
2.129900000000000126e+00,-8.872231225774684926e-02
2.129700000000000149e+00,-6.882996672480379274e-02
2.129399999999999959e+00,-7.992099404253993900e-02
2.128899999999999793e+00,-7.473096615660812514e-02
2.128600000000000048e+00,-7.391392175086497485e-02
2.128099999999999881e+00,-4.612166346479318335e-02
2.127699999999999925e+00,-6.077747672604549845e-02
2.126999999999999780e+00,-7.520471209804258095e-02
2.126599999999999824e+00,-9.586782855272590886e-02
2.125999999999999890e+00,-9.630515312268606021e-02
2.125599999999999934e+00,-9.647931852457825030e-02
2.125300000000000189e+00,-8.945222500188199088e-02
2.124800000000000022e+00,-6.526888234985317450e-02
2.124400000000000066e+00,-7.721510031470646407e-02
2.123800000000000132e+00,-8.491710170796529233e-02
2.123400000000000176e+00,-6.359654431686845300e-02
2.122900000000000009e+00,-6.753545133270089096e-02
2.122599999999999820e+00,-9.953227702204359151e-02
2.122100000000000097e+00,-9.038263547554714616e-02
2.121900000000000119e+00,-9.139275079644848532e-02
2.121300000000000185e+00,-7.702240400302151624e-02
2.120899999999999785e+00,-8.080361426146542847e-02
2.120699999999999807e+00,-7.110035582201523763e-02
2.120000000000000107e+00,-7.849262236570009321e-02
2.119600000000000151e+00,-8.951710662313816513e-02
2.118900000000000006e+00,-7.786408774933251120e-02
2.118599999999999817e+00,-8.143493638590459938e-02
2.117799999999999905e+00,-5.840794327777176775e-02
2.117399999999999949e+00,-4.319609343099439780e-02
2.116800000000000015e+00,-3.065883220527976238e-02
2.116600000000000037e+00,-2.654389550590940949e-02
2.116000000000000103e+00,-2.699138281526958227e-02
2.115699999999999914e+00,-4.739484696231199834e-02
2.115099999999999980e+00,-3.834261929486215692e-02
2.114900000000000002e+00,-1.453898036823941808e-02
2.114100000000000090e+00,4.655974392836492726e-03
2.113900000000000112e+00,-5.404811977832713055e-03
2.113300000000000178e+00,-1.262029876887560409e-02
2.113100000000000200e+00,-1.104575368185423123e-02
2.112400000000000055e+00,6.324903095017431198e-03
2.112200000000000077e+00,-1.633311350439370369e-02
2.111600000000000144e+00,-2.761414057105004982e-02
2.111299999999999955e+00,-3.405791140775882297e-02
2.111000000000000210e+00,-4.240537991410942009e-02
2.110399999999999832e+00,-1.438263736823486294e-02
2.109999999999999876e+00,-3.606062532260367881e-03
2.109399999999999942e+00,3.155502398231868622e-02
2.109100000000000197e+00,2.713059093391312349e-02
2.108800000000000008e+00,2.836893943300444754e-02
2.108200000000000074e+00,2.108969863606757755e-02
2.107800000000000118e+00,7.720498961666377724e-03
2.107299999999999951e+00,5.868547107296118170e-03
2.107000000000000206e+00,1.317487884656964869e-02
2.106399999999999828e+00,6.060633515533875304e-03
2.105999999999999872e+00,1.687877216639821487e-02
2.105500000000000149e+00,1.130697704042338270e-02
2.105100000000000193e+00,-5.947765794114823201e-03
2.104400000000000048e+00,-4.023403347118426066e-02
2.104000000000000092e+00,-1.655691894558719568e-02
2.103499999999999925e+00,-3.157045829413340776e-02
2.103200000000000180e+00,-4.837840510557578355e-02
2.102599999999999802e+00,-5.394272387347631703e-02
2.102199999999999847e+00,-4.815709295953596314e-02
2.101999999999999869e+00,-4.936628901532069680e-02
2.101500000000000146e+00,-3.218312290276248433e-03
2.101100000000000190e+00,-2.948299023773637284e-02
2.100400000000000045e+00,2.247871886441876743e-02
2.100000000000000089e+00,0.000000000000000000e+00
2.099400000000000155e+00,-2.221024092141643536e-02
2.099000000000000199e+00,-1.403031626157069667e-02
2.098399999999999821e+00,2.374748628922174198e-02
2.097999999999999865e+00,-2.416779565188320600e-02
2.097399999999999931e+00,-3.526848967698448245e-02
2.097100000000000186e+00,-2.847412138018423633e-02
2.096400000000000041e+00,-2.990297821477139184e-02
2.096000000000000085e+00,-2.861225143861723108e-02
2.095400000000000151e+00,-1.593742205464876438e-02
2.095099999999999962e+00,-2.846502153951158132e-02
2.094500000000000028e+00,-1.847692864924421752e-02
2.094100000000000072e+00,2.144292008190995524e-03
2.093599999999999905e+00,-2.058168903362744828e-03
2.093300000000000161e+00,4.960042694276967090e-03
2.092699999999999783e+00,-2.120462655810784192e-03
2.092299999999999827e+00,2.282781227935792856e-04
2.091699999999999893e+00,6.527804003592097004e-03
2.091400000000000148e+00,2.111291714269880604e-02
2.090800000000000214e+00,3.704186848571544566e-03
2.090399999999999814e+00,-2.070769668550964671e-02
2.089900000000000091e+00,1.178121493521089302e-02
2.089500000000000135e+00,1.710074543394279889e-02
2.088900000000000201e+00,3.285273609439365305e-02
2.088499999999999801e+00,3.605350200122647841e-02
2.087899999999999867e+00,2.991292642230691801e-02
2.087600000000000122e+00,6.928587081428405625e-02
2.087000000000000188e+00,6.446961128871164792e-02
2.086699999999999999e+00,7.255176739731639124e-02
2.086100000000000065e+00,6.707506871699020490e-02
2.085700000000000109e+00,5.386588211864218323e-02
2.085399999999999920e+00,5.550235687053206579e-02
2.084700000000000220e+00,9.838855858403106058e-02
2.084400000000000031e+00,7.536507467889586032e-02
2.083800000000000097e+00,6.580791023745591328e-02
2.083499999999999908e+00,6.357250592926855237e-02
2.082899999999999974e+00,4.441513584106659973e-02
2.082500000000000018e+00,6.236833654839346597e-02
2.081900000000000084e+00,7.079490891362394400e-02
2.081599999999999895e+00,8.732172672720750484e-02
2.080799999999999983e+00,8.241555792196098018e-02
2.080200000000000049e+00,9.431722884992166378e-02
2.079800000000000093e+00,4.088844381133771577e-02
2.079200000000000159e+00,6.302906167265920345e-02
2.078800000000000203e+00,5.651010632420905289e-02
2.078300000000000036e+00,6.399683464899941221e-02
2.077999999999999847e+00,6.463449017113376271e-02
2.077399999999999913e+00,5.209981204616631612e-02
2.077100000000000168e+00,1.032399079437668066e-01
2.076600000000000001e+00,1.173585757116568651e-01
2.076200000000000045e+00,1.289550013886670010e-01
2.075499999999999901e+00,1.157223484093972132e-01
2.075299999999999923e+00,1.058090087699414816e-01
2.074600000000000222e+00,9.681114137016777477e-02
2.074199999999999822e+00,9.082327031388615080e-02
2.073599999999999888e+00,7.872655893199909105e-02
2.073199999999999932e+00,8.149752456464154360e-02
2.072900000000000187e+00,1.032294543148321031e-01
2.072099999999999831e+00,6.523378026576653888e-02
2.071800000000000086e+00,5.359373945919287952e-02
2.071200000000000152e+00,7.723212431774706399e-02
2.070899999999999963e+00,7.579673625100757928e-02
2.070300000000000029e+00,9.826644610209933628e-02
2.069999999999999840e+00,8.064490335940588395e-02
2.069300000000000139e+00,7.898329527841752018e-02
2.068900000000000183e+00,8.034898641984256074e-02
2.068200000000000038e+00,9.021760435309889026e-02
2.067800000000000082e+00,8.485456758564047242e-02
2.067299999999999915e+00,8.868850946315565142e-02
2.067000000000000171e+00,8.174677592932833026e-02
2.066399999999999793e+00,1.145357962216431158e-01
2.065999999999999837e+00,7.549701747794346218e-02
2.065399999999999903e+00,8.600306632862431133e-02
2.065100000000000158e+00,6.175379806128145077e-02
2.064599999999999991e+00,7.902442888951810573e-02
2.064299999999999802e+00,7.784033802596401763e-02
2.063699999999999868e+00,8.163624607426811508e-02
2.063499999999999890e+00,6.608279513459214272e-02
2.062800000000000189e+00,7.911103848644296388e-02
2.062500000000000000e+00,9.893736276182785172e-02
2.061799999999999855e+00,1.142373799022100567e-01
2.061100000000000154e+00,1.074603704354082367e-01
2.060700000000000198e+00,1.393114663992417457e-01
2.060099999999999820e+00,1.518509971397408176e-01
2.059800000000000075e+00,1.279681209852279178e-01
2.059099999999999930e+00,1.627819074510178377e-01
2.058800000000000185e+00,1.531074858659997595e-01
2.058199999999999807e+00,1.712947911840234649e-01
2.057900000000000063e+00,1.795125169273131815e-01
2.057100000000000151e+00,1.820338833200679796e-01
2.056799999999999962e+00,1.709404829068617016e-01
2.056200000000000028e+00,1.730761328522928411e-01
2.055800000000000072e+00,1.603491413006835620e-01
2.055099999999999927e+00,1.259406638417365221e-01
2.054800000000000182e+00,9.380640256101413499e-02
2.054499999999999993e+00,8.197273879718969258e-02
2.053900000000000059e+00,1.019594950663060828e-01
2.053599999999999870e+00,1.203277533470131777e-01
2.052999999999999936e+00,1.334927682936082327e-01
2.052799999999999958e+00,1.596783979779942131e-01
2.052099999999999813e+00,1.427665847330422677e-01
2.051800000000000068e+00,1.394226272852933102e-01
2.051099999999999923e+00,1.531636054874496722e-01
2.050699999999999967e+00,1.542970813263322416e-01
2.049900000000000055e+00,1.408208569749630490e-01
2.049599999999999866e+00,1.380787412113421153e-01
2.048900000000000166e+00,1.071078213642218113e-01
2.048700000000000188e+00,1.403533572398585338e-01
2.048099999999999810e+00,1.267891291744510651e-01
2.047800000000000065e+00,1.539469055848036172e-01
2.047099999999999920e+00,1.325038480333440294e-01
2.046800000000000175e+00,1.255635720304876246e-01
2.046100000000000030e+00,1.112000583395472697e-01
2.045900000000000052e+00,1.280402611138209412e-01
2.045199999999999907e+00,1.267970568631648920e-01
2.044999999999999929e+00,1.307337230881111534e-01
2.044399999999999995e+00,1.496645771079108123e-01
2.044099999999999806e+00,1.200233309992665420e-01
2.043499999999999872e+00,1.012553260047038828e-01
2.043099999999999916e+00,1.256648217883710172e-01
2.042400000000000215e+00,1.441679412659407911e-01
2.041999999999999815e+00,1.458186929422650158e-01
2.041399999999999881e+00,1.382886749955875016e-01
2.040999999999999925e+00,1.440968444323120767e-01
2.040399999999999991e+00,1.615448395098778578e-01
2.040099999999999802e+00,1.734092168432371794e-01
2.039400000000000102e+00,1.636306962003730714e-01
2.039000000000000146e+00,1.748155979190701981e-01
2.038400000000000212e+00,1.590972231992060504e-01
2.038100000000000023e+00,1.888138173079118021e-01
2.037500000000000089e+00,1.748902320672374167e-01
2.037199999999999900e+00,1.532835055950004799e-01
2.036500000000000199e+00,1.568789099560402578e-01
2.036200000000000010e+00,1.839244639756376642e-01
2.035600000000000076e+00,1.748713064474854972e-01
2.035200000000000120e+00,1.762810581069917948e-01
2.034899999999999931e+00,1.853038626011688228e-01
2.034299999999999997e+00,1.524178833697126256e-01
2.033999999999999808e+00,1.480873332380255869e-01
2.033399999999999874e+00,1.441433955255005950e-01
2.032999999999999918e+00,1.372876602710043636e-01
2.032399999999999984e+00,1.439035517594722258e-01
2.032099999999999795e+00,1.347767054987736302e-01
2.031400000000000095e+00,1.489303882700604431e-01
2.031000000000000139e+00,1.678385156987649562e-01
2.030400000000000205e+00,1.477411553461177585e-01
2.030100000000000016e+00,1.737244460005976654e-01
2.029399999999999871e+00,1.799338891286805797e-01
2.029100000000000126e+00,1.564441711700975679e-01
2.028399999999999981e+00,1.674480031146896586e-01
2.028099999999999792e+00,1.730964054365985438e-01
2.027499999999999858e+00,1.721673394849965177e-01
2.027200000000000113e+00,1.496819937663040889e-01
2.026400000000000201e+00,1.667462989237561422e-01
2.025999999999999801e+00,1.542437818021630269e-01
2.025399999999999867e+00,1.689654463975232002e-01
2.025100000000000122e+00,1.710920778934255093e-01
2.024399999999999977e+00,1.827423540573525074e-01
2.024000000000000021e+00,1.884713619750705282e-01
2.023499999999999854e+00,1.907265989541800932e-01
2.023099999999999898e+00,1.647741469070623799e-01
2.022400000000000198e+00,1.731089422082193741e-01
2.022100000000000009e+00,1.750609472498526609e-01
2.021700000000000053e+00,1.605010550465024721e-01
2.021100000000000119e+00,1.754329927456527161e-01
2.020799999999999930e+00,1.606771846310306451e-01
2.020099999999999785e+00,1.659834535212845186e-01
2.019899999999999807e+00,1.762287742335805207e-01
2.019200000000000106e+00,1.902798048153409027e-01
2.018899999999999917e+00,1.977735027473143115e-01
2.018299999999999983e+00,2.197741634676203537e-01
2.017999999999999794e+00,2.143364502545791472e-01
2.017399999999999860e+00,2.335106156950428336e-01
2.016999999999999904e+00,2.238404953870676284e-01
2.016399999999999970e+00,2.065335584236493993e-01
2.016000000000000014e+00,2.229762051643435772e-01
2.015699999999999825e+00,2.051435605082696512e-01
2.015000000000000124e+00,2.661313687236932513e-01
2.014699999999999935e+00,2.469911310181566177e-01
2.013999999999999790e+00,2.451008801716836327e-01
2.013799999999999812e+00,2.623355266313104339e-01
2.013199999999999878e+00,2.685916610338512367e-01
2.012900000000000134e+00,2.561658552582141146e-01
2.012300000000000200e+00,2.319961898349792717e-01
2.012000000000000011e+00,2.025888745735976437e-01
2.011299999999999866e+00,1.989972658048705378e-01
2.010899999999999910e+00,2.426980147671176091e-01
2.010600000000000165e+00,2.250240434653605348e-01
2.009900000000000020e+00,2.302290552813612834e-01
2.009199999999999875e+00,2.059980084886947616e-01
2.008999999999999897e+00,2.190951036193378165e-01
2.008199999999999985e+00,1.883566566069500015e-01
2.007899999999999796e+00,2.089357550597026325e-01
2.007200000000000095e+00,2.130072930900395178e-01
2.006899999999999906e+00,2.108924480794666101e-01
2.006299999999999972e+00,2.120499065443037789e-01
2.005999999999999783e+00,2.101949831915389533e-01
2.005500000000000060e+00,2.057220274461618592e-01
2.005199999999999871e+00,2.115027482655490454e-01
2.004799999999999915e+00,2.140137143221559901e-01
2.004199999999999982e+00,2.109320803314607140e-01
2.003800000000000026e+00,2.101978487076966440e-01
2.003200000000000092e+00,2.326310459658392782e-01
2.002800000000000136e+00,2.475618987356209555e-01
2.002499999999999947e+00,2.478923830890461533e-01
2.001799999999999802e+00,2.669592976740908785e-01
2.001500000000000057e+00,2.644702364055367960e-01
2.001100000000000101e+00,2.559581219606366087e-01
2.000500000000000167e+00,2.231524888055003153e-01
2.000199999999999978e+00,2.185565298424424485e-01
1.999800000000000022e+00,2.040022363761911928e-01
1.999300000000000077e+00,2.177468085742817472e-01
1.998899999999999899e+00,2.433674925885614959e-01
1.998399999999999954e+00,2.318035125962319976e-01
1.998099999999999987e+00,2.417653129867247674e-01
1.997700000000000031e+00,2.628593809370777246e-01
1.997100000000000097e+00,2.741467370562938877e-01
1.996699999999999919e+00,2.737350558612572371e-01
1.995900000000000007e+00,2.716155541572506937e-01
1.995600000000000041e+00,2.682677008789685624e-01
1.995000000000000107e+00,2.901288631184523181e-01
1.994699999999999918e+00,2.794694397498242999e-01
1.993999999999999995e+00,2.687888660674042640e-01
1.993700000000000028e+00,2.165397250248474181e-01
1.993100000000000094e+00,2.189894547470483399e-01
1.992799999999999905e+00,2.511691128474075052e-01
1.992599999999999927e+00,2.407355984324760501e-01
1.991900000000000004e+00,2.348751782153130074e-01
1.991600000000000037e+00,2.303363530253149660e-01
1.991100000000000092e+00,2.158117630629563521e-01
1.990799999999999903e+00,1.859945733442835980e-01
1.989999999999999991e+00,2.065172918248175948e-01
1.989600000000000035e+00,2.202359057328767689e-01
1.989000000000000101e+00,2.055344398704805897e-01
1.988599999999999923e+00,1.915051397693295909e-01
1.987999999999999989e+00,2.165947432838932762e-01
1.987800000000000011e+00,2.301041659224373204e-01
1.987000000000000099e+00,2.366205550049377271e-01
1.986699999999999910e+00,2.565063789851385057e-01
1.986099999999999977e+00,2.655471770699607825e-01
1.985700000000000021e+00,2.567811755064403068e-01
1.984900000000000109e+00,2.456795832335434415e-01
1.984699999999999909e+00,2.385663602819110274e-01
1.984099999999999975e+00,2.301298879098245820e-01
1.983800000000000008e+00,2.280040691325646574e-01
1.983200000000000074e+00,2.283708032648629205e-01
1.982900000000000107e+00,2.331399669236455807e-01
1.982299999999999951e+00,2.131263208752370852e-01
1.981999999999999984e+00,2.255325808133562537e-01
1.981200000000000072e+00,2.194735412266307639e-01
1.980900000000000105e+00,2.401479113494503492e-01
1.980199999999999960e+00,2.130067782282751843e-01
1.979800000000000004e+00,2.299399031586296660e-01
1.979200000000000070e+00,2.778543581254816486e-01
1.978900000000000103e+00,2.925727127602029132e-01
1.978599999999999914e+00,2.737916869326173508e-01
1.977899999999999991e+00,2.885143681980589792e-01
1.977600000000000025e+00,2.691727772792529283e-01
1.977300000000000058e+00,2.792444502554281005e-01
1.976599999999999913e+00,2.814756293042369739e-01
1.976299999999999946e+00,2.567463339653297538e-01
1.975800000000000001e+00,2.856973465779205634e-01
1.975500000000000034e+00,2.944811752777359848e-01
1.974900000000000100e+00,2.809399325311850992e-01
1.974599999999999911e+00,2.905718188110639755e-01
1.973899999999999988e+00,2.997455283371142087e-01
1.973500000000000032e+00,3.063148148300248730e-01
1.972900000000000098e+00,2.845965774853770336e-01
1.972599999999999909e+00,2.792388524453653931e-01
1.971899999999999986e+00,2.779971917374335355e-01
1.971600000000000019e+00,2.884093396951503685e-01
1.970900000000000096e+00,2.872518277755031768e-01
1.970599999999999907e+00,2.543005210985105347e-01
1.970199999999999951e+00,2.467003102316067675e-01
1.969600000000000017e+00,2.349722381892599410e-01
1.969300000000000050e+00,2.310687130198385564e-01
1.968699999999999894e+00,2.492675570137797836e-01
1.968299999999999939e+00,2.779319937893515169e-01
1.967700000000000005e+00,2.787742475147958476e-01
1.967400000000000038e+00,2.704893577079592326e-01
1.966599999999999904e+00,2.597787850437682788e-01
1.966299999999999937e+00,2.610559525551003901e-01
1.965600000000000014e+00,2.568146485453642880e-01
1.965300000000000047e+00,2.538727995278489136e-01
1.964599999999999902e+00,2.563643237973867173e-01
1.964299999999999935e+00,2.385479562428544087e-01
1.963700000000000001e+00,2.178693434138484486e-01
1.963400000000000034e+00,2.252354216476792903e-01
1.962800000000000100e+00,2.365026169199452299e-01
1.962499999999999911e+00,2.342255384077396307e-01
1.961899999999999977e+00,2.341583068006525270e-01
1.961600000000000010e+00,2.525236937285513239e-01
1.960900000000000087e+00,2.406833971766580982e-01
1.960599999999999898e+00,2.118546446248231740e-01
1.959899999999999975e+00,2.383752233148933586e-01
1.959500000000000020e+00,2.412341612016699610e-01
1.958900000000000086e+00,2.493890515823521392e-01
1.958599999999999897e+00,2.535930097351257739e-01
1.957799999999999985e+00,2.632846187806264782e-01
1.957500000000000018e+00,2.619974265767599508e-01
1.957200000000000051e+00,2.756878419916258816e-01
1.956599999999999895e+00,2.631636732634834441e-01
1.956299999999999928e+00,2.622738894817594479e-01
1.955600000000000005e+00,2.209699778325108221e-01
1.955400000000000027e+00,2.335040353667466873e-01
1.954700000000000104e+00,2.434746643558555190e-01
1.954399999999999915e+00,2.610790045168287499e-01
1.953699999999999992e+00,2.520465117308162695e-01
1.953300000000000036e+00,2.522935810878035312e-01
1.953100000000000058e+00,2.491474544112637357e-01
1.952299999999999924e+00,2.589593915722915307e-01
1.951999999999999957e+00,2.638299547854522364e-01
1.951300000000000034e+00,2.451148673376229992e-01
1.951100000000000056e+00,2.283002450417098705e-01
1.950399999999999912e+00,2.222868053205345751e-01
1.950099999999999945e+00,2.433969259432733345e-01
1.949500000000000011e+00,2.391388382719239480e-01
1.949100000000000055e+00,2.395532258760157962e-01
1.948600000000000110e+00,2.892438841526484561e-01
1.948199999999999932e+00,2.922812814765834988e-01
1.947899999999999965e+00,2.841836016533733078e-01
1.947300000000000031e+00,2.844181351470409513e-01
1.947000000000000064e+00,2.601969278034216293e-01
1.946700000000000097e+00,2.623898156417503458e-01
1.945999999999999952e+00,2.269025686587461399e-01
1.945699999999999985e+00,2.358718883609806083e-01
1.945000000000000062e+00,2.553620026719827241e-01
1.944700000000000095e+00,2.563452753446410215e-01
1.943999999999999950e+00,2.257627269335732434e-01
1.943699999999999983e+00,2.526568792307615219e-01
1.943100000000000049e+00,2.494799109034606666e-01
1.942700000000000093e+00,2.393809678303410182e-01
1.942199999999999926e+00,2.509600749395907160e-01
1.941999999999999948e+00,2.602993045493912083e-01
1.941599999999999993e+00,2.795615925602068508e-01
1.940900000000000070e+00,2.924451304699843268e-01
1.940600000000000103e+00,3.262318668519059717e-01
1.939899999999999958e+00,3.380564498892818515e-01
1.939500000000000002e+00,3.253788166387994174e-01
1.938800000000000079e+00,3.275859792525870340e-01
1.938600000000000101e+00,2.856942151158170518e-01
1.937999999999999945e+00,2.818272010086247947e-01
1.937799999999999967e+00,3.073165536562894040e-01
1.937100000000000044e+00,2.806613347932501723e-01
1.936800000000000077e+00,2.870685777155851381e-01
1.936199999999999921e+00,2.965746343806807683e-01
1.935799999999999965e+00,2.691326488314660370e-01
1.935100000000000042e+00,2.584459268515498787e-01
1.934800000000000075e+00,2.586948871188821109e-01
1.934199999999999919e+00,2.868504561961277011e-01
1.933899999999999952e+00,2.571562178480674143e-01
1.933400000000000007e+00,2.731480860673068944e-01
1.933000000000000052e+00,2.671441525149004237e-01
1.932299999999999907e+00,2.328762913811344148e-01
1.931899999999999951e+00,2.446474259523712114e-01
1.931200000000000028e+00,2.205556110634887546e-01
1.930800000000000072e+00,2.293298911635460735e-01
1.930099999999999927e+00,2.272458485722689270e-01
1.929799999999999960e+00,2.438488229457302925e-01
1.929100000000000037e+00,2.251642064163977830e-01
1.928700000000000081e+00,2.033071314935103180e-01
1.928099999999999925e+00,1.858800671678678684e-01
1.927799999999999958e+00,1.963978986396081039e-01
1.927200000000000024e+00,2.219326841790963956e-01
1.926800000000000068e+00,2.376591962411495063e-01
1.926199999999999912e+00,2.351351340190710459e-01
1.925499999999999989e+00,2.439918161987325584e-01
1.925100000000000033e+00,2.733785817807948826e-01
1.924800000000000066e+00,2.611517466742652172e-01
1.923999999999999932e+00,2.578846401625478624e-01
1.923699999999999966e+00,2.590328696084470694e-01
1.923100000000000032e+00,2.752920228915600731e-01
1.922800000000000065e+00,2.575333620705166915e-01
1.922199999999999909e+00,2.349643373953519410e-01
1.921999999999999931e+00,2.288167541782126779e-01
1.921399999999999997e+00,2.076851921883893226e-01
1.921100000000000030e+00,1.939445020783525653e-01
1.920800000000000063e+00,1.836391174105111990e-01
1.920199999999999907e+00,1.988309156299161717e-01
1.919899999999999940e+00,2.064382401197051298e-01
1.919200000000000017e+00,1.733657019335060889e-01
1.918900000000000050e+00,1.986108239992318003e-01
1.918199999999999905e+00,2.149826005763688652e-01
1.917899999999999938e+00,2.183322629058237485e-01
1.917300000000000004e+00,2.093699011728594739e-01
1.917000000000000037e+00,2.106322329178955677e-01
1.916199999999999903e+00,2.137761305465862849e-01
1.915999999999999925e+00,2.050250644779205711e-01
1.915200000000000014e+00,2.034050368263096153e-01
1.914900000000000047e+00,2.093742730389230866e-01
1.914299999999999891e+00,2.125579808644195712e-01
1.913899999999999935e+00,2.198963476082033131e-01
1.913300000000000001e+00,2.222274447977873324e-01
1.913000000000000034e+00,2.159029199002432398e-01
1.912500000000000089e+00,1.982177459801393038e-01
1.912099999999999911e+00,1.956528134151869214e-01
1.911399999999999988e+00,1.959725257641431462e-01
1.911000000000000032e+00,1.832906240166465306e-01
1.910400000000000098e+00,2.171213504927743676e-01
1.909999999999999920e+00,2.192492065098555765e-01
1.909299999999999997e+00,2.215933244217871412e-01
1.909000000000000030e+00,2.528649343542382910e-01
1.908500000000000085e+00,2.612169768434480233e-01
1.908199999999999896e+00,2.538780798273104766e-01
1.907699999999999951e+00,2.166125450682454545e-01
1.907000000000000028e+00,2.038753925692055047e-01
1.906300000000000106e+00,2.180958147548345272e-01
1.905999999999999917e+00,2.108505000097959936e-01
1.905299999999999994e+00,2.058014631604182521e-01
1.904900000000000038e+00,1.967241187662144286e-01
1.904600000000000071e+00,1.990912050754689577e-01
1.903999999999999915e+00,2.027709425703877466e-01
1.903699999999999948e+00,1.930067727497902785e-01
1.903000000000000025e+00,2.167062886155451951e-01
1.902600000000000069e+00,2.352074526330155679e-01
1.902099999999999902e+00,2.089679127473265119e-01
1.901799999999999935e+00,2.335526064298903970e-01
1.901100000000000012e+00,2.238910034643021296e-01
1.900700000000000056e+00,1.926740852257330383e-01
1.900099999999999900e+00,2.184555817640737585e-01
1.899699999999999944e+00,2.035829322202115099e-01
1.899000000000000021e+00,2.270716227933261555e-01
1.898700000000000054e+00,2.131031194813060026e-01
1.898099999999999898e+00,2.432112160433846926e-01
1.897799999999999931e+00,2.682937222241166264e-01
1.897100000000000009e+00,2.602958816787237506e-01
1.896800000000000042e+00,2.464345688537455947e-01
1.896400000000000086e+00,2.319838988736749874e-01
1.895799999999999930e+00,2.418243134998804278e-01
1.895499999999999963e+00,2.476648293451427785e-01
1.894900000000000029e+00,2.436760535427795471e-01
1.894600000000000062e+00,2.519617975305782354e-01
1.893999999999999906e+00,2.750407979115049306e-01
1.893799999999999928e+00,2.699369301962378787e-01
1.893199999999999994e+00,2.738169260024791996e-01
1.892800000000000038e+00,2.833308748808466282e-01
1.892099999999999893e+00,2.773356022833795009e-01
1.891699999999999937e+00,2.639189286581661298e-01
1.891000000000000014e+00,2.682693014014608801e-01
1.890600000000000058e+00,2.453194260572388874e-01
1.889999999999999902e+00,2.505056099111335755e-01
1.889699999999999935e+00,2.638710758364609665e-01
1.889100000000000001e+00,2.686830433813736096e-01
1.888700000000000045e+00,2.562363859370808683e-01
1.888099999999999890e+00,2.840424663162754992e-01
1.887799999999999923e+00,3.053361258446157800e-01
1.887100000000000000e+00,3.156060717386666159e-01
1.886800000000000033e+00,3.251656744824443779e-01
1.886300000000000088e+00,3.080991423997508916e-01
1.885999999999999899e+00,3.055293515453333386e-01
1.885399999999999965e+00,2.863107101808842758e-01
1.885000000000000009e+00,2.785884757518924948e-01
1.884200000000000097e+00,2.794306684102132454e-01
1.883899999999999908e+00,2.910375981345081353e-01
1.883199999999999985e+00,2.660665859077759876e-01
1.882900000000000018e+00,2.792556075336544152e-01
1.882300000000000084e+00,2.663321586791889128e-01
1.881999999999999895e+00,2.577402812346113459e-01
1.881299999999999972e+00,2.528716251840729123e-01
1.881000000000000005e+00,2.451547965652556282e-01
1.880300000000000082e+00,2.482730680965217207e-01
1.879999999999999893e+00,2.571141181195030212e-01
1.879299999999999971e+00,2.896588733737603949e-01
1.879000000000000004e+00,2.740881202771550118e-01
1.878600000000000048e+00,2.579585781408572087e-01
1.877899999999999903e+00,2.541308973095374180e-01
1.877499999999999947e+00,2.332721132262266517e-01
1.876900000000000013e+00,2.288354962246691437e-01
1.876500000000000057e+00,2.612116171352846239e-01
1.875999999999999890e+00,2.686412462225840070e-01
1.875699999999999923e+00,2.572805718283055487e-01
1.875099999999999989e+00,2.435025694830228460e-01
1.874400000000000066e+00,2.314099125728247275e-01
1.874200000000000088e+00,2.378232283110209844e-01
1.873399999999999954e+00,2.156959310887357484e-01
1.873099999999999987e+00,2.375036970148070026e-01
1.872800000000000020e+00,2.309013225058886842e-01
1.872200000000000086e+00,2.169792626714045491e-01
1.871899999999999897e+00,2.274269997284972256e-01
1.871199999999999974e+00,2.380270328318501161e-01
1.870900000000000007e+00,2.129546262458897887e-01
1.870200000000000085e+00,2.272858842893715758e-01
1.869899999999999896e+00,2.475862733830602735e-01
1.869099999999999984e+00,2.482185749441701006e-01
1.868800000000000017e+00,2.382048547001913708e-01
1.868200000000000083e+00,2.776161576494712291e-01
1.867799999999999905e+00,2.682878278519734705e-01
1.867099999999999982e+00,2.555255520311078277e-01
1.866800000000000015e+00,2.892249066525215406e-01
1.866200000000000081e+00,2.569685966694046364e-01
1.865799999999999903e+00,2.504706231993419907e-01
1.865199999999999969e+00,2.437847445573015914e-01
1.864900000000000002e+00,2.228356987973856285e-01
1.864200000000000079e+00,2.271413587905113385e-01
1.863799999999999901e+00,2.338702497738098796e-01
1.863099999999999978e+00,2.101562891574509928e-01
1.862800000000000011e+00,2.191003978913030892e-01
1.862000000000000099e+00,2.308232669501197876e-01
1.861699999999999910e+00,2.204777393478157821e-01
1.861399999999999944e+00,2.296241500211043673e-01
1.860800000000000010e+00,2.148544144212755080e-01
1.860400000000000054e+00,2.325856415612975736e-01
1.859900000000000109e+00,2.200835227998687582e-01
1.859599999999999920e+00,2.341539050026292257e-01
1.858899999999999997e+00,2.419921273966868513e-01
1.858600000000000030e+00,2.376776052626788927e-01
1.858000000000000096e+00,2.672803382997718247e-01
1.857499999999999929e+00,2.586100283467895888e-01
1.856899999999999995e+00,2.395571155673625885e-01
1.856600000000000028e+00,1.772389616960801106e-01
1.856000000000000094e+00,2.028162666204563758e-01
1.855599999999999916e+00,2.330844631807243994e-01
1.855099999999999971e+00,2.372961440375714881e-01
1.854800000000000004e+00,2.117503390464126056e-01
1.854400000000000048e+00,1.915325740634021834e-01
1.853799999999999892e+00,2.145001041984478940e-01
1.853399999999999936e+00,1.966548771503012771e-01
1.852800000000000002e+00,2.001171229323861489e-01
1.852400000000000047e+00,2.054128031184210279e-01
1.852000000000000091e+00,1.711531460106552327e-01
1.851399999999999935e+00,1.733460193189401144e-01
1.851099999999999968e+00,1.868036758136820685e-01
1.850500000000000034e+00,1.941191045736617715e-01
1.850200000000000067e+00,1.954986792739726864e-01
1.849599999999999911e+00,1.652693235206642575e-01
1.849199999999999955e+00,1.642056357057525284e-01
1.848600000000000021e+00,1.832945324593132641e-01
1.848200000000000065e+00,1.503325004356681482e-01
1.847599999999999909e+00,1.543264349139483738e-01
1.847199999999999953e+00,1.515338260673487758e-01
1.846600000000000019e+00,1.899238834864730441e-01
1.846200000000000063e+00,2.049656758922047128e-01
1.845499999999999918e+00,1.988253653897875672e-01
1.845099999999999962e+00,2.130012480124066077e-01
1.844500000000000028e+00,1.940808902492485721e-01
1.844200000000000061e+00,1.887577439473736574e-01
1.843599999999999905e+00,1.849278522283309689e-01
1.843299999999999939e+00,1.922993787008969724e-01
1.842999999999999972e+00,1.958381639008410779e-01
1.842400000000000038e+00,2.042357676826367374e-01
1.842000000000000082e+00,2.226302568127808135e-01
1.841299999999999937e+00,2.171153660579516753e-01
1.840999999999999970e+00,2.128388620178250923e-01
1.840600000000000014e+00,2.231159942373689420e-01
1.839900000000000091e+00,2.426261820606678832e-01
1.839499999999999913e+00,2.256064253376016682e-01
1.838899999999999979e+00,2.134726137179021599e-01
1.838600000000000012e+00,2.230140015834630729e-01
1.837900000000000089e+00,2.267104789056145764e-01
1.837499999999999911e+00,2.125061623833163216e-01
1.836999999999999966e+00,2.125571235633838540e-01
1.836600000000000010e+00,1.798908627972245489e-01
1.835900000000000087e+00,1.596513385063169643e-01
1.835599999999999898e+00,1.400426245471569908e-01
1.835299999999999931e+00,1.469040003882621237e-01
1.834699999999999998e+00,1.080827953810203912e-01
1.834400000000000031e+00,1.124988400817705791e-01
1.834100000000000064e+00,1.025676941570491385e-01
1.833499999999999908e+00,1.076207697254388806e-01
1.833199999999999941e+00,1.275427700217490745e-01
1.832500000000000018e+00,1.379520255379712568e-01
1.832200000000000051e+00,1.311151118458392384e-01
1.831499999999999906e+00,1.307284880139314431e-01
1.831199999999999939e+00,1.354513493801584589e-01
1.830899999999999972e+00,1.116738300162983810e-01
1.830200000000000049e+00,1.135337709623485125e-01
1.829900000000000082e+00,1.400248574961321379e-01
1.829199999999999937e+00,1.545463179635636619e-01
1.828899999999999970e+00,1.423159879158919505e-01
1.828200000000000047e+00,1.464387981053166810e-01
1.827800000000000091e+00,1.436016297533260211e-01
1.827199999999999935e+00,1.540780853948736651e-01
1.826899999999999968e+00,1.328342824593459204e-01
1.826200000000000045e+00,1.461502111246154589e-01
1.826000000000000068e+00,1.336491513515003504e-01
1.825299999999999923e+00,1.223499160474955660e-01
1.824899999999999967e+00,1.163877758492831704e-01
1.824600000000000000e+00,9.365348545078977516e-02
1.823900000000000077e+00,1.036556753323397695e-01
1.823600000000000110e+00,9.031175274877567549e-02
1.822899999999999965e+00,8.781207662227064059e-02
1.822699999999999987e+00,8.982865929534067373e-02
1.821900000000000075e+00,7.110919079331146087e-02
1.821600000000000108e+00,4.034521887755215808e-02
1.820899999999999963e+00,6.102822243114758294e-02
1.820500000000000007e+00,6.688853605128775026e-02
1.819800000000000084e+00,8.579131190872280044e-02
1.819499999999999895e+00,8.851518586081019713e-02
1.818899999999999961e+00,7.751797343538702201e-02
1.818599999999999994e+00,7.818235456605315825e-02
1.817800000000000082e+00,6.070400189392421986e-02
1.817499999999999893e+00,4.587022035054677538e-02
1.817099999999999937e+00,7.452145918025732119e-02
1.816500000000000004e+00,9.450590500552358275e-02
1.816200000000000037e+00,8.257331634321796177e-02
1.815900000000000070e+00,7.565499047373913655e-02
1.815199999999999925e+00,7.412032289912107164e-02
1.814899999999999958e+00,5.041555862159152746e-02
1.814300000000000024e+00,3.387044811460626637e-02
1.813900000000000068e+00,2.556579022441884952e-02
1.813199999999999923e+00,3.822514785187247632e-02
1.812899999999999956e+00,3.672278996516564753e-02
1.812200000000000033e+00,4.397774299308432333e-02
1.811900000000000066e+00,1.968786791477217246e-02
1.811299999999999910e+00,2.584305643336948233e-02
1.810899999999999954e+00,3.058072140758871793e-02
1.810300000000000020e+00,2.713344135034378990e-02
1.809900000000000064e+00,1.317170114333021669e-02
1.809600000000000097e+00,-6.535986979763763749e-03
1.808899999999999952e+00,-2.026380459159426994e-02
1.808499999999999996e+00,-7.123560895327951670e-03
1.807900000000000063e+00,-2.072868063134059025e-02
1.807500000000000107e+00,-4.508752705217888845e-03
1.806899999999999951e+00,-3.866324372638063611e-02
1.806599999999999984e+00,-2.191003730146745543e-02
1.805900000000000061e+00,-3.366353382473763478e-02
1.805600000000000094e+00,-5.778629564613668723e-02
1.804999999999999938e+00,-5.755548426154832864e-02
1.804699999999999971e+00,-5.221544468365924008e-02
1.804000000000000048e+00,-4.835831915808719295e-02
1.803700000000000081e+00,-3.602526544993489566e-02
1.803399999999999892e+00,-2.303967116500105217e-02
1.802799999999999958e+00,-4.097890760716704772e-02
1.802400000000000002e+00,-6.585622332501428478e-02
1.801700000000000079e+00,-7.058829885227269063e-02
1.801399999999999890e+00,-6.529604358249119223e-02
1.800699999999999967e+00,-8.621670939991388227e-02
1.800300000000000011e+00,-9.139517919316830774e-02
1.799700000000000077e+00,-1.261163138904092262e-01
1.799400000000000110e+00,-1.137159313515517800e-01
1.798799999999999955e+00,-9.887470627627237274e-02
1.798599999999999977e+00,-9.927369650289397107e-02
1.798000000000000043e+00,-7.674323789681747332e-02
1.797600000000000087e+00,-6.691868451973170817e-02
1.796899999999999942e+00,-7.761033307025766437e-02
1.796499999999999986e+00,-5.456011631897739189e-02
1.796200000000000019e+00,-8.553476594785891507e-02
1.795400000000000107e+00,-8.475361654367019604e-02
1.795099999999999918e+00,-6.527897991534525879e-02
1.794499999999999984e+00,-5.716277692684179623e-02
1.794200000000000017e+00,-5.710610801006044124e-02
1.793600000000000083e+00,-5.525197363277778440e-02
1.793299999999999894e+00,-6.735820011760651482e-02
1.792699999999999960e+00,-5.242814139147511376e-02
1.792300000000000004e+00,-6.132093482470735157e-02
1.791800000000000059e+00,-8.219881121283856285e-02
1.791500000000000092e+00,-8.384821066041714399e-02
1.791099999999999914e+00,-9.747343443569644883e-02
1.790399999999999991e+00,-1.129105406345864981e-01
1.790100000000000025e+00,-1.287857434618955299e-01
1.789400000000000102e+00,-1.467894218357135294e-01
1.789099999999999913e+00,-1.155335749090935504e-01
1.788499999999999979e+00,-1.279918073519847876e-01
1.788200000000000012e+00,-1.644197843774647394e-01
1.787500000000000089e+00,-1.482192254074338189e-01
1.787099999999999911e+00,-1.323090605791221730e-01
1.786699999999999955e+00,-1.192484851815500679e-01
1.786100000000000021e+00,-1.612488203527745467e-01
1.785700000000000065e+00,-1.712960990211953582e-01
1.784999999999999920e+00,-1.800358671939089605e-01
1.784599999999999964e+00,-1.668595592262817062e-01
1.784000000000000030e+00,-1.504968131317563351e-01
1.783600000000000074e+00,-1.487215960715992935e-01
1.782999999999999918e+00,-1.283608047051437717e-01
1.782399999999999984e+00,-1.266407792150509026e-01
1.782200000000000006e+00,-1.117947143212949523e-01
1.781800000000000050e+00,-1.164595762749576213e-01
1.781300000000000106e+00,-1.205792642032521567e-01
1.780899999999999928e+00,-1.472212294517660780e-01
1.780299999999999994e+00,-1.616811002812940101e-01
1.779900000000000038e+00,-1.610622644164505513e-01
1.779300000000000104e+00,-1.725095265303622227e-01
1.778999999999999915e+00,-1.842372363388550260e-01
1.778599999999999959e+00,-1.888838975856038660e-01
1.777800000000000047e+00,-2.035618961608587352e-01
1.777500000000000080e+00,-2.307253883979815123e-01
1.776999999999999913e+00,-2.566146809334507450e-01
1.776699999999999946e+00,-2.630856248419383148e-01
1.776200000000000001e+00,-2.152048770808628886e-01
1.775900000000000034e+00,-2.184902171790958914e-01
1.775400000000000089e+00,-2.101398294460793403e-01
1.775099999999999900e+00,-2.231986229766363961e-01
1.774499999999999966e+00,-2.658225085779009067e-01
1.774199999999999999e+00,-2.504913382817691714e-01
1.773600000000000065e+00,-2.317387359604405894e-01
1.773300000000000098e+00,-2.425556199111417177e-01
1.772499999999999964e+00,-2.459765889705617381e-01
1.772199999999999998e+00,-2.170799046342236638e-01
1.771400000000000086e+00,-2.552091739615319765e-01
1.771099999999999897e+00,-2.689690412269185593e-01
1.770399999999999974e+00,-2.632663245332594881e-01
1.770100000000000007e+00,-2.812282710474428571e-01
1.769500000000000073e+00,-2.795700373571519126e-01
1.769200000000000106e+00,-2.688765873490317482e-01
1.768899999999999917e+00,-2.693556864327012468e-01
1.768299999999999983e+00,-2.720304807728862739e-01
1.767900000000000027e+00,-2.949683881189879564e-01
1.767300000000000093e+00,-2.793051179776628867e-01
1.766899999999999915e+00,-2.838344094261563422e-01
1.766199999999999992e+00,-2.975881254637519069e-01
1.765800000000000036e+00,-3.155162843684194973e-01
1.765400000000000080e+00,-3.343375081996113884e-01
1.764699999999999935e+00,-3.301251369876995190e-01
1.764399999999999968e+00,-3.127116004305457997e-01
1.763800000000000034e+00,-3.448310696051865021e-01
1.763500000000000068e+00,-3.833346842296164736e-01
1.762899999999999912e+00,-3.979445054008712290e-01
1.762599999999999945e+00,-3.804593760287078297e-01
1.761900000000000022e+00,-3.420826218784867034e-01
1.761600000000000055e+00,-3.667407430862218431e-01
1.760899999999999910e+00,-3.733448824854573855e-01
1.760599999999999943e+00,-3.890410999268789638e-01
1.760299999999999976e+00,-3.865647788297427168e-01
1.759700000000000042e+00,-4.058478897676215391e-01
1.759400000000000075e+00,-4.156461683918477590e-01
1.758699999999999930e+00,-4.018000650661546214e-01
1.758299999999999974e+00,-3.925214145297090118e-01
1.757700000000000040e+00,-4.290030948865541927e-01
1.757300000000000084e+00,-4.517631722260329052e-01
1.756599999999999939e+00,-4.397136818386215840e-01
1.756299999999999972e+00,-4.256804734193569972e-01
1.755700000000000038e+00,-4.282430158049355118e-01
1.755400000000000071e+00,-4.266873540402504883e-01
1.754699999999999926e+00,-4.476158952122083479e-01
1.754399999999999959e+00,-4.434655892830707824e-01
1.753700000000000037e+00,-4.377760376286093935e-01
1.753400000000000070e+00,-4.437292094518208163e-01
1.752699999999999925e+00,-4.541265956805456971e-01
1.752399999999999958e+00,-4.558682978612893510e-01
1.751700000000000035e+00,-4.582943627796931541e-01
1.751400000000000068e+00,-4.882227877069100774e-01
1.750699999999999923e+00,-5.122518414328591785e-01
1.750399999999999956e+00,-5.245130311384155197e-01
1.749800000000000022e+00,-5.205442297605972213e-01
1.749400000000000066e+00,-5.181007661312492241e-01
1.748799999999999910e+00,-5.370608820116917759e-01
1.748499999999999943e+00,-5.329464374776576863e-01
1.748199999999999976e+00,-5.338210692724248974e-01
1.747600000000000042e+00,-5.380466054912685925e-01
1.747200000000000086e+00,-5.243884579127222612e-01
1.746599999999999930e+00,-5.321562656476069852e-01
1.746299999999999963e+00,-5.356447182258000650e-01
1.745600000000000041e+00,-5.547489323454862786e-01
1.745300000000000074e+00,-5.811344117628153283e-01
1.744899999999999896e+00,-5.989433573931612909e-01
1.744199999999999973e+00,-6.154426281670954957e-01
1.743900000000000006e+00,-6.395812918238985567e-01
1.743200000000000083e+00,-6.359330969183535354e-01
1.742799999999999905e+00,-6.608665558512777372e-01
1.742199999999999971e+00,-6.572378096200010011e-01
1.741900000000000004e+00,-6.593608320483446139e-01
1.741300000000000070e+00,-6.613175552450112349e-01
1.741000000000000103e+00,-6.446872030212158489e-01
1.740399999999999947e+00,-6.305681318544836822e-01
1.740199999999999969e+00,-6.450460029797100425e-01
1.739600000000000035e+00,-6.552928736532070975e-01
1.739200000000000079e+00,-6.726355419501423016e-01
1.738499999999999934e+00,-6.911290990532087397e-01
1.738199999999999967e+00,-7.041333483122358405e-01
1.737500000000000044e+00,-7.126531719931633591e-01
1.737100000000000088e+00,-7.209474032144475020e-01
1.736499999999999932e+00,-7.037914503408432276e-01
1.736099999999999977e+00,-6.823055060070637445e-01
1.735500000000000043e+00,-6.745689882157318573e-01
1.735100000000000087e+00,-6.921072425575963694e-01
1.734399999999999942e+00,-7.372618613464554382e-01
1.734099999999999975e+00,-7.588180771071068031e-01
1.733400000000000052e+00,-7.285949873724051340e-01
1.733100000000000085e+00,-7.247450984428777110e-01
1.732499999999999929e+00,-7.617840090703292821e-01
1.732199999999999962e+00,-7.415226578533912205e-01
1.731600000000000028e+00,-7.448711605777952327e-01
1.731200000000000072e+00,-7.482506906821700943e-01
1.730499999999999927e+00,-7.371690272293257573e-01
1.730099999999999971e+00,-7.493011170842805990e-01
1.729400000000000048e+00,-7.712964828040375087e-01
1.729100000000000081e+00,-8.236750623887706402e-01
1.728499999999999925e+00,-8.351174401278332882e-01
1.728199999999999958e+00,-8.313518267782232796e-01
1.727500000000000036e+00,-8.297278984551598180e-01
1.727200000000000069e+00,-8.610065091788771108e-01
1.726599999999999913e+00,-8.807554787184507239e-01
1.725899999999999990e+00,-8.796923997831523900e-01
1.725600000000000023e+00,-9.107356069747857275e-01
1.724900000000000100e+00,-9.424747862200183457e-01
1.724599999999999911e+00,-9.561821177995338816e-01
1.723999999999999977e+00,-9.870414403697486128e-01
1.723700000000000010e+00,-9.708013536013221367e-01
1.723000000000000087e+00,-9.992204940408727643e-01
1.722699999999999898e+00,-1.002051064811701586e+00
1.721999999999999975e+00,-1.022190933006386526e+00
1.721300000000000052e+00,-1.034672245925003065e+00
1.720599999999999907e+00,-1.052038505813465807e+00
1.719999999999999973e+00,-1.029617426974091643e+00
1.719600000000000017e+00,-1.023957702193587060e+00
1.719100000000000072e+00,-1.053454236313658310e+00
1.718800000000000106e+00,-1.065480473592603339e+00
1.718099999999999961e+00,-1.039364708915399671e+00
1.717799999999999994e+00,-1.033604419812747643e+00
1.717100000000000071e+00,-1.011219765944745941e+00
1.716800000000000104e+00,-1.018628063213442125e+00
1.716099999999999959e+00,-1.041381440701830030e+00
1.715799999999999992e+00,-1.077702541800104719e+00
1.715100000000000069e+00,-1.068402597185699854e+00
1.714800000000000102e+00,-1.059518391231459411e+00
1.714199999999999946e+00,-1.086307290202106923e+00
1.713799999999999990e+00,-1.118873348905299991e+00
1.713100000000000067e+00,-1.126209945391878797e+00
1.712800000000000100e+00,-1.158564809964832243e+00
1.711999999999999966e+00,-1.170212399894885014e+00
1.711699999999999999e+00,-1.179945127263368310e+00
1.711100000000000065e+00,-1.195401954498173769e+00
1.710700000000000109e+00,-1.207402151337175322e+00
1.710099999999999953e+00,-1.228035077946790121e+00
1.709799999999999986e+00,-1.198974777896419486e+00
1.709000000000000075e+00,-1.207143709264571374e+00
1.708700000000000108e+00,-1.239177462769927462e+00
1.708099999999999952e+00,-1.231000259157080556e+00
1.707799999999999985e+00,-1.238618953374251319e+00
1.707200000000000051e+00,-1.271126135063763041e+00
1.707000000000000073e+00,-1.272260997603122501e+00
1.706299999999999928e+00,-1.292365019525329561e+00
1.706099999999999950e+00,-1.286464213548152546e+00
1.705400000000000027e+00,-1.259341638220126569e+00
1.705100000000000060e+00,-1.295479241115657487e+00
1.704299999999999926e+00,-1.304319658862809650e+00
1.703999999999999959e+00,-1.307572669824105915e+00
1.703200000000000047e+00,-1.351258520068329805e+00
1.702900000000000080e+00,-1.371122252897746918e+00
1.702299999999999924e+00,-1.384802215250932722e+00
1.701999999999999957e+00,-1.416390565672429158e+00
1.701400000000000023e+00,-1.414064686099461454e+00
1.701000000000000068e+00,-1.390591057370480055e+00
1.700399999999999912e+00,-1.400316850825103376e+00
1.700099999999999945e+00,-1.440999075457902290e+00
1.699500000000000011e+00,-1.454657554738822522e+00
1.699200000000000044e+00,-1.478010500184298692e+00
1.698600000000000110e+00,-1.460332808221262546e+00
1.698199999999999932e+00,-1.478997568890930037e+00
1.697899999999999965e+00,-1.514929138387785645e+00
1.697200000000000042e+00,-1.498131420247031276e+00
1.696700000000000097e+00,-1.483384252589856178e+00
1.696099999999999941e+00,-1.484282981723330952e+00
1.695699999999999985e+00,-1.496917578807169136e+00
1.695100000000000051e+00,-1.525540981866732704e+00
1.694800000000000084e+00,-1.522205203224533232e+00
1.694299999999999917e+00,-1.528666993487123982e+00
1.693999999999999950e+00,-1.558845938748679050e+00
1.693300000000000027e+00,-1.578188974177621606e+00
1.693000000000000060e+00,-1.571303909201140936e+00
1.692299999999999915e+00,-1.600145698408758754e+00
1.691799999999999971e+00,-1.623030161930841153e+00
1.691100000000000048e+00,-1.666297753263532133e+00
1.690700000000000092e+00,-1.669001554785789931e+00
1.690099999999999936e+00,-1.708102661572216796e+00
1.689799999999999969e+00,-1.723849975039312810e+00
1.689200000000000035e+00,-1.752602625816265913e+00
1.688499999999999890e+00,-1.729765616928849337e+00
1.687899999999999956e+00,-1.746937140834417423e+00
1.687599999999999989e+00,-1.765523811494626560e+00
1.687000000000000055e+00,-1.794006656410593425e+00
1.686600000000000099e+00,-1.789209151982842805e+00
1.685999999999999943e+00,-1.831762798665606429e+00
1.685699999999999976e+00,-1.841050190675222353e+00
1.685000000000000053e+00,-1.885592181835940462e+00
1.684700000000000086e+00,-1.882673411215604720e+00
1.684099999999999930e+00,-1.895442480452993905e+00
1.683699999999999974e+00,-1.951555902211452143e+00
1.683000000000000052e+00,-1.968592633844537421e+00
1.682700000000000085e+00,-1.987544380714287406e+00
1.681899999999999951e+00,-1.997338601088596732e+00
1.681499999999999995e+00,-1.993736952879757052e+00
1.680900000000000061e+00,-1.975697802417478055e+00
1.680600000000000094e+00,-1.986169943371182800e+00
1.679999999999999938e+00,-2.026341070853268533e+00
1.679699999999999971e+00,-2.029096256088089412e+00
1.679200000000000026e+00,-2.037867567944787073e+00
1.678900000000000059e+00,-2.005310219770420233e+00
1.678299999999999903e+00,-2.042670012095473719e+00
1.677999999999999936e+00,-2.045451086319163725e+00
1.677300000000000013e+00,-2.091872231481731070e+00
1.677000000000000046e+00,-2.083405184969203017e+00
1.676299999999999901e+00,-2.106957445575583066e+00
1.675999999999999934e+00,-2.111228990053434895e+00
1.675400000000000000e+00,-2.110964293767711553e+00
1.675100000000000033e+00,-2.111102857562871637e+00
1.674400000000000110e+00,-2.153791612503550112e+00
1.673999999999999932e+00,-2.177321575813282006e+00
1.673300000000000010e+00,-2.153237149074907375e+00
1.672900000000000054e+00,-2.189803787265229396e+00
1.672199999999999909e+00,-2.234635168381002401e+00
1.671899999999999942e+00,-2.270614114609561973e+00
1.671599999999999975e+00,-2.306868809414872157e+00
1.671000000000000041e+00,-2.332671718939180572e+00
1.670700000000000074e+00,-2.303990886102710967e+00
1.669799999999999951e+00,-2.366477686584558704e+00
1.669100000000000028e+00,-2.416346376627256820e+00
1.668800000000000061e+00,-2.421473231789192493e+00
1.668199999999999905e+00,-2.439863600217986761e+00
1.667899999999999938e+00,-2.451365994554297156e+00
1.667200000000000015e+00,-2.448481364712359998e+00
1.666900000000000048e+00,-2.482331530227408045e+00
1.666199999999999903e+00,-2.513456086993340222e+00
1.665899999999999936e+00,-2.570322147681450176e+00
1.665200000000000014e+00,-2.574797046452428795e+00
1.664900000000000047e+00,-2.575465597339996027e+00
1.664199999999999902e+00,-2.605931818430371028e+00
1.663899999999999935e+00,-2.637572238875160568e+00
1.663200000000000012e+00,-2.660292129155403362e+00
1.662900000000000045e+00,-2.681462932982783709e+00
1.662300000000000111e+00,-2.720371179736405409e+00
1.661899999999999933e+00,-2.742003291854658187e+00
1.661299999999999999e+00,-2.758126529632878743e+00
1.660900000000000043e+00,-2.762265325362625479e+00
1.660300000000000109e+00,-2.803765118792114652e+00
1.659999999999999920e+00,-2.827593703760497679e+00
1.659299999999999997e+00,-2.843540561294974456e+00
1.658900000000000041e+00,-2.891759864842233352e+00
1.658400000000000096e+00,-2.940102354385618177e+00
1.658099999999999907e+00,-2.999180783790425409e+00
1.657399999999999984e+00,-3.023141324906899907e+00
1.656800000000000050e+00,-3.030386049332131737e+00
1.656500000000000083e+00,-3.070205648847065927e+00
1.655799999999999939e+00,-3.136004717439397460e+00
1.655499999999999972e+00,-3.187729479155534840e+00
1.654900000000000038e+00,-3.237300393836919810e+00
1.654600000000000071e+00,-3.261631339722057099e+00
1.653899999999999926e+00,-3.284341740405344545e+00
1.653599999999999959e+00,-3.330879784495255347e+00
1.652900000000000036e+00,-3.415690711423141401e+00
1.652600000000000069e+00,-3.488399826704832840e+00
1.651899999999999924e+00,-3.558137244717360481e+00
1.651299999999999990e+00,-3.616057320986534762e+00
1.650900000000000034e+00,-3.677805655281571440e+00
1.650300000000000100e+00,-3.717226329415582065e+00
1.649899999999999922e+00,-3.764577305851932287e+00
1.649299999999999988e+00,-3.840785304103089270e+00
1.648900000000000032e+00,-3.898724557276772806e+00
1.648500000000000076e+00,-3.904794129505964495e+00
1.647899999999999920e+00,-3.990786143869343050e+00
1.647599999999999953e+00,-4.088434589822817600e+00
1.646900000000000031e+00,-4.149366882035682380e+00
1.646500000000000075e+00,-4.219763239997343263e+00
1.645999999999999908e+00,-4.284919415431520662e+00
1.645599999999999952e+00,-4.372042544292450650e+00
1.645000000000000018e+00,-4.461393142145622548e+00
1.644600000000000062e+00,-4.563774932668865247e+00
1.644099999999999895e+00,-4.643645101834112054e+00
1.643799999999999928e+00,-4.702975088530236825e+00
1.643199999999999994e+00,-4.840248915822034981e+00
1.642500000000000071e+00,-4.946692236233382722e+00
1.642200000000000104e+00,-5.023182803698747811e+00
1.641399999999999970e+00,-5.082575593102350631e+00
1.641000000000000014e+00,-5.170149281688226850e+00
1.640300000000000091e+00,-5.265631750527716370e+00
1.639899999999999913e+00,-5.320773114184107477e+00
1.639299999999999979e+00,-5.424835030853891737e+00
1.638700000000000045e+00,-5.500009894326280069e+00
1.638400000000000079e+00,-5.573101487435505597e+00
1.638099999999999890e+00,-5.614750881761248813e+00
1.637499999999999956e+00,-5.728278240043488623e+00
1.636800000000000033e+00,-5.828082293505773670e+00
1.636500000000000066e+00,-5.916537659370405322e+00
1.635799999999999921e+00,-5.991695955892550884e+00
1.635199999999999987e+00,-6.128746198160242464e+00
1.634500000000000064e+00,-6.211789599518819038e+00
1.634100000000000108e+00,-6.305759163396581712e+00
1.633499999999999952e+00,-6.377364261691761627e+00
1.633199999999999985e+00,-6.413387316605081878e+00
1.632800000000000029e+00,-6.496590857982265099e+00
1.632200000000000095e+00,-6.574235008658183332e+00
1.631899999999999906e+00,-6.607959481870484097e+00
1.631599999999999939e+00,-6.683192704563453823e+00
1.630900000000000016e+00,-6.789786192698890943e+00
1.630600000000000049e+00,-6.862096333676640292e+00
1.629899999999999904e+00,-6.943879446378101505e+00
1.629599999999999937e+00,-7.011336638063775162e+00
1.628900000000000015e+00,-7.080051992855787901e+00
1.628600000000000048e+00,-7.121324697329997733e+00
1.628300000000000081e+00,-7.180392603984772748e+00
1.627599999999999936e+00,-7.276861852565860822e+00
1.627299999999999969e+00,-7.340542109482081301e+00
1.626700000000000035e+00,-7.411097202775565940e+00
1.626400000000000068e+00,-7.477680149134066312e+00
1.625699999999999923e+00,-7.552915004459606507e+00
1.625399999999999956e+00,-7.628575930588091580e+00
1.624600000000000044e+00,-7.716864196883471472e+00
1.623799999999999910e+00,-7.794054448350892450e+00
1.623499999999999943e+00,-7.853504069744651872e+00
1.622800000000000020e+00,-7.937149205907226168e+00
1.622500000000000053e+00,-7.982157942665671690e+00
1.622200000000000086e+00,-8.053818039360088221e+00
1.621599999999999930e+00,-8.085789883971461478e+00
1.621299999999999963e+00,-8.135347660480004350e+00
1.620600000000000041e+00,-8.165387538439441428e+00
1.620400000000000063e+00,-8.209845164678860385e+00
1.619699999999999918e+00,-8.283080273769824586e+00
1.619399999999999951e+00,-8.345880519849274037e+00
1.618700000000000028e+00,-8.415526874517437861e+00
1.618500000000000050e+00,-8.462931847653953454e+00
1.617799999999999905e+00,-8.550388254769877960e+00
1.617199999999999971e+00,-8.608323016102980674e+00
1.616900000000000004e+00,-8.681812256797899252e+00
1.616300000000000070e+00,-8.725518696528835605e+00
1.615899999999999892e+00,-8.782001352514862802e+00
1.615199999999999969e+00,-8.823885742533995824e+00
1.614900000000000002e+00,-8.890325904982802285e+00
1.614200000000000079e+00,-8.938645299047532689e+00
1.613399999999999945e+00,-8.985174397915102418e+00
1.613199999999999967e+00,-9.023910266662063862e+00
1.612500000000000044e+00,-9.071335093368409375e+00
1.612200000000000077e+00,-9.106836376467434491e+00
1.611399999999999944e+00,-9.205143452207034116e+00
1.610800000000000010e+00,-9.270198087187736746e+00
1.610500000000000043e+00,-9.258158944509819577e+00
1.609799999999999898e+00,-9.305075551750697116e+00
1.609499999999999931e+00,-9.313124409062249143e+00
1.609199999999999964e+00,-9.350639051657408274e+00
1.608500000000000041e+00,-9.390576342755904804e+00
1.608200000000000074e+00,-9.454042099547518063e+00
1.607599999999999918e+00,-9.499986022507012962e+00
1.606899999999999995e+00,-9.536164249657892000e+00
1.606600000000000028e+00,-9.601833194395823057e+00
1.605900000000000105e+00,-9.636143273655459751e+00
1.605599999999999916e+00,-9.691499960131148228e+00
1.605299999999999949e+00,-9.744902424147634079e+00
1.604600000000000026e+00,-9.779603809446577145e+00
1.604300000000000059e+00,-9.818251782204093558e+00
1.603699999999999903e+00,-9.874883115171609660e+00
1.603299999999999947e+00,-9.900265953413992293e+00
1.602700000000000014e+00,-9.941961044066665920e+00
1.602000000000000091e+00,-9.971100281805714616e+00
1.601699999999999902e+00,-9.987317741403863636e+00
1.600999999999999979e+00,-9.990895457766962195e+00
1.600800000000000001e+00,-9.989653169134236066e+00
1.600100000000000078e+00,-1.000378320339390115e+01
1.599699999999999900e+00,-1.000082514633834840e+01
1.599099999999999966e+00,-1.003294335121703007e+01
1.598799999999999999e+00,-1.007652330158280485e+01
1.598500000000000032e+00,-1.017600012993384517e+01
1.597699999999999898e+00,-1.034147203823748740e+01
1.597399999999999931e+00,-1.051576429239066357e+01
1.596799999999999997e+00,-1.075674244932940660e+01
1.596500000000000030e+00,-1.100890696677063474e+01
1.595800000000000107e+00,-1.127527208831143035e+01
1.595399999999999929e+00,-1.153540697450758401e+01
1.594799999999999995e+00,-1.181809175236150899e+01
1.594400000000000039e+00,-1.210335533595070778e+01
1.593699999999999894e+00,-1.250797522210252133e+01
1.593399999999999928e+00,-1.276591524831671620e+01
1.592799999999999994e+00,-1.322321324866287995e+01
1.592100000000000071e+00,-1.364557253710485440e+01
1.591800000000000104e+00,-1.396729746094525737e+01
1.591099999999999959e+00,-1.445051399229825506e+01
1.590799999999999992e+00,-1.474768267253935505e+01
1.590100000000000069e+00,-1.524950123771885657e+01
1.589900000000000091e+00,-1.558785843725519982e+01
1.589199999999999946e+00,-1.588884080130463516e+01
1.588899999999999979e+00,-1.619094640526522255e+01
1.588600000000000012e+00,-1.654353928028026743e+01
1.587800000000000100e+00,-1.694720005129303431e+01
1.587499999999999911e+00,-1.728272209449363572e+01
1.586799999999999988e+00,-1.754939672748319524e+01
1.586500000000000021e+00,-1.784528387530834337e+01
1.585599999999999898e+00,-1.834119037870570068e+01
1.585299999999999931e+00,-1.862120785211633489e+01
1.584699999999999998e+00,-1.887737416158899606e+01
1.584400000000000031e+00,-1.905565321903488041e+01
1.583800000000000097e+00,-1.930620283333989207e+01
1.583399999999999919e+00,-1.952234701865958399e+01
1.582799999999999985e+00,-1.974877037357707010e+01
1.582500000000000018e+00,-1.992864975427187346e+01
1.581800000000000095e+00,-2.014177493073789194e+01
1.581399999999999917e+00,-2.029647821802579699e+01
1.580799999999999983e+00,-2.052194472164405070e+01
1.580400000000000027e+00,-2.069916414606867860e+01
1.579700000000000104e+00,-2.089622723902805035e+01
1.579399999999999915e+00,-2.098049531609608209e+01
1.578899999999999970e+00,-2.110393042836292210e+01
1.578500000000000014e+00,-2.120768361086044962e+01
1.577900000000000080e+00,-2.133925464684986650e+01
1.577599999999999891e+00,-2.147723579919540171e+01
1.576899999999999968e+00,-2.160739211787311831e+01
1.576500000000000012e+00,-2.169851270579642488e+01
1.575900000000000079e+00,-2.183953101366799388e+01
1.575599999999999890e+00,-2.197582488725965888e+01
1.574999999999999956e+00,-2.209207024284169663e+01
1.574600000000000000e+00,-2.222420380725426270e+01
1.574000000000000066e+00,-2.229969271528402075e+01
1.573600000000000110e+00,-2.240289144878719441e+01
1.572899999999999965e+00,-2.245568156880629829e+01
1.572500000000000009e+00,-2.251909926939584139e+01
1.572100000000000053e+00,-2.262261745395698043e+01
1.571399999999999908e+00,-2.271385416645725641e+01
1.571099999999999941e+00,-2.275231860198491418e+01
1.570599999999999996e+00,-2.284331981036689996e+01
1.570200000000000040e+00,-2.294509513696626968e+01
1.569499999999999895e+00,-2.307647569432733192e+01
1.569199999999999928e+00,-2.313106787113008878e+01
1.568500000000000005e+00,-2.324790875914278843e+01
1.568300000000000027e+00,-2.331857606671892924e+01
1.567700000000000093e+00,-2.338638638347875087e+01
1.567399999999999904e+00,-2.343539279879465553e+01
1.566799999999999971e+00,-2.347514055472451489e+01
1.566400000000000015e+00,-2.351688436024682716e+01
1.565700000000000092e+00,-2.361857043540437218e+01
1.565399999999999903e+00,-2.368745733606226267e+01
1.564699999999999980e+00,-2.372934403864716302e+01
1.564400000000000013e+00,-2.377368312824409813e+01
1.563700000000000090e+00,-2.385237174836081664e+01
1.563499999999999890e+00,-2.392674607834144851e+01
1.562799999999999967e+00,-2.398724163815615285e+01
1.562500000000000000e+00,-2.403645127964839645e+01
1.561800000000000077e+00,-2.408040108526666856e+01
1.561500000000000110e+00,-2.413024422446476791e+01
1.560899999999999954e+00,-2.420698715886269170e+01
1.560499999999999998e+00,-2.424220343902050345e+01
1.559900000000000064e+00,-2.429752751170449088e+01
1.559500000000000108e+00,-2.432779742406292200e+01
1.558799999999999963e+00,-2.436287695324734059e+01
1.558499999999999996e+00,-2.439112734572684005e+01
1.557800000000000074e+00,-2.444619985632404280e+01
1.557500000000000107e+00,-2.445890721569608672e+01
1.556899999999999951e+00,-2.449657565872873732e+01
1.556599999999999984e+00,-2.458122693335916509e+01
1.555900000000000061e+00,-2.461775106983986916e+01
1.555700000000000083e+00,-2.466029020988507625e+01
1.554999999999999938e+00,-2.474926270658664507e+01
1.554599999999999982e+00,-2.477384020580196378e+01
1.554300000000000015e+00,-2.481434343793217323e+01
1.553700000000000081e+00,-2.482575338811025034e+01
1.553399999999999892e+00,-2.484818430417111301e+01
1.552799999999999958e+00,-2.490625837749844962e+01
1.552200000000000024e+00,-2.499178420497516484e+01
1.551800000000000068e+00,-2.503291233224560841e+01
1.551199999999999912e+00,-2.507385420209918081e+01
1.550799999999999956e+00,-2.512456378649151745e+01
1.550499999999999989e+00,-2.514796543694420805e+01
1.549800000000000066e+00,-2.516005267441719795e+01
1.549500000000000099e+00,-2.521773797349259283e+01
1.548899999999999944e+00,-2.522225653930733813e+01
1.548499999999999988e+00,-2.527554013657274368e+01
1.547800000000000065e+00,-2.527688402437881621e+01
1.547500000000000098e+00,-2.529574739275888362e+01
1.546899999999999942e+00,-2.537473941262276611e+01
1.546499999999999986e+00,-2.539515094539812523e+01
1.545900000000000052e+00,-2.542728722736637081e+01
1.545600000000000085e+00,-2.547379434315738678e+01
1.544999999999999929e+00,-2.551357567494869372e+01
1.544300000000000006e+00,-2.553123547660912251e+01
1.544000000000000039e+00,-2.554994296920290964e+01
1.543299999999999894e+00,-2.560074116928780796e+01
1.542999999999999927e+00,-2.561013063968162484e+01
1.542300000000000004e+00,-2.567384520218703159e+01
1.542000000000000037e+00,-2.572199475646031175e+01
1.541400000000000103e+00,-2.574316839414987257e+01
1.541099999999999914e+00,-2.571441774556367221e+01
1.540699999999999958e+00,-2.573925567571763295e+01
1.540000000000000036e+00,-2.576729802261331415e+01
1.539600000000000080e+00,-2.577239858453785004e+01
1.538999999999999924e+00,-2.580274077207162264e+01
1.538599999999999968e+00,-2.584868509288700622e+01
1.538000000000000034e+00,-2.589472044491336788e+01
1.537700000000000067e+00,-2.592604109089249675e+01
1.536999999999999922e+00,-2.598588342944155372e+01
1.536699999999999955e+00,-2.599590330896977264e+01
1.536000000000000032e+00,-2.603711084382876706e+01
1.535600000000000076e+00,-2.605479446731658300e+01
1.534999999999999920e+00,-2.606635883000957676e+01
1.534699999999999953e+00,-2.606939752881314831e+01
1.534100000000000019e+00,-2.610320831463361912e+01
1.533800000000000052e+00,-2.610997056431919816e+01
1.533199999999999896e+00,-2.616850655691260741e+01
1.532799999999999940e+00,-2.618978945046960760e+01
1.532100000000000017e+00,-2.621217835153954923e+01
1.531800000000000050e+00,-2.623035731860101194e+01
1.531199999999999894e+00,-2.621845828375463938e+01
1.530899999999999928e+00,-2.623989354032605448e+01
1.530200000000000005e+00,-2.627573651632626550e+01
1.529900000000000038e+00,-2.629069183095137419e+01
1.529300000000000104e+00,-2.635976923901208835e+01
1.528899999999999926e+00,-2.637730113490763273e+01
1.528299999999999992e+00,-2.640053433403512528e+01
1.527900000000000036e+00,-2.642463820543812858e+01
1.527600000000000069e+00,-2.643077047279705027e+01
1.526999999999999913e+00,-2.638861211223331438e+01
1.526699999999999946e+00,-2.643706840623014642e+01
1.526000000000000023e+00,-2.644512946658565511e+01
1.525700000000000056e+00,-2.646020896088360530e+01
1.524999999999999911e+00,-2.647260877447861205e+01
1.524599999999999955e+00,-2.648421187131438614e+01
1.523900000000000032e+00,-2.648778095758076034e+01
1.523600000000000065e+00,-2.650746250570205831e+01
1.523300000000000098e+00,-2.651733306344161889e+01
1.522599999999999953e+00,-2.654464351229471220e+01
1.522299999999999986e+00,-2.654372413776794559e+01
1.521600000000000064e+00,-2.656452752963474850e+01
1.521300000000000097e+00,-2.658752599147273799e+01
1.520699999999999941e+00,-2.663573735133019227e+01
1.520299999999999985e+00,-2.665439403462029588e+01
1.520000000000000018e+00,-2.668544967683976310e+01
1.519200000000000106e+00,-2.673911905132150935e+01
1.518899999999999917e+00,-2.674138598122242172e+01
1.518199999999999994e+00,-2.676784458429289160e+01
1.517900000000000027e+00,-2.678077802744094527e+01
1.517300000000000093e+00,-2.682013663606111464e+01
1.516999999999999904e+00,-2.681203863746043581e+01
1.516299999999999981e+00,-2.682567065521081773e+01
1.516000000000000014e+00,-2.683477070466594583e+01
1.515400000000000080e+00,-2.685204682586327962e+01
1.515099999999999891e+00,-2.690190555198739730e+01
1.514399999999999968e+00,-2.691233648612657703e+01
1.514100000000000001e+00,-2.691309181918344251e+01
1.513400000000000079e+00,-2.693405314033881481e+01
1.512999999999999901e+00,-2.692007815919654590e+01
1.512799999999999923e+00,-2.692739699743113846e+01
1.512100000000000000e+00,-2.697491622631782704e+01
1.511700000000000044e+00,-2.698702657163709517e+01
1.511100000000000110e+00,-2.701515093884842500e+01
1.510799999999999921e+00,-2.699445767008236530e+01
1.510499999999999954e+00,-2.702983852492877404e+01
1.509800000000000031e+00,-2.702295666259270490e+01
1.509500000000000064e+00,-2.704331495738849966e+01
1.508799999999999919e+00,-2.705174915494552934e+01
1.508399999999999963e+00,-2.706152452028234023e+01
1.507800000000000029e+00,-2.707125328552852750e+01
1.507500000000000062e+00,-2.706836313188538412e+01
1.506799999999999917e+00,-2.708282880282009941e+01
1.506399999999999961e+00,-2.710876034200462925e+01
1.505800000000000027e+00,-2.716278015582225436e+01
1.505500000000000060e+00,-2.717925848909480280e+01
1.505100000000000104e+00,-2.719109436905148414e+01
1.504499999999999948e+00,-2.719628508367696895e+01
1.504199999999999982e+00,-2.720421961527399901e+01
1.503600000000000048e+00,-2.722402483732976108e+01
1.503200000000000092e+00,-2.721913504432696485e+01
1.502499999999999947e+00,-2.721911744816736700e+01
1.502199999999999980e+00,-2.725355892609915287e+01
1.501900000000000013e+00,-2.723759637654095300e+01
1.501200000000000090e+00,-2.725895524486807275e+01
1.500799999999999912e+00,-2.725799499492774558e+01
1.500099999999999989e+00,-2.724427158677066174e+01
1.499900000000000011e+00,-2.726065570710714425e+01
1.499200000000000088e+00,-2.730431888895365589e+01
1.498899999999999899e+00,-2.730524627735896104e+01
1.498299999999999965e+00,-2.732321102490928411e+01
1.497900000000000009e+00,-2.733868855101656692e+01
1.497300000000000075e+00,-2.739712659920526150e+01
1.496899999999999897e+00,-2.739970715979166016e+01
1.496299999999999963e+00,-2.739180897869154663e+01
1.495999999999999996e+00,-2.741452109809479509e+01
1.495200000000000085e+00,-2.745009353356912740e+01
1.495000000000000107e+00,-2.745897249007492391e+01
1.494199999999999973e+00,-2.747504991265948959e+01
1.493800000000000017e+00,-2.751420190594058823e+01
1.493200000000000083e+00,-2.752991682390612382e+01
1.492899999999999894e+00,-2.754486538888295399e+01
1.492199999999999971e+00,-2.755055722621323255e+01
1.491900000000000004e+00,-2.754878841266135581e+01
1.491300000000000070e+00,-2.752521249540819426e+01
1.491000000000000103e+00,-2.756058533792994680e+01
1.490399999999999947e+00,-2.759026441601537982e+01
1.490099999999999980e+00,-2.761838583312040285e+01
1.489400000000000057e+00,-2.758863833745364857e+01
1.489100000000000090e+00,-2.759626202951150020e+01
1.488299999999999956e+00,-2.757123444889174380e+01
1.487999999999999989e+00,-2.760460472973590029e+01
1.487600000000000033e+00,-2.762294238224140130e+01
1.486900000000000110e+00,-2.766732624049292255e+01
1.486599999999999921e+00,-2.768490866001081940e+01
1.485999999999999988e+00,-2.770083232847761323e+01
1.485700000000000021e+00,-2.773945601731303512e+01
1.485000000000000098e+00,-2.773149346956965644e+01
1.484699999999999909e+00,-2.773115354853562664e+01
1.483999999999999986e+00,-2.775180121537649924e+01
1.483700000000000019e+00,-2.777590198800305998e+01
1.483100000000000085e+00,-2.780044209149262713e+01
1.482799999999999896e+00,-2.780320577012475169e+01
1.482499999999999929e+00,-2.783732478000566601e+01
1.481800000000000006e+00,-2.783115754294226818e+01
1.481500000000000039e+00,-2.784553446557903911e+01
1.480699999999999905e+00,-2.783050229045215573e+01
1.480399999999999938e+00,-2.782144012541884592e+01
1.479700000000000015e+00,-2.780567486685911405e+01
1.479400000000000048e+00,-2.778340964939389579e+01
1.478799999999999892e+00,-2.782245965660471043e+01
1.478499999999999925e+00,-2.783284284582285295e+01
1.477800000000000002e+00,-2.781504448452175282e+01
1.477400000000000047e+00,-2.782703110884264674e+01
1.476799999999999891e+00,-2.782307400275123399e+01
1.476399999999999935e+00,-2.783343540066589128e+01
1.475800000000000001e+00,-2.786247791311501132e+01
1.475500000000000034e+00,-2.785549353895543234e+01
1.474900000000000100e+00,-2.788899670053655910e+01
1.474499999999999922e+00,-2.791802724129051327e+01
1.473799999999999999e+00,-2.792937310129063633e+01
1.473500000000000032e+00,-2.793752388641664197e+01
1.472800000000000109e+00,-2.794730273142330290e+01
1.472499999999999920e+00,-2.797176967086027588e+01
1.471899999999999986e+00,-2.800455822081666923e+01
1.471200000000000063e+00,-2.801613400521714325e+01
1.470499999999999918e+00,-2.802469320393220897e+01
1.470199999999999951e+00,-2.801810890200283310e+01
1.469899999999999984e+00,-2.800623531540279032e+01
1.469300000000000050e+00,-2.801912449928063609e+01
1.468900000000000095e+00,-2.798893605788742178e+01
1.468199999999999950e+00,-2.802074781296688855e+01
1.467899999999999983e+00,-2.803119600492849628e+01
1.467200000000000060e+00,-2.804209758560972787e+01
1.466900000000000093e+00,-2.802303042030891689e+01
1.466499999999999915e+00,-2.805263357910613209e+01
1.465799999999999992e+00,-2.804459834299839827e+01
1.465500000000000025e+00,-2.801406312614752991e+01
1.464800000000000102e+00,-2.803477134085165190e+01
1.464199999999999946e+00,-2.805561883684713820e+01
1.463600000000000012e+00,-2.806989281213708054e+01
1.463300000000000045e+00,-2.807730318992833318e+01
1.462699999999999889e+00,-2.809600923361736591e+01
1.462399999999999922e+00,-2.809687124744782238e+01
1.461600000000000010e+00,-2.813873101022261380e+01
1.461300000000000043e+00,-2.814873020697931949e+01
1.460599999999999898e+00,-2.812518473604176705e+01
1.460299999999999931e+00,-2.814808683872758976e+01
1.459600000000000009e+00,-2.816117296301594308e+01
1.459400000000000031e+00,-2.817178225621753995e+01
1.458700000000000108e+00,-2.818266159308018004e+01
1.457999999999999963e+00,-2.812286457975869780e+01
1.457799999999999985e+00,-2.811833621941504902e+01
1.457100000000000062e+00,-2.813510579526661104e+01
1.456700000000000106e+00,-2.816770280795639891e+01
1.456099999999999950e+00,-2.816335735508386406e+01
1.455799999999999983e+00,-2.819672109787667225e+01
1.455500000000000016e+00,-2.822845892135779522e+01
1.454700000000000104e+00,-2.824311417222065401e+01
1.454399999999999915e+00,-2.825583264143734397e+01
1.453699999999999992e+00,-2.828530338270969580e+01
1.453000000000000069e+00,-2.826217422957737213e+01
1.452599999999999891e+00,-2.826192629895550468e+01
1.451999999999999957e+00,-2.825079839579615282e+01
1.451300000000000034e+00,-2.828954323262321324e+01
1.451000000000000068e+00,-2.825391584242130349e+01
1.450399999999999912e+00,-2.827741862075454193e+01
1.450099999999999945e+00,-2.826179303297808687e+01
1.449400000000000022e+00,-2.826625706329015486e+01
1.449100000000000055e+00,-2.825134902433683237e+01
1.448399999999999910e+00,-2.824972847409977561e+01
1.448099999999999943e+00,-2.828787986217974648e+01
1.447400000000000020e+00,-2.831730988314858166e+01
1.447000000000000064e+00,-2.830294184866834328e+01
1.446399999999999908e+00,-2.834205313969571804e+01
1.445699999999999985e+00,-2.833956248794559940e+01
1.445300000000000029e+00,-2.834580148825434520e+01
1.444700000000000095e+00,-2.834662699735222802e+01
1.444299999999999917e+00,-2.834545399558359335e+01
1.443799999999999972e+00,-2.837976218005751505e+01
1.443599999999999994e+00,-2.835637329367084192e+01
1.443000000000000060e+00,-2.839428253626728704e+01
1.442700000000000093e+00,-2.838483854804250939e+01
1.442099999999999937e+00,-2.837983513975482452e+01
1.441799999999999971e+00,-2.839992383638738360e+01
1.441400000000000015e+00,-2.844093345871108625e+01
1.440800000000000081e+00,-2.839860537690551467e+01
1.440399999999999903e+00,-2.841471165587437753e+01
1.439799999999999969e+00,-2.844564661475083867e+01
1.439500000000000002e+00,-2.847457461970827453e+01
1.438900000000000068e+00,-2.849936033352297571e+01
1.438600000000000101e+00,-2.846499850161672640e+01
1.437899999999999956e+00,-2.847748145268884201e+01
1.437599999999999989e+00,-2.845016355330666613e+01
1.436900000000000066e+00,-2.843958049681440059e+01
1.436500000000000110e+00,-2.846768413708213075e+01
1.436199999999999921e+00,-2.842308961168056669e+01
1.435499999999999998e+00,-2.844477661614712360e+01
1.435100000000000042e+00,-2.848283085468035480e+01
1.434500000000000108e+00,-2.849158313287837530e+01
1.434199999999999919e+00,-2.850100806800447018e+01
1.433599999999999985e+00,-2.846917793113308548e+01
1.433200000000000029e+00,-2.847831499704807356e+01
1.432600000000000096e+00,-2.847496542961840049e+01
1.432299999999999907e+00,-2.848176765668265631e+01
1.431499999999999995e+00,-2.851670179500089120e+01
1.431200000000000028e+00,-2.848801417799397129e+01
1.430600000000000094e+00,-2.846419779400401140e+01
1.430199999999999916e+00,-2.849185541037059366e+01
1.429499999999999993e+00,-2.850634077814877188e+01
1.429200000000000026e+00,-2.850888510048145363e+01
1.428700000000000081e+00,-2.853609899763041824e+01
1.428399999999999892e+00,-2.857104969037176190e+01
1.427599999999999980e+00,-2.855622414442114732e+01
1.427300000000000013e+00,-2.856382725427257441e+01
1.426600000000000090e+00,-2.858750413220235842e+01
1.426299999999999901e+00,-2.859442134543928304e+01
1.425499999999999989e+00,-2.853770564650269392e+01
1.425200000000000022e+00,-2.854183214837206606e+01
1.424600000000000088e+00,-2.851176932073019898e+01
1.424299999999999899e+00,-2.850768356835488149e+01
1.423599999999999977e+00,-2.853872005614370266e+01
1.423399999999999999e+00,-2.855379306973167175e+01
1.422800000000000065e+00,-2.856602916729254815e+01
1.422500000000000098e+00,-2.857448263354871187e+01
1.421699999999999964e+00,-2.861575309759702179e+01
1.421399999999999997e+00,-2.862418060169368061e+01
1.420700000000000074e+00,-2.861718320115828718e+01
1.420400000000000107e+00,-2.860139695329174003e+01
1.419699999999999962e+00,-2.860111544488210100e+01
1.419399999999999995e+00,-2.861226829803421978e+01
1.418800000000000061e+00,-2.861108007394149055e+01
1.418500000000000094e+00,-2.860786803550903556e+01
1.418199999999999905e+00,-2.863702102877986633e+01
1.417100000000000026e+00,-2.864660170354589752e+01
1.416900000000000048e+00,-2.868894988933591605e+01
1.416099999999999914e+00,-2.867641824483326118e+01
1.415799999999999947e+00,-2.868533371773486351e+01
1.415100000000000025e+00,-2.867679947745234514e+01
1.414800000000000058e+00,-2.869480870179193133e+01
1.414099999999999913e+00,-2.868429953282076994e+01
1.413799999999999946e+00,-2.868188595433925059e+01
1.413100000000000023e+00,-2.868766475905455593e+01
1.412800000000000056e+00,-2.867165926609439808e+01
1.412199999999999900e+00,-2.866323696157808953e+01
1.411899999999999933e+00,-2.869179384625310192e+01
1.411200000000000010e+00,-2.873120103696509631e+01
1.410900000000000043e+00,-2.873942541276770868e+01
1.410199999999999898e+00,-2.875847044425984578e+01
1.409799999999999942e+00,-2.875621279744451542e+01
1.409200000000000008e+00,-2.875595848890223749e+01
1.408900000000000041e+00,-2.875165827567090204e+01
1.408199999999999896e+00,-2.874485996114013631e+01
1.407899999999999929e+00,-2.874213921105380010e+01
1.407299999999999995e+00,-2.875302001315201039e+01
1.406900000000000039e+00,-2.874252148044494248e+01
1.406300000000000106e+00,-2.874204808282383894e+01
1.405999999999999917e+00,-2.873688620662652582e+01
1.405399999999999983e+00,-2.871647623275304539e+01
1.405100000000000016e+00,-2.870488046649889569e+01
1.404500000000000082e+00,-2.876915792930541471e+01
1.404099999999999904e+00,-2.879672123462691147e+01
1.403399999999999981e+00,-2.879788725674327310e+01
1.403100000000000014e+00,-2.881791004285851088e+01
1.402700000000000058e+00,-2.883054851596684998e+01
1.401999999999999913e+00,-2.879308220369615512e+01
1.401699999999999946e+00,-2.882598593696057776e+01
1.401100000000000012e+00,-2.881532927807607791e+01
1.400800000000000045e+00,-2.879189371791275676e+01
1.400199999999999889e+00,-2.883202136325265030e+01
1.399799999999999933e+00,-2.884364989512340571e+01
1.399100000000000010e+00,-2.881045448746878535e+01
1.398800000000000043e+00,-2.880327494909941421e+01
1.398099999999999898e+00,-2.880550816937062208e+01
1.397799999999999931e+00,-2.879229716639571279e+01
1.397199999999999998e+00,-2.880205926665720284e+01
1.396800000000000042e+00,-2.880680945923953828e+01
1.396200000000000108e+00,-2.878429123029831160e+01
1.395799999999999930e+00,-2.882280317329961861e+01
1.395100000000000007e+00,-2.884139762351391312e+01
1.394700000000000051e+00,-2.885384400026815044e+01
1.394099999999999895e+00,-2.886774697850348659e+01
1.393899999999999917e+00,-2.889558638576213312e+01
1.393199999999999994e+00,-2.887085849925981407e+01
1.392900000000000027e+00,-2.885235287521277669e+01
1.392400000000000082e+00,-2.881354462332293309e+01
1.391999999999999904e+00,-2.879163473849984101e+01
1.391299999999999981e+00,-2.881020614238123656e+01
1.391000000000000014e+00,-2.881500146279421415e+01
1.390300000000000091e+00,-2.882833522348145294e+01
1.389999999999999902e+00,-2.881979408037478763e+01
1.389699999999999935e+00,-2.882661281748584514e+01
1.389000000000000012e+00,-2.882815389534700046e+01
1.388700000000000045e+00,-2.881159542962620534e+01
1.388099999999999890e+00,-2.879866800989012887e+01
1.387699999999999934e+00,-2.881849446214924981e+01
1.387399999999999967e+00,-2.884148962446521480e+01
1.386600000000000055e+00,-2.888300803626821178e+01
1.386400000000000077e+00,-2.890346370890729943e+01
1.385999999999999899e+00,-2.890250015224506086e+01
1.385399999999999965e+00,-2.888477442280802521e+01
1.385099999999999998e+00,-2.890294827346019702e+01
1.384500000000000064e+00,-2.893820401781884044e+01
1.384200000000000097e+00,-2.894757763620310698e+01
1.383599999999999941e+00,-2.894291515780668433e+01
1.383199999999999985e+00,-2.895153534989737665e+01
1.382600000000000051e+00,-2.896626295640670889e+01
1.382200000000000095e+00,-2.895138547899696491e+01
1.381499999999999950e+00,-2.895721521067769189e+01
1.381199999999999983e+00,-2.892126375811411521e+01
1.380900000000000016e+00,-2.893438415734091151e+01
1.380200000000000093e+00,-2.894361348216474639e+01
1.379899999999999904e+00,-2.896407054271722714e+01
1.379599999999999937e+00,-2.899943392217114990e+01
1.378900000000000015e+00,-2.899791630568450529e+01
1.378600000000000048e+00,-2.900479712006111299e+01
1.377899999999999903e+00,-2.899827489237123856e+01
1.377599999999999936e+00,-2.897552206925675833e+01
1.376900000000000013e+00,-2.897466273976724693e+01
1.376600000000000046e+00,-2.897704620955544996e+01
1.375899999999999901e+00,-2.898912635314228226e+01
1.375599999999999934e+00,-2.898575940515797811e+01
1.374900000000000011e+00,-2.898738935256002591e+01
1.374600000000000044e+00,-2.899989036982027102e+01
1.374000000000000110e+00,-2.900320535134844135e+01
1.373599999999999932e+00,-2.904161784415305902e+01
1.372999999999999998e+00,-2.906804842318817705e+01
1.372700000000000031e+00,-2.906471003174711143e+01
1.372300000000000075e+00,-2.903657622128387317e+01
1.371599999999999930e+00,-2.905277695819837191e+01
1.371299999999999963e+00,-2.903658979949465291e+01
1.370600000000000041e+00,-2.901665498992907288e+01
1.370300000000000074e+00,-2.902877002919530725e+01
1.369699999999999918e+00,-2.901718007770233498e+01
1.369399999999999951e+00,-2.901659322120421436e+01
1.368800000000000017e+00,-2.901093233891073453e+01
1.368400000000000061e+00,-2.901605210798331669e+01
1.367799999999999905e+00,-2.900461976566327849e+01
1.367399999999999949e+00,-2.901770516860920068e+01
1.366600000000000037e+00,-2.901687754075267378e+01
1.366300000000000070e+00,-2.900211169312196091e+01
1.365699999999999914e+00,-2.902543952818282946e+01
1.364999999999999991e+00,-2.902090020797283643e+01
1.364700000000000024e+00,-2.900916230997620104e+01
1.364400000000000057e+00,-2.902044450856684676e+01
1.363799999999999901e+00,-2.902066566575246753e+01
1.363499999999999934e+00,-2.904273272802577921e+01
1.362800000000000011e+00,-2.908475336123352051e+01
1.362400000000000055e+00,-2.909157910129141200e+01
1.361799999999999899e+00,-2.910997886009271340e+01
1.361499999999999932e+00,-2.911303537432887012e+01
1.360899999999999999e+00,-2.910672886024569195e+01
1.360500000000000043e+00,-2.911154618949647599e+01
1.359900000000000109e+00,-2.910876878468339513e+01
1.359499999999999931e+00,-2.911237553229924302e+01
1.358899999999999997e+00,-2.909061485426335381e+01
1.358300000000000063e+00,-2.906212733084813493e+01
1.358000000000000096e+00,-2.907074938527688701e+01
1.357299999999999951e+00,-2.906945141998747317e+01
1.356999999999999984e+00,-2.908743408390098040e+01
1.356400000000000050e+00,-2.909056497193036961e+01
1.356000000000000094e+00,-2.911565622613389337e+01
1.355599999999999916e+00,-2.912318467949599921e+01
1.354899999999999993e+00,-2.913942575838886384e+01
1.354600000000000026e+00,-2.910977912747060614e+01
1.353799999999999892e+00,-2.907757484420826799e+01
1.353499999999999925e+00,-2.907647784966861693e+01
1.352899999999999991e+00,-2.910353138436024167e+01
1.352600000000000025e+00,-2.910351613141966354e+01
1.352000000000000091e+00,-2.909181378507076587e+01
1.351699999999999902e+00,-2.909689016490253621e+01
1.351099999999999968e+00,-2.916717135025594132e+01
1.350700000000000012e+00,-2.918160933272802282e+01
1.350000000000000089e+00,-2.916619466125820637e+01
1.349599999999999911e+00,-2.917049374208703583e+01
1.348899999999999988e+00,-2.915477210411916786e+01
1.348600000000000021e+00,-2.915296402232099737e+01
1.348000000000000087e+00,-2.916769556174821076e+01
1.347399999999999931e+00,-2.912477319618085758e+01
1.346999999999999975e+00,-2.914521721235109553e+01
1.346799999999999997e+00,-2.915870419225204202e+01
1.346100000000000074e+00,-2.916089116367682976e+01
1.345800000000000107e+00,-2.918399141791268292e+01
1.345099999999999962e+00,-2.918281589881950566e+01
1.344500000000000028e+00,-2.917050224847291062e+01
1.344200000000000061e+00,-2.918111103907584791e+01
1.343499999999999917e+00,-2.914471051106461275e+01
1.343099999999999961e+00,-2.914895504631288858e+01
1.342500000000000027e+00,-2.916867357671444694e+01
1.342200000000000060e+00,-2.915899532325884280e+01
1.341499999999999915e+00,-2.910341773861742354e+01
1.341199999999999948e+00,-2.911313185008958371e+01
1.340600000000000014e+00,-2.911296312004575526e+01
1.340300000000000047e+00,-2.914954356642053668e+01
1.339599999999999902e+00,-2.917771966580474796e+01
1.339199999999999946e+00,-2.919572495298401904e+01
1.338600000000000012e+00,-2.919464022281027837e+01
1.338300000000000045e+00,-2.920819629850281274e+01
1.337900000000000089e+00,-2.919367752741326782e+01
1.337299999999999933e+00,-2.923103058041810698e+01
1.336999999999999966e+00,-2.920014228309682380e+01
1.336300000000000043e+00,-2.922086538175196324e+01
1.336000000000000076e+00,-2.924024123470460168e+01
1.335299999999999931e+00,-2.925689137475602664e+01
1.334999999999999964e+00,-2.921336869559677751e+01
1.334200000000000053e+00,-2.918732565530997292e+01
1.333900000000000086e+00,-2.919481876023262501e+01
1.333299999999999930e+00,-2.919648104847578907e+01
1.332999999999999963e+00,-2.922419339815747463e+01
1.332300000000000040e+00,-2.924943719015450583e+01
1.332000000000000073e+00,-2.922149447002093936e+01
1.331399999999999917e+00,-2.921684680124193889e+01
1.330999999999999961e+00,-2.920454002358803436e+01
1.330699999999999994e+00,-2.922300942231510845e+01
1.330100000000000060e+00,-2.925456869329219600e+01
1.329800000000000093e+00,-2.924793561029405353e+01
1.329099999999999948e+00,-2.925993459640431738e+01
1.328799999999999981e+00,-2.929467553589338991e+01
1.328500000000000014e+00,-2.930631472267165805e+01
1.327700000000000102e+00,-2.927865872755820575e+01
1.327399999999999913e+00,-2.926629399984288682e+01
1.326799999999999979e+00,-2.928175526449756916e+01
1.326400000000000023e+00,-2.926448835266527837e+01
1.325800000000000090e+00,-2.928425296829552238e+01
1.325499999999999901e+00,-2.925785310544000595e+01
1.324799999999999978e+00,-2.927049464508148091e+01
1.324500000000000011e+00,-2.927399178528251866e+01
1.323800000000000088e+00,-2.925892374754691971e+01
1.323499999999999899e+00,-2.927685541879894515e+01
1.323199999999999932e+00,-2.928584697649873192e+01
1.322500000000000009e+00,-2.928584841492588708e+01
1.322200000000000042e+00,-2.925389554086395449e+01
1.321800000000000086e+00,-2.927275124510360271e+01
1.321199999999999930e+00,-2.929864405055056409e+01
1.320899999999999963e+00,-2.930582285822942623e+01
1.320200000000000040e+00,-2.930447441448109913e+01
1.319900000000000073e+00,-2.927595792377620043e+01
1.319299999999999917e+00,-2.927378643441010198e+01
1.318999999999999950e+00,-2.925222447940391390e+01
1.318400000000000016e+00,-2.922940131798896957e+01
1.318100000000000049e+00,-2.926514455859514996e+01
1.317399999999999904e+00,-2.930785068067966037e+01
1.317099999999999937e+00,-2.930079829661542945e+01
1.316300000000000026e+00,-2.933073920610603125e+01
1.316000000000000059e+00,-2.932914340263472042e+01
1.315299999999999914e+00,-2.932926349544263900e+01
1.314999999999999947e+00,-2.933494403734755807e+01
1.314599999999999991e+00,-2.937256601763700559e+01
1.314000000000000057e+00,-2.935790789975224868e+01
1.313700000000000090e+00,-2.935539538465765830e+01
1.313299999999999912e+00,-2.932261827733630000e+01
1.312699999999999978e+00,-2.932543366444308219e+01
1.312300000000000022e+00,-2.930095963085306465e+01
1.312000000000000055e+00,-2.929131372062278160e+01
1.311399999999999899e+00,-2.930876055223692589e+01
1.310999999999999943e+00,-2.931640634855799021e+01
1.310699999999999976e+00,-2.930960205575657085e+01
1.310100000000000042e+00,-2.931377004264830433e+01
1.309700000000000086e+00,-2.933076790496875930e+01
1.309399999999999897e+00,-2.933279902330477995e+01
1.308599999999999985e+00,-2.937329291525271557e+01
1.308300000000000018e+00,-2.933584956394154375e+01
1.307700000000000085e+00,-2.932490811138089981e+01
1.307299999999999907e+00,-2.932675716590706116e+01
1.306999999999999940e+00,-2.931666279684420928e+01
1.306400000000000006e+00,-2.932048129696864081e+01
1.306100000000000039e+00,-2.932442142536441310e+01
1.305800000000000072e+00,-2.931280959091488114e+01
1.305199999999999916e+00,-2.931191862785876978e+01
1.304799999999999960e+00,-2.931612373111604342e+01
1.304100000000000037e+00,-2.933746973951580017e+01
1.303800000000000070e+00,-2.934253482196648477e+01
1.303199999999999914e+00,-2.936424471515798729e+01
1.302899999999999947e+00,-2.935610215080465579e+01
1.302300000000000013e+00,-2.937906791465085021e+01
1.302000000000000046e+00,-2.938875395573116478e+01
1.301399999999999890e+00,-2.939922520040806475e+01
1.301099999999999923e+00,-2.938112343640643331e+01
1.300699999999999967e+00,-2.937379088128223970e+01
1.300000000000000044e+00,-2.936595696134171263e+01
1.299600000000000088e+00,-2.935447690538585519e+01
1.299199999999999910e+00,-2.933815361798076893e+01
1.298499999999999988e+00,-2.933317236910072623e+01
1.298200000000000021e+00,-2.935334137607915750e+01
1.297800000000000065e+00,-2.933284722263819333e+01
1.297099999999999920e+00,-2.934604936201713699e+01
1.296799999999999953e+00,-2.934632613822742186e+01
1.296499999999999986e+00,-2.933927043166951876e+01
1.295900000000000052e+00,-2.931366050819596225e+01
1.295500000000000096e+00,-2.932087403396156589e+01
1.295199999999999907e+00,-2.932020294051131160e+01
1.294599999999999973e+00,-2.932055609198604174e+01
1.294300000000000006e+00,-2.931783006099621147e+01
1.293900000000000050e+00,-2.932364297276480869e+01
1.293299999999999894e+00,-2.931571616807717007e+01
1.292999999999999927e+00,-2.932839003142485979e+01
1.292699999999999960e+00,-2.933126388622343939e+01
1.291900000000000048e+00,-2.933589107592705858e+01
1.291600000000000081e+00,-2.932663956870008803e+01
1.290999999999999925e+00,-2.933888309709121955e+01
1.290699999999999958e+00,-2.936507860572847051e+01
1.290399999999999991e+00,-2.937949977145394698e+01
1.289700000000000069e+00,-2.937606196788990331e+01
1.289400000000000102e+00,-2.934107383776619926e+01
1.289099999999999913e+00,-2.935945910270999804e+01
1.288399999999999990e+00,-2.935283935765232854e+01
1.288100000000000023e+00,-2.936708416261292598e+01
1.287400000000000100e+00,-2.936615968487689443e+01
1.287099999999999911e+00,-2.935308699753037942e+01
1.286799999999999944e+00,-2.935647074337223472e+01
1.286100000000000021e+00,-2.937701039673092041e+01
1.285800000000000054e+00,-2.937761368316561672e+01
1.285099999999999909e+00,-2.935970258275445843e+01
1.284699999999999953e+00,-2.937316705943805673e+01
1.284000000000000030e+00,-2.936017389387514243e+01
1.283700000000000063e+00,-2.938938209580722827e+01
1.283400000000000096e+00,-2.939946408116490772e+01
1.282699999999999951e+00,-2.938854120313229146e+01
1.282399999999999984e+00,-2.936229182722051334e+01
1.281800000000000050e+00,-2.933937020718792255e+01
1.281500000000000083e+00,-2.933649522882421223e+01
1.280799999999999939e+00,-2.939591008504528702e+01
1.280499999999999972e+00,-2.939428333333972532e+01
1.280200000000000005e+00,-2.938512270234429380e+01
1.279600000000000071e+00,-2.939746390673604637e+01
1.279300000000000104e+00,-2.937939666280732354e+01
1.278599999999999959e+00,-2.938210769948858214e+01
1.278200000000000003e+00,-2.938741407151924889e+01
1.277600000000000069e+00,-2.938327078432258332e+01
1.277199999999999891e+00,-2.940241317348247918e+01
1.276899999999999924e+00,-2.940283674575418260e+01
1.276299999999999990e+00,-2.936677541626499277e+01
1.275900000000000034e+00,-2.937973583647147890e+01
1.275300000000000100e+00,-2.941307194952204185e+01
1.274899999999999922e+00,-2.942788106548334426e+01
1.274599999999999955e+00,-2.942678508310626739e+01
1.274000000000000021e+00,-2.942506925528200057e+01
1.273600000000000065e+00,-2.943062645900419838e+01
1.273200000000000109e+00,-2.942148997238415475e+01
1.272599999999999953e+00,-2.948049536862264119e+01
1.272199999999999998e+00,-2.947099258028586277e+01
1.271900000000000031e+00,-2.949406919328413679e+01
1.271300000000000097e+00,-2.946108465905795981e+01
1.270999999999999908e+00,-2.944065523412010776e+01
1.270599999999999952e+00,-2.937608619372512919e+01
1.270000000000000018e+00,-2.941584269680365438e+01
1.269700000000000051e+00,-2.944637558273156941e+01
1.268999999999999906e+00,-2.947421173636090330e+01
1.268699999999999939e+00,-2.947767926714007913e+01
1.268000000000000016e+00,-2.947355935942509575e+01
1.267600000000000060e+00,-2.949958182115498673e+01
1.267300000000000093e+00,-2.950924001851907974e+01
1.266599999999999948e+00,-2.950743337323570614e+01
1.266299999999999981e+00,-2.950824258556895785e+01
1.265600000000000058e+00,-2.949214972223813902e+01
1.265300000000000091e+00,-2.948021799263102238e+01
1.264899999999999913e+00,-2.950088993701506368e+01
1.264399999999999968e+00,-2.950603732590241535e+01
1.264000000000000012e+00,-2.947209679203845312e+01
1.263400000000000079e+00,-2.947779540813412424e+01
1.262999999999999901e+00,-2.947752017514217115e+01
1.262399999999999967e+00,-2.947767264396584963e+01
1.262100000000000000e+00,-2.943791493785242963e+01
1.261400000000000077e+00,-2.943351805876383409e+01
1.261100000000000110e+00,-2.945022497885286938e+01
1.260699999999999932e+00,-2.948500969734181609e+01
1.260000000000000009e+00,-2.949405294281094569e+01
1.259700000000000042e+00,-2.949517117847612369e+01
1.259100000000000108e+00,-2.949882750614175819e+01
1.258799999999999919e+00,-2.948851176251855577e+01
1.258099999999999996e+00,-2.949540850071576159e+01
1.257800000000000029e+00,-2.948076095367659022e+01
1.257500000000000062e+00,-2.948007837979584167e+01
1.256799999999999917e+00,-2.949091198593302465e+01
1.256499999999999950e+00,-2.949908434657123735e+01
1.256099999999999994e+00,-2.952284229383629466e+01
1.255500000000000060e+00,-2.949704784440988803e+01
1.255100000000000104e+00,-2.950580370703372068e+01
1.254499999999999948e+00,-2.948750493910225146e+01
1.253800000000000026e+00,-2.947030475287971996e+01
1.253500000000000059e+00,-2.949505338920334196e+01
1.252899999999999903e+00,-2.950477205121183744e+01
1.252499999999999947e+00,-2.950909900908717276e+01
1.252199999999999980e+00,-2.952856327998222596e+01
1.251500000000000057e+00,-2.954408680654642438e+01
1.250899999999999901e+00,-2.952195568086991884e+01
1.250299999999999967e+00,-2.950623543897835788e+01
1.250000000000000000e+00,-2.951456104583229134e+01
1.249300000000000077e+00,-2.952024162860868017e+01
1.248699999999999921e+00,-2.951111927422291004e+01
1.248299999999999965e+00,-2.949200079248072370e+01
1.247700000000000031e+00,-2.953790228233422965e+01
1.247400000000000064e+00,-2.953995340014593651e+01
1.246699999999999919e+00,-2.951548890250434098e+01
1.246399999999999952e+00,-2.948246386703691613e+01
1.245800000000000018e+00,-2.949913280130590820e+01
1.245400000000000063e+00,-2.950680293887820937e+01
1.245100000000000096e+00,-2.948508585002042182e+01
1.244399999999999951e+00,-2.948145204587394730e+01
1.244099999999999984e+00,-2.948117764340098290e+01
1.243800000000000017e+00,-2.948800691589294232e+01
1.243200000000000083e+00,-2.947447063455545191e+01
1.242899999999999894e+00,-2.947823444846321550e+01
1.242499999999999938e+00,-2.948887650341159983e+01
1.241900000000000004e+00,-2.948230761028493419e+01
1.241500000000000048e+00,-2.948808796099690355e+01
1.241200000000000081e+00,-2.950208339073702390e+01
1.240499999999999936e+00,-2.950494213688793721e+01
1.240199999999999969e+00,-2.948915762871241597e+01
1.239500000000000046e+00,-2.949187728212322668e+01
1.239200000000000079e+00,-2.952597995031815259e+01
1.238499999999999934e+00,-2.953358512318739315e+01
1.238199999999999967e+00,-2.955682404074157077e+01
1.237600000000000033e+00,-2.955450162007745973e+01
1.237300000000000066e+00,-2.955864715358837103e+01
1.237000000000000099e+00,-2.956661572198239440e+01
1.236299999999999955e+00,-2.958091460773006176e+01
1.235999999999999988e+00,-2.954834566061305523e+01
1.235600000000000032e+00,-2.953758655858985804e+01
1.235000000000000098e+00,-2.952213693487894375e+01
1.234399999999999942e+00,-2.950960723943941844e+01
1.234099999999999975e+00,-2.951002024071426533e+01
1.233700000000000019e+00,-2.950845432541683522e+01
1.233200000000000074e+00,-2.952737727942612977e+01
1.232799999999999896e+00,-2.951964845007183769e+01
1.232499999999999929e+00,-2.950894757962931081e+01
1.231800000000000006e+00,-2.953044629886471384e+01
1.231400000000000050e+00,-2.948942635287200886e+01
1.231100000000000083e+00,-2.950025695080162080e+01
1.230399999999999938e+00,-2.953038260578889762e+01
1.230099999999999971e+00,-2.955773060613932302e+01
1.229400000000000048e+00,-2.955419284585737572e+01
1.229100000000000081e+00,-2.956829022337826984e+01
1.228799999999999892e+00,-2.960664787816403987e+01
1.228199999999999958e+00,-2.961646465081436830e+01
1.227899999999999991e+00,-2.962837032604893750e+01
1.227200000000000069e+00,-2.964005398392623292e+01
1.226900000000000102e+00,-2.963138377007380697e+01
1.226299999999999946e+00,-2.961508523683133021e+01
1.225899999999999990e+00,-2.961997698195974138e+01
1.225200000000000067e+00,-2.960897698075261175e+01
1.224599999999999911e+00,-2.957965132082719606e+01
1.224199999999999955e+00,-2.956366426653291057e+01
1.223899999999999988e+00,-2.960098244972932235e+01
1.223300000000000054e+00,-2.960622059084185054e+01
1.222900000000000098e+00,-2.958934111774481934e+01
1.222299999999999942e+00,-2.958157128141215964e+01
1.221899999999999986e+00,-2.957480063580410246e+01
1.221600000000000019e+00,-2.958429996207136270e+01
1.221000000000000085e+00,-2.959154424003775219e+01
1.220599999999999907e+00,-2.959204106789438526e+01
1.219899999999999984e+00,-2.961107206841708006e+01
1.219300000000000050e+00,-2.959804819751866845e+01
1.218900000000000095e+00,-2.958788835182336996e+01
1.218199999999999950e+00,-2.961167378847419229e+01
1.217600000000000016e+00,-2.963888319714759589e+01
1.217300000000000049e+00,-2.964446390354737204e+01
1.216900000000000093e+00,-2.963362462207776105e+01
1.216299999999999937e+00,-2.962806547273135038e+01
1.215899999999999981e+00,-2.962480326460271840e+01
1.215300000000000047e+00,-2.963996560073935171e+01
1.215000000000000080e+00,-2.960254203296409869e+01
1.214599999999999902e+00,-2.960157056735059200e+01
1.214099999999999957e+00,-2.961811501426860005e+01
1.213700000000000001e+00,-2.960411529095187433e+01
1.213100000000000067e+00,-2.958778606277114065e+01
1.212800000000000100e+00,-2.960717282475301815e+01
1.212199999999999944e+00,-2.965527352786524773e+01
1.211799999999999988e+00,-2.963936586572214793e+01
1.211100000000000065e+00,-2.963588739691748586e+01
1.210800000000000098e+00,-2.964242344615820812e+01
1.210199999999999942e+00,-2.960188499812367624e+01
1.209899999999999975e+00,-2.960779248393531660e+01
1.209500000000000020e+00,-2.958709326511856119e+01
1.208800000000000097e+00,-2.956005980293864610e+01
1.208499999999999908e+00,-2.955416138569512441e+01
1.207799999999999985e+00,-2.955072949379945868e+01
1.207100000000000062e+00,-2.954657225705016543e+01
1.206800000000000095e+00,-2.955425041729943558e+01
1.206499999999999906e+00,-2.955815869389068240e+01
1.205699999999999994e+00,-2.957369334007954720e+01
1.205500000000000016e+00,-2.958340132105975684e+01
1.205100000000000060e+00,-2.960182806078827511e+01
1.204399999999999915e+00,-2.960120350129526301e+01
1.204099999999999948e+00,-2.961743814984575707e+01
1.203799999999999981e+00,-2.964803558242225279e+01
1.203100000000000058e+00,-2.965347478619852239e+01
1.202800000000000091e+00,-2.962101725778078176e+01
1.202499999999999902e+00,-2.962448087099923910e+01
1.201799999999999979e+00,-2.962292672793777371e+01
1.201500000000000012e+00,-2.961134715776560355e+01
1.200900000000000079e+00,-2.964842933682355763e+01
1.200299999999999923e+00,-2.967135519319520753e+01
1.199899999999999967e+00,-2.966865963533772543e+01
1.199300000000000033e+00,-2.966305387949487482e+01
1.199000000000000066e+00,-2.965357789958024526e+01
1.198299999999999921e+00,-2.964312109877444001e+01
1.197899999999999965e+00,-2.964730580418996198e+01
1.197599999999999998e+00,-2.963359436720970663e+01
1.197000000000000064e+00,-2.964448916491259212e+01
1.196600000000000108e+00,-2.966579695015715501e+01
1.196299999999999919e+00,-2.966728304149048157e+01
1.195599999999999996e+00,-2.966234548042213959e+01
1.195300000000000029e+00,-2.963868244240698502e+01
1.194600000000000106e+00,-2.965632157146714931e+01
1.194299999999999917e+00,-2.965843377525957791e+01
1.193999999999999950e+00,-2.967194510236116756e+01
1.193400000000000016e+00,-2.969588386715384232e+01
1.193100000000000049e+00,-2.968021102462726901e+01
1.192700000000000093e+00,-2.965391382396299846e+01
1.192099999999999937e+00,-2.962810205240952399e+01
1.191799999999999971e+00,-2.963150866777154846e+01
1.191400000000000015e+00,-2.963283422849661974e+01
1.190800000000000081e+00,-2.961070834704461419e+01
1.190399999999999903e+00,-2.960948762047200944e+01
1.189799999999999969e+00,-2.963260543379954370e+01
1.189400000000000013e+00,-2.964977595480734607e+01
1.189100000000000046e+00,-2.968190057925680492e+01
1.188499999999999890e+00,-2.967783249410750557e+01
1.188099999999999934e+00,-2.968482338582024838e+01
1.187400000000000011e+00,-2.967472862399657529e+01
1.187100000000000044e+00,-2.963912220650434648e+01
1.186800000000000077e+00,-2.965563471077938118e+01
1.186099999999999932e+00,-2.967606561145065669e+01
1.185799999999999965e+00,-2.967930392043828647e+01
1.185200000000000031e+00,-2.969052316256250279e+01
1.184900000000000064e+00,-2.969015801689602085e+01
1.184600000000000097e+00,-2.967632366557872103e+01
1.183899999999999952e+00,-2.966370169178757266e+01
1.183599999999999985e+00,-2.967905621292544893e+01
1.183200000000000029e+00,-2.968942473893544687e+01
1.182600000000000096e+00,-2.967097189791358147e+01
1.182199999999999918e+00,-2.962798862940520195e+01
1.181599999999999984e+00,-2.963689554715299934e+01
1.181300000000000017e+00,-2.961262927725950789e+01
1.180600000000000094e+00,-2.963766252180900906e+01
1.180299999999999905e+00,-2.967432747630928347e+01
1.179999999999999938e+00,-2.964887521804716997e+01
1.179300000000000015e+00,-2.964949212103974574e+01
1.179000000000000048e+00,-2.962838107011291200e+01
1.178600000000000092e+00,-2.963185576250783271e+01
1.177999999999999936e+00,-2.964297709196518582e+01
1.177599999999999980e+00,-2.964935786304058496e+01
1.177000000000000046e+00,-2.965609401587056126e+01
1.176600000000000090e+00,-2.964430334977709336e+01
1.176299999999999901e+00,-2.965170378138627783e+01
1.175599999999999978e+00,-2.966268675347084738e+01
1.175300000000000011e+00,-2.968393080561050468e+01
1.174600000000000088e+00,-2.969242885347313177e+01
1.174299999999999899e+00,-2.971435540829216038e+01
1.173999999999999932e+00,-2.970508105086290485e+01
1.173399999999999999e+00,-2.968410599963368313e+01
1.173100000000000032e+00,-2.967403847992412835e+01
1.172700000000000076e+00,-2.964861801435826649e+01
1.171999999999999931e+00,-2.963312565630628370e+01
1.171699999999999964e+00,-2.963291839953897977e+01
1.171300000000000008e+00,-2.966243777702305806e+01
1.170700000000000074e+00,-2.966290844492770873e+01
1.170299999999999896e+00,-2.968048810176627939e+01
1.169999999999999929e+00,-2.967825608832276529e+01
1.169300000000000006e+00,-2.967704496567337458e+01
1.168900000000000050e+00,-2.968970213637102518e+01
1.168600000000000083e+00,-2.968912118612755791e+01
1.167899999999999938e+00,-2.969435568611657317e+01
1.167599999999999971e+00,-2.969074031946329484e+01
1.167300000000000004e+00,-2.968015793968249838e+01
1.166600000000000081e+00,-2.966341624378900121e+01
1.166299999999999892e+00,-2.965500839517999765e+01
1.165999999999999925e+00,-2.968131980489486921e+01
1.165300000000000002e+00,-2.965638563640384007e+01
1.165000000000000036e+00,-2.966377148583311651e+01
1.164700000000000069e+00,-2.964755352870031402e+01
1.164099999999999913e+00,-2.966086001431646224e+01
1.163799999999999946e+00,-2.966596160746716393e+01
1.163200000000000012e+00,-2.966882228138713273e+01
1.162800000000000056e+00,-2.966583278223612652e+01
1.162500000000000089e+00,-2.969169291229291474e+01
1.161799999999999944e+00,-2.968744142518332652e+01
1.161399999999999988e+00,-2.970485781509692202e+01
1.160800000000000054e+00,-2.973024861661378893e+01
1.160400000000000098e+00,-2.971866599613993998e+01
1.159699999999999953e+00,-2.972584019232705899e+01
1.159100000000000019e+00,-2.971949853768397887e+01
1.158700000000000063e+00,-2.973454641746510418e+01
1.158099999999999907e+00,-2.976686415811537145e+01
1.157699999999999951e+00,-2.974346186668010006e+01
1.157399999999999984e+00,-2.974858168427220306e+01
1.156800000000000050e+00,-2.976163407395794636e+01
1.156400000000000095e+00,-2.973274758405232276e+01
1.155999999999999917e+00,-2.971992581584960291e+01
1.155399999999999983e+00,-2.973935111831339739e+01
1.155100000000000016e+00,-2.974255022096007650e+01
1.154700000000000060e+00,-2.969978305602562330e+01
1.153999999999999915e+00,-2.969159220380136688e+01
1.153699999999999948e+00,-2.972039570632335881e+01
1.153299999999999992e+00,-2.973156278377776829e+01
1.152700000000000058e+00,-2.974693094355031064e+01
1.152300000000000102e+00,-2.973481804127466077e+01
1.151999999999999913e+00,-2.973802672491289556e+01
1.151299999999999990e+00,-2.974037492687632422e+01
1.151000000000000023e+00,-2.971241856624985544e+01
1.150700000000000056e+00,-2.971710404753615009e+01
1.149999999999999911e+00,-2.972505135249194197e+01
1.149699999999999944e+00,-2.973783417512844451e+01
1.149299999999999988e+00,-2.970701648779029824e+01
1.148700000000000054e+00,-2.974512038378708567e+01
1.148400000000000087e+00,-2.972564300240433610e+01
1.148099999999999898e+00,-2.973144988464883198e+01
1.147399999999999975e+00,-2.975619484545700999e+01
1.147100000000000009e+00,-2.975635529692578629e+01
1.146400000000000086e+00,-2.976369183581052624e+01
1.146099999999999897e+00,-2.977537919212659645e+01
1.145499999999999963e+00,-2.978785701186793844e+01
1.144800000000000040e+00,-2.975624471378314340e+01
1.144500000000000073e+00,-2.972368664239700919e+01
1.143799999999999928e+00,-2.973359993193071205e+01
1.143399999999999972e+00,-2.975115632324921933e+01
1.142700000000000049e+00,-2.974873723368721912e+01
1.142400000000000082e+00,-2.977402408600761419e+01
1.141699999999999937e+00,-2.977756429711243769e+01
1.141299999999999981e+00,-2.977905546830452010e+01
1.141100000000000003e+00,-2.975699186030279719e+01
1.140400000000000080e+00,-2.975046568361484844e+01
1.140099999999999891e+00,-2.975583219578005512e+01
1.139799999999999924e+00,-2.972729152991605872e+01
1.139100000000000001e+00,-2.970589318202799944e+01
1.138800000000000034e+00,-2.970668390436283346e+01
1.138099999999999890e+00,-2.974882970437110785e+01
1.137799999999999923e+00,-2.976278266065314426e+01
1.137100000000000000e+00,-2.976656593260164385e+01
1.136800000000000033e+00,-2.978251000002353521e+01
1.136100000000000110e+00,-2.977504980224178510e+01
1.135799999999999921e+00,-2.979182959799743458e+01
1.135399999999999965e+00,-2.977914059756926690e+01
1.134800000000000031e+00,-2.979835063214621016e+01
1.134400000000000075e+00,-2.981148767594345017e+01
1.133699999999999930e+00,-2.980020456537536688e+01
1.133399999999999963e+00,-2.979100676710512374e+01
1.132700000000000040e+00,-2.980611055684347122e+01
1.132400000000000073e+00,-2.979380408911248779e+01
1.131699999999999928e+00,-2.977879258080386293e+01
1.131399999999999961e+00,-2.979586358364573329e+01
1.130800000000000027e+00,-2.982018046940627798e+01
1.130500000000000060e+00,-2.980212740018896156e+01
1.130200000000000093e+00,-2.980739074834072611e+01
1.129499999999999948e+00,-2.983028575233893775e+01
1.129099999999999993e+00,-2.984518431498640822e+01
1.128800000000000026e+00,-2.986059290607835592e+01
1.128100000000000103e+00,-2.984214682934561935e+01
1.127799999999999914e+00,-2.982365926063913619e+01
1.127099999999999991e+00,-2.982570198583091425e+01
1.126800000000000024e+00,-2.982062934687480649e+01
1.126500000000000057e+00,-2.980129576666303137e+01
1.125799999999999912e+00,-2.983692165461383894e+01
1.125399999999999956e+00,-2.984685666440091367e+01
1.124700000000000033e+00,-2.982768875266529562e+01
1.124400000000000066e+00,-2.984426315383904793e+01
1.123799999999999910e+00,-2.982747504951567663e+01
1.123499999999999943e+00,-2.979721480738419004e+01
1.122900000000000009e+00,-2.977431953922228658e+01
1.122600000000000042e+00,-2.975930499165592380e+01
1.122200000000000086e+00,-2.975061366512245087e+01
1.121599999999999930e+00,-2.983261668622928653e+01
1.121199999999999974e+00,-2.982142942654121498e+01
1.120900000000000007e+00,-2.982816864718664007e+01
1.120100000000000096e+00,-2.984047593392914877e+01
1.119399999999999951e+00,-2.985705181668997454e+01
1.119099999999999984e+00,-2.987090843131513651e+01
1.118500000000000050e+00,-2.982403148014158134e+01
1.118200000000000083e+00,-2.982388598487296960e+01
1.117899999999999894e+00,-2.983052709444357475e+01
1.117199999999999971e+00,-2.980721546221344553e+01
1.116900000000000004e+00,-2.983899231970600496e+01
1.116100000000000092e+00,-2.985778129612516452e+01
1.115799999999999903e+00,-2.985121576092354800e+01
1.115099999999999980e+00,-2.986520211141797887e+01
1.114800000000000013e+00,-2.987181190272393394e+01
1.114200000000000079e+00,-2.985351088288269850e+01
1.113499999999999934e+00,-2.985888334536036837e+01
1.113199999999999967e+00,-2.985682330998197642e+01
1.112900000000000000e+00,-2.985264543810574267e+01
1.112200000000000077e+00,-2.985148339003963613e+01
1.111900000000000110e+00,-2.987595041973358079e+01
1.111499999999999932e+00,-2.983321651493821136e+01
1.110899999999999999e+00,-2.983421694628153631e+01
1.110600000000000032e+00,-2.984310712297634538e+01
1.110300000000000065e+00,-2.984157267186572682e+01
1.109699999999999909e+00,-2.983659793065231014e+01
1.109399999999999942e+00,-2.981834698227194025e+01
1.108800000000000008e+00,-2.981068160694856672e+01
1.108500000000000041e+00,-2.981441738582925183e+01
1.107900000000000107e+00,-2.980904137112917596e+01
1.107499999999999929e+00,-2.979720191817504471e+01
1.107199999999999962e+00,-2.982648203671313425e+01
1.106500000000000039e+00,-2.982869396473165935e+01
1.106200000000000072e+00,-2.982623976935695609e+01
1.105499999999999927e+00,-2.984709353987015490e+01
1.105199999999999960e+00,-2.985536938289491715e+01
1.104600000000000026e+00,-2.982529875589536061e+01
1.104200000000000070e+00,-2.980281039473321769e+01
1.103900000000000103e+00,-2.980619051629641802e+01
1.103199999999999958e+00,-2.983226640999904333e+01
1.102899999999999991e+00,-2.985547860958372013e+01
1.102300000000000058e+00,-2.987194697622909345e+01
1.101900000000000102e+00,-2.986810203786140150e+01
1.101599999999999913e+00,-2.989072068238542101e+01
1.100999999999999979e+00,-2.990585536194502581e+01
1.100700000000000012e+00,-2.986405138232541034e+01
1.100000000000000089e+00,-2.988837810552237428e+01
1.099699999999999900e+00,-2.986811055927553227e+01
1.098999999999999977e+00,-2.983559610462462075e+01
1.098700000000000010e+00,-2.982501899464230632e+01
1.098300000000000054e+00,-2.980821751818775311e+01
1.097699999999999898e+00,-2.981747723836726394e+01
1.097399999999999931e+00,-2.984878896230315348e+01
1.097099999999999964e+00,-2.984484500942775753e+01
1.096400000000000041e+00,-2.979923446953837285e+01
1.095800000000000107e+00,-2.980797286175930338e+01
1.095499999999999918e+00,-2.982388361350320238e+01
1.094799999999999995e+00,-2.986384383823238764e+01
1.094400000000000039e+00,-2.984534976775733739e+01
1.093800000000000106e+00,-2.988421686236676678e+01
1.093399999999999928e+00,-2.987998876783672131e+01
1.093099999999999961e+00,-2.988211272006747876e+01
1.092500000000000027e+00,-2.988810834679035722e+01
1.091900000000000093e+00,-2.985486525306814443e+01
1.091599999999999904e+00,-2.986176957875154159e+01
1.091299999999999937e+00,-2.984391417007216418e+01
1.090600000000000014e+00,-2.984931129628477819e+01
1.090300000000000047e+00,-2.985531890362415197e+01
1.089599999999999902e+00,-2.987906474478420193e+01
1.089299999999999935e+00,-2.988454166473509943e+01
1.088600000000000012e+00,-2.986295221935365873e+01
1.088200000000000056e+00,-2.985631836554293628e+01
1.087599999999999900e+00,-2.987343011778588320e+01
1.086999999999999966e+00,-2.987826269402506085e+01
1.086600000000000010e+00,-2.985756980292443430e+01
1.086000000000000076e+00,-2.982954210280809448e+01
1.085599999999999898e+00,-2.984048850089605764e+01
1.084999999999999964e+00,-2.982945044636455023e+01
1.084699999999999998e+00,-2.985617818759035558e+01
1.084100000000000064e+00,-2.984597090467701364e+01
1.083700000000000108e+00,-2.984483638866254651e+01
1.083099999999999952e+00,-2.987264337404350911e+01
1.082799999999999985e+00,-2.984585286164055518e+01
1.082200000000000051e+00,-2.984694838610059264e+01
1.081499999999999906e+00,-2.986009671058532788e+01
1.081199999999999939e+00,-2.986014865789289630e+01
1.080500000000000016e+00,-2.987840955819033439e+01
1.080100000000000060e+00,-2.987294027747867986e+01
1.079499999999999904e+00,-2.985702985236794760e+01
1.079099999999999948e+00,-2.985478389951646960e+01
1.078500000000000014e+00,-2.987016033905477741e+01
1.078100000000000058e+00,-2.987499492481428121e+01
1.077800000000000091e+00,-2.987166489662219959e+01
1.077199999999999935e+00,-2.986644883978019394e+01
1.076799999999999979e+00,-2.984195271657254267e+01
1.076200000000000045e+00,-2.987256435092767859e+01
1.075800000000000090e+00,-2.984856935736336681e+01
1.075199999999999934e+00,-2.982788907957868574e+01
1.074899999999999967e+00,-2.985006677668523878e+01
1.074200000000000044e+00,-2.988266489897563361e+01
1.073900000000000077e+00,-2.990097599460984767e+01
1.073600000000000110e+00,-2.988028597359117100e+01
1.072899999999999965e+00,-2.987718883613356269e+01
1.072599999999999998e+00,-2.988473672806725290e+01
1.072000000000000064e+00,-2.987575860184145427e+01
1.071700000000000097e+00,-2.984486160949352396e+01
1.070999999999999952e+00,-2.984311998144618983e+01
1.070699999999999985e+00,-2.985693189959427585e+01
1.070000000000000062e+00,-2.985010575692094292e+01
1.069700000000000095e+00,-2.988957825159933890e+01
1.068999999999999950e+00,-2.991963074887894791e+01
1.068699999999999983e+00,-2.990383253381502371e+01
1.068100000000000049e+00,-2.993709896868292120e+01
1.067700000000000093e+00,-2.990180483153671886e+01
1.067099999999999937e+00,-2.989961823286236964e+01
1.066699999999999982e+00,-2.990102025910191941e+01
1.066100000000000048e+00,-2.989697747570497910e+01
1.065700000000000092e+00,-2.986251767044013761e+01
1.065099999999999936e+00,-2.985188125813921545e+01
1.064500000000000002e+00,-2.986669993018421820e+01
1.064100000000000046e+00,-2.987112506732982098e+01
1.063499999999999890e+00,-2.990849336553004534e+01
1.063199999999999923e+00,-2.991452915954463521e+01
1.062500000000000000e+00,-2.988498518423400441e+01
1.062200000000000033e+00,-2.989403893956278679e+01
1.061600000000000099e+00,-2.987026901349089414e+01
1.061199999999999921e+00,-2.987460903942397294e+01
1.060899999999999954e+00,-2.987096586581673563e+01
1.060200000000000031e+00,-2.987254367432280588e+01
1.059900000000000064e+00,-2.987445314378313199e+01
1.059199999999999919e+00,-2.988802535546543382e+01
1.058899999999999952e+00,-2.990941395343595133e+01
1.058200000000000029e+00,-2.993653348235848810e+01
1.057900000000000063e+00,-2.992194101694468955e+01
1.057299999999999907e+00,-2.991550050501535907e+01
1.056999999999999940e+00,-2.993387608858123627e+01
1.056300000000000017e+00,-2.990768374866760482e+01
1.056000000000000050e+00,-2.988104130796399716e+01
1.055299999999999905e+00,-2.988269573012437874e+01
1.054899999999999949e+00,-2.987987436673146391e+01
1.054300000000000015e+00,-2.986650533759772941e+01
1.054000000000000048e+00,-2.986717958826968911e+01
1.053299999999999903e+00,-2.988314116537417320e+01
1.052999999999999936e+00,-2.989222161645411902e+01
1.052300000000000013e+00,-2.989330177964634316e+01
1.052000000000000046e+00,-2.989348646956525712e+01
1.051399999999999890e+00,-2.988062953191185400e+01
1.050999999999999934e+00,-2.989370937291104013e+01
1.050400000000000000e+00,-2.988065794173079581e+01
1.050100000000000033e+00,-2.989875114860797467e+01
1.049400000000000110e+00,-2.991056291341866213e+01
1.049099999999999921e+00,-2.988909680816421854e+01
1.048399999999999999e+00,-2.986068072532189888e+01
1.048100000000000032e+00,-2.988424207898999896e+01
1.047800000000000065e+00,-2.991293659820072648e+01
1.047099999999999920e+00,-2.991238185434431784e+01
1.046799999999999953e+00,-2.990881112962286181e+01
1.046100000000000030e+00,-2.991188299831005892e+01
1.045700000000000074e+00,-2.988522029563102222e+01
1.044999999999999929e+00,-2.989067539500879533e+01
1.044699999999999962e+00,-2.987296823675246316e+01
1.044100000000000028e+00,-2.985803770535234847e+01
1.043700000000000072e+00,-2.987045192747485345e+01
1.043099999999999916e+00,-2.986199711163851944e+01
1.042799999999999949e+00,-2.988157766399580950e+01
1.042100000000000026e+00,-2.989897500206041414e+01
1.041800000000000059e+00,-2.988344474357008806e+01
1.041099999999999914e+00,-2.986217724903240978e+01
1.040499999999999980e+00,-2.988590796100566749e+01
1.040200000000000014e+00,-2.988280406663081123e+01
1.039500000000000091e+00,-2.990557535908246223e+01
1.039199999999999902e+00,-2.988305484488452990e+01
1.038599999999999968e+00,-2.988339108597505600e+01
1.038200000000000012e+00,-2.987473406246589391e+01
1.037600000000000078e+00,-2.989659406177659662e+01
1.037199999999999900e+00,-2.988275208352410317e+01
1.036799999999999944e+00,-2.986309011469879948e+01
1.036200000000000010e+00,-2.988112535887467303e+01
1.035800000000000054e+00,-2.986407109531775816e+01
1.035199999999999898e+00,-2.985539324317533527e+01
1.034799999999999942e+00,-2.986740149726087168e+01
1.034200000000000008e+00,-2.992483802971325346e+01
1.033900000000000041e+00,-2.993261248943369779e+01
1.033199999999999896e+00,-2.992363159859713662e+01
1.032899999999999929e+00,-2.991998460376322910e+01
1.032299999999999995e+00,-2.994139949587283667e+01
1.031900000000000039e+00,-2.992335261626545417e+01
1.031600000000000072e+00,-2.990131848323619579e+01
1.030999999999999917e+00,-2.989640285626406069e+01
1.030599999999999961e+00,-2.989212965335032024e+01
1.030000000000000027e+00,-2.990128600055853880e+01
1.029600000000000071e+00,-2.990404679250359266e+01
1.028899999999999926e+00,-2.995322259785361396e+01
1.028599999999999959e+00,-2.994168971962897530e+01
1.027900000000000036e+00,-2.995060049096644050e+01
1.027600000000000069e+00,-2.995413608810927641e+01
1.026899999999999924e+00,-2.996473261930067267e+01
1.026599999999999957e+00,-2.997130690459460922e+01
1.025900000000000034e+00,-2.997284337297491419e+01
1.025500000000000078e+00,-2.993926054288033356e+01
1.024799999999999933e+00,-2.991223449532488843e+01
1.024499999999999966e+00,-2.991069636489630668e+01
1.023900000000000032e+00,-2.988595902309355878e+01
1.023600000000000065e+00,-2.990602214358629851e+01
1.022999999999999909e+00,-2.992163824674133465e+01
1.022599999999999953e+00,-2.990123401723533547e+01
1.022000000000000020e+00,-2.993697943130847605e+01
1.021600000000000064e+00,-2.994144609284356306e+01
1.020999999999999908e+00,-2.990635433300116475e+01
1.020599999999999952e+00,-2.990737348770068493e+01
1.020000000000000018e+00,-2.989993539552516921e+01
1.019600000000000062e+00,-2.994097812235342460e+01
1.019099999999999895e+00,-2.992389008612296308e+01
1.018799999999999928e+00,-2.992639779984852666e+01
1.018100000000000005e+00,-2.992808119272362433e+01
1.017700000000000049e+00,-2.992882227028405140e+01
1.017099999999999893e+00,-2.993829895910106487e+01
1.016799999999999926e+00,-2.994801321154795559e+01
1.016100000000000003e+00,-2.994039385780002149e+01
1.015700000000000047e+00,-2.991651197561708031e+01
1.015099999999999891e+00,-2.992710621220508216e+01
1.014699999999999935e+00,-2.993085002112351489e+01
1.014100000000000001e+00,-2.990482659309435931e+01
1.013800000000000034e+00,-2.991489108507862227e+01
1.013099999999999890e+00,-2.991593929722903411e+01
1.012799999999999923e+00,-2.994424376366079699e+01
1.012199999999999989e+00,-2.994410004932036884e+01
1.011800000000000033e+00,-2.995035041870909609e+01
1.011200000000000099e+00,-2.993589402415543077e+01
1.010799999999999921e+00,-2.997755872465625160e+01
1.010099999999999998e+00,-2.995030578586722925e+01
1.009800000000000031e+00,-2.997712041039358866e+01
1.009100000000000108e+00,-3.000513781735471142e+01
1.008699999999999930e+00,-3.000267083928288869e+01
1.008099999999999996e+00,-3.000923047542826438e+01
1.007800000000000029e+00,-3.003155927947288717e+01
1.007200000000000095e+00,-3.002551247262320899e+01
1.006899999999999906e+00,-3.000226967310483417e+01
1.006199999999999983e+00,-3.000275367123529691e+01
1.005900000000000016e+00,-2.996136685005958000e+01
1.005200000000000093e+00,-2.998635021381513965e+01
1.004899999999999904e+00,-2.997890039457585942e+01
1.004199999999999982e+00,-2.998087255020355357e+01
1.003900000000000015e+00,-2.998321071394950721e+01
1.003600000000000048e+00,-2.998189686482556482e+01
1.002899999999999903e+00,-2.995537733748478004e+01
1.002599999999999936e+00,-2.996227844326605805e+01
1.002000000000000002e+00,-2.995801291779988418e+01
1.001600000000000046e+00,-2.997755468495434528e+01
1.000899999999999901e+00,-2.999003126857059698e+01
1.000599999999999934e+00,-3.001189386222270628e+01
9.999000000000000110e-01,-3.001624181323860086e+01
9.996000000000000441e-01,-3.000456039090361315e+01
9.989000000000000101e-01,-3.003155277882287066e+01
9.986000000000000432e-01,-3.002950429736063498e+01
9.979999999999999982e-01,-3.001006494708115113e+01
9.977000000000000313e-01,-3.000520030027910323e+01
9.970999999999999863e-01,-2.998141359711082998e+01
9.968000000000000194e-01,-2.996384713094581187e+01
9.960999999999999854e-01,-2.998596331057236242e+01
9.958000000000000185e-01,-3.000766119583865432e+01
9.950999999999999845e-01,-2.998223610392349059e+01
9.948000000000000176e-01,-3.000308931849528093e+01
9.940999999999999837e-01,-2.999294985273383318e+01
9.938000000000000167e-01,-2.999105485682919436e+01
9.930999999999999828e-01,-2.999272175260615825e+01
9.923999999999999488e-01,-2.999224572741466943e+01
9.920999999999999819e-01,-2.999384012008811240e+01
9.913999999999999480e-01,-3.000176001012634686e+01
9.910999999999999810e-01,-2.999688714402683232e+01
9.905000000000000471e-01,-2.999330757156061367e+01
9.901999999999999691e-01,-2.997787274563214055e+01
9.895000000000000462e-01,-3.000270937705586149e+01
9.891999999999999682e-01,-2.997537763960479751e+01
9.885000000000000453e-01,-3.000624963955568347e+01
9.881999999999999673e-01,-3.001420274350886785e+01
9.876000000000000334e-01,-2.998971018675390710e+01
9.872999999999999554e-01,-3.000293408397559958e+01
9.866000000000000325e-01,-3.000537941711158041e+01
9.862999999999999545e-01,-3.000604811176123121e+01
9.857000000000000206e-01,-2.999568200101922244e+01
9.854000000000000536e-01,-2.999935286642531196e+01
9.848000000000000087e-01,-2.999270315341174964e+01
9.844000000000000528e-01,-3.001025348674836479e+01
9.838000000000000078e-01,-2.997724828287841348e+01
9.834000000000000519e-01,-2.997661692497356611e+01
9.827000000000000179e-01,-2.993996219649332247e+01
9.824000000000000510e-01,-2.993684348888449165e+01
9.817000000000000171e-01,-2.995972163559491719e+01
9.814000000000000501e-01,-2.998735497805916950e+01
9.808000000000000052e-01,-2.999079894431579163e+01
9.804000000000000492e-01,-2.999457764366920998e+01
9.798000000000000043e-01,-2.995010413201805477e+01
9.795000000000000373e-01,-2.994979835793977330e+01
9.790999999999999703e-01,-3.000084913398516662e+01
9.785000000000000364e-01,-2.996604030839657185e+01
9.778999999999999915e-01,-2.994367666072396261e+01
9.775000000000000355e-01,-2.993775217858020454e+01
9.771999999999999575e-01,-2.997052136581059045e+01
9.765000000000000346e-01,-2.997473673276053319e+01
9.761999999999999567e-01,-2.995926847941566962e+01
9.755000000000000338e-01,-2.996225733907543898e+01
9.751999999999999558e-01,-2.996438289630011553e+01
9.746000000000000218e-01,-2.998982588450528652e+01
9.743000000000000549e-01,-3.001623725969217205e+01
9.736000000000000210e-01,-2.998207711676671750e+01
9.733000000000000540e-01,-2.997160242191633372e+01
9.726000000000000201e-01,-2.994970608185300165e+01
9.723000000000000531e-01,-2.995839738891038806e+01
9.717000000000000082e-01,-2.994916103643864602e+01
9.714000000000000412e-01,-2.994425468061147200e+01
9.707000000000000073e-01,-2.997330440948388386e+01
9.704000000000000403e-01,-2.994751466553792341e+01
9.697000000000000064e-01,-2.997204748735084223e+01
9.694000000000000394e-01,-2.994977144044376516e+01
9.687000000000000055e-01,-2.998187670721664944e+01
9.683000000000000496e-01,-2.994657895369103073e+01
9.677000000000000046e-01,-2.994957114400877174e+01
9.674000000000000377e-01,-2.996656412547517334e+01
9.667000000000000037e-01,-2.998608011610427582e+01
9.663000000000000478e-01,-2.995684247195408290e+01
9.657000000000000028e-01,-2.995463513567365865e+01
9.649999999999999689e-01,-2.993534744600602338e+01
9.647000000000000020e-01,-2.997515500539373079e+01
9.639999999999999680e-01,-2.998313570144219042e+01
9.637000000000000011e-01,-2.996213286942973753e+01
9.630999999999999561e-01,-2.993489793735350091e+01
9.627000000000000002e-01,-2.994536296702411704e+01
9.620999999999999552e-01,-2.996612405173661031e+01
9.617999999999999883e-01,-2.997739872150108198e+01
9.612000000000000544e-01,-2.999838956698509662e+01
9.608999999999999764e-01,-3.000353426718983840e+01
9.605000000000000204e-01,-2.999183277719620477e+01
9.597999999999999865e-01,-2.996177921310329140e+01
9.595000000000000195e-01,-2.993518851364985878e+01
9.587999999999999856e-01,-2.993042224603038903e+01
9.585000000000000187e-01,-2.995026990187700378e+01
9.577999999999999847e-01,-2.996424034054957630e+01
9.575000000000000178e-01,-2.994551430655946334e+01
9.567999999999999838e-01,-2.997934534949321517e+01
9.565000000000000169e-01,-2.994591882379583936e+01
9.557999999999999829e-01,-2.993633367986726768e+01
9.555000000000000160e-01,-2.991502602245100917e+01
9.547999999999999821e-01,-2.990598558357572401e+01
9.545000000000000151e-01,-2.989442902332252316e+01
9.538999999999999702e-01,-2.988193926166428227e+01
9.536000000000000032e-01,-2.988837932707301448e+01
9.528999999999999693e-01,-2.988580150478960107e+01
9.526000000000000023e-01,-2.991696828869329394e+01
9.518999999999999684e-01,-2.994433155506827404e+01
9.515000000000000124e-01,-2.995527733274695592e+01
9.508999999999999675e-01,-2.996583253005204028e+01
9.502000000000000446e-01,-2.993727866489083311e+01
9.498999999999999666e-01,-2.995203242627565743e+01
9.492000000000000437e-01,-2.994604692388748290e+01
9.488999999999999657e-01,-2.996984731815400949e+01
9.483000000000000318e-01,-2.998629163715495238e+01
9.478999999999999648e-01,-2.994993920759393546e+01
9.473000000000000309e-01,-2.994153436755332720e+01
9.465999999999999970e-01,-2.995004820964021519e+01
9.458999999999999631e-01,-2.992233507326004371e+01
9.455999999999999961e-01,-2.994512167810749048e+01
9.449999999999999512e-01,-2.993147937075703169e+01
9.445999999999999952e-01,-2.995090824734237955e+01
9.438999999999999613e-01,-2.995018133920314440e+01
9.435000000000000053e-01,-2.995951612211090875e+01
9.428999999999999604e-01,-2.995901064537266478e+01
9.425999999999999934e-01,-2.993801239298578309e+01
9.418999999999999595e-01,-2.996270986289385618e+01
9.415000000000000036e-01,-2.994561610241454375e+01
9.412000000000000366e-01,-2.993344678311228435e+01
9.405000000000000027e-01,-2.994295553926697195e+01
9.402000000000000357e-01,-2.995643251139414076e+01
9.395000000000000018e-01,-2.996599739039963595e+01
9.392000000000000348e-01,-2.996609722666666897e+01
9.385000000000000009e-01,-2.993348327154678046e+01
9.382000000000000339e-01,-2.990870295179505334e+01
9.378999999999999559e-01,-2.990589726526750169e+01
9.372000000000000330e-01,-2.990635154343813795e+01
9.367999999999999661e-01,-2.991012905779501097e+01
9.362000000000000322e-01,-2.993308779946947240e+01
9.358999999999999542e-01,-2.992745597012770631e+01
9.352000000000000313e-01,-2.990221837247154824e+01
9.347999999999999643e-01,-2.992592666231953658e+01
9.344999999999999973e-01,-2.991216874583570018e+01
9.337999999999999634e-01,-2.993216404311473156e+01
9.334999999999999964e-01,-2.994896170336637553e+01
9.332000000000000295e-01,-2.993555891912837197e+01
9.324999999999999956e-01,-2.995255402603903860e+01
9.322000000000000286e-01,-2.995810230563590437e+01
9.314999999999999947e-01,-2.995100380608663215e+01
9.312000000000000277e-01,-2.991551613691668976e+01
9.304999999999999938e-01,-2.993082517700230838e+01
9.302000000000000268e-01,-2.992383896764129503e+01
9.294999999999999929e-01,-2.992924357336536190e+01
9.291000000000000369e-01,-2.992720818846585118e+01
9.287999999999999590e-01,-2.987845168166726495e+01
9.282000000000000250e-01,-2.991197702482441301e+01
9.277999999999999581e-01,-2.993418603066989903e+01
9.272000000000000242e-01,-2.993137070684582923e+01
9.268999999999999462e-01,-2.995028132171985291e+01
9.263000000000000123e-01,-2.997707731877442683e+01
9.258999999999999453e-01,-2.993599867674202741e+01
9.255999999999999783e-01,-2.996239297471704788e+01
9.249000000000000554e-01,-2.995553954145170650e+01
9.245999999999999774e-01,-2.995829770372805712e+01
9.239000000000000545e-01,-2.995913172350352127e+01
9.235999999999999766e-01,-2.997275004832135181e+01
9.229000000000000536e-01,-2.993660584386971379e+01
9.225999999999999757e-01,-2.990096529336995346e+01
9.220000000000000417e-01,-2.987606425809731547e+01
9.215999999999999748e-01,-2.991505382983518402e+01
9.210000000000000409e-01,-2.991282931002238499e+01
9.206999999999999629e-01,-2.996044254342279700e+01
9.200000000000000400e-01,-2.996987205635438656e+01
9.196999999999999620e-01,-2.998327356940923138e+01
9.190000000000000391e-01,-2.996777103972149447e+01
9.186999999999999611e-01,-2.995560755229865890e+01
9.180000000000000382e-01,-2.995026171766813761e+01
9.176999999999999602e-01,-2.992390059710393757e+01
9.173999999999999932e-01,-2.989192270806718810e+01
9.167999999999999483e-01,-2.988880495440083962e+01
9.163999999999999924e-01,-2.990911390935192671e+01
9.157999999999999474e-01,-2.991611013979690625e+01
9.154999999999999805e-01,-2.991136136542317558e+01
9.147999999999999465e-01,-2.989102406767175779e+01
9.143999999999999906e-01,-2.989400605831506041e+01
9.137999999999999456e-01,-2.992002202154876755e+01
9.134999999999999787e-01,-2.994273199769838101e+01
9.127999999999999448e-01,-2.988149624479109789e+01
9.123999999999999888e-01,-2.986839664860553611e+01
9.118000000000000549e-01,-2.987525343241294351e+01
9.111000000000000210e-01,-2.987870690013029318e+01
9.108000000000000540e-01,-2.988465281935949491e+01
9.101000000000000201e-01,-2.988316935235470240e+01
9.094999999999999751e-01,-2.987592731917045086e+01
9.091000000000000192e-01,-2.985883404491886139e+01
9.088000000000000522e-01,-2.986523985937551728e+01
9.082000000000000073e-01,-2.986698420574841606e+01
9.079000000000000403e-01,-2.987578589549767827e+01
9.075999999999999623e-01,-2.990079287629489357e+01
9.069000000000000394e-01,-2.989765943023116179e+01
9.064999999999999725e-01,-2.988572412089031261e+01
9.062000000000000055e-01,-2.986251488557335776e+01
9.054999999999999716e-01,-2.985026471686614968e+01
9.052000000000000046e-01,-2.985090638480715342e+01
9.045999999999999597e-01,-2.982188776598816560e+01
9.042000000000000037e-01,-2.981219125574342854e+01
9.035999999999999588e-01,-2.980735041487637815e+01
9.032000000000000028e-01,-2.984460477108742538e+01
9.025999999999999579e-01,-2.983403903870397755e+01
9.022000000000000020e-01,-2.984075731412329091e+01
9.012000000000000011e-01,-2.982903642498070695e+01
9.008000000000000451e-01,-2.983169557428701069e+01
9.002000000000000002e-01,-2.985397196858287217e+01
8.999000000000000332e-01,-2.985083571363268717e+01
8.992999999999999883e-01,-2.981625181058579344e+01
8.990000000000000213e-01,-2.979591177472464025e+01
8.982999999999999874e-01,-2.982306564489368839e+01
8.980000000000000204e-01,-2.982134226800804555e+01
8.972999999999999865e-01,-2.980315710695326104e+01
8.970000000000000195e-01,-2.980766617038145583e+01
8.962999999999999856e-01,-2.978610994737486450e+01
8.960000000000000187e-01,-2.978941151201876281e+01
8.953999999999999737e-01,-2.981222753966374128e+01
8.950000000000000178e-01,-2.981285631919773493e+01
8.943999999999999728e-01,-2.979128647596952817e+01
8.940000000000000169e-01,-2.978817065010554188e+01
8.933999999999999719e-01,-2.981677710182962926e+01
8.930000000000000160e-01,-2.982607071946065247e+01
8.923999999999999710e-01,-2.979883254800898129e+01
8.920000000000000151e-01,-2.982897652848738446e+01
8.913999999999999702e-01,-2.982699417067059855e+01
8.910000000000000142e-01,-2.979601294615698137e+01
8.903999999999999693e-01,-2.976093293458360733e+01
8.901000000000000023e-01,-2.977957218594264077e+01
8.893999999999999684e-01,-2.975355947077741448e+01
8.891000000000000014e-01,-2.975346019850923085e+01
8.883999999999999675e-01,-2.970970746704916365e+01
8.881000000000000005e-01,-2.972210589038161288e+01
8.874999999999999556e-01,-2.972879966271803198e+01
8.871999999999999886e-01,-2.972417437963926901e+01
8.864999999999999547e-01,-2.976662482661353337e+01
8.860999999999999988e-01,-2.975470402575043494e+01
8.854999999999999538e-01,-2.973543665239809641e+01
8.851999999999999869e-01,-2.970939113215199967e+01
8.844999999999999529e-01,-2.972863788261205542e+01
8.841999999999999860e-01,-2.974619753458897264e+01
8.834999999999999520e-01,-2.972296091086380798e+01
8.831999999999999851e-01,-2.972926095489471265e+01
8.824999999999999512e-01,-2.969824621660600883e+01
8.821999999999999842e-01,-2.969748806110096595e+01
8.814999999999999503e-01,-2.970598396656344420e+01
8.811999999999999833e-01,-2.968746666640355159e+01
8.809000000000000163e-01,-2.967869317484252178e+01
8.801999999999999824e-01,-2.966481736933236490e+01
8.798000000000000265e-01,-2.964966990894081533e+01
8.791999999999999815e-01,-2.961444937288650081e+01
8.789000000000000146e-01,-2.959509960023011388e+01
8.781999999999999806e-01,-2.960771092594162468e+01
8.779000000000000137e-01,-2.962753249131401390e+01
8.772999999999999687e-01,-2.962258104122518532e+01
8.769000000000000128e-01,-2.961152700224102574e+01
8.761999999999999789e-01,-2.960842985432511654e+01
8.759000000000000119e-01,-2.961003580165023763e+01
8.751999999999999780e-01,-2.961877885722975634e+01
8.749000000000000110e-01,-2.961301997706257438e+01
8.742999999999999661e-01,-2.956673291195956210e+01
8.739999999999999991e-01,-2.955075245204864842e+01
8.732999999999999652e-01,-2.951756147839580535e+01
8.729999999999999982e-01,-2.951173546445230755e+01
8.722999999999999643e-01,-2.951138585637648504e+01
8.719999999999999973e-01,-2.950115972835433453e+01
8.717000000000000304e-01,-2.948880790923681516e+01
8.709999999999999964e-01,-2.948940580988247717e+01
8.707000000000000295e-01,-2.949159915737499560e+01
8.699999999999999956e-01,-2.949406616830387051e+01
8.697000000000000286e-01,-2.951186629105185943e+01
8.689999999999999947e-01,-2.952448897228544666e+01
8.687000000000000277e-01,-2.954750461337286893e+01
8.680999999999999828e-01,-2.953931499006003136e+01
8.678000000000000158e-01,-2.952967472690005835e+01
8.670999999999999819e-01,-2.950990936981014201e+01
8.668000000000000149e-01,-2.950151930015444535e+01
8.660999999999999810e-01,-2.947872507076155912e+01
8.657000000000000250e-01,-2.946412207326699928e+01
8.649999999999999911e-01,-2.946268359579652696e+01
8.647000000000000242e-01,-2.944092624107864964e+01
8.639999999999999902e-01,-2.944389289272521282e+01
8.637000000000000233e-01,-2.942171974103270671e+01
8.630999999999999783e-01,-2.938901066948697149e+01
8.627000000000000224e-01,-2.939741508074834897e+01
8.620999999999999774e-01,-2.940647257816710081e+01
8.618000000000000105e-01,-2.938236386639016118e+01
8.611999999999999655e-01,-2.938074404210989954e+01
8.608000000000000096e-01,-2.936334385668960678e+01
8.601999999999999647e-01,-2.936279720789670833e+01
8.598000000000000087e-01,-2.939478559441967320e+01
8.590999999999999748e-01,-2.936071377558115003e+01
8.588000000000000078e-01,-2.938332713157444687e+01
8.580999999999999739e-01,-2.937015930850918366e+01
8.578000000000000069e-01,-2.933860300195247106e+01
8.571999999999999620e-01,-2.930253453370702843e+01
8.568999999999999950e-01,-2.930053440852488222e+01
8.561999999999999611e-01,-2.928959438081336941e+01
8.558999999999999941e-01,-2.924811419932927947e+01
8.551999999999999602e-01,-2.928380260793540657e+01
8.546000000000000263e-01,-2.925912984780044823e+01
8.542999999999999483e-01,-2.925470322594804529e+01
8.539999999999999813e-01,-2.923058846107974418e+01
8.534000000000000474e-01,-2.928233905372425028e+01
8.529999999999999805e-01,-2.927254103800326490e+01
8.524000000000000465e-01,-2.926206545438604678e+01
8.519999999999999796e-01,-2.923925799318861962e+01
8.517000000000000126e-01,-2.923482319257854201e+01
8.509999999999999787e-01,-2.921959603703096064e+01
8.507000000000000117e-01,-2.917892708209947372e+01
8.499999999999999778e-01,-2.920173464323917756e+01
8.497000000000000108e-01,-2.918706601775268439e+01
8.489999999999999769e-01,-2.920458566668983380e+01
8.487000000000000099e-01,-2.916149258514223774e+01
8.480999999999999650e-01,-2.914481930630131856e+01
8.477999999999999980e-01,-2.912352835945687701e+01
8.470999999999999641e-01,-2.910428458642068250e+01
8.467999999999999972e-01,-2.910201198042840076e+01
8.460999999999999632e-01,-2.909671601413511866e+01
8.457999999999999963e-01,-2.905447396670847482e+01
8.451999999999999513e-01,-2.902686852321624400e+01
8.447999999999999954e-01,-2.903625748992034872e+01
8.441999999999999504e-01,-2.903452092758752912e+01
8.438999999999999835e-01,-2.901581721534741831e+01
8.431999999999999496e-01,-2.900026683735103106e+01
8.428999999999999826e-01,-2.899019679225879642e+01
8.423000000000000487e-01,-2.893760835095161710e+01
8.418999999999999817e-01,-2.893602523569051144e+01
8.413000000000000478e-01,-2.892543531487247321e+01
8.406000000000000139e-01,-2.889175596033389937e+01
8.403000000000000469e-01,-2.886528350661589215e+01
8.396000000000000130e-01,-2.883132431879299773e+01
8.393000000000000460e-01,-2.886688625849155443e+01
8.386000000000000121e-01,-2.884204077301701119e+01
8.383000000000000451e-01,-2.884136810570071674e+01
8.376000000000000112e-01,-2.881694905466948597e+01
8.373000000000000442e-01,-2.880112007150638220e+01
8.366000000000000103e-01,-2.880105634547637550e+01
8.363000000000000433e-01,-2.878982525123842251e+01
8.356999999999999984e-01,-2.873280259873302356e+01
8.353000000000000425e-01,-2.872378421759115597e+01
8.346999999999999975e-01,-2.870067919150988445e+01
8.343000000000000416e-01,-2.867896413129324173e+01
8.339999999999999636e-01,-2.867054837741612872e+01
8.334000000000000297e-01,-2.866367410972216234e+01
8.329999999999999627e-01,-2.862156537291361857e+01
8.324000000000000288e-01,-2.861388646795727553e+01
8.319999999999999618e-01,-2.859679315399300847e+01
8.314000000000000279e-01,-2.854742265071853780e+01
8.310999999999999499e-01,-2.854633784261407925e+01
8.304000000000000270e-01,-2.854379768685057073e+01
8.300999999999999490e-01,-2.853590007356500280e+01
8.294000000000000261e-01,-2.846924039807442597e+01
8.289999999999999591e-01,-2.843673965911876067e+01
8.284000000000000252e-01,-2.839705579721664463e+01
8.279999999999999583e-01,-2.838888684916530991e+01
8.274000000000000243e-01,-2.837222470966384336e+01
8.269999999999999574e-01,-2.835023669851312178e+01
8.264000000000000234e-01,-2.835370673050820045e+01
8.260999999999999455e-01,-2.831638416484795329e+01
8.256999999999999895e-01,-2.825972124567456589e+01
8.249999999999999556e-01,-2.827203087234810042e+01
8.246999999999999886e-01,-2.828053582586732873e+01
8.241000000000000547e-01,-2.827504512560065209e+01
8.237999999999999767e-01,-2.822245540719837820e+01
8.229999999999999538e-01,-2.818079383109274616e+01
8.226999999999999869e-01,-2.816143404964256547e+01
8.221000000000000529e-01,-2.817498043990208956e+01
8.217999999999999750e-01,-2.811893592898108452e+01
8.214000000000000190e-01,-2.809795546668027200e+01
8.207999999999999741e-01,-2.803832212318370409e+01
8.204000000000000181e-01,-2.799769952741872103e+01
8.197999999999999732e-01,-2.799498103971155416e+01
8.194000000000000172e-01,-2.796416658410218048e+01
8.187999999999999723e-01,-2.791322851697121266e+01
8.181000000000000494e-01,-2.786993595751165032e+01
8.177999999999999714e-01,-2.783308028485899399e+01
8.174000000000000155e-01,-2.784943882483716138e+01
8.166999999999999815e-01,-2.780945547132020224e+01
8.164000000000000146e-01,-2.778393754126785709e+01
8.157999999999999696e-01,-2.771653783954809569e+01
8.155000000000000027e-01,-2.765788026781491737e+01
8.151000000000000467e-01,-2.763782798937165808e+01
8.145000000000000018e-01,-2.759644544587415282e+01
8.142000000000000348e-01,-2.756938989332581613e+01
8.135000000000000009e-01,-2.756772351081605876e+01
8.127999999999999670e-01,-2.750232070195292167e+01
8.125000000000000000e-01,-2.747275880027079253e+01
8.117999999999999661e-01,-2.745624618328036703e+01
8.114999999999999991e-01,-2.741643165767616708e+01
8.107999999999999652e-01,-2.734486501588008522e+01
8.104999999999999982e-01,-2.731984989148040910e+01
8.097999999999999643e-01,-2.727031330025699063e+01
8.094999999999999973e-01,-2.723554986595356908e+01
8.087999999999999634e-01,-2.717776747640267132e+01
8.084999999999999964e-01,-2.715244731475753426e+01
8.077999999999999625e-01,-2.710265433943127888e+01
8.074999999999999956e-01,-2.702863098204867498e+01
8.067999999999999616e-01,-2.701309554969146021e+01
8.064999999999999947e-01,-2.696836791357439012e+01
8.057999999999999607e-01,-2.691927184714538868e+01
8.054999999999999938e-01,-2.689102786615805840e+01
8.051000000000000378e-01,-2.684056918338152542e+01
8.044999999999999929e-01,-2.677859077635270779e+01
8.042000000000000259e-01,-2.673182050965984402e+01
8.034999999999999920e-01,-2.668511563314913815e+01
8.027999999999999581e-01,-2.661926247261338219e+01
8.021000000000000352e-01,-2.658689496008205566e+01
8.017999999999999572e-01,-2.652959989940841012e+01
8.011000000000000343e-01,-2.645397225926361529e+01
8.007999999999999563e-01,-2.640710405988101783e+01
8.001000000000000334e-01,-2.637618217406802046e+01
7.994999999999999885e-01,-2.628195250045407860e+01
7.991000000000000325e-01,-2.620948541532143494e+01
7.983999999999999986e-01,-2.614702546942827865e+01
7.981000000000000316e-01,-2.607468151073245721e+01
7.974999999999999867e-01,-2.601876600467935319e+01
7.971000000000000307e-01,-2.596871803009250002e+01
7.964999999999999858e-01,-2.591350826420569931e+01
7.962000000000000188e-01,-2.585098805840992142e+01
7.954999999999999849e-01,-2.578570512022128369e+01
7.951000000000000290e-01,-2.574747490354002721e+01
7.947999999999999510e-01,-2.566030269332310354e+01
7.941000000000000281e-01,-2.560077382023108328e+01
7.936999999999999611e-01,-2.556178154793677137e+01
7.931000000000000272e-01,-2.544726757270666795e+01
7.926999999999999602e-01,-2.535890068818026677e+01
7.921000000000000263e-01,-2.530179164672331638e+01
7.917999999999999483e-01,-2.522133185949050471e+01
7.911000000000000254e-01,-2.511523537006878115e+01
7.907999999999999474e-01,-2.509369639437687738e+01
7.901000000000000245e-01,-2.501964729707852086e+01
7.896999999999999575e-01,-2.495442775426216642e+01
7.890000000000000346e-01,-2.488638173021896804e+01
7.886999999999999567e-01,-2.485347650283166487e+01
7.880000000000000338e-01,-2.475604905002627731e+01
7.876999999999999558e-01,-2.474105661413351953e+01
7.872999999999999998e-01,-2.466361671258111699e+01
7.865999999999999659e-01,-2.459576994703095565e+01
7.862999999999999989e-01,-2.446982655137965068e+01
7.855999999999999650e-01,-2.434173067285862047e+01
7.850000000000000311e-01,-2.425254577197201300e+01
7.842999999999999972e-01,-2.418144838611004133e+01
7.840000000000000302e-01,-2.408768754979841020e+01
7.835999999999999632e-01,-2.404785703519520013e+01
7.830000000000000293e-01,-2.398756396519187462e+01
7.825999999999999623e-01,-2.389482176151404147e+01
7.822999999999999954e-01,-2.378794791521900009e+01
7.815999999999999615e-01,-2.371047806281369219e+01
7.812000000000000055e-01,-2.363491361814552860e+01
7.809000000000000385e-01,-2.353921166926877007e+01
7.802000000000000046e-01,-2.345520349195419385e+01
7.799000000000000377e-01,-2.337390628071901588e+01
7.795999999999999597e-01,-2.325961944416345162e+01
7.789000000000000368e-01,-2.312232387421710200e+01
7.785999999999999588e-01,-2.305750556698439624e+01
7.779000000000000359e-01,-2.295840555940655037e+01
7.775999999999999579e-01,-2.290521240005151427e+01
7.772999999999999909e-01,-2.280346974417347994e+01
7.766999999999999460e-01,-2.270142029058598609e+01
7.762999999999999901e-01,-2.258685836873698705e+01
7.756999999999999451e-01,-2.246389749683032377e+01
7.753999999999999782e-01,-2.235490695771426317e+01
7.750000000000000222e-01,-2.228102850775105637e+01
7.742999999999999883e-01,-2.215429359004074428e+01
7.740000000000000213e-01,-2.205426638466102673e+01
7.733999999999999764e-01,-2.195249318845161923e+01
7.731000000000000094e-01,-2.185475036936314197e+01
7.724999999999999645e-01,-2.170597961244392948e+01
7.719000000000000306e-01,-2.154948651136058402e+01
7.714999999999999636e-01,-2.147116043227127591e+01
7.709000000000000297e-01,-2.135411883534589350e+01
7.704999999999999627e-01,-2.127359722014811183e+01
7.699000000000000288e-01,-2.113408967694720175e+01
7.695999999999999508e-01,-2.106322654685556373e+01
7.690000000000000169e-01,-2.095724002395306229e+01
7.687000000000000499e-01,-2.087735263620917081e+01
7.682999999999999829e-01,-2.074637515751854977e+01
7.677000000000000490e-01,-2.059141841998825129e+01
7.673999999999999710e-01,-2.052104745752549064e+01
7.667000000000000481e-01,-2.037800003618951550e+01
7.663999999999999702e-01,-2.029206575785181954e+01
7.658000000000000362e-01,-2.017133733999455814e+01
7.651000000000000023e-01,-2.005818214481404382e+01
7.647000000000000464e-01,-1.993745187247909811e+01
7.643999999999999684e-01,-1.981193289958028814e+01
7.637000000000000455e-01,-1.971039317879320762e+01
7.633999999999999675e-01,-1.960596944528304775e+01
7.631000000000000005e-01,-1.947047447332407444e+01
7.623999999999999666e-01,-1.934755754998441901e+01
7.620999999999999996e-01,-1.924448903118138077e+01
7.614999999999999547e-01,-1.912154121289956521e+01
7.611999999999999877e-01,-1.900258349403528868e+01
7.604999999999999538e-01,-1.886587099062843365e+01
7.599000000000000199e-01,-1.867682957590078985e+01
7.591999999999999860e-01,-1.856292297757501686e+01
7.589000000000000190e-01,-1.843989659872958953e+01
7.581999999999999851e-01,-1.832999764155053413e+01
7.579000000000000181e-01,-1.821542761813212152e+01
7.571999999999999842e-01,-1.808031953014800663e+01
7.569000000000000172e-01,-1.797216962023152931e+01
7.566000000000000503e-01,-1.786011474861660986e+01
7.559000000000000163e-01,-1.775557534745321320e+01
7.556000000000000494e-01,-1.762766560184682163e+01
7.549000000000000155e-01,-1.749899478102646810e+01
7.546000000000000485e-01,-1.737842460405626710e+01
7.539000000000000146e-01,-1.720977772609357004e+01
7.532999999999999696e-01,-1.708148298551794042e+01
7.530000000000000027e-01,-1.697707154791651263e+01
7.526000000000000467e-01,-1.689217996935533961e+01
7.520000000000000018e-01,-1.677559461325285639e+01
7.516000000000000458e-01,-1.665930980668563066e+01
7.509000000000000119e-01,-1.650700635482428424e+01
7.506000000000000449e-01,-1.639880671643091503e+01
7.500000000000000000e-01,-1.629405175954980223e+01
7.496000000000000441e-01,-1.616667216326229806e+01
7.489999999999999991e-01,-1.601956617000889338e+01
7.487000000000000322e-01,-1.588063683797581760e+01
7.480999999999999872e-01,-1.576994577212366444e+01
7.478000000000000203e-01,-1.565101774034551063e+01
7.470999999999999863e-01,-1.553461545741631511e+01
7.468000000000000194e-01,-1.539115484699739334e+01
7.460999999999999854e-01,-1.527319277833429112e+01
7.458000000000000185e-01,-1.517235632625159347e+01
7.453999999999999515e-01,-1.510028796864217071e+01
7.448000000000000176e-01,-1.497599215597757194e+01
7.443999999999999506e-01,-1.489181540710073115e+01
7.437000000000000277e-01,-1.478394754818347678e+01
7.433999999999999497e-01,-1.466511119892245674e+01
7.428000000000000158e-01,-1.453160972829971342e+01
7.423999999999999488e-01,-1.443293602350383154e+01
7.417000000000000259e-01,-1.431046417222116318e+01
7.413999999999999480e-01,-1.422693257107955667e+01
7.408000000000000140e-01,-1.413684657372883713e+01
7.400999999999999801e-01,-1.398981251323518116e+01
7.398000000000000131e-01,-1.390662177749059403e+01
7.391999999999999682e-01,-1.376259325258401311e+01
7.388000000000000123e-01,-1.364476178769870351e+01
7.381999999999999673e-01,-1.352688002846692861e+01
7.378000000000000114e-01,-1.345643968674072077e+01
7.370999999999999774e-01,-1.336929637231511236e+01
7.368000000000000105e-01,-1.329105358899053435e+01
7.360999999999999766e-01,-1.319643357506651604e+01
7.358000000000000096e-01,-1.310767562376115336e+01
7.351999999999999647e-01,-1.297871610619096039e+01
7.348999999999999977e-01,-1.291824842696055775e+01
7.342999999999999527e-01,-1.281286254171433470e+01
7.339999999999999858e-01,-1.272436429996838569e+01
7.332999999999999519e-01,-1.260535533913788342e+01
7.328999999999999959e-01,-1.250659741640937384e+01
7.322999999999999510e-01,-1.239256240594711933e+01
7.318999999999999950e-01,-1.231888705201279777e+01
7.311999999999999611e-01,-1.223684188200492606e+01
7.308999999999999941e-01,-1.218787935715927340e+01
7.301999999999999602e-01,-1.212122974411956911e+01
7.298999999999999932e-01,-1.203097750792948872e+01
7.291999999999999593e-01,-1.192942477254745093e+01
7.288999999999999924e-01,-1.184597303099700660e+01
7.286000000000000254e-01,-1.176897166335934308e+01
7.278999999999999915e-01,-1.167783318502847756e+01
7.276000000000000245e-01,-1.157273085945799451e+01
7.268999999999999906e-01,-1.150323984585345549e+01
7.266000000000000236e-01,-1.146114798034371418e+01
7.262999999999999456e-01,-1.143977452578749698e+01
7.256000000000000227e-01,-1.135803891642341057e+01
7.252999999999999448e-01,-1.128804276189533695e+01
7.249999999999999778e-01,-1.117873208706689248e+01
7.243000000000000549e-01,-1.107538898601802302e+01
7.238999999999999879e-01,-1.102190822026317996e+01
7.233000000000000540e-01,-1.093506697672254369e+01
7.229999999999999760e-01,-1.085804849886053169e+01
7.223000000000000531e-01,-1.078088801817790632e+01
7.219999999999999751e-01,-1.071644310153586943e+01
7.216000000000000192e-01,-1.071232219368757654e+01
7.207000000000000073e-01,-1.056972592567186098e+01
7.203000000000000513e-01,-1.050464720370493410e+01
7.197000000000000064e-01,-1.039340735502804236e+01
7.193000000000000504e-01,-1.032289406092436224e+01
7.187000000000000055e-01,-1.020550625391060429e+01
7.179999999999999716e-01,-1.014353724046769578e+01
7.177000000000000046e-01,-1.008313540545070808e+01
7.169999999999999707e-01,-1.002106768180667551e+01
7.167000000000000037e-01,-9.923307378654003585e+00
7.159999999999999698e-01,-9.871851368956422235e+00
7.157000000000000028e-01,-9.821886182878950322e+00
7.149999999999999689e-01,-9.743279793975393233e+00
7.147000000000000020e-01,-9.676757153634710562e+00
7.140999999999999570e-01,-9.585910912599318934e+00
7.137000000000000011e-01,-9.555273693015800873e+00
7.129999999999999671e-01,-9.483239542438029801e+00
7.127000000000000002e-01,-9.424239209335564027e+00
7.119999999999999662e-01,-9.378019132203277763e+00
7.116999999999999993e-01,-9.295057598205161753e+00
7.109999999999999654e-01,-9.207640733708069902e+00
7.106999999999999984e-01,-9.140485581990779096e+00
7.100999999999999535e-01,-9.087650984393805587e+00
7.097999999999999865e-01,-9.041217608699373187e+00
7.090999999999999526e-01,-8.974319764412999945e+00
7.086999999999999966e-01,-8.947486945362973287e+00
7.079999999999999627e-01,-8.857964283845790376e+00
7.076999999999999957e-01,-8.785406035935819702e+00
7.069999999999999618e-01,-8.727625730628810530e+00
7.066999999999999948e-01,-8.675739463162926768e+00
7.059999999999999609e-01,-8.618735478796782701e+00
7.056999999999999940e-01,-8.535852419469872387e+00
7.054000000000000270e-01,-8.499880179588595652e+00
7.046999999999999931e-01,-8.457721448415847831e+00
7.043000000000000371e-01,-8.400576185388711536e+00
7.039999999999999591e-01,-8.343039556532941603e+00
7.033000000000000362e-01,-8.286168766178173328e+00
7.029999999999999583e-01,-8.239673879848266935e+00
7.023000000000000353e-01,-8.188499596504042799e+00
7.019999999999999574e-01,-8.130541161341723111e+00
7.016999999999999904e-01,-8.093398885503436446e+00
7.009999999999999565e-01,-8.036221407112590143e+00
7.006999999999999895e-01,-7.980804953880774377e+00
6.999999999999999556e-01,-7.937007574601931736e+00
6.996999999999999886e-01,-7.874495564983222451e+00
6.993000000000000327e-01,-7.836139565340141999e+00
6.986999999999999877e-01,-7.781171731161343530e+00
6.983000000000000318e-01,-7.745253211580497066e+00
6.979999999999999538e-01,-7.658154942894249473e+00
6.973000000000000309e-01,-7.604881280290701540e+00
6.966999999999999860e-01,-7.549255254804890569e+00
6.963000000000000300e-01,-7.502916509958060587e+00
6.955999999999999961e-01,-7.447794825918633066e+00
6.953000000000000291e-01,-7.399137525840663088e+00
6.949999999999999512e-01,-7.363776124605717399e+00
6.943000000000000282e-01,-7.290004254698404296e+00
6.939999999999999503e-01,-7.249822454866508892e+00
6.933000000000000274e-01,-7.193609294484440753e+00
6.929999999999999494e-01,-7.154517664118356990e+00
6.926999999999999824e-01,-7.122622405967074855e+00
6.919999999999999485e-01,-7.079105696736545994e+00
6.916999999999999815e-01,-7.036977967248351007e+00
6.914000000000000146e-01,-7.002444233803265305e+00
6.906999999999999806e-01,-6.954552587726606561e+00
6.903000000000000247e-01,-6.895227125517170208e+00
6.896999999999999797e-01,-6.841293973300702547e+00
6.893000000000000238e-01,-6.802739330455734645e+00
6.886999999999999789e-01,-6.766522370874398007e+00
6.884000000000000119e-01,-6.719572243344199336e+00
6.876999999999999780e-01,-6.676432790090128577e+00
6.874000000000000110e-01,-6.628298152664205745e+00
6.866999999999999771e-01,-6.547944567345323819e+00
6.864000000000000101e-01,-6.495187536690108843e+00
6.856999999999999762e-01,-6.440384449743833173e+00
6.854000000000000092e-01,-6.417168885273008883e+00
6.851000000000000423e-01,-6.352384321864704475e+00
6.844000000000000083e-01,-6.285352880916819984e+00
6.841000000000000414e-01,-6.266607705532681649e+00
6.834000000000000075e-01,-6.196375888803743237e+00
6.831000000000000405e-01,-6.173743876112039786e+00
6.824000000000000066e-01,-6.122216788465376425e+00
6.816999999999999726e-01,-6.061668330301431595e+00
6.814000000000000057e-01,-6.023330857394052273e+00
6.804999999999999938e-01,-5.996172814040981791e+00
6.801000000000000378e-01,-5.957834488038230347e+00
6.797999999999999599e-01,-5.954473684652642262e+00
6.791000000000000369e-01,-5.931499098202689169e+00
6.786999999999999700e-01,-5.887324029088883748e+00
6.781000000000000361e-01,-5.841344528359840638e+00
6.776999999999999691e-01,-5.803362098230971711e+00
6.774000000000000021e-01,-5.736564499217791990e+00
6.766999999999999682e-01,-5.644127628099196770e+00
6.764000000000000012e-01,-5.587899355977491211e+00
6.757999999999999563e-01,-5.523415862621408934e+00
6.754999999999999893e-01,-5.497248752220698975e+00
6.747999999999999554e-01,-5.509802935691268999e+00
6.744999999999999885e-01,-5.474809568548414163e+00
6.737999999999999545e-01,-5.396627215473529304e+00
6.734999999999999876e-01,-5.353604305982987199e+00
6.727999999999999536e-01,-5.302144469052430864e+00
6.724999999999999867e-01,-5.273266011477165449e+00
6.717999999999999527e-01,-5.245983845417537594e+00
6.714999999999999858e-01,-5.199118550483841972e+00
6.707999999999999519e-01,-5.159568553833940641e+00
6.704999999999999849e-01,-5.117366225157807591e+00
6.699000000000000510e-01,-5.081151237493545025e+00
6.694999999999999840e-01,-5.053881039066357772e+00
6.689000000000000501e-01,-5.029489180844240792e+00
6.685999999999999721e-01,-5.001413082636810614e+00
6.679000000000000492e-01,-4.924572903594951256e+00
6.673000000000000043e-01,-4.895940624958031506e+00
6.670000000000000373e-01,-4.884388902251860287e+00
6.663000000000000034e-01,-4.837462628424008315e+00
6.660000000000000364e-01,-4.799285940807266115e+00
6.653000000000000025e-01,-4.777406530140707375e+00
6.650000000000000355e-01,-4.737056137441367554e+00
6.646999999999999575e-01,-4.716732034302021148e+00
6.640000000000000346e-01,-4.658640783425719079e+00
6.636999999999999567e-01,-4.649415808042137499e+00
6.631000000000000227e-01,-4.612401921586309683e+00
6.627999999999999448e-01,-4.570058932893209303e+00
6.621000000000000218e-01,-4.530205601391626757e+00
6.618000000000000549e-01,-4.503643470469068433e+00
6.612000000000000099e-01,-4.438704745965763365e+00
6.609000000000000430e-01,-4.424014876789131634e+00
6.602000000000000091e-01,-4.399596994833846253e+00
6.599000000000000421e-01,-4.376194470165698291e+00
6.592000000000000082e-01,-4.344217713306633755e+00
6.589000000000000412e-01,-4.326735704316201137e+00
6.585999999999999632e-01,-4.307228610498162524e+00
6.579000000000000403e-01,-4.260846374118735014e+00
6.575999999999999623e-01,-4.230014751463798461e+00
6.569000000000000394e-01,-4.193534489324926895e+00
6.562000000000000055e-01,-4.162892929074693882e+00
6.559000000000000385e-01,-4.089515621428022385e+00
6.552999999999999936e-01,-4.042415527708357104e+00
6.546999999999999487e-01,-4.006217228067280089e+00
6.542999999999999927e-01,-3.949781748338945686e+00
6.536999999999999478e-01,-3.908861292848189617e+00
6.533999999999999808e-01,-3.894127034590258329e+00
6.526999999999999469e-01,-3.860898949251470480e+00
6.523999999999999799e-01,-3.844835477115684963e+00
6.521000000000000130e-01,-3.824188792065155607e+00
6.513999999999999790e-01,-3.797267491109992843e+00
6.511000000000000121e-01,-3.742260169340219544e+00
6.504999999999999671e-01,-3.749429970487452746e+00
6.501000000000000112e-01,-3.723891943238979874e+00
6.498000000000000442e-01,-3.699311489882908699e+00
6.491000000000000103e-01,-3.654356168656183623e+00
6.488000000000000433e-01,-3.604318231867700728e+00
6.481000000000000094e-01,-3.564502637257507711e+00
6.474999999999999645e-01,-3.559344706630454436e+00
6.471000000000000085e-01,-3.539556444229555066e+00
6.464999999999999636e-01,-3.484169141185558427e+00
6.461999999999999966e-01,-3.451361167458935508e+00
6.455999999999999517e-01,-3.401025752339595254e+00
6.452999999999999847e-01,-3.394147287619567077e+00
6.447000000000000508e-01,-3.356506056692923234e+00
6.443999999999999728e-01,-3.334171933647503305e+00
6.437000000000000499e-01,-3.303820294895190468e+00
6.433999999999999719e-01,-3.274635367231728988e+00
6.427000000000000490e-01,-3.233853661591470807e+00
6.423999999999999710e-01,-3.167468919704555130e+00
6.418000000000000371e-01,-3.120258404890399628e+00
6.414999999999999591e-01,-3.104917316873803568e+00
6.408000000000000362e-01,-3.066002107047008263e+00
6.404999999999999583e-01,-3.041435410014794893e+00
6.398000000000000353e-01,-3.015271873310978901e+00
6.394999999999999574e-01,-3.010133942857665001e+00
6.388000000000000345e-01,-2.969861548094212989e+00
6.381999999999999895e-01,-2.953758678406539939e+00
6.378000000000000336e-01,-2.914518857497286231e+00
6.371999999999999886e-01,-2.865157300411050212e+00
6.369000000000000217e-01,-2.815347178728236255e+00
6.361999999999999877e-01,-2.760501966789577377e+00
6.351999999999999869e-01,-2.724805243334640803e+00
6.346000000000000529e-01,-2.657225799027398860e+00
6.342999999999999750e-01,-2.617587541523316741e+00
6.339000000000000190e-01,-2.620236481118767724e+00
6.332999999999999741e-01,-2.611780564651736025e+00
6.329000000000000181e-01,-2.576342422142344102e+00
6.322999999999999732e-01,-2.553651478151910847e+00
6.316000000000000503e-01,-2.499663938501997418e+00
6.310000000000000053e-01,-2.469202677199758167e+00
6.307000000000000384e-01,-2.435428978600842509e+00
6.300000000000000044e-01,-2.403132832343515712e+00
6.297000000000000375e-01,-2.369825242396275566e+00
6.290000000000000036e-01,-2.320779942424980202e+00
6.287000000000000366e-01,-2.305077145267966809e+00
6.280000000000000027e-01,-2.261100174658428497e+00
6.277000000000000357e-01,-2.262763220476152082e+00
6.270000000000000018e-01,-2.204613352366560530e+00
6.267000000000000348e-01,-2.169192656129373287e+00
6.260000000000000009e-01,-2.128922984903983018e+00
6.252999999999999670e-01,-2.085699563017864744e+00
6.250000000000000000e-01,-2.061223587710228511e+00
6.242999999999999661e-01,-2.044046401853197192e+00
6.239999999999999991e-01,-2.017059612044805217e+00
6.232999999999999652e-01,-1.979988683751057632e+00
6.229999999999999982e-01,-1.968792908821695331e+00
6.222999999999999643e-01,-1.951497747579647335e+00
6.219999999999999973e-01,-1.932499784449217994e+00
6.212999999999999634e-01,-1.854722802227884326e+00
6.209000000000000075e-01,-1.832282914285623843e+00
6.201999999999999735e-01,-1.807967926318112983e+00
6.199000000000000066e-01,-1.766149035268074652e+00
6.191999999999999726e-01,-1.755905255155024047e+00
6.188000000000000167e-01,-1.727353605460515862e+00
6.180999999999999828e-01,-1.678162140631225707e+00
6.178000000000000158e-01,-1.643141971683151237e+00
6.169999999999999929e-01,-1.613457766827877560e+00
6.167000000000000259e-01,-1.591240024298792743e+00
6.159999999999999920e-01,-1.567925347909296274e+00
6.156000000000000361e-01,-1.521230242687923617e+00
6.149999999999999911e-01,-1.473556618733842694e+00
6.146000000000000352e-01,-1.432231211398807158e+00
6.139000000000000012e-01,-1.425478784697689516e+00
6.136000000000000343e-01,-1.419267582661656757e+00
6.128000000000000114e-01,-1.351134435010128865e+00
6.125000000000000444e-01,-1.336512003194747944e+00
6.118000000000000105e-01,-1.302054593030690821e+00
6.114000000000000545e-01,-1.257484942532652195e+00
6.107000000000000206e-01,-1.190620775246356455e+00
6.102999999999999536e-01,-1.163164002385488782e+00
6.097000000000000197e-01,-1.144223312913097867e+00
6.092999999999999527e-01,-1.121720363736824932e+00
6.086000000000000298e-01,-1.108865998986421797e+00
6.078000000000000069e-01,-1.114059377835610487e+00
6.074000000000000510e-01,-1.064681665405645017e+00
6.067000000000000171e-01,-1.051928342413535500e+00
6.059999999999999831e-01,-1.019741057848091881e+00
6.056000000000000272e-01,-9.804921010301420603e-01
6.048999999999999932e-01,-9.311467348869367777e-01
6.045000000000000373e-01,-9.321122826897593194e-01
6.040999999999999703e-01,-9.064921469546100008e-01
6.034000000000000474e-01,-8.734763305127263289e-01
6.029999999999999805e-01,-8.512976498818020099e-01
6.026000000000000245e-01,-8.361581671476742139e-01
6.018999999999999906e-01,-8.155618475145370860e-01
6.015000000000000346e-01,-7.896732793531008321e-01
6.010999999999999677e-01,-7.886806404653473601e-01
6.004000000000000448e-01,-7.549365074275421472e-01
5.999999999999999778e-01,-7.494169679798240447e-01
5.991999999999999549e-01,-6.927481794070239340e-01
5.988999999999999879e-01,-6.979870372601088002e-01
5.980999999999999650e-01,-6.357418440770118417e-01
5.977999999999999980e-01,-6.093275419258997738e-01
5.974000000000000421e-01,-5.715843213602994632e-01
5.966000000000000192e-01,-5.512333710631228678e-01
5.961999999999999522e-01,-5.258221004698221401e-01
5.954000000000000403e-01,-5.279115018828189898e-01
5.950999999999999623e-01,-4.869761271317912810e-01
5.943000000000000504e-01,-4.382063565930988114e-01
5.938999999999999835e-01,-4.388159784571993294e-01
5.930999999999999606e-01,-4.274218192965723029e-01
5.927000000000000046e-01,-3.928511961157760135e-01
5.919999999999999707e-01,-3.827003583731919401e-01
5.911999999999999478e-01,-3.422232200987057604e-01
5.907999999999999918e-01,-3.132355797883651372e-01
5.899999999999999689e-01,-2.768299308040372830e-01
5.891999999999999460e-01,-2.373732327285577037e-01
5.887999999999999901e-01,-2.296108987252104550e-01
5.879999999999999671e-01,-2.117535598842451572e-01
5.876000000000000112e-01,-2.308286399441833447e-01
5.867999999999999883e-01,-1.879384761625108036e-01
5.864000000000000323e-01,-1.850845577609089299e-01
5.856000000000000094e-01,-1.369721311515054163e-01
5.848999999999999755e-01,-9.504026155827960398e-02
5.839999999999999636e-01,-4.191657428688488896e-02
5.833000000000000407e-01,2.064533846310445675e-03
5.827999999999999847e-01,2.151540438276311473e-02
5.819999999999999618e-01,6.220957620393929854e-02
5.816000000000000059e-01,8.107510869569123368e-02
5.807999999999999829e-01,8.465432011182938421e-02
5.804000000000000270e-01,9.763205402156527324e-02
5.796000000000000041e-01,1.235494241715734409e-01
5.792000000000000481e-01,1.264323453178256562e-01
5.784000000000000252e-01,1.505649298596395402e-01
5.776000000000000023e-01,1.644959755766478571e-01
5.772000000000000464e-01,1.806813871487594758e-01
5.764000000000000234e-01,2.253292925771116506e-01
5.759999999999999565e-01,2.536508372810025724e-01
5.752000000000000446e-01,2.852407377764570873e-01
5.747999999999999776e-01,2.931177600997564303e-01
5.739999999999999547e-01,2.779929139520159742e-01
5.735999999999999988e-01,2.862646013648134646e-01
5.727999999999999758e-01,3.076640383261469713e-01
5.719999999999999529e-01,3.482068079287831130e-01
5.715999999999999970e-01,3.576895503145521849e-01
5.708999999999999631e-01,4.011685301032880124e-01
5.705000000000000071e-01,4.035552953165350010e-01
5.696999999999999842e-01,4.551173125668522834e-01
5.688999999999999613e-01,4.490207429565934438e-01
5.685000000000000053e-01,4.618020293525176845e-01
5.681000000000000494e-01,4.769674349893587850e-01
5.673000000000000265e-01,4.945693470561479677e-01
5.668999999999999595e-01,4.685248037674533128e-01
5.661000000000000476e-01,4.764059013586535718e-01
5.656999999999999806e-01,5.084999282558427813e-01
5.649999999999999467e-01,5.048996638303687723e-01
5.645999999999999908e-01,5.123448577139949611e-01
5.638999999999999568e-01,5.246652660741840668e-01
5.635000000000000009e-01,5.646162514662961263e-01
5.626999999999999780e-01,6.027922771347643538e-01
5.623000000000000220e-01,6.179196458701990968e-01
5.615999999999999881e-01,5.963240989084045429e-01
5.612000000000000322e-01,5.837088568130116562e-01
5.604000000000000092e-01,5.849145793736937327e-01
5.601000000000000423e-01,6.166947356136404101e-01
5.593000000000000194e-01,6.680952072259799257e-01
5.590000000000000524e-01,7.179742999987442920e-01
5.583000000000000185e-01,7.347664270098558381e-01
5.578999999999999515e-01,7.512102784681257139e-01
5.572000000000000286e-01,7.500482988722495525e-01
5.567999999999999616e-01,7.647170278870379923e-01
5.561000000000000387e-01,7.848346471186345985e-01
5.557999999999999607e-01,8.022955012756266546e-01
5.550000000000000488e-01,8.364912438076771428e-01
5.546999999999999709e-01,8.197292206937184522e-01
5.540000000000000480e-01,8.336880042838362703e-01
5.535999999999999810e-01,8.264106151425337776e-01
5.528999999999999471e-01,8.745719573401838920e-01
5.525999999999999801e-01,8.697997209063806912e-01
5.518999999999999462e-01,8.712500502407877212e-01
5.515999999999999792e-01,8.904233740360950611e-01
5.508999999999999453e-01,9.325562512287749461e-01
5.505999999999999783e-01,9.231944845613376804e-01
5.499000000000000554e-01,9.479323829355429387e-01
5.495999999999999774e-01,9.378279760798718945e-01
5.490000000000000435e-01,9.481485097075775803e-01
5.485999999999999766e-01,9.548759137913837014e-01
5.480000000000000426e-01,9.597323526202433674e-01
5.475999999999999757e-01,9.709104298729481775e-01
5.469000000000000528e-01,9.805815527143962873e-01
5.465999999999999748e-01,9.770305719660615784e-01
5.463000000000000078e-01,9.773974787543465714e-01
5.456999999999999629e-01,1.000373412859620448e+00
5.453000000000000069e-01,1.016603449446526586e+00
5.451000000000000290e-01,1.022920761941867429e+00
5.443999999999999950e-01,1.045746870073291479e+00
5.441000000000000281e-01,1.067356583630760358e+00
5.434999999999999831e-01,1.054588174706147630e+00
5.432000000000000162e-01,1.023407344194135593e+00
5.425999999999999712e-01,1.015771357068193215e+00
5.423000000000000043e-01,1.050803241855677417e+00
5.416999999999999593e-01,1.017137158612277492e+00
5.413999999999999924e-01,1.046005279195169724e+00
5.407999999999999474e-01,1.059098231645169808e+00
5.402000000000000135e-01,1.069522090759930766e+00
5.399000000000000465e-01,1.095224408173209429e+00
5.393999999999999906e-01,1.127371236378169161e+00
5.391000000000000236e-01,1.133905449731895221e+00
5.384999999999999787e-01,1.085845241379987502e+00
5.382000000000000117e-01,1.120972902393310822e+00
5.379000000000000448e-01,1.155514512237929114e+00
5.372999999999999998e-01,1.155721444875621007e+00
5.370000000000000329e-01,1.157632324330290619e+00
5.363999999999999879e-01,1.158036882844756921e+00
5.361000000000000210e-01,1.152697964182034074e+00
5.354999999999999760e-01,1.167896872991333712e+00
5.352999999999999980e-01,1.177378743502308200e+00
5.346999999999999531e-01,1.186611774208965020e+00
5.343999999999999861e-01,1.198512868574516776e+00
5.338000000000000522e-01,1.186175218400795206e+00
5.335999999999999632e-01,1.219549827793584118e+00
5.330000000000000293e-01,1.229690223716537023e+00
5.328000000000000513e-01,1.226013715113424940e+00
5.322000000000000064e-01,1.219199181392780051e+00
5.320000000000000284e-01,1.211761009558762314e+00
5.316999999999999504e-01,1.224064356655438335e+00
5.312000000000000055e-01,1.216763150166042085e+00
5.310000000000000275e-01,1.239891261725287297e+00
5.306999999999999496e-01,1.261509653662992836e+00
5.302000000000000046e-01,1.258753188756664532e+00
5.300000000000000266e-01,1.275746222725512968e+00
5.295999999999999597e-01,1.303294047185973970e+00
5.292999999999999927e-01,1.291147802148437496e+00
5.291000000000000147e-01,1.287519367545661542e+00
5.286999999999999478e-01,1.275675841680076861e+00
5.284999999999999698e-01,1.304100024509744049e+00
5.281000000000000139e-01,1.326339598403322828e+00
5.276999999999999469e-01,1.329722734890945279e+00
5.274999999999999689e-01,1.306264171415869146e+00
5.272999999999999909e-01,1.288572294552356556e+00
5.270000000000000240e-01,1.307970421734680588e+00
5.268000000000000460e-01,1.291883117246137136e+00
5.266999999999999460e-01,1.284800210729283965e+00
5.262999999999999901e-01,1.292369322533279519e+00
5.262000000000000011e-01,1.291185013121629144e+00
5.261000000000000121e-01,1.338314950246819013e+00
5.260000000000000231e-01,1.337254105856708453e+00
5.259000000000000341e-01,1.300973381054490563e+00
5.258000000000000451e-01,1.283192615044934204e+00
5.256999999999999451e-01,1.302041251324479010e+00
5.255999999999999561e-01,1.285090405131125824e+00
5.254999999999999671e-01,1.371961796000839673e+00
5.253999999999999782e-01,1.340641433225306489e+00
5.252999999999999892e-01,1.308739901647801407e+00
5.252000000000000002e-01,1.354964618868401249e+00
5.251000000000000112e-01,1.366305885677418619e+00
5.250000000000000222e-01,1.321486991670214994e+00
5.249000000000000332e-01,1.319978999922075236e+00
5.248000000000000442e-01,1.370991023993614721e+00
5.247000000000000552e-01,1.358590795938127815e+00
5.245999999999999552e-01,1.368330022180272554e+00
5.244999999999999662e-01,1.305613632243338262e+00
5.243999999999999773e-01,1.371658064505329566e+00
5.242999999999999883e-01,1.346756848765937153e+00
5.241999999999999993e-01,1.340672891999780791e+00
5.241000000000000103e-01,1.337716553564613609e+00
5.240000000000000213e-01,1.317902291450220975e+00
5.239000000000000323e-01,1.319000133606293534e+00
5.238000000000000433e-01,1.300059571104558831e+00
5.237000000000000544e-01,1.306424148325366463e+00
5.235999999999999543e-01,1.333395291172254193e+00
5.234999999999999654e-01,1.319892373560435761e+00
5.233999999999999764e-01,1.420360573486587175e+00
5.230000000000000204e-01,1.407903736108315318e+00
5.227000000000000535e-01,1.410663963965705481e+00
5.221999999999999975e-01,1.422644181039642408e+00
5.219000000000000306e-01,1.423572864358777057e+00
5.212999999999999856e-01,1.440610721256327498e+00
5.210000000000000187e-01,1.449388537224857831e+00
5.202999999999999847e-01,1.466260145080097832e+00
5.199000000000000288e-01,1.482182780917704168e+00
5.194999999999999618e-01,1.496178854628813060e+00
5.187000000000000499e-01,1.502251757770287188e+00
5.182999999999999829e-01,1.521207290130707879e+00
5.178000000000000380e-01,1.535116457048943506e+00
5.169000000000000261e-01,1.541866000950506521e+00
5.163999999999999702e-01,1.550452213435957294e+00
5.159000000000000252e-01,1.527490119531890844e+00
5.148000000000000353e-01,1.511315514493225098e+00
5.137000000000000455e-01,1.561984628064769343e+00
5.131000000000000005e-01,1.590315862978405992e+00
5.118000000000000327e-01,1.561025752791142640e+00
5.111999999999999877e-01,1.584299435722011484e+00
5.104999999999999538e-01,1.600089890837694373e+00
5.090999999999999970e-01,1.635334600749369205e+00
5.083999999999999631e-01,1.650366099123154573e+00
5.069000000000000172e-01,1.696353897420385781e+00
5.060999999999999943e-01,1.723263088273738308e+00
5.052999999999999714e-01,1.731272639346123743e+00
5.036000000000000476e-01,1.737986663532739673e+00
5.027000000000000357e-01,1.737731001924189389e+00
5.009000000000000119e-01,1.784483454328120278e+00
5.000000000000000000e-01,1.797053408389079454e+00
4.990999999999999881e-01,1.817489059343854851e+00
4.971999999999999753e-01,1.832495617817495148e+00
4.963000000000000189e-01,1.820911073088446575e+00
4.944000000000000061e-01,1.831207316013369724e+00
4.934999999999999942e-01,1.846698731758009249e+00
4.908000000000000140e-01,1.844276734155533948e+00
4.899999999999999911e-01,1.868359469689093277e+00
4.890999999999999792e-01,1.858753289132528241e+00
4.873999999999999999e-01,1.892970743419195134e+00
4.865999999999999770e-01,1.883754327683048846e+00
4.848000000000000087e-01,1.924693803009511317e+00
4.839999999999999858e-01,1.947596519943570303e+00
4.820999999999999730e-01,1.949982821144655265e+00
4.812000000000000166e-01,1.960358578320317680e+00
4.792000000000000148e-01,1.984493026354825052e+00
4.782000000000000139e-01,2.014453416207193204e+00
4.761000000000000232e-01,2.034426980082257419e+00
4.751000000000000223e-01,2.088448288780839324e+00
4.727999999999999980e-01,2.126875322963281523e+00
4.717000000000000082e-01,2.112643944193401513e+00
4.692000000000000060e-01,2.158237345669875129e+00
4.680000000000000271e-01,2.153074190499801421e+00
4.666000000000000147e-01,2.174475715868359860e+00
4.638999999999999790e-01,2.204740236752197990e+00
4.625000000000000222e-01,2.214864715862838285e+00
4.610000000000000209e-01,2.239884571650016643e+00
4.578999999999999737e-01,2.281789762273098265e+00
4.562999999999999834e-01,2.284785136999131883e+00
4.546000000000000041e-01,2.271686121571234285e+00
4.511999999999999900e-01,2.276419942933913365e+00
4.494000000000000217e-01,2.300050785666515996e+00
4.457999999999999741e-01,2.319815657339172166e+00
4.440000000000000058e-01,2.336286108952853713e+00
4.420999999999999930e-01,2.362335565683423955e+00
4.381999999999999784e-01,2.364966505521634677e+00
4.361999999999999766e-01,2.378956325624001611e+00
4.323000000000000176e-01,2.406791906147884408e+00
4.304000000000000048e-01,2.382916220164052579e+00
4.284000000000000030e-01,2.398284833529315652e+00
4.247000000000000219e-01,2.437058346501860928e+00
4.228000000000000091e-01,2.424332870045939448e+00
4.193999999999999950e-01,2.466220958427176146e+00
4.177000000000000157e-01,2.482330569799837239e+00
4.146000000000000241e-01,2.496559238443149642e+00
4.132000000000000117e-01,2.526838372676407207e+00
4.103999999999999870e-01,2.538501547113755752e+00
4.089999999999999747e-01,2.552511978245672442e+00
4.063999999999999835e-01,2.554145440505570352e+00
4.051000000000000156e-01,2.559256565445519715e+00
4.037999999999999923e-01,2.562100217709181837e+00
4.013999999999999790e-01,2.558563690421497672e+00
4.001000000000000112e-01,2.581355495142809264e+00
3.988999999999999768e-01,2.586314744964721246e+00
3.963999999999999746e-01,2.608088806768313450e+00
3.951000000000000068e-01,2.624245003665301557e+00
3.925000000000000155e-01,2.640412225404439983e+00
3.911999999999999922e-01,2.626024099663601508e+00
3.882999999999999785e-01,2.640108659393222812e+00
3.867999999999999772e-01,2.662538040068204825e+00
3.851999999999999869e-01,2.674422630585468585e+00
3.817999999999999727e-01,2.682100757652947198e+00
3.800000000000000044e-01,2.697800443459894115e+00
3.760999999999999899e-01,2.737384106346260726e+00
3.739999999999999991e-01,2.737070792055082524e+00
3.718000000000000194e-01,2.735784171578256707e+00
3.675999999999999823e-01,2.737402807375874492e+00
3.652000000000000246e-01,2.760392919623142038e+00
3.608000000000000096e-01,2.797986729893495284e+00
3.587000000000000188e-01,2.806014458775138554e+00
3.567000000000000171e-01,2.808611634666155599e+00
3.523999999999999910e-01,2.821769460500597848e+00
3.503999999999999893e-01,2.817084425923641167e+00
3.487000000000000099e-01,2.817830809678442794e+00
3.453999999999999848e-01,2.806002375396396520e+00
3.437000000000000055e-01,2.819976900106033302e+00
3.410000000000000253e-01,2.821700352908726561e+00
3.397000000000000020e-01,2.824982265600337161e+00
3.376000000000000112e-01,2.839096035047936173e+00
3.366000000000000103e-01,2.835541640624703152e+00
3.356999999999999984e-01,2.831832159352551503e+00
3.341000000000000081e-01,2.854776874846795653e+00
3.335000000000000187e-01,2.861680545559672328e+00
3.322999999999999843e-01,2.884136090466546509e+00
3.317999999999999838e-01,2.887198781284169957e+00
3.309000000000000274e-01,2.842400882776749516e+00
3.306000000000000050e-01,2.852279007378375031e+00
3.299000000000000266e-01,2.884844711500619940e+00
3.296000000000000041e-01,2.861343873780328284e+00
3.292999999999999816e-01,2.836963379579046762e+00
3.287999999999999812e-01,2.817227008386144593e+00
3.286000000000000032e-01,2.814534968345258736e+00
3.281000000000000028e-01,2.843968633816848612e+00
3.279000000000000248e-01,2.831855227899624072e+00
3.275000000000000133e-01,2.838620294484325957e+00
3.274000000000000243e-01,2.833884091820934703e+00
3.270000000000000129e-01,2.821182459036494894e+00
3.267999999999999794e-01,2.817188611345042393e+00
3.266999999999999904e-01,2.799486831164474498e+00
3.264000000000000234e-01,2.817697148884898528e+00
3.262999999999999790e-01,2.835418953453169966e+00
3.261000000000000010e-01,2.837761114235157311e+00
3.259000000000000230e-01,2.858950577702343399e+00
3.256999999999999895e-01,2.856686150317852668e+00
3.255000000000000115e-01,2.855903238859966553e+00
3.254000000000000226e-01,2.872326402194799844e+00
3.252999999999999781e-01,2.893576813103523993e+00
3.250000000000000111e-01,2.894238098596555009e+00
3.249000000000000221e-01,2.868457420570833083e+00
3.246999999999999886e-01,2.857481386627988673e+00
3.245999999999999996e-01,2.875992450265471678e+00
3.242999999999999772e-01,2.862521237992007972e+00
3.241999999999999882e-01,2.863819061535086252e+00
3.240000000000000102e-01,2.856518272234195965e+00
3.239000000000000212e-01,2.833693418760260929e+00
3.237999999999999767e-01,2.832286338946485404e+00
3.235999999999999988e-01,2.827779440936137423e+00
3.235000000000000098e-01,2.843426667622703352e+00
3.234000000000000208e-01,2.826410515324381922e+00
3.232999999999999763e-01,2.826938437530332582e+00
3.230999999999999983e-01,2.847276191672229562e+00
3.230000000000000093e-01,2.877279595650192423e+00
3.229000000000000203e-01,2.858964451426734943e+00
3.227999999999999758e-01,2.844252844210956699e+00
3.226999999999999869e-01,2.843902974960718755e+00
3.225000000000000089e-01,2.856376693324488958e+00
3.224000000000000199e-01,2.841163009128719441e+00
3.222999999999999754e-01,2.835808938142156510e+00
3.221999999999999864e-01,2.847337527364310450e+00
3.220000000000000084e-01,2.856424943028720964e+00
3.219000000000000195e-01,2.859518129491242622e+00
3.216999999999999860e-01,2.853305481012244460e+00
3.215000000000000080e-01,2.847998356194855862e+00
3.214000000000000190e-01,2.853036527658212140e+00
3.212999999999999745e-01,2.830581493465031517e+00
3.210999999999999965e-01,2.856818617810383376e+00
3.209000000000000186e-01,2.859572117444239669e+00
3.207999999999999741e-01,2.847913939882027012e+00
3.206999999999999851e-01,2.825517324181112233e+00
3.205999999999999961e-01,2.832525399767624297e+00
3.205000000000000071e-01,2.851570284559054702e+00
3.204000000000000181e-01,2.863781881387236883e+00
3.202999999999999736e-01,2.846267791098075595e+00
3.201999999999999846e-01,2.836259408680805283e+00
3.200999999999999956e-01,2.845659009561782415e+00
3.199000000000000177e-01,2.805242807482275058e+00
3.197999999999999732e-01,2.830594372079872745e+00
3.196999999999999842e-01,2.826916011158461917e+00
3.195999999999999952e-01,2.815509595163398604e+00
3.195000000000000062e-01,2.838432136128762995e+00
3.194000000000000172e-01,2.836467125413508317e+00
3.192999999999999727e-01,2.816991189094272929e+00
3.191999999999999837e-01,2.830051688454057857e+00
3.190999999999999948e-01,2.802740651061327970e+00
3.190000000000000058e-01,2.845692922928341861e+00
3.189000000000000168e-01,2.863434721730659493e+00
3.187999999999999723e-01,2.857252318158240545e+00
3.186999999999999833e-01,2.809145219514683323e+00
3.185999999999999943e-01,2.836345834674944388e+00
3.185000000000000053e-01,2.846632014843683667e+00
3.184000000000000163e-01,2.816877677710647010e+00
3.183000000000000274e-01,2.811822995299126493e+00
3.181999999999999829e-01,2.830387906968198752e+00
3.180999999999999939e-01,2.844777994628552964e+00
3.180000000000000049e-01,2.858074003611252412e+00
3.179000000000000159e-01,2.848924182932352611e+00
3.178000000000000269e-01,2.843579528635439946e+00
3.176999999999999824e-01,2.831068191291516545e+00
3.175999999999999934e-01,2.848397692780876955e+00
3.175000000000000044e-01,2.865009905736112916e+00
3.174000000000000155e-01,2.859946017160983178e+00
3.173000000000000265e-01,2.863108706299341666e+00
3.171999999999999820e-01,2.830371517284144378e+00
3.170999999999999930e-01,2.830049320892355613e+00
3.170000000000000040e-01,2.847367605470982443e+00
3.169000000000000150e-01,2.851877411655032279e+00
3.168000000000000260e-01,2.858413722203398510e+00
3.166999999999999815e-01,2.840687745106138085e+00
3.165999999999999925e-01,2.872851441973120590e+00
3.165000000000000036e-01,2.875449126723758742e+00
3.164000000000000146e-01,2.864609911870305670e+00
3.163000000000000256e-01,2.860332512180305375e+00
3.161999999999999811e-01,2.880937434393202157e+00
3.160999999999999921e-01,2.893657685129266799e+00
3.160000000000000031e-01,2.873500780039770053e+00
3.159000000000000141e-01,2.876561765565929907e+00
3.158000000000000251e-01,2.889856610080107746e+00
3.156999999999999806e-01,2.892239772758417704e+00
3.155999999999999917e-01,2.868305649297506310e+00
3.155000000000000027e-01,2.857967086536059131e+00
3.154000000000000137e-01,2.892068389667365569e+00
3.153000000000000247e-01,2.882919157900718066e+00
3.151999999999999802e-01,2.855374796359097633e+00
3.150999999999999912e-01,2.839978971371989847e+00
3.150000000000000022e-01,2.886481007515970365e+00
3.149000000000000132e-01,2.864753220973778713e+00
3.148000000000000242e-01,2.852266218641638762e+00
3.146999999999999797e-01,2.885947471356273386e+00
