# Temperature (K),alpha_33
0.3502,-3.6602478514
0.3503,-3.6602571944499998
0.3504,-3.6600448437999997
0.3505,-3.6601179152
0.3506,-3.6597851043
0.3507,-3.6596514354
0.3508,-3.65957818435
0.351,-3.6605165687
0.3511,-3.6612119024
0.3513,-3.6617726972
0.3515,-3.66225593185
0.3517,-3.6628779219
0.3519,-3.662871235
0.3521,-3.66259458955
0.3524,-3.66265174765
0.3526,-3.66188239165
0.353,-3.6620338172999998
0.3533,-3.66230382395
0.3536,-3.6627251092499997
0.354,-3.6628036306
0.3544,-3.6624767441999997
0.3548,-3.6625825439999997
0.3552,-3.6626432145
0.3558,-3.66196999195
0.3563,-3.6618306448999998
0.357,-3.6615709672
0.3575,-3.6619353728
0.358,-3.66122558895
0.3586,-3.66083495945
0.3593,-3.6603767071999997
0.3599,-3.66021754405
0.3605,-3.6599236294499997
0.3613,-3.6598236508
0.3619,-3.66028208445
0.3628,-3.6599203125499997
0.3635,-3.6602728
0.3642,-3.65976152645
0.3649,-3.65958616995
0.3659,-3.6589908366999997
0.3666,-3.65823575295
0.3672,-3.6575859722999997
0.3682,-3.6573696947
0.369,-3.65770549295
0.3698,-3.6584086332499997
0.3708,-3.6591824485499997
0.3716,-3.6591708593
0.3726,-3.6588902519
0.3735,-3.6580624392
0.3743,-3.6570868908
0.3753,-3.6564526402
0.3762,-3.65620362635
0.377,-3.6563385084499997
0.3781,-3.6564304053
0.3788,-3.6556995778999997
0.3799,-3.6554119955499997
0.3806,-3.6552869166999997
0.382,-3.65553803885
0.383,-3.6548534977
0.3837,-3.65506703505
0.3845,-3.65520364
0.3852,-3.6552338508999997
0.3862,-3.6549829606
0.3869,-3.6542716491
0.3876,-3.6540034685
0.3885,-3.65310876695
0.3892,-3.65318235065
0.3899,-3.65260658295
0.3907,-3.6530791073
0.3914,-3.6529934288
0.3922,-3.6533973355
0.3928,-3.6529065389
0.3935,-3.6525156663
0.3942,-3.6522862548
0.3948,-3.6530547116
0.3956,-3.6532222366
0.3961,-3.6533022249
0.3966,-3.65266500125
0.3972,-3.6529302411
0.398,-3.6525441177499998
0.3986,-3.6522651050999997
0.399,-3.6521873471
0.3997,-3.6529476706999997
0.4001,-3.6533933206499998
0.4006,-3.6529326537499998
0.4013,-3.65270929885
0.4017,-3.6529686240999997
0.4021,-3.6531531266
0.4026,-3.6528920770999997
0.4032,-3.6528835326999998
0.4036,-3.6530322737
0.4042,-3.6528291005
0.4046,-3.6525364627499997
0.405,-3.65264685505
0.4054,-3.65233742495
0.406,-3.652108169
0.4064,-3.6518728474
0.4069,-3.6526242585
0.4073,-3.6523833478
0.4077,-3.65234974965
0.4083,-3.65284600535
0.4087,-3.6527931531499997
0.4091,-3.65240277315
0.4095,-3.6524944983
0.4101,-3.65254602585
0.4105,-3.65260640205
0.411,-3.6525957044
0.4114,-3.6528387472999997
0.412,-3.65327890485
0.4126,-3.6539434378999998
0.413,-3.6533354019499997
0.4135,-3.65350855365
0.4139,-3.6537962303
0.4144,-3.6535146683999997
0.4148,-3.6530828717999997
0.4154,-3.65312925415
0.4159,-3.6537148574
0.4163,-3.6532411159
0.4169,-3.6533671269499997
0.4173,-3.6539410827
0.4179,-3.6539478801
0.4183,-3.6541757183
0.4188,-3.65385730725
0.4192,-3.6530621764499998
0.4198,-3.65301739495
0.4203,-3.65332585185
0.4207,-3.6530212506999997
0.4214,-3.65285041515
0.4218,-3.65245948735
0.4223,-3.6520971333
0.4229,-3.65186271275
0.4234,-3.6507916516
0.4239,-3.65038253465
0.4245,-3.6502344383
0.425,-3.65015844145
0.4254,-3.65001356885
0.4261,-3.64903360775
0.4266,-3.64843386405
0.4271,-3.6480282554
0.4277,-3.6469111328999997
0.4282,-3.6457697750499998
0.4289,-3.6450621248
0.4294,-3.6448866969
0.4301,-3.64510237835
0.4306,-3.64542307735
0.4311,-3.64499785155
0.4318,-3.6452279107
0.4323,-3.64507872095
0.433,-3.64475146885
0.4335,-3.6443404831999997
0.434,-3.6442446300499998
0.4346,-3.64428681255
0.4351,-3.64352438295
0.4356,-3.64243713005
0.4361,-3.64192328075
0.4368,-3.64149526175
0.4373,-3.6417093997
0.4378,-3.64212602295
0.4385,-3.64193877985
0.439,-3.6416962012
0.4396,-3.6419494785
0.4403,-3.64194412085
0.4408,-3.6417877561
0.4413,-3.64110009175
0.4419,-3.64066650475
0.4425,-3.640328861
0.443,-3.6399216295
0.4437,-3.6396730713
0.4444,-3.6395197787
0.4449,-3.6393924114
0.4454,-3.63961283705
0.4459,-3.6401650178
0.4466,-3.6409525985999998
0.4472,-3.6416775439999998
0.4477,-3.64169162365
0.4483,-3.64205780125
0.4488,-3.6419750888499998
0.4494,-3.641483652
0.4501,-3.64160064285
0.4506,-3.64189010505
0.4511,-3.64182213515
0.4518,-3.64177387205
0.4523,-3.6416610416
0.4528,-3.64159615095
0.4535,-3.64129870905
0.4541,-3.64149976675
0.4547,-3.6410033991999997
0.4552,-3.6404411821
0.4557,-3.6400660258
0.4562,-3.6398087641499997
0.4569,-3.6393176156
0.4574,-3.6388631197
0.4579,-3.63831064775
0.4585,-3.6383036896
0.4592,-3.63816412485
0.4597,-3.6375903626999997
0.4602,-3.6369874532999997
0.4608,-3.6368287819
0.4613,-3.6365108541
0.4618,-3.63630643645
0.4624,-3.63635877275
0.4629,-3.6363599304
0.4634,-3.6359538526999997
0.4641,-3.6364542288
0.4646,-3.6369955310499997
0.465,-3.63709443225
0.4657,-3.636959144
0.4662,-3.6371691925
0.4668,-3.63714695295
0.4673,-3.6371859563499997
0.4678,-3.6365142031
0.4684,-3.6364036589
0.4689,-3.6360779772
0.4694,-3.6352260300499997
0.4701,-3.6355382705499997
0.4706,-3.63537055155
0.4713,-3.63542321415
0.4717,-3.6351915885999997
0.4722,-3.63559799045
0.4727,-3.6357858265
0.4734,-3.6354718973
0.4739,-3.63515309855
0.4745,-3.6349907129
0.475,-3.6342954661999998
0.4755,-3.6334423499499997
0.4762,-3.6327181300499998
0.4766,-3.63253229675
0.4772,-3.63238383395
0.4777,-3.632996686
0.4783,-3.6326279418
0.4788,-3.6331768768
0.4794,-3.63326663455
0.4799,-3.63348859235
0.4804,-3.6337975845
0.4811,-3.6330105505
0.4816,-3.63272468525
0.4823,-3.6323956252
0.4828,-3.63298255065
0.4833,-3.63203838015
0.4838,-3.6314589501
0.4844,-3.63121151975
0.4849,-3.6310222263
0.4855,-3.63066831635
0.486,-3.630770637
0.4865,-3.63094669305
0.4874,-3.6308301142499997
0.4879,-3.63011470975
0.4883,-3.6292801327
0.4889,-3.6283117878
0.4895,-3.6286519717
0.49,-3.6281482643
0.4905,-3.6276240465
0.4912,-3.626699759
0.4917,-3.6262530778
0.4923,-3.6264476099
0.4928,-3.6264594679499997
0.4934,-3.6262790226
0.494,-3.6253029190499997
0.4947,-3.62503817665
0.4952,-3.6248829146999997
0.4957,-3.6246413778999997
0.4962,-3.6247115051
0.4969,-3.6246745640999998
0.4974,-3.6246357203999997
0.4981,-3.6241663427499997
0.4987,-3.6242472494499998
0.4992,-3.6248717786499998
0.4998,-3.62489728675
0.5003,-3.62531040465
0.5008,-3.6248160847
0.5013,-3.62467537675
0.502,-3.6244279195
0.5025,-3.6247953432999998
0.503,-3.6251506322
0.5036,-3.6248692550499997
0.5041,-3.62421282225
0.5046,-3.6239858134
0.5053,-3.62423184205
0.5058,-3.62458620325
0.5063,-3.62468920225
0.507,-3.6249885566
0.5075,-3.62436319145
0.5081,-3.6239411868999998
0.5086,-3.6234934508
0.5091,-3.6230611219499997
0.5096,-3.6225545481999997
0.5102,-3.62155737715
0.5107,-3.6204717185499997
0.5114,-3.61932740595
0.5119,-3.61906160315
0.5124,-3.6186258465
0.5131,-3.61816652055
0.5137,-3.6180010290499998
0.5144,-3.6174542099
0.5149,-3.61753646815
0.5154,-3.6179322569
0.516,-3.6177468529
0.5165,-3.6167380062
0.517,-3.615918084
0.5177,-3.6153224751999997
0.5182,-3.6147293957
0.5187,-3.6148161002999997
0.5193,-3.61542985425
0.5198,-3.6155576253999997
0.5203,-3.6156948013999997
0.521,-3.6153686175999997
0.5216,-3.6157338812999997
0.5221,-3.61633230595
0.5226,-3.6161542076499997
0.5233,-3.61525028245
0.5238,-3.6150986340499998
0.5243,-3.6148123686
0.525,-3.6145747836999997
0.5254,-3.61414890085
0.5259,-3.61366352145
0.5266,-3.6135414990999997
0.5271,-3.61351468625
0.5278,-3.6134569118499997
0.5283,-3.61348299745
0.529,-3.61335260285
0.5294,-3.6133885823
0.5299,-3.6129861493999997
0.5307,-3.6123790422499997
0.5311,-3.6107509577999997
0.5318,-3.6097696168
0.5323,-3.60970788225
0.5328,-3.6093377353
0.5334,-3.6096471277999997
0.5339,-3.6093916791
0.5348,-3.60972453555
0.5352,-3.6091894065999996
0.5357,-3.6096469822499997
0.5362,-3.6090309336999997
0.5368,-3.6084785291999997
0.5374,-3.60814654695
0.5379,-3.6075223122
0.5385,-3.6068590490999997
0.5391,-3.6071700888
0.5397,-3.60700141385
0.5402,-3.6068733021
0.5407,-3.6058256602
0.5412,-3.6050811186
0.5418,-3.60457207185
0.5422,-3.6048656499
0.5428,-3.6050331798
0.5434,-3.6047951797
0.5438,-3.6040559430999997
0.5443,-3.6030447947999997
0.545,-3.6027024501
0.5455,-3.6021135649
0.546,-3.6021822004999997
0.5467,-3.60211786115
0.5471,-3.6022173831499997
0.5477,-3.6028266035
0.5483,-3.6022040767499997
0.549,-3.60191015955
0.5495,-3.6014807309499997
0.5501,-3.60115669025
0.5506,-3.6001860792
0.5511,-3.59957043825
0.5516,-3.5995605348499997
0.5522,-3.5991825071499997
0.5527,-3.5980900032
0.5532,-3.5971668333999998
0.554,-3.59609048625
0.5546,-3.5952592887
0.5552,-3.59445056715
0.5561,-3.59368395015
0.5566,-3.5928886263499997
0.5571,-3.5929345609
0.5576,-3.59285154555
0.5582,-3.59236135035
0.5587,-3.59215813315
0.5592,-3.59185946055
0.5599,-3.59224747375
0.5604,-3.5923468346
0.5611,-3.59256675845
0.5616,-3.59255229
0.562,-3.59335221105
0.5625,-3.5934168498
0.5632,-3.59393727735
0.5637,-3.5941421869999997
0.5642,-3.5944713159
0.5649,-3.59575229825
0.5654,-3.5962125743
0.5659,-3.5960060815499997
0.5665,-3.5961539382
0.567,-3.59600711125
0.5675,-3.5964795230499997
0.568,-3.59633870435
0.5687,-3.5962745954499997
0.5692,-3.59561256175
0.5697,-3.59504297415
0.5703,-3.59411630845
0.5709,-3.5938375426999998
0.5716,-3.5931239112999998
0.5721,-3.59203200385
0.5726,-3.59090812505
0.5731,-3.5896901505
0.5737,-3.5887599964
0.5744,-3.5875026245
0.5749,-3.5874367123999997
0.5754,-3.58735887935
0.576,-3.58606066535
0.5765,-3.58518439775
0.5771,-3.5855547309999998
0.5775,-3.585974763
0.5783,-3.58664716
0.5788,-3.58574055295
0.5793,-3.58469649615
0.58,-3.5831837274
0.5806,-3.58268060225
0.5813,-3.5825270640499998
0.5818,-3.5823589217
0.5825,-3.5818249657
0.5829,-3.5816417979499997
0.5836,-3.5817166119499997
0.584,-3.58146275315
0.5845,-3.5816124180499997
0.5852,-3.5818440773
0.5856,-3.5824588908
0.5861,-3.5822707393499997
0.5867,-3.5811136998
0.5872,-3.58055467235
0.5879,-3.58096943685
0.5884,-3.5804506869
0.589,-3.5794619917999997
0.5895,-3.5781590065
0.59,-3.5781878371499998
0.5905,-3.57802071725
0.591,-3.5784463812
0.5917,-3.57774800765
0.5922,-3.57724379195
0.5928,-3.5768288747
0.5933,-3.5762607049499997
0.5938,-3.57591956815
0.5943,-3.5754663637
0.5949,-3.57528531645
0.5954,-3.57453296325
0.5961,-3.57376306715
0.5966,-3.5726452459
0.5973,-3.5716340242999998
0.5977,-3.571944263
0.5982,-3.5718676544
0.5987,-3.5711217228
0.5993,-3.5702688442999997
0.5998,-3.5697803366
0.6003,-3.5693848004
0.601,-3.56957519905
0.6015,-3.5692210818
0.602,-3.5687506456499998
0.6026,-3.5685517830499998
0.6032,-3.5678637858499997
0.6038,-3.56733071245
0.6043,-3.5672521380499997
0.6048,-3.5663544447
0.6054,-3.5666217311999997
0.606,-3.56613367735
0.6066,-3.56633107455
0.6073,-3.5667621754
0.6078,-3.5659650217
0.6083,-3.5651963755
0.6088,-3.5645237903
0.6094,-3.56424712295
0.61,-3.563932134
0.6104,-3.56385400275
0.6111,-3.563514755
0.6116,-3.56405201625
0.6122,-3.5638084119999998
0.6127,-3.5641092515499997
0.6132,-3.56378569565
0.6137,-3.56343143265
0.6142,-3.5637733244
0.6149,-3.56389441425
0.6154,-3.563197187
0.6159,-3.56345502265
0.6165,-3.5629570151
0.617,-3.5629101797
0.6175,-3.5621574988
0.6182,-3.56130411465
0.6187,-3.5611299744
0.6193,-3.5612641584499998
0.6198,-3.56150215535
0.6203,-3.5619458902
0.621,-3.5619612793499997
0.6215,-3.56197030445
0.6221,-3.56246157375
0.6226,-3.56235379515
0.6233,-3.5618231409
0.6238,-3.5609970828499997
0.6243,-3.56040261205
0.6249,-3.5602581869
0.6254,-3.5598375815
0.6259,-3.55955448355
0.6264,-3.5590099555999997
0.627,-3.5586240975
0.6275,-3.55803537345
0.628,-3.55763911685
0.6288,-3.5578774986
0.6292,-3.5582912746499997
0.6297,-3.5583365615
0.6304,-3.5580004193
0.6309,-3.55739638885
0.6316,-3.5561898893499997
0.6322,-3.55504807905
0.6326,-3.5542377944499997
0.6333,-3.5532802434499997
0.6338,-3.55226294455
0.6343,-3.5517709924
0.635,-3.551457299
0.6355,-3.55123682915
0.636,-3.5509682185
0.6365,-3.5499495554
0.6373,-3.5488384132
0.6378,-3.5479777968999997
0.6385,-3.5475987454499998
0.639,-3.5473374019999997
0.6395,-3.54667808475
0.6402,-3.5452907026
0.6406,-3.5441322101
0.6411,-3.5435329808
0.6416,-3.5430974371999997
0.6423,-3.54247414175
0.6427,-3.5417344121
0.6432,-3.5415863601999997
0.6439,-3.54140934675
0.6444,-3.5417752169
0.6451,-3.5419154202
0.6456,-3.54156188215
0.6461,-3.5411686571
0.6466,-3.5410198552
0.6472,-3.54090918755
0.6477,-3.54099360175
0.6484,-3.5409042135999997
0.6489,-3.5408725771
0.6494,-3.5402659761999997
0.65,-3.5396276895
0.6505,-3.5388938333
0.651,-3.539085929
0.6515,-3.5383637267499997
0.6522,-3.5382008397
0.6527,-3.53790396525
0.6533,-3.5373721864
0.6538,-3.5376430752499997
0.6543,-3.5370993028999997
0.6549,-3.53662724
0.6555,-3.53503561625
0.6559,-3.5336082691999997
0.6564,-3.53337258115
0.6571,-3.53304056745
0.6576,-3.5328126034
0.6581,-3.5317953407
0.6588,-3.53088128515
0.6593,-3.52988211105
0.6599,-3.52955404195
0.6604,-3.52921282305
0.6609,-3.5285116145499997
0.6616,-3.52781588195
0.6621,-3.5270185666
0.6626,-3.52686717355
0.6632,-3.52638600025
0.6637,-3.5260607358
0.6644,-3.5257764936
0.6649,-3.52476391575
0.6654,-3.5251935891499997
0.6661,-3.5243382731999997
0.6666,-3.5243747592999997
0.6671,-3.5242391149
0.6677,-3.5232332965
0.6682,-3.5224619116499998
0.6687,-3.52194983495
0.6694,-3.52209565125
0.6699,-3.5218594266
0.6706,-3.5223643901
0.6711,-3.5226816029499997
0.6718,-3.5221677581499997
0.6723,-3.5221391349499998
0.673,-3.52300276255
0.6734,-3.52314469255
0.6739,-3.52235987635
0.6743,-3.5220451453
0.6751,-3.52146942005
0.6757,-3.52134100325
0.6764,-3.5212813673
0.6769,-3.5202584733999998
0.6774,-3.5199959843
0.6779,-3.51943879315
0.6786,-3.5188347969
0.6791,-3.51846988825
0.6796,-3.51814921035
0.6804,-3.51802921585
0.6809,-3.5172220082
0.6815,-3.5172105515
0.682,-3.51754310975
0.6827,-3.51702960455
0.6832,-3.5169702077
0.6837,-3.5161905447999997
0.6842,-3.51516663625
0.6848,-3.51452887465
0.6853,-3.51467072555
0.6858,-3.5142401317
0.6865,-3.51382952335
0.687,-3.51323726695
0.6876,-3.5123545365999997
0.6881,-3.5113031553
0.6888,-3.5108564103999997
0.6892,-3.51023958745
0.6899,-3.51015471975
0.6904,-3.5100745844
0.6908,-3.51009813625
0.6915,-3.5092293985
0.692,-3.50903776325
0.6926,-3.50827775075
0.6931,-3.5068960753
0.6936,-3.5062509515499998
0.6943,-3.5055080563
0.6948,-3.50590340125
0.6952,-3.50579515325
0.6957,-3.5052320727999997
0.6964,-3.5044097993
0.6969,-3.5034370190499997
0.6975,-3.5030501176
0.6979,-3.50217430315
0.6984,-3.50229434105
0.699,-3.50244179355
0.6996,-3.5026541808
0.7001,-3.50238824825
0.7006,-3.50182503475
0.7012,-3.5010300565
0.7016,-3.50015824845
0.7023,-3.49919848645
0.7028,-3.49891129665
0.7033,-3.4984086405999997
0.7038,-3.4971896319
0.7044,-3.49651392885
0.7049,-3.49645221725
0.7054,-3.4955782491
0.7061,-3.4950176938
0.7066,-3.4943680069
0.7071,-3.4946298597
0.7077,-3.4945419200999996
0.7084,-3.49428597615
0.7089,-3.4940889775499997
0.7093,-3.49312590125
0.71,-3.49273331795
0.7105,-3.4915966573999997
0.711,-3.4908613327999998
0.7117,-3.4903417046
0.7122,-3.48979064725
0.7129,-3.4894130402499997
0.7136,-3.48930552795
0.7141,-3.48881508715
0.7146,-3.48824827395
0.7152,-3.4885461921
0.7157,-3.4880058438
0.7162,-3.48657932635
0.7169,-3.4856820791
0.7174,-3.4846866841499997
0.718,-3.4841144337
0.7185,-3.4831192602
0.7189,-3.4827097085
0.7196,-3.4818969608
0.7201,-3.48125382245
0.7208,-3.4810122926
0.7212,-3.4805403696
0.7217,-3.4802701018
0.7223,-3.4799857613
0.7229,-3.47942723565
0.7236,-3.4788283471
0.724,-3.4778050121499997
0.7245,-3.47689874595
0.725,-3.4758165603999998
0.7257,-3.4751417660499997
0.7262,-3.4740453313999997
0.7266,-3.47314488375
0.7273,-3.47261681415
0.7278,-3.47224306215
0.7283,-3.47212348385
0.729,-3.4724390848
0.7295,-3.4722217344999997
0.73,-3.4713330323
0.7306,-3.47089102805
0.7311,-3.47079227575
0.7316,-3.47049973265
0.7322,-3.469750608
0.7327,-3.4688272514
0.7333,-3.46813040695
0.7338,-3.46782525605
0.7343,-3.4680865448
0.7348,-3.4682692913
0.7354,-3.4679143286
0.7359,-3.46734977275
0.7364,-3.4670530457499997
0.7371,-3.4663841938999997
0.7375,-3.4654220200999997
0.7382,-3.4655109122
0.7387,-3.46427314045
0.7394,-3.46349706625
0.7399,-3.4623891477999997
0.7404,-3.4611068922999997
0.7411,-3.46045240035
0.7416,-3.4596559279
0.7422,-3.45886530135
0.7429,-3.4581701954999997
0.7434,-3.45767381215
0.7438,-3.45751378675
0.7443,-3.45756592465
0.7449,-3.4564372153
0.7455,-3.4549076022
0.746,-3.454036279
0.7466,-3.4537365362
0.7471,-3.4527124168
0.7478,-3.4520453345999997
0.7486,-3.45171730655
0.7491,-3.45204397395
0.7496,-3.4513856482
0.7501,-3.4515077013499997
0.7506,-3.4505446383
0.7512,-3.4495330213499997
0.7517,-3.4486354302
0.7523,-3.44793880835
0.7527,-3.44702081115
0.7532,-3.4463122419
0.7537,-3.44528274225
0.7544,-3.4449096334
0.7549,-3.44410589685
0.7556,-3.44305731695
0.7561,-3.4434154869999998
0.7566,-3.4434523548
0.7572,-3.4429322902
0.7577,-3.4419905359
0.7584,-3.4420350407
0.7589,-3.44143160965
0.7594,-3.44082642555
0.7601,-3.43994709505
0.7606,-3.43897670385
0.7611,-3.43779328245
0.7617,-3.4371571201999997
0.7623,-3.4368757695
0.7628,-3.43657958965
0.7634,-3.4360803695
0.7639,-3.43591742975
0.7644,-3.4353427389999998
0.7651,-3.4347626228499997
0.7657,-3.43338936525
0.7663,-3.43248868545
0.7668,-3.431875288
0.7673,-3.4308619327
0.7678,-3.4302864331
0.7683,-3.4295275987
0.769,-3.4294019437
0.7695,-3.4289561867
0.77,-3.42835557995
0.771,-3.4283726024
0.7715,-3.4284402944499996
0.772,-3.4280562474
0.7724,-3.42824332915
0.7731,-3.4276832734
0.7737,-3.42710856345
0.7742,-3.4264390689999997
0.7748,-3.4260597417
0.7753,-3.4259844240499997
0.7759,-3.4252651225
0.7764,-3.42514172265
0.7769,-3.42509198115
0.7774,-3.4244234991
0.778,-3.4237065801999997
0.7786,-3.4233680572
0.779,-3.42218138505
0.7796,-3.4218650311
0.7801,-3.42070671965
0.7808,-3.4197635877
0.7813,-3.4192376599
0.7817,-3.4179524305999998
0.7823,-3.41692448925
0.7828,-3.4159451171999997
0.7835,-3.4149431084499997
0.784,-3.4146998733
0.7844,-3.4139378631499997
0.785,-3.4133450485
0.7856,-3.41247927965
0.7861,-3.4114786208999996
0.7867,-3.4107750863999997
0.7871,-3.40984120705
0.7876,-3.4091074477
0.7881,-3.4089488593999997
0.7888,-3.40882705675
0.7893,-3.4082383470999997
0.79,-3.40781632645
0.7905,-3.40640664145
0.7909,-3.40559713715
0.7915,-3.405416029
0.7921,-3.40464325215
0.7926,-3.4041834571
0.7931,-3.40329789695
0.7937,-3.4024582238
0.7942,-3.40171306965
0.7948,-3.40112507485
0.7954,-3.4004450095
0.7959,-3.4001025230999997
0.7966,-3.3992279024
0.797,-3.39822276965
0.7975,-3.3978854389
0.7982,-3.3979707909499997
0.7987,-3.3981042318499997
0.7992,-3.39782181585
0.7999,-3.396693764
0.8004,-3.395691604
0.8009,-3.3954381951999997
0.8015,-3.3958793045499998
0.802,-3.3959503070999997
0.8026,-3.39527618075
0.8032,-3.3950639175
0.8037,-3.39534323185
0.8042,-3.39569506855
0.8048,-3.3957268566
0.8054,-3.3955185781
0.8059,-3.39540757275
0.8066,-3.39565004505
0.8071,-3.39564140845
0.8078,-3.3961079586
0.8082,-3.3965449328
0.8087,-3.39527393435
0.8092,-3.3938858373
0.8099,-3.3926915157499997
0.8103,-3.39147451255
0.8111,-3.3907216521
0.8116,-3.3902061624499997
0.8121,-3.38975316905
0.8128,-3.38885787355
0.8132,-3.3878164433999998
0.8137,-3.3867176035499997
0.8142,-3.3854189317
0.8148,-3.3839719946
0.8154,-3.3833611009499998
0.816,-3.3836690686999997
0.8165,-3.3833204822
0.817,-3.3825716973
0.8177,-3.38205346215
0.8182,-3.3812616790499996
0.8186,-3.3804989223499997
0.8193,-3.3790959609
0.82,-3.37930241235
0.8204,-3.3786014496999996
0.8209,-3.3778781916
0.8216,-3.377178283
0.8221,-3.3771038334999997
0.8226,-3.3762959363
0.823,-3.3748778988
0.8236,-3.37406557095
0.8241,-3.3740212028
0.8247,-3.37366215975
0.8254,-3.37358674735
0.8258,-3.3729736997999997
0.8263,-3.3721832278
0.8269,-3.37088478965
0.8274,-3.37012276275
0.8279,-3.3694020132499998
0.8286,-3.3684595548
0.8291,-3.367781815
0.8295,-3.3666136195
0.8302,-3.3659228141499997
0.8307,-3.3653122818499996
0.8312,-3.3648592085
0.8319,-3.3642777212499997
0.8324,-3.3633037925
0.8331,-3.3622007197499997
0.8336,-3.36177864185
0.8342,-3.3616435268
0.8346,-3.3608458186999997
0.8351,-3.3602651840499997
0.8358,-3.3598721006499996
0.8363,-3.3596569233499998
0.837,-3.35901466435
0.8378,-3.3577880665
0.8383,-3.3572402695
0.8387,-3.35634468825
0.8395,-3.3556114506999997
0.8402,-3.3543630868
0.8407,-3.35342137665
0.8411,-3.35266406615
0.8417,-3.3517972380499996
0.8422,-3.35070649725
0.8429,-3.34992893155
0.8434,-3.34905199455
0.8441,-3.34890185595
0.8445,-3.3486941055
0.845,-3.3482621677499997
0.8455,-3.3473026507999997
0.8462,-3.34610045735
0.8468,-3.34459503805
0.8474,-3.3435462697
0.8479,-3.3422903616
0.8484,-3.34156594855
0.849,-3.34077375645
0.8495,-3.3396360537
0.8502,-3.3393710687
0.8508,-3.3386908679
0.8513,-3.33818723075
0.8518,-3.33751347355
0.8524,-3.3370814202499997
0.8531,-3.3367341113999998
0.8535,-3.3369335062
0.854,-3.33637809665
0.8548,-3.3361523899499996
0.8552,-3.33576518815
0.8557,-3.33505896855
0.8563,-3.3341543848999997
0.8568,-3.33403088825
0.8574,-3.33361569125
0.8581,-3.3336843305999997
0.8586,-3.3333021809999996
0.8592,-3.3320080428
0.8598,-3.3315105571499997
0.8603,-3.33078295315
0.8608,-3.33022694755
0.8615,-3.3289429783499997
0.862,-3.3277726629999997
0.8625,-3.3277922939
0.863,-3.3269878236499997
0.8635,-3.325614822
0.8642,-3.3249560619
0.8647,-3.3233337071999998
0.8652,-3.3226338763
0.8657,-3.3220414153499997
0.8665,-3.32117246915
0.8669,-3.3202063638999997
0.8676,-3.3193437215499997
0.8681,-3.31797925285
0.8686,-3.3181114258999997
0.8693,-3.3165630281
0.8697,-3.31580853435
0.8704,-3.31551202975
0.871,-3.3141746248999997
0.8715,-3.3130524026
0.8722,-3.3122174215999998
0.8727,-3.31178222635
0.8732,-3.3114315418499998
0.874,-3.3106337244499997
0.8745,-3.3106148911999997
0.875,-3.3106653118
0.8757,-3.3102709469
0.8762,-3.30982499725
0.8767,-3.3090686452
0.8773,-3.3078459035999996
0.8778,-3.30659782575
0.8782,-3.3065186664499997
0.8789,-3.3064711533
0.8795,-3.30652305375
0.88,-3.3053242734999997
0.8806,-3.3051968014999997
0.8811,-3.3043608111
0.8816,-3.30382864295
0.8822,-3.30356923205
0.8827,-3.3035074313
0.8832,-3.3024605534
0.8838,-3.30102624255
0.8845,-3.3003159485999998
0.885,-3.2990739242
0.8856,-3.29808144755
0.8862,-3.2974962656
0.8867,-3.29660191905
0.8872,-3.2956157406999997
0.8877,-3.2947191065999997
0.8883,-3.2943300101
0.8888,-3.29463353845
0.8892,-3.2933305961499997
0.8899,-3.2919942738
0.8904,-3.2908816677
0.8911,-3.2903510366999997
0.8915,-3.28912589685
0.892,-3.28855392825
0.8924,-3.28752196185
0.8932,-3.2867544252
0.8938,-3.2858039997999997
0.8942,-3.28538131865
0.8948,-3.2855270976499997
0.8953,-3.2843477863499997
0.896,-3.2834327600499997
0.8965,-3.2823963666
0.8971,-3.28106634845
0.8977,-3.2792300631
0.8982,-3.27854250035
0.899,-3.27824925025
0.8994,-3.2770400290499997
0.8998,-3.27560424805
0.9003,-3.27477922685
0.9011,-3.2742095661499997
0.9017,-3.27389226175
0.9023,-3.27315271375
0.9028,-3.27352333695
0.9032,-3.27295315595
0.9039,-3.2729029716999998
0.9044,-3.2723835721
0.9051,-3.2718720555
0.9055,-3.2713227393
0.906,-3.2708196923
0.9067,-3.27097069905
0.9072,-3.2704295654499997
0.9077,-3.26967525285
0.9082,-3.2693194951
0.9089,-3.26923502125
0.9094,-3.2684424212
0.9099,-3.2681377235999998
0.9106,-3.26837119085
0.911,-3.26805746865
0.9116,-3.2674659956
0.9121,-3.2665847693499996
0.9128,-3.2656798518
0.9133,-3.2650170247499997
0.9139,-3.26410415205
0.9144,-3.26373043295
0.9149,-3.2632459363499997
0.9154,-3.2626799043499997
0.9163,-3.26182848215
0.9168,-3.2616311427999998
0.9174,-3.26100595605
0.9179,-3.2601141522
0.9185,-3.2598984356
0.9191,-3.2587997183999997
0.9195,-3.25787897155
0.9199,-3.2572567117999998
0.9205,-3.25642212685
0.921,-3.25532889135
0.9217,-3.2535945806499997
0.9223,-3.25255821955
0.9229,-3.2520427986
0.9236,-3.2513622677
0.9241,-3.25031419015
0.9246,-3.2492961468
0.9251,-3.2478985315499997
0.9258,-3.2465342513
0.9263,-3.2453079449
0.9269,-3.2442812709999997
0.9274,-3.2439602380999997
0.9279,-3.24268239655
0.9286,-3.2414599338
0.929,-3.2410135973
0.9295,-3.24020005685
0.9302,-3.2397582533
0.9308,-3.23981175555
0.9313,-3.2395055992999997
0.9317,-3.2388764702499997
0.9324,-3.23724398215
0.9331,-3.2371455648
0.9336,-3.23644946225
0.9341,-3.2355764434
0.9345,-3.2349089907499997
0.9351,-3.2343436300999997
0.9356,-3.23350053825
0.9361,-3.23283573955
0.9368,-3.2324092908999997
0.9373,-3.2317687019
0.9379,-3.23078126525
0.9384,-3.2292129803
0.9389,-3.2286157149
0.9394,-3.22837735805
0.94,-3.2275591869999998
0.9405,-3.2264847304499997
0.9412,-3.2259712456
0.9417,-3.22476097635
0.9422,-3.2238536234499997
0.9428,-3.2234845211
0.9433,-3.22328515735
0.9439,-3.22173103545
0.9444,-3.22083278835
0.9451,-3.2198768128
0.9455,-3.2196363369
0.9461,-3.21887182355
0.9467,-3.2183082376
0.9472,-3.21730195075
0.9478,-3.2160846227
0.9483,-3.21537700885
0.9488,-3.21477105405
0.9494,-3.2148343266499997
0.9499,-3.21458963555
0.9504,-3.2136999513999998
0.9511,-3.21217803455
0.9517,-3.21107356855
0.9523,-3.2098481929
0.9529,-3.2087801848999997
0.9534,-3.2074432695499997
0.9541,-3.2062238552999998
0.9546,-3.20525470815
0.9551,-3.20460375475
0.9559,-3.2040715567999998
0.9565,-3.20368432535
0.957,-3.20270117885
0.9577,-3.2013520399499997
0.9582,-3.2009523555499997
0.9587,-3.2005165923999996
0.9593,-3.1996394841
0.9598,-3.19856500215
0.9603,-3.1972861939999997
0.9608,-3.1961879228
0.9615,-3.1948871684499998
0.962,-3.19384437435
0.9625,-3.1938803347499998
0.9631,-3.1937044817999998
0.9636,-3.1933988757
0.9642,-3.19312135905
0.9647,-3.1933377784
0.9652,-3.19258594515
0.9657,-3.19243208945
0.9663,-3.1920019434499998
0.9668,-3.19095393845
0.9674,-3.19022209295
0.9679,-3.18876716525
0.9684,-3.18859604205
0.9691,-3.18697456435
0.9697,-3.18649705605
0.9702,-3.18606854165
0.9706,-3.1858702887
0.9712,-3.18615170085
0.9718,-3.18550374325
0.9726,-3.1844125517
0.973,-3.1830405057499997
0.9735,-3.18163994265
0.9741,-3.18057398925
0.9746,-3.17970606355
0.9751,-3.17844200435
0.9757,-3.17674307305
0.9762,-3.1761946696
0.9766,-3.1750204123
0.9771,-3.17451780125
0.9778,-3.17438512885
0.9784,-3.1733857989
0.9791,-3.17271270005
0.9795,-3.1715462632499998
0.98,-3.17181602285
0.9806,-3.17123717125
0.9811,-3.17087896025
0.9816,-3.1701151477
0.9821,-3.1689028320999997
0.9828,-3.1677318414499998
0.9832,-3.166560928
0.9839,-3.16648542685
0.9843,-3.16555562815
0.9849,-3.1647231211499998
0.9855,-3.16360894905
0.986,-3.16296151495
0.9865,-3.16235625805
0.9872,-3.161773589
0.9877,-3.16146809575
0.9883,-3.16037044205
0.9887,-3.15940238985
0.9895,-3.15921612535
0.9902,-3.15902704865
0.9907,-3.1587075464499996
0.9913,-3.1577670023
0.9918,-3.1565022947
0.9924,-3.1548355687
0.9928,-3.15301283765
0.9934,-3.1523459850999997
0.9941,-3.1513846426
0.9946,-3.1504814627499997
0.9953,-3.1491994601999997
0.9959,-3.14844984355
0.9963,-3.1481951704499997
0.9969,-3.1477851101
0.9975,-3.1470190366999997
0.9981,-3.14623658005
0.9985,-3.1456263495499996
0.9991,-3.1446429380499996
0.9997,-3.1446750169
1.0004,-3.14375452975
1.0008,-3.1424552629
1.0013,-3.14116281105
1.0019,-3.14046895645
1.0026,-3.13884912375
1.0032,-3.13860879165
1.0038,-3.1382916549499997
1.0043,-3.1383727625
1.0049,-3.1375127349499996
1.0054,-3.1370389867
1.0058,-3.13682390385
1.0065,-3.13629583525
1.007,-3.1359155461999997
1.0075,-3.1347134976
1.0082,-3.13384037405
1.0087,-3.1329406343999997
1.0091,-3.13220774765
1.0097,-3.1308409616499997
1.0102,-3.1298896995499996
1.0107,-3.1284224508999996
1.0116,-3.1274089416999997
1.0122,-3.12614794035
1.0126,-3.125638199
1.0131,-3.12462227925
1.0136,-3.1244231826499997
1.0143,-3.1227826840499997
1.0148,-3.1220115558
1.0153,-3.1207535478499997
1.016,-3.11982959695
1.0165,-3.1188771027
1.0172,-3.11828032265
1.0176,-3.11730939625
1.0182,-3.1160379626
1.0189,-3.1147946613
1.0196,-3.1139658481
1.0201,-3.1131449431
1.0205,-3.11244749245
1.0212,-3.1114258316
1.0219,-3.1099777387999996
1.0223,-3.10900794375
1.0229,-3.1085890712
1.0234,-3.1078558968
1.024,-3.10685292675
1.0244,-3.1059955079
1.0252,-3.1053965238499996
1.0257,-3.1054639843
1.0263,-3.10448926515
1.0268,-3.1031454674
1.0273,-3.10198790005
1.0279,-3.1009436357499998
1.0285,-3.0996728592
1.0289,-3.09903737995
1.0296,-3.09840755785
1.0301,-3.0984780121499997
1.0306,-3.0975188649999996
1.0311,-3.0970038407
1.0317,-3.09645660775
1.0321,-3.0965940533999996
1.0329,-3.0969971708
1.0334,-3.0967941527
1.0339,-3.0962959358999997
1.0346,-3.0957872115
1.0352,-3.09531947735
1.0356,-3.0955234995999996
1.0363,-3.0946383227
1.0369,-3.09318271795
1.0375,-3.0924982119999997
1.038,-3.09202763865
1.0386,-3.0913714813
1.0391,-3.09080518055
1.0396,-3.09065882615
1.0403,-3.08997950355
1.0408,-3.0892240713
1.0414,-3.08818115485
1.0419,-3.08765625685
1.0427,-3.08614842765
1.0433,-3.08523421715
1.0439,-3.0842512523499996
1.0443,-3.083245861
1.0449,-3.08202475625
1.0455,-3.0806762317
1.046,-3.079992142
1.0464,-3.0789224532499997
1.0471,-3.0764994279
1.0477,-3.07531680385
1.0482,-3.0745119488999997
1.0488,-3.07351725775
1.0493,-3.07300855635
1.0498,-3.0727437403
1.0505,-3.07152932255
1.051,-3.07048014945
1.0514,-3.0695054952999996
1.052,-3.0690905843999996
1.0524,-3.0683113413
1.053,-3.0675183774
1.0536,-3.0669024629
1.0541,-3.0657443246
1.0546,-3.06514373
1.0551,-3.0639115432499997
1.0558,-3.0634239403
1.0563,-3.0629391575
1.0569,-3.062138331
1.0574,-3.06129171095
1.0579,-3.0609767119
1.0584,-3.06013823425
1.059,-3.0602293134
1.0597,-3.05978170615
1.0602,-3.05870088625
1.0608,-3.0575972931499997
1.0613,-3.0575150547999996
1.0618,-3.05655889555
1.0625,-3.0555031335
1.063,-3.0544822627999997
1.0637,-3.0534729723
1.0642,-3.0528808298
1.0647,-3.0525558419
1.0653,-3.0520703500499997
1.0658,-3.05012051895
1.0665,-3.0491809624
1.0669,-3.0479372739499997
1.0673,-3.0468308293999997
1.0681,-3.0451800053499998
1.0687,-3.0439343803999996
1.0692,-3.04281589
1.0697,-3.0423433272
1.0704,-3.0409165085999996
1.0709,-3.0402936676
1.0716,-3.0398003345999998
1.0721,-3.0392968257
1.0728,-3.0386704649
1.0735,-3.0378370642499997
1.074,-3.0373935894999997
1.0744,-3.0367191235499997
1.0751,-3.03585778145
1.0756,-3.03410344435
1.0762,-3.0331712887499997
1.0767,-3.0322954711
1.0772,-3.03204076225
1.0777,-3.03162621305
1.0784,-3.03170276985
1.0789,-3.0317612897
1.0795,-3.0315728262999997
1.0802,-3.0306601725999998
1.0806,-3.0297301376999997
1.0811,-3.02930073895
1.0815,-3.0284814897
1.0822,-3.0275686295499997
1.0827,-3.0270712624
1.0832,-3.02613689175
1.0839,-3.0246292678
1.0844,-3.0232461162999997
1.0849,-3.0223599604499998
1.0856,-3.0205482668499997
1.0861,-3.01951692785
1.087,-3.01961496825
1.0873,-3.01863425215
1.0878,-3.0179070472
1.0883,-3.0172330266
1.0889,-3.0160544393
1.0894,-3.0145803813
1.09,-3.01299882405
1.0907,-3.0125178090499998
1.0912,-3.01255234955
1.0917,-3.0127486479999996
1.0923,-3.01130944235
1.0928,-3.00996675815
1.0934,-3.0082790471
1.094,-3.00666217905
1.0944,-3.0054995326
1.0951,-3.00469218795
1.0956,-3.0045702974
1.0961,-3.0036086162499998
1.0968,-3.00314272485
1.0973,-3.00217139525
1.0978,-3.0007215547
1.0985,-2.99984931455
1.0989,-2.9992541406999997
1.0994,-2.9981532614999997
1.1001,-2.9969037025
1.1006,-2.9954062817
1.1011,-2.9939444256499996
1.1019,-2.9924662304
1.1024,-2.99142978205
1.1029,-2.98982592065
1.1036,-2.9891120101
1.1041,-2.98850861775
1.1046,-2.98823189155
1.1053,-2.987727089
1.1058,-2.9869758565
1.1064,-2.98656379945
1.107,-2.9856815277499997
1.1076,-2.9849432556999997
1.108,-2.98474154035
1.1086,-2.9844028733999997
1.1093,-2.9845681489499998
1.1097,-2.9847612494
1.1102,-2.98385983415
1.1108,-2.98223682765
1.1114,-2.981483945
1.1121,-2.98073085525
1.1126,-2.98028798385
1.113,-2.98004986015
1.1138,-2.97863599945
1.1143,-2.97798722285
1.1149,-2.9771890805999996
1.1154,-2.97645177175
1.116,-2.9757518894999997
1.1165,-2.97445782885
1.1171,-2.9735171070999997
1.1175,-2.97193434595
1.118,-2.97050751385
1.1186,-2.9691228604499997
1.1193,-2.9676465485
1.1198,-2.9659851152999996
1.1204,-2.9641989729
1.1209,-2.96307895585
1.1214,-2.9618386752
1.1219,-2.9620443493499997
1.1226,-2.9616790044999997
1.1231,-2.96090606915
1.1237,-2.9600611381
1.1244,-2.95879019115
1.1249,-2.9585813134
1.1255,-2.95751290925
1.126,-2.9562921420499997
1.1266,-2.9551279239
1.1271,-2.9537018043999996
1.1276,-2.9536220844
1.1281,-2.9526991048499998
1.1288,-2.9519963283
1.1292,-2.9517192779499997
1.1299,-2.9513214579
1.1304,-2.95157715155
1.1309,-2.9515523565999997
1.1315,-2.9507161467499996
1.132,-2.9494990597
1.1325,-2.948458502
1.1333,-2.94790281535
1.1338,-2.94703719565
1.1343,-2.94655017865
1.1349,-2.94579268605
1.1353,-2.9452492062999998
1.136,-2.9438938917499997
1.1365,-2.94253713585
1.137,-2.9422349061
1.1375,-2.9422950456
1.1381,-2.942337426
1.1388,-2.94112060805
1.1393,-2.9405062066
1.1398,-2.94039887995
1.1403,-2.9397012168999996
1.1409,-2.9383561338999997
1.1413,-2.93613945345
1.142,-2.9347424621
1.1425,-2.9333704162
1.143,-2.9323256224999996
1.1437,-2.93163638915
1.1442,-2.9306189631499997
1.1446,-2.93027978275
1.1453,-2.9298919593
1.1458,-2.9291503470999998
1.1465,-2.92867600015
1.147,-2.92798098215
1.1475,-2.92839916415
1.1481,-2.9272972728499997
1.1486,-2.92589741775
1.1492,-2.92450321955
1.1497,-2.9235525542499996
1.1501,-2.9221596114499997
1.1509,-2.9205734743
1.1513,-2.919209042
1.1519,-2.9186082233499997
1.1526,-2.9177072413
1.1531,-2.9168610837999998
1.1535,-2.9164632241
1.1541,-2.9161047817499997
1.1547,-2.9150681171999997
1.1552,-2.9145121142
1.1558,-2.9135091571
1.1563,-2.91255239295
1.1568,-2.9114068381
1.1574,-2.910167063
1.1579,-2.90995009765
1.1584,-2.9088686476
1.159,-2.9079867353999997
1.1596,-2.9065990511499997
1.1601,-2.9049760208
1.1608,-2.9038773047
1.1614,-2.90351088555
1.1619,-2.9029387006
1.1626,-2.90262157325
1.163,-2.90192218455
1.1634,-2.90183488825
1.1641,-2.9013572819499998
1.1646,-2.9006577536
1.1652,-2.8986111768
1.1659,-2.8973379641
1.1663,-2.8957562039
1.1668,-2.8944375337499997
1.1674,-2.8928984947
1.1679,-2.89228857035
1.1684,-2.89109383445
1.1691,-2.8895265736
1.1696,-2.8881035635499996
1.17,-2.88710771895
1.1707,-2.8873316139
1.1712,-2.8874001128
1.1717,-2.88722660085
1.1724,-2.88676790095
1.1731,-2.8862517396999996
1.1736,-2.8851367196499997
1.174,-2.8838055281
1.1747,-2.8824409359
1.1752,-2.88194318765
1.1758,-2.8813796224
1.1763,-2.88174848415
1.1768,-2.8811957163999997
1.1774,-2.88047742765
1.1779,-2.8796727746
1.1784,-2.8786961704
1.1791,-2.87717613335
1.1796,-2.8764334942999996
1.1801,-2.8754926979
1.1808,-2.8747739956
1.1813,-2.8745056311
1.1819,-2.87298986425
1.1825,-2.8717196203
1.1831,-2.87116403905
1.1836,-2.8699311521
1.184,-2.86910845105
1.1847,-2.86779706855
1.1853,-2.86689382585
1.1857,-2.86599796375
1.1862,-2.86443236415
1.1869,-2.8628729825
1.1874,-2.86109644025
1.1878,-2.86046838425
1.1887,-2.8595679343
1.1892,-2.859124364
1.1897,-2.8588270523999997
1.19,-2.8580237919
1.1907,-2.8569954323499998
1.1912,-2.85663246185
1.1917,-2.8560523130499997
1.1923,-2.8552113644999997
1.1928,-2.8542361365
1.1937,-2.8539195552
1.1942,-2.8527188305999998
1.1946,-2.8519288678
1.195,-2.8510168539
1.1957,-2.8508394993
1.1962,-2.8507787101999997
1.1967,-2.85045296825
1.1973,-2.84967908965
1.1978,-2.8486932601
1.1984,-2.8481392264
1.199,-2.84764918175
1.1994,-2.8468188957
1.2,-2.8457325080499998
1.2006,-2.845048993
1.2011,-2.8451126109
1.2015,-2.8453132904
1.2022,-2.8449012346
1.2026,-2.8436618065
1.2033,-2.84208736775
1.2037,-2.8408058842
1.2043,-2.8393159447
1.205,-2.83862378525
1.2054,-2.8383542367
1.2059,-2.8374667869
1.2064,-2.8361951707
1.2073,-2.8353475056999997
1.2078,-2.83405993425
1.2084,-2.8326911830999997
1.2089,-2.8320740393
1.2093,-2.8311470653999997
1.2102,-2.83047275655
1.2109,-2.8297239882999996
1.2115,-2.8287701676
1.212,-2.8278586662
1.2126,-2.8266746552999997
1.2132,-2.8251759037
1.2136,-2.8236938152
1.2143,-2.82397638025
1.2148,-2.82364446375
1.2155,-2.82353399445
1.2161,-2.823224388
1.2166,-2.8211401354
1.2171,-2.8196709904999997
1.2177,-2.8188439385999997
1.2183,-2.81867012945
1.2187,-2.8181464858
1.2194,-2.8180655469499998
1.2199,-2.8182320912499996
1.2204,-2.8177712004999997
1.221,-2.81683577205
1.2216,-2.8156828889999996
1.222,-2.8147345602
1.2227,-2.8137590786
1.2232,-2.8121154089
1.2236,-2.81097657225
1.2243,-2.8094099671499997
1.2248,-2.80855500745
1.2253,-2.8068145624499996
1.2261,-2.8053005945
1.2266,-2.8040381292
1.227,-2.8031930806
1.2277,-2.80405298675
1.2282,-2.8029416290499998
1.2287,-2.8012298918
1.2294,-2.7995036319
1.2299,-2.7984643392999997
1.2303,-2.7970049095
1.2309,-2.7956796005999998
1.2316,-2.7947870211
1.2321,-2.79407006125
1.2327,-2.79314032345
1.2332,-2.79221545575
1.2337,-2.7914365561
1.2342,-2.7909608742499996
1.2348,-2.78994438505
1.2353,-2.78904380585
1.2358,-2.7876615746
1.2365,-2.78627546775
1.2371,-2.7849385456999998
1.2378,-2.7836461193999997
1.2384,-2.7817993121
1.2388,-2.7798005182
1.2394,-2.7792116459
1.2399,-2.7782684992499997
1.2404,-2.77679079225
1.2411,-2.77531009945
1.2417,-2.7741936487
1.2422,-2.7734157001499997
1.2428,-2.77330804035
1.2433,-2.7725598029
1.2438,-2.77098034365
1.2443,-2.7698146326499997
1.245,-2.768267577
1.2455,-2.7673077991
1.246,-2.76661417595
1.2465,-2.765998984
1.2475,-2.7649775319999996
1.2481,-2.76449246275
1.2484,-2.7642262137999998
1.249,-2.76401704405
1.2497,-2.7632502005
1.2503,-2.7626474280499997
1.2507,-2.76147290935
1.2515,-2.76138572245
1.2519,-2.7617570140999996
1.2524,-2.7608376817
1.2531,-2.76026348715
1.2537,-2.7591225551
1.2541,-2.7576614527
1.2547,-2.75661455235
1.2551,-2.75628013565
1.2556,-2.75551699695
1.2561,-2.75520103075
1.2567,-2.7545331874
1.2572,-2.75358167055
1.2578,-2.7521897675
1.2584,-2.7525473675
1.2588,-2.75153830505
1.2594,-2.7504988173
1.2599,-2.74926651945
1.2604,-2.74857414585
1.2611,-2.74777366365
1.2616,-2.7477581327
1.2621,-2.74636454025
1.2629,-2.74449874355
1.2634,-2.74350488345
1.2639,-2.74264577805
1.2645,-2.741601433
1.265,-2.7405965387999998
1.2656,-2.73953837275
1.2662,-2.73903083575
1.2667,-2.7379460035
1.2674,-2.73628939625
1.2678,-2.7349968368999997
1.2683,-2.73395583835
1.2689,-2.7337579280499997
1.2694,-2.7321987495999998
1.2702,-2.7308051787
1.2708,-2.7298186752499998
1.2713,-2.7295040984999996
1.2718,-2.72871051135
1.2723,-2.72728861575
1.2729,-2.7255702842
1.2734,-2.72524781575
1.274,-2.7250077830999997
1.2745,-2.7243208979499998
1.275,-2.7231708206
1.2756,-2.722240318
1.2761,-2.7213359733
1.2766,-2.7202061428
1.2773,-2.71887307695
1.2778,-2.71809030445
1.2785,-2.7182688838
1.2789,-2.7175746091999997
1.2794,-2.71697086035
1.28,-2.71617018335
1.2807,-2.7156050914499996
1.2812,-2.7147327478
1.2816,-2.7143588013
1.2823,-2.7128240772999996
1.2828,-2.7121925877499997
1.2834,-2.7115429511999998
1.2839,-2.710423931
1.2846,-2.7082693884999998
1.2851,-2.7070856698999997
1.2858,-2.7061697617
1.2862,-2.7054079066499996
1.2869,-2.7050928159499996
1.2874,-2.7037132947
1.2879,-2.70273568955
1.2885,-2.7018820402
1.2889,-2.7019313232499997
1.2894,-2.70094771675
1.2901,-2.7000815583
1.2906,-2.6989040784
1.2911,-2.6981033608
1.2917,-2.69704620395
1.2922,-2.6964611855
1.2928,-2.6957609959999997
1.2935,-2.6951624895
1.294,-2.69427892675
1.2945,-2.6936712394
1.295,-2.6928022442
1.2956,-2.69289919985
1.2961,-2.69185894075
1.2968,-2.69138027095
1.2972,-2.69055247925
1.2977,-2.6893590229999997
1.2983,-2.6886068426499996
1.2989,-2.6881512836
1.2994,-2.68673530815
1.2999,-2.6852552885999996
1.3006,-2.6837893528
1.301,-2.6827495814
1.3016,-2.6821710627499997
1.3022,-2.6813792237999996
1.3027,-2.6804368178
1.3034,-2.67907853605
1.3039,-2.67759955245
1.3044,-2.67623580775
1.305,-2.675002353
1.3054,-2.67372231235
1.3061,-2.67242587485
1.3065,-2.67184275815
1.3072,-2.6713453746
1.3076,-2.6708159144
1.3083,-2.66995737505
1.3088,-2.66913411515
1.3093,-2.6685380043499998
1.3099,-2.6681112800999998
1.3105,-2.66855710125
1.311,-2.66772537585
1.3116,-2.66690010985
1.3122,-2.666229905
1.3129,-2.66537081815
1.3134,-2.66409702665
1.3138,-2.6627893947
1.3144,-2.6626980420499997
1.3149,-2.6617721104
1.3154,-2.66099569005
1.3161,-2.66057057175
1.3166,-2.6590670250999997
1.3171,-2.65859227195
1.3178,-2.6575785078
1.3183,-2.65698308475
1.3188,-2.6554150966999996
1.3195,-2.6544551145499997
1.32,-2.6535634596
1.3205,-2.6523533703
1.3209,-2.6513902225
1.3215,-2.6493698416999996
1.3219,-2.6486586373499996
1.3225,-2.64791745695
1.3232,-2.6469896029499997
1.3237,-2.6462483694
1.3243,-2.6454349701
1.3247,-2.644584804
1.3253,-2.6429996261
1.326,-2.6417418658
1.3265,-2.64092363545
1.327,-2.63956678115
1.3276,-2.6397400791
1.328,-2.6389601971
1.3284,-2.6384797869999996
1.3289,-2.6373088394
1.3295,-2.6361960794
1.33,-2.6351993861
1.3307,-2.63400314005
1.3313,-2.63288633715
1.3318,-2.63121018955
1.3325,-2.63101876105
1.333,-2.62934371785
1.3337,-2.6283167497999997
1.3341,-2.6272768310499997
1.3347,-2.6254563544
1.3354,-2.6252746911499996
1.3359,-2.62485863045
1.3364,-2.62422693675
1.337,-2.6241782397
1.3374,-2.623788162
1.3378,-2.6228218791
1.3386,-2.62191847085
1.339,-2.6210188829999996
1.3395,-2.6193021583
1.3401,-2.6180367682499996
1.3406,-2.61720307015
1.3411,-2.6166002277
1.3418,-2.615598225
1.3423,-2.6146928044999997
1.3428,-2.61386989075
1.3435,-2.61221789235
1.3439,-2.6116222031999996
1.3444,-2.6110854554499996
1.345,-2.61002906955
1.3454,-2.60980851705
1.3461,-2.6083818514
1.3468,-2.6075438642
1.3473,-2.6070012907
1.3479,-2.6058109203499997
1.3483,-2.60443260955
1.3488,-2.6044367183499997
1.3494,-2.6043144408999996
1.35,-2.6039991283
1.3504,-2.6039926606
1.3511,-2.60338601
1.3517,-2.6026442683999997
1.3522,-2.6013369855999997
1.3528,-2.6006568629999998
1.3533,-2.6000327179499996
1.3539,-2.6000920547
1.3546,-2.59947910005
1.3551,-2.59849147295
1.3556,-2.59768271965
1.3562,-2.59713472335
1.3567,-2.5966870685999996
1.3573,-2.59606279625
1.3579,-2.5952775649
1.3584,-2.5942370837
1.3589,-2.5934062542499996
1.3595,-2.59172422345
1.3602,-2.5896436054
1.3608,-2.5872033038
1.3613,-2.5862934745499997
1.3618,-2.58443359205
1.3623,-2.5837410104
1.3628,-2.5824237526499996
1.3635,-2.5816173220999996
1.364,-2.5800254697
1.3648,-2.5787076233999997
1.3654,-2.57709744945
1.3659,-2.57644428715
1.3665,-2.57559617555
1.3669,-2.5743791729999996
1.3675,-2.5731408608499997
1.3681,-2.5716020334999996
1.3686,-2.5696233023
1.3692,-2.5684186612
1.3697,-2.5679470590999998
1.3702,-2.5670744826
1.3707,-2.56811891585
1.3712,-2.5687440411499995
1.3717,-2.5681577117999996
1.3722,-2.5672412711
1.3728,-2.56666656525
1.3735,-2.5662319165499996
1.3741,-2.5659087724
1.3746,-2.5647190506
1.3751,-2.563961956
1.3758,-2.56358098985
1.3762,-2.56296525475
1.3767,-2.56193998225
1.3774,-2.5606751531
1.3779,-2.5601166146
1.3784,-2.559805751
1.3789,-2.55939897785
1.3795,-2.55893473245
1.3801,-2.5578092343499996
1.3806,-2.55631058945
1.3813,-2.5547598346999996
1.382,-2.55298951225
1.3824,-2.5516368553
1.3829,-2.5510220275
1.3835,-2.5493915179
1.384,-2.54843849525
1.3846,-2.54645127705
1.3853,-2.54548450225
1.3857,-2.54537298
1.3862,-2.545543011
1.3867,-2.5448436875
1.3872,-2.5432193433999997
1.388,-2.5422250589999997
1.3885,-2.54096252495
1.3891,-2.5397266841499997
1.3895,-2.53874502955
1.3902,-2.5374287432499996
1.3907,-2.53602307315
1.3912,-2.5345412504
1.3919,-2.5337873709
1.3925,-2.5342227127
1.3931,-2.5336568948
1.3934,-2.53174932985
1.3941,-2.5300356954499996
1.3946,-2.5296578757
1.3951,-2.5288332146999997
1.3958,-2.5282935351499995
1.3963,-2.527624612
1.3967,-2.5258356325499998
1.3973,-2.5241194700999996
1.3979,-2.5226053809
1.3986,-2.5225423006499996
1.399,-2.5219857729
1.3995,-2.52226663175
1.4001,-2.5212746768
1.4007,-2.5197604093
1.4011,-2.51863594555
1.4019,-2.5186250008
1.4024,-2.518267239
1.4028,-2.5173305877
1.4035,-2.5150171837
1.404,-2.5135378709499996
1.4046,-2.5139292641999997
1.4054,-2.51470510815
1.4058,-2.514329634
1.4063,-2.51331817475
1.407,-2.5126792478
1.4074,-2.5117880253999996
1.4079,-2.5110037731999997
1.4086,-2.51065454465
1.4091,-2.5105397127
1.4094,-2.5093248778
1.4101,-2.5082745336
1.4107,-2.5070029401999996
1.4112,-2.50603938715
1.4118,-2.5059193553999997
1.4123,-2.5054943010999997
1.4129,-2.5041570914499998
1.4136,-2.5032487138999997
1.414,-2.5021598791999997
1.4145,-2.5014161657
1.4149,-2.50060883105
1.4157,-2.49929207395
1.4162,-2.49721548745
1.4169,-2.4959297981999997
1.4174,-2.4952633621499998
1.4179,-2.4939449651
1.4185,-2.4920073206
1.419,-2.4915572569
1.4195,-2.490541137
1.4202,-2.48914964415
1.4206,-2.48852188805
1.4212,-2.4875314068999996
1.4216,-2.4866138161499998
1.4221,-2.485980464
1.4226,-2.48481824995
1.423,-2.483787565
1.4237,-2.48277934305
1.4243,-2.4815326560499997
1.4249,-2.4813141606999998
1.4255,-2.4811682174499996
1.426,-2.48041062265
1.4264,-2.4794435763499996
1.4271,-2.47862276845
1.4276,-2.4770967988
1.428,-2.4753162037
1.4287,-2.474409487
1.4292,-2.4738785309499995
1.4299,-2.4728079888999996
1.4305,-2.4721248261
1.431,-2.47147752815
1.4317,-2.4700949064
1.4322,-2.4691288308
1.4326,-2.46795315785
1.4333,-2.46673478565
1.4338,-2.4653516501499997
1.4343,-2.4641283647499996
1.435,-2.46330164015
1.4354,-2.46268488655
1.436,-2.46079169165
1.4366,-2.4590644118
1.4371,-2.4574733509
1.4376,-2.4565573796999995
1.438,-2.4556281796499997
1.4386,-2.4548713752999998
1.4393,-2.4545009081
1.44,-2.4530662230999996
1.4404,-2.4523917205999997
1.4409,-2.45192285175
1.4417,-2.45132662785
1.4422,-2.4509703407999996
1.4427,-2.45016599005
1.4432,-2.44957825195
1.4439,-2.4490510243
1.4444,-2.4486806958
1.4451,-2.4479049822
1.4457,-2.4470797981
1.4461,-2.44660068815
1.4469,-2.4463852279499996
1.4473,-2.4466168733
1.4479,-2.446740523
1.4486,-2.4463263703499996
1.4492,-2.4451279052499997
1.4497,-2.444190841
1.4502,-2.44363545535
1.4506,-2.4426048958499997
1.4512,-2.4419925351
1.4519,-2.4407156014
1.4524,-2.4398794844999996
1.4531,-2.4378073515
1.4535,-2.4358281674
1.454,-2.4347322453999998
1.4547,-2.4328017109999998
1.4551,-2.43231949515
1.4557,-2.4312349843499996
1.4564,-2.4304675854999997
1.4569,-2.4295294183999996
1.4575,-2.4290061239
1.458,-2.42749809595
1.4585,-2.42586833825
1.4591,-2.4244988301
1.4596,-2.42372335645
1.4601,-2.42270577635
1.4608,-2.4214816510999997
1.4613,-2.4202362575
1.462,-2.4199690479499996
1.4625,-2.4199415082
1.463,-2.4191479922
1.4637,-2.41768812545
1.4642,-2.4169009784
1.465,-2.4155923275499998
1.4655,-2.4148131638
1.4658,-2.4146687027
1.4663,-2.41293041625
1.467,-2.41140355825
1.4675,-2.4106511322
1.468,-2.40965385775
1.4686,-2.4082586542
1.4693,-2.4071770390999996
1.4698,-2.40611664975
1.4702,-2.4049494425
1.4708,-2.40361687645
1.4715,-2.4025005972
1.4721,-2.4019739572
1.4725,-2.4015395249499996
1.4729,-2.40051780735
1.4735,-2.399014683
1.4741,-2.3978120882
1.4747,-2.3966889497999997
1.4754,-2.3958828844999998
1.4758,-2.39529109075
1.4762,-2.3932860363
1.4768,-2.39200530055
1.4772,-2.3913638864999998
1.4779,-2.3909931993999995
1.4784,-2.3902949999
1.479,-2.38993734625
1.4795,-2.38850277325
1.4801,-2.3875135191499997
1.4806,-2.386793387
1.4812,-2.3863032558499997
1.4818,-2.38567569695
1.4822,-2.38471836895
1.4827,-2.3838889557
1.4834,-2.3820304145
1.4837,-2.38101890295
1.4843,-2.3805765551999998
1.4848,-2.37972946285
1.4853,-2.3790603026
1.486,-2.37887069935
1.4867,-2.37809894845
1.4871,-2.3782164029499997
1.4877,-2.3773650443
1.4883,-2.3758418109
1.4888,-2.37502541825
1.4894,-2.37368888875
1.4899,-2.37280349245
1.4905,-2.37304368545
1.4909,-2.3723525618999997
1.4915,-2.37177456345
1.492,-2.3703173943999998
1.4925,-2.36969260995
1.493,-2.36953883305
1.4936,-2.3685256193999997
1.4943,-2.3683956997999998
1.4948,-2.36721892335
1.4952,-2.3657747945
1.4959,-2.3653958718499997
1.4964,-2.3642817915
1.4969,-2.3623595058499998
1.4976,-2.3612978590499996
1.498,-2.3600740048
1.4988,-2.35918266095
1.4993,-2.35908754035
1.4999,-2.3582098152
1.5003,-2.35706267585
1.5008,-2.3552122979999996
1.5013,-2.35348719205
1.502,-2.3521917383
1.5025,-2.3511026288499997
1.5031,-2.3504866095
1.5037,-2.34919150095
1.5041,-2.3471998149499997
1.5048,-2.34620292215
1.5052,-2.34503895105
1.506,-2.34439927
1.5064,-2.3443814442999997
1.5069,-2.3437139048
1.5075,-2.34292592005
1.5081,-2.3424717933999997
1.5087,-2.34177462015
1.5094,-2.3406837221499996
1.5098,-2.3396442987999997
1.5103,-2.3382089286
1.511,-2.3364753179499997
1.5116,-2.3355180176
1.5121,-2.33477166075
1.5125,-2.3336334498999998
1.5131,-2.33319858955
1.5138,-2.33209934375
1.5143,-2.3310881341
1.5147,-2.3301278172
1.5153,-2.3300522323
1.5159,-2.3293538357
1.5167,-2.3280828132
1.5173,-2.32668791855
1.5176,-2.3250998857
1.5182,-2.32398142485
1.5186,-2.3224329277999995
1.5193,-2.3217336142
1.5199,-2.3213065485
1.5204,-2.3214680883999996
1.5208,-2.3211706342499996
1.5215,-2.3203898260499995
1.5219,-2.320360089
1.5225,-2.32001145885
1.523,-2.3196145096
1.5235,-2.31841711425
1.5239,-2.3166556634999997
1.5247,-2.3155019456
1.5253,-2.3145627868
1.5257,-2.3134872592
1.5264,-2.3122652534999997
1.5269,-2.31165434525
1.5275,-2.3114438577499996
1.528,-2.3107430523
1.5285,-2.3099734314499996
1.5292,-2.30819777285
1.5296,-2.3073736879
1.53,-2.3059640718
1.5308,-2.30471745375
1.5313,-2.30332609405
1.5319,-2.3019472665
1.5325,-2.3010901142
1.533,-2.29970670435
1.5336,-2.2985182111999998
1.5343,-2.2972449478
1.5349,-2.2970994689
1.5355,-2.2971420494499997
1.5359,-2.2965302496
1.5364,-2.29565673265
1.5371,-2.2951655449999997
1.5375,-2.29440402165
1.5381,-2.2939817214
1.5387,-2.2922610287999996
1.5394,-2.2906540172999996
1.54,-2.28953479935
1.5403,-2.2892816513999996
1.5411,-2.2885757376999996
1.5415,-2.2882508487499997
1.5422,-2.28728425465
1.5427,-2.28536672555
1.5431,-2.28418549325
1.5435,-2.28329580685
1.5442,-2.2826297998499996
1.5448,-2.28192444745
1.5456,-2.2810059947
1.546,-2.27934861515
1.5466,-2.2777582919499997
1.5472,-2.2768821809
1.5477,-2.2759739990499996
1.5483,-2.27465115585
1.5487,-2.27318393095
1.5495,-2.2713417631999997
1.5499,-2.2701213333499997
1.5504,-2.26956519625
1.5509,-2.2687147904
1.5515,-2.26776196735
1.552,-2.2668902815
1.5523,-2.26559450315
1.553,-2.26463833025
1.5536,-2.2643298481
1.5543,-2.2628370701
1.5547,-2.2619669277499996
1.5552,-2.26073900095
1.5558,-2.2592559344499996
1.5563,-2.25768544965
1.5571,-2.2573778193
1.5576,-2.2568428182
1.5581,-2.2554410414
1.5588,-2.25416988805
1.5592,-2.2534027849999996
1.5597,-2.25320252995
1.5604,-2.2513936062999997
1.5608,-2.2510532017999996
1.5614,-2.2508911474
1.5619,-2.25019097085
1.5624,-2.24947195645
1.5631,-2.24905633785
1.5637,-2.24849087555
1.564,-2.2481153890999996
1.5646,-2.2480124142499998
1.5652,-2.2480772060499996
1.5659,-2.2471722134
1.5664,-2.2469033594
1.567,-2.2463418863999998
1.5675,-2.2462999658999996
1.568,-2.2448995745499998
1.5686,-2.243788659
1.569,-2.2425990884999996
1.5695,-2.2420953168
1.5703,-2.2411989912
1.5709,-2.23922192125
1.5714,-2.2389783790999997
1.5718,-2.2376302517499997
1.5725,-2.2358989333999997
1.5731,-2.2347612339499996
1.5736,-2.2332512605
1.574,-2.23160622195
1.5745,-2.23016601705
1.5752,-2.2285694113999996
1.5758,-2.22651329175
1.5764,-2.2256859184
1.5769,-2.2251236425
1.5773,-2.22365173915
1.5777,-2.22227164405
1.5785,-2.2208866542
1.5792,-2.21998275505
1.5797,-2.2194479515
1.5801,-2.21884559065
1.5807,-2.2178528577499996
1.5813,-2.2163074209999998
1.582,-2.2158527882
1.5823,-2.2145554536
1.583,-2.2139237137
1.5835,-2.2129131578
1.584,-2.21193035705
1.5847,-2.21138879965
1.5853,-2.21163788875
1.5859,-2.21066242195
1.5865,-2.2094716683
1.587,-2.2090564383499998
1.5877,-2.20737477605
1.5883,-2.2060618692
1.5888,-2.2059992036
1.5894,-2.2056256137499997
1.5899,-2.2051707069499997
1.5904,-2.20475574725
1.591,-2.2032919472
1.5916,-2.2025150282499997
1.5921,-2.2017206457
1.5927,-2.20134932965
1.5933,-2.20069169245
1.5937,-2.20072497445
1.5941,-2.1998695097
1.5947,-2.1988327181
1.5953,-2.19744899155
1.5961,-2.1965867835
1.5966,-2.1944579046
1.5972,-2.19337926925
1.5977,-2.1927652324499998
1.5984,-2.19212179095
1.5988,-2.1915102142
1.5993,-2.1902282608499997
1.5999,-2.18816040175
1.6005,-2.1867619749499996
1.601,-2.18537677885
1.6017,-2.1841323572499998
1.6021,-2.1838844706
1.6026,-2.1831534687499996
1.6031,-2.1818691752
1.6038,-2.1810207523
1.6043,-2.18063098035
1.605,-2.1793644087999997
1.6055,-2.1788248129
1.6059,-2.17849265455
1.6066,-2.17756555095
1.6071,-2.1767363888999998
1.6076,-2.17576965095
1.6081,-2.1749200209
1.6087,-2.1743905669999997
1.6092,-2.1734884690999996
1.6099,-2.1726331161
1.6104,-2.17147055985
1.6109,-2.17069828045
1.6115,-2.17032409955
1.612,-2.16983857885
1.6126,-2.169140985
1.6131,-2.16746697505
1.6136,-2.1669770521
1.6141,-2.167081637
1.6148,-2.1664046598
1.6152,-2.16521410235
1.6158,-2.1638778855
1.6162,-2.1625990366499996
1.6167,-2.16158966115
1.6173,-2.16136514975
1.6178,-2.16030343415
1.6184,-2.1593088859
1.6188,-2.15833517405
1.6193,-2.1567214439999995
1.62,-2.15521959425
1.6207,-2.15417731825
1.6213,-2.1532504638
1.6218,-2.1524834202
1.6224,-2.1515600463
1.6228,-2.1498769376
1.6234,-2.14911144525
1.6241,-2.1479722126
1.6246,-2.1463312697
1.6251,-2.1438694591
1.6256,-2.14227039835
1.6262,-2.1407958521
1.6266,-2.14030399965
1.6274,-2.1389145652
1.628,-2.138033376
1.6284,-2.13664141165
1.6288,-2.1349002003999997
1.6293,-2.1347455044499997
1.63,-2.1336010099499996
1.6305,-2.1323953578
1.6311,-2.13131554935
1.6315,-2.1302078509999998
1.632,-2.12972312575
1.6327,-2.1288447753
1.6332,-2.1277306448999997
1.6337,-2.12738895595
1.6341,-2.1261629795
1.6349,-2.12555486615
1.6354,-2.12436370235
1.636,-2.12376423205
1.6364,-2.1228215214499997
1.637,-2.12216121435
1.6377,-2.1207900003
1.6382,-2.11975407055
1.6388,-2.11878858995
1.6393,-2.11791284345
1.6399,-2.1178890305999998
1.6405,-2.1159831811
1.6409,-2.11459916895
1.6415,-2.1138114667999996
1.6421,-2.11324991885
1.6425,-2.11250400625
1.6432,-2.11109797565
1.6437,-2.1095761173499996
1.6442,-2.1080959281
1.6448,-2.1073754107999996
1.6453,-2.10628521005
1.6458,-2.10553449115
1.6465,-2.10552930525
1.647,-2.1045948383499997
1.6476,-2.1035148515
1.6481,-2.1020783204
1.6488,-2.1015035401
1.6493,-2.10058722865
1.6498,-2.0997361671499997
1.6504,-2.0984827853
1.6508,-2.09738020435
1.6513,-2.0976213301
1.6521,-2.0973034296
1.6526,-2.09750530225
1.6531,-2.0964591970999997
1.6538,-2.09581399295
1.6542,-2.09529599445
1.6547,-2.0951240357499996
1.6554,-2.094494642
1.6559,-2.0929240855
1.6565,-2.09122980025
1.6571,-2.08944261575
1.6575,-2.0887272359999995
1.6581,-2.0877115542999998
1.6587,-2.0866628539
1.6592,-2.08524590865
1.6597,-2.0839867119499997
1.6603,-2.08351199
1.6608,-2.0819890033
1.6614,-2.0813846734999997
1.6617,-2.0806514090499997
1.6623,-2.07852628935
1.663,-2.0774755054
1.6635,-2.0758973556999996
1.6641,-2.0751726984
1.6647,-2.0741738236
1.6651,-2.07334159355
1.6657,-2.0719676581
1.6664,-2.0708953656
1.667,-2.07065156455
1.6673,-2.0702888476999997
1.6678,-2.0696289189
1.6686,-2.06771732305
1.6691,-2.06668697685
1.6696,-2.0658743724499997
1.6703,-2.0648842493
1.6706,-2.0635303911499996
1.671,-2.0624073578499997
1.6717,-2.06153684295
1.6723,-2.060147156
1.6728,-2.058498771
1.6734,-2.0580090460499996
1.6739,-2.0569839268
1.6745,-2.0555910968999997
1.675,-2.05444619005
1.6755,-2.0533932883499997
1.6759,-2.0519774599
1.6767,-2.0511034967499997
1.6774,-2.05009723445
1.6777,-2.04861256465
1.6783,-2.0478113582999997
1.6786,-2.0473491534
1.6792,-2.0470793382999997
1.68,-2.0466301137
1.6805,-2.0455265687999997
1.6811,-2.04496950605
1.6817,-2.0445241741999998
1.6821,-2.0436857196
1.6826,-2.0426401102
1.6832,-2.04238876355
1.6837,-2.0419119652499997
1.6841,-2.0413878441
1.6848,-2.0410789125499997
1.6853,-2.0409808434
1.686,-2.0401098000499998
1.6867,-2.03869453365
1.6871,-2.0377412222999998
1.6875,-2.03593607395
1.688,-2.0347921892
1.6889,-2.03391865615
1.6892,-2.0326580307
1.6898,-2.03143195175
1.6904,-2.02962256385
1.6908,-2.0275160893999997
1.6916,-2.0269104684499997
1.6921,-2.0269374842
1.6927,-2.02586768805
1.6934,-2.0250251069
1.6938,-2.0244254380999998
1.6944,-2.0237313481
1.695,-2.0222651671499996
1.6956,-2.020517606
1.6962,-2.0189209484
1.6968,-2.0171681910999997
1.6974,-2.0162857903999996
1.6979,-2.0154298328999998
1.6983,-2.01463222955
1.6988,-2.0143869394999996
1.6996,-2.0135730572
1.7001,-2.01279838835
1.7005,-2.0121088148
1.701,-2.0112131159
1.7017,-2.01070682745
1.7023,-2.0104359016
1.7027,-2.0096701017
1.7034,-2.0081075675999998
1.7038,-2.0068663809
1.7044,-2.0059520945499996
1.7048,-2.004998626
1.7054,-2.0030896928499997
1.7061,-2.0020207264499996
1.7065,-2.0010887222999996
1.7071,-2.00033754905
1.7076,-1.99988945995
1.708,-1.99883242445
1.7085,-1.9974873176499999
1.7091,-1.9959102534
1.7099,-1.9946880025499998
1.7103,-1.99375953515
1.7108,-1.9925785220499999
1.7115,-1.9918154291499999
1.7121,-1.9912430455499999
1.7129,-1.990412039
1.7133,-1.9901669172999998
1.7137,-1.9894599090999998
1.7141,-1.9884655949499999
1.7148,-1.9874553007
1.7153,-1.9858115434499999
1.7159,-1.98455676475
1.7164,-1.9838741503
1.7169,-1.9838142247
1.7175,-1.983955988
1.7181,-1.9838028676
1.7187,-1.9828979676499998
1.7192,-1.9816814669499998
1.7197,-1.9811482126
1.7202,-1.9806948653999998
1.7208,-1.97965557635
1.7212,-1.9784100840499999
1.722,-1.9771985261999998
1.7225,-1.9755699789499999
1.7231,-1.97381152035
1.7236,-1.9729473205499999
1.7241,-1.9715019948499999
1.7246,-1.9700398903999998
1.7252,-1.96853049175
1.7258,-1.9675256531999998
1.7263,-1.9669352204
1.7267,-1.9658017938499999
1.7274,-1.9648140320999998
1.7278,-1.9636216364999999
1.7285,-1.9624069497999999
1.729,-1.96096703765
1.7294,-1.9601137787499998
1.73,-1.9597149912999998
1.7305,-1.9594536671499998
1.7313,-1.9583557560999998
1.7321,-1.9581820226
1.7327,-1.9572792183499998
1.733,-1.9560223719999998
1.7337,-1.9547218713999999
1.7341,-1.95434582605
1.7346,-1.9533978671499999
1.7351,-1.9524929677999998
1.7357,-1.9519244832499998
1.7363,-1.95173081865
1.737,-1.9511872894
1.7376,-1.9499139990499998
1.738,-1.9494586568999999
1.7387,-1.9481401644499998
1.7392,-1.9472746316999998
1.7397,-1.9456905765499999
1.7403,-1.9447651439999998
1.7408,-1.9433713246
1.7415,-1.9421847421999998
1.7418,-1.9407993562499999
1.7422,-1.94018308245
1.743,-1.9388880317
1.7439,-1.9390776803499998
1.7443,-1.9387286764499998
1.7448,-1.9390482026999998
1.7452,-1.9379076983499999
1.7457,-1.9362528712999998
1.7463,-1.9349423951499998
1.7468,-1.9333457569999999
1.7472,-1.9320002511499998
1.7479,-1.9313117354499998
1.7485,-1.9310330837999998
1.749,-1.9303512111499999
1.7496,-1.9296141535499998
1.7501,-1.9285601324
1.7506,-1.92765941495
1.7514,-1.92656578725
1.752,-1.9257027405499998
1.7525,-1.9248590677
1.753,-1.9239125686999998
1.7536,-1.9222616261499998
1.7543,-1.92111514575
1.7548,-1.9192648024499999
1.7555,-1.91812194425
1.756,-1.9159449672
1.7565,-1.9145593397999998
1.7569,-1.9129151332999998
1.7575,-1.9113296413999998
1.7582,-1.9096787069999999
1.7587,-1.9088832400999998
1.7594,-1.9073710716499999
1.76,-1.9065120523499999
1.7606,-1.9050090329499998
1.761,-1.9037204990999999
1.7616,-1.90280766815
1.7621,-1.9020837581999999
1.763,-1.90129791165
1.7636,-1.89938802515
1.7641,-1.897051383
1.7646,-1.8956875573499998
1.765,-1.8944888364999999
1.7655,-1.8934168598999999
1.7659,-1.89260498705
1.7665,-1.8913640212499998
1.7671,-1.8912037387499998
1.7677,-1.8903483096499998
1.7681,-1.8903700915
1.769,-1.8899361443499998
1.7695,-1.8897778871
1.7702,-1.8885897693499998
1.7706,-1.88737595485
1.7711,-1.8859154801999998
1.772,-1.8850812283499998
1.7725,-1.8849693102499998
1.7728,-1.88396859095
1.7734,-1.88238496975
1.7738,-1.8806521475
1.7743,-1.87961458545
1.7751,-1.8791892505499999
1.7757,-1.8782260034999998
1.7763,-1.8776125986999999
1.7769,-1.8772961168
1.7775,-1.87632985155
1.7779,-1.8755926982
1.7784,-1.8743622901499999
1.779,-1.8738867364999998
1.7795,-1.8727479425499998
1.78,-1.8721764621499999
1.7807,-1.8716076903999999
1.7811,-1.8710764968499998
1.7816,-1.8700090993999998
1.7824,-1.8680820083999998
1.7827,-1.86671023695
1.7831,-1.8649516638499999
1.7839,-1.8625335819
1.7845,-1.8615057454
1.7849,-1.8597672738
1.7854,-1.85929795465
1.7858,-1.8582999478
1.7864,-1.8577108945999998
1.7871,-1.8573350194999998
1.7876,-1.85631208235
1.7881,-1.8552064895499998
1.7887,-1.85500970895
1.7892,-1.8548845373499998
1.7897,-1.8541751862999998
1.7902,-1.85288558545
1.7907,-1.8507485506999999
1.7915,-1.849037578
1.792,-1.8475200239999998
1.7925,-1.8468114944499998
1.7931,-1.8466916894999998
1.7936,-1.8458995645499998
1.7942,-1.8457843225
1.7947,-1.84643398415
1.7954,-1.8459379305999999
1.7961,-1.8465939731499998
1.7964,-1.8451873639999998
1.7968,-1.8444813779499998
1.7974,-1.8431596309999998
1.7979,-1.8427485130499999
1.7983,-1.8417749384
1.7988,-1.84063744375
1.7993,-1.8385369625999999
1.7999,-1.8364271166
1.8006,-1.8354642651
1.801,-1.8350122859499998
1.8015,-1.8351156942
1.8021,-1.83476589015
1.8028,-1.8344553445499998
1.8033,-1.8340480391499998
1.8037,-1.832660196
1.8043,-1.83119662155
1.8047,-1.82905634515
1.8053,-1.8273335944999998
1.8059,-1.8257279954499999
1.8068,-1.82392808785
1.8071,-1.8236716552999999
1.8074,-1.8221799534499998
1.8081,-1.8207262280499998
1.8088,-1.8186086926499998
1.8092,-1.8168071963499999
1.8098,-1.81538665985
1.8104,-1.8152111087499998
1.811,-1.8146676419499999
1.8116,-1.8126637799499998
1.812,-1.81150800845
1.8126,-1.8101897771
1.8131,-1.80892569805
1.8136,-1.8079856944
1.8142,-1.80735265885
1.8148,-1.8063590344999998
1.8151,-1.8059685088
1.8157,-1.8057761451999998
1.8163,-1.8051720911499998
1.8168,-1.8049442964499998
1.8173,-1.8036997995
1.8181,-1.8028363161499998
1.8187,-1.8025544296999998
1.8195,-1.8017449508499999
1.8199,-1.8011479523999998
1.8205,-1.8001537640999998
1.8212,-1.7993917982999998
1.8216,-1.79810903215
1.822,-1.7969414398999999
1.8227,-1.7966571049
1.8234,-1.7955860368499998
1.8238,-1.79478452925
1.8244,-1.7934998054499998
1.825,-1.79157197305
1.8254,-1.7889541185
1.8262,-1.7876918124999999
1.8268,-1.7857701580499998
1.8271,-1.7845412318999998
1.8277,-1.78272259595
1.8283,-1.7814891435499998
1.829,-1.7810488322999998
1.8294,-1.7796136446
1.8301,-1.7784640186999998
1.8307,-1.7776268307999998
1.8311,-1.7765971337
1.8318,-1.77623782825
1.8323,-1.7757655222
1.833,-1.77462478255
1.8335,-1.7732455841499999
1.8339,-1.7723104656
1.8344,-1.7715939412
1.8349,-1.7703496190499999
1.8356,-1.7687687741999998
1.8361,-1.7676895947999998
1.8367,-1.7673096669
1.8373,-1.7668450151
1.8378,-1.7659837832499998
1.8384,-1.76470948705
1.8391,-1.7638295703999998
1.8396,-1.7626667446
1.8402,-1.7607781990499998
1.8407,-1.7591577059499999
1.8412,-1.7577498694999998
1.8419,-1.7565946073999998
1.8425,-1.7553924740499998
1.843,-1.75340511855
1.8435,-1.7520614509499999
1.844,-1.7510642464
1.8444,-1.7502510451
1.845,-1.7484759897
1.8456,-1.74692416605
1.8461,-1.7464166157999998
1.8467,-1.7460191631
1.8471,-1.7452308972
1.8479,-1.7444412827499998
1.8484,-1.7427138700999998
1.8491,-1.7417658108999998
1.8496,-1.74115772805
1.8502,-1.7405290860999998
1.8506,-1.7401487883
1.8512,-1.740314617
1.852,-1.7402443767999998
1.8524,-1.7396360126
1.8527,-1.7391276594499998
1.8532,-1.73799990555
1.8541,-1.7368673727
1.8544,-1.7360255165999998
1.8549,-1.73512366195
1.8554,-1.7342641424499998
1.8559,-1.7333488836
1.8566,-1.7319985919499998
1.8571,-1.7303064858
1.8576,-1.72934280245
1.8581,-1.7278996558
1.8588,-1.7268761591
1.8593,-1.7269828368
1.8601,-1.7265745762999998
1.8607,-1.7247042788499998
1.8611,-1.7237625654
1.8616,-1.7226449312999998
1.8621,-1.7211966713999998
1.8628,-1.7193233381
1.8633,-1.71796828225
1.8637,-1.71682604275
1.8642,-1.7157541762
1.8646,-1.7148321029499998
1.8654,-1.7130995000499998
1.8661,-1.71149332465
1.8665,-1.7111060532999998
1.8673,-1.7099664799499998
1.8678,-1.70945976575
1.8682,-1.7085321798
1.8689,-1.7073322423
1.8694,-1.7061873506499998
1.8699,-1.7041747984
1.8705,-1.70263559665
1.8709,-1.7012951996499999
1.8715,-1.7013447224499998
1.872,-1.7006012477499999
1.8725,-1.69953999805
1.8731,-1.6985354286999998
1.8739,-1.69802264915
1.8743,-1.69696344215
1.8748,-1.6952931095
1.8754,-1.6944287442
1.8759,-1.6935465178499998
1.8763,-1.6926195219
1.877,-1.6921232393999999
1.8776,-1.69037092075
1.8781,-1.689768488
1.8786,-1.6889349171499999
1.8791,-1.68867609785
1.8797,-1.6879345440499998
1.8802,-1.68781671575
1.8809,-1.6876721586499999
1.8813,-1.6868740465499998
1.8821,-1.68617129375
1.8825,-1.6849318634
1.8829,-1.68365036795
1.8835,-1.6822855933999998
1.8842,-1.6808803321499999
1.8848,-1.6789654611499998
1.8853,-1.6782958756
1.8857,-1.67842837465
1.8864,-1.6773694794499998
1.887,-1.6767487523
1.8876,-1.6753725431
1.888,-1.6738434429999998
1.8885,-1.6726515998499998
1.8893,-1.67233453375
1.8899,-1.67112167445
1.8903,-1.66992400785
1.8907,-1.6682612125499998
1.8914,-1.6667422575
1.8919,-1.6657231947
1.8927,-1.6642533873999998
1.8932,-1.66294357225
1.8937,-1.6612554135
1.8942,-1.6599357828999999
1.8948,-1.6582979241999998
1.8953,-1.6571458369499998
1.8956,-1.6563330858999998
1.8961,-1.6551342624999998
1.897,-1.6524718320999998
1.8975,-1.6507400364999998
1.898,-1.6491807922499997
1.8985,-1.6490718422999997
1.899,-1.6474739702
1.8996,-1.6470650977999997
1.9001,-1.6448451824999997
1.9008,-1.64385043945
1.9014,-1.6420306868
1.9019,-1.6417402258
1.9023,-1.6403621926
1.9029,-1.63883723565
1.9037,-1.63848395205
1.9043,-1.6375907147
1.9046,-1.6369088436499997
1.9052,-1.6365769877999998
1.9057,-1.6361774917999998
1.9063,-1.6352212922499998
1.9069,-1.6346343391499998
1.9076,-1.633316707
1.908,-1.6327336537
1.9085,-1.6317506148
1.9092,-1.6307096844999998
1.9097,-1.6296490729
1.9104,-1.62949045985
1.9108,-1.6274043811499999
1.9112,-1.6262488840999998
1.9118,-1.6255822421499997
1.9125,-1.6246371835
1.913,-1.6229096354499997
1.9136,-1.62272525705
1.9142,-1.62145397245
1.9147,-1.6195653078499999
1.9154,-1.617537414
1.9158,-1.61552585465
1.9163,-1.61372086565
1.9173,-1.6129350384999999
1.9177,-1.6120853821
1.9182,-1.6110251311
1.9187,-1.6105327840499997
1.9194,-1.6109415464999999
1.9198,-1.6108200947999998
1.9204,-1.61017653565
1.9209,-1.6093185534
1.9215,-1.6084880405499997
1.922,-1.6081692623499997
1.9226,-1.6073706543
1.9232,-1.6050307842499998
1.9238,-1.6041377910999999
1.9244,-1.6031719193499998
1.925,-1.60142833865
1.9255,-1.6005545627499997
1.926,-1.59971071495
1.9267,-1.5998653144499997
1.9274,-1.5994823713499997
1.9279,-1.59809072385
1.9284,-1.59619354805
1.9289,-1.5948095559
1.9294,-1.5934111829999997
1.9302,-1.5914885799
1.9308,-1.5891615692499999
1.9314,-1.5874272839499999
1.9318,-1.5863290224499997
1.9323,-1.58401206535
1.9327,-1.5821364771499997
1.9332,-1.58021423345
1.934,-1.5788036176999998
1.9345,-1.5780242965499998
1.9351,-1.57622438225
1.9356,-1.5752462002
1.9361,-1.5740548532999998
1.9366,-1.5736183610499999
1.9372,-1.57225324325
1.9376,-1.5701243489499999
1.9382,-1.5681652374499997
1.9387,-1.56675639295
1.9394,-1.5654120252499997
1.9399,-1.56409987825
1.9405,-1.5632862065
1.9409,-1.56256056295
1.9414,-1.5611163964499997
1.9421,-1.5602859900499997
1.9425,-1.5587749951999998
1.943,-1.5577707374499998
1.9435,-1.55720507375
1.9441,-1.5557637553499997
1.9445,-1.5545873919999997
1.945,-1.5535443016499997
1.9457,-1.5530945786999997
1.9464,-1.5518770651499998
1.947,-1.5508858824499998
1.9475,-1.5488376590499997
1.9479,-1.54766014455
1.9483,-1.54745327955
1.949,-1.5471303871499997
1.9494,-1.5469164696499997
1.95,-1.54578408875
1.9506,-1.54442993385
1.9511,-1.5426417101499998
1.9515,-1.5418043367499998
1.952,-1.5408832271999997
1.9526,-1.5399490350499998
1.9531,-1.53947472245
1.9536,-1.5391415367999999
1.9542,-1.53768891035
1.9549,-1.5373773572
1.9553,-1.53747195565
1.9557,-1.5365687538499997
1.9563,-1.5350851102499998
1.9569,-1.53379290155
1.9573,-1.53249125315
1.9581,-1.5323180254
1.9587,-1.5310282653999998
1.9593,-1.5296718806
1.9597,-1.52819055845
1.9601,-1.5263919271999997
1.9608,-1.5256226865999998
1.9612,-1.5259231450499997
1.9617,-1.5257032346
1.9624,-1.5243720979499997
1.9629,-1.5237220018
1.9634,-1.5223984071499999
1.964,-1.5213001024999997
1.9646,-1.520053995
1.965,-1.5188953660499998
1.9655,-1.5181845435999999
1.9661,-1.5164092251499999
1.9665,-1.5156520272999998
1.9672,-1.5145909824999997
1.9677,-1.5142285612
1.968,-1.5141478360999998
1.9687,-1.5128786401999998
1.9693,-1.5127718100999998
1.9698,-1.5114347177999998
1.9704,-1.5100686169
1.9709,-1.5091580103499997
1.9715,-1.5083995361499998
1.9721,-1.50607597
1.9727,-1.5046739597999998
1.9733,-1.50342543005
1.9736,-1.50241388375
1.974,-1.5008110556499998
1.9747,-1.4992390981
1.9754,-1.49807851055
1.9758,-1.4976636935499998
1.9764,-1.4962841775499998
1.977,-1.4952229998999997
1.9774,-1.4935908083
1.9782,-1.4934261321999998
1.9787,-1.4924987534
1.979,-1.4912490582499998
1.9795,-1.4904464984999999
1.9802,-1.48880340885
1.9807,-1.4873709690499997
1.9813,-1.4869916769999998
1.9818,-1.48552140885
1.9823,-1.4839664308999998
1.9831,-1.4830089794
1.9836,-1.4820682282999997
1.9842,-1.4812753514499999
1.9848,-1.47963636315
1.9855,-1.4787097648
1.9861,-1.4778364378499997
1.9866,-1.4768789369
1.9871,-1.4758974491999997
1.9874,-1.47483912685
1.988,-1.4728706703999999
1.9887,-1.4715827857
1.9892,-1.4700555759
1.9899,-1.4690440922499999
1.9903,-1.4679956023999998
1.9907,-1.4665570028999997
1.9912,-1.4655996948999999
1.9917,-1.4642926499
1.9922,-1.46224942555
1.9929,-1.46112848295
1.9934,-1.4600296370999999
1.9939,-1.4595809109499998
1.9945,-1.4581286222499998
1.995,-1.45651233685
1.9954,-1.4549543424999998
1.9961,-1.45384055725
1.9968,-1.4522876417
1.9973,-1.4511997559999998
1.9977,-1.4500256617499998
1.9981,-1.4481637380999999
1.9987,-1.4479456946
1.9993,-1.4472877298499998
1.9997,-1.4465328967
2.0003,-1.4453842639999999
2.0009,-1.4445576048
2.0013,-1.4429931215499998
2.0018,-1.4414891228499997
2.0023,-1.4413177861
2.0028,-1.4404941494
2.0033,-1.43923435485
2.0039,-1.4379827223499997
2.0043,-1.4370286618499999
2.0046,-1.4364174792499997
2.005,-1.4357017421
2.0056,-1.4356192932499998
2.0061,-1.4348273999
2.0065,-1.43373614965
2.0071,-1.43193564695
2.0074,-1.4299978226499999
2.0081,-1.4291686440999998
2.0086,-1.4282830898999999
2.0091,-1.4277345966999997
2.0095,-1.4263000846999998
2.0099,-1.4252222403999997
2.0104,-1.42356350255
2.0108,-1.42321536525
2.0112,-1.4222690196499999
2.0116,-1.42105547925
2.0122,-1.4204281608499998
2.0128,-1.4202761452
2.0131,-1.4200203715999997
2.0138,-1.4181421733999997
2.0143,-1.4170891290999998
2.0149,-1.4162009796499997
2.0152,-1.4156487795499997
2.0154,-1.4154262794499997
2.0161,-1.4150337509999997
2.0166,-1.4137906741
2.017,-1.4123481839499998
2.0175,-1.4111388330999999
2.018,-1.4091474714499999
2.0184,-1.4081618222499999
2.0189,-1.40701118005
2.0191,-1.4058847088
2.0194,-1.40414951565
2.0201,-1.40248482275
2.0205,-1.4022805815
2.021,-1.4002469083499998
2.0214,-1.3997866834
2.0222,-1.3984147687
2.0226,-1.3972580851999998
2.0231,-1.3968716093999998
2.0234,-1.3962968185999998
2.0235,-1.3944079030999998
2.0238,-1.3926334742999997
2.0245,-1.39105024235
2.0247,-1.3903964753499998
2.0248,-1.39042434525
2.0253,-1.3900434668
2.0256,-1.3900690627499999
2.026,-1.3899681608
2.0264,-1.38844538805
2.0265,-1.3879692139
2.027,-1.38635447475
2.0276,-1.386457154
2.0278,-1.3850757918999999
2.028,-1.3834568849999997
2.0284,-1.3833734123499997
2.0289,-1.3820951384
2.0297,-1.3813100535
2.0298,-1.3807812994499997
2.0301,-1.37988033785
2.0305,-1.3785652499499998
2.0312,-1.3787115787
2.0318,-1.3779052420999998
2.0322,-1.3761078706499998
2.0326,-1.3745554427499997
2.0332,-1.3742108773
2.0338,-1.3736887558
2.0342,-1.372127152
2.0347,-1.37100850125
2.0352,-1.36957890385
2.0356,-1.3683398113999998
2.0362,-1.3680400756499997
2.0365,-1.3670935735
2.0367,-1.36730505865
2.0368,-1.3666904713999997
2.0369,-1.36599615505
2.0372,-1.36512469975
2.0376,-1.3640507250999998
2.0379,-1.3627290132
2.0381,-1.3616906319999997
2.0383,-1.3611607764999998
2.0384,-1.3600265624499999
2.0385,-1.35853424985
2.039,-1.35862537675
2.0395,-1.3578676493999997
2.0397,-1.35632026595
2.0402,-1.3557123468999999
2.0408,-1.35618856945
2.0414,-1.3560657573999997
2.0419,-1.3553046999
2.0425,-1.35470580445
2.0433,-1.35408157545
2.0434,-1.35266552555
2.0437,-1.35163217305
2.0444,-1.3504449152999998
2.0452,-1.34948885385
2.0453,-1.3487509592499998
2.0458,-1.34841818155
2.0463,-1.3473070268999998
2.0469,-1.34679134815
2.0478,-1.3455359846499997
2.0483,-1.3455015451999999
2.0484,-1.3455390340999998
2.0492,-1.3450093345999998
2.0495,-1.34459623885
2.0496,-1.3433341737999998
2.0497,-1.3431292156999999
2.0501,-1.3419365234999998
2.0504,-1.3403263774999998
2.0506,-1.3406066449999998
2.0508,-1.3391975776999998
2.0515,-1.3367003553999997
2.0517,-1.3363662289999998
2.052,-1.3354598367999997
2.0521,-1.33493303905
2.0522,-1.33438698355
2.0529,-1.33359393455
2.0537,-1.33227995195
2.0543,-1.3313596784999997
2.055,-1.3294193003999997
2.0559,-1.3290107916
2.0567,-1.3289250812
2.0573,-1.3274066853499997
2.0583,-1.3259798245
2.0589,-1.3236065289
2.0595,-1.3222461940999999
2.0603,-1.3190715513
2.0611,-1.3176945603999997
2.0612,-1.3158891543499998
2.0619,-1.3135175415
2.0623,-1.3122070862
2.0626,-1.3116791937999999
2.0632,-1.30943029095
2.0639,-1.3072814383
2.0648,-1.3050479788999998
2.0653,-1.3030219407499999
2.0654,-1.3010235897499998
2.0662,-1.2999202718
2.0671,-1.29902122185
2.0678,-1.2979926324499997
2.0686,-1.2979650191999998
2.0692,-1.2943323868999999
2.0694,-1.29272682615
2.0703,-1.2915068924499997
2.071,-1.29119433875
2.0717,-1.2906386574999997
2.0727,-1.2904043330999997
2.0735,-1.2885418837499998
2.0741,-1.2872506429499997
2.0744,-1.2863947551
2.0745,-1.2853376449499998
2.0748,-1.284191405
2.0755,-1.2831061368499999
2.0759,-1.28202336385
2.0768,-1.2812943626999997
2.0776,-1.2800303831499997
2.0783,-1.2789797785999997
2.0786,-1.27781831785
2.0791,-1.2765137095999997
2.0797,-1.27612589685
2.0805,-1.2729687621999997
2.0811,-1.2716978608999998
2.0815,-1.2702873552999998
2.082,-1.26848104975
2.0823,-1.2666832474
2.0829,-1.2653492511
2.0837,-1.26481775935
2.0844,-1.2641516736499998
2.0851,-1.2636484066499998
2.0856,-1.26220394945
2.0862,-1.2603773404499998
2.0867,-1.2602393803999998
2.0868,-1.2599148798499997
2.0874,-1.2586542936499998
2.0881,-1.2569228882999997
2.0882,-1.2547868642499997
2.0888,-1.2517116837
2.0894,-1.24839299795
2.0901,-1.2447882049499999
2.0906,-1.24055646995
2.1016,-1.2366347166999998
2.1092,-1.2325927160999997
2.1158,-1.22905132175
2.1195,-1.2239142696499998
2.1218,-1.2182545082499998
2.125,-1.21252369815
2.1277,-1.2060158580999998
2.1299,-1.1993850580999998
2.1324,-1.1934731480499998
2.1335,-1.1897574193999998
2.1338,-1.1848541443
2.1343,-1.17809427005
2.1348,-1.1720485517999997
2.1349,-1.1668327676999999
2.1351,-1.1624046723499997
2.1354,-1.1601622263499998
2.1359,-1.1563444721999998
2.136,-1.1534434739
2.1363,-1.14947637615
2.1367,-1.1468567747999998
2.1368,-1.1433298350999999
2.1376,-1.14098240675
2.1377,-1.1403964846999997
2.1387,-1.1385202376999999
2.139,-1.1378861028
2.1392,-1.1362006888999998
2.14,-1.1351539251
2.1405,-1.1350051491
2.1411,-1.1337038369499997
2.1424,-1.1306037911
2.1426,-1.1283414115999997
2.143,-1.1276955972999998
2.144,-1.12606263245
2.1446,-1.1254704143
2.1454,-1.1243726444999997
2.1455,-1.12100991795
2.1456,-1.1195074101999998
2.1457,-1.1180069547499998
2.1458,-1.1180863088499997
2.146,-1.1167672082499998
2.1461,-1.1164208111999998
2.1465,-1.1159033480999998
2.1466,-1.11305594825
2.147,-1.1130512056999997
2.1471,-1.1122468833499997
2.1474,-1.11279066045
2.1475,-1.1144123367
2.1476,-1.1133789712
2.1477,-1.1140675501499997
2.1479,-1.1146018515499998
2.1482,-1.1145780893999997
2.1486,-1.1139582785999997
2.1487,-1.1131912252
2.149,-1.1120094202999997
2.1494,-1.1111221010499999
2.1496,-1.1108901211999997
2.1498,-1.1113299303499997
2.1499,-1.1101620112
2.1504,-1.10955701465
2.1507,-1.1092954994
2.1509,-1.1091767795999998
2.151,-1.10826014995
2.1511,-1.1082668071499997
2.1512,-1.107679531
2.1513,-1.10688469235
2.1514,-1.10621856155
2.1515,-1.1036097367499997
2.1516,-1.1032321107
2.1518,-1.10160268905
2.1519,-1.10057310925
2.152,-1.1010784080999998
2.1522,-1.1013394347499998
2.1523,-1.10122657405
2.1525,-1.10127202335
2.1526,-1.10119991375
2.1528,-1.1004043328999997
2.1529,-1.1008901797
2.153,-1.10138637305
2.1531,-1.1015562494999998
2.1532,-1.1014440341
2.1533,-1.1004260097
2.1534,-1.1010260509499998
2.1535,-1.1000560576999998
2.1536,-1.1001697687499998
2.1537,-1.0998919158499998
2.1538,-1.0997117910499998
2.1539,-1.09912641185
2.154,-1.09862945295
2.1541,-1.0980798316499998
2.1542,-1.09722578025
2.1543,-1.09611549075
2.1544,-1.0951000636
2.1545,-1.09526733495
2.1546,-1.0948149972499999
2.1547,-1.0946793652499998
2.1548,-1.0948192251499997
2.1549,-1.0941013022
2.155,-1.09340824525
2.1552,-1.0920512157499997
2.1553,-1.0922592449499997
2.1554,-1.0931985171999998
2.1555,-1.0927975873499998
2.1556,-1.0930217714499997
2.1557,-1.0915811891499998
2.1558,-1.0915337691499998
2.1559,-1.0914914307499997
2.156,-1.0917848987499998
2.1561,-1.0916427929499997
2.1562,-1.09172998215
2.1563,-1.0917749740499998
2.1564,-1.09231375865
2.1565,-1.09237274995
2.1566,-1.0916662982499998
2.1567,-1.0906717770999999
2.1568,-1.0895671907
2.1569,-1.0908218986999998
2.1571,-1.0905602859999997
2.1572,-1.08992661955
2.1573,-1.0886448348499997
2.1574,-1.0873043699
2.1576,-1.0865140802499997
2.1577,-1.08583521705
2.1578,-1.0853671550499997
2.158,-1.0852868924
2.1581,-1.0875934805499998
2.1582,-1.0864045140999998
2.1583,-1.0850166971
2.1584,-1.08410325315
2.1585,-1.08410832725
2.1586,-1.0843434033999997
2.1587,-1.0836058798
2.1591,-1.0829306646999997
2.1596,-1.08323261005
2.1597,-1.0836672259999998
2.1598,-1.08331268265
2.1601,-1.08145967355
2.1606,-1.0804249963999997
2.1608,-1.0811023829999997
2.1611,-1.08173168725
2.1614,-1.08081565055
2.1618,-1.0829842905499998
2.162,-1.0816486084999997
2.1621,-1.0802404647499997
2.1627,-1.0800039094499998
2.1635,-1.07584035425
2.1636,-1.0743776019499998
2.164,-1.07412748485
2.1643,-1.0734691952
2.1646,-1.0719019247499997
2.1647,-1.07064344645
2.1651,-1.0695591999
2.1653,-1.06895851035
2.1655,-1.0677750552999998
2.1661,-1.0668090718999999
2.1662,-1.0657896243499998
2.1663,-1.0652117853999998
2.1669,-1.06491670035
2.1674,-1.0631543209999998
2.1676,-1.06187693155
2.1679,-1.06134347345
2.1681,-1.0572553465999999
2.1684,-1.0567196135999999
2.1686,-1.0566245098499998
2.1687,-1.05907175335
2.1689,-1.059402452
2.169,-1.0595544963499997
2.1691,-1.0596924054499999
2.1693,-1.0591788312499997
2.1694,-1.0591257031999999
2.1695,-1.0582957898499998
2.1704,-1.0604768879999997
2.171,-1.0587873830999999
2.1714,-1.0574613031999998
2.1719,-1.0557140174999997
2.1722,-1.0552721376499998
2.1729,-1.05235131885
2.1737,-1.0500303846499999
2.1744,-1.0486564927499997
2.1756,-1.0500389124999998
2.176,-1.0481731153
2.1763,-1.0465831740499998
2.1766,-1.0454880899
2.177,-1.0438863139999999
2.1782,-1.0387587695499998
2.1788,-1.0362906998499999
2.179,-1.0342455464499998
2.18,-1.03246712895
2.1804,-1.0313375163499998
2.1809,-1.0290980789999997
2.1814,-1.03027890585
2.1818,-1.0260157939
2.1825,-1.0261390714499998
2.1832,-1.0258336083999997
2.1833,-1.02546050075
2.1839,-1.02435540295
2.1846,-1.0246917072499997
2.1856,-1.0273387884999998
2.1857,-1.0260975930499998
2.1859,-1.0223877257499998
2.1865,-1.02132701215
2.187,-1.02301994335
2.1875,-1.0201220322999998
2.1879,-1.01870498805
2.1891,-1.01660667765
2.1895,-1.0178122417999997
2.1896,-1.01592553355
2.1906,-1.0137016226999997
2.1916,-1.01103420385
2.1932,-1.0121273644
2.1943,-1.0067754696
2.1946,-1.0043152143
2.196,-1.0014869219999998
2.1966,-0.9982389607999997
2.1973,-0.99594131985
2.1982,-0.9930351762999998
2.1992,-0.99078652695
2.1996,-0.9852395696
2.2002,-0.9840793690499998
2.2004,-0.98196155165
2.2005,-0.9806874799999998
2.2006,-0.9777878213999998
2.2007,-0.9785119756
2.201,-0.9769384184000001
2.2011,-0.9768697182499997
2.2015,-0.9735721062499998
2.2016,-0.9728980724
2.2018,-0.9713582561499998
2.2021,-0.9711959940999999
2.2023,-0.96948327545
2.2031,-0.9685148557500001
2.2032,-0.9683009186499998
2.2033,-0.96822876425
2.2035,-0.9696591050499999
2.2042,-0.9701988770500001
2.2044,-0.9701348448
2.2047,-0.97023597435
2.2051,-0.9703459653
2.2058,-0.9702505655499998
2.2059,-0.97009425695
2.2061,-0.9685742114
2.2069,-0.9654490497999997
2.2074,-0.9640988077499997
2.2075,-0.9629951558999998
2.2078,-0.9606456260999998
2.208,-0.9593959878499998
2.2082,-0.95621973615
2.2083,-0.9553019013999999
2.2095,-0.9542436911999999
2.2099,-0.9501809662
2.2113,-0.9493111520999999
2.2114,-0.9468012561499997
2.2128,-0.9440374361499999
2.213,-0.9413581422999999
2.2158,-0.9373988879499997
2.2161,-0.9350421737499999
2.2172,-0.9310073003499997
2.2183,-0.9280523879999998
2.2189,-0.9244917531999999
2.2208,-0.9206762501999997
2.2221,-0.9184192374999998
2.2238,-0.9168997999499999
2.2244,-0.9133072382999998
2.2259,-0.9109852966999998
2.2261,-0.9088318642999997
2.2286,-0.9051386683999998
2.229,-0.9040655872999999
2.231,-0.90107728615
2.2321,-0.8981465475999997
2.2337,-0.89622300485
2.2343,-0.8940180279000001
2.2348,-0.8917614585
2.2352,-0.8896794571999997
2.2364,-0.8865091931499998
2.2365,-0.8850711569
2.2367,-0.8829643186
2.2369,-0.8825635104499998
2.2371,-0.8806450691499998
2.2372,-0.8799714073999998
2.2373,-0.87883444705
2.2374,-0.87773944445
2.2375,-0.8761119044500001
2.238,-0.8758828702999999
2.2385,-0.8750047647499999
2.2387,-0.8754115978999999
2.239,-0.87525530405
2.2391,-0.87509048715
2.2393,-0.8745318776
2.2394,-0.8737130474499999
2.2395,-0.8727873480999997
2.2396,-0.8720732495999997
2.2397,-0.8714481436499999
2.24,-0.8700452181
2.2401,-0.8689476414499997
2.2404,-0.86777897245
2.2406,-0.8658581279499997
2.2407,-0.8640607618499998
2.2408,-0.8631311668999997
2.2424,-0.8595330886499997
2.2434,-0.8579062078999997
2.2442,-0.8556201042999998
2.2458,-0.8535703892999997
2.2468,-0.8510270541999998
2.2483,-0.8485153242000001
2.249,-0.8452178954999998
2.2503,-0.8431433360499998
2.2513,-0.8399048703999998
2.2524,-0.8372398732499997
2.254,-0.8342750449
2.255,-0.8314192486
2.2564,-0.8286066347999999
2.2576,-0.8256255404499999
2.2582,-0.8236079486499999
2.2585,-0.8208689559
2.2591,-0.8187394085999999
2.2593,-0.8174367520499999
2.26,-0.81484117275
2.2605,-0.8123025411499998
2.2607,-0.8114451705499999
2.2609,-0.8103399876999999
2.261,-0.8096316294999997
2.2611,-0.8087210379499998
2.2612,-0.8080415725500001
2.2613,-0.80679724205
2.2614,-0.80598449405
2.2615,-0.8052222801999998
2.2616,-0.80473744715
2.2617,-0.8041125167500001
2.2623,-0.8024461554499998
2.2631,-0.8014604905499998
2.2634,-0.8001043873999998
2.2637,-0.7984844548000001
2.2647,-0.7963995499999998
2.266,-0.79504868195
2.2679,-0.7928151274999999
2.2691,-0.79106756955
2.2699,-0.7902211109499997
2.271,-0.7888260222499999
2.2718,-0.7872800216
2.2729,-0.7854445649999997
2.274,-0.7828659815000001
2.2741,-0.7804627860999998
2.2749,-0.7771028089500001
2.2755,-0.7744993922500001
2.2757,-0.7719100867499997
2.2758,-0.76918895305
2.2759,-0.7674062694999999
2.2761,-0.7648374340999999
2.2763,-0.762836074
2.2764,-0.7610079705999997
2.2768,-0.7592439623499998
2.2779,-0.7581655873499997
2.2783,-0.75672427635
2.279,-0.7549663235499997
2.28,-0.75342582615
2.2807,-0.7521265799999997
2.2819,-0.74887865
2.2829,-0.7454075410500001
2.283,-0.7431831731499998
2.2834,-0.7413284297999998
2.2842,-0.7400410023499999
2.2849,-0.7388161449499999
2.2854,-0.7378523995999999
2.286,-0.7363953254999998
2.287,-0.7337272662999998
2.2878,-0.7318601111
2.2883,-0.72894538205
2.2887,-0.7274796660999998
2.2898,-0.72625873485
2.2902,-0.7237633679499997
2.2907,-0.7218708958
2.2912,-0.7203943098500001
2.2917,-0.71803650905
2.2919,-0.7165411116499998
2.2924,-0.7155856481499998
2.2932,-0.7138325022499998
2.2936,-0.7137529535999998
2.2941,-0.71398905605
2.295,-0.7129438703499997
2.2954,-0.7111566306499997
2.2959,-0.7083622375499998
2.2968,-0.7063354202999998
2.297,-0.7047501156
2.2975,-0.7031045372499998
2.2976,-0.7027714145999999
2.2978,-0.7010111211500001
2.2982,-0.6991705422500001
2.2993,-0.6969932818999998
2.2999,-0.6945654783499999
2.3007,-0.6924931035999999
2.3009,-0.6904903384000001
2.3014,-0.6880554525
2.3023,-0.68634850215
2.3034,-0.6840093305499999
2.3037,-0.68216353005
2.3044,-0.6790115561499999
2.306,-0.6766793675499998
2.3067,-0.6737529222999998
2.3075,-0.67104756685
2.3082,-0.6682983884999998
2.3101,-0.6670051899499998
2.3115,-0.6646331807499997
2.3125,-0.6614391284000001
2.313,-0.65882406895
2.3136,-0.6558251799999999
2.3137,-0.65354303195
2.3139,-0.6515603483499999
2.3142,-0.6497770845499997
2.3143,-0.6477719607000001
2.3146,-0.64624388465
2.3148,-0.6439922878499997
2.3149,-0.6420992845
2.315,-0.64064700045
2.3159,-0.63877654205
2.3164,-0.6357873070499998
2.3168,-0.6339723663999997
2.3182,-0.6311925399499998
2.3191,-0.6297275703
2.3199,-0.6277949381000001
2.3217,-0.6258096562
2.3228,-0.6229979327999997
2.3231,-0.6204806387499997
2.3237,-0.6187554239499997
2.3254,-0.6170116897
2.3262,-0.61560592885
2.3268,-0.6130493062999998
2.3277,-0.6112052610999998
2.3289,-0.6084554099999999
2.33,-0.6065109326
2.3304,-0.6055170759999999
2.3308,-0.6037264504
2.331,-0.6023996332499997
2.3313,-0.60121315005
2.3316,-0.6004503153999998
2.3317,-0.5992392405499998
2.3318,-0.5982604995999998
2.3322,-0.5970522483499998
2.3323,-0.5954440367
2.3324,-0.5941360677
2.3325,-0.5930061523000001
2.3326,-0.5913019897499998
2.3329,-0.58944141435
2.3336,-0.5876597376999997
2.3342,-0.5853287014499999
2.3344,-0.58267273925
2.3355,-0.5810997702499998
2.3372,-0.57870654875
2.3387,-0.5773131890999998
2.34,-0.57570326425
2.3405,-0.5726430099499997
2.341,-0.56972916465
2.3411,-0.5666834270500001
2.3422,-0.5629535804499999
2.3442,-0.5589923364999998
2.3448,-0.55651690395
2.3456,-0.55401483705
2.3466,-0.5520187027499999
2.3468,-0.5494916133999999
2.3474,-0.5466504964999999
2.3476,-0.5443018404999997
2.3479,-0.5430679527
2.3482,-0.54084290615
2.3483,-0.5393389549999998
2.3495,-0.5374236527999998
2.3503,-0.5366725087999997
2.3508,-0.5359126004499997
2.3509,-0.5349558867499997
2.3518,-0.53319459055
2.3521,-0.5313102723999998
2.3523,-0.5303078505999999
2.3525,-0.5289648813499999
2.3529,-0.5274937731499998
2.353,-0.5266943846499998
2.3531,-0.5249269294499999
2.3533,-0.5227798552
2.3535,-0.51998406935
2.3545,-0.5164273702499997
2.3556,-0.5136655285499998
2.3565,-0.5113896085
2.3574,-0.5092693418
2.3588,-0.5069330657999997
2.3592,-0.5049609559999997
2.3593,-0.5026302319
2.361,-0.5015235270499998
2.3633,-0.49896817660000004
2.3634,-0.49611920529999987
2.3635,-0.4936504815
2.3642,-0.49092850180000003
2.3645,-0.4888638652999999
2.3646,-0.48723005814999976
2.3647,-0.4863394859999999
2.3649,-0.48492084444999994
2.3653,-0.4837863185
2.3656,-0.48324882744999975
2.3662,-0.4816803061999999
2.3663,-0.4805117221499997
2.3677,-0.48015750805
2.3679,-0.47959520794999966
2.368,-0.47769239124999974
2.3681,-0.4764134205999997
2.3683,-0.4736480530499998
2.3687,-0.4708478387499997
2.3689,-0.46894692694999973
2.37,-0.4661517974999998
2.3704,-0.4635619308500001
2.3724,-0.4609862844999997
2.3738,-0.45866181279999996
2.3751,-0.45717085624999987
2.3752,-0.4551961014499999
2.3754,-0.45298711224999977
2.3764,-0.44991422950000004
2.3771,-0.44714393769999994
2.3776,-0.44287637894999987
2.3787,-0.44045233820000007
2.3788,-0.4380696768000001
2.379,-0.4364227333499997
2.3796,-0.4329153622999997
2.3804,-0.43070314685
2.3818,-0.42957164049999985
2.3824,-0.42753595214999995
2.3828,-0.4270029595999998
2.3833,-0.4265838907499999
2.3837,-0.42473530030000006
2.3841,-0.4237491794999997
2.3847,-0.4218529727
2.385,-0.4201253167500001
2.3854,-0.4183352684499999
2.3856,-0.41596341295000006
2.3857,-0.41307260224999975
2.3861,-0.40995881555
2.3865,-0.4078624902999999
2.388,-0.4051353249999998
2.3886,-0.40336716024999975
2.3892,-0.40099036204999994
2.3907,-0.39903519209999994
2.3909,-0.39599388364999966
2.3916,-0.39478158584999967
2.393,-0.39252569879999966
2.3948,-0.3896046337499999
2.3959,-0.38667923655
2.396,-0.3830665852499999
2.3963,-0.3805305096999998
2.3964,-0.37766766315
2.3967,-0.3742779678999999
2.3968,-0.3714778375000001
2.3969,-0.3684558941999998
2.3994,-0.36539785594999996
2.4012,-0.3627172888499999
2.4015,-0.3605136392999997
2.4017,-0.35805391004999976
2.4026,-0.3547634969
2.4044,-0.35353511684999983
2.4057,-0.3509585251499998
2.4062,-0.3484377218999999
2.4072,-0.34551504
2.4076,-0.3436396476999999
2.4083,-0.34118058465
2.4091,-0.33868038124999966
2.4094,-0.3361238557999999
2.4096,-0.33320590034999986
2.4098,-0.33123109539999973
2.4102,-0.32909182749999966
2.4104,-0.32655205354999994
2.4111,-0.3242345456
2.4114,-0.3226332745499998
2.4118,-0.3210295028000001
2.4124,-0.31921179245
2.4127,-0.31734944470000004
2.414,-0.3147725431999997
2.4141,-0.3121864555
2.4144,-0.3109773914999998
2.4156,-0.3079404931499998
2.418,-0.3053616189499997
2.4183,-0.30149438424999975
2.4185,-0.29819287805000005
2.4197,-0.29536566524999985
2.421,-0.29219123364999966
2.4211,-0.2894620314499998
2.4224,-0.2864557886000001
2.4236,-0.2850018895499997
2.4237,-0.2828573204499998
2.4247,-0.2800852911999998
2.4252,-0.2779133857999998
2.4253,-0.2747610839000001
2.4257,-0.2722255519000001
2.4258,-0.2687788906499997
2.4259,-0.2654532395999998
2.4261,-0.26168661569999996
2.4262,-0.25950392509999975
2.4276,-0.2581005920499999
2.4299,-0.2547480985499999
2.4302,-0.2520311944999998
2.4303,-0.24974599939999997
2.4318,-0.24798064330000003
2.4327,-0.24594448160000004
2.4329,-0.24389445254999975
2.4334,-0.24172404850000007
2.4337,-0.23862459579999973
2.4341,-0.23601980229999997
2.4352,-0.23293524424999967
2.4377,-0.22981286879999985
2.439,-0.2272366965999999
2.4393,-0.22461919149999998
2.4395,-0.22261276304999988
2.44,-0.21954857024999974
2.4404,-0.21829520354999987
2.4407,-0.21658405225
2.441,-0.21513912504999988
2.4413,-0.21220279899999994
2.4414,-0.2087975256500001
2.4416,-0.20579572914999966
2.4421,-0.20266741229999985
2.4426,-0.19932653749999973
2.4427,-0.19700777034999994
2.443,-0.1946706708499999
2.4432,-0.19130025765000003
2.4457,-0.18874912604999983
2.4472,-0.18639934034999994
2.4474,-0.18380535769999984
2.4488,-0.1812663032499997
2.4504,-0.17833541909999973
2.4513,-0.17560599629999984
2.4514,-0.1729432461
2.4515,-0.17067631799999994
2.4522,-0.16827551489999992
2.4533,-0.1648530868
2.4536,-0.16199461044999985
2.4537,-0.15939661834999974
2.4542,-0.15781975994999975
2.4546,-0.15541128010000005
2.4552,-0.1538847445
2.4555,-0.15135228340000006
2.4556,-0.14906720439999965
2.4561,-0.14649000600000006
2.4562,-0.14425647279999998
2.4563,-0.1420373238499999
2.4576,-0.1401401471999999
2.4579,-0.13755272399999985
2.4599,-0.1357465701499998
2.462,-0.13321278454999996
2.4625,-0.13213465295000004
2.4626,-0.1292349278499998
2.4627,-0.12730109189999972
2.4634,-0.1253973706
2.4636,-0.12349252739999983
2.4637,-0.12138340974999995
2.4644,-0.11997589594999969
2.4648,-0.11739642919999982
2.4649,-0.11424711209999971
2.4663,-0.11243197419999973
2.4664,-0.1097492233499997
2.467,-0.10710909674999991
2.4676,-0.10566239575000003
2.469,-0.10309284189999968
2.4692,-0.09973671875000001
2.4702,-0.09648815864999971
2.4705,-0.09302413464999981
2.4718,-0.09046274254999975
2.4726,-0.08772299604999967
2.4729,-0.08512561964999987
2.4733,-0.08118534204999994
2.4747,-0.07942114119999966
2.4765,-0.07633274905000009
2.4771,-0.0736501464999999
2.4774,-0.0712118155999999
2.4781,-0.06809602264999981
2.4784,-0.06564851090000001
2.4785,-0.06321993094999989
2.4788,-0.061028930900000056
2.479,-0.05894864614999973
2.4792,-0.057629776149999756
2.4796,-0.0572210692499997
2.4798,-0.05472579650000009
2.4801,-0.05273974054999986
2.4803,-0.050688740800000076
2.4808,-0.04946848295000006
2.4811,-0.04799782294999977
2.4812,-0.045801145950000066
2.4815,-0.041484157499999785
2.4816,-0.038578490799999976
2.4818,-0.03538328580000005
2.4849,-0.03239995689999997
2.485,-0.029649433049999896
2.4864,-0.025581599249999698
2.4872,-0.021892068099999662
2.4878,-0.019236133149999723
2.4906,-0.015678085199999803
2.492,-0.012471888199999892
2.4921,-0.009564112799999691
2.4927,-0.005391372949999695
2.493,-0.002551649850000004
2.494,0.00088885470000033
2.4941,0.003884880900000276
2.4942,0.007160158650000081
2.4949,0.009280201600000204
2.4959,0.013330648300000192
2.4965,0.0161757168500003
2.4966,0.018688915450000287
2.4968,0.018871198000000255
2.4971,0.020939078100000064
2.4973,0.021635053100000246
2.4979,0.025167615350000005
2.498,0.02740681395000033
2.4985,0.02896887345000021
2.4986,0.030229408450000328
2.499,0.03124289235000033
2.4992,0.0331897015
2.5005,0.03449639339999999
2.5006,0.036499726600000226
2.5024,0.03729891480000003
2.5029,0.03974484825000024
2.5031,0.04384693980000032
2.5033,0.0469327368500001
2.5036,0.04882275920000012
2.5037,0.051976952600000015
2.5046,0.05399549319999997
2.5051,0.057140843350000026
2.5054,0.06051411930000006
2.506,0.0638941337500003
2.5098,0.0668972400500003
2.5101,0.07087058015000025
2.511,0.07159973780000017
2.512,0.07480056825000014
2.5123,0.07740780755000021
2.5134,0.08085185595000022
2.5145,0.08357956690000012
2.5146,0.08624135985000025
2.5147,0.0899415559000003
2.5153,0.09342512505
2.5155,0.09816539415000003
2.5159,0.10160522660000026
2.5169,0.10364032490000019
2.5172,0.10536341510000025
2.5174,0.10840532655000024
2.5184,0.11024402405
2.519,0.11295360295000023
2.5198,0.11510213865000019
2.5201,0.11574660399999992
2.5202,0.11728622449999992
2.5205,0.11897480010000017
2.5207,0.12102858760000013
2.5211,0.12334159950000023
2.5213,0.12592149585000012
2.5218,0.1283130144500002
2.5222,0.13030495995000013
2.5224,0.1324737959500002
2.5226,0.13486651080000023
2.5227,0.13589284405000024
2.5231,0.1362971002000002
2.5233,0.13651806565000024
2.5235,0.13824131895000003
2.525,0.14021074590000016
2.5254,0.14162785715000004
2.5261,0.14298274099999997
2.5262,0.14622416660000015
2.5265,0.14849852850000023
2.528,0.15012326775000018
2.5292,0.15441175770000015
2.5295,0.15654013714999993
2.5297,0.15991841800000017
2.5299,0.16222139855000028
2.5308,0.16583513555000007
2.5314,0.16714054130000022
2.5344,0.1684060487500001
2.5356,0.17153685195
2.5364,0.17417971975000013
2.5366,0.17665954130000028
2.5374,0.17989933984999995
2.5385,0.18255706839999997
2.5394,0.1858660767
2.5404,0.18941471320000014
2.5411,0.19122927090000008
2.5415,0.19421026880000003
2.5419,0.19680679415000002
2.5421,0.1982393668500002
2.5424,0.19942817620000008
2.5425,0.20094054155000007
2.5427,0.20218669509999998
2.5431,0.20412404665000006
2.5437,0.20544812810000002
2.5439,0.20591682495000008
2.544,0.20669884770000024
2.5443,0.20782786640000017
2.5447,0.20984264925000007
2.5448,0.2109232643000003
2.5449,0.2119705941000003
2.5453,0.21203075925000014
2.5455,0.21395293805000026
2.5459,0.21639799255000014
2.546,0.21684781445000034
2.5467,0.21618053480000032
2.5487,0.2174556593000001
2.5506,0.21910759279999992
2.5507,0.22034756484999996
2.5511,0.22155224985000022
2.5514,0.22394520845
2.5528,0.22610362985000032
2.5529,0.22657061280000024
2.5531,0.22817487400000003
2.5538,0.22927445780000033
2.5544,0.23176313040000007
2.5557,0.23390395754999993
2.5561,0.23522468980000033
2.5565,0.23652205585000008
2.5569,0.2370346373500003
2.5571,0.23898323210000028
2.5573,0.24166520029999994
2.5574,0.24152042354999992
2.5576,0.24246363530000004
2.5582,0.24509761754999992
2.5584,0.2483801511000001
2.5591,0.24944719859999998
2.5593,0.2496391816500001
2.5594,0.2510902661500003
2.5601,0.2509885670500003
2.5605,0.25052856724999994
2.5608,0.2518285724
2.5613,0.2529384695000001
2.5634,0.25330072510000035
2.5674,0.25365791215
2.5677,0.25410318565
2.568,0.2541805141500002
2.5685,0.2551196397500002
2.569,0.2559327642500002
2.5699,0.2555852637
2.5703,0.2561459686500003
2.5704,0.2562610482000003
2.5708,0.25754349045000025
2.5709,0.2577392477
2.5718,0.2569372264500003
2.5725,0.25642451175000014
2.5733,0.25683072529999995
2.5738,0.2573415936500001
2.5744,0.2562269058000002
2.5749,0.2572264723000002
2.575,0.2568470004500001
2.5753,0.2566544200500003
2.5755,0.2569200822500002
2.5757,0.2573060326000003
2.5759,0.25692280584999994
2.576,0.25668877300000004
2.5762,0.2567622572000001
2.5765,0.25472555335000013
2.5766,0.25419433650000034
2.5768,0.2547568182000002
2.5785,0.25342854174999996
2.5786,0.2528661898500002
2.5803,0.2526898231500003
2.5814,0.25195677350000034
2.5821,0.25103127175000006
2.5855,0.2496783144000001
2.5861,0.24656069265000014
2.5865,0.24567922489999994
2.5868,0.24465618970000014
2.587,0.2434750385500002
2.5875,0.24325898575000027
2.5877,0.24139068325000013
2.5899,0.2398069298000003
2.5905,0.23763371470000028
2.5906,0.23563309445000025
2.5907,0.23339480680000024
2.591,0.23083597239999998
2.5911,0.2300659674000003
2.5912,0.22841502815000014
2.5924,0.22707757110000015
2.5927,0.22515472695000005
2.5932,0.22231789694999993
2.5934,0.2189654313
2.5947,0.2172695129500002
2.5948,0.21567277785000005
2.5951,0.21417063145000004
2.5956,0.21418045450000012
2.5965,0.2124327946500002
2.5966,0.21130887705
2.5967,0.20933184220000012
2.5972,0.2050364911
2.5974,0.20077293735
2.5975,0.19714343879999996
2.5976,0.1945505927500002
2.5981,0.19292885475000032
2.5988,0.18846112850000019
2.5994,0.18447282089999995
2.6004,0.18214145795000025
2.6049,0.1781034559000001
2.6068,0.17306586554999992
2.6073,0.1699134037000003
2.6085,0.16706849230000032
2.6089,0.16346606269999997
2.6095,0.16008395360000005
2.61,0.15737014930000015
2.6106,0.1535932820500001
2.6109,0.14963647985000028
2.6114,0.1452961851500003
2.6115,0.14137913650000034
2.6116,0.13687831185000032
2.6121,0.1354942523
2.6127,0.1343381966999999
2.6133,0.1314452772000001
2.6136,0.12808905845000007
2.6146,0.12305115415000012
2.6147,0.12172387580000033
2.6148,0.12038628145000008
2.6164,0.1160717012500001
2.6165,0.11284287355
2.6167,0.11044113084999996
2.618,0.10520725669999997
2.6197,0.10173537379999997
2.6215,0.09860097874999996
2.6236,0.09411278284999991
2.6238,0.08921330780000014
2.624,0.08465461460000023
2.6244,0.07991690100000026
2.6257,0.07601609415000032
2.6269,0.07176854395000021
2.6271,0.06852851035000018
2.6273,0.06466122550000009
2.628,0.060143593400000306
2.6282,0.057843522400000236
2.6292,0.05514405429999991
2.6293,0.053370980950000035
2.6299,0.05044913655000016
2.6306,0.04725968270000003
2.6309,0.04510174214999996
2.6318,0.04274094704999998
2.6322,0.04071715985000024
2.6323,0.040075924900000004
2.6326,0.03778536310000025
2.6329,0.035075243900000164
2.6337,0.03337563450000003
2.6344,0.031368524949999976
2.6349,0.0305679803500003
2.6352,0.029302171150000333
2.6375,0.027836007499999926
2.6376,0.02639278685000024
2.6387,0.02468967200000005
2.6406,0.021788705000000075
2.6415,0.020535488300000182
2.6429,0.018371164199999956
2.643,0.015958429249999906
2.6433,0.013651944950000328
2.6434,0.011484712000000119
2.6436,0.009586177200000101
2.6444,0.00801215955000023
2.645,0.005970120350000219
2.647,0.004434420449999976
2.6479,0.0025038777500001608
2.6484,0.001299403800000043
2.6494,0.000269348500000266
2.6504,-0.000728903599999775
2.6511,-0.0015366674499999178
2.6514,-0.0026690121499997055
2.6516,-0.0038097559999998865
2.6523,-0.005295548949999951
2.6528,-0.0067852660000000675
2.6532,-0.008056818750000083
2.6537,-0.008192875299999791
2.6541,-0.009115489000000032
2.6544,-0.009887648499999901
2.6545,-0.010126938149999987
2.6547,-0.010113167199999662
2.655,-0.010761941049999724
2.6557,-0.012032604149999848
2.6559,-0.012225834699999716
2.6566,-0.012194199200000089
2.6567,-0.012686989849999719
2.6578,-0.012345846799999727
2.6587,-0.013471578949999952
2.6593,-0.014591685649999686
2.6606,-0.015842665749999707
2.6626,-0.017254225449999883
2.663,-0.01902379459999981
2.6634,-0.019543308849999885
2.6642,-0.01958259189999989
2.6652,-0.020217184599999882
2.6663,-0.021159240149999814
2.6664,-0.022222095899999683
2.6668,-0.022317086349999737
2.6672,-0.023309340349999985
2.6677,-0.024522648200000052
2.6682,-0.025939195999999942
2.6684,-0.026547243900000073
2.6693,-0.026397821249999787
2.6698,-0.02688946879999987
2.6702,-0.026897314099999736
2.6705,-0.027929163799999657
2.6711,-0.028726563399999794
2.6714,-0.02865315139999991
2.6721,-0.027504169699999803
2.6732,-0.027512096949999787
2.6734,-0.02740461659999971
2.6736,-0.027199913650000074
2.6743,-0.026975213250000074
2.6746,-0.027307273449999947
2.6748,-0.02743693874999975
2.675,-0.026869025699999938
2.6753,-0.0263599607499998
2.6757,-0.02625010509999992
2.6759,-0.026285242299999734
2.6763,-0.025872837349999678
2.6768,-0.02504936624999976
2.6771,-0.025089278099999834
2.6777,-0.026200053149999736
2.6808,-0.027496426449999944
2.6813,-0.027603740200000004
2.6818,-0.02758906044999998
2.6819,-0.026549176449999656
2.6821,-0.025689768749999953
2.6825,-0.02764599259999967
2.6827,-0.028560191850000027
2.6828,-0.029073082949999662
2.683,-0.028903118499999714
2.6832,-0.02967749754999982
2.6834,-0.030271662599999694
2.6835,-0.030543601349999783
2.6847,-0.031141046049999677
2.6855,-0.03219688674999999
2.6868,-0.03395503979999992
2.6874,-0.03468036775000005
2.6881,-0.03546503784999988
2.6895,-0.036298581699999666
2.69,-0.03696721855000007
2.6902,-0.036146855549999746
2.6912,-0.0348458922499999
2.6923,-0.03528859615000002
2.6924,-0.03478181950000003
2.6932,-0.035789624850000035
2.6935,-0.03738628654999987
2.6938,-0.03669085069999989
2.694,-0.0362307637999999
2.6942,-0.03548104594999968
2.6949,-0.03617656210000009
2.6955,-0.03529938839999991
2.6957,-0.034615898599999806
2.6961,-0.03386868974999979
2.6963,-0.033829948049999725
2.6966,-0.03389741579999983
2.6979,-0.03373561844999973
2.6989,-0.03288387464999998
2.7007,-0.032236170700000066
2.7008,-0.03287906595000001
2.7009,-0.033008282499999986
2.7012,-0.03360658315000009
2.7027,-0.033422667650000015
2.703,-0.033460896949999874
2.7039,-0.03392482734999991
2.7048,-0.03407087984999979
2.7049,-0.033484815050000005
2.7051,-0.03255696419999987
2.7075,-0.03246369274999994
2.7077,-0.03276253509999982
2.708,-0.03304269499999979
2.7081,-0.03289984109999988
2.7091,-0.03342843844999965
2.7093,-0.03391509860000008
2.7097,-0.0336956009999998
2.7098,-0.03296523820000008
2.71,-0.03233141169999998
2.7111,-0.03283701839999997
2.7119,-0.03248234449999998
2.7125,-0.03167034429999971
2.7133,-0.030709427949999757
2.7137,-0.029728058199999907
2.7145,-0.03030895254999999
2.7169,-0.029322859349999675
2.7175,-0.03015847944999983
2.7176,-0.029395623049999653
2.7185,-0.029674635849999742
2.7187,-0.030553055549999986
2.7191,-0.030445539300000046
2.7192,-0.031194372299999884
2.7193,-0.03159833444999993
2.7206,-0.031744639349999826
2.7207,-0.03161287590000006
2.7208,-0.03137578504999983
2.7212,-0.03090562739999969
2.7213,-0.03175772170000002
2.7229,-0.03195669489999986
2.7239,-0.031145376550000048
2.724,-0.03130870064999991
2.7247,-0.03179946389999966
2.7252,-0.03273863069999994
2.7277,-0.032455366999999846
2.7281,-0.032238468749999694
2.7283,-0.0332417573499999
2.7286,-0.03307290254999984
2.7301,-0.03359532544999988
2.7305,-0.033680148399999776
2.7306,-0.03350323659999965
2.7311,-0.03356139109999967
2.7313,-0.03190686119999997
2.7317,-0.031077519849999735
2.7325,-0.03097004935000003
2.7328,-0.031059947999999782
2.7333,-0.031607449050000014
2.7334,-0.03189610864999981
2.7337,-0.030497554399999682
2.7345,-0.029111409950000056
2.7347,-0.029457157850000026
2.7353,-0.028964929599999856
2.736,-0.0276991139499998
2.7362,-0.026843424199999966
2.7364,-0.028220255199999933
2.737,-0.02861047119999993
2.7375,-0.029131601700000065
2.7376,-0.028149397950000044
2.7379,-0.027126079099999867
2.739,-0.026393803199999955
2.7395,-0.02627944514999969
2.7396,-0.026092040149999995
2.7399,-0.026514221899999857
2.7405,-0.02681097614999972
2.7409,-0.027238085000000023
2.7418,-0.027590556249999842
2.7433,-0.02666273564999999
2.7445,-0.027707016549999963
2.7465,-0.02817801055000002
2.7468,-0.027988198899999706
2.7474,-0.027418190949999754
2.7489,-0.027395546699999773
2.7495,-0.028015512899999706
2.7503,-0.029027331049999994
2.7513,-0.028918125599999733
2.7515,-0.029130079299999778
2.7524,-0.027821604249999687
2.754,-0.02887944109999996
2.7552,-0.03020876795000005
2.7557,-0.03066186549999994
2.7559,-0.030087529449999817
2.7567,-0.030313323399999703
2.7569,-0.031334860999999936
2.7584,-0.03087039944999992
2.7587,-0.030299070999999955
2.7592,-0.029057099899999717
2.7593,-0.02883581799999968
2.7598,-0.027819443549999878
2.7599,-0.028088738549999714
2.7604,-0.02900048309999992
2.7608,-0.028842718249999955
2.7609,-0.02934300564999992
2.7611,-0.02959005740000009
2.7618,-0.028291195650000045
2.7632,-0.02743036039999991
2.7634,-0.02736512229999999
2.7637,-0.02768071669999994
2.7643,-0.02732573359999968
2.7644,-0.02745771219999993
2.7652,-0.026724649049999716
2.7654,-0.027025175199999918
2.7681,-0.02701837724999967
2.7685,-0.025874930399999663
2.7687,-0.025048664999999914
2.7688,-0.025432556249999738
2.7689,-0.02562520459999984
2.769,-0.02576739349999979
2.7694,-0.02606421949999982
2.7695,-0.025168804349999796
2.77,-0.025184276300000086
2.7701,-0.025331182049999956
2.7702,-0.025029030599999835
2.7703,-0.02493717974999976
2.7708,-0.024751173899999923
2.7714,-0.024992567349999995
2.7715,-0.024969761149999936
2.7716,-0.02494454254999967
2.772,-0.02388440774999978
2.7722,-0.023095849099999732
2.7729,-0.02314302984999994
2.7755,-0.023281970149999776
2.7784,-0.02289370419999992
2.7801,-0.0241246561499997
2.7814,-0.023714022250000077
2.7828,-0.024006639950000075
2.7836,-0.023869220599999963
2.7842,-0.024076363149999835
2.7845,-0.02407790374999985
2.7852,-0.024441457400000033
2.7856,-0.02489644379999989
2.7859,-0.02522334990000008
2.788,-0.02535208074999984
2.7881,-0.025476136049999987
2.7882,-0.026242263599999927
2.7884,-0.026181494749999867
2.7896,-0.02606125859999997
2.7897,-0.026177947199999885
2.79,-0.026196762749999714
2.7902,-0.026679721499999864
2.7917,-0.02679910725000001
2.7924,-0.027033519199999745
2.7937,-0.0274423560999999
2.7941,-0.02621807744999982
2.7959,-0.027272386799999992
2.7961,-0.027069925249999738
2.7962,-0.027743343300000056
2.7964,-0.027432378449999906
2.7966,-0.0269486944499997
2.7973,-0.02656055579999972
2.7975,-0.026193041049999977
2.8007,-0.02654803349999968
2.801,-0.02644894479999982
2.8012,-0.025738387499999682
2.8015,-0.02551266849999978
2.8025,-0.024683339599999687
2.8032,-0.024479090599999864
2.8034,-0.02360285934999995
2.8037,-0.024510435449999868
2.8038,-0.023678297400000048
2.8044,-0.023705386500000092
2.8048,-0.02324817474999996
2.8051,-0.022454875949999842
2.806,-0.02267882745000005
2.8062,-0.02253196519999978
2.8071,-0.02247923854999989
2.8083,-0.022229635049999974
2.8084,-0.02253313939999968
2.809,-0.02237407824999993
2.8093,-0.023205613050000018
2.8094,-0.022074115049999676
2.8105,-0.021917678599999935
2.8107,-0.02219417059999973
2.8111,-0.02323908004999975
2.8115,-0.02312016739999967
2.812,-0.0248253706499999
2.813,-0.024085412449999843
2.8135,-0.024658144150000005
2.816,-0.024212911199999798
2.8165,-0.0242434789999999
2.8171,-0.02389419429999995
2.8177,-0.02383939789999978
2.818,-0.024192615650000082
2.8209,-0.024364818700000068
2.8236,-0.02349743024999995
2.8239,-0.023027821599999942
2.8244,-0.0227805633
2.8245,-0.022264902649999918
2.8246,-0.022402771599999927
2.8248,-0.021636752250000058
2.8251,-0.022354012349999675
2.8265,-0.021623688799999652
2.8268,-0.021446680199999957
2.8282,-0.021195287799999907
2.8284,-0.02027804369999986
2.8303,-0.01949767825000004
2.8304,-0.020185923649999715
2.8308,-0.020204151699999784
2.8309,-0.019427837599999886
2.8311,-0.02042151059999986
2.8327,-0.02086678544999998
2.8328,-0.0207971591499998
2.833,-0.02021398079999992
2.8344,-0.020040540299999687
2.8356,-0.020469563899999876
2.8363,-0.020872797100000007
2.8364,-0.02056325974999984
2.8367,-0.0207973011
2.8385,-0.02054241414999991
2.8402,-0.020630093949999928
2.8403,-0.020276951699999657
2.8407,-0.0205085143999999
2.8409,-0.020414295499999735
2.842,-0.02022018645000001
2.8421,-0.020519890149999664
2.8432,-0.020438471249999868
2.8434,-0.020586894650000076
2.8436,-0.02090205980000004
2.8437,-0.020853985650000073
2.8441,-0.019967042649999822
2.8442,-0.019917212199999756
2.8445,-0.020387867349999755
2.8446,-0.021140320699999826
2.8462,-0.021351392499999733
2.8466,-0.02049618434999978
2.847,-0.020089866599999784
2.8472,-0.019919015849999777
2.8473,-0.019771262149999913
2.8481,-0.01963834895000005
2.8486,-0.01972141220000001
2.8516,-0.02081824064999971
2.8519,-0.021045618949999678
2.8538,-0.02065603629999968
2.8548,-0.01988839905000006
2.8556,-0.019860760049999815
2.8559,-0.019271690999999702
2.8566,-0.018281173749999713
2.8568,-0.018127992099999712
2.8584,-0.018154400049999797
2.8585,-0.018330212499999998
2.8587,-0.018286179299999983
2.8591,-0.017854065999999946
2.8593,-0.017067779000000005
2.86,-0.016986374800000092
2.8602,-0.01755761705000003
2.8605,-0.01659206865000007
2.861,-0.017026731799999695
2.8611,-0.016406245849999834
2.8619,-0.01662201715
2.8626,-0.01676293289999986
2.863,-0.01468446219999997
2.8637,-0.014034388949999865
2.864,-0.01452941654999984
2.8643,-0.014498112350000092
2.8646,-0.014633580249999945
2.8649,-0.014315712599999753
2.8656,-0.014344076900000058
2.8658,-0.013624048499999653
2.8659,-0.014401556449999742
2.8668,-0.013840922249999998
2.8673,-0.013303479749999791
2.8676,-0.012821205149999848
2.8677,-0.01320238964999998
2.8683,-0.01245726714999984
2.8685,-0.012806064299999864
2.8687,-0.013629882450000075
2.8738,-0.014195539149999714
2.874,-0.014661084949999736
2.8747,-0.015362183099999704
2.8755,-0.014204186149999742
2.8758,-0.015624817299999982
2.8762,-0.015906085799999747
2.877,-0.015425445500000023
2.8771,-0.015321028149999805
2.8772,-0.015145241399999954
2.878,-0.015095375050000026
2.8786,-0.015484819449999687
2.8787,-0.015971653199999825
2.8791,-0.015837436400000016
2.8798,-0.015737433349999996
2.8804,-0.015700408899999907
2.8805,-0.016115081799999764
2.8816,-0.015910469999999677
2.8817,-0.01660290739999981
2.8822,-0.01617381970000009
2.8824,-0.01600563684999967
2.8829,-0.01504442114999982
2.8831,-0.015309924949999942
2.8836,-0.014601156849999963
2.8841,-0.015172335199999942
2.8845,-0.01486937694999968
2.8848,-0.015246805149999876
2.8849,-0.015867254749999837
2.8853,-0.014871169449999666
2.8868,-0.014715905149999653
2.8871,-0.014176035399999787
2.8875,-0.013657956349999889
2.8881,-0.013750760749999813
2.8882,-0.013444490699999978
2.8883,-0.013709225449999973
2.8886,-0.014147989849999654
2.8899,-0.013512763699999653
2.89,-0.013412851650000057
2.8901,-0.013086747200000026
2.8911,-0.013358014849999655
2.8914,-0.01291644294999994
2.8922,-0.012877201349999812
2.8928,-0.012480588199999865
2.8931,-0.012465118049999724
2.8944,-0.01240570169999966
2.8948,-0.013026481849999882
2.8978,-0.012694315599999673
2.8993,-0.011890729699999714
2.8994,-0.013189912699999695
2.8999,-0.01317687054999972
2.9,-0.014027765049999807
2.901,-0.014194458550000011
2.9013,-0.013320499849999834
2.9015,-0.012300453249999954
2.9017,-0.011444659949999991
2.9018,-0.010735436649999652
2.9026,-0.011063813249999832
2.9028,-0.011560785949999985
2.9032,-0.011725057000000039
2.9049,-0.012064718149999987
2.9052,-0.012482100049999723
2.9053,-0.01211097849999998
2.9055,-0.011728424299999762
2.9058,-0.011734907549999729
2.9061,-0.012199857699999761
2.9064,-0.011426780399999892
2.9065,-0.012314301149999984
2.907,-0.01213078699999981
2.9075,-0.011665089699999687
2.9077,-0.011475283049999785
2.9078,-0.011334491199999963
2.9086,-0.010301458299999844
2.909,-0.00987353064999974
2.9092,-0.01075479055000006
2.9095,-0.012559876199999653
2.9102,-0.01294483859999973
2.9105,-0.012805388499999903
2.9113,-0.012473484400000068
2.9116,-0.012124329899999786
2.9123,-0.011835191949999935
2.9147,-0.01243860409999975
2.9167,-0.013189532799999792
2.9172,-0.01301245119999983
2.9181,-0.012758652749999655
2.9182,-0.012925086000000086
2.9183,-0.012666057649999729
2.9188,-0.012125306699999783
2.9189,-0.01244399354999981
2.9192,-0.012644904699999682
2.9199,-0.01348314724999966
2.9201,-0.013541066349999742
2.9208,-0.013932185949999898
2.9221,-0.014908153149999936
2.9225,-0.014866738449999861
2.9227,-0.013555892649999901
2.9228,-0.013695292349999999
2.9233,-0.01371481019999976
2.9237,-0.013147637149999891
2.9249,-0.013293702649999961
2.9251,-0.012907353599999727
2.9255,-0.01220005319999995
2.926,-0.011925643999999735
2.9261,-0.012396574499999868
2.9265,-0.012505412149999895
2.9266,-0.012523989049999962
2.927,-0.012727089899999822
2.9275,-0.011944790449999854
2.9293,-0.011253811650000056
2.9295,-0.010878006400000029
2.9306,-0.010087404000000078
2.9309,-0.010434964299999905
2.9315,-0.010666050499999802
2.9326,-0.010283696849999746
2.933,-0.009910105899999966
2.9333,-0.010173460299999881
2.9334,-0.010002170149999934
2.9343,-0.009656049399999755
2.9351,-0.00944249414999998
2.9357,-0.008866283699999755
2.9365,-0.008074534549999957
2.9382,-0.007641363599999895
2.9384,-0.006877585649999851
2.9385,-0.006518147249999995
2.9389,-0.005909760299999789
2.9391,-0.005216779199999966
2.9392,-0.0045586169999998205
2.9398,-0.0035255337999999803
2.9405,-0.004034731049999962
2.9419,-0.00361173689999994
2.9421,-0.00423926210000003
2.9439,-0.003652380499999719
2.9444,-0.004013019949999919
2.9446,-0.004379977499999743
2.9468,-0.004246031499999692
2.9472,-0.002933329899999837
2.9499,-0.001817753599999694
2.9505,-0.0021449942000000277
2.9518,-0.0024302610999997754
2.9521,-0.002538991149999781
2.9522,-0.003030429449999872
2.9533,-0.002775002549999961
2.9534,-0.003757356299999959
2.9537,-0.004221200499999966
2.9538,-0.004784012200000021
2.9539,-0.004472111299999693
2.9542,-0.004809584849999826
2.9543,-0.006402206949999822
2.9548,-0.006292314950000044
2.9549,-0.006812765799999898
2.9552,-0.00592056190000001
2.9553,-0.006021572349999893
2.9555,-0.005598984849999766
2.956,-0.005942953299999942
2.9564,-0.006141647249999771
2.9569,-0.006833544899999655
2.9571,-0.007685546749999883
2.9577,-0.007610006249999746
2.958,-0.00770102124999994
2.9585,-0.007011974999999726
2.9586,-0.007271680499999711
2.9603,-0.007232484649999815
2.9604,-0.006892327050000091
2.961,-0.007391862400000004
2.963,-0.007099488649999763
2.9631,-0.007582531099999734
2.9651,-0.007410363700000033
2.9688,-0.007538414299999907
2.9693,-0.007428887749999724
2.9699,-0.007779413049999739
2.9707,-0.008098971149999912
2.9708,-0.008129602549999948
2.9714,-0.008088808549999715
2.9719,-0.0067948938999999875
2.9739,-0.005802593749999918
2.9744,-0.005822941149999927
2.9745,-0.005139869449999779
2.9746,-0.005280795000000005
2.9747,-0.004471834649999895
2.9748,-0.004647442850000072
2.9749,-0.003715367249999879
2.9755,-0.003818342499999794
2.976,-0.0034478137499998063
2.9761,-0.002545035499999848
2.9765,-0.0025603167499999024
2.9766,-0.002123071899999829
2.9768,-0.002736210099999692
2.977,-0.0024575264999997515
2.9774,-0.002754308699999708
2.9777,-0.0017191015999999948
2.978,-0.0010547740499999847
2.9782,-0.0014707594000000768
2.9783,-0.0021693648999998594
2.9785,-0.002227944950000005
2.9794,-0.002881818199999664
2.981,-0.0024513857499997016
2.9815,-0.0025538766499999532
2.982,-0.0011132761499998978
2.9822,-0.0006419510499999781
2.9827,-0.0008758681000000657
2.9833,-0.0016331193499996566
2.9839,-0.002073606299999753
2.9846,-0.0025392546499998225
2.986,-0.002312455799999835
2.9865,-0.0023251732500000344
2.9882,-0.0022952196999996843
2.9884,-0.0019215854499998741
2.9885,-0.0013566055999998383
2.989,-0.0010314391499997022
2.9897,-0.0011990298999999816
2.9899,-0.0016785321499996897
2.9915,-0.0005449772499996897
2.9917,-5.2999649999829757e-05
2.9926,0.0001339770999999601
2.9941,0.000384534200000175
2.9953,0.0007540969000001674
2.9954,0.0004650275500002188
2.996,-0.0004878544999997736
2.9967,-0.0008327553999998294
2.9971,-0.0008924750999996789
2.9976,-0.0008857753500000065
2.9977,-0.001354769449999793
2.9989,-0.0006257239499998235
2.9995,0.0
