# T (K), dc/c (x 1e-5)
1.699899999999999967e+00,2.738280272746376753e-01
1.699699999999999989e+00,1.763599792105850772e-01
1.699000000000000066e+00,2.319879187652126862e-01
1.698700000000000099e+00,2.292772863402708916e-01
1.698399999999999910e+00,2.397527797718193576e-01
1.698099999999999943e+00,1.855658140866717210e-01
1.697400000000000020e+00,1.788509368610621819e-01
1.697100000000000053e+00,1.855205205288784631e-01
1.696499999999999897e+00,2.126404793530156656e-01
1.696099999999999941e+00,1.999002175583422525e-01
1.695799999999999974e+00,1.664316628761583483e-01
1.695400000000000018e+00,1.839671643859459860e-01
1.694700000000000095e+00,2.128042224591557285e-01
1.694399999999999906e+00,1.939929521925856659e-01
1.693599999999999994e+00,1.296581918269236466e-01
1.693200000000000038e+00,2.014178998217992789e-01
1.692900000000000071e+00,9.507833692414327520e-02
1.692199999999999926e+00,1.527056209593702363e-01
1.691899999999999959e+00,5.305910560741977644e-03
1.691300000000000026e+00,9.268997513177737457e-02
1.690900000000000070e+00,7.839840048574908682e-02
1.690600000000000103e+00,1.809364156774365129e-02
1.689999999999999947e+00,1.967705069751135571e-02
1.689699999999999980e+00,-4.142281601390157553e-02
1.689000000000000057e+00,6.092111666010716076e-02
1.688700000000000090e+00,3.874666183439207101e-02
1.688399999999999901e+00,1.521500561578285893e-01
1.687999999999999945e+00,1.617818678787720510e-01
1.687300000000000022e+00,1.843890774410467115e-01
1.686500000000000110e+00,1.967689393836576095e-01
1.686199999999999921e+00,1.832734705446877055e-01
1.685899999999999954e+00,7.059769984848682234e-02
1.685200000000000031e+00,-3.614802341475251146e-02
1.684900000000000064e+00,-1.005259160856940281e-01
1.684199999999999919e+00,-4.098953081798500930e-02
1.683899999999999952e+00,7.323928368297219493e-02
1.683200000000000029e+00,1.695839403894824904e-02
1.682900000000000063e+00,1.584389633145846799e-02
1.682500000000000107e+00,2.917004438838036173e-02
1.681799999999999962e+00,2.198369779046055461e-02
1.681200000000000028e+00,-7.625361166186186979e-02
1.680800000000000072e+00,-1.209718322739243568e-01
1.680299999999999905e+00,-8.386329823188709565e-02
1.679899999999999949e+00,-1.623367103871682648e-01
1.679599999999999982e+00,-1.672123169287574596e-01
1.679000000000000048e+00,-3.735413365239109718e-02
1.678600000000000092e+00,-4.870110517805545380e-02
1.677799999999999958e+00,-1.390891949698547236e-01
1.677400000000000002e+00,-2.314733448458006215e-02
1.677100000000000035e+00,1.799537938749345978e-02
1.676800000000000068e+00,-1.036997336854861285e-01
1.676099999999999923e+00,-1.528337844182957317e-01
1.675799999999999956e+00,-1.457075808052391008e-01
1.675499999999999989e+00,-1.090216657050405158e-01
1.674900000000000055e+00,-8.003253996009471183e-02
1.674299999999999899e+00,-1.254644160417726917e-01
1.673999999999999932e+00,-1.555706891521319024e-01
1.673300000000000010e+00,-1.781413647426385860e-01
1.673000000000000043e+00,-2.215449032240933425e-01
1.672600000000000087e+00,-1.457991070863244587e-01
1.671899999999999942e+00,-1.563653748880983185e-01
1.671599999999999975e+00,-1.583152435946123815e-01
1.671000000000000041e+00,2.781010891329815937e-02
1.670700000000000074e+00,-1.421394287982186144e-02
1.670299999999999896e+00,-6.550918323485963035e-02
1.669599999999999973e+00,-8.782549336195169531e-02
1.669300000000000006e+00,-8.352849733272993404e-02
1.668900000000000050e+00,1.706328209456764444e-02
1.668199999999999905e+00,-2.624538614076632470e-02
1.667799999999999949e+00,-8.207056283486210968e-02
1.667200000000000015e+00,-6.563329529689354569e-02
1.666900000000000048e+00,-5.997586080006347964e-02
1.666600000000000081e+00,-1.278725307380518261e-01
1.665899999999999936e+00,-7.290059464678047552e-02
1.665499999999999980e+00,-1.235063625832505396e-01
1.664800000000000058e+00,-3.124572346972949166e-01
1.664400000000000102e+00,-3.031025593908630578e-01
1.664099999999999913e+00,-1.369421016772856547e-01
1.663499999999999979e+00,-7.135595812557404827e-02
1.663200000000000012e+00,-1.725591208876289806e-01
1.662800000000000056e+00,-1.592413477176021774e-01
1.662500000000000089e+00,-1.181651777629535993e-01
1.661499999999999977e+00,-6.672820443091170839e-02
1.661299999999999999e+00,-1.716076430294082023e-01
1.660500000000000087e+00,-1.042465010124733749e-01
1.660199999999999898e+00,-1.263753284605310945e-01
1.659499999999999975e+00,-1.854110804725556116e-01
1.659200000000000008e+00,-9.692124803926255305e-02
1.658800000000000052e+00,-2.578841743860853519e-01
1.658199999999999896e+00,-4.013036802220752985e-01
1.657499999999999973e+00,-3.865389693027444507e-01
1.657100000000000017e+00,-3.869710326688188817e-01
1.656800000000000050e+00,-2.119073360984900789e-01
1.656500000000000083e+00,-3.376088716764216735e-01
1.655899999999999928e+00,-2.698288520555300329e-01
1.655499999999999972e+00,-2.932678185186589070e-01
1.655200000000000005e+00,-3.111322284828250684e-01
1.654199999999999893e+00,-3.053441902605910641e-01
1.653899999999999926e+00,-3.005870780022241728e-01
1.653499999999999970e+00,-3.432910178270687229e-01
1.652900000000000036e+00,-4.060535917558769081e-01
1.652600000000000069e+00,-4.121908497524764958e-01
1.651999999999999913e+00,-3.332486829023262320e-01
1.651599999999999957e+00,-2.882308369265076942e-01
1.651299999999999990e+00,-2.537557611605699703e-01
1.650600000000000067e+00,-3.281962448215686168e-01
1.650400000000000089e+00,-4.362505317989651132e-01
1.649699999999999944e+00,-4.629357195523944868e-01
1.649399999999999977e+00,-3.838786218820882112e-01
1.648800000000000043e+00,-2.792829967249166323e-01
1.648600000000000065e+00,-3.222575087502566049e-01
1.648300000000000098e+00,-4.379387403495235698e-01
1.647599999999999953e+00,-4.702303541942974840e-01
1.647000000000000020e+00,-4.620513840502583625e-01
1.646700000000000053e+00,-3.471014215147838478e-01
1.646300000000000097e+00,-3.327577295210784603e-01
1.645599999999999952e+00,-4.182882631713520372e-01
1.645299999999999985e+00,-4.055759207392470311e-01
1.644900000000000029e+00,-4.249861336391540512e-01
1.644099999999999895e+00,-2.891304625172834708e-01
1.643799999999999928e+00,-3.381236282094801648e-01
1.643100000000000005e+00,-4.239168846806827817e-01
1.642800000000000038e+00,-4.313774288920019240e-01
1.642200000000000104e+00,-5.158501651200513294e-01
1.641899999999999915e+00,-5.412810573193413965e-01
1.641599999999999948e+00,-6.037395119339560301e-01
1.641000000000000014e+00,-4.379633999459370264e-01
1.640600000000000058e+00,-5.199633100707278244e-01
1.640200000000000102e+00,-5.422038128511351696e-01
1.639599999999999946e+00,-4.222098400945284435e-01
1.639199999999999990e+00,-4.450813748824861138e-01
1.639000000000000012e+00,-5.687184784859168341e-01
1.638700000000000045e+00,-6.235215073616302561e-01
1.637999999999999901e+00,-5.695743980058988187e-01
1.637299999999999978e+00,-5.758424133937845024e-01
1.636700000000000044e+00,-5.249038690322351819e-01
1.636300000000000088e+00,-5.273856708972075591e-01
1.635999999999999899e+00,-5.431713700017672952e-01
1.635699999999999932e+00,-6.743357595156638240e-01
1.635099999999999998e+00,-6.536167524938928386e-01
1.634900000000000020e+00,-6.744447818881303958e-01
1.634200000000000097e+00,-7.917171172635607546e-01
1.633899999999999908e+00,-6.425683569784117477e-01
1.633499999999999952e+00,-6.292485257264681664e-01
1.633199999999999985e+00,-5.411670437039522996e-01
1.632600000000000051e+00,-7.186424721607014288e-01
1.632200000000000095e+00,-7.314117867097611470e-01
1.631899999999999906e+00,-6.419576602780842078e-01
1.631299999999999972e+00,-8.145310170811110861e-01
1.631000000000000005e+00,-7.548070038225669354e-01
1.630400000000000071e+00,-8.226277449749006543e-01
1.629999999999999893e+00,-7.103401346615287881e-01
1.629699999999999926e+00,-7.821610565986527597e-01
1.629000000000000004e+00,-8.832513400247078428e-01
1.628600000000000048e+00,-7.847707467393758574e-01
1.628300000000000081e+00,-7.766254677550078478e-01
1.627699999999999925e+00,-6.980276864519339153e-01
1.627399999999999958e+00,-6.749250236260002644e-01
1.627099999999999991e+00,-7.040698377793787044e-01
1.626200000000000090e+00,-8.999202024938430799e-01
1.625399999999999956e+00,-8.871933138474181746e-01
1.625099999999999989e+00,-8.544399112314464695e-01
1.624800000000000022e+00,-7.548111351522203138e-01
1.624100000000000099e+00,-7.997209761900596625e-01
1.623699999999999921e+00,-6.936844376114956745e-01
1.623399999999999954e+00,-7.631049989509191001e-01
1.623099999999999987e+00,-6.766114323296552602e-01
1.622500000000000053e+00,-7.691192359313148152e-01
1.622200000000000086e+00,-7.721370865837635655e-01
1.621899999999999897e+00,-8.042187976773674807e-01
1.621199999999999974e+00,-8.050663147691171639e-01
1.620900000000000007e+00,-7.893718628125891978e-01
1.620600000000000041e+00,-8.664038080507738826e-01
1.620000000000000107e+00,-7.322920007744176951e-01
1.619699999999999918e+00,-7.812410653857543297e-01
1.619399999999999951e+00,-7.990274209849524967e-01
1.618900000000000006e+00,-7.498393371160178011e-01
1.618600000000000039e+00,-8.553171699247387183e-01
1.618200000000000083e+00,-9.332711407513544222e-01
1.617499999999999938e+00,-7.995781861224425802e-01
1.617199999999999971e+00,-9.006505654091285784e-01
1.616800000000000015e+00,-9.247866281100226571e-01
1.616100000000000092e+00,-9.295220487003964527e-01
1.615699999999999914e+00,-9.616684588826217572e-01
1.615399999999999947e+00,-1.054905889012140108e+00
1.614800000000000013e+00,-9.635521450681271416e-01
1.614500000000000046e+00,-1.088733922652296293e+00
1.614200000000000079e+00,-1.052741294225913782e+00
1.613699999999999912e+00,-9.164703913191497575e-01
1.613399999999999945e+00,-9.725708725161381629e-01
1.612999999999999989e+00,-8.941601373583032419e-01
1.612400000000000055e+00,-9.825329098205916045e-01
1.612100000000000088e+00,-9.664448984345735960e-01
1.611699999999999910e+00,-8.871866793006867313e-01
1.611099999999999977e+00,-9.111475531839614561e-01
1.610700000000000021e+00,-9.146044245764844982e-01
1.610100000000000087e+00,-1.077895034429406040e+00
1.609799999999999898e+00,-1.105418883074610337e+00
1.609399999999999942e+00,-1.171473492518788850e+00
1.608999999999999986e+00,-1.161557608132975039e+00
1.608400000000000052e+00,-1.076463406065718997e+00
1.608100000000000085e+00,-1.093318696392293843e+00
1.607799999999999896e+00,-9.880062364675361586e-01
1.607499999999999929e+00,-1.088396733336244315e+00
1.606999999999999984e+00,-1.165373015534105994e+00
1.606700000000000017e+00,-1.116659353122325449e+00
1.606500000000000039e+00,-1.105008389673013625e+00
1.605799999999999894e+00,-1.200874820615847272e+00
1.605499999999999927e+00,-1.191017050874293437e+00
1.605199999999999960e+00,-1.189384462119049468e+00
1.604500000000000037e+00,-1.147196417172150706e+00
1.604200000000000070e+00,-1.234553197845041694e+00
1.603799999999999892e+00,-1.227107597646936998e+00
1.603099999999999969e+00,-1.221651163861581235e+00
1.602800000000000002e+00,-1.231743938836203700e+00
1.602500000000000036e+00,-1.225069380782033202e+00
1.601900000000000102e+00,-1.220201217410742833e+00
1.601599999999999913e+00,-1.127692871837407296e+00
1.601199999999999957e+00,-1.216955273753306921e+00
1.600600000000000023e+00,-1.274426027011565266e+00
1.600200000000000067e+00,-1.247268705924491794e+00
1.599900000000000100e+00,-1.197879334562980347e+00
1.599199999999999955e+00,-1.195078835362819225e+00
1.598899999999999988e+00,-1.279889603082902338e+00
1.598400000000000043e+00,-1.343938810666970518e+00
1.598100000000000076e+00,-1.380737055091830312e+00
1.597800000000000109e+00,-1.498196320663062409e+00
1.597499999999999920e+00,-1.491122337150211585e+00
1.596999999999999975e+00,-1.442092648285594247e+00
1.596300000000000052e+00,-1.550750298230391788e+00
1.595900000000000096e+00,-1.355441352504649366e+00
1.595499999999999918e+00,-1.404683375959628222e+00
1.594899999999999984e+00,-1.474844807917291556e+00
1.594500000000000028e+00,-1.411720252594665714e+00
1.594300000000000050e+00,-1.262586188257967867e+00
1.593699999999999894e+00,-1.335635561277009220e+00
1.593399999999999928e+00,-1.474455122254820338e+00
1.593099999999999961e+00,-1.497592402046731719e+00
1.592500000000000027e+00,-1.482337799743865148e+00
1.592200000000000060e+00,-1.514073777403833532e+00
1.591900000000000093e+00,-1.543217559328395661e+00
1.591199999999999948e+00,-1.543154415435069815e+00
1.590899999999999981e+00,-1.554666572043880812e+00
1.590700000000000003e+00,-1.509547616477570298e+00
1.590000000000000080e+00,-1.459491911944259979e+00
1.589599999999999902e+00,-1.478515454593314127e+00
1.589299999999999935e+00,-1.562919599368620016e+00
1.588700000000000001e+00,-1.487261762469268334e+00
1.588300000000000045e+00,-1.505058026074392652e+00
1.587900000000000089e+00,-1.564907442695977924e+00
1.587299999999999933e+00,-1.665600518396814778e+00
1.586999999999999966e+00,-1.605562166650739808e+00
1.586300000000000043e+00,-1.573921148148756055e+00
1.585900000000000087e+00,-1.647089126568818784e+00
1.585599999999999898e+00,-1.771720795213423738e+00
1.585299999999999931e+00,-1.669460657138799320e+00
1.584600000000000009e+00,-1.758347053993063902e+00
1.584200000000000053e+00,-1.757356910568868447e+00
1.583900000000000086e+00,-1.750793259747314368e+00
1.583299999999999930e+00,-1.689004296984760511e+00
1.582999999999999963e+00,-1.846717233077149078e+00
1.582699999999999996e+00,-1.811862860181135515e+00
1.582100000000000062e+00,-1.752423697414743575e+00
1.581800000000000095e+00,-1.709214383833427497e+00
1.581399999999999917e+00,-1.845922865195345874e+00
1.580799999999999983e+00,-1.699658135736765274e+00
1.580400000000000027e+00,-1.776682383198766146e+00
1.580000000000000071e+00,-1.828410333442297198e+00
1.579399999999999915e+00,-1.773828935991341504e+00
1.579099999999999948e+00,-1.976342903429323394e+00
1.578799999999999981e+00,-1.902559221845980586e+00
1.578100000000000058e+00,-2.001940740500255611e+00
1.577800000000000091e+00,-1.901627466511374154e+00
1.577599999999999891e+00,-1.776707214066249652e+00
1.576899999999999968e+00,-1.796860448385027897e+00
1.576600000000000001e+00,-1.863405963706786572e+00
1.576000000000000068e+00,-1.908690738464981163e+00
1.575599999999999890e+00,-1.903263447751695647e+00
1.575299999999999923e+00,-1.981561324702809435e+00
1.574899999999999967e+00,-2.034203586668854147e+00
1.574200000000000044e+00,-2.016479565731567281e+00
1.573900000000000077e+00,-1.993571510175082384e+00
1.573499999999999899e+00,-2.097301491235659121e+00
1.572899999999999965e+00,-2.100087202466620173e+00
1.572500000000000009e+00,-2.227163716067657173e+00
1.572200000000000042e+00,-2.171192152897269967e+00
1.571600000000000108e+00,-2.134977059440896330e+00
1.571399999999999908e+00,-1.879594027853412452e+00
1.570999999999999952e+00,-1.991299612801207486e+00
1.570300000000000029e+00,-1.994795054232906928e+00
1.570000000000000062e+00,-2.035404200980989842e+00
1.569700000000000095e+00,-2.037429296755568497e+00
1.568999999999999950e+00,-2.111984786077637732e+00
1.568599999999999994e+00,-2.142601862574911920e+00
1.568300000000000027e+00,-2.307952290251866323e+00
1.567600000000000104e+00,-2.198712996280636212e+00
1.567199999999999926e+00,-2.373981374748004303e+00
1.566599999999999993e+00,-2.365359080600069053e+00
1.566200000000000037e+00,-2.343632283903235969e+00
1.565600000000000103e+00,-2.236823680142659754e+00
1.565299999999999914e+00,-2.197295000187782232e+00
1.564999999999999947e+00,-2.154800772316729951e+00
1.564400000000000013e+00,-2.241634280574118954e+00
1.564100000000000046e+00,-2.329735111849650320e+00
1.563800000000000079e+00,-2.322061821747028354e+00
1.563199999999999923e+00,-2.263525629946083750e+00
1.562899999999999956e+00,-2.261483024498453620e+00
1.562599999999999989e+00,-2.297307671169160237e+00
1.562000000000000055e+00,-2.383969366776244492e+00
1.561600000000000099e+00,-2.496515121203860765e+00
1.561299999999999910e+00,-2.447604813664294721e+00
1.560699999999999976e+00,-2.472204062801443225e+00
1.560000000000000053e+00,-2.366295940790796859e+00
1.559299999999999908e+00,-2.342600757224318375e+00
1.558999999999999941e+00,-2.465350141052542909e+00
1.558599999999999985e+00,-2.442636546694763933e+00
1.557900000000000063e+00,-2.491641103764818954e+00
1.557600000000000096e+00,-2.521312432384424707e+00
1.557299999999999907e+00,-2.583248035072788440e+00
1.556599999999999984e+00,-2.510417562951241965e+00
1.556400000000000006e+00,-2.525585075575497385e+00
1.556000000000000050e+00,-2.614479823881410425e+00
1.555500000000000105e+00,-2.753045181649524498e+00
1.554999999999999938e+00,-2.732285189821926696e+00
1.554699999999999971e+00,-2.703530739719267828e+00
1.554100000000000037e+00,-2.622191444043124431e+00
1.553700000000000081e+00,-2.683446455779576301e+00
1.552999999999999936e+00,-2.784305504581995105e+00
1.552699999999999969e+00,-2.853030168456678783e+00
1.552400000000000002e+00,-2.781292654232929262e+00
1.552100000000000035e+00,-2.839909242180731930e+00
1.551399999999999890e+00,-2.882948348930693072e+00
1.551099999999999923e+00,-3.033231338326562110e+00
1.550799999999999956e+00,-2.917103710225934510e+00
1.550100000000000033e+00,-2.928632826158360736e+00
1.549800000000000066e+00,-2.947312576648438043e+00
1.549500000000000099e+00,-2.837149720391965335e+00
1.548799999999999955e+00,-2.897425057618065125e+00
1.548399999999999999e+00,-2.898791355859104080e+00
1.548100000000000032e+00,-2.877710994069696770e+00
1.547400000000000109e+00,-2.962656410495333237e+00
1.547099999999999920e+00,-2.987724357233958461e+00
1.546699999999999964e+00,-3.046878721162191717e+00
1.546499999999999986e+00,-3.111545920133837573e+00
1.545900000000000052e+00,-3.016453469812784505e+00
1.545600000000000085e+00,-3.008642503724619832e+00
1.545299999999999896e+00,-3.111176382008563834e+00
1.544599999999999973e+00,-3.103675548611454893e+00
1.544300000000000006e+00,-3.188850653080676167e+00
1.544000000000000039e+00,-3.344932906588268029e+00
1.543299999999999894e+00,-3.242184481195425683e+00
1.542999999999999927e+00,-3.248031189882587100e+00
1.542799999999999949e+00,-3.245581801131214306e+00
1.542000000000000037e+00,-3.401307975284262319e+00
1.541299999999999892e+00,-3.250940429577221735e+00
1.540999999999999925e+00,-3.388971280039037914e+00
1.540200000000000014e+00,-3.127374182806692104e+00
1.539900000000000047e+00,-3.209263955403478974e+00
1.539700000000000069e+00,-3.235493751261361073e+00
1.539299999999999891e+00,-3.342615710782200544e+00
1.538699999999999957e+00,-3.423712029818233749e+00
1.538399999999999990e+00,-3.419464366183344595e+00
1.537600000000000078e+00,-3.407337735063849848e+00
1.537300000000000111e+00,-3.497026262022466359e+00
1.536999999999999922e+00,-3.350173239589741669e+00
1.536200000000000010e+00,-3.525014477646654765e+00
1.536000000000000032e+00,-3.522184363240286054e+00
1.535600000000000076e+00,-3.541358567132370183e+00
1.534999999999999920e+00,-3.574804942872711333e+00
1.534699999999999953e+00,-3.559546347428436786e+00
1.534299999999999997e+00,-3.705966553390130258e+00
1.533700000000000063e+00,-3.620518484458764341e+00
1.533400000000000096e+00,-3.741913448946938114e+00
1.533099999999999907e+00,-3.718197272002590203e+00
1.532399999999999984e+00,-3.830471426079489650e+00
1.532100000000000017e+00,-3.772816664134211351e+00
1.531800000000000050e+00,-3.796540660389296384e+00
1.531400000000000095e+00,-3.899330124743950687e+00
1.530799999999999939e+00,-3.909851914131370343e+00
1.530499999999999972e+00,-3.901622633505509086e+00
1.530200000000000005e+00,-3.948537409485287863e+00
1.529400000000000093e+00,-4.053122813091509791e+00
1.529099999999999904e+00,-4.055243266639588562e+00
1.528399999999999981e+00,-3.967407709965821372e+00
1.528100000000000014e+00,-3.958923431617369815e+00
1.527199999999999891e+00,-4.206718445575082121e+00
1.526899999999999924e+00,-4.106870586972986459e+00
1.526599999999999957e+00,-4.145080266696518301e+00
1.526200000000000001e+00,-4.166484304415039475e+00
1.525500000000000078e+00,-4.159170510139881927e+00
1.525199999999999889e+00,-4.155119303820339560e+00
1.524499999999999966e+00,-4.125249665779852748e+00
1.524299999999999988e+00,-4.114371014989678166e+00
1.523900000000000032e+00,-4.233989693301458246e+00
1.523400000000000087e+00,-4.252665444149858587e+00
1.523099999999999898e+00,-4.239958552852782780e+00
1.522699999999999942e+00,-4.296075835577388702e+00
1.522000000000000020e+00,-4.442994570971574575e+00
1.521600000000000064e+00,-4.322567684714346825e+00
1.521300000000000097e+00,-4.262377925873771289e+00
1.520699999999999941e+00,-4.440843758455291557e+00
1.520299999999999985e+00,-4.504603660940038168e+00
1.520000000000000018e+00,-4.427938180961727532e+00
1.519400000000000084e+00,-4.564868101020452151e+00
1.519099999999999895e+00,-4.803196154739511670e+00
1.518799999999999928e+00,-4.652499479460957765e+00
1.518199999999999994e+00,-4.779660328334007779e+00
1.517900000000000027e+00,-4.729719233325258898e+00
1.517300000000000093e+00,-4.726736019564254931e+00
1.516999999999999904e+00,-4.809699204187927180e+00
1.516599999999999948e+00,-4.892220921126709143e+00
1.515800000000000036e+00,-4.727668668228803384e+00
1.515500000000000069e+00,-4.753246501719432970e+00
1.514799999999999924e+00,-4.838789838168197299e+00
1.514100000000000001e+00,-4.833687115147339064e+00
1.513800000000000034e+00,-4.859591947645528265e+00
1.513500000000000068e+00,-4.938039927092699344e+00
1.512899999999999912e+00,-4.941111704087359335e+00
1.512599999999999945e+00,-4.998212667681189991e+00
1.512299999999999978e+00,-5.140442555810406766e+00
1.511700000000000044e+00,-5.172189605557112380e+00
1.511300000000000088e+00,-5.203488371039593829e+00
1.510899999999999910e+00,-5.256293953990413215e+00
1.510599999999999943e+00,-5.269756371218456081e+00
1.509900000000000020e+00,-5.273653241533171609e+00
1.509600000000000053e+00,-5.263447929060478536e+00
1.508599999999999941e+00,-5.399852514941741788e+00
1.508299999999999974e+00,-5.437491397063380916e+00
1.508099999999999996e+00,-5.545829122908379816e+00
1.507400000000000073e+00,-5.384389625781322408e+00
1.506999999999999895e+00,-5.550573771044304827e+00
1.506699999999999928e+00,-5.550752118505323018e+00
1.506099999999999994e+00,-5.595661711642764047e+00
1.505800000000000027e+00,-5.483872611530826724e+00
1.504999999999999893e+00,-5.704410471720020581e+00
1.504699999999999926e+00,-5.552898443237849868e+00
1.504399999999999959e+00,-5.606939032306266668e+00
1.503800000000000026e+00,-5.679685089536763876e+00
1.503500000000000059e+00,-5.825397027350766699e+00
1.502699999999999925e+00,-5.807039276480626455e+00
1.502399999999999958e+00,-6.053705542995863276e+00
1.502000000000000002e+00,-6.014424531121040474e+00
1.501300000000000079e+00,-5.897908531214950401e+00
1.500999999999999890e+00,-5.974201841111269395e+00
1.500699999999999923e+00,-5.905043519638733862e+00
1.500399999999999956e+00,-6.029183693406769962e+00
1.499900000000000011e+00,-6.037529641435019911e+00
1.499300000000000077e+00,-6.017956401397055899e+00
1.499100000000000099e+00,-6.033530775113957745e+00
1.498699999999999921e+00,-6.241290641748141077e+00
1.497999999999999998e+00,-6.180356402316848019e+00
1.497700000000000031e+00,-6.278174853351601747e+00
1.497000000000000108e+00,-6.267643892795496718e+00
1.496599999999999930e+00,-6.393344311075854769e+00
1.496299999999999963e+00,-6.454070218362816469e+00
1.495600000000000041e+00,-6.473441177820647319e+00
1.495300000000000074e+00,-6.378140047972723714e+00
1.495000000000000107e+00,-6.265646117619566802e+00
1.494299999999999962e+00,-6.376629582886470082e+00
1.493700000000000028e+00,-6.435971178885436572e+00
1.493400000000000061e+00,-6.629990671757051146e+00
1.493100000000000094e+00,-6.519356079507429236e+00
1.492499999999999938e+00,-6.710872655598092429e+00
1.492199999999999971e+00,-6.751065803933548715e+00
1.491400000000000059e+00,-6.820031848027603871e+00
1.491100000000000092e+00,-6.771668067705183702e+00
1.490699999999999914e+00,-6.840019541490098831e+00
1.490099999999999980e+00,-6.846029163313453125e+00
1.489800000000000013e+00,-6.914391805287918302e+00
1.489400000000000057e+00,-7.028284524916976750e+00
1.489100000000000090e+00,-7.034749523623668566e+00
1.488399999999999945e+00,-6.953851842530968774e+00
1.488099999999999978e+00,-6.985060913385336967e+00
1.487800000000000011e+00,-7.082554951565265711e+00
1.487100000000000088e+00,-7.235647590362291659e+00
1.486399999999999944e+00,-7.278269396977614214e+00
1.486099999999999977e+00,-7.367989437341137204e+00
1.485500000000000043e+00,-7.396146356178443959e+00
1.485200000000000076e+00,-7.482396215020142627e+00
1.484799999999999898e+00,-7.425073041012353769e+00
1.484299999999999953e+00,-7.482809043073135769e+00
1.483999999999999986e+00,-7.410790381135075044e+00
1.483700000000000019e+00,-7.592664769693214133e+00
1.483000000000000096e+00,-7.614879492249225557e+00
1.482699999999999907e+00,-7.683359844200525757e+00
1.481999999999999984e+00,-7.675522022348654438e+00
1.481700000000000017e+00,-7.812062299366977491e+00
1.481300000000000061e+00,-7.947425201608893985e+00
1.480599999999999916e+00,-7.864060228377628192e+00
1.480299999999999949e+00,-8.043812025328948678e+00
1.479999999999999982e+00,-8.025959969984800324e+00
1.479400000000000048e+00,-8.097801043487150352e+00
1.479000000000000092e+00,-8.121355280062397597e+00
1.478699999999999903e+00,-8.144378261143794262e+00
1.477999999999999980e+00,-8.102781674476730700e+00
1.477700000000000014e+00,-8.127814464366830194e+00
1.477400000000000047e+00,-8.212092285719233331e+00
1.476399999999999935e+00,-8.222691363463876968e+00
1.475999999999999979e+00,-8.323556415982050538e+00
1.475400000000000045e+00,-8.302923336498366780e+00
1.475100000000000078e+00,-8.359874896864909033e+00
1.474399999999999933e+00,-8.468493972420709781e+00
1.474099999999999966e+00,-8.381926216801792506e+00
1.473799999999999999e+00,-8.523335743831646383e+00
1.473200000000000065e+00,-8.730915901089801423e+00
1.472499999999999920e+00,-8.656755921936966303e+00
1.472099999999999964e+00,-8.733577493438231087e+00
1.471400000000000041e+00,-8.690723446453350931e+00
1.470599999999999907e+00,-8.997349250844388635e+00
1.470299999999999940e+00,-9.082908954143476876e+00
1.470099999999999962e+00,-9.130933052772533642e+00
1.469400000000000039e+00,-9.058552300243542632e+00
1.469100000000000072e+00,-8.998220721866037053e+00
1.468800000000000106e+00,-9.203671787454039688e+00
1.468199999999999950e+00,-9.133243783996432441e+00
1.467899999999999983e+00,-9.186250374569430832e+00
1.467300000000000049e+00,-9.218939565150842341e+00
1.467000000000000082e+00,-9.196034833740522885e+00
1.466599999999999904e+00,-9.290338053902658544e+00
1.465899999999999981e+00,-9.496543238847293011e+00
1.465600000000000014e+00,-9.520756728796566648e+00
1.464900000000000091e+00,-9.626046906051691110e+00
1.464499999999999913e+00,-9.510571188744552984e+00
1.464199999999999946e+00,-9.537289299190073066e+00
1.463600000000000012e+00,-9.643648950154009469e+00
1.462900000000000089e+00,-9.712481124708824964e+00
1.462599999999999900e+00,-9.791646515627371983e+00
1.461999999999999966e+00,-9.867278299438391187e+00
1.461600000000000010e+00,-9.939741554257016887e+00
1.461300000000000043e+00,-9.975334199781565658e+00
1.460700000000000109e+00,-1.002627599410443793e+01
1.460399999999999920e+00,-9.915883809189820042e+00
1.459799999999999986e+00,-1.017194131467270068e+01
1.459400000000000031e+00,-1.016602660817121695e+01
1.459100000000000064e+00,-1.018174555029796657e+01
1.458399999999999919e+00,-1.024060954346968089e+01
1.458099999999999952e+00,-1.020240783428947040e+01
1.457400000000000029e+00,-1.032651397841121899e+01
1.457100000000000062e+00,-1.030045599280035518e+01
1.456800000000000095e+00,-1.049326327624000577e+01
1.456199999999999939e+00,-1.050321716584415022e+01
1.455899999999999972e+00,-1.059101577910595893e+01
1.455500000000000016e+00,-1.062916127906547104e+01
1.454800000000000093e+00,-1.065443060356092708e+01
1.454499999999999904e+00,-1.075214441276185440e+01
1.454099999999999948e+00,-1.082660146441462246e+01
1.453500000000000014e+00,-1.087075399067568782e+01
1.453200000000000047e+00,-1.086257497350858614e+01
1.452800000000000091e+00,-1.098221401391622898e+01
1.452099999999999946e+00,-1.112803590108870466e+01
1.451799999999999979e+00,-1.112771799795094907e+01
1.451500000000000012e+00,-1.104938066080179304e+01
1.450399999999999912e+00,-1.108729223973656630e+01
1.450099999999999945e+00,-1.123052955518798868e+01
1.449699999999999989e+00,-1.127701725923482812e+01
1.449000000000000066e+00,-1.139354755842047418e+01
1.448700000000000099e+00,-1.137026086092214250e+01
1.447999999999999954e+00,-1.143833875590838112e+01
1.447699999999999987e+00,-1.139209811692517427e+01
1.447400000000000020e+00,-1.136110777597504651e+01
1.446700000000000097e+00,-1.152997490340207065e+01
1.446399999999999908e+00,-1.167060151466255569e+01
1.446099999999999941e+00,-1.165406658825652819e+01
1.445500000000000007e+00,-1.170287299426296990e+01
1.445200000000000040e+00,-1.178182555514814567e+01
1.444900000000000073e+00,-1.172904555488312184e+01
1.444299999999999917e+00,-1.178057156507698799e+01
1.443899999999999961e+00,-1.176988641306683370e+01
1.443599999999999994e+00,-1.179405517602108411e+01
1.442900000000000071e+00,-1.187201046025836426e+01
1.442499999999999893e+00,-1.199799321827633669e+01
1.442099999999999937e+00,-1.201049619153453385e+01
1.441500000000000004e+00,-1.206588309589839625e+01
1.441200000000000037e+00,-1.224956718699366576e+01
1.440900000000000070e+00,-1.229871891649430005e+01
1.440199999999999925e+00,-1.238734721013363682e+01
1.439899999999999958e+00,-1.237940772288639124e+01
1.439200000000000035e+00,-1.246527522083219353e+01
1.438900000000000068e+00,-1.244402729438254873e+01
1.438199999999999923e+00,-1.250647006492151192e+01
1.437999999999999945e+00,-1.253868158475352601e+01
1.437599999999999989e+00,-1.248857034217010309e+01
1.436900000000000066e+00,-1.272438840915230607e+01
1.436600000000000099e+00,-1.267390283554862052e+01
1.436199999999999921e+00,-1.263703187435955400e+01
1.435899999999999954e+00,-1.277087685589636834e+01
1.435200000000000031e+00,-1.297186166080328817e+01
1.434900000000000064e+00,-1.298223160377445140e+01
1.434299999999999908e+00,-1.294998557438377063e+01
1.433999999999999941e+00,-1.297828991952965083e+01
1.433400000000000007e+00,-1.311329995359461442e+01
1.433000000000000052e+00,-1.308592127755277623e+01
1.432700000000000085e+00,-1.311421618561342939e+01
1.432099999999999929e+00,-1.319079765109369085e+01
1.431799999999999962e+00,-1.320153198008855178e+01
1.431400000000000006e+00,-1.318165398976568348e+01
1.431000000000000050e+00,-1.330188648340788582e+01
1.430199999999999916e+00,-1.335152960062696970e+01
1.429899999999999949e+00,-1.340596646683981774e+01
1.429499999999999993e+00,-1.347998468726211918e+01
1.428900000000000059e+00,-1.364465010980616277e+01
1.428600000000000092e+00,-1.367543894287004491e+01
1.427899999999999947e+00,-1.376501677400887580e+01
1.427499999999999991e+00,-1.380347419739080905e+01
1.427200000000000024e+00,-1.378544085380763917e+01
1.426600000000000090e+00,-1.377472975893105200e+01
1.426199999999999912e+00,-1.382195118682146706e+01
1.425599999999999978e+00,-1.381096824349574703e+01
1.425200000000000022e+00,-1.387268525604896929e+01
1.424900000000000055e+00,-1.402440976796077621e+01
1.424299999999999899e+00,-1.411743345764073609e+01
1.423999999999999932e+00,-1.408872771179719230e+01
1.423699999999999966e+00,-1.418779170496726394e+01
1.423399999999999999e+00,-1.424815160739343156e+01
1.422700000000000076e+00,-1.416210869387033888e+01
1.421999999999999931e+00,-1.431613138431330690e+01
1.421799999999999953e+00,-1.425952388844986807e+01
1.421399999999999997e+00,-1.440534746422663481e+01
1.421100000000000030e+00,-1.444866071781012984e+01
1.420400000000000107e+00,-1.447161005824109203e+01
1.420099999999999918e+00,-1.439200209013852927e+01
1.419799999999999951e+00,-1.435052559345135315e+01
1.419000000000000039e+00,-1.446479432708480672e+01
1.418400000000000105e+00,-1.445256223780036819e+01
1.418099999999999916e+00,-1.456569999068683252e+01
1.417399999999999993e+00,-1.458953216605923053e+01
1.417200000000000015e+00,-1.460268778517960797e+01
1.416600000000000081e+00,-1.466289982866332586e+01
1.416199999999999903e+00,-1.477964183927774044e+01
1.415899999999999936e+00,-1.479141103530668211e+01
1.415200000000000014e+00,-1.476419204370074389e+01
1.414900000000000047e+00,-1.490472643432818778e+01
1.414500000000000091e+00,-1.484107881032717380e+01
1.413799999999999946e+00,-1.469844982957303792e+01
1.413499999999999979e+00,-1.484102980212967360e+01
1.413100000000000023e+00,-1.487072732574258893e+01
1.412500000000000089e+00,-1.498748460559773754e+01
1.412099999999999911e+00,-1.493602573993261018e+01
1.411499999999999977e+00,-1.508421337830974451e+01
1.411100000000000021e+00,-1.502457082567095981e+01
1.410600000000000076e+00,-1.499894266264187692e+01
1.410300000000000109e+00,-1.509954520215262264e+01
1.409499999999999975e+00,-1.528711041491404288e+01
1.409200000000000008e+00,-1.531819738609299009e+01
1.408900000000000041e+00,-1.532569311009620172e+01
1.408300000000000107e+00,-1.520828791766425070e+01
1.407999999999999918e+00,-1.537366679558510185e+01
1.407399999999999984e+00,-1.536546557083240394e+01
1.407100000000000017e+00,-1.554631445305192727e+01
1.406800000000000050e+00,-1.562768798227479827e+01
1.406099999999999905e+00,-1.546471834466935391e+01
1.405799999999999939e+00,-1.555488281739011214e+01
1.405499999999999972e+00,-1.567542743596802168e+01
1.405200000000000005e+00,-1.574742859694715236e+01
1.404500000000000082e+00,-1.573657838690655986e+01
1.404199999999999893e+00,-1.579131494183058315e+01
1.403599999999999959e+00,-1.589252859172940546e+01
1.403200000000000003e+00,-1.584740941650737689e+01
1.402800000000000047e+00,-1.588690622100789440e+01
1.402199999999999891e+00,-1.597882266079434643e+01
1.401899999999999924e+00,-1.600497827003600193e+01
1.401200000000000001e+00,-1.618467961419815282e+01
1.400900000000000034e+00,-1.608813925275060441e+01
1.400500000000000078e+00,-1.594396316332976760e+01
1.399499999999999966e+00,-1.603378022682136361e+01
1.399199999999999999e+00,-1.610227503328325582e+01
1.398500000000000076e+00,-1.619714033770603834e+01
1.398200000000000109e+00,-1.616375531958399137e+01
1.397899999999999920e+00,-1.610875873024088278e+01
1.397599999999999953e+00,-1.605731826343206592e+01
1.397000000000000020e+00,-1.623474376889017989e+01
1.396700000000000053e+00,-1.642323821268148265e+01
1.396300000000000097e+00,-1.650511637362010831e+01
1.395599999999999952e+00,-1.637699286426230927e+01
1.395299999999999985e+00,-1.629237477408212342e+01
1.394600000000000062e+00,-1.629839589636543806e+01
1.394300000000000095e+00,-1.640220092081166925e+01
1.393699999999999939e+00,-1.639835116905279833e+01
1.393399999999999972e+00,-1.636167576339747498e+01
1.393100000000000005e+00,-1.657557222177925738e+01
1.392500000000000071e+00,-1.647434725121875587e+01
1.391799999999999926e+00,-1.651104562537582865e+01
1.391399999999999970e+00,-1.639504951417153222e+01
1.390800000000000036e+00,-1.661311368377571895e+01
1.390500000000000069e+00,-1.669564551882944059e+01
1.389799999999999924e+00,-1.681993350518724739e+01
1.389499999999999957e+00,-1.673739880334598951e+01
1.388700000000000045e+00,-1.678488800254890734e+01
1.388400000000000079e+00,-1.676976415328160996e+01
1.388099999999999890e+00,-1.678791493758278008e+01
1.387399999999999967e+00,-1.680982131325144380e+01
1.387199999999999989e+00,-1.675915093761817687e+01
1.386800000000000033e+00,-1.670856036141265477e+01
1.386200000000000099e+00,-1.676530095753208016e+01
1.385799999999999921e+00,-1.685251452505408665e+01
1.385099999999999998e+00,-1.684140843967538714e+01
1.384900000000000020e+00,-1.692616401209375709e+01
1.384500000000000064e+00,-1.694931128158059153e+01
1.383899999999999908e+00,-1.695067031469822894e+01
1.383599999999999941e+00,-1.687379749764888359e+01
1.383299999999999974e+00,-1.702192721032896472e+01
1.382700000000000040e+00,-1.699011367059322453e+01
1.382300000000000084e+00,-1.706895964256015219e+01
1.381599999999999939e+00,-1.711713831862868673e+01
1.381299999999999972e+00,-1.712325736442799595e+01
1.381000000000000005e+00,-1.713364189773383117e+01
1.380400000000000071e+00,-1.714646777626460050e+01
1.379999999999999893e+00,-1.722195845306360695e+01
1.379699999999999926e+00,-1.734125668982656876e+01
1.379000000000000004e+00,-1.730291759446233613e+01
1.378700000000000037e+00,-1.716495215555733012e+01
1.377999999999999892e+00,-1.730050645640168483e+01
1.377699999999999925e+00,-1.733908275894455997e+01
1.377399999999999958e+00,-1.727026468782283430e+01
1.377099999999999991e+00,-1.716032310352614587e+01
1.376500000000000057e+00,-1.729873133675943464e+01
1.375799999999999912e+00,-1.729417613829933487e+01
1.375499999999999945e+00,-1.727876088625435003e+01
1.375199999999999978e+00,-1.725229606082886846e+01
1.374500000000000055e+00,-1.743550404758390115e+01
1.374200000000000088e+00,-1.757790289425489050e+01
1.373799999999999910e+00,-1.766815906478289833e+01
1.373499999999999943e+00,-1.756482558901749869e+01
1.372500000000000053e+00,-1.766048931960183666e+01
1.372200000000000086e+00,-1.770841451750066753e+01
1.371799999999999908e+00,-1.761537959244522966e+01
1.371599999999999930e+00,-1.752098355530988982e+01
1.370500000000000052e+00,-1.756420695405939369e+01
1.369899999999999896e+00,-1.760379570429756768e+01
1.369499999999999940e+00,-1.762867461953480230e+01
1.369199999999999973e+00,-1.753623625385010598e+01
1.368600000000000039e+00,-1.746084870669134048e+01
1.368300000000000072e+00,-1.755368821272206858e+01
1.367899999999999894e+00,-1.757063542842879755e+01
1.367599999999999927e+00,-1.766124717510362885e+01
1.366999999999999993e+00,-1.769565888498480533e+01
1.366600000000000037e+00,-1.766587044546817609e+01
1.365899999999999892e+00,-1.770038856724427490e+01
1.365599999999999925e+00,-1.772671476989408035e+01
1.364999999999999991e+00,-1.769683684096886012e+01
1.364700000000000024e+00,-1.769344648459240332e+01
1.364400000000000057e+00,-1.773533382695962501e+01
1.363799999999999901e+00,-1.773177052681144872e+01
1.363399999999999945e+00,-1.784810755297268869e+01
1.362800000000000011e+00,-1.776389705414561604e+01
1.362500000000000044e+00,-1.768644762304705154e+01
1.361699999999999910e+00,-1.779924153170568601e+01
1.361399999999999944e+00,-1.794951413612360724e+01
1.360700000000000021e+00,-1.794126315364554003e+01
1.360100000000000087e+00,-1.801636838259443252e+01
1.359499999999999931e+00,-1.792089317840684615e+01
1.359199999999999964e+00,-1.809199561941194290e+01
1.358899999999999997e+00,-1.802944989478241311e+01
1.358500000000000041e+00,-1.791498089059595600e+01
1.357900000000000107e+00,-1.791163496703551772e+01
1.357499999999999929e+00,-1.797350117246154966e+01
1.357199999999999962e+00,-1.796872887126679075e+01
1.356400000000000050e+00,-1.796388413293258424e+01
1.356100000000000083e+00,-1.798990745310834072e+01
1.355799999999999894e+00,-1.808142261283040853e+01
1.355099999999999971e+00,-1.803791894104851679e+01
1.354700000000000015e+00,-1.802571847479023859e+01
1.354400000000000048e+00,-1.815199020881157921e+01
1.353799999999999892e+00,-1.809894246914221227e+01
1.353499999999999925e+00,-1.805464001046709299e+01
1.353199999999999958e+00,-1.809845567975155589e+01
1.352500000000000036e+00,-1.825521907664424504e+01
1.352100000000000080e+00,-1.807266620913418009e+01
1.351399999999999935e+00,-1.822115945102125778e+01
1.351099999999999968e+00,-1.813752128827870180e+01
1.350800000000000001e+00,-1.807440251696858269e+01
1.350100000000000078e+00,-1.808818460038814635e+01
1.349499999999999922e+00,-1.817537376394007254e+01
1.348899999999999988e+00,-1.825436866903723754e+01
1.348600000000000021e+00,-1.819712357023807314e+01
1.348300000000000054e+00,-1.842050889816421488e+01
1.348000000000000087e+00,-1.843281268048913191e+01
1.347299999999999942e+00,-1.836227959316084224e+01
1.346999999999999975e+00,-1.828301260560372654e+01
1.346700000000000008e+00,-1.816566699825838427e+01
1.346000000000000085e+00,-1.818579194335524107e+01
1.345699999999999896e+00,-1.830298981953786708e+01
1.345399999999999929e+00,-1.824768932980050096e+01
1.344999999999999973e+00,-1.816493132937016242e+01
1.344000000000000083e+00,-1.823404647105265752e+01
1.343699999999999894e+00,-1.833539266580513072e+01
1.343299999999999939e+00,-1.829786653346036829e+01
1.342600000000000016e+00,-1.838146029155751293e+01
1.342300000000000049e+00,-1.825013480469496230e+01
1.341900000000000093e+00,-1.828420903151970478e+01
1.341599999999999904e+00,-1.838174461433490237e+01
1.340899999999999981e+00,-1.836699690447992950e+01
1.340600000000000014e+00,-1.835090353363155913e+01
1.340200000000000058e+00,-1.836930195364457674e+01
1.339499999999999913e+00,-1.831558416713809834e+01
1.339199999999999946e+00,-1.834785303741282192e+01
1.338899999999999979e+00,-1.834279330249150419e+01
1.338300000000000045e+00,-1.833812985088320602e+01
1.337599999999999900e+00,-1.834316894193457870e+01
1.337299999999999933e+00,-1.841699479878267809e+01
1.336999999999999966e+00,-1.838825144938405387e+01
1.336400000000000032e+00,-1.829648631565842720e+01
1.336100000000000065e+00,-1.829777095226489436e+01
1.335800000000000098e+00,-1.832499816713292162e+01
1.335199999999999942e+00,-1.840161542500601755e+01
1.334899999999999975e+00,-1.840345678079964031e+01
1.334200000000000053e+00,-1.828951129451044011e+01
1.333900000000000086e+00,-1.833099673114622519e+01
1.333499999999999908e+00,-1.839663006420830982e+01
1.332899999999999974e+00,-1.836611531204016856e+01
1.332500000000000018e+00,-1.845969365469905554e+01
1.332200000000000051e+00,-1.838670752833757760e+01
1.331599999999999895e+00,-1.838186188977469371e+01
1.331299999999999928e+00,-1.846493567987609552e+01
1.330999999999999961e+00,-1.857380304066385435e+01
1.330699999999999994e+00,-1.858195846770344772e+01
1.330000000000000071e+00,-1.862975631242202113e+01
1.329700000000000104e+00,-1.864410945490073601e+01
1.329399999999999915e+00,-1.867412959599031197e+01
1.328699999999999992e+00,-1.862513803274727664e+01
1.328400000000000025e+00,-1.852239116090130722e+01
1.327700000000000102e+00,-1.853904713219117539e+01
1.326999999999999957e+00,-1.857086956444956982e+01
1.326699999999999990e+00,-1.867041884486249614e+01
1.326000000000000068e+00,-1.866714538766335707e+01
1.325700000000000101e+00,-1.861264245494658809e+01
1.325299999999999923e+00,-1.847520873988674950e+01
1.324699999999999989e+00,-1.844398754716047151e+01
1.324400000000000022e+00,-1.846535338220012434e+01
1.324100000000000055e+00,-1.862985078168195230e+01
1.323399999999999910e+00,-1.862943193204685599e+01
1.322799999999999976e+00,-1.842750136171259001e+01
1.322400000000000020e+00,-1.839868792218573290e+01
1.321700000000000097e+00,-1.842025509686019547e+01
1.321099999999999941e+00,-1.843077075318177194e+01
1.320699999999999985e+00,-1.852753895288756780e+01
1.320100000000000051e+00,-1.843655552332167602e+01
1.319800000000000084e+00,-1.835366150748111735e+01
1.319499999999999895e+00,-1.835939071120366606e+01
1.318799999999999972e+00,-1.842470370734773155e+01
1.318500000000000005e+00,-1.835888725326686810e+01
1.317800000000000082e+00,-1.848800022806193866e+01
1.317499999999999893e+00,-1.835200920843283967e+01
1.316799999999999971e+00,-1.851040334949344413e+01
1.316400000000000015e+00,-1.848758700005760502e+01
1.315800000000000081e+00,-1.851634325288221206e+01
1.315499999999999892e+00,-1.858151989529233461e+01
1.314899999999999958e+00,-1.854070238431846462e+01
1.314500000000000002e+00,-1.860348231328924129e+01
1.313800000000000079e+00,-1.859307982727013453e+01
1.313499999999999890e+00,-1.855006280425961407e+01
1.312799999999999967e+00,-1.865404471214611704e+01
1.312500000000000000e+00,-1.859450408088960671e+01
1.312200000000000033e+00,-1.855749369082688460e+01
1.311500000000000110e+00,-1.846322295684689507e+01
1.311199999999999921e+00,-1.845685532550741215e+01
1.310899999999999954e+00,-1.845769984010576792e+01
1.310200000000000031e+00,-1.843629836606620032e+01
1.309800000000000075e+00,-1.847793105640158373e+01
1.309399999999999897e+00,-1.849451601470246942e+01
1.308699999999999974e+00,-1.854711675935453741e+01
1.308499999999999996e+00,-1.851500865498317694e+01
1.307900000000000063e+00,-1.844350340717689818e+01
1.307600000000000096e+00,-1.863553603127787639e+01
1.307299999999999907e+00,-1.861433747062579513e+01
1.306699999999999973e+00,-1.855129933740849069e+01
1.306400000000000006e+00,-1.860340713921004152e+01
1.305900000000000061e+00,-1.857166390143187229e+01
1.305600000000000094e+00,-1.861191652854790846e+01
1.304899999999999949e+00,-1.872476220702449012e+01
1.304599999999999982e+00,-1.871687894997231183e+01
1.304300000000000015e+00,-1.870195627463660770e+01
1.303600000000000092e+00,-1.865282754103967733e+01
1.303299999999999903e+00,-1.867473029765884007e+01
1.302999999999999936e+00,-1.868668466138024442e+01
1.302300000000000013e+00,-1.873409654157415360e+01
1.302000000000000046e+00,-1.856254000407210469e+01
1.301700000000000079e+00,-1.856477977493367959e+01
1.300999999999999934e+00,-1.854387390290354531e+01
1.300799999999999956e+00,-1.858802222461661557e+01
1.300499999999999989e+00,-1.853269658818254584e+01
1.299800000000000066e+00,-1.867417918786605568e+01
1.299099999999999921e+00,-1.863675922501618842e+01
1.298799999999999955e+00,-1.854645978542598073e+01
1.298499999999999988e+00,-1.852696207958661745e+01
1.297700000000000076e+00,-1.863259973673382319e+01
1.297400000000000109e+00,-1.864889862519892105e+01
1.297099999999999920e+00,-1.856515168234505708e+01
1.296699999999999964e+00,-1.856549008479504437e+01
1.296100000000000030e+00,-1.849923263409075602e+01
1.295800000000000063e+00,-1.850993315093045766e+01
1.295500000000000096e+00,-1.848163924035263150e+01
1.294799999999999951e+00,-1.843330856618075586e+01
1.294499999999999984e+00,-1.863555118717498615e+01
1.293900000000000050e+00,-1.856038869853448858e+01
1.293600000000000083e+00,-1.858463620413317230e+01
1.293199999999999905e+00,-1.861680105740152058e+01
1.292799999999999949e+00,-1.866176494360544424e+01
1.292200000000000015e+00,-1.857821787231437227e+01
1.291800000000000059e+00,-1.870989887837485810e+01
1.291500000000000092e+00,-1.865343609369603683e+01
1.290899999999999936e+00,-1.869836228250735743e+01
1.290599999999999969e+00,-1.868557611432010646e+01
1.290200000000000014e+00,-1.865502542698757082e+01
1.289600000000000080e+00,-1.865612516519076536e+01
1.289400000000000102e+00,-1.863756460349676303e+01
1.288799999999999946e+00,-1.865977512490344736e+01
1.288399999999999990e+00,-1.868783432202713612e+01
1.288100000000000023e+00,-1.863695248494152779e+01
1.287500000000000089e+00,-1.851046607055277704e+01
1.287099999999999911e+00,-1.853151958044023218e+01
1.286399999999999988e+00,-1.850335071932858710e+01
1.286000000000000032e+00,-1.847424298993954750e+01
1.285400000000000098e+00,-1.841983647479236907e+01
1.284999999999999920e+00,-1.844985751258670348e+01
1.284699999999999953e+00,-1.847883492564978170e+01
1.284000000000000030e+00,-1.848898229534255933e+01
1.283800000000000052e+00,-1.861960195296821396e+01
1.283099999999999907e+00,-1.873372147639246066e+01
1.282699999999999951e+00,-1.872808608096715588e+01
1.282399999999999984e+00,-1.863002301433188279e+01
1.282100000000000017e+00,-1.867408127548845798e+01
1.281400000000000095e+00,-1.864637053856209903e+01
1.280999999999999917e+00,-1.869521665138918465e+01
1.280299999999999994e+00,-1.865427445537515894e+01
1.280000000000000027e+00,-1.860391603470271349e+01
1.279700000000000060e+00,-1.863060401179018655e+01
1.279400000000000093e+00,-1.859450306475121550e+01
1.278699999999999948e+00,-1.860584032661082432e+01
1.278399999999999981e+00,-1.854737689365396847e+01
1.277800000000000047e+00,-1.851622337340963043e+01
1.277500000000000080e+00,-1.855465790627066269e+01
1.276799999999999935e+00,-1.859532487022584135e+01
1.276499999999999968e+00,-1.867111214677013464e+01
1.276200000000000001e+00,-1.856287140178823236e+01
1.275500000000000078e+00,-1.866701472832080810e+01
1.275199999999999889e+00,-1.870188362106854996e+01
1.274799999999999933e+00,-1.867564987420578149e+01
1.274599999999999955e+00,-1.868732477627067823e+01
1.274000000000000021e+00,-1.861418248138690146e+01
1.273600000000000065e+00,-1.870377384566978307e+01
1.273300000000000098e+00,-1.867284357936014416e+01
1.272699999999999942e+00,-1.864555552090127577e+01
1.272299999999999986e+00,-1.846256794083922870e+01
1.272000000000000020e+00,-1.855400284250059428e+01
1.271300000000000097e+00,-1.852129985506142873e+01
1.270999999999999908e+00,-1.849615538964347650e+01
1.270699999999999941e+00,-1.838123501700919249e+01
1.270100000000000007e+00,-1.854352869770882251e+01
1.269800000000000040e+00,-1.854015272718051932e+01
1.269500000000000073e+00,-1.851605502454726349e+01
1.268699999999999939e+00,-1.850890405354363821e+01
1.268399999999999972e+00,-1.857405969708965543e+01
1.267700000000000049e+00,-1.863761181293650537e+01
1.267300000000000093e+00,-1.859671184987346848e+01
1.266999999999999904e+00,-1.853518634161504863e+01
1.266599999999999948e+00,-1.853127035384262911e+01
1.266100000000000003e+00,-1.853321460600250603e+01
1.265800000000000036e+00,-1.861593536557201389e+01
1.265500000000000069e+00,-1.852551401458823577e+01
1.264899999999999913e+00,-1.847365867683964780e+01
1.264599999999999946e+00,-1.853266504414719407e+01
1.263900000000000023e+00,-1.841302263532827155e+01
1.263600000000000056e+00,-1.851515425652598168e+01
1.262899999999999912e+00,-1.850555298258263903e+01
1.262100000000000000e+00,-1.852345039914079194e+01
1.261800000000000033e+00,-1.858666096449228888e+01
1.261500000000000066e+00,-1.848437641721505287e+01
1.260799999999999921e+00,-1.849710551862018804e+01
1.260499999999999954e+00,-1.847256697433052608e+01
1.259900000000000020e+00,-1.845049935504817284e+01
1.259600000000000053e+00,-1.841602399610571439e+01
1.259200000000000097e+00,-1.844665913636580257e+01
1.258599999999999941e+00,-1.849505928562793855e+01
1.258299999999999974e+00,-1.859675470343106340e+01
1.257900000000000018e+00,-1.854161464980678886e+01
1.257600000000000051e+00,-1.837145954494204148e+01
1.256899999999999906e+00,-1.842629558089113218e+01
1.256599999999999939e+00,-1.845268459225342284e+01
1.256299999999999972e+00,-1.839472991506264066e+01
1.255600000000000049e+00,-1.853989336053863823e+01
1.254999999999999893e+00,-1.851920745656243383e+01
1.254599999999999937e+00,-1.838204822770190106e+01
1.254299999999999971e+00,-1.850823297294586212e+01
1.253600000000000048e+00,-1.847866532151600794e+01
1.253200000000000092e+00,-1.849543231260243914e+01
1.252999999999999892e+00,-1.848955703396314476e+01
1.252299999999999969e+00,-1.842723920454005793e+01
1.252000000000000002e+00,-1.845120000156007478e+01
1.251300000000000079e+00,-1.845120154015016567e+01
1.250999999999999890e+00,-1.849820017891341450e+01
1.250799999999999912e+00,-1.840546482607483725e+01
1.250000000000000000e+00,-1.848860983394394353e+01
1.249700000000000033e+00,-1.850845754141116117e+01
1.249200000000000088e+00,-1.845251398752186489e+01
1.248799999999999910e+00,-1.839580770115678376e+01
1.248499999999999943e+00,-1.835038581939445024e+01
1.247800000000000020e+00,-1.837457680828819306e+01
1.247500000000000053e+00,-1.841468956247441113e+01
1.247100000000000097e+00,-1.845800112474354293e+01
1.246399999999999952e+00,-1.845116434940922545e+01
1.245700000000000029e+00,-1.844773112719584773e+01
1.245400000000000063e+00,-1.833616619343024468e+01
1.245000000000000107e+00,-1.828530278086487826e+01
1.244399999999999951e+00,-1.832289508769879660e+01
1.243999999999999995e+00,-1.834218864810565464e+01
1.243400000000000061e+00,-1.827013310081830610e+01
1.243100000000000094e+00,-1.831371051750109302e+01
1.242799999999999905e+00,-1.829152080218103649e+01
1.242499999999999938e+00,-1.818887918319279962e+01
1.241800000000000015e+00,-1.826255904349002535e+01
1.241600000000000037e+00,-1.829277432076614929e+01
1.241300000000000070e+00,-1.839556126359796906e+01
1.240899999999999892e+00,-1.844927678740816646e+01
1.240199999999999969e+00,-1.836584640773214616e+01
1.239900000000000002e+00,-1.839987683830424103e+01
1.239600000000000035e+00,-1.844707842956301391e+01
1.238899999999999890e+00,-1.840111856242559796e+01
1.238599999999999923e+00,-1.833110205947119198e+01
1.238299999999999956e+00,-1.819464407270213968e+01
1.237600000000000033e+00,-1.812468688784730020e+01
1.237200000000000077e+00,-1.816451377858957983e+01
1.236900000000000110e+00,-1.825256953531676274e+01
1.236499999999999932e+00,-1.818578640069524610e+01
1.235800000000000010e+00,-1.819452463157266919e+01
1.235500000000000043e+00,-1.817714143199809484e+01
1.235200000000000076e+00,-1.810327808978318842e+01
1.234599999999999920e+00,-1.804336821854633044e+01
1.234199999999999964e+00,-1.808592837708308565e+01
1.233899999999999997e+00,-1.811420228598151994e+01
1.233300000000000063e+00,-1.811979056978285030e+01
1.233100000000000085e+00,-1.818783503916626287e+01
1.232399999999999940e+00,-1.815436308597439563e+01
1.231999999999999984e+00,-1.827208218244521731e+01
1.231700000000000017e+00,-1.821302826142158438e+01
1.231300000000000061e+00,-1.817513594630270291e+01
1.230599999999999916e+00,-1.820374018322075926e+01
1.230199999999999960e+00,-1.812358513751484068e+01
1.229500000000000037e+00,-1.805407845941473255e+01
1.229200000000000070e+00,-1.805614009219736715e+01
1.228900000000000103e+00,-1.816847539047724780e+01
1.228599999999999914e+00,-1.815911026094912728e+01
1.228299999999999947e+00,-1.818070714854911074e+01
1.227600000000000025e+00,-1.815966622918272932e+01
1.227300000000000058e+00,-1.825394871190853152e+01
1.226699999999999902e+00,-1.822044515127837983e+01
1.226399999999999935e+00,-1.815460127628579201e+01
1.225999999999999979e+00,-1.813169647752335933e+01
1.225000000000000089e+00,-1.821884944365826087e+01
1.224699999999999900e+00,-1.819178985410959015e+01
1.224399999999999933e+00,-1.819690971052176565e+01
1.223999999999999977e+00,-1.812810141695615229e+01
1.223400000000000043e+00,-1.814558627295497573e+01
1.223100000000000076e+00,-1.816047278012100463e+01
1.222800000000000109e+00,-1.808201352244427085e+01
1.222099999999999964e+00,-1.813984401403158486e+01
1.221799999999999997e+00,-1.818035609993228618e+01
1.221500000000000030e+00,-1.808847101613950414e+01
1.220900000000000096e+00,-1.801151303782054214e+01
1.220499999999999918e+00,-1.801792258844994166e+01
1.219799999999999995e+00,-1.815028576607983268e+01
1.219500000000000028e+00,-1.815738473747606108e+01
1.219100000000000072e+00,-1.814168903593515836e+01
1.218499999999999917e+00,-1.818454968999663990e+01
1.218099999999999961e+00,-1.813314513935543459e+01
1.217500000000000027e+00,-1.801949503099616479e+01
1.217200000000000060e+00,-1.807010029640319360e+01
1.216900000000000093e+00,-1.799376932863613021e+01
1.216199999999999948e+00,-1.817239157942372785e+01
1.215799999999999992e+00,-1.814766564420351358e+01
1.215100000000000069e+00,-1.807661371382380011e+01
1.214699999999999891e+00,-1.798601706070107298e+01
1.214399999999999924e+00,-1.801717589903139682e+01
1.213999999999999968e+00,-1.798468927267978756e+01
1.213500000000000023e+00,-1.791470750298097769e+01
1.213100000000000067e+00,-1.809342839483411680e+01
1.212800000000000100e+00,-1.812651077816654421e+01
1.212199999999999944e+00,-1.798261183382551209e+01
1.211899999999999977e+00,-1.804065016197241889e+01
1.211500000000000021e+00,-1.798689840227839554e+01
1.211200000000000054e+00,-1.815940852255984694e+01
1.210499999999999909e+00,-1.808711669129070998e+01
1.210199999999999942e+00,-1.808704307291195335e+01
1.209899999999999975e+00,-1.798216415902160037e+01
1.209200000000000053e+00,-1.808641538206109445e+01
1.208900000000000086e+00,-1.813960360358725410e+01
1.208599999999999897e+00,-1.807164092532068977e+01
1.207899999999999974e+00,-1.801918397871292754e+01
1.207500000000000018e+00,-1.802294362273837081e+01
1.207200000000000051e+00,-1.795382192328219162e+01
1.206599999999999895e+00,-1.788712219449213592e+01
1.206199999999999939e+00,-1.786061684928936799e+01
1.205600000000000005e+00,-1.793626982334135533e+01
1.205300000000000038e+00,-1.802047167128398897e+01
1.204700000000000104e+00,-1.797547737819567715e+01
1.203999999999999959e+00,-1.801581536466489197e+01
1.203600000000000003e+00,-1.806404426032996469e+01
1.203200000000000047e+00,-1.802976145664778329e+01
1.202599999999999891e+00,-1.808656901123853089e+01
1.202199999999999935e+00,-1.798525703650159357e+01
1.201899999999999968e+00,-1.808059009413814167e+01
1.201200000000000045e+00,-1.794620166457507793e+01
1.201000000000000068e+00,-1.799133992412003025e+01
1.200599999999999890e+00,-1.798109195045678277e+01
1.199899999999999967e+00,-1.796823016137509299e+01
1.199600000000000000e+00,-1.791215692288133710e+01
1.199300000000000033e+00,-1.805338178779329894e+01
1.199000000000000066e+00,-1.807551822729279678e+01
1.198299999999999921e+00,-1.798745849224195226e+01
1.197999999999999954e+00,-1.802215817976347623e+01
1.197599999999999998e+00,-1.785596485778702558e+01
1.196900000000000075e+00,-1.780371648225590775e+01
1.196299999999999919e+00,-1.796318314969298768e+01
1.195899999999999963e+00,-1.792616071332664163e+01
1.195599999999999996e+00,-1.799004102089373447e+01
1.194900000000000073e+00,-1.796500637920184928e+01
1.194600000000000106e+00,-1.793923084562575099e+01
1.194299999999999917e+00,-1.782885286856928531e+01
1.193599999999999994e+00,-1.791223787208345186e+01
1.193400000000000016e+00,-1.785226078039473308e+01
1.193000000000000060e+00,-1.791787848368642244e+01
1.192399999999999904e+00,-1.803118288385783430e+01
1.191999999999999948e+00,-1.791122818150204665e+01
1.191699999999999982e+00,-1.787899108108446455e+01
1.191000000000000059e+00,-1.795548160837363483e+01
1.190700000000000092e+00,-1.788707128062769058e+01
1.189999999999999947e+00,-1.788778124516597856e+01
1.189699999999999980e+00,-1.784719607203326319e+01
1.189300000000000024e+00,-1.792654143722479532e+01
1.188700000000000090e+00,-1.788080839211225737e+01
1.188299999999999912e+00,-1.776186991517573688e+01
1.187699999999999978e+00,-1.786500662857631383e+01
1.187400000000000011e+00,-1.787751918086314262e+01
1.186700000000000088e+00,-1.792744253765275175e+01
1.185999999999999943e+00,-1.781861920726220205e+01
1.185699999999999976e+00,-1.786281535380062024e+01
1.185300000000000020e+00,-1.790877442837488687e+01
1.184600000000000097e+00,-1.779879656066667692e+01
1.184299999999999908e+00,-1.776878976562576540e+01
1.183699999999999974e+00,-1.785291929221185825e+01
1.183300000000000018e+00,-1.799503119928429129e+01
1.182700000000000085e+00,-1.776934879198143946e+01
1.182399999999999896e+00,-1.768633538860864363e+01
1.181799999999999962e+00,-1.786924754255802483e+01
1.181400000000000006e+00,-1.792913447000617211e+01
1.181100000000000039e+00,-1.776866787069801745e+01
1.180399999999999894e+00,-1.782221046234761275e+01
1.180099999999999927e+00,-1.780457523500068717e+01
1.179699999999999971e+00,-1.784003752380337815e+01
1.179000000000000048e+00,-1.783109828659961593e+01
1.178700000000000081e+00,-1.788026014706931832e+01
1.178399999999999892e+00,-1.790956894190025750e+01
1.177699999999999969e+00,-1.792059225171529491e+01
1.177100000000000035e+00,-1.790538197326725722e+01
1.176800000000000068e+00,-1.785195850827143005e+01
1.176299999999999901e+00,-1.777723618207145506e+01
1.175699999999999967e+00,-1.783379398684657957e+01
1.175499999999999989e+00,-1.780061069015497566e+01
1.174800000000000066e+00,-1.780691130634113861e+01
1.174500000000000099e+00,-1.776957563747721380e+01
1.174199999999999910e+00,-1.776814608520612282e+01
1.173799999999999955e+00,-1.779695354466774759e+01
1.173100000000000032e+00,-1.785942213533711964e+01
1.172800000000000065e+00,-1.777373475877674736e+01
1.172500000000000098e+00,-1.779320534722071301e+01
1.171799999999999953e+00,-1.776713254890384164e+01
1.171499999999999986e+00,-1.771844535177913826e+01
1.171200000000000019e+00,-1.772051702867644352e+01
1.170500000000000096e+00,-1.774022236804562169e+01
1.170299999999999896e+00,-1.769816179559170166e+01
1.169599999999999973e+00,-1.772307723789624490e+01
1.169200000000000017e+00,-1.763814991262418275e+01
1.168900000000000050e+00,-1.764044710555216255e+01
1.168199999999999905e+00,-1.764681986904182054e+01
1.167899999999999938e+00,-1.774726567677457822e+01
1.167499999999999982e+00,-1.773186273804592972e+01
1.166900000000000048e+00,-1.765418849837162085e+01
1.166600000000000081e+00,-1.762000973271025828e+01
1.166199999999999903e+00,-1.764514680383955891e+01
1.165499999999999980e+00,-1.771237537366368642e+01
1.165200000000000014e+00,-1.761099244163531807e+01
1.164600000000000080e+00,-1.752651402741108555e+01
1.164199999999999902e+00,-1.767426253022636473e+01
1.163799999999999946e+00,-1.765583453421908899e+01
1.163200000000000012e+00,-1.754979977454159368e+01
1.162900000000000045e+00,-1.755729725714206779e+01
1.162199999999999900e+00,-1.748381823392600865e+01
1.161599999999999966e+00,-1.763831995412659026e+01
1.161200000000000010e+00,-1.778175191041245284e+01
1.160900000000000043e+00,-1.781343137161259094e+01
1.160199999999999898e+00,-1.782852181823179549e+01
1.159899999999999931e+00,-1.772579492823316727e+01
1.159599999999999964e+00,-1.773744505092367874e+01
1.159000000000000030e+00,-1.759344820016122313e+01
1.158700000000000063e+00,-1.765176763623144041e+01
1.157899999999999929e+00,-1.755634685447144250e+01
1.157299999999999995e+00,-1.766797316643739535e+01
1.157000000000000028e+00,-1.759322530508651639e+01
1.156400000000000095e+00,-1.776080199813794991e+01
1.156099999999999905e+00,-1.774736283388063640e+01
1.155399999999999983e+00,-1.756264588086376932e+01
1.155100000000000016e+00,-1.766607092998422956e+01
1.154700000000000060e+00,-1.757240325762493427e+01
1.154099999999999904e+00,-1.751336271088241148e+01
1.153799999999999937e+00,-1.752710720532074262e+01
1.153399999999999981e+00,-1.764839189328688818e+01
1.152700000000000058e+00,-1.759224577395322697e+01
1.152099999999999902e+00,-1.762452898482905539e+01
1.151799999999999935e+00,-1.770247803693026256e+01
1.151100000000000012e+00,-1.761515545780018499e+01
1.150800000000000045e+00,-1.752511615809478229e+01
1.150500000000000078e+00,-1.768426619289768809e+01
1.149799999999999933e+00,-1.769728504726420226e+01
1.149399999999999977e+00,-1.762106625224930312e+01
1.148800000000000043e+00,-1.762905678905800144e+01
1.148400000000000087e+00,-1.770689215839253450e+01
1.148099999999999898e+00,-1.778799231997082231e+01
1.147499999999999964e+00,-1.780791960558636333e+01
1.147199999999999998e+00,-1.764530272008761358e+01
1.146900000000000031e+00,-1.760983469427796066e+01
1.146200000000000108e+00,-1.754065885277589842e+01
1.145899999999999919e+00,-1.765316808425921025e+01
1.145199999999999996e+00,-1.783529937061491566e+01
1.144900000000000029e+00,-1.774402745391345348e+01
1.144500000000000073e+00,-1.767464655704816678e+01
1.144200000000000106e+00,-1.768958959831026334e+01
1.143499999999999961e+00,-1.759708859350242349e+01
1.143199999999999994e+00,-1.760625164673578524e+01
1.142500000000000071e+00,-1.761119626198844657e+01
1.142200000000000104e+00,-1.750795223375576271e+01
1.141199999999999992e+00,-1.761024332528823777e+01
1.140800000000000036e+00,-1.743956052170725712e+01
1.140200000000000102e+00,-1.749820778338666827e+01
1.139799999999999924e+00,-1.765821545161357875e+01
1.139199999999999990e+00,-1.748087134036462942e+01
1.138900000000000023e+00,-1.757681438723270162e+01
1.138500000000000068e+00,-1.757374842921641189e+01
1.137899999999999912e+00,-1.763234500539991956e+01
1.137499999999999956e+00,-1.757998681301987176e+01
1.137199999999999989e+00,-1.763708278319899492e+01
1.136600000000000055e+00,-1.769099432221881329e+01
1.136300000000000088e+00,-1.770897391222712614e+01
1.135999999999999899e+00,-1.756918030264356645e+01
1.135299999999999976e+00,-1.739462399222655620e+01
1.135000000000000009e+00,-1.742359054716612121e+01
1.134300000000000086e+00,-1.738702318177087136e+01
1.133699999999999930e+00,-1.735616298955177328e+01
1.133399999999999963e+00,-1.738671458868437014e+01
1.133099999999999996e+00,-1.745402723439884340e+01
1.132500000000000062e+00,-1.757747631141049638e+01
1.132100000000000106e+00,-1.740187181181844522e+01
1.131499999999999950e+00,-1.750205321540184400e+01
1.131199999999999983e+00,-1.751442103057323862e+01
1.130800000000000027e+00,-1.746363588893103369e+01
1.130100000000000104e+00,-1.750270564495459169e+01
1.129499999999999948e+00,-1.749508299352855190e+01
1.128700000000000037e+00,-1.752837822546872815e+01
1.128400000000000070e+00,-1.749266786707929100e+01
1.128100000000000103e+00,-1.746768602915189206e+01
1.127699999999999925e+00,-1.736982983407513004e+01
1.127399999999999958e+00,-1.729424458498246508e+01
1.126700000000000035e+00,-1.734954430430892813e+01
1.126400000000000068e+00,-1.737464802714621470e+01
1.125899999999999901e+00,-1.751528057311038467e+01
1.125599999999999934e+00,-1.737244662840401332e+01
1.125199999999999978e+00,-1.740410130229756902e+01
1.125000000000000000e+00,-1.744656360479681467e+01
1.124300000000000077e+00,-1.750887895191361565e+01
1.123599999999999932e+00,-1.746474385963103160e+01
1.123299999999999965e+00,-1.738008794538456669e+01
1.122600000000000042e+00,-1.737238504743608303e+01
1.122200000000000086e+00,-1.722667290624735159e+01
1.121899999999999897e+00,-1.730543241443309199e+01
1.121199999999999974e+00,-1.729205745891922064e+01
1.120600000000000041e+00,-1.719451388102061173e+01
1.120200000000000085e+00,-1.727053309347670051e+01
1.119499999999999940e+00,-1.731048109790351219e+01
1.119199999999999973e+00,-1.729118351811937160e+01
1.118900000000000006e+00,-1.735564018943598796e+01
1.118300000000000072e+00,-1.734763075409827948e+01
1.117899999999999894e+00,-1.729744047618353875e+01
1.117599999999999927e+00,-1.726949664872072532e+01
1.116900000000000004e+00,-1.727496210069236682e+01
1.116600000000000037e+00,-1.725445691179335128e+01
1.116000000000000103e+00,-1.712138311209749020e+01
1.115599999999999925e+00,-1.722133990654370095e+01
1.115299999999999958e+00,-1.733580216171873900e+01
1.114700000000000024e+00,-1.720620213900448547e+01
1.114300000000000068e+00,-1.733067175935555682e+01
1.114000000000000101e+00,-1.734913258940595782e+01
1.113299999999999956e+00,-1.738913231930328962e+01
1.112700000000000022e+00,-1.738568298089377251e+01
1.112400000000000055e+00,-1.745583300857200371e+01
1.112100000000000088e+00,-1.726347466204057568e+01
1.111199999999999966e+00,-1.729575783555280211e+01
1.110899999999999999e+00,-1.730484734388760870e+01
1.110600000000000032e+00,-1.735198788061984132e+01
1.109900000000000109e+00,-1.731404615493642751e+01
1.109599999999999920e+00,-1.734651871030815329e+01
1.109199999999999964e+00,-1.733223375852983139e+01
1.108600000000000030e+00,-1.734288773382382942e+01
1.108300000000000063e+00,-1.736989507395980681e+01
1.107599999999999918e+00,-1.731987609713088005e+01
1.107199999999999962e+00,-1.729990679960281597e+01
1.106600000000000028e+00,-1.725957122691449186e+01
1.106300000000000061e+00,-1.727411220736434316e+01
1.105599999999999916e+00,-1.729054046190735860e+01
1.105299999999999949e+00,-1.716987202829778525e+01
1.104999999999999982e+00,-1.712214765057281340e+01
1.104700000000000015e+00,-1.711044341117058210e+01
1.104000000000000092e+00,-1.721274440997545696e+01
1.103599999999999914e+00,-1.725773926216020371e+01
1.103299999999999947e+00,-1.729653871873999549e+01
1.102600000000000025e+00,-1.718697251587193620e+01
1.102300000000000058e+00,-1.729599724982983489e+01
1.101699999999999902e+00,-1.733227050081413267e+01
1.101399999999999935e+00,-1.736243297435239796e+01
1.100999999999999979e+00,-1.727671821098956428e+01
1.100300000000000056e+00,-1.722094532814700685e+01
1.099699999999999900e+00,-1.715475465508516351e+01
1.099399999999999933e+00,-1.717356983452428665e+01
1.099099999999999966e+00,-1.714558251123907695e+01
1.098100000000000076e+00,-1.703821696552049758e+01
1.097800000000000109e+00,-1.703851390216972561e+01
1.097499999999999920e+00,-1.712862996283799433e+01
1.096799999999999997e+00,-1.716651191951291366e+01
1.096500000000000030e+00,-1.728399732187002158e+01
1.096200000000000063e+00,-1.713396095058853774e+01
1.095499999999999918e+00,-1.731965766247449423e+01
1.095199999999999951e+00,-1.728102424311365937e+01
1.094799999999999995e+00,-1.713886078313284145e+01
1.094200000000000061e+00,-1.718771375913028976e+01
1.093900000000000095e+00,-1.724947008053447917e+01
1.093599999999999905e+00,-1.727344622344164549e+01
1.092600000000000016e+00,-1.716243105186311979e+01
1.092300000000000049e+00,-1.714806760132886509e+01
1.092000000000000082e+00,-1.721264548679808470e+01
1.091399999999999926e+00,-1.719488849306425493e+01
1.090999999999999970e+00,-1.709770743290742701e+01
1.090700000000000003e+00,-1.707122103542461389e+01
1.090000000000000080e+00,-1.704127755924496412e+01
1.089699999999999891e+00,-1.718194136074643907e+01
1.088600000000000012e+00,-1.725769796196031081e+01
1.088300000000000045e+00,-1.718308941688556857e+01
1.088000000000000078e+00,-1.719913944941611206e+01
1.087399999999999922e+00,-1.727473583455424944e+01
1.086799999999999988e+00,-1.718534325924336770e+01
1.086500000000000021e+00,-1.704532391441481565e+01
1.086200000000000054e+00,-1.707617652544788811e+01
1.085499999999999909e+00,-1.721119957936636524e+01
1.085199999999999942e+00,-1.724470345513722336e+01
1.084899999999999975e+00,-1.730962136144362162e+01
1.084200000000000053e+00,-1.725677276769570767e+01
1.083900000000000086e+00,-1.708844753182982146e+01
1.083499999999999908e+00,-1.710986637690012913e+01
1.082899999999999974e+00,-1.717280234070856437e+01
1.082600000000000007e+00,-1.708637668537916809e+01
1.082200000000000051e+00,-1.715739278047761118e+01
1.081900000000000084e+00,-1.715292286601985339e+01
1.081199999999999939e+00,-1.713493847683121629e+01
1.080899999999999972e+00,-1.708508377290625191e+01
1.079900000000000082e+00,-1.705790359599144423e+01
1.079599999999999893e+00,-1.703690546636478231e+01
1.079299999999999926e+00,-1.697670765426839878e+01
1.078600000000000003e+00,-1.703814139308833120e+01
1.078300000000000036e+00,-1.705254807440282860e+01
1.078000000000000069e+00,-1.704739894447379100e+01
1.077299999999999924e+00,-1.710546606873810305e+01
1.076999999999999957e+00,-1.704146204136499421e+01
1.076699999999999990e+00,-1.700707096197297474e+01
1.076000000000000068e+00,-1.705765394151674386e+01
1.075700000000000101e+00,-1.704569239363261346e+01
1.075399999999999912e+00,-1.713714395407857438e+01
1.074699999999999989e+00,-1.716010663551231730e+01
1.074400000000000022e+00,-1.716248935262603581e+01
1.073800000000000088e+00,-1.702822140992095967e+01
1.073399999999999910e+00,-1.699956380952589541e+01
1.073099999999999943e+00,-1.706210844500998292e+01
1.072400000000000020e+00,-1.705723289369522533e+01
1.072100000000000053e+00,-1.706369908343009456e+01
1.071399999999999908e+00,-1.698696610299447585e+01
1.071099999999999941e+00,-1.707568433359585569e+01
1.070400000000000018e+00,-1.702445685005217868e+01
1.070000000000000062e+00,-1.705056100389001017e+01
1.069700000000000095e+00,-1.702091487463478714e+01
1.068999999999999950e+00,-1.691429523441468419e+01
1.068599999999999994e+00,-1.701933826178079912e+01
1.068300000000000027e+00,-1.708204979205723006e+01
1.067700000000000093e+00,-1.707439487143901502e+01
1.067399999999999904e+00,-1.701566059945196230e+01
1.067099999999999937e+00,-1.715480025073334147e+01
1.066400000000000015e+00,-1.714561205019404255e+01
1.066100000000000048e+00,-1.699749283266401889e+01
1.065499999999999892e+00,-1.681787455590118441e+01
1.065099999999999936e+00,-1.689644062676260461e+01
1.064500000000000002e+00,-1.691028354390842026e+01
1.063800000000000079e+00,-1.693254558182153247e+01
1.063399999999999901e+00,-1.694683628165145706e+01
1.063099999999999934e+00,-1.683515081965739668e+01
1.062500000000000000e+00,-1.688557098634742815e+01
1.062100000000000044e+00,-1.696826612602756867e+01
1.061500000000000110e+00,-1.699849365974451842e+01
1.061199999999999921e+00,-1.693987330929876478e+01
1.060499999999999998e+00,-1.687813000848638723e+01
1.060200000000000031e+00,-1.691469247616251437e+01
1.059900000000000064e+00,-1.696871641585521573e+01
1.059199999999999919e+00,-1.695551816792194799e+01
1.058799999999999963e+00,-1.697766352786412725e+01
1.058200000000000029e+00,-1.699638321787698914e+01
1.057900000000000063e+00,-1.695725422012766970e+01
1.057500000000000107e+00,-1.677803931034518925e+01
1.056799999999999962e+00,-1.690892072356659881e+01
1.056499999999999995e+00,-1.704985122633149430e+01
1.056200000000000028e+00,-1.703547423490157442e+01
1.055500000000000105e+00,-1.691604454865033702e+01
1.055199999999999916e+00,-1.696544417005216232e+01
1.054799999999999960e+00,-1.701488270083543242e+01
1.054200000000000026e+00,-1.705875972731821122e+01
1.053800000000000070e+00,-1.695074549608998637e+01
1.053500000000000103e+00,-1.696510924035551326e+01
1.052899999999999947e+00,-1.692823017631923221e+01
1.052499999999999991e+00,-1.686888791451795555e+01
1.052200000000000024e+00,-1.694522665398176287e+01
1.051500000000000101e+00,-1.685063651975931975e+01
1.051199999999999912e+00,-1.681813942699195508e+01
1.050799999999999956e+00,-1.678150063255719715e+01
1.050200000000000022e+00,-1.698596024829503293e+01
1.049800000000000066e+00,-1.686826671400644173e+01
1.049500000000000099e+00,-1.679048553895577811e+01
1.048799999999999955e+00,-1.679027487310686340e+01
1.048499999999999988e+00,-1.687555248480673953e+01
1.048200000000000021e+00,-1.682812636237592585e+01
1.047500000000000098e+00,-1.683073295988685203e+01
1.047199999999999909e+00,-1.683616687979377247e+01
1.046899999999999942e+00,-1.679697692890166039e+01
1.046200000000000019e+00,-1.673566173150103253e+01
1.045600000000000085e+00,-1.670880900285828119e+01
1.045199999999999907e+00,-1.671389918896926119e+01
1.044899999999999940e+00,-1.674019257752378920e+01
1.044200000000000017e+00,-1.684854601499514715e+01
1.043800000000000061e+00,-1.684928377717626802e+01
1.043500000000000094e+00,-1.697819669977907964e+01
1.043199999999999905e+00,-1.682759998142460134e+01
1.042499999999999982e+00,-1.674282104733564580e+01
1.042200000000000015e+00,-1.683780819715140709e+01
1.041700000000000070e+00,-1.680703854786344564e+01
1.041299999999999892e+00,-1.665979317099792212e+01
1.040999999999999925e+00,-1.683084687676608127e+01
1.040399999999999991e+00,-1.676931388777313714e+01
1.040100000000000025e+00,-1.684732771652834771e+01
1.039700000000000069e+00,-1.670116966033521422e+01
1.038999999999999924e+00,-1.677967649023936048e+01
1.038699999999999957e+00,-1.663573725643697543e+01
1.038000000000000034e+00,-1.676951532168669701e+01
1.037600000000000078e+00,-1.668763286483444830e+01
1.037300000000000111e+00,-1.679440250999045148e+01
1.036599999999999966e+00,-1.680235337780866089e+01
1.036299999999999999e+00,-1.665727083693018429e+01
1.036000000000000032e+00,-1.671281001157246493e+01
1.035400000000000098e+00,-1.670396517225412936e+01
1.035099999999999909e+00,-1.663146374979145747e+01
1.034399999999999986e+00,-1.673948005011033047e+01
1.034100000000000019e+00,-1.677150164643200725e+01
1.033400000000000096e+00,-1.677762931865849438e+01
1.033099999999999907e+00,-1.679261341981609235e+01
1.032699999999999951e+00,-1.677287703869571445e+01
1.032399999999999984e+00,-1.675035385360979134e+01
1.031800000000000050e+00,-1.680533846392566844e+01
1.031500000000000083e+00,-1.677448472027758797e+01
1.031199999999999894e+00,-1.669056668345027106e+01
1.030499999999999972e+00,-1.662613607864909682e+01
1.030200000000000005e+00,-1.663580197177405751e+01
1.029500000000000082e+00,-1.663078753358013273e+01
1.029199999999999893e+00,-1.675471774080774878e+01
1.028799999999999937e+00,-1.666583073350238209e+01
1.028499999999999970e+00,-1.663224916946511556e+01
1.027500000000000080e+00,-1.668796638445097358e+01
1.027199999999999891e+00,-1.677664795978629186e+01
1.026499999999999968e+00,-1.687151549728009314e+01
1.026200000000000001e+00,-1.679302584817049393e+01
1.025800000000000045e+00,-1.683771554315503849e+01
1.025099999999999900e+00,-1.681370533809789691e+01
1.024799999999999933e+00,-1.683523409106279445e+01
1.024499999999999966e+00,-1.683198245556625849e+01
1.023700000000000054e+00,-1.673719884623609389e+01
1.023400000000000087e+00,-1.665332331181566872e+01
1.022799999999999931e+00,-1.665802169562476109e+01
1.022499999999999964e+00,-1.669607340036944976e+01
1.022199999999999998e+00,-1.671592093277661206e+01
1.021500000000000075e+00,-1.675259023832158434e+01
1.021200000000000108e+00,-1.675195543824840172e+01
1.020899999999999919e+00,-1.669532972489598777e+01
1.020599999999999952e+00,-1.666047148989940396e+01
1.019900000000000029e+00,-1.665095304884062699e+01
1.019600000000000062e+00,-1.664192898813907107e+01
1.019300000000000095e+00,-1.663195775263382359e+01
1.018599999999999950e+00,-1.679089063646200941e+01
1.018299999999999983e+00,-1.663658462068111277e+01
1.017900000000000027e+00,-1.662600903406452346e+01
1.017300000000000093e+00,-1.667089183211177073e+01
1.016899999999999915e+00,-1.667793231023917855e+01
1.016599999999999948e+00,-1.673618310619661997e+01
1.015900000000000025e+00,-1.671138117405306645e+01
1.015600000000000058e+00,-1.665880983416946748e+01
1.015200000000000102e+00,-1.654326120986140580e+01
1.014599999999999946e+00,-1.657219099809540452e+01
1.014299999999999979e+00,-1.655965323009217016e+01
1.014000000000000012e+00,-1.664122497499484865e+01
1.013300000000000090e+00,-1.670506477567095516e+01
1.012999999999999901e+00,-1.673567653184965209e+01
1.012599999999999945e+00,-1.670267412973592513e+01
1.012000000000000011e+00,-1.664620435941717247e+01
1.011700000000000044e+00,-1.679249481519422105e+01
1.011400000000000077e+00,-1.668868831661701790e+01
1.010699999999999932e+00,-1.672328637071602842e+01
1.010399999999999965e+00,-1.662416218968648707e+01
1.009800000000000031e+00,-1.670410447252319130e+01
1.009400000000000075e+00,-1.664069925063540367e+01
1.008999999999999897e+00,-1.654641387685527931e+01
1.008399999999999963e+00,-1.644740295214030823e+01
1.008099999999999996e+00,-1.659053884389269129e+01
1.007800000000000029e+00,-1.671682318889469343e+01
1.007200000000000095e+00,-1.668633490751019011e+01
1.006799999999999917e+00,-1.662456390418009988e+01
1.006199999999999983e+00,-1.656384871470129028e+01
1.005600000000000049e+00,-1.647267982099933548e+01
1.005300000000000082e+00,-1.651239342092287288e+01
1.004499999999999948e+00,-1.654396173381526935e+01
1.004199999999999982e+00,-1.648937710104804566e+01
1.003900000000000015e+00,-1.646779929169858292e+01
1.003200000000000092e+00,-1.655262157799581857e+01
1.002899999999999903e+00,-1.657654530193806863e+01
1.002499999999999947e+00,-1.655151599960717235e+01
1.002199999999999980e+00,-1.638015978950232920e+01
1.001500000000000057e+00,-1.636374126589958422e+01
1.001200000000000090e+00,-1.650971034438614637e+01
1.000899999999999901e+00,-1.650147483680652272e+01
1.000199999999999978e+00,-1.656149272287492025e+01
9.999000000000000110e-01,-1.657924520026346471e+01
9.996000000000000441e-01,-1.655025475608383445e+01
9.989000000000000101e-01,-1.647707648630173694e+01
9.986000000000000432e-01,-1.658614888986323166e+01
9.981999999999999762e-01,-1.654801130974107437e+01
9.976000000000000423e-01,-1.652181129396090142e+01
9.972999999999999643e-01,-1.643678102239577044e+01
9.969999999999999973e-01,-1.645330836610343894e+01
9.962999999999999634e-01,-1.633720477571430152e+01
9.959999999999999964e-01,-1.642389944780924793e+01
9.957000000000000295e-01,-1.635971042521846996e+01
9.949999999999999956e-01,-1.647628008176757675e+01
9.947000000000000286e-01,-1.647073572033936628e+01
9.940999999999999837e-01,-1.647090028857340371e+01
9.937000000000000277e-01,-1.656107642737173080e+01
9.933999999999999497e-01,-1.646762944569595533e+01
9.928000000000000158e-01,-1.646054318844734610e+01
9.923999999999999488e-01,-1.635753236126739907e+01
9.920999999999999819e-01,-1.637888132511163874e+01
9.913999999999999480e-01,-1.638659827429217941e+01
9.910999999999999810e-01,-1.650637917808986899e+01
9.908000000000000140e-01,-1.650617630799388635e+01
9.900999999999999801e-01,-1.654220882250350400e+01
9.898000000000000131e-01,-1.663762960397762214e+01
9.893999999999999462e-01,-1.652873840217207402e+01
9.888000000000000123e-01,-1.646310295467107210e+01
9.883999999999999453e-01,-1.641613837911467755e+01
9.880999999999999783e-01,-1.640219536144689627e+01
9.878000000000000114e-01,-1.641685783266323639e+01
9.870999999999999774e-01,-1.653040330382759038e+01
9.868000000000000105e-01,-1.645491980185841285e+01
9.860999999999999766e-01,-1.646861295063169450e+01
9.858000000000000096e-01,-1.643535294248059841e+01
9.855000000000000426e-01,-1.651965576508901279e+01
9.848000000000000087e-01,-1.644918025124602323e+01
9.845000000000000417e-01,-1.646888364579615782e+01
9.841999999999999638e-01,-1.640857506705305369e+01
9.835000000000000409e-01,-1.646350598357377137e+01
9.831999999999999629e-01,-1.638423555589286451e+01
9.828999999999999959e-01,-1.637659901112817806e+01
9.821999999999999620e-01,-1.638885593619986025e+01
9.818999999999999950e-01,-1.643509881757553615e+01
9.811999999999999611e-01,-1.642171999110524894e+01
9.808999999999999941e-01,-1.640735970534420929e+01
9.806000000000000272e-01,-1.643376185293237413e+01
9.798999999999999932e-01,-1.645179141682605106e+01
9.796000000000000263e-01,-1.650748122120904071e+01
9.792999999999999483e-01,-1.652409368088202868e+01
9.788999999999999924e-01,-1.653768078533910213e+01
9.782999999999999474e-01,-1.658045083798515407e+01
9.779999999999999805e-01,-1.634095238078120005e+01
9.777000000000000135e-01,-1.644413721923780258e+01
9.769999999999999796e-01,-1.647085506045822711e+01
9.767000000000000126e-01,-1.639709353589121221e+01
9.764000000000000457e-01,-1.633959431095828307e+01
9.757000000000000117e-01,-1.637150972517995484e+01
9.754000000000000448e-01,-1.650348668960303300e+01
9.749999999999999778e-01,-1.630325295137405917e+01
9.744000000000000439e-01,-1.624059389031071987e+01
9.739999999999999769e-01,-1.635643415865807881e+01
9.734000000000000430e-01,-1.629950986823261871e+01
9.729999999999999760e-01,-1.639192178003535005e+01
9.724000000000000421e-01,-1.639302044613840792e+01
9.720999999999999641e-01,-1.638759258047583245e+01
9.717000000000000082e-01,-1.651891106045450996e+01
9.710999999999999632e-01,-1.649288158440164409e+01
9.707000000000000073e-01,-1.649693617431771386e+01
9.704000000000000403e-01,-1.635966467488395892e+01
9.697000000000000064e-01,-1.615637878978372299e+01
9.694000000000000394e-01,-1.624316598118338462e+01
9.687000000000000055e-01,-1.631531189143549909e+01
9.684000000000000385e-01,-1.622431942711619257e+01
9.679999999999999716e-01,-1.638593899848384083e+01
9.674000000000000377e-01,-1.620821171783599368e+01
9.670999999999999597e-01,-1.632523834236756244e+01
9.667999999999999927e-01,-1.627540031704753787e+01
9.661999999999999478e-01,-1.628780747557605935e+01
9.657999999999999918e-01,-1.633177770037040588e+01
9.655000000000000249e-01,-1.633218390269209763e+01
9.651999999999999469e-01,-1.640619763978575918e+01
9.645000000000000240e-01,-1.639207071372815960e+01
9.641999999999999460e-01,-1.642754270260059002e+01
9.637999999999999901e-01,-1.629467902467323981e+01
9.631999999999999451e-01,-1.625965059809109192e+01
9.628999999999999782e-01,-1.635228528656471880e+01
9.626000000000000112e-01,-1.634128959812596094e+01
9.622000000000000552e-01,-1.626992749317922815e+01
9.616000000000000103e-01,-1.623704754835919672e+01
9.613000000000000433e-01,-1.622398358061055390e+01
9.606000000000000094e-01,-1.628203416574880436e+01
9.603000000000000425e-01,-1.629917319311974211e+01
9.598999999999999755e-01,-1.624250065560993050e+01
9.593000000000000416e-01,-1.626291419780040926e+01
9.589999999999999636e-01,-1.635927071361913576e+01
9.586000000000000076e-01,-1.633510462954934184e+01
9.579999999999999627e-01,-1.630208955117115011e+01
9.576999999999999957e-01,-1.625833463882253938e+01
9.573000000000000398e-01,-1.622138339622582137e+01
9.566999999999999948e-01,-1.629108424239635511e+01
9.563000000000000389e-01,-1.622653866873635309e+01
9.556999999999999940e-01,-1.621948935842231521e+01
9.553000000000000380e-01,-1.619552891269967176e+01
9.546999999999999931e-01,-1.628223585160987241e+01
9.544000000000000261e-01,-1.631385035776190051e+01
9.539999999999999591e-01,-1.627343004820215100e+01
9.534000000000000252e-01,-1.631691726370065965e+01
9.529999999999999583e-01,-1.620291229698289470e+01
9.526999999999999913e-01,-1.621762530534991598e+01
9.519999999999999574e-01,-1.622286676374300995e+01
9.516999999999999904e-01,-1.620727653767542620e+01
9.514000000000000234e-01,-1.618533456572484752e+01
9.507999999999999785e-01,-1.621605386724093734e+01
9.505000000000000115e-01,-1.616022779851533997e+01
9.500999999999999446e-01,-1.626516082776476324e+01
9.497999999999999776e-01,-1.621946873959847935e+01
9.489999999999999547e-01,-1.626754038088640897e+01
9.486999999999999877e-01,-1.618783290719275314e+01
9.483000000000000318e-01,-1.610260330563787079e+01
9.476999999999999869e-01,-1.604596018629977650e+01
9.474000000000000199e-01,-1.611886933164975844e+01
9.471000000000000529e-01,-1.620010427651387985e+01
9.464000000000000190e-01,-1.626071396765319932e+01
9.461000000000000520e-01,-1.620613556605650274e+01
9.457999999999999741e-01,-1.631405018614517033e+01
9.451000000000000512e-01,-1.631344603661884207e+01
9.447999999999999732e-01,-1.626820213182569930e+01
9.445000000000000062e-01,-1.620081852515917831e+01
9.438999999999999613e-01,-1.621508175894586046e+01
9.435000000000000053e-01,-1.619481570180672492e+01
9.427999999999999714e-01,-1.620542416222933824e+01
9.425000000000000044e-01,-1.623427261573696967e+01
9.421000000000000485e-01,-1.628467336324988324e+01
9.415000000000000036e-01,-1.621249448248299529e+01
9.411000000000000476e-01,-1.606485633511090327e+01
9.405000000000000027e-01,-1.601677866340757106e+01
9.401000000000000467e-01,-1.597716224909376592e+01
9.397999999999999687e-01,-1.614840095958674482e+01
9.392000000000000348e-01,-1.621783716251982810e+01
9.387999999999999678e-01,-1.627885918192590609e+01
9.385000000000000009e-01,-1.628476333575649804e+01
9.378999999999999559e-01,-1.632333433792577893e+01
9.375999999999999890e-01,-1.629761005206929170e+01
9.372000000000000330e-01,-1.631451032456567773e+01
9.365999999999999881e-01,-1.624800913692789095e+01
9.363000000000000211e-01,-1.621934884933834908e+01
9.360000000000000542e-01,-1.617259557837999040e+01
9.353000000000000203e-01,-1.621943186381437130e+01
9.350000000000000533e-01,-1.614390546788467162e+01
9.346999999999999753e-01,-1.610040460819682906e+01
9.340000000000000524e-01,-1.598855498368655148e+01
9.336999999999999744e-01,-1.600960292544454333e+01
9.334000000000000075e-01,-1.612454724100945214e+01
9.330000000000000515e-01,-1.601240029383476937e+01
9.324000000000000066e-01,-1.610077792225349214e+01
9.320000000000000506e-01,-1.614816946726568503e+01
9.317999999999999616e-01,-1.617804320796067330e+01
9.311000000000000387e-01,-1.615180818873114177e+01
9.306999999999999718e-01,-1.610668343342410935e+01
9.301000000000000378e-01,-1.608374986234459669e+01
9.297999999999999599e-01,-1.604806207592202227e+01
9.294000000000000039e-01,-1.604229276240100788e+01
9.287999999999999590e-01,-1.599834385398310133e+01
9.284000000000000030e-01,-1.607703280194407824e+01
9.281000000000000361e-01,-1.610549067867158968e+01
9.274000000000000021e-01,-1.604999658899918202e+01
9.271000000000000352e-01,-1.613192949912233232e+01
9.267999999999999572e-01,-1.612160024802031444e+01
9.261000000000000343e-01,-1.605552760248823674e+01
9.257999999999999563e-01,-1.601962830128454129e+01
9.254999999999999893e-01,-1.606003910820542302e+01
9.249000000000000554e-01,-1.603422817703708603e+01
9.244999999999999885e-01,-1.603965368847381967e+01
9.242000000000000215e-01,-1.606117458665523046e+01
9.239000000000000545e-01,-1.617519117467379175e+01
9.233000000000000096e-01,-1.606752954843582160e+01
9.230000000000000426e-01,-1.602571834734703771e+01
9.225999999999999757e-01,-1.600343204794301855e+01
9.219000000000000528e-01,-1.608209281786232481e+01
9.215999999999999748e-01,-1.599993484637605334e+01
9.212000000000000188e-01,-1.598959679957644475e+01
9.205999999999999739e-01,-1.606534280254017588e+01
9.203000000000000069e-01,-1.612404563304768601e+01
9.195999999999999730e-01,-1.608002396660413424e+01
9.193000000000000060e-01,-1.602051826466816919e+01
9.190000000000000391e-01,-1.601574860232400610e+01
9.183999999999999941e-01,-1.600830474503744583e+01
9.180000000000000382e-01,-1.599589785337123615e+01
9.173999999999999932e-01,-1.600824793548385827e+01
9.170000000000000373e-01,-1.596117572891199110e+01
9.166999999999999593e-01,-1.591391773514494723e+01
9.161000000000000254e-01,-1.598603454122694778e+01
9.157999999999999474e-01,-1.610585876312530829e+01
9.154999999999999805e-01,-1.611332140467108331e+01
9.151000000000000245e-01,-1.607352709647727096e+01
9.144999999999999796e-01,-1.602241033463501907e+01
9.142000000000000126e-01,-1.596994506881978282e+01
9.137999999999999456e-01,-1.597620815255171678e+01
9.134999999999999787e-01,-1.587291160845055416e+01
9.127999999999999448e-01,-1.604131395434530560e+01
9.124999999999999778e-01,-1.604978432844491110e+01
9.121000000000000218e-01,-1.605122102719888488e+01
9.114999999999999769e-01,-1.591542890869539129e+01
9.112000000000000099e-01,-1.598920070245805825e+01
9.108000000000000540e-01,-1.595357733678867973e+01
9.102000000000000091e-01,-1.588497241724815012e+01
9.099000000000000421e-01,-1.591431867643527198e+01
9.095999999999999641e-01,-1.584523541015552617e+01
9.089000000000000412e-01,-1.591707946663268025e+01
9.085999999999999632e-01,-1.592419492709327677e+01
9.082999999999999963e-01,-1.591519438747619475e+01
9.075999999999999623e-01,-1.600426381817617738e+01
9.072999999999999954e-01,-1.598324340224780649e+01
9.069000000000000394e-01,-1.587502105738379221e+01
9.062999999999999945e-01,-1.592505807522280925e+01
9.060000000000000275e-01,-1.595510858202224114e+01
9.052999999999999936e-01,-1.593335965335423943e+01
9.050000000000000266e-01,-1.592410122203211742e+01
9.046999999999999487e-01,-1.591396168396045496e+01
9.043999999999999817e-01,-1.599771990852920389e+01
9.038000000000000478e-01,-1.593366956235773380e+01
9.033999999999999808e-01,-1.583408462312446652e+01
9.031000000000000139e-01,-1.587534429322327512e+01
9.024999999999999689e-01,-1.583867515063371378e+01
9.021000000000000130e-01,-1.586648288038981036e+01
9.016999999999999460e-01,-1.594819031350003158e+01
9.010000000000000231e-01,-1.593792343415421264e+01
9.006999999999999451e-01,-1.593988371880687005e+01
9.001000000000000112e-01,-1.600134804314546955e+01
8.997000000000000552e-01,-1.603298361749667933e+01
8.993999999999999773e-01,-1.590834515030545226e+01
8.988000000000000433e-01,-1.599624028270170051e+01
8.984999999999999654e-01,-1.595658328967771311e+01
8.981999999999999984e-01,-1.598276074303434058e+01
8.975999999999999535e-01,-1.612360907845607727e+01
8.971999999999999975e-01,-1.600549868894110972e+01
8.969000000000000306e-01,-1.598535874440245763e+01
8.961999999999999966e-01,-1.589558255653128427e+01
8.959000000000000297e-01,-1.578304513468057202e+01
8.955999999999999517e-01,-1.574301454439451575e+01
8.949000000000000288e-01,-1.598201549082058115e+01
8.944999999999999618e-01,-1.580510747067635435e+01
8.939000000000000279e-01,-1.581262922223519674e+01
8.931999999999999940e-01,-1.583041128052171587e+01
8.928000000000000380e-01,-1.596186432602664951e+01
8.924999999999999600e-01,-1.589638649919771574e+01
8.919000000000000261e-01,-1.598734849072034159e+01
8.914999999999999591e-01,-1.601398856907526280e+01
8.909000000000000252e-01,-1.595949478247222331e+01
8.905999999999999472e-01,-1.592567061481182655e+01
8.901999999999999913e-01,-1.581800004238510127e+01
8.895999999999999464e-01,-1.593132800788684200e+01
8.891999999999999904e-01,-1.593431847710571247e+01
8.889000000000000234e-01,-1.589477199426614717e+01
8.885999999999999455e-01,-1.578142059020220422e+01
8.880000000000000115e-01,-1.589106452288824300e+01
8.877000000000000446e-01,-1.590483138576423094e+01
8.870000000000000107e-01,-1.577645424493999826e+01
8.866000000000000547e-01,-1.589621292041997691e+01
8.862999999999999767e-01,-1.583385565715059506e+01
8.856000000000000538e-01,-1.585745808102903531e+01
8.852999999999999758e-01,-1.581461878117571018e+01
8.849000000000000199e-01,-1.580145941058172099e+01
8.842999999999999750e-01,-1.581774880191804122e+01
8.840000000000000080e-01,-1.583090328041453887e+01
8.836000000000000520e-01,-1.584173027396528965e+01
8.830000000000000071e-01,-1.582490129419470648e+01
8.827000000000000401e-01,-1.585254335988699914e+01
8.822999999999999732e-01,-1.576169388841780439e+01
8.816000000000000503e-01,-1.581951804399024653e+01
8.810000000000000053e-01,-1.583081427165341282e+01
8.806000000000000494e-01,-1.585469330151675926e+01
8.802999999999999714e-01,-1.577330823631893608e+01
8.796000000000000485e-01,-1.581217782603292221e+01
8.792999999999999705e-01,-1.581382238963714393e+01
8.790000000000000036e-01,-1.592067685115845066e+01
8.782999999999999696e-01,-1.587085926313186057e+01
8.780000000000000027e-01,-1.584307104080503059e+01
8.773999999999999577e-01,-1.589118139095745796e+01
8.770000000000000018e-01,-1.585501583730979824e+01
8.763999999999999568e-01,-1.574330896350027764e+01
8.760999999999999899e-01,-1.576807371333434027e+01
8.757000000000000339e-01,-1.583707656574659417e+01
8.753999999999999559e-01,-1.584413691095238086e+01
8.747000000000000330e-01,-1.578297200061319217e+01
8.742999999999999661e-01,-1.577670496442709691e+01
8.739999999999999991e-01,-1.564565933766986028e+01
8.732999999999999652e-01,-1.569731457328540891e+01
8.729999999999999982e-01,-1.571737201051318067e+01
8.722999999999999643e-01,-1.584747832014520696e+01
8.719999999999999973e-01,-1.596692088480043026e+01
8.716000000000000414e-01,-1.594867884667653257e+01
8.709999999999999964e-01,-1.588915562222821976e+01
8.707000000000000295e-01,-1.583823388215310501e+01
8.702999999999999625e-01,-1.576094089859054392e+01
8.697000000000000286e-01,-1.581667935078448828e+01
8.692999999999999616e-01,-1.582340130758365682e+01
8.689999999999999947e-01,-1.578214097755249767e+01
8.682999999999999607e-01,-1.582532692045593770e+01
8.679999999999999938e-01,-1.573193288286972980e+01
8.677000000000000268e-01,-1.572770448648131847e+01
8.669999999999999929e-01,-1.589093607330081781e+01
8.667000000000000259e-01,-1.575726133877831892e+01
8.662999999999999590e-01,-1.569891505595506764e+01
8.657000000000000250e-01,-1.569108296644514056e+01
8.652999999999999581e-01,-1.563396863287448291e+01
8.649999999999999911e-01,-1.563529796686459150e+01
8.642999999999999572e-01,-1.565296176246743620e+01
8.639999999999999902e-01,-1.576045111716141456e+01
8.637000000000000233e-01,-1.579570059890957445e+01
8.632999999999999563e-01,-1.570693221705603193e+01
8.626000000000000334e-01,-1.566663436411430688e+01
8.622999999999999554e-01,-1.570120187790666222e+01
8.619999999999999885e-01,-1.560893135316458391e+01
8.612999999999999545e-01,-1.553851304745791317e+01
8.609999999999999876e-01,-1.565700030777775886e+01
8.606000000000000316e-01,-1.563682412703253810e+01
8.599999999999999867e-01,-1.558765620038897026e+01
8.596000000000000307e-01,-1.563009865407335042e+01
8.592999999999999527e-01,-1.566657053762307861e+01
8.587000000000000188e-01,-1.566852149097559455e+01
8.584000000000000519e-01,-1.556199859150848930e+01
8.579999999999999849e-01,-1.559910247490633317e+01
8.572999999999999510e-01,-1.558914428467662106e+01
8.569999999999999840e-01,-1.546103351908823242e+01
8.567000000000000171e-01,-1.547332861504997759e+01
8.559999999999999831e-01,-1.565657234388730501e+01
8.557000000000000162e-01,-1.580925839510024389e+01
8.554000000000000492e-01,-1.568613658759236351e+01
8.547000000000000153e-01,-1.559640867587344992e+01
8.542999999999999483e-01,-1.565225445550218275e+01
8.539999999999999813e-01,-1.564199540588073134e+01
8.532999999999999474e-01,-1.577038995551225931e+01
8.529999999999999805e-01,-1.562649450260146189e+01
8.526000000000000245e-01,-1.566386252550410596e+01
8.519999999999999796e-01,-1.563209657691579402e+01
8.517000000000000126e-01,-1.573198835056466294e+01
8.514000000000000457e-01,-1.561850975537034891e+01
8.506000000000000227e-01,-1.569720361820911947e+01
8.502999999999999448e-01,-1.564424327432237583e+01
8.499999999999999778e-01,-1.568675584336515172e+01
8.493000000000000549e-01,-1.562285945122367536e+01
8.489999999999999769e-01,-1.564132078861512198e+01
8.487000000000000099e-01,-1.567231462004017217e+01
8.480999999999999650e-01,-1.560064550578188758e+01
8.477000000000000091e-01,-1.558237333463682539e+01
8.474000000000000421e-01,-1.559846004210432469e+01
8.467000000000000082e-01,-1.563214838578210575e+01
8.463000000000000522e-01,-1.553653958091686249e+01
8.459999999999999742e-01,-1.551722897787516331e+01
8.453000000000000513e-01,-1.566173501908853538e+01
8.450999999999999623e-01,-1.557141661222803641e+01
8.447000000000000064e-01,-1.564166804379936515e+01
8.444000000000000394e-01,-1.568104157782046748e+01
8.437999999999999945e-01,-1.568012168770317771e+01
8.435000000000000275e-01,-1.558459555356809112e+01
8.428999999999999826e-01,-1.559225014903216788e+01
8.426000000000000156e-01,-1.548436840439525497e+01
8.423000000000000487e-01,-1.545615241278167851e+01
8.416000000000000147e-01,-1.563158574516537058e+01
8.413000000000000478e-01,-1.564876118554823670e+01
8.409999999999999698e-01,-1.568971933158351462e+01
8.404000000000000359e-01,-1.564581974246555696e+01
8.400999999999999579e-01,-1.561606061667468026e+01
8.397999999999999909e-01,-1.561209344376575103e+01
8.390999999999999570e-01,-1.569576131566843813e+01
8.387000000000000011e-01,-1.558703519168860474e+01
8.384000000000000341e-01,-1.565728218837535479e+01
8.377000000000000002e-01,-1.560763651014826792e+01
8.373000000000000442e-01,-1.552906486223691296e+01
8.366000000000000103e-01,-1.558205469919162667e+01
8.363000000000000433e-01,-1.553303016271411963e+01
8.359999999999999654e-01,-1.551997517339519561e+01
8.353000000000000425e-01,-1.565521236846102049e+01
8.349999999999999645e-01,-1.563563724089256013e+01
8.346999999999999975e-01,-1.553602440446172039e+01
8.344000000000000306e-01,-1.553360930506113213e+01
8.336999999999999966e-01,-1.540402722183678996e+01
8.334000000000000297e-01,-1.535011094770423412e+01
8.327999999999999847e-01,-1.543309317038350059e+01
8.325000000000000178e-01,-1.541388731039526938e+01
8.320999999999999508e-01,-1.549581336613018223e+01
8.317999999999999838e-01,-1.552760146476019010e+01
8.310999999999999499e-01,-1.551841918266839215e+01
8.307999999999999829e-01,-1.559888396178103065e+01
8.300999999999999490e-01,-1.558006683032254713e+01
8.297999999999999821e-01,-1.543023861246394723e+01
8.295000000000000151e-01,-1.547022005431346692e+01
8.288999999999999702e-01,-1.544506466560130065e+01
8.285000000000000142e-01,-1.553210829759871281e+01
8.278999999999999693e-01,-1.552537476961221863e+01
8.275000000000000133e-01,-1.544021804586685143e+01
8.272000000000000464e-01,-1.554183059054138916e+01
8.266000000000000014e-01,-1.545746476256989332e+01
8.262000000000000455e-01,-1.553262450658720084e+01
8.258999999999999675e-01,-1.553295784192717299e+01
8.252000000000000446e-01,-1.550063163705192615e+01
8.248999999999999666e-01,-1.550638110162589101e+01
8.245999999999999996e-01,-1.551258784542632085e+01
8.243000000000000327e-01,-1.554181292609830400e+01
8.235999999999999988e-01,-1.554555494425024342e+01
8.233000000000000318e-01,-1.561094606450557087e+01
8.225999999999999979e-01,-1.546144989208542420e+01
8.222000000000000419e-01,-1.554571020318477181e+01
8.218999999999999639e-01,-1.545300340228322433e+01
8.212000000000000410e-01,-1.544945826480355322e+01
8.208999999999999631e-01,-1.549557309572981900e+01
8.205000000000000071e-01,-1.554522564725093936e+01
8.197999999999999732e-01,-1.545979718154868365e+01
8.195000000000000062e-01,-1.551437668444264517e+01
8.191000000000000503e-01,-1.552928351751187463e+01
8.185000000000000053e-01,-1.560505624339557684e+01
8.178999999999999604e-01,-1.539084697878070962e+01
8.175999999999999934e-01,-1.543267270027520333e+01
8.168999999999999595e-01,-1.550198316650581631e+01
8.165999999999999925e-01,-1.545017865799136558e+01
8.159999999999999476e-01,-1.550302382992280137e+01
8.155999999999999917e-01,-1.548171106911123296e+01
8.153000000000000247e-01,-1.557701228126961723e+01
8.149999999999999467e-01,-1.552379807264478728e+01
8.143000000000000238e-01,-1.543441587315260222e+01
8.139999999999999458e-01,-1.546743119696710522e+01
8.135999999999999899e-01,-1.542996649874575610e+01
8.133000000000000229e-01,-1.536369082062146241e+01
8.125999999999999890e-01,-1.543945628086117594e+01
8.123000000000000220e-01,-1.541483751892631204e+01
8.120000000000000551e-01,-1.539572940984883154e+01
8.113000000000000211e-01,-1.550804920395732900e+01
8.110000000000000542e-01,-1.549236731702395531e+01
8.106999999999999762e-01,-1.544880530166834198e+01
8.104000000000000092e-01,-1.545985068748950653e+01
8.096999999999999753e-01,-1.543594770537018412e+01
8.094000000000000083e-01,-1.547292170770084319e+01
8.091000000000000414e-01,-1.547949657390293154e+01
8.084000000000000075e-01,-1.549615956837708808e+01
8.080000000000000515e-01,-1.540980306839571945e+01
8.076999999999999735e-01,-1.535881451276968335e+01
8.071000000000000396e-01,-1.537139619532824142e+01
8.067999999999999616e-01,-1.521385269088069592e+01
8.064000000000000057e-01,-1.530786064069429564e+01
8.057999999999999607e-01,-1.542082747585330615e+01
8.054999999999999938e-01,-1.548104930357702180e+01
8.052000000000000268e-01,-1.544683013558548268e+01
8.044999999999999929e-01,-1.545027567510012112e+01
8.041000000000000369e-01,-1.525559037574425503e+01
8.037999999999999590e-01,-1.535740882621233716e+01
8.031000000000000361e-01,-1.535675847682323791e+01
8.027999999999999581e-01,-1.530870327727928348e+01
8.021000000000000352e-01,-1.542080562579768710e+01
8.016999999999999682e-01,-1.541084651623279456e+01
8.011000000000000343e-01,-1.532371215164042155e+01
8.007999999999999563e-01,-1.531932819358863540e+01
8.004999999999999893e-01,-1.526708185923151717e+01
7.997999999999999554e-01,-1.529695250921747984e+01
7.994999999999999885e-01,-1.536787147379484963e+01
7.992000000000000215e-01,-1.538685793054930429e+01
7.984999999999999876e-01,-1.550254635471186937e+01
7.982000000000000206e-01,-1.557890428578179254e+01
7.977999999999999536e-01,-1.550087368270454391e+01
7.974999999999999867e-01,-1.546093291631064837e+01
7.967999999999999527e-01,-1.546013464330314413e+01
7.964999999999999858e-01,-1.534538596221473483e+01
7.962000000000000188e-01,-1.542148763386350829e+01
7.954999999999999849e-01,-1.540969952836569767e+01
7.952000000000000179e-01,-1.542256860399202090e+01
7.949000000000000510e-01,-1.535707362106206908e+01
7.943000000000000060e-01,-1.529983609998356009e+01
7.940000000000000391e-01,-1.533747498577466040e+01
7.935999999999999721e-01,-1.531791907055796109e+01
7.930000000000000382e-01,-1.538087913553675889e+01
7.925999999999999712e-01,-1.526029552942837242e+01
7.923000000000000043e-01,-1.526377272611572877e+01
7.915999999999999703e-01,-1.528640881235717508e+01
7.913000000000000034e-01,-1.534837895376334593e+01
7.909000000000000474e-01,-1.540548052663204537e+01
7.902000000000000135e-01,-1.530675408626556688e+01
7.899000000000000465e-01,-1.532971768754120490e+01
7.895999999999999686e-01,-1.521722603233773441e+01
7.892000000000000126e-01,-1.538089991883692598e+01
7.885999999999999677e-01,-1.541713238088233240e+01
7.882000000000000117e-01,-1.541750024125652629e+01
7.879000000000000448e-01,-1.540358157480700640e+01
7.875999999999999668e-01,-1.539363622058091075e+01
7.869000000000000439e-01,-1.536473114577031929e+01
7.865999999999999659e-01,-1.534914501336243475e+01
7.862999999999999989e-01,-1.539052990917064534e+01
7.856999999999999540e-01,-1.534840572983611118e+01
7.852999999999999980e-01,-1.533171985924281344e+01
7.850000000000000311e-01,-1.531483636420345462e+01
7.846999999999999531e-01,-1.527810240987206925e+01
7.840000000000000302e-01,-1.528329898020592026e+01
7.836999999999999522e-01,-1.526083827514670688e+01
7.833999999999999853e-01,-1.536434774755601396e+01
7.831000000000000183e-01,-1.522657949123359877e+01
7.823999999999999844e-01,-1.530254821875019466e+01
7.821000000000000174e-01,-1.532767879329046146e+01
7.816999999999999504e-01,-1.532569106663652825e+01
7.811000000000000165e-01,-1.528413520900133094e+01
7.806999999999999496e-01,-1.531986770598060055e+01
7.803999999999999826e-01,-1.521649336962286192e+01
7.796999999999999487e-01,-1.521030725020961327e+01
7.790000000000000258e-01,-1.516165707595579271e+01
7.786999999999999478e-01,-1.522277575669965444e+01
7.780000000000000249e-01,-1.520648546757454689e+01
7.776999999999999469e-01,-1.526483311921058750e+01
7.771000000000000130e-01,-1.536301713506741784e+01
7.768000000000000460e-01,-1.529247440985471229e+01
7.763999999999999790e-01,-1.522798533184939451e+01
7.758000000000000451e-01,-1.522237846480626189e+01
7.753999999999999782e-01,-1.518245965874886672e+01
7.751000000000000112e-01,-1.523983598779926218e+01
7.743999999999999773e-01,-1.525413980604526110e+01
7.741000000000000103e-01,-1.534233475484194820e+01
7.738000000000000433e-01,-1.542983133397141771e+01
7.731000000000000094e-01,-1.545610583278947026e+01
7.728000000000000425e-01,-1.532024446894448388e+01
7.721999999999999975e-01,-1.524472377521296096e+01
7.718000000000000416e-01,-1.522765971422911413e+01
7.714999999999999636e-01,-1.521703959410664808e+01
7.708000000000000407e-01,-1.526796177353604378e+01
7.704999999999999627e-01,-1.531287068215134184e+01
7.701999999999999957e-01,-1.522203660762055932e+01
7.699000000000000288e-01,-1.523294073417051564e+01
7.691999999999999948e-01,-1.532759518469740989e+01
7.688000000000000389e-01,-1.511338265692413430e+01
7.681000000000000050e-01,-1.513778906617616471e+01
7.678000000000000380e-01,-1.516883963426952953e+01
7.673999999999999710e-01,-1.518594561541585719e+01
7.671000000000000041e-01,-1.524237972873225822e+01
7.663999999999999702e-01,-1.516151101962270609e+01
7.658000000000000362e-01,-1.514381197374138210e+01
7.654999999999999583e-01,-1.512583433370961927e+01
7.651000000000000023e-01,-1.516654554295374524e+01
7.644999999999999574e-01,-1.526764372520922031e+01
7.641000000000000014e-01,-1.525702408381370745e+01
7.638000000000000345e-01,-1.521745535339727162e+01
7.631000000000000005e-01,-1.531246854031857296e+01
7.623999999999999666e-01,-1.519750995572421637e+01
7.620999999999999996e-01,-1.515637708049705878e+01
7.618000000000000327e-01,-1.516895313368200249e+01
7.610999999999999988e-01,-1.522492692169318751e+01
7.608000000000000318e-01,-1.531953304243043057e+01
7.603999999999999648e-01,-1.516310446164903425e+01
7.598000000000000309e-01,-1.517144937317948816e+01
7.594999999999999529e-01,-1.529345537530386245e+01
7.588000000000000300e-01,-1.526802663614334321e+01
7.584999999999999520e-01,-1.522510519464601053e+01
7.581999999999999851e-01,-1.516028669435402065e+01
7.574999999999999512e-01,-1.520922162026299596e+01
7.571999999999999842e-01,-1.520975707712379155e+01
7.569000000000000172e-01,-1.520846060192176985e+01
7.561999999999999833e-01,-1.514969330922320445e+01
7.559000000000000163e-01,-1.519925923714731475e+01
7.554999999999999494e-01,-1.517297456455511373e+01
7.549000000000000155e-01,-1.514512824617670184e+01
7.544999999999999485e-01,-1.511346341904352286e+01
7.541999999999999815e-01,-1.511502153315087682e+01
7.534999999999999476e-01,-1.509779627721155570e+01
7.531999999999999806e-01,-1.516095500608905233e+01
7.528000000000000247e-01,-1.523033019455331427e+01
7.521999999999999797e-01,-1.515105284161273680e+01
7.518000000000000238e-01,-1.518992547434637785e+01
7.511999999999999789e-01,-1.521755927299155431e+01
7.509000000000000119e-01,-1.521544787850556979e+01
7.504999999999999449e-01,-1.505727910415133941e+01
7.499000000000000110e-01,-1.507976640227727927e+01
7.496000000000000441e-01,-1.502184506090766725e+01
7.491999999999999771e-01,-1.507366579191577927e+01
7.485000000000000542e-01,-1.504013688873387444e+01
7.481999999999999762e-01,-1.501416749106173221e+01
7.479000000000000092e-01,-1.505181272788381719e+01
7.472999999999999643e-01,-1.516537831073219067e+01
7.469999999999999973e-01,-1.500045378723720901e+01
7.466000000000000414e-01,-1.494991756874714994e+01
7.462999999999999634e-01,-1.509822579860327352e+01
7.456000000000000405e-01,-1.510671663907401197e+01
7.452999999999999625e-01,-1.524613364453754727e+01
7.449999999999999956e-01,-1.519892040058468829e+01
7.442999999999999616e-01,-1.521027685205634761e+01
7.439999999999999947e-01,-1.526367550005380558e+01
7.437000000000000277e-01,-1.510848466722523931e+01
7.430999999999999828e-01,-1.516271801401437891e+01
7.427000000000000268e-01,-1.515936112947546199e+01
7.420999999999999819e-01,-1.514683924135218973e+01
7.417000000000000259e-01,-1.511771617979671234e+01
7.413999999999999480e-01,-1.509237739688766844e+01
7.407000000000000250e-01,-1.501100797239524454e+01
7.403999999999999471e-01,-1.501265822813754447e+01
7.400999999999999801e-01,-1.504729815188458275e+01
7.397000000000000242e-01,-1.506673295019788128e+01
7.390999999999999792e-01,-1.504984928223608165e+01
7.387000000000000233e-01,-1.512908134688635542e+01
7.380999999999999783e-01,-1.518989619803019764e+01
7.377000000000000224e-01,-1.532386664606618254e+01
7.374000000000000554e-01,-1.525424771971822402e+01
7.370999999999999774e-01,-1.505007698202262567e+01
7.364000000000000545e-01,-1.522500926799050269e+01
7.359999999999999876e-01,-1.517644821451306569e+01
7.357000000000000206e-01,-1.514810412464266065e+01
7.349999999999999867e-01,-1.496863818342790431e+01
7.347000000000000197e-01,-1.507149291569186467e+01
7.344000000000000528e-01,-1.510943124502575685e+01
7.338000000000000078e-01,-1.502980092344023966e+01
7.335000000000000409e-01,-1.510217790714665043e+01
7.328000000000000069e-01,-1.508018994416720737e+01
7.325000000000000400e-01,-1.517090209687951408e+01
7.321999999999999620e-01,-1.512588861623098069e+01
7.315000000000000391e-01,-1.494075029888145068e+01
7.311999999999999611e-01,-1.493401836495751311e+01
7.308999999999999941e-01,-1.503323755669677020e+01
7.301999999999999602e-01,-1.496790536891596801e+01
7.298999999999999932e-01,-1.488000761644811121e+01
7.295000000000000373e-01,-1.496222603382044092e+01
7.288999999999999924e-01,-1.511435611864717110e+01
7.286000000000000254e-01,-1.493173280413201809e+01
7.281999999999999584e-01,-1.486954872933427296e+01
7.276000000000000245e-01,-1.497452840198620549e+01
7.271999999999999575e-01,-1.501320619556644331e+01
7.268999999999999906e-01,-1.502094466552606278e+01
7.261999999999999567e-01,-1.502774081887890745e+01
7.258999999999999897e-01,-1.512032825659852975e+01
7.256000000000000227e-01,-1.511987050546465738e+01
7.249999999999999778e-01,-1.515301269211840385e+01
7.247000000000000108e-01,-1.515684249676673190e+01
7.244000000000000439e-01,-1.520498618438857719e+01
7.237000000000000099e-01,-1.516226525460004382e+01
7.234000000000000430e-01,-1.511683396020722903e+01
7.227000000000000091e-01,-1.514225531110864686e+01
7.223000000000000531e-01,-1.510165110744929606e+01
7.219999999999999751e-01,-1.507219584284142577e+01
7.213000000000000522e-01,-1.510113415663771264e+01
7.209999999999999742e-01,-1.510023412629579020e+01
7.207000000000000073e-01,-1.504640639273958236e+01
7.199999999999999734e-01,-1.510224619656469436e+01
7.197000000000000064e-01,-1.513039079396438069e+01
7.193000000000000504e-01,-1.504822171432950562e+01
7.187000000000000055e-01,-1.517324775736688913e+01
7.184000000000000385e-01,-1.516314211143805046e+01
7.179999999999999716e-01,-1.514393909875441580e+01
7.174000000000000377e-01,-1.500304966016155106e+01
7.170999999999999597e-01,-1.504478211938782550e+01
7.167000000000000037e-01,-1.498934436411488846e+01
7.160999999999999588e-01,-1.509097916997485811e+01
7.157000000000000028e-01,-1.511637318584082479e+01
7.154000000000000359e-01,-1.508516040213125819e+01
7.147000000000000020e-01,-1.518109207963094853e+01
7.144000000000000350e-01,-1.506588077977884232e+01
7.139999999999999680e-01,-1.507441480665403333e+01
7.134000000000000341e-01,-1.507216561206260685e+01
7.130999999999999561e-01,-1.502586019374490078e+01
7.124000000000000332e-01,-1.498875183379953846e+01
7.116999999999999993e-01,-1.500975071280965345e+01
7.114000000000000323e-01,-1.495131689513594075e+01
7.110999999999999543e-01,-1.504332402950166880e+01
7.104000000000000314e-01,-1.507422779838856286e+01
7.100999999999999535e-01,-1.500768811925077095e+01
7.096999999999999975e-01,-1.502704449782401142e+01
7.090999999999999526e-01,-1.509562714282477636e+01
7.086999999999999966e-01,-1.515984726647252501e+01
7.084000000000000297e-01,-1.501460272064552726e+01
7.077999999999999847e-01,-1.505383002537640991e+01
7.074000000000000288e-01,-1.503124357379783582e+01
7.070999999999999508e-01,-1.504109250564751221e+01
7.066999999999999948e-01,-1.488752626885693786e+01
7.060999999999999499e-01,-1.501071579832246172e+01
7.057999999999999829e-01,-1.494613557899756451e+01
7.054000000000000270e-01,-1.502402869673711372e+01
7.047999999999999821e-01,-1.503479901730862167e+01
7.044000000000000261e-01,-1.497547872955969694e+01
7.040999999999999481e-01,-1.500264104564797130e+01
7.034000000000000252e-01,-1.500352623779966876e+01
7.030999999999999472e-01,-1.506085025845295355e+01
7.025000000000000133e-01,-1.497823035593107122e+01
7.020999999999999464e-01,-1.498072455761367472e+01
7.017999999999999794e-01,-1.496289321957578267e+01
7.010999999999999455e-01,-1.502549371216075791e+01
7.007999999999999785e-01,-1.503079959298495716e+01
7.005000000000000115e-01,-1.489169702520477756e+01
6.997999999999999776e-01,-1.479763522212905080e+01
6.991000000000000547e-01,-1.478688670806752725e+01
6.987999999999999767e-01,-1.482677000534810041e+01
6.985000000000000098e-01,-1.484586995461213021e+01
6.982000000000000428e-01,-1.494459258923747136e+01
6.975000000000000089e-01,-1.496322811270741227e+01
6.972000000000000419e-01,-1.492038674435905854e+01
6.965000000000000080e-01,-1.491284507758039446e+01
6.961000000000000520e-01,-1.484600889463637330e+01
6.957999999999999741e-01,-1.496214626373892997e+01
6.952000000000000401e-01,-1.504758656490252910e+01
6.947999999999999732e-01,-1.501770736066958634e+01
6.945000000000000062e-01,-1.494658692770259023e+01
6.942000000000000393e-01,-1.490537686971065234e+01
6.935000000000000053e-01,-1.482596590425683303e+01
6.932000000000000384e-01,-1.477846139026619809e+01
6.925000000000000044e-01,-1.489173403121093742e+01
6.922000000000000375e-01,-1.498730005449113634e+01
6.915000000000000036e-01,-1.496462248393145167e+01
6.912000000000000366e-01,-1.491914017137099435e+01
6.907999999999999696e-01,-1.495584610891349087e+01
6.901000000000000467e-01,-1.499120131160519520e+01
6.897999999999999687e-01,-1.497220618070730502e+01
6.892000000000000348e-01,-1.493532820825618046e+01
6.887999999999999678e-01,-1.489848115385321314e+01
6.885000000000000009e-01,-1.495444857037555764e+01
6.882000000000000339e-01,-1.506601398720856366e+01
6.875000000000000000e-01,-1.494161540140006394e+01
6.871000000000000441e-01,-1.490979644154823092e+01
6.867999999999999661e-01,-1.488208363898211495e+01
6.861000000000000432e-01,-1.484612681485570818e+01
6.857999999999999652e-01,-1.495436265274031129e+01
6.854000000000000092e-01,-1.490318548284493438e+01
6.847999999999999643e-01,-1.478855664285546112e+01
6.844999999999999973e-01,-1.487967622978364801e+01
6.841000000000000414e-01,-1.499899324066194772e+01
6.834000000000000075e-01,-1.493936918936069169e+01
6.831000000000000405e-01,-1.484624344592864986e+01
6.827999999999999625e-01,-1.485653172456132687e+01
6.821000000000000396e-01,-1.496492646292724515e+01
6.814000000000000057e-01,-1.485268727338326400e+01
6.811000000000000387e-01,-1.480854000780679591e+01
6.807999999999999607e-01,-1.486889890867258401e+01
6.801000000000000378e-01,-1.483027167683255776e+01
6.797999999999999599e-01,-1.486294624888371096e+01
6.794000000000000039e-01,-1.487925839520438664e+01
6.787999999999999590e-01,-1.481973740524548866e+01
6.784999999999999920e-01,-1.478500272049498143e+01
6.782000000000000250e-01,-1.477770704909914912e+01
6.774999999999999911e-01,-1.495272794234158198e+01
6.772000000000000242e-01,-1.486289265613975275e+01
6.767999999999999572e-01,-1.489565218657515722e+01
6.761000000000000343e-01,-1.491430714957919434e+01
6.757999999999999563e-01,-1.496739618769915836e+01
6.754999999999999893e-01,-1.494741569577975859e+01
6.751000000000000334e-01,-1.482500304191532514e+01
6.743999999999999995e-01,-1.491998059167205426e+01
6.741000000000000325e-01,-1.484015602842524117e+01
6.737999999999999545e-01,-1.476957652052739078e+01
6.731000000000000316e-01,-1.477750768490724020e+01
6.726999999999999647e-01,-1.483915336126179518e+01
6.721000000000000307e-01,-1.493584781589729715e+01
6.717999999999999527e-01,-1.487845517555092378e+01
6.713999999999999968e-01,-1.480583506895784573e+01
6.706999999999999629e-01,-1.481008382419940084e+01
6.703999999999999959e-01,-1.490483493579606744e+01
6.700000000000000400e-01,-1.495500906526026341e+01
6.693999999999999950e-01,-1.480333059669884044e+01
6.686999999999999611e-01,-1.485182418186807851e+01
6.683999999999999941e-01,-1.484552440505198412e+01
6.680000000000000382e-01,-1.487400244395559135e+01
6.676999999999999602e-01,-1.498835468427108353e+01
6.670000000000000373e-01,-1.492535342925201824e+01
6.666999999999999593e-01,-1.481871763703481548e+01
6.663999999999999924e-01,-1.484605934411673012e+01
6.656999999999999584e-01,-1.488376985886979220e+01
6.653999999999999915e-01,-1.490609267030089313e+01
6.646999999999999575e-01,-1.485032560324481921e+01
6.643999999999999906e-01,-1.494334462732622981e+01
6.636999999999999567e-01,-1.490943816841996572e+01
6.633999999999999897e-01,-1.494642320016897585e+01
6.631000000000000227e-01,-1.496971954300877705e+01
6.623999999999999888e-01,-1.490715917746793551e+01
6.616999999999999549e-01,-1.485841041906294357e+01
6.613999999999999879e-01,-1.482905928346925073e+01
6.608000000000000540e-01,-1.488590494996148017e+01
6.603999999999999870e-01,-1.481347602376014549e+01
6.598000000000000531e-01,-1.477334732512235149e+01
6.594999999999999751e-01,-1.480313414594664678e+01
6.591000000000000192e-01,-1.470522110342993649e+01
6.584999999999999742e-01,-1.472644973269203383e+01
6.581000000000000183e-01,-1.465779070143318563e+01
6.574999999999999734e-01,-1.467531915031522161e+01
6.571000000000000174e-01,-1.469888305218550961e+01
6.568000000000000504e-01,-1.479789350770609246e+01
6.561000000000000165e-01,-1.486979715150426173e+01
6.558000000000000496e-01,-1.482873238882794631e+01
6.553999999999999826e-01,-1.483871665405979812e+01
6.548000000000000487e-01,-1.488925436615414277e+01
6.543999999999999817e-01,-1.489730455679185184e+01
6.541000000000000147e-01,-1.487909544139517237e+01
6.534999999999999698e-01,-1.475484088153660522e+01
6.531000000000000139e-01,-1.478526044422024199e+01
6.528000000000000469e-01,-1.471661163852311027e+01
6.521000000000000130e-01,-1.474105169383460279e+01
6.518000000000000460e-01,-1.472301738862733700e+01
6.514999999999999680e-01,-1.474958437738390771e+01
6.512000000000000011e-01,-1.469315974191778196e+01
6.502000000000000002e-01,-1.472592897062965633e+01
6.494999999999999662e-01,-1.478630457582711166e+01
6.489000000000000323e-01,-1.471626467498066404e+01
6.485999999999999543e-01,-1.472930876132410383e+01
6.482999999999999874e-01,-1.477331894201580909e+01
6.475999999999999535e-01,-1.475624626240175985e+01
6.472999999999999865e-01,-1.474967525331915752e+01
6.469000000000000306e-01,-1.471103566709538235e+01
6.462999999999999856e-01,-1.475796298613897228e+01
6.459000000000000297e-01,-1.475129988020174743e+01
6.452999999999999847e-01,-1.465709679152335809e+01
6.450000000000000178e-01,-1.462480753818438650e+01
6.447000000000000508e-01,-1.469829237353880202e+01
6.441000000000000059e-01,-1.472502538379079695e+01
6.437000000000000499e-01,-1.473164700115034442e+01
6.431000000000000050e-01,-1.469201544197209763e+01
6.428000000000000380e-01,-1.467544586682793728e+01
6.421999999999999931e-01,-1.463664767329042249e+01
6.419000000000000261e-01,-1.460138371764197274e+01
6.415999999999999481e-01,-1.466631539412781216e+01
6.409000000000000252e-01,-1.482199552310121327e+01
6.405999999999999472e-01,-1.480846079169014295e+01
6.400000000000000133e-01,-1.488195883820285559e+01
6.397000000000000464e-01,-1.487484429027801802e+01
6.392999999999999794e-01,-1.477970383758344930e+01
6.387000000000000455e-01,-1.466676207637958917e+01
6.383999999999999675e-01,-1.480896007964634720e+01
6.378000000000000336e-01,-1.467126700130496175e+01
6.374999999999999556e-01,-1.471941209353283853e+01
6.371999999999999886e-01,-1.465258576965220882e+01
6.364999999999999547e-01,-1.465538563486965984e+01
6.361999999999999877e-01,-1.462553170267673330e+01
6.356000000000000538e-01,-1.463815227349630632e+01
6.352999999999999758e-01,-1.458971128156082919e+01
6.350000000000000089e-01,-1.469416786146864062e+01
6.343999999999999639e-01,-1.478036269289429505e+01
6.340999999999999970e-01,-1.477351868947578772e+01
6.337000000000000410e-01,-1.467945099354502148e+01
6.330999999999999961e-01,-1.468804633895284084e+01
6.328000000000000291e-01,-1.466716996735223688e+01
6.324999999999999512e-01,-1.464735619992078419e+01
6.319000000000000172e-01,-1.471362381256667184e+01
6.316000000000000503e-01,-1.468401994560858448e+01
6.312999999999999723e-01,-1.473756880257335489e+01
6.307000000000000384e-01,-1.476262983844071286e+01
6.303999999999999604e-01,-1.480554246794012485e+01
6.298000000000000265e-01,-1.485003917934832707e+01
6.294999999999999485e-01,-1.482419010826368044e+01
6.289000000000000146e-01,-1.481030419480822857e+01
6.286000000000000476e-01,-1.485267005933935813e+01
6.282999999999999696e-01,-1.478348993335688810e+01
6.280000000000000027e-01,-1.478470185854183505e+01
6.273999999999999577e-01,-1.474043634424214133e+01
6.270999999999999908e-01,-1.478527379831229283e+01
6.263999999999999568e-01,-1.475723010001782320e+01
6.260999999999999899e-01,-1.473797845227033143e+01
6.254999999999999449e-01,-1.468149080446033672e+01
6.251999999999999780e-01,-1.477197816240729011e+01
6.249000000000000110e-01,-1.477159523026660715e+01
6.242999999999999661e-01,-1.481297978734334286e+01
6.240999999999999881e-01,-1.479745063098607183e+01
6.238000000000000211e-01,-1.471049218841535478e+01
6.231999999999999762e-01,-1.466459493230220446e+01
6.229000000000000092e-01,-1.470953551506544166e+01
6.226000000000000423e-01,-1.478399188573524903e+01
6.219999999999999973e-01,-1.476681473383100673e+01
6.217000000000000304e-01,-1.471217773262650397e+01
6.213999999999999524e-01,-1.484223017182966586e+01
6.208000000000000185e-01,-1.485965154248182429e+01
6.205000000000000515e-01,-1.469840205571412284e+01
6.199000000000000066e-01,-1.462881836369551003e+01
6.196000000000000396e-01,-1.464231474463777083e+01
6.192999999999999616e-01,-1.482021319299409789e+01
6.186000000000000387e-01,-1.487997958134383936e+01
6.182999999999999607e-01,-1.478671977251403824e+01
6.179999999999999938e-01,-1.472916101883381401e+01
6.177000000000000268e-01,-1.466570942629183349e+01
6.171999999999999709e-01,-1.461872840070200397e+01
6.169000000000000039e-01,-1.452986153570113004e+01
6.166000000000000369e-01,-1.468731801300068796e+01
6.159999999999999920e-01,-1.466614167690118542e+01
6.158000000000000140e-01,-1.466765084317785472e+01
6.155000000000000471e-01,-1.462440923198247589e+01
6.148000000000000131e-01,-1.462197512991352610e+01
6.146000000000000352e-01,-1.454446312359981519e+01
6.142999999999999572e-01,-1.466740634918613573e+01
6.132999999999999563e-01,-1.469460250340479845e+01
6.129999999999999893e-01,-1.479012791142228167e+01
6.127000000000000224e-01,-1.467889200499582181e+01
6.120999999999999774e-01,-1.456898426673569702e+01
6.118000000000000105e-01,-1.460229237348056586e+01
6.111999999999999655e-01,-1.459817992871944803e+01
6.108999999999999986e-01,-1.455781996952502944e+01
6.106000000000000316e-01,-1.446411136768110595e+01
6.099999999999999867e-01,-1.450879998323223141e+01
6.097000000000000197e-01,-1.465177594866399069e+01
6.090999999999999748e-01,-1.460745326690724255e+01
6.088000000000000078e-01,-1.467213592837623004e+01
6.080999999999999739e-01,-1.467691728047754118e+01
6.078000000000000069e-01,-1.472519442458145100e+01
6.075000000000000400e-01,-1.465359763755183486e+01
6.068999999999999950e-01,-1.466049130297913550e+01
6.066000000000000281e-01,-1.456541938154639482e+01
6.062999999999999501e-01,-1.462276242672373705e+01
6.056000000000000272e-01,-1.461213602557600488e+01
6.052999999999999492e-01,-1.452630954169396205e+01
6.049999999999999822e-01,-1.459842753652749003e+01
6.044000000000000483e-01,-1.460049842561877576e+01
6.040999999999999703e-01,-1.461141653934447326e+01
6.038000000000000034e-01,-1.459799030596184721e+01
6.030999999999999694e-01,-1.460534588902193853e+01
6.028000000000000025e-01,-1.452318070038196751e+01
6.025000000000000355e-01,-1.455903116943666298e+01
6.018000000000000016e-01,-1.455540698824895429e+01
6.015000000000000346e-01,-1.453840139664487907e+01
6.011999999999999567e-01,-1.452080354039184762e+01
6.005000000000000338e-01,-1.455334856595392701e+01
6.001999999999999558e-01,-1.448450349449126406e+01
5.996000000000000218e-01,-1.442702381298979120e+01
5.991999999999999549e-01,-1.449399206282005892e+01
5.988999999999999879e-01,-1.466276240680306309e+01
5.986000000000000210e-01,-1.459193175075588655e+01
5.978999999999999870e-01,-1.463237590132423094e+01
5.976000000000000201e-01,-1.456012142223841721e+01
5.967999999999999972e-01,-1.461524250074615949e+01
5.965000000000000302e-01,-1.456073807756938088e+01
5.961999999999999522e-01,-1.463144871341349251e+01
5.957999999999999963e-01,-1.458547188603557387e+01
5.950999999999999623e-01,-1.466632367486614719e+01
5.947999999999999954e-01,-1.461881925614687283e+01
5.940999999999999615e-01,-1.469553731239204808e+01
5.937999999999999945e-01,-1.461749224608080411e+01
5.929999999999999716e-01,-1.458409871268476543e+01
5.927000000000000046e-01,-1.458598671950370473e+01
5.923000000000000487e-01,-1.460345989296937752e+01
5.918999999999999817e-01,-1.446900253114337787e+01
5.911999999999999478e-01,-1.447010356591836278e+01
5.907999999999999918e-01,-1.453525406956155130e+01
5.905000000000000249e-01,-1.454070534452562136e+01
5.897999999999999909e-01,-1.463840370872692986e+01
5.894000000000000350e-01,-1.453219161682769922e+01
5.889999999999999680e-01,-1.454207459471411390e+01
5.886000000000000121e-01,-1.451614826493341148e+01
5.878999999999999782e-01,-1.452803063633047564e+01
5.875000000000000222e-01,-1.457756030399303881e+01
5.870999999999999552e-01,-1.447473494908778413e+01
5.863000000000000433e-01,-1.455501679425768735e+01
5.859999999999999654e-01,-1.461914715000260223e+01
5.856000000000000094e-01,-1.449518933281474986e+01
5.847999999999999865e-01,-1.460211569136336429e+01
5.844000000000000306e-01,-1.455377144532390332e+01
5.839999999999999636e-01,-1.455479950936075539e+01
5.832000000000000517e-01,-1.447493553903174401e+01
5.827999999999999847e-01,-1.442764560085109338e+01
5.824000000000000288e-01,-1.446483488139801210e+01
5.815000000000000169e-01,-1.447893979398835107e+01
5.810999999999999499e-01,-1.441773173702235233e+01
5.803000000000000380e-01,-1.451966493845558936e+01
5.799999999999999600e-01,-1.436580846182478055e+01
5.792000000000000481e-01,-1.437634383311629094e+01
5.786999999999999922e-01,-1.440180031685870254e+01
5.783000000000000362e-01,-1.442893800289368400e+01
5.778999999999999693e-01,-1.453058786424904447e+01
5.769999999999999574e-01,-1.442377009102995977e+01
5.766000000000000014e-01,-1.446733692107120284e+01
5.762000000000000455e-01,-1.438904617388431539e+01
5.753000000000000336e-01,-1.439021980486707797e+01
5.748999999999999666e-01,-1.432971797606322895e+01
5.739999999999999547e-01,-1.446434059903705105e+01
5.735999999999999988e-01,-1.450767676710127496e+01
5.732000000000000428e-01,-1.452382893182583778e+01
5.723000000000000309e-01,-1.463915024059146752e+01
5.718999999999999639e-01,-1.460429230267928880e+01
5.714000000000000190e-01,-1.453140827807697733e+01
5.705999999999999961e-01,-1.440870151739742688e+01
5.701000000000000512e-01,-1.438284096428330372e+01
5.696999999999999842e-01,-1.437313797264389059e+01
5.687999999999999723e-01,-1.455811661809436686e+01
5.678999999999999604e-01,-1.462837607969355247e+01
5.674000000000000155e-01,-1.436928784814706717e+01
5.668999999999999595e-01,-1.445201336569322947e+01
5.659999999999999476e-01,-1.440116660228222756e+01
5.655999999999999917e-01,-1.433723583981602268e+01
5.645999999999999908e-01,-1.437993177937401157e+01
5.642000000000000348e-01,-1.439948183152364791e+01
5.632000000000000339e-01,-1.438544751616475637e+01
5.627999999999999670e-01,-1.459354416548505284e+01
5.617999999999999661e-01,-1.456832803388707909e+01
5.614000000000000101e-01,-1.459140904024819640e+01
5.608999999999999542e-01,-1.458172156533679065e+01
5.600000000000000533e-01,-1.463419617076045220e+01
5.594999999999999973e-01,-1.445270061069927081e+01
5.584999999999999964e-01,-1.453201399114435333e+01
5.581000000000000405e-01,-1.440565773983418651e+01
5.571000000000000396e-01,-1.438414225232173926e+01
5.566999999999999726e-01,-1.447359149216419283e+01
5.562000000000000277e-01,-1.447791712077444259e+01
5.552000000000000268e-01,-1.444459226099623805e+01
5.546999999999999709e-01,-1.439728307531052209e+01
5.542000000000000259e-01,-1.435144842688853828e+01
5.532000000000000250e-01,-1.436306708977545199e+01
5.527999999999999581e-01,-1.431755780790825838e+01
5.523000000000000131e-01,-1.440925328112865955e+01
5.513000000000000123e-01,-1.438685383181124244e+01
5.507999999999999563e-01,-1.452255203086222757e+01
5.497999999999999554e-01,-1.457595850468422150e+01
5.493999999999999995e-01,-1.457463095739979231e+01
5.489000000000000545e-01,-1.459583784537343476e+01
5.479000000000000536e-01,-1.450295151165974517e+01
5.473999999999999977e-01,-1.448453174473073801e+01
5.469000000000000528e-01,-1.453265950379489091e+01
5.460000000000000409e-01,-1.460514634962252423e+01
5.454999999999999849e-01,-1.446685058553807224e+01
5.451000000000000290e-01,-1.453169508299914980e+01
5.442000000000000171e-01,-1.453528531488047015e+01
5.436999999999999611e-01,-1.439271101401273434e+01
5.432000000000000162e-01,-1.450133502897783444e+01
5.423000000000000043e-01,-1.451421760040854458e+01
5.417999999999999483e-01,-1.454738305919373786e+01
5.413000000000000034e-01,-1.456939197240448713e+01
5.403000000000000025e-01,-1.445235621415066518e+01
5.393000000000000016e-01,-1.443904878273925085e+01
5.389000000000000457e-01,-1.440507186330208711e+01
5.387999999999999456e-01,-1.437046647928949206e+01
5.386999999999999567e-01,-1.434107507044136298e+01
5.385999999999999677e-01,-1.442924630053283863e+01
5.384999999999999787e-01,-1.440327977371988766e+01
5.383999999999999897e-01,-1.443148256196546697e+01
5.383000000000000007e-01,-1.455176404984515415e+01
5.382000000000000117e-01,-1.460169875660329630e+01
5.381000000000000227e-01,-1.455872113119704991e+01
5.379000000000000448e-01,-1.463470844386702652e+01
5.377999999999999448e-01,-1.446983318485759185e+01
5.375999999999999668e-01,-1.455426313846834852e+01
5.373999999999999888e-01,-1.453454343938991755e+01
5.372000000000000108e-01,-1.438983263018491954e+01
5.371000000000000218e-01,-1.451581622994735987e+01
5.370000000000000329e-01,-1.445216815449150083e+01
5.368000000000000549e-01,-1.450727915481894037e+01
5.364999999999999769e-01,-1.448104884262876801e+01
5.362999999999999989e-01,-1.446920698676438732e+01
5.358000000000000540e-01,-1.441733074629891398e+01
5.356999999999999540e-01,-1.446674999046907928e+01
5.355999999999999650e-01,-1.441215373029734792e+01
5.353999999999999870e-01,-1.440484605966432063e+01
5.351000000000000201e-01,-1.438334127891478076e+01
5.350000000000000311e-01,-1.434661898571396321e+01
5.348000000000000531e-01,-1.430127272346003231e+01
5.345999999999999641e-01,-1.443407756678847065e+01
5.342000000000000082e-01,-1.433369603622133504e+01
5.340000000000000302e-01,-1.451415534641058080e+01
5.339000000000000412e-01,-1.445123737801755048e+01
5.335999999999999632e-01,-1.448382200952297971e+01
5.333999999999999853e-01,-1.438473514632455519e+01
5.331000000000000183e-01,-1.442972443950760564e+01
5.330000000000000293e-01,-1.427625979419045876e+01
5.323999999999999844e-01,-1.447822855958867727e+01
5.321000000000000174e-01,-1.448357660697478444e+01
5.320000000000000284e-01,-1.433309054252691617e+01
5.319000000000000394e-01,-1.447549289261447569e+01
5.316999999999999504e-01,-1.439389824029781195e+01
5.315999999999999615e-01,-1.433485295265508164e+01
5.312000000000000055e-01,-1.447546750204045729e+01
5.311000000000000165e-01,-1.445763344871042477e+01
5.306999999999999496e-01,-1.443568564624053430e+01
5.305999999999999606e-01,-1.448333946392592253e+01
5.303999999999999826e-01,-1.426642923810254437e+01
5.302999999999999936e-01,-1.451948575021191878e+01
5.300000000000000266e-01,-1.443701005758605760e+01
5.299000000000000377e-01,-1.446035557356520407e+01
5.296999999999999487e-01,-1.444786317077086757e+01
5.293999999999999817e-01,-1.433894672300071349e+01
5.291000000000000147e-01,-1.445304674055044103e+01
5.285999999999999588e-01,-1.442980994875312284e+01
5.284999999999999698e-01,-1.451392961231579726e+01
5.283999999999999808e-01,-1.436637220024843131e+01
5.282000000000000028e-01,-1.436676794386608158e+01
5.281000000000000139e-01,-1.438314204800783536e+01
5.278000000000000469e-01,-1.423996259792290431e+01
5.276999999999999469e-01,-1.431436291673623984e+01
5.270000000000000240e-01,-1.416867503698515662e+01
5.269000000000000350e-01,-1.443837017580662518e+01
5.266999999999999460e-01,-1.428025528022658008e+01
5.265999999999999570e-01,-1.438010108441448587e+01
5.263999999999999790e-01,-1.431912617563656909e+01
5.262000000000000011e-01,-1.434593768671324199e+01
5.256999999999999451e-01,-1.426909599117204230e+01
5.253999999999999782e-01,-1.435066539607447744e+01
5.252999999999999892e-01,-1.434778666098363331e+01
5.251000000000000112e-01,-1.441183657312763700e+01
5.250000000000000222e-01,-1.434128376613967149e+01
5.242999999999999883e-01,-1.444207497741179225e+01
5.241999999999999993e-01,-1.447671410055965957e+01
5.240000000000000213e-01,-1.437430160004405444e+01
5.239000000000000323e-01,-1.432446044536597007e+01
5.235999999999999543e-01,-1.441042747161403881e+01
5.232999999999999874e-01,-1.433416267675735511e+01
5.231999999999999984e-01,-1.427275565391190959e+01
5.231000000000000094e-01,-1.445089030995567292e+01
5.227000000000000535e-01,-1.436903631406799953e+01
5.222999999999999865e-01,-1.424639415318496738e+01
5.220000000000000195e-01,-1.425871304755821711e+01
5.217000000000000526e-01,-1.425872392285254620e+01
5.213999999999999746e-01,-1.437243474831763734e+01
5.212999999999999856e-01,-1.435976208601632820e+01
5.211000000000000076e-01,-1.441207705684408324e+01
5.207000000000000517e-01,-1.445867597813527894e+01
5.205999999999999517e-01,-1.442333299881233266e+01
5.202999999999999847e-01,-1.448092823372526183e+01
5.201000000000000068e-01,-1.449246308458168286e+01
5.200000000000000178e-01,-1.439554808121811647e+01
5.198000000000000398e-01,-1.433673391602382274e+01
5.195999999999999508e-01,-1.450290572407031320e+01
5.194999999999999618e-01,-1.439747221126342858e+01
5.192999999999999838e-01,-1.443263199801085506e+01
5.190000000000000169e-01,-1.434813860771103755e+01
5.189000000000000279e-01,-1.426908553560177850e+01
5.188000000000000389e-01,-1.455585465386004529e+01
5.185999999999999499e-01,-1.428587995087474560e+01
5.182999999999999829e-01,-1.418714338024080668e+01
5.181000000000000050e-01,-1.418199249513564553e+01
5.177000000000000490e-01,-1.438312952161385105e+01
5.173999999999999710e-01,-1.422884863595749749e+01
5.171999999999999931e-01,-1.428633134684309169e+01
5.169000000000000261e-01,-1.441373542209588976e+01
5.165999999999999481e-01,-1.436223797897841870e+01
5.163999999999999702e-01,-1.420483069276270705e+01
5.162999999999999812e-01,-1.437724384668473832e+01
5.159000000000000252e-01,-1.430354715853711411e+01
5.158000000000000362e-01,-1.441762726656055804e+01
5.155999999999999472e-01,-1.432750863544392317e+01
5.154999999999999583e-01,-1.432392660097019821e+01
5.153999999999999693e-01,-1.436161367055401783e+01
5.152999999999999803e-01,-1.434409162993132192e+01
5.151000000000000023e-01,-1.431120876946387988e+01
5.147000000000000464e-01,-1.429919307538250095e+01
5.145999999999999464e-01,-1.438482681876112501e+01
5.144999999999999574e-01,-1.434929465351699562e+01
5.143999999999999684e-01,-1.433188261552847287e+01
5.142999999999999794e-01,-1.438210477107300456e+01
5.140000000000000124e-01,-1.437928403242158204e+01
5.139000000000000234e-01,-1.442361090779088784e+01
5.138000000000000345e-01,-1.457519548536080300e+01
5.137000000000000455e-01,-1.431079245361741314e+01
5.135999999999999455e-01,-1.448650972427087780e+01
5.132999999999999785e-01,-1.432280324572317909e+01
5.131999999999999895e-01,-1.444879596035671732e+01
5.130000000000000115e-01,-1.438367108481820189e+01
5.128000000000000336e-01,-1.441444110145302737e+01
5.127000000000000446e-01,-1.432828945976709001e+01
5.124999999999999556e-01,-1.432026159247793196e+01
5.123999999999999666e-01,-1.433453671700179299e+01
5.121999999999999886e-01,-1.436454876808821979e+01
5.120999999999999996e-01,-1.429863163866481202e+01
5.120000000000000107e-01,-1.448793743281601465e+01
5.119000000000000217e-01,-1.442068389029419251e+01
5.118000000000000327e-01,-1.434535451693801100e+01
5.117000000000000437e-01,-1.438488428775475114e+01
5.116000000000000547e-01,-1.423123210810553196e+01
5.114999999999999547e-01,-1.431944137303955600e+01
5.113999999999999657e-01,-1.434532797833457884e+01
5.111999999999999877e-01,-1.435460787180238995e+01
5.110999999999999988e-01,-1.442663001825694380e+01
5.110000000000000098e-01,-1.430406131855800922e+01
5.109000000000000208e-01,-1.438620001435386442e+01
5.108000000000000318e-01,-1.427208401485711953e+01
5.107000000000000428e-01,-1.437467242257532973e+01
5.096000000000000529e-01,-1.438115857979116718e+01
5.081999999999999851e-01,-1.432226326625622370e+01
5.067000000000000393e-01,-1.427017040492046362e+01
5.039000000000000146e-01,-1.442740332349545085e+01
5.023999999999999577e-01,-1.435690773736375192e+01
5.010000000000000009e-01,-1.430820595151385888e+01
4.983000000000000207e-01,-1.436468756529094293e+01
4.969999999999999973e-01,-1.434945136058714610e+01
4.956999999999999740e-01,-1.442456419535687395e+01
4.915999999999999814e-01,-1.445663601843645907e+01
4.902000000000000246e-01,-1.440014894400695766e+01
4.887000000000000233e-01,-1.431378326757059405e+01
4.857000000000000206e-01,-1.432679142261746641e+01
4.840999999999999748e-01,-1.420076629812883340e+01
4.807000000000000162e-01,-1.420092575511846000e+01
4.788999999999999924e-01,-1.429074821603284384e+01
4.771000000000000241e-01,-1.426781099010798037e+01
4.752000000000000113e-01,-1.418931020492316186e+01
4.732999999999999985e-01,-1.420858014223747645e+01
4.692000000000000060e-01,-1.411470983702523618e+01
4.671000000000000152e-01,-1.396743687289009372e+01
4.650000000000000244e-01,-1.403604101905785129e+01
4.606999999999999984e-01,-1.422203783817107059e+01
4.585000000000000187e-01,-1.418466181967977313e+01
4.562999999999999834e-01,-1.424338675610195182e+01
4.541000000000000036e-01,-1.417897282001744408e+01
4.496999999999999886e-01,-1.416005807714001286e+01
4.475000000000000089e-01,-1.411181183297383335e+01
4.452999999999999736e-01,-1.406918623199013219e+01
4.408000000000000251e-01,-1.413562709007250717e+01
4.385000000000000009e-01,-1.412286080682955536e+01
4.361999999999999766e-01,-1.404081656769008646e+01
4.315999999999999837e-01,-1.398873875413791978e+01
4.267000000000000237e-01,-1.398656388375074933e+01
4.243000000000000105e-01,-1.403239380904676459e+01
4.217000000000000193e-01,-1.390062141723470646e+01
4.164999999999999813e-01,-1.402694746330682563e+01
4.137000000000000122e-01,-1.393280290433894208e+01
4.108999999999999875e-01,-1.393429839690223382e+01
4.048999999999999821e-01,-1.395674656440547245e+01
4.017000000000000015e-01,-1.399925515913223428e+01
3.947999999999999843e-01,-1.389475583555141114e+01
3.871999999999999886e-01,-1.398436047362868351e+01
3.830999999999999961e-01,-1.404008251698115473e+01
3.744000000000000106e-01,-1.404940582622454137e+01
3.650999999999999801e-01,-1.378865054868418838e+01
3.603000000000000091e-01,-1.398479888701309726e+01
3.553999999999999937e-01,-1.389137257373279333e+01
3.506000000000000227e-01,-1.386801394883483596e+01
3.413999999999999813e-01,-1.386376332581503945e+01
3.371999999999999997e-01,-1.402694981471018565e+01
3.332999999999999852e-01,-1.387918606075757388e+01
3.267999999999999794e-01,-1.390228208930513887e+01
3.242999999999999772e-01,-1.387927783211076438e+01
3.221999999999999864e-01,-1.383926296107699727e+01
3.179000000000000159e-01,-1.376610340173313496e+01
3.170000000000000040e-01,-1.380338110442830235e+01
3.164000000000000146e-01,-1.392153900775204534e+01
3.154000000000000137e-01,-1.387462312333383885e+01
3.150999999999999912e-01,-1.393297186148582512e+01
3.149000000000000132e-01,-1.396929442931569731e+01
3.145000000000000018e-01,-1.395799752106283087e+01
3.143000000000000238e-01,-1.399018418950037912e+01
3.141999999999999793e-01,-1.393583809247821925e+01
3.140000000000000013e-01,-1.383172952889128915e+01
3.139000000000000123e-01,-1.389249424070199446e+01
3.135999999999999899e-01,-1.389063064852931539e+01
3.135000000000000009e-01,-1.384140223401738723e+01
3.134000000000000119e-01,-1.393442888860223228e+01
3.131999999999999784e-01,-1.397601178984211145e+01
3.130999999999999894e-01,-1.398228963942742986e+01
3.130000000000000004e-01,-1.393369630269623194e+01
3.129000000000000115e-01,-1.380392222750988829e+01
3.128000000000000225e-01,-1.382522723638738071e+01
3.126999999999999780e-01,-1.382306238815224297e+01
3.125999999999999890e-01,-1.378786344718814227e+01
3.125000000000000000e-01,-1.378927500295511877e+01
3.124000000000000110e-01,-1.374993445587575280e+01
3.121999999999999775e-01,-1.389445899171925802e+01
3.120999999999999885e-01,-1.384152261826752550e+01
3.119999999999999996e-01,-1.388751204806212414e+01
3.119000000000000106e-01,-1.389095285098404808e+01
3.118000000000000216e-01,-1.390394109531036726e+01
3.116999999999999771e-01,-1.374838405260713614e+01
3.115999999999999881e-01,-1.381397299571526815e+01
3.114999999999999991e-01,-1.382558028950684559e+01
3.114000000000000101e-01,-1.397569770178064985e+01
3.113000000000000211e-01,-1.384879828942699476e+01
3.111999999999999766e-01,-1.378398317317883226e+01
3.110999999999999877e-01,-1.370918369212386878e+01
3.109999999999999987e-01,-1.366385094941887246e+01
3.109000000000000097e-01,-1.379713209804555163e+01
3.108000000000000207e-01,-1.380581479074344919e+01
3.106999999999999762e-01,-1.390472695703094352e+01
3.105999999999999872e-01,-1.384173145564278329e+01
3.104999999999999982e-01,-1.382386792380700236e+01
3.104000000000000092e-01,-1.379123188908378062e+01
3.103000000000000203e-01,-1.386771971963003303e+01
3.101999999999999758e-01,-1.379468145662372791e+01
3.100999999999999868e-01,-1.398767572236446100e+01
3.099999999999999978e-01,-1.387705249314514688e+01
3.099000000000000088e-01,-1.384228421270694831e+01
3.098000000000000198e-01,-1.410580536914483218e+01
3.096999999999999753e-01,-1.374732406333829537e+01
3.095999999999999863e-01,-1.381008270984716901e+01
3.094999999999999973e-01,-1.372855746912546593e+01
3.094000000000000083e-01,-1.388277896007148904e+01
3.093000000000000194e-01,-1.383176528901262969e+01
3.091999999999999749e-01,-1.382255441520156225e+01
3.090999999999999859e-01,-1.386967539312644249e+01
3.089999999999999969e-01,-1.386139578720222509e+01
3.089000000000000079e-01,-1.385038356805879900e+01
3.088000000000000189e-01,-1.395896872249226561e+01
3.086999999999999744e-01,-1.380197099448178477e+01
3.085999999999999854e-01,-1.377485267612258291e+01
3.084999999999999964e-01,-1.380205905672816868e+01
3.084000000000000075e-01,-1.385201541605988318e+01
3.083000000000000185e-01,-1.382799538569862818e+01
3.081999999999999740e-01,-1.377314817544474046e+01
3.080999999999999850e-01,-1.385035479307128448e+01
3.079999999999999960e-01,-1.386910140784890544e+01
3.079000000000000070e-01,-1.392583785675598484e+01
3.078000000000000180e-01,-1.381556818617433358e+01
3.076999999999999735e-01,-1.371601470340167950e+01
3.075999999999999845e-01,-1.382682628980960793e+01
3.074999999999999956e-01,-1.392674817955446365e+01
3.074000000000000066e-01,-1.388973741085755265e+01
3.073000000000000176e-01,-1.391422506040532170e+01
3.071999999999999731e-01,-1.393012378638836246e+01
3.070999999999999841e-01,-1.396154814320210313e+01
3.069999999999999951e-01,-1.384725665478595680e+01
3.069000000000000061e-01,-1.384654493043558077e+01
3.068000000000000171e-01,-1.381030481251337427e+01
3.066999999999999726e-01,-1.390444429590154485e+01
3.065999999999999837e-01,-1.391752504082974617e+01
3.064999999999999947e-01,-1.384065315344551195e+01
3.064000000000000057e-01,-1.401409725365213355e+01
3.063000000000000167e-01,-1.395257032093897465e+01
3.062000000000000277e-01,-1.384421813285267433e+01
3.060999999999999832e-01,-1.394660368966979114e+01
3.059999999999999942e-01,-1.391161633681531029e+01
3.059000000000000052e-01,-1.405487988906210717e+01
3.058000000000000163e-01,-1.368731848873433066e+01
3.057000000000000273e-01,-1.388291690267839229e+01
3.055999999999999828e-01,-1.368864167040741542e+01
3.054999999999999938e-01,-1.392656690833707067e+01
3.054000000000000048e-01,-1.391968155329999313e+01
3.053000000000000158e-01,-1.396426896102696524e+01
3.052000000000000268e-01,-1.381550883268719154e+01
3.050999999999999823e-01,-1.381512481196970832e+01
3.049999999999999933e-01,-1.368721930865325653e+01
3.049000000000000044e-01,-1.386901120788040487e+01
3.048000000000000154e-01,-1.383380310936103363e+01
3.047000000000000264e-01,-1.388866531958909967e+01
3.045999999999999819e-01,-1.398284561789520808e+01
3.044999999999999929e-01,-1.382962900065903433e+01
3.044000000000000039e-01,-1.384854669360087875e+01
3.043000000000000149e-01,-1.395172109955079875e+01
3.042000000000000259e-01,-1.379556532888166487e+01
3.040999999999999814e-01,-1.388634830626241090e+01
