# T (K), dc/c (x 1e-5)
1.699699999999999989e+00,5.139298280283643994e-01
1.699400000000000022e+00,5.959471607171542562e-01
1.699100000000000055e+00,6.497707022458214521e-01
1.698800000000000088e+00,7.166609884277919118e-01
1.698399999999999910e+00,5.996079398600840937e-01
1.698099999999999943e+00,5.004899811734097037e-01
1.697400000000000020e+00,5.684682602506361260e-01
1.697100000000000053e+00,5.832108888030422822e-01
1.696800000000000086e+00,4.163849060934143864e-01
1.696399999999999908e+00,4.154961627885964126e-01
1.695699999999999985e+00,4.142000828121806810e-01
1.695400000000000018e+00,4.132248606280100600e-01
1.695100000000000051e+00,4.049719574081636631e-01
1.694399999999999906e+00,4.531178089848750257e-01
1.693999999999999950e+00,4.041164683845320793e-01
1.693699999999999983e+00,4.151258181613222131e-01
1.693100000000000049e+00,4.488133818977141365e-01
1.692800000000000082e+00,4.338265125671848521e-01
1.692499999999999893e+00,4.308416315003046893e-01
1.691799999999999971e+00,5.041882179442243039e-01
1.691500000000000004e+00,4.869957571901339932e-01
1.690800000000000081e+00,4.684928201569016348e-01
1.690399999999999903e+00,4.821976605896317603e-01
1.690099999999999936e+00,3.872316160420142817e-01
1.689799999999999969e+00,4.255523852803033691e-01
1.689200000000000035e+00,2.980727127295523804e-01
1.688800000000000079e+00,2.920607071180657544e-01
1.688399999999999901e+00,3.021254713717752560e-01
1.687899999999999956e+00,3.065031700659470726e-01
1.687500000000000000e+00,3.525649425809018744e-01
1.686800000000000077e+00,3.129629433691952234e-01
1.686500000000000110e+00,4.225590060627157363e-01
1.685999999999999943e+00,4.443441047730263271e-01
1.685699999999999976e+00,3.688784400146354336e-01
1.685400000000000009e+00,3.388175782566456018e-01
1.684800000000000075e+00,2.448241208406927438e-01
1.684500000000000108e+00,3.136314964610753542e-01
1.684199999999999919e+00,3.335613179321697541e-01
1.683799999999999963e+00,3.334835444233560930e-01
1.683499999999999996e+00,2.699997814788364092e-01
1.683100000000000041e+00,2.934416025668351580e-01
1.682700000000000085e+00,2.925985272969958140e-01
1.682500000000000107e+00,3.372923595161038124e-01
1.682199999999999918e+00,3.545503086756912614e-01
1.681899999999999951e+00,4.151063388699652301e-01
1.681599999999999984e+00,3.188073311476136151e-01
1.681300000000000017e+00,3.228817352796641282e-01
1.681000000000000050e+00,3.057696950852818452e-01
1.680800000000000072e+00,2.915005681964483175e-01
1.680500000000000105e+00,3.231395847445340808e-01
1.679699999999999971e+00,3.604715221745477538e-01
1.679400000000000004e+00,4.168611268573658712e-01
1.679100000000000037e+00,3.796975527482933099e-01
1.678700000000000081e+00,3.325285404440735393e-01
1.678399999999999892e+00,2.800358638004561973e-01
1.677999999999999936e+00,3.610878206553730374e-01
1.677699999999999969e+00,2.992430953652376324e-01
1.677000000000000046e+00,2.471783393517140714e-01
1.676299999999999901e+00,5.686794046817420512e-01
1.675999999999999934e+00,4.449410202582958496e-01
1.675599999999999978e+00,3.808947726592626370e-01
1.675300000000000011e+00,3.568852463855382018e-01
1.675000000000000044e+00,3.120226448337197755e-01
1.674700000000000077e+00,2.116283332850160681e-01
1.674400000000000110e+00,2.243302003555706914e-01
1.673699999999999966e+00,2.608034299923442378e-01
1.673399999999999999e+00,3.655859331555544323e-01
1.673100000000000032e+00,3.498788444898127681e-01
1.672400000000000109e+00,3.494520617671956209e-01
1.672099999999999920e+00,3.306888235998436953e-01
1.671799999999999953e+00,3.262517433008302326e-01
1.671399999999999997e+00,2.444722437827326345e-01
1.670600000000000085e+00,2.935959893592479664e-01
1.669899999999999940e+00,2.057315211519833431e-01
1.669699999999999962e+00,2.379458080722929303e-01
1.669399999999999995e+00,4.191779762712476431e-01
1.669000000000000039e+00,4.110527271648095615e-01
1.668400000000000105e+00,1.934807079995159995e-01
1.668199999999999905e+00,2.303395393012108716e-01
1.667799999999999949e+00,2.232341889992460471e-01
1.667100000000000026e+00,2.918550812362058489e-01
1.666400000000000103e+00,2.492623028559938503e-01
1.666099999999999914e+00,2.529181466670929468e-01
1.665799999999999947e+00,2.179607821999052231e-01
1.665200000000000014e+00,1.401543423831808077e-01
1.664600000000000080e+00,2.701855965642034896e-01
1.663999999999999924e+00,2.520247001911758433e-01
1.663699999999999957e+00,2.673030361645400976e-01
1.663399999999999990e+00,2.089357095418596655e-01
1.663000000000000034e+00,2.155773823868910311e-01
1.662700000000000067e+00,1.519388289022635674e-01
1.662400000000000100e+00,1.701856792690401021e-01
1.661999999999999922e+00,9.466260338071921798e-02
1.661599999999999966e+00,1.142874491859985353e-01
1.661399999999999988e+00,1.523448258591506010e-01
1.661000000000000032e+00,1.105796442416734360e-01
1.660700000000000065e+00,1.499792067189906208e-01
1.660400000000000098e+00,1.750276081995821853e-01
1.660099999999999909e+00,2.164727575228175827e-01
1.659799999999999942e+00,2.026168950884123243e-01
1.659399999999999986e+00,1.539385588644401337e-01
1.658800000000000052e+00,1.743046733056891062e-01
1.658400000000000096e+00,8.803548263930718876e-02
1.657799999999999940e+00,6.195692991445983511e-02
1.657399999999999984e+00,7.431255818150100945e-02
1.656800000000000050e+00,5.849972009169812637e-02
1.656400000000000095e+00,7.152796742231071203e-03
1.656099999999999905e+00,-7.087966768671433160e-02
1.655599999999999961e+00,-2.001528416604482496e-01
1.655299999999999994e+00,-8.814765134670249358e-02
1.655000000000000027e+00,-2.168416755625110492e-02
1.654300000000000104e+00,3.664962828055576272e-02
1.653999999999999915e+00,9.001365836990710134e-02
1.653699999999999948e+00,3.594958709824194742e-02
1.653000000000000025e+00,-4.519884619766031952e-02
1.652700000000000058e+00,-7.412927309023015221e-02
1.652300000000000102e+00,-1.195787987014890197e-02
1.651799999999999935e+00,1.060442092482190291e-01
1.651399999999999979e+00,3.033251542560594372e-02
1.651000000000000023e+00,-5.291477105963393601e-02
1.650300000000000100e+00,1.462610885825249563e-02
1.649899999999999922e+00,-3.185982994551375680e-02
1.649599999999999955e+00,-2.464364176691172248e-02
1.649299999999999988e+00,-1.227053792926188769e-01
1.648900000000000032e+00,-2.042133056135396474e-01
1.648300000000000098e+00,3.952962686157995842e-02
1.647899999999999920e+00,-3.443053043488547571e-02
1.647599999999999953e+00,7.935669928474387014e-03
1.646900000000000031e+00,2.456221911539130387e-03
1.646300000000000097e+00,-1.095939913105248298e-01
1.645999999999999908e+00,-1.723967685260396898e-01
1.645699999999999941e+00,-1.212374974102550795e-02
1.645399999999999974e+00,3.228558532845926532e-03
1.645100000000000007e+00,1.336221209253390940e-02
1.644400000000000084e+00,-2.626175862711910280e-04
1.644099999999999895e+00,1.024796501021031647e-01
1.643799999999999928e+00,6.196495631457729636e-02
1.643399999999999972e+00,4.373389741870944980e-02
1.643199999999999994e+00,-3.293162945377375861e-03
1.642900000000000027e+00,-4.922147893620179571e-02
1.642500000000000071e+00,-1.056874006742127003e-01
1.642200000000000104e+00,-6.956786004121834344e-02
1.641899999999999915e+00,-8.100635056880814422e-02
1.641499999999999959e+00,-5.384042935470054192e-02
1.641199999999999992e+00,-1.134366495149190246e-01
1.640900000000000025e+00,-1.812332860898907549e-01
1.640500000000000069e+00,-2.229073881298074267e-01
1.639899999999999913e+00,-2.766064961853137438e-01
1.639499999999999957e+00,-3.072133424302653237e-01
1.639199999999999990e+00,-1.758526129589689513e-01
1.639000000000000012e+00,-1.856036544766945240e-01
1.638600000000000056e+00,-1.207590068904793035e-01
1.638200000000000101e+00,-1.377174909508206702e-01
1.637899999999999912e+00,-1.274658872944811616e-01
1.637599999999999945e+00,-1.420637874568510262e-01
1.636900000000000022e+00,-1.987736864288505712e-01
1.636600000000000055e+00,-1.485034112336941492e-01
1.636300000000000088e+00,-1.442334457165891926e-01
1.635699999999999932e+00,-2.175300219160389292e-01
1.635399999999999965e+00,-2.721260265518138377e-01
1.635000000000000009e+00,-2.001906037507779346e-01
1.634400000000000075e+00,-2.321732343425926548e-01
1.633599999999999941e+00,-1.256892156620108281e-01
1.633299999999999974e+00,-2.156150737308605569e-01
1.632600000000000051e+00,-2.531128251501493787e-01
1.632300000000000084e+00,-3.185049615580040627e-01
1.632100000000000106e+00,-3.365471356863228292e-01
1.631799999999999917e+00,-3.834563014997772745e-01
1.631199999999999983e+00,-3.755920769123524683e-01
1.630900000000000016e+00,-2.983618768505856833e-01
1.630200000000000093e+00,-2.314000603895194352e-01
1.629799999999999915e+00,-1.817864385249452763e-01
1.629499999999999948e+00,-2.846989634006612535e-01
1.629099999999999993e+00,-2.509435665563886086e-01
1.628800000000000026e+00,-1.918904963421966259e-01
1.628500000000000059e+00,-2.891951418081996072e-01
1.628200000000000092e+00,-2.402023754828272462e-01
1.627899999999999903e+00,-2.354004931832270886e-01
1.627599999999999936e+00,-2.756234784119688808e-01
1.627299999999999969e+00,-3.109440062606417809e-01
1.627099999999999991e+00,-5.595857895596307863e-01
1.626400000000000068e+00,-5.140425110857805846e-01
1.626100000000000101e+00,-5.288251337808198560e-01
1.625699999999999923e+00,-5.124325517332286584e-01
1.625399999999999956e+00,-4.264876985645045249e-01
1.625000000000000000e+00,-3.595982034207759193e-01
1.624600000000000044e+00,-2.611896025107862673e-01
1.624200000000000088e+00,-3.130829226000858556e-01
1.623899999999999899e+00,-2.897145213837451494e-01
1.623599999999999932e+00,-2.961808904578845381e-01
1.622900000000000009e+00,-3.612855656138884708e-01
1.622300000000000075e+00,-4.827273443491590932e-01
1.622000000000000108e+00,-5.212859303613606166e-01
1.621699999999999919e+00,-5.592435633752605995e-01
1.621399999999999952e+00,-5.372799277443724986e-01
1.621099999999999985e+00,-5.240962233128352299e-01
1.620800000000000018e+00,-5.032703305241602587e-01
1.620500000000000052e+00,-5.414334824628552756e-01
1.620200000000000085e+00,-4.587848987895083441e-01
1.619899999999999896e+00,-4.846820441380822464e-01
1.619499999999999940e+00,-4.004964376323749686e-01
1.618800000000000017e+00,-3.298523750047341330e-01
1.618500000000000050e+00,-4.045175755906620374e-01
1.618100000000000094e+00,-4.726696878856739836e-01
1.617799999999999905e+00,-5.246854904067226322e-01
1.617199999999999971e+00,-5.449517254343776429e-01
1.616900000000000004e+00,-4.524560418151662988e-01
1.616300000000000070e+00,-5.543902582133379831e-01
1.616000000000000103e+00,-6.207022149509050513e-01
1.615399999999999947e+00,-6.763998833741319272e-01
1.614800000000000013e+00,-5.857730921559125559e-01
1.614400000000000057e+00,-6.309054585458897524e-01
1.614000000000000101e+00,-7.136305463762392387e-01
1.613699999999999912e+00,-7.647872638368198306e-01
1.612999999999999989e+00,-8.007693380838836195e-01
1.612600000000000033e+00,-7.480347689717975479e-01
1.612300000000000066e+00,-7.038352005444767912e-01
1.611599999999999921e+00,-6.292248999715567281e-01
1.611299999999999955e+00,-6.304155469600246642e-01
1.610999999999999988e+00,-6.545705969938052649e-01
1.610700000000000021e+00,-7.306163305023476440e-01
1.610400000000000054e+00,-6.599959643735497927e-01
1.610100000000000087e+00,-7.235276613322926265e-01
1.609799999999999898e+00,-7.047928176747743079e-01
1.609399999999999942e+00,-6.542341980538511903e-01
1.609199999999999964e+00,-5.678651408860292404e-01
1.608800000000000008e+00,-7.027491242476112676e-01
1.608500000000000041e+00,-7.242498777113547392e-01
1.607799999999999896e+00,-5.588142205578856547e-01
1.607199999999999962e+00,-5.959188965061306131e-01
1.606899999999999995e+00,-6.648562058867921731e-01
1.606500000000000039e+00,-7.282770896017108919e-01
1.605900000000000105e+00,-6.809355881196889060e-01
1.605599999999999916e+00,-6.895210863168756976e-01
1.605299999999999949e+00,-7.104108131781271540e-01
1.604999999999999982e+00,-6.885132070563564355e-01
1.604600000000000026e+00,-8.188008341142132274e-01
1.604000000000000092e+00,-8.322629321712640138e-01
1.603299999999999947e+00,-7.991209759550601532e-01
1.602700000000000014e+00,-7.567081703379295865e-01
1.602000000000000091e+00,-7.405317572518020919e-01
1.601299999999999946e+00,-9.649290266566454832e-01
1.600999999999999979e+00,-8.812687498539404363e-01
1.600700000000000012e+00,-8.935104495949932613e-01
1.600000000000000089e+00,-8.070115488763296430e-01
1.599599999999999911e+00,-9.534480245671633769e-01
1.599299999999999944e+00,-9.665478865539950393e-01
1.598999999999999977e+00,-9.243721252779647513e-01
1.598700000000000010e+00,-1.082468078513788790e+00
1.598400000000000043e+00,-1.063120427050728845e+00
1.598000000000000087e+00,-1.106155381456683351e+00
1.597699999999999898e+00,-1.022527165779347325e+00
1.597399999999999931e+00,-9.611384279427370725e-01
1.597099999999999964e+00,-9.422737588164407097e-01
1.596799999999999997e+00,-9.352959772488712575e-01
1.596400000000000041e+00,-1.026164752474314934e+00
1.596100000000000074e+00,-1.015715850650848795e+00
1.595800000000000107e+00,-8.923466432500353207e-01
1.595499999999999918e+00,-8.945698404366243528e-01
1.595199999999999951e+00,-9.218838430167380915e-01
1.594500000000000028e+00,-1.072782901008310974e+00
1.593800000000000106e+00,-1.066180328117630083e+00
1.593499999999999917e+00,-9.721339551206458207e-01
1.593199999999999950e+00,-1.071363605117600759e+00
1.592400000000000038e+00,-1.031405479657437896e+00
1.592100000000000071e+00,-1.086115235731689665e+00
1.591699999999999893e+00,-1.027728779317074626e+00
1.591099999999999959e+00,-8.860094921223082842e-01
1.590799999999999992e+00,-1.066440653248613257e+00
1.590400000000000036e+00,-1.018906211042950538e+00
1.590100000000000069e+00,-1.140883322255699994e+00
1.589499999999999913e+00,-1.198660380929798874e+00
1.589199999999999946e+00,-1.248071706292513960e+00
1.588899999999999979e+00,-1.164213022305724099e+00
1.588500000000000023e+00,-1.146526814966870145e+00
1.588200000000000056e+00,-1.235450242894481354e+00
1.587800000000000100e+00,-1.391623342132230379e+00
1.587499999999999911e+00,-1.304282524178766778e+00
1.587199999999999944e+00,-1.374974665130715312e+00
1.586899999999999977e+00,-1.447324653312126452e+00
1.586600000000000010e+00,-1.420166231406918333e+00
1.586200000000000054e+00,-1.387781677806947167e+00
1.585900000000000087e+00,-1.461755525845615633e+00
1.585599999999999898e+00,-1.448007418447440964e+00
1.585299999999999931e+00,-1.388817831882594556e+00
1.584699999999999998e+00,-1.363305616213384530e+00
1.583900000000000086e+00,-1.292862993814997807e+00
1.583599999999999897e+00,-1.465565183309761821e+00
1.583299999999999930e+00,-1.278448153674716758e+00
1.582999999999999963e+00,-1.265952135319145633e+00
1.582699999999999996e+00,-1.324832672426438984e+00
1.582000000000000073e+00,-1.409036612348008033e+00
1.581700000000000106e+00,-1.394157916374295869e+00
1.581099999999999950e+00,-1.423311289336717689e+00
1.580799999999999983e+00,-1.521774981832341167e+00
1.580100000000000060e+00,-1.468033214155686661e+00
1.579399999999999915e+00,-1.302667190920033580e+00
1.579099999999999948e+00,-1.371058889500058386e+00
1.578300000000000036e+00,-1.497781030087349308e+00
1.577599999999999891e+00,-1.491978381232619721e+00
1.577299999999999924e+00,-1.554857987693183841e+00
1.576999999999999957e+00,-1.546159541709196672e+00
1.576400000000000023e+00,-1.473624928380670607e+00
1.575800000000000090e+00,-1.538458823031364719e+00
1.575399999999999912e+00,-1.653480451360277881e+00
1.574899999999999967e+00,-1.729512231401098665e+00
1.574500000000000011e+00,-1.703591961555329215e+00
1.574200000000000044e+00,-1.637313435248494820e+00
1.573900000000000077e+00,-1.655006974643057793e+00
1.573499999999999899e+00,-1.650381673675999750e+00
1.573199999999999932e+00,-1.694557564114584247e+00
1.572500000000000009e+00,-1.667143511413591517e+00
1.571800000000000086e+00,-1.693104635997529694e+00
1.571199999999999930e+00,-1.638545047262865317e+00
1.570799999999999974e+00,-1.734781927132961865e+00
1.570500000000000007e+00,-1.823225131107348407e+00
1.570200000000000040e+00,-1.861575443305122590e+00
1.569600000000000106e+00,-1.863802987594077143e+00
1.568899999999999961e+00,-1.624072125116712950e+00
1.568200000000000038e+00,-1.649899506658055515e+00
1.567499999999999893e+00,-1.739688265235770581e+00
1.567199999999999926e+00,-1.743620453749893162e+00
1.566899999999999959e+00,-1.788107553572695130e+00
1.566500000000000004e+00,-1.831823656317597360e+00
1.566200000000000037e+00,-1.906195792610205997e+00
1.565900000000000070e+00,-1.881338436066169129e+00
1.565199999999999925e+00,-1.963877667089837464e+00
1.564899999999999958e+00,-1.915922446121647083e+00
1.564599999999999991e+00,-1.818623422245122745e+00
1.563900000000000068e+00,-1.831770255467015440e+00
1.563600000000000101e+00,-1.887750941497335466e+00
1.563299999999999912e+00,-1.970495636490886993e+00
1.562599999999999989e+00,-2.001319635006483022e+00
1.562200000000000033e+00,-2.094214893108656828e+00
1.561700000000000088e+00,-2.098016126140470838e+00
1.560999999999999943e+00,-1.959651875099461371e+00
1.560400000000000009e+00,-2.016601754273577463e+00
1.559700000000000086e+00,-1.987183912549681741e+00
1.559299999999999908e+00,-2.050300252986418048e+00
1.558999999999999941e+00,-2.101613310489733433e+00
1.558499999999999996e+00,-2.163492050517856757e+00
1.558100000000000041e+00,-2.251313952021834375e+00
1.557500000000000107e+00,-2.270232759845301818e+00
1.556799999999999962e+00,-2.254030067213187216e+00
1.556100000000000039e+00,-2.197972894819530509e+00
1.555700000000000083e+00,-2.193155817162110832e+00
1.555399999999999894e+00,-2.301773948554588944e+00
1.554699999999999971e+00,-2.252495874942479936e+00
1.554400000000000004e+00,-2.324398294156759803e+00
1.553800000000000070e+00,-2.375045219018493636e+00
1.553500000000000103e+00,-2.433547016326889079e+00
1.553199999999999914e+00,-2.370711580176269262e+00
1.552799999999999958e+00,-2.465750996005940276e+00
1.552300000000000013e+00,-2.483892993182784004e+00
1.551600000000000090e+00,-2.468207620644202738e+00
1.551199999999999912e+00,-2.474679472581897688e+00
1.550899999999999945e+00,-2.538464148013619415e+00
1.550499999999999989e+00,-2.468117146986557042e+00
1.549900000000000055e+00,-2.446354707013806529e+00
1.549500000000000099e+00,-2.549694363877113901e+00
1.549199999999999910e+00,-2.691702984662647236e+00
1.548499999999999988e+00,-2.662157221540190744e+00
1.548200000000000021e+00,-2.734022516412068615e+00
1.548000000000000043e+00,-2.764218856481353459e+00
1.547400000000000109e+00,-2.696446374566077608e+00
1.546999999999999931e+00,-2.775331212960096217e+00
1.546699999999999964e+00,-2.682816392166400998e+00
1.546100000000000030e+00,-2.602230056850552753e+00
1.545700000000000074e+00,-2.663756154438774004e+00
1.544999999999999929e+00,-2.613004614285870719e+00
1.544599999999999973e+00,-2.698534627412589426e+00
1.544300000000000006e+00,-2.674607245410197898e+00
1.544000000000000039e+00,-2.757051973475630025e+00
1.543600000000000083e+00,-2.796740460956660623e+00
1.543299999999999894e+00,-2.916819559370224635e+00
1.542999999999999927e+00,-2.879651877416358641e+00
1.542300000000000004e+00,-2.920067842920089696e+00
1.542000000000000037e+00,-2.951575502201878809e+00
1.541700000000000070e+00,-2.991182305070970493e+00
1.541400000000000103e+00,-2.955543618713123877e+00
1.540799999999999947e+00,-2.983868478703688432e+00
1.540000000000000036e+00,-3.098380434037213860e+00
1.539400000000000102e+00,-3.143783927371957887e+00
1.539099999999999913e+00,-3.021147693359899300e+00
1.538499999999999979e+00,-3.054098499872398342e+00
1.537800000000000056e+00,-3.169523232831195969e+00
1.537400000000000100e+00,-3.211350320579762219e+00
1.537099999999999911e+00,-3.233258643657241471e+00
1.536699999999999955e+00,-3.248010290672707079e+00
1.536299999999999999e+00,-3.264324203641928879e+00
1.535700000000000065e+00,-3.099980512176643721e+00
1.535300000000000109e+00,-3.267580278832910690e+00
1.534999999999999920e+00,-3.310727711205909696e+00
1.534299999999999997e+00,-3.277367357678619086e+00
1.533800000000000052e+00,-3.198194563808556712e+00
1.533099999999999907e+00,-3.317905836941557052e+00
1.532799999999999940e+00,-3.349592064098676047e+00
1.532399999999999984e+00,-3.563632824371380625e+00
1.532100000000000017e+00,-3.511112288668346348e+00
1.531800000000000050e+00,-3.448166180038039208e+00
1.530999999999999917e+00,-3.503243801082287057e+00
1.530499999999999972e+00,-3.531657567683744503e+00
1.530100000000000016e+00,-3.648173148122334730e+00
1.529900000000000038e+00,-3.735145847570501942e+00
1.529300000000000104e+00,-3.729642338450803951e+00
1.528999999999999915e+00,-3.663793921489591376e+00
1.528699999999999948e+00,-3.726918413221678161e+00
1.528299999999999992e+00,-3.739884316700768707e+00
1.528000000000000025e+00,-3.738505562848447816e+00
1.527700000000000058e+00,-3.708739835801226015e+00
1.527300000000000102e+00,-3.771544966376001895e+00
1.526999999999999913e+00,-3.784054965324992192e+00
1.526599999999999957e+00,-3.748536153418656536e+00
1.526000000000000023e+00,-3.779545378541655065e+00
1.525700000000000056e+00,-3.810123496327238346e+00
1.525400000000000089e+00,-3.950636998975229464e+00
1.525099999999999900e+00,-3.975889053456620914e+00
1.524699999999999944e+00,-3.931103822618544630e+00
1.524399999999999977e+00,-3.874516805332708369e+00
1.524100000000000010e+00,-3.917154508104817801e+00
1.523700000000000054e+00,-3.887892924955924645e+00
1.523400000000000087e+00,-3.991870811191795987e+00
1.522599999999999953e+00,-3.963717413907504206e+00
1.522199999999999998e+00,-4.087875410338851268e+00
1.521900000000000031e+00,-4.036094816678263975e+00
1.521300000000000097e+00,-4.095144431503529248e+00
1.520999999999999908e+00,-4.073098678174583043e+00
1.520699999999999941e+00,-4.109612487511113521e+00
1.520100000000000007e+00,-4.215489064351551463e+00
1.519800000000000040e+00,-4.261403020246277151e+00
1.519400000000000084e+00,-4.262960103708183901e+00
1.519099999999999895e+00,-4.216262013789079610e+00
1.518799999999999928e+00,-4.213847191086948385e+00
1.518100000000000005e+00,-4.307537646494087547e+00
1.517900000000000027e+00,-4.356776982589183334e+00
1.517500000000000071e+00,-4.472861687937566444e+00
1.517300000000000093e+00,-4.447071427775631136e+00
1.516899999999999915e+00,-4.539999898755218588e+00
1.516499999999999959e+00,-4.499445962542064414e+00
1.516199999999999992e+00,-4.479280697053822813e+00
1.515900000000000025e+00,-4.427386663222784513e+00
1.515600000000000058e+00,-4.490619946882334013e+00
1.515300000000000091e+00,-4.410690123100597937e+00
1.514899999999999913e+00,-4.496227715875597220e+00
1.514599999999999946e+00,-4.515056491850941711e+00
1.514299999999999979e+00,-4.607654848972838835e+00
1.514000000000000012e+00,-4.589769297497127809e+00
1.513600000000000056e+00,-4.633722986121559195e+00
1.512899999999999912e+00,-4.725005905072306334e+00
1.512499999999999956e+00,-4.758718555335997635e+00
1.512199999999999989e+00,-4.749341109763858704e+00
1.511500000000000066e+00,-4.857704915222239350e+00
1.511100000000000110e+00,-4.837489065616287220e+00
1.510799999999999921e+00,-4.832339337395349155e+00
1.510199999999999987e+00,-5.069678170162468689e+00
1.509900000000000020e+00,-5.129011891015066382e+00
1.509700000000000042e+00,-5.025157265704620180e+00
1.509300000000000086e+00,-5.044528800090056109e+00
1.508599999999999941e+00,-5.007664824136556447e+00
1.508299999999999974e+00,-5.216277026907131464e+00
1.507900000000000018e+00,-5.156159591778244788e+00
1.507300000000000084e+00,-5.122623239340803991e+00
1.506899999999999906e+00,-5.191591044168605507e+00
1.506599999999999939e+00,-5.220312499045528298e+00
1.506000000000000005e+00,-5.372918647482318733e+00
1.505700000000000038e+00,-5.367886945174035418e+00
1.504999999999999893e+00,-5.452529047220763481e+00
1.504699999999999926e+00,-5.601850675299082205e+00
1.504399999999999959e+00,-5.379463336177298771e+00
1.503800000000000026e+00,-5.408521406912759844e+00
1.503400000000000070e+00,-5.481944187226035936e+00
1.502699999999999925e+00,-5.537496179429477472e+00
1.502399999999999958e+00,-5.614225876294197448e+00
1.502099999999999991e+00,-5.631698524090344549e+00
1.501400000000000068e+00,-5.757956071000304377e+00
1.501100000000000101e+00,-5.786704359886374327e+00
1.500799999999999912e+00,-5.869286636316518369e+00
1.500499999999999945e+00,-5.870608269301861526e+00
1.500199999999999978e+00,-5.889098408388797168e+00
1.499900000000000011e+00,-5.904864916262027030e+00
1.499600000000000044e+00,-5.900506570615058344e+00
1.499200000000000088e+00,-5.953992271540663239e+00
1.498499999999999943e+00,-6.021420692130154961e+00
1.497800000000000020e+00,-6.062510911947292414e+00
1.497500000000000053e+00,-6.039623731600006984e+00
1.497200000000000086e+00,-6.078823457041516498e+00
1.496599999999999930e+00,-6.148001029373639348e+00
1.496299999999999963e+00,-6.213809429437937126e+00
1.495900000000000007e+00,-6.166780412877881368e+00
1.495400000000000063e+00,-6.158894602406594920e+00
1.495000000000000107e+00,-6.212449866928835718e+00
1.494799999999999907e+00,-6.332421347260246414e+00
1.494399999999999951e+00,-6.393317575926690921e+00
1.494199999999999973e+00,-6.433139567821929639e+00
1.493900000000000006e+00,-6.430361845136643772e+00
1.493600000000000039e+00,-6.398435712757534866e+00
1.492899999999999894e+00,-6.558069845312084034e+00
1.492699999999999916e+00,-6.712143919652708846e+00
1.492299999999999960e+00,-6.660477329038274164e+00
1.491700000000000026e+00,-6.734922594055659850e+00
1.491400000000000059e+00,-6.786042019630428079e+00
1.491000000000000103e+00,-6.790119896459781756e+00
1.490299999999999958e+00,-6.851881209101427395e+00
1.489500000000000046e+00,-6.857093495320904175e+00
1.489200000000000079e+00,-6.871994690535627726e+00
1.488899999999999890e+00,-6.968295408520466694e+00
1.488199999999999967e+00,-7.080133223851328594e+00
1.487900000000000000e+00,-7.260977385228212455e+00
1.487200000000000077e+00,-7.122947179271591267e+00
1.486900000000000110e+00,-7.225005701786551882e+00
1.486599999999999921e+00,-7.143762976534375753e+00
1.486199999999999966e+00,-7.281524431853799939e+00
1.485899999999999999e+00,-7.288493667685462363e+00
1.485600000000000032e+00,-7.329319504091862392e+00
1.485300000000000065e+00,-7.291331915851816170e+00
1.485000000000000098e+00,-7.426238764700419104e+00
1.484699999999999909e+00,-7.438419860253485005e+00
1.484299999999999953e+00,-7.486198320672421858e+00
1.483999999999999986e+00,-7.478857733281881970e+00
1.483700000000000019e+00,-7.531669699838497323e+00
1.483400000000000052e+00,-7.502032647502613116e+00
1.483000000000000096e+00,-7.517565520153215886e+00
1.482699999999999907e+00,-7.623459209929288605e+00
1.482099999999999973e+00,-7.658718483042735947e+00
1.481800000000000006e+00,-7.728020218142599873e+00
1.481500000000000039e+00,-7.883681059999650742e+00
1.480900000000000105e+00,-7.843329686163177605e+00
1.480699999999999905e+00,-8.054609924560903522e+00
1.480299999999999949e+00,-8.062403359996098473e+00
1.479999999999999982e+00,-8.090119243987347275e+00
1.479700000000000015e+00,-8.031622922221801630e+00
1.479400000000000048e+00,-7.985914463400078489e+00
1.479100000000000081e+00,-8.047878939724302683e+00
1.478699999999999903e+00,-8.228589115347011429e+00
1.478399999999999936e+00,-8.259893614557221042e+00
1.477999999999999980e+00,-8.256501683866993346e+00
1.477600000000000025e+00,-8.236764131917643894e+00
1.477300000000000058e+00,-8.146891281706706067e+00
1.476599999999999913e+00,-8.274638981918807090e+00
1.476299999999999946e+00,-8.332980968325363946e+00
1.475899999999999990e+00,-8.352032793537775390e+00
1.475300000000000056e+00,-8.485511346748801031e+00
1.475000000000000089e+00,-8.508571655084594454e+00
1.474599999999999911e+00,-8.494158552168478593e+00
1.474299999999999944e+00,-8.578571858249526727e+00
1.473899999999999988e+00,-8.624793360079847204e+00
1.473600000000000021e+00,-8.696273355133891769e+00
1.473300000000000054e+00,-8.731918236955412027e+00
1.473000000000000087e+00,-8.800586052905030598e+00
1.472599999999999909e+00,-8.803657961403786203e+00
1.472299999999999942e+00,-8.894406791432398762e+00
1.471999999999999975e+00,-8.888949909869117150e+00
1.471700000000000008e+00,-8.935631018672403059e+00
1.471000000000000085e+00,-8.960518190676783234e+00
1.470699999999999896e+00,-9.096779898055441294e+00
1.470399999999999929e+00,-9.069684318466913808e+00
1.469899999999999984e+00,-9.211025918849387040e+00
1.469500000000000028e+00,-9.345091364693775660e+00
1.469000000000000083e+00,-9.382356081445980323e+00
1.468699999999999894e+00,-9.411264543093041723e+00
1.468299999999999939e+00,-9.433793481311743889e+00
1.467700000000000005e+00,-9.506161951521995945e+00
1.467300000000000049e+00,-9.520871340518414883e+00
1.467000000000000082e+00,-9.505517125955442737e+00
1.466699999999999893e+00,-9.538957331811907636e+00
1.466399999999999926e+00,-9.646462136867015147e+00
1.465999999999999970e+00,-9.603521226740369343e+00
1.465700000000000003e+00,-9.662584730458448234e+00
1.465300000000000047e+00,-9.743627263475614697e+00
1.465100000000000069e+00,-9.836265442918646684e+00
1.464699999999999891e+00,-9.807242966442496268e+00
1.464399999999999924e+00,-9.850161139828699675e+00
1.463700000000000001e+00,-9.783159223118383707e+00
1.463400000000000034e+00,-9.821834909574077344e+00
1.463000000000000078e+00,-9.932478442887127557e+00
1.462699999999999889e+00,-9.908073340968332587e+00
1.462399999999999922e+00,-9.964717576518671294e+00
1.461999999999999966e+00,-1.003346103480200568e+01
1.461699999999999999e+00,-1.016778349840589968e+01
1.461300000000000043e+00,-1.014702957221223478e+01
1.461000000000000076e+00,-1.016998375779959041e+01
1.460700000000000109e+00,-1.023302103220925119e+01
1.460299999999999931e+00,-1.019471618493948029e+01
1.459999999999999964e+00,-1.016103131551756356e+01
1.459600000000000009e+00,-1.036272252733271415e+01
1.459300000000000042e+00,-1.039812277621020975e+01
1.459000000000000075e+00,-1.053881388581763545e+01
1.458299999999999930e+00,-1.066605429738730670e+01
1.457899999999999974e+00,-1.066305275678894660e+01
1.457600000000000007e+00,-1.065698149476726542e+01
1.457300000000000040e+00,-1.062237384100109949e+01
1.457000000000000073e+00,-1.066317869786274919e+01
1.456700000000000106e+00,-1.077464768772622072e+01
1.456299999999999928e+00,-1.086986819084766864e+01
1.455999999999999961e+00,-1.092505760830519002e+01
1.455699999999999994e+00,-1.089359375117801143e+01
1.455300000000000038e+00,-1.096392053510026088e+01
1.455000000000000071e+00,-1.093124828077428745e+01
1.454599999999999893e+00,-1.099634353096392836e+01
1.454299999999999926e+00,-1.114085172805329904e+01
1.453999999999999959e+00,-1.111806809231292981e+01
1.453699999999999992e+00,-1.106516208681379609e+01
1.453100000000000058e+00,-1.112567498954067347e+01
1.452800000000000091e+00,-1.104517771523989822e+01
1.452499999999999902e+00,-1.110313351758958689e+01
1.452199999999999935e+00,-1.112111378712898535e+01
1.451899999999999968e+00,-1.136740733964141903e+01
1.451600000000000001e+00,-1.138006279394840981e+01
1.451000000000000068e+00,-1.147840508055088193e+01
1.450599999999999890e+00,-1.164951086843439576e+01
1.449999999999999956e+00,-1.182938338995043459e+01
1.449600000000000000e+00,-1.187187596762666253e+01
1.449200000000000044e+00,-1.183705291894756861e+01
1.448499999999999899e+00,-1.188392796827430331e+01
1.448299999999999921e+00,-1.191734085739856042e+01
1.447999999999999954e+00,-1.192834746500106746e+01
1.447400000000000020e+00,-1.195060226663480840e+01
1.447100000000000053e+00,-1.194928877700221115e+01
1.446700000000000097e+00,-1.205895159547701745e+01
1.446099999999999941e+00,-1.214386484469582150e+01
1.445699999999999985e+00,-1.212483577486388953e+01
1.445400000000000018e+00,-1.206848013920970253e+01
1.444700000000000095e+00,-1.214613233648685231e+01
1.444299999999999917e+00,-1.227153933171035227e+01
1.443999999999999950e+00,-1.229697316812708152e+01
1.443300000000000027e+00,-1.238062494540474390e+01
1.442900000000000071e+00,-1.245626175914154388e+01
1.442600000000000104e+00,-1.257147990367654344e+01
1.441899999999999959e+00,-1.279608370143622054e+01
1.441200000000000037e+00,-1.282515767436348497e+01
1.440499999999999892e+00,-1.279887844975553435e+01
1.440299999999999914e+00,-1.278481355354785265e+01
1.439999999999999947e+00,-1.285694576635618169e+01
1.439599999999999991e+00,-1.293536999534177312e+01
1.439000000000000057e+00,-1.297582691593655824e+01
1.438700000000000090e+00,-1.295030318676634451e+01
1.438399999999999901e+00,-1.296470188396131284e+01
1.438099999999999934e+00,-1.302404583278619832e+01
1.437500000000000000e+00,-1.310112936084920143e+01
1.437100000000000044e+00,-1.313910638800225961e+01
1.436500000000000110e+00,-1.340832370600791457e+01
1.436199999999999921e+00,-1.348970987789946818e+01
1.435400000000000009e+00,-1.352550679008905554e+01
1.435100000000000042e+00,-1.355753375431338270e+01
1.434800000000000075e+00,-1.362068683095248112e+01
1.434099999999999930e+00,-1.357257465180207490e+01
1.433400000000000007e+00,-1.349503887283290382e+01
1.433100000000000041e+00,-1.362526334103691994e+01
1.432500000000000107e+00,-1.369561816184456937e+01
1.432099999999999929e+00,-1.370782845878555634e+01
1.431799999999999962e+00,-1.372676628266988530e+01
1.431400000000000006e+00,-1.373282442504297052e+01
1.431200000000000028e+00,-1.392420987618992001e+01
1.430800000000000072e+00,-1.398274075662016358e+01
1.430199999999999916e+00,-1.421282008977359901e+01
1.429799999999999960e+00,-1.415534893019331619e+01
1.429499999999999993e+00,-1.410454651139371762e+01
1.429100000000000037e+00,-1.415013856239178125e+01
1.428800000000000070e+00,-1.402088711523396825e+01
1.428500000000000103e+00,-1.400232621674227218e+01
1.428199999999999914e+00,-1.403757176559614450e+01
1.427899999999999947e+00,-1.415911928194218206e+01
1.427599999999999980e+00,-1.426973020231458733e+01
1.426900000000000057e+00,-1.432805227317077090e+01
1.426600000000000090e+00,-1.434119454119869452e+01
1.426199999999999912e+00,-1.436329456461094622e+01
1.425899999999999945e+00,-1.435419963060086879e+01
1.425499999999999989e+00,-1.446224887714586949e+01
1.425200000000000022e+00,-1.449727853415020640e+01
1.424800000000000066e+00,-1.449824553990892007e+01
1.424500000000000099e+00,-1.451530749253205776e+01
1.424199999999999910e+00,-1.454155331662761874e+01
1.423899999999999944e+00,-1.460616296443872564e+01
1.423499999999999988e+00,-1.457757186577486586e+01
1.423300000000000010e+00,-1.463658070458232707e+01
1.422900000000000054e+00,-1.467189154922025551e+01
1.422600000000000087e+00,-1.476780208927589300e+01
1.421999999999999931e+00,-1.482905690855526970e+01
1.421599999999999975e+00,-1.491716498470121621e+01
1.421300000000000008e+00,-1.487996505775187472e+01
1.420900000000000052e+00,-1.487923275716503824e+01
1.420500000000000096e+00,-1.494791261159797457e+01
1.419799999999999951e+00,-1.512345518057288096e+01
1.419499999999999984e+00,-1.516038183364222114e+01
1.419200000000000017e+00,-1.505252056346233580e+01
1.418600000000000083e+00,-1.522481026879161270e+01
1.418199999999999905e+00,-1.509118676248384006e+01
1.417899999999999938e+00,-1.514004193861303094e+01
1.417300000000000004e+00,-1.519364765487051017e+01
1.416700000000000070e+00,-1.525802684372301599e+01
1.415999999999999925e+00,-1.547372863340157956e+01
1.415300000000000002e+00,-1.552939181176625461e+01
1.414900000000000047e+00,-1.542754477297488336e+01
1.414500000000000091e+00,-1.548920641264188092e+01
1.413799999999999946e+00,-1.557831085129551774e+01
1.413100000000000023e+00,-1.557198915482782553e+01
1.412500000000000089e+00,-1.572669669367161127e+01
1.411899999999999933e+00,-1.580257004629064355e+01
1.411299999999999999e+00,-1.574822783067383547e+01
1.410700000000000065e+00,-1.582232150811385374e+01
1.409899999999999931e+00,-1.578847538185141808e+01
1.409299999999999997e+00,-1.594536750165065975e+01
1.408700000000000063e+00,-1.603024369780971270e+01
1.407999999999999918e+00,-1.602922306976105560e+01
1.407399999999999984e+00,-1.612307407537292292e+01
1.406700000000000061e+00,-1.605896171688750940e+01
1.405999999999999917e+00,-1.630098411421624149e+01
1.405399999999999983e+00,-1.628204877110973570e+01
1.404700000000000060e+00,-1.633714544389428980e+01
1.404099999999999904e+00,-1.643052769201795016e+01
1.403699999999999948e+00,-1.638853466368901124e+01
1.403399999999999981e+00,-1.643794599698305348e+01
1.402700000000000058e+00,-1.628387323191742553e+01
1.402500000000000080e+00,-1.639917291208874062e+01
1.401699999999999946e+00,-1.649757708771012332e+01
1.401399999999999979e+00,-1.671765101654478514e+01
1.401100000000000012e+00,-1.669866231124870026e+01
1.400300000000000100e+00,-1.666291239852766282e+01
1.399999999999999911e+00,-1.676538214826312867e+01
1.399299999999999988e+00,-1.654645008636454051e+01
1.399000000000000021e+00,-1.669163060695850831e+01
1.398600000000000065e+00,-1.673042515457374435e+01
1.398300000000000098e+00,-1.673131169577495569e+01
1.397699999999999942e+00,-1.676286244592746044e+01
1.397299999999999986e+00,-1.678394610936393150e+01
1.396700000000000053e+00,-1.673745990541141282e+01
1.396400000000000086e+00,-1.688917965598268012e+01
1.395999999999999908e+00,-1.687150556709754667e+01
1.395399999999999974e+00,-1.686394846438068029e+01
1.395100000000000007e+00,-1.686696416141652222e+01
1.394700000000000051e+00,-1.687358029864678244e+01
1.394400000000000084e+00,-1.687464909584423012e+01
1.393799999999999928e+00,-1.696237976672176728e+01
1.393499999999999961e+00,-1.710956569979929043e+01
1.393199999999999994e+00,-1.713567576336365050e+01
1.392800000000000038e+00,-1.701972575802058429e+01
1.392500000000000071e+00,-1.701889685654829520e+01
1.392200000000000104e+00,-1.698492619734305009e+01
1.391899999999999915e+00,-1.701054362921779983e+01
1.391499999999999959e+00,-1.698343739446562850e+01
1.390900000000000025e+00,-1.704967071075253315e+01
1.390200000000000102e+00,-1.715899062745569026e+01
1.389499999999999957e+00,-1.717470440281828914e+01
1.389199999999999990e+00,-1.726873643097424704e+01
1.388800000000000034e+00,-1.724433587900007225e+01
1.388200000000000101e+00,-1.718882426462297630e+01
1.387399999999999967e+00,-1.714487757194871520e+01
1.387100000000000000e+00,-1.716848353949095696e+01
1.386800000000000033e+00,-1.717900659889978954e+01
1.386400000000000077e+00,-1.734997376610447972e+01
1.385799999999999921e+00,-1.739630616125805673e+01
1.385399999999999965e+00,-1.738615206132191915e+01
1.385099999999999998e+00,-1.736797100913879532e+01
1.384500000000000064e+00,-1.748633252268826865e+01
1.384200000000000097e+00,-1.752747435190956793e+01
1.383799999999999919e+00,-1.739012505020112442e+01
1.383499999999999952e+00,-1.749760654291727846e+01
1.382900000000000018e+00,-1.747373367710653724e+01
1.382200000000000095e+00,-1.756541926916984409e+01
1.381499999999999950e+00,-1.761351400429321146e+01
1.380900000000000016e+00,-1.759915364852931674e+01
1.380200000000000093e+00,-1.760072655817264931e+01
1.379599999999999937e+00,-1.759474669711597272e+01
1.378900000000000015e+00,-1.778927368835548606e+01
1.378300000000000081e+00,-1.765273509974352351e+01
1.377899999999999903e+00,-1.762366546602424222e+01
1.377599999999999936e+00,-1.769557248445753217e+01
1.376900000000000013e+00,-1.762517183720741798e+01
1.376300000000000079e+00,-1.769143186109807075e+01
1.375599999999999934e+00,-1.785310465726988127e+01
1.375199999999999978e+00,-1.780254608807581107e+01
1.374900000000000011e+00,-1.787709341757948422e+01
1.374300000000000077e+00,-1.794232201998771714e+01
1.373899999999999899e+00,-1.781390262388165624e+01
1.373599999999999932e+00,-1.793004682335355682e+01
1.373199999999999976e+00,-1.782292674667946031e+01
1.372900000000000009e+00,-1.777184273397151415e+01
1.372200000000000086e+00,-1.774391715126015967e+01
1.371899999999999897e+00,-1.776451893913807467e+01
1.371499999999999941e+00,-1.789872804783352578e+01
1.371199999999999974e+00,-1.793292834971838445e+01
1.370800000000000018e+00,-1.799976444152255084e+01
1.370500000000000052e+00,-1.789362966104854991e+01
1.370200000000000085e+00,-1.784328807587350951e+01
1.369899999999999896e+00,-1.782951358228375582e+01
1.369499999999999940e+00,-1.791344276675602742e+01
1.369199999999999973e+00,-1.785345109369500349e+01
1.368900000000000006e+00,-1.797786914144753823e+01
1.368600000000000039e+00,-1.793973493339155212e+01
1.368300000000000072e+00,-1.788112507547911534e+01
1.367899999999999894e+00,-1.804302104835000620e+01
1.367599999999999927e+00,-1.812859338528984310e+01
1.366999999999999993e+00,-1.809607060834417069e+01
1.366400000000000059e+00,-1.794876174388204504e+01
1.365699999999999914e+00,-1.793361069072282987e+01
1.364999999999999991e+00,-1.813215470001265217e+01
1.364300000000000068e+00,-1.805390289024225225e+01
1.363599999999999923e+00,-1.808580890155283427e+01
1.362999999999999989e+00,-1.802422260296565426e+01
1.362300000000000066e+00,-1.799121098989735401e+01
1.361699999999999910e+00,-1.803432692520194536e+01
1.361099999999999977e+00,-1.817909537949226362e+01
1.360800000000000010e+00,-1.813225557631718488e+01
1.360400000000000054e+00,-1.821946272597798000e+01
1.359799999999999898e+00,-1.816565494409611503e+01
1.359099999999999975e+00,-1.844788527134910439e+01
1.358400000000000052e+00,-1.836557923854701713e+01
1.358100000000000085e+00,-1.830737374163351916e+01
1.357799999999999896e+00,-1.823459310109189602e+01
1.357399999999999940e+00,-1.826597809594663246e+01
1.357099999999999973e+00,-1.825026609427954583e+01
1.356800000000000006e+00,-1.835955665474521226e+01
1.356400000000000050e+00,-1.825198105079254418e+01
1.355799999999999894e+00,-1.819856440646617912e+01
1.355499999999999927e+00,-1.834544793672303697e+01
1.355099999999999971e+00,-1.830692289438119502e+01
1.354500000000000037e+00,-1.834082324223924587e+01
1.354200000000000070e+00,-1.821435674737407950e+01
1.353900000000000103e+00,-1.826318713376937808e+01
1.353299999999999947e+00,-1.839969354990641293e+01
1.352999999999999980e+00,-1.833408884654485149e+01
1.352700000000000014e+00,-1.826911583580580256e+01
1.352400000000000047e+00,-1.826339572623333751e+01
1.352100000000000080e+00,-1.853704089556104861e+01
1.351799999999999891e+00,-1.855561830963626235e+01
1.351499999999999924e+00,-1.849782951545914500e+01
1.351099999999999968e+00,-1.836602371341677653e+01
1.350800000000000001e+00,-1.844092443671801007e+01
1.350500000000000034e+00,-1.841752605665942966e+01
1.350200000000000067e+00,-1.833845535246097924e+01
1.349900000000000100e+00,-1.833663387297117353e+01
1.349599999999999911e+00,-1.840968354039950228e+01
1.349199999999999955e+00,-1.837951345242992929e+01
1.348899999999999988e+00,-1.834835271827652292e+01
1.348500000000000032e+00,-1.828097088657203884e+01
1.348200000000000065e+00,-1.827747689127651753e+01
1.347599999999999909e+00,-1.842775364688407436e+01
1.347299999999999942e+00,-1.847271121516603287e+01
1.346999999999999975e+00,-1.844978266874871764e+01
1.346700000000000008e+00,-1.837471740100179218e+01
1.346400000000000041e+00,-1.831309838048796834e+01
1.345699999999999896e+00,-1.830115083472638560e+01
1.345399999999999929e+00,-1.845401830341802096e+01
1.345099999999999962e+00,-1.832018185847321234e+01
1.344700000000000006e+00,-1.821302950958765265e+01
1.344400000000000039e+00,-1.844373933666777532e+01
1.344100000000000072e+00,-1.831226345290525259e+01
1.343699999999999894e+00,-1.834541508823591371e+01
1.343299999999999939e+00,-1.832539138699297965e+01
1.342999999999999972e+00,-1.838701037331124155e+01
1.342300000000000049e+00,-1.841151959331033794e+01
1.342000000000000082e+00,-1.840310517990792150e+01
1.341699999999999893e+00,-1.838244767301310389e+01
1.341399999999999926e+00,-1.835175024198333915e+01
1.341099999999999959e+00,-1.840959366894868410e+01
1.340400000000000036e+00,-1.851612908941079283e+01
1.340100000000000069e+00,-1.847572675773602313e+01
1.339800000000000102e+00,-1.845165235819963456e+01
1.339399999999999924e+00,-1.844928678277927858e+01
1.338999999999999968e+00,-1.840266042807689928e+01
1.338300000000000045e+00,-1.854850903966545772e+01
1.338000000000000078e+00,-1.839222400751832609e+01
1.337699999999999889e+00,-1.844733566306426553e+01
1.337099999999999955e+00,-1.854601991234244807e+01
1.336799999999999988e+00,-1.858226178948840968e+01
1.336500000000000021e+00,-1.857016418525935819e+01
1.335800000000000098e+00,-1.858645531842605436e+01
1.335599999999999898e+00,-1.854161584380680949e+01
1.335299999999999931e+00,-1.846758314968561976e+01
1.334899999999999975e+00,-1.851676180078618827e+01
1.334300000000000042e+00,-1.854018195435970284e+01
1.333700000000000108e+00,-1.850700318241638342e+01
1.333299999999999930e+00,-1.862718214802726990e+01
1.332999999999999963e+00,-1.849907721948457251e+01
1.332600000000000007e+00,-1.841430440830257353e+01
1.332300000000000040e+00,-1.845023502456541209e+01
1.331499999999999906e+00,-1.846715566547326759e+01
1.331199999999999939e+00,-1.844329467943295597e+01
1.330799999999999983e+00,-1.857414528760332217e+01
1.330500000000000016e+00,-1.858550903936512810e+01
1.329800000000000093e+00,-1.847917532375792149e+01
1.329099999999999948e+00,-1.862543073535898941e+01
1.328799999999999981e+00,-1.852634590120208458e+01
1.328500000000000014e+00,-1.854785112289205173e+01
1.327900000000000080e+00,-1.848210853364010831e+01
1.327599999999999891e+00,-1.853358098893283668e+01
1.326999999999999957e+00,-1.860534563967175359e+01
1.326699999999999990e+00,-1.868117768066791484e+01
1.326300000000000034e+00,-1.858356695564238237e+01
1.326000000000000068e+00,-1.851442320207766556e+01
1.325700000000000101e+00,-1.863525919424107613e+01
1.325299999999999923e+00,-1.863914986205234925e+01
1.324999999999999956e+00,-1.864094755877482257e+01
1.324300000000000033e+00,-1.863611779667111534e+01
1.324000000000000066e+00,-1.860886895712898692e+01
1.323700000000000099e+00,-1.850253371892835474e+01
1.323299999999999921e+00,-1.852862725413469036e+01
1.322599999999999998e+00,-1.852843519011748441e+01
1.322300000000000031e+00,-1.853981815295438196e+01
1.322000000000000064e+00,-1.850468323092609069e+01
1.321600000000000108e+00,-1.851982802831579278e+01
1.321299999999999919e+00,-1.830556202854372572e+01
1.320699999999999985e+00,-1.838654116692395490e+01
1.320000000000000062e+00,-1.842197825719492954e+01
1.319399999999999906e+00,-1.845048118245427560e+01
1.318699999999999983e+00,-1.850935115370140238e+01
1.318400000000000016e+00,-1.853094830997683573e+01
1.318100000000000049e+00,-1.844293838115023831e+01
1.317499999999999893e+00,-1.846492612884572893e+01
1.317199999999999926e+00,-1.860478497520022145e+01
1.316799999999999971e+00,-1.855539285964937335e+01
1.316200000000000037e+00,-1.857170219973520275e+01
1.315800000000000081e+00,-1.839821317559941960e+01
1.315499999999999892e+00,-1.859152995189808522e+01
1.315099999999999936e+00,-1.861384909600067772e+01
1.314799999999999969e+00,-1.855910384676376523e+01
1.314500000000000002e+00,-1.861791131592500648e+01
1.314100000000000046e+00,-1.852441422181541242e+01
1.313900000000000068e+00,-1.841109689419634776e+01
1.313499999999999890e+00,-1.847774699135175069e+01
1.313199999999999923e+00,-1.852996228566368231e+01
1.312599999999999989e+00,-1.864580123005950441e+01
1.312300000000000022e+00,-1.850902791577027529e+01
1.312000000000000055e+00,-1.852035749282127952e+01
1.311600000000000099e+00,-1.861979106707193310e+01
1.311199999999999921e+00,-1.855227558672321209e+01
1.310899999999999954e+00,-1.871927353862025356e+01
1.310599999999999987e+00,-1.857992920645127199e+01
1.310000000000000053e+00,-1.854910507652950358e+01
1.309600000000000097e+00,-1.850087563736177643e+01
1.309299999999999908e+00,-1.846226098395631254e+01
1.308999999999999941e+00,-1.845837140155397194e+01
1.308400000000000007e+00,-1.854493018159523032e+01
1.307700000000000085e+00,-1.851432325599552442e+01
1.307399999999999896e+00,-1.848045110710129890e+01
1.306699999999999973e+00,-1.859306562601086910e+01
1.306300000000000017e+00,-1.860110340031031129e+01
1.306000000000000050e+00,-1.861136117236430110e+01
1.305299999999999905e+00,-1.855335790105008797e+01
1.304699999999999971e+00,-1.855091788754807780e+01
1.304000000000000048e+00,-1.859309906940484325e+01
1.303700000000000081e+00,-1.857657449249013482e+01
1.303299999999999903e+00,-1.851238336739863399e+01
1.302699999999999969e+00,-1.843361700614642729e+01
1.302400000000000002e+00,-1.851712073574745432e+01
1.302100000000000035e+00,-1.853534498219271853e+01
1.301800000000000068e+00,-1.846679720690566739e+01
1.301099999999999923e+00,-1.860658217346343335e+01
1.300799999999999956e+00,-1.871654860384946062e+01
1.300400000000000000e+00,-1.858214354763148179e+01
1.299700000000000077e+00,-1.854121990423401556e+01
1.299099999999999921e+00,-1.864605440273277992e+01
1.298699999999999966e+00,-1.852660587804396286e+01
1.298000000000000043e+00,-1.847944316362452355e+01
1.297700000000000076e+00,-1.844576842457276200e+01
1.297099999999999920e+00,-1.852404775972297202e+01
1.296699999999999964e+00,-1.850954057292129562e+01
1.296399999999999997e+00,-1.847738078402530704e+01
1.296000000000000041e+00,-1.836914966277134909e+01
1.295700000000000074e+00,-1.843104963209383840e+01
1.295400000000000107e+00,-1.826541165598051819e+01
1.295099999999999918e+00,-1.838157896843668837e+01
1.294799999999999951e+00,-1.842861018607807466e+01
1.294100000000000028e+00,-1.835203432462026640e+01
1.293800000000000061e+00,-1.830372075612655181e+01
1.293500000000000094e+00,-1.837423005628538775e+01
1.292799999999999949e+00,-1.840869481999447643e+01
1.292200000000000015e+00,-1.854916243670895781e+01
1.291900000000000048e+00,-1.829854807246685056e+01
1.291600000000000081e+00,-1.827212608918856418e+01
1.290899999999999936e+00,-1.835752156396208079e+01
1.290599999999999969e+00,-1.824240961543774731e+01
1.290300000000000002e+00,-1.830484235729604592e+01
1.289900000000000047e+00,-1.843060338805073073e+01
1.289199999999999902e+00,-1.831828029597850716e+01
1.288999999999999924e+00,-1.833282035226605089e+01
1.288699999999999957e+00,-1.832208822141268456e+01
1.288399999999999990e+00,-1.826906188099270167e+01
1.288100000000000023e+00,-1.837989247637445089e+01
1.287700000000000067e+00,-1.835169499086516254e+01
1.287400000000000100e+00,-1.836576558841380802e+01
1.287099999999999911e+00,-1.817087551011977453e+01
1.286799999999999944e+00,-1.818215548639668100e+01
1.286399999999999988e+00,-1.833286676015668704e+01
1.286100000000000021e+00,-1.833375658846009060e+01
1.285700000000000065e+00,-1.831407846421898000e+01
1.285300000000000109e+00,-1.833676170394172189e+01
1.284999999999999920e+00,-1.842213351607151850e+01
1.284599999999999964e+00,-1.834174132186094752e+01
1.284299999999999997e+00,-1.829248706448176165e+01
1.283900000000000041e+00,-1.827640616187415645e+01
1.283300000000000107e+00,-1.828874969103848613e+01
1.282999999999999918e+00,-1.832940214918322752e+01
1.282599999999999962e+00,-1.852758100745633385e+01
1.282000000000000028e+00,-1.829860923173712095e+01
1.281700000000000061e+00,-1.838653871294926034e+01
1.281400000000000095e+00,-1.857852366813446210e+01
1.281099999999999905e+00,-1.850149843271335115e+01
1.280799999999999939e+00,-1.832626070341408564e+01
1.280399999999999983e+00,-1.827849824203716977e+01
1.279700000000000060e+00,-1.843177544780857247e+01
1.279099999999999904e+00,-1.837428321450505564e+01
1.278399999999999981e+00,-1.833360275404535145e+01
1.277900000000000036e+00,-1.825678790023142994e+01
1.277199999999999891e+00,-1.847082895519904611e+01
1.276799999999999935e+00,-1.844762450891280636e+01
1.276200000000000001e+00,-1.840277223756720915e+01
1.275800000000000045e+00,-1.840515049091311894e+01
1.275099999999999900e+00,-1.836974265963554842e+01
1.274499999999999966e+00,-1.838826246917720653e+01
1.273900000000000032e+00,-1.822304488647199250e+01
1.273600000000000065e+00,-1.828284822702735113e+01
1.272899999999999920e+00,-1.847917179121447973e+01
1.272599999999999953e+00,-1.836049778645293529e+01
1.272199999999999998e+00,-1.829343700908070147e+01
1.271800000000000042e+00,-1.829497475493643677e+01
1.271500000000000075e+00,-1.837928913316832791e+01
1.271200000000000108e+00,-1.828735287134758281e+01
1.270899999999999919e+00,-1.835833289745248820e+01
1.270599999999999952e+00,-1.831215699319068690e+01
1.270199999999999996e+00,-1.831502326760528732e+01
1.269900000000000029e+00,-1.832795749662011175e+01
1.269600000000000062e+00,-1.820205670681387389e+01
1.268999999999999906e+00,-1.820809218281314656e+01
1.268699999999999939e+00,-1.814876464677744039e+01
1.268399999999999972e+00,-1.825507593975666154e+01
1.268000000000000016e+00,-1.834050224098207238e+01
1.267400000000000082e+00,-1.832601357466337433e+01
1.266799999999999926e+00,-1.836908063350094267e+01
1.266399999999999970e+00,-1.834856158868299758e+01
1.266100000000000003e+00,-1.836983402277014221e+01
1.265400000000000080e+00,-1.835838234782389122e+01
1.265099999999999891e+00,-1.813012959844531125e+01
1.264899999999999913e+00,-1.806711131920723545e+01
1.264199999999999990e+00,-1.822793025243124987e+01
1.263900000000000023e+00,-1.832827985242890989e+01
1.263300000000000090e+00,-1.824478995096079359e+01
1.262999999999999901e+00,-1.823858711290102619e+01
1.262699999999999934e+00,-1.825959464139756250e+01
1.262000000000000011e+00,-1.847625882180521728e+01
1.261600000000000055e+00,-1.849842298483599734e+01
1.260999999999999899e+00,-1.840300636283646796e+01
1.260699999999999932e+00,-1.836010151227123544e+01
1.260399999999999965e+00,-1.838133700322909547e+01
1.260000000000000009e+00,-1.833077847597725452e+01
1.259700000000000042e+00,-1.828771257720573828e+01
1.258999999999999897e+00,-1.822056394419164604e+01
1.258699999999999930e+00,-1.825573314086711818e+01
1.258299999999999974e+00,-1.835137982435942305e+01
1.257700000000000040e+00,-1.837350701106941386e+01
1.257400000000000073e+00,-1.824149412696495531e+01
1.256999999999999895e+00,-1.820192040584952053e+01
1.256399999999999961e+00,-1.824284027736877789e+01
1.256000000000000005e+00,-1.818688006997269824e+01
1.255700000000000038e+00,-1.821513830787989008e+01
1.254999999999999893e+00,-1.821677531096453961e+01
1.254699999999999926e+00,-1.824680547194345692e+01
1.254399999999999959e+00,-1.807429244958759185e+01
1.253700000000000037e+00,-1.803422289260361211e+01
1.253400000000000070e+00,-1.823771460933093991e+01
1.252999999999999892e+00,-1.819475986901287357e+01
1.252699999999999925e+00,-1.819626519646462626e+01
1.252000000000000002e+00,-1.813203803704239547e+01
1.251700000000000035e+00,-1.810191978271662450e+01
1.251400000000000068e+00,-1.816343493772970064e+01
1.250999999999999890e+00,-1.813783281950833626e+01
1.250699999999999923e+00,-1.814527830024349342e+01
1.250499999999999945e+00,-1.829595081568966819e+01
1.250099999999999989e+00,-1.829024273158610470e+01
1.249800000000000022e+00,-1.825822330641674895e+01
1.249500000000000055e+00,-1.827836803995281301e+01
1.249200000000000088e+00,-1.816711513850325588e+01
1.248899999999999899e+00,-1.824190091532767255e+01
1.248599999999999932e+00,-1.830231560018911452e+01
1.247900000000000009e+00,-1.825994274097823578e+01
1.247300000000000075e+00,-1.812423482190203217e+01
1.246599999999999930e+00,-1.812000370862596910e+01
1.245900000000000007e+00,-1.793594926786951760e+01
1.245600000000000041e+00,-1.799722788820524499e+01
1.245300000000000074e+00,-1.814977520043113302e+01
1.244499999999999940e+00,-1.819818721865186362e+01
1.243800000000000017e+00,-1.813114834456792934e+01
1.243500000000000050e+00,-1.808096510901475895e+01
1.243200000000000083e+00,-1.808992622273101603e+01
1.242899999999999894e+00,-1.824974900457212357e+01
1.242499999999999938e+00,-1.826408497806039222e+01
1.242199999999999971e+00,-1.823919560570300646e+01
1.241900000000000004e+00,-1.822715508381618932e+01
1.241200000000000081e+00,-1.802450888850597721e+01
1.240899999999999892e+00,-1.803174322766356497e+01
1.240299999999999958e+00,-1.818249660069997731e+01
1.239999999999999991e+00,-1.814450318284059094e+01
1.239700000000000024e+00,-1.810155615624420378e+01
1.239300000000000068e+00,-1.813986961765757400e+01
1.238699999999999912e+00,-1.823305190934848596e+01
1.238299999999999956e+00,-1.823093566517943387e+01
1.237999999999999989e+00,-1.822968629379226968e+01
1.237300000000000066e+00,-1.820644568172611244e+01
1.237000000000000099e+00,-1.822276093706937417e+01
1.236599999999999921e+00,-1.816480248279395937e+01
1.235999999999999988e+00,-1.811850327708862096e+01
1.235600000000000032e+00,-1.823565741797799333e+01
1.235300000000000065e+00,-1.819016293547826280e+01
1.235000000000000098e+00,-1.820554526461674882e+01
1.234599999999999920e+00,-1.824035291225515820e+01
1.234299999999999953e+00,-1.812342257666646361e+01
1.233999999999999986e+00,-1.811892623980303796e+01
1.233600000000000030e+00,-1.820400692481849347e+01
1.233300000000000063e+00,-1.805755339877260823e+01
1.233000000000000096e+00,-1.812213919552751662e+01
1.232699999999999907e+00,-1.802882032270669299e+01
1.232299999999999951e+00,-1.809526948766846743e+01
1.231600000000000028e+00,-1.800062558594689577e+01
1.231400000000000050e+00,-1.797997796026007933e+01
1.231000000000000094e+00,-1.813137906486401008e+01
1.230699999999999905e+00,-1.802297528367890678e+01
1.230099999999999971e+00,-1.810653925719560675e+01
1.229800000000000004e+00,-1.807364907744609184e+01
1.229500000000000037e+00,-1.800301944382747976e+01
1.228799999999999892e+00,-1.801885851556404816e+01
1.228099999999999969e+00,-1.808082336378809174e+01
1.227800000000000002e+00,-1.802151748729200165e+01
1.227500000000000036e+00,-1.815152627617682057e+01
1.227100000000000080e+00,-1.806806211612985180e+01
1.226799999999999891e+00,-1.802795595476887769e+01
1.226499999999999924e+00,-1.800930378693396960e+01
1.226199999999999957e+00,-1.792900609323159600e+01
1.225800000000000001e+00,-1.785427877914573358e+01
1.225500000000000034e+00,-1.786282570039113438e+01
1.225100000000000078e+00,-1.796894341739852052e+01
1.224800000000000111e+00,-1.810327436507705556e+01
1.224499999999999922e+00,-1.799765767651053849e+01
1.224199999999999955e+00,-1.790178081411946565e+01
1.223600000000000021e+00,-1.799365314438632169e+01
1.223300000000000054e+00,-1.809744256984690836e+01
1.223000000000000087e+00,-1.815790122240146331e+01
1.222299999999999942e+00,-1.796259414161517398e+01
1.221999999999999975e+00,-1.797888549912194733e+01
1.221300000000000052e+00,-1.793762197338337572e+01
1.220599999999999907e+00,-1.812118251040464045e+01
1.220299999999999940e+00,-1.812150549420866597e+01
1.219899999999999984e+00,-1.811555296545568794e+01
1.219600000000000017e+00,-1.797269505293122194e+01
1.219000000000000083e+00,-1.791173810418771950e+01
1.218199999999999950e+00,-1.789218161624686232e+01
1.217600000000000016e+00,-1.810471098081792007e+01
1.216900000000000093e+00,-1.805670418758460727e+01
1.216199999999999948e+00,-1.797764962796488675e+01
1.215500000000000025e+00,-1.793877556164986586e+01
1.214900000000000091e+00,-1.804422307629368305e+01
1.214599999999999902e+00,-1.803874221625884644e+01
1.214199999999999946e+00,-1.805598744897014285e+01
1.213899999999999979e+00,-1.807770637614683551e+01
1.213600000000000012e+00,-1.806677530667285581e+01
1.212900000000000089e+00,-1.801523971164727911e+01
1.212199999999999944e+00,-1.796159859000154313e+01
1.211899999999999977e+00,-1.791933094606934063e+01
1.211600000000000010e+00,-1.795678235105898324e+01
1.211000000000000076e+00,-1.794033823448856424e+01
1.210599999999999898e+00,-1.798189121464989526e+01
1.209999999999999964e+00,-1.792956543055562335e+01
1.209600000000000009e+00,-1.801008884824281253e+01
1.209300000000000042e+00,-1.792054055305587923e+01
1.209000000000000075e+00,-1.785356120827044535e+01
1.208700000000000108e+00,-1.801610885093394643e+01
1.208399999999999919e+00,-1.805504412439691109e+01
1.208099999999999952e+00,-1.796796937904958469e+01
1.207699999999999996e+00,-1.815207689759273180e+01
1.207100000000000062e+00,-1.804662267026225919e+01
1.206399999999999917e+00,-1.791993551947075147e+01
1.206099999999999950e+00,-1.801301852777199386e+01
1.205699999999999994e+00,-1.796896962718962953e+01
1.205300000000000038e+00,-1.794106354212257060e+01
1.205000000000000071e+00,-1.791461243693080618e+01
1.204599999999999893e+00,-1.794742759943469324e+01
1.204299999999999926e+00,-1.782076759549262590e+01
1.203999999999999959e+00,-1.787508390302134487e+01
1.203699999999999992e+00,-1.788621029059156697e+01
1.203000000000000069e+00,-1.789796084706654611e+01
1.202700000000000102e+00,-1.793115321274130025e+01
1.202399999999999913e+00,-1.784835998413199576e+01
1.202099999999999946e+00,-1.787983816863101438e+01
1.201799999999999979e+00,-1.790366829425840223e+01
1.201500000000000012e+00,-1.806508398595127574e+01
1.201100000000000056e+00,-1.801609974079708465e+01
1.200399999999999912e+00,-1.794507966780432540e+01
1.199699999999999989e+00,-1.792152980890264757e+01
1.199400000000000022e+00,-1.796734664779820889e+01
1.199100000000000055e+00,-1.795610813944015760e+01
1.198399999999999910e+00,-1.803567245135034369e+01
1.198099999999999943e+00,-1.814252175815922996e+01
1.197799999999999976e+00,-1.801411040540778430e+01
1.197100000000000053e+00,-1.797710041023560379e+01
1.196499999999999897e+00,-1.797857475437673358e+01
1.195799999999999974e+00,-1.779857067792543290e+01
1.195200000000000040e+00,-1.786779362019557027e+01
1.194900000000000073e+00,-1.792339464342478195e+01
1.194499999999999895e+00,-1.797874400008532803e+01
1.194199999999999928e+00,-1.798041532536567289e+01
1.193500000000000005e+00,-1.791875533825844613e+01
1.193200000000000038e+00,-1.784651814740554343e+01
1.192800000000000082e+00,-1.784072687802942525e+01
1.192499999999999893e+00,-1.783063576423259633e+01
1.191799999999999971e+00,-1.785396903282452286e+01
1.191500000000000004e+00,-1.778880179984640009e+01
1.190900000000000070e+00,-1.796801459599036477e+01
1.190600000000000103e+00,-1.794159456205875358e+01
1.190299999999999914e+00,-1.789485922008074326e+01
1.189899999999999958e+00,-1.788707415254454602e+01
1.189599999999999991e+00,-1.785091926560459541e+01
1.188900000000000068e+00,-1.765234184036117071e+01
1.188600000000000101e+00,-1.774251435556735856e+01
1.188299999999999912e+00,-1.778930782592134818e+01
1.187500000000000000e+00,-1.784829507244867486e+01
1.187200000000000033e+00,-1.791629361027570155e+01
1.186900000000000066e+00,-1.784765901730218829e+01
1.186199999999999921e+00,-1.791848790346529796e+01
1.185899999999999954e+00,-1.785223565652144018e+01
1.185599999999999987e+00,-1.779142001218057700e+01
1.184900000000000064e+00,-1.776717378289358606e+01
1.184600000000000097e+00,-1.780270548189686863e+01
1.184299999999999908e+00,-1.770616976412477683e+01
1.183899999999999952e+00,-1.776264473206867578e+01
1.183300000000000018e+00,-1.787480387587647002e+01
1.183000000000000052e+00,-1.780904667389275531e+01
1.182600000000000096e+00,-1.775539427296786243e+01
1.182299999999999907e+00,-1.776542985317472301e+01
1.181499999999999995e+00,-1.771977536174050627e+01
1.181200000000000028e+00,-1.774474686571693383e+01
1.180500000000000105e+00,-1.775306163794461511e+01
1.180099999999999927e+00,-1.780799868747002890e+01
1.179799999999999960e+00,-1.779554647592272332e+01
1.179599999999999982e+00,-1.774720953130037060e+01
1.179300000000000015e+00,-1.767776221534896663e+01
1.179000000000000048e+00,-1.770891895077932077e+01
1.178700000000000081e+00,-1.771559112610787778e+01
1.178299999999999903e+00,-1.771618318175049822e+01
1.177999999999999936e+00,-1.777740063308528562e+01
1.177699999999999969e+00,-1.775021762556189842e+01
1.177300000000000013e+00,-1.772196546370634707e+01
1.177000000000000046e+00,-1.770586670239620020e+01
1.176600000000000090e+00,-1.766170328815772450e+01
1.176299999999999901e+00,-1.766136194823863548e+01
1.175599999999999978e+00,-1.764519406028119874e+01
1.175300000000000011e+00,-1.771340611039914492e+01
1.174900000000000055e+00,-1.767330622156945097e+01
1.174600000000000088e+00,-1.760759408141231575e+01
1.174299999999999899e+00,-1.762708398264315690e+01
1.173599999999999977e+00,-1.783446375850598287e+01
1.173300000000000010e+00,-1.775772337372482568e+01
1.173000000000000043e+00,-1.778911280558986974e+01
1.172700000000000076e+00,-1.767991257173758157e+01
1.171999999999999931e+00,-1.776588124134184810e+01
1.171599999999999975e+00,-1.771092742490166572e+01
1.171300000000000008e+00,-1.769239854106418264e+01
1.170900000000000052e+00,-1.766698804604319406e+01
1.170700000000000074e+00,-1.761234988197227480e+01
1.169999999999999929e+00,-1.758028642763831684e+01
1.169699999999999962e+00,-1.761721569953044053e+01
1.169399999999999995e+00,-1.764960992037901022e+01
1.169100000000000028e+00,-1.769745941396453404e+01
1.168500000000000094e+00,-1.770913151426592336e+01
1.167799999999999949e+00,-1.755639333221176202e+01
1.167499999999999982e+00,-1.765493060866783637e+01
1.166900000000000048e+00,-1.776064526109776409e+01
1.166500000000000092e+00,-1.768458408408154980e+01
1.166199999999999903e+00,-1.761378710308575180e+01
1.165499999999999980e+00,-1.773410389035974788e+01
1.165100000000000025e+00,-1.770417321306913294e+01
1.164800000000000058e+00,-1.769357636275670131e+01
1.164500000000000091e+00,-1.766492973764230356e+01
1.164199999999999902e+00,-1.762717683199844387e+01
1.163799999999999946e+00,-1.768482958635865288e+01
1.163499999999999979e+00,-1.769421468321777269e+01
1.163200000000000012e+00,-1.766762972291013156e+01
1.162500000000000089e+00,-1.764555492145747095e+01
1.162199999999999900e+00,-1.760439263516853359e+01
1.161899999999999933e+00,-1.760296852100443843e+01
1.161299999999999999e+00,-1.765299668423378776e+01
1.160900000000000043e+00,-1.763108650728074878e+01
1.160600000000000076e+00,-1.745054829946817065e+01
1.159899999999999931e+00,-1.752906615060086537e+01
1.159599999999999964e+00,-1.758085412993147756e+01
1.158900000000000041e+00,-1.746516733201440630e+01
1.158600000000000074e+00,-1.751542370082882627e+01
1.157899999999999929e+00,-1.757831016353482312e+01
1.157599999999999962e+00,-1.754965242750017040e+01
1.157299999999999995e+00,-1.754267867610853315e+01
1.156600000000000072e+00,-1.754993607708254899e+01
1.156300000000000106e+00,-1.755833373834007105e+01
1.155899999999999928e+00,-1.762270746987716308e+01
1.155599999999999961e+00,-1.758319473061445493e+01
1.155200000000000005e+00,-1.750978996118293907e+01
1.154900000000000038e+00,-1.750999148392050131e+01
1.154600000000000071e+00,-1.757029049937360199e+01
1.154300000000000104e+00,-1.758928742193414152e+01
1.153599999999999959e+00,-1.761452447413027045e+01
1.153200000000000003e+00,-1.753416520697383518e+01
1.152900000000000036e+00,-1.752552322025445619e+01
1.152600000000000069e+00,-1.753843956851962105e+01
1.152300000000000102e+00,-1.746865690229314794e+01
1.151599999999999957e+00,-1.755861900376637053e+01
1.151299999999999990e+00,-1.754782616621109881e+01
1.151000000000000023e+00,-1.754313855609687778e+01
1.150300000000000100e+00,-1.757478084860918344e+01
1.149999999999999911e+00,-1.761525359423926318e+01
1.149699999999999944e+00,-1.767104522907682806e+01
1.149000000000000021e+00,-1.767518119716948988e+01
1.148700000000000054e+00,-1.762247420372467488e+01
1.148300000000000098e+00,-1.748750897251436598e+01
1.147999999999999909e+00,-1.754283774298547627e+01
1.147399999999999975e+00,-1.762327449742421592e+01
1.147000000000000020e+00,-1.766534656030922434e+01
1.146700000000000053e+00,-1.768090552130901827e+01
1.146300000000000097e+00,-1.758370941011841637e+01
1.145899999999999919e+00,-1.749875273022345823e+01
1.145299999999999985e+00,-1.750975205481062957e+01
1.145000000000000018e+00,-1.750636405394041262e+01
1.144700000000000051e+00,-1.748117451865838490e+01
1.144400000000000084e+00,-1.754848744505666858e+01
1.144099999999999895e+00,-1.751314221208237853e+01
1.143799999999999928e+00,-1.759696763207275083e+01
1.143199999999999994e+00,-1.759821630558646888e+01
1.142800000000000038e+00,-1.757519488673649377e+01
1.142500000000000071e+00,-1.758277031183655481e+01
1.142200000000000104e+00,-1.758521999647146927e+01
1.141899999999999915e+00,-1.753498834733855816e+01
1.141499999999999959e+00,-1.749384851721476153e+01
1.140900000000000025e+00,-1.750925206804492262e+01
1.140300000000000091e+00,-1.744248130979850586e+01
1.139999999999999902e+00,-1.749674460440834523e+01
1.139599999999999946e+00,-1.750960192147526229e+01
1.139199999999999990e+00,-1.749841769213061582e+01
1.138900000000000023e+00,-1.742193505992776537e+01
1.138200000000000101e+00,-1.743804762315698298e+01
1.137799999999999923e+00,-1.743364192885238140e+01
1.137499999999999956e+00,-1.744656097289517405e+01
1.137100000000000000e+00,-1.741273693984489412e+01
1.136800000000000033e+00,-1.738348780853339193e+01
1.136600000000000055e+00,-1.741934966426310893e+01
1.136200000000000099e+00,-1.739346303229680046e+01
1.135899999999999910e+00,-1.738986879940016195e+01
1.135599999999999943e+00,-1.726453823201997295e+01
1.135199999999999987e+00,-1.738891486346471282e+01
1.134900000000000020e+00,-1.733842971206652450e+01
1.134300000000000086e+00,-1.740759640371939199e+01
1.133999999999999897e+00,-1.736368221384480393e+01
1.133699999999999930e+00,-1.736475097662152223e+01
1.133399999999999963e+00,-1.744406202765468095e+01
1.133000000000000007e+00,-1.742442312244454428e+01
1.132700000000000040e+00,-1.731748362158932864e+01
1.132400000000000073e+00,-1.731190600437158977e+01
1.131999999999999895e+00,-1.733703247503853717e+01
1.131699999999999928e+00,-1.747880150612573047e+01
1.131299999999999972e+00,-1.746195504587896608e+01
1.131000000000000005e+00,-1.741694113696909696e+01
1.130600000000000049e+00,-1.747678904443035108e+01
1.130400000000000071e+00,-1.741059327749769636e+01
1.129999999999999893e+00,-1.743650389258930034e+01
1.129699999999999926e+00,-1.732787383945787951e+01
1.129299999999999971e+00,-1.748498583019298991e+01
1.129000000000000004e+00,-1.747263146129503397e+01
1.128700000000000037e+00,-1.746873941610681413e+01
1.127999999999999892e+00,-1.739979188928250764e+01
1.127699999999999925e+00,-1.740546572640312561e+01
1.127299999999999969e+00,-1.744595856941078793e+01
1.127000000000000002e+00,-1.732386223138228942e+01
1.126700000000000035e+00,-1.726669903686040897e+01
1.126400000000000068e+00,-1.728275732041113244e+01
1.126100000000000101e+00,-1.740143573175055636e+01
1.125799999999999912e+00,-1.736702942138034089e+01
1.125399999999999956e+00,-1.739533792980124005e+01
1.125099999999999989e+00,-1.742915450789073972e+01
1.124400000000000066e+00,-1.743419815434990028e+01
1.124100000000000099e+00,-1.738610853547753266e+01
1.123799999999999910e+00,-1.749449299466056118e+01
1.123099999999999987e+00,-1.752079534369632086e+01
1.122700000000000031e+00,-1.746915551410453560e+01
1.122500000000000053e+00,-1.742320235514150184e+01
1.121799999999999908e+00,-1.734699501963763169e+01
1.121099999999999985e+00,-1.735190451113170340e+01
1.120500000000000052e+00,-1.735859675791881784e+01
1.120200000000000085e+00,-1.733304615561823425e+01
1.119799999999999907e+00,-1.734925382274026617e+01
1.119499999999999940e+00,-1.736434051876701190e+01
1.119199999999999973e+00,-1.725651335932002794e+01
1.118900000000000006e+00,-1.717702748160569826e+01
1.118600000000000039e+00,-1.725773317759714232e+01
1.118200000000000083e+00,-1.725145877372316150e+01
1.117899999999999894e+00,-1.719011632017900837e+01
1.117599999999999927e+00,-1.726261093536740532e+01
1.116900000000000004e+00,-1.724909345979857633e+01
1.116600000000000037e+00,-1.725723073490803827e+01
1.116200000000000081e+00,-1.730365206016673696e+01
1.115899999999999892e+00,-1.726775563588405049e+01
1.115599999999999925e+00,-1.735407159405540511e+01
1.115299999999999958e+00,-1.741453737971457016e+01
1.114600000000000035e+00,-1.742078263658256176e+01
1.114300000000000068e+00,-1.729031281143085153e+01
1.113699999999999912e+00,-1.714954939208077178e+01
1.112999999999999989e+00,-1.728338273179327444e+01
1.112300000000000066e+00,-1.730301190639681153e+01
1.112000000000000099e+00,-1.722417123564230579e+01
1.111699999999999910e+00,-1.725653511018415642e+01
1.111299999999999955e+00,-1.728364777497885285e+01
1.110999999999999988e+00,-1.727996263327273851e+01
1.110700000000000021e+00,-1.727493890769987317e+01
1.110100000000000087e+00,-1.720034157607647884e+01
1.109399999999999942e+00,-1.726499558053033567e+01
1.109099999999999975e+00,-1.721007362365115512e+01
1.108500000000000041e+00,-1.726072065170248138e+01
1.108100000000000085e+00,-1.723834051173154691e+01
1.107799999999999896e+00,-1.725673854063086310e+01
1.107499999999999929e+00,-1.724026183917201038e+01
1.106700000000000017e+00,-1.713533367738396862e+01
1.106400000000000050e+00,-1.702928640827643747e+01
1.106100000000000083e+00,-1.708661568429878130e+01
1.105699999999999905e+00,-1.702424387985046295e+01
1.105099999999999971e+00,-1.719380648555410218e+01
1.104800000000000004e+00,-1.716685124810929608e+01
1.104500000000000037e+00,-1.714601782751351067e+01
1.103900000000000103e+00,-1.719090590864341195e+01
1.103599999999999914e+00,-1.723875722102370744e+01
1.102899999999999991e+00,-1.719749698730708332e+01
1.102600000000000025e+00,-1.716881844445860494e+01
1.101900000000000102e+00,-1.718433336145245605e+01
1.101599999999999913e+00,-1.719468931531313771e+01
1.100999999999999979e+00,-1.715988037177896075e+01
1.100700000000000012e+00,-1.724700205322799462e+01
1.100400000000000045e+00,-1.719946743638529085e+01
1.099699999999999900e+00,-1.725757232710562405e+01
1.098999999999999977e+00,-1.719428654292495295e+01
1.098600000000000021e+00,-1.719270206909477494e+01
1.098400000000000043e+00,-1.721642090538452408e+01
1.097599999999999909e+00,-1.707668789419497557e+01
1.097299999999999942e+00,-1.724223614554222195e+01
1.096999999999999975e+00,-1.723634085867235299e+01
1.096400000000000041e+00,-1.716661282394590060e+01
1.096100000000000074e+00,-1.727639493689890671e+01
1.095699999999999896e+00,-1.716547833417337543e+01
1.095399999999999929e+00,-1.719761791655468741e+01
1.095099999999999962e+00,-1.707603522250597194e+01
1.094700000000000006e+00,-1.719407920288129787e+01
1.094400000000000039e+00,-1.715799123525761161e+01
1.094100000000000072e+00,-1.718423373341417104e+01
1.093699999999999894e+00,-1.712436206912620307e+01
1.093399999999999928e+00,-1.716359480958213268e+01
1.092700000000000005e+00,-1.716574436290809302e+01
1.092400000000000038e+00,-1.707514296498818851e+01
1.091800000000000104e+00,-1.706403160062807345e+01
1.091399999999999926e+00,-1.715417894210501260e+01
1.091099999999999959e+00,-1.719339009942947882e+01
1.090400000000000036e+00,-1.719649925492894482e+01
1.090100000000000069e+00,-1.706946854201727604e+01
1.089800000000000102e+00,-1.710014612951700741e+01
1.089099999999999957e+00,-1.719125372146206487e+01
1.088500000000000023e+00,-1.714703610996379979e+01
1.087900000000000089e+00,-1.709582429374190227e+01
1.087499999999999911e+00,-1.711851288862973774e+01
1.087199999999999944e+00,-1.711294557745152645e+01
1.086500000000000021e+00,-1.703044071717681263e+01
1.086200000000000054e+00,-1.699685682722629565e+01
1.085900000000000087e+00,-1.707465875448351156e+01
1.085599999999999898e+00,-1.704767347537935152e+01
1.085199999999999942e+00,-1.703102119844993112e+01
1.084899999999999975e+00,-1.709676338414846697e+01
1.084600000000000009e+00,-1.707906935566276019e+01
1.083900000000000086e+00,-1.703896413981810554e+01
1.083599999999999897e+00,-1.711009389761004229e+01
1.083199999999999941e+00,-1.712135723632972883e+01
1.082899999999999974e+00,-1.717004142966884217e+01
1.082600000000000007e+00,-1.714139472506091622e+01
1.082300000000000040e+00,-1.711736099949279932e+01
1.082000000000000073e+00,-1.700451629457052860e+01
1.081599999999999895e+00,-1.703269820806530532e+01
1.081299999999999928e+00,-1.704806587354418212e+01
1.080999999999999961e+00,-1.700482139789889402e+01
1.080699999999999994e+00,-1.691904153372659181e+01
1.080300000000000038e+00,-1.701044253625012104e+01
1.080000000000000071e+00,-1.720688965156768546e+01
1.079599999999999893e+00,-1.715972579598139802e+01
1.079299999999999926e+00,-1.719761417000344039e+01
1.078699999999999992e+00,-1.708703091380719741e+01
1.078400000000000025e+00,-1.706861744655173041e+01
1.077700000000000102e+00,-1.706372642952440799e+01
1.077399999999999913e+00,-1.698582434788466244e+01
1.076999999999999957e+00,-1.695726092876097368e+01
1.076300000000000034e+00,-1.705732445876498815e+01
1.076000000000000068e+00,-1.696664936447515615e+01
1.075700000000000101e+00,-1.707734458705071035e+01
1.074999999999999956e+00,-1.699722315623994717e+01
1.074699999999999989e+00,-1.702030154499059478e+01
1.074400000000000022e+00,-1.699739229888393410e+01
1.074100000000000055e+00,-1.700907422458866236e+01
1.073800000000000088e+00,-1.696863010803399519e+01
1.073499999999999899e+00,-1.702158771068754461e+01
1.073099999999999943e+00,-1.703247440950133651e+01
1.072799999999999976e+00,-1.690903984939836846e+01
1.072500000000000009e+00,-1.695055666546974749e+01
1.072100000000000053e+00,-1.696956944470520412e+01
1.071700000000000097e+00,-1.701027089217928889e+01
1.071399999999999908e+00,-1.708944988712077873e+01
1.070799999999999974e+00,-1.712749738866509119e+01
1.070500000000000007e+00,-1.705951663249216566e+01
1.070100000000000051e+00,-1.705912780454446320e+01
1.069399999999999906e+00,-1.700779130355111590e+01
1.069099999999999939e+00,-1.701862300514979509e+01
1.068799999999999972e+00,-1.707440444978312044e+01
1.068400000000000016e+00,-1.702501242768321532e+01
1.068100000000000049e+00,-1.704673534308042449e+01
1.067800000000000082e+00,-1.704619158046580196e+01
1.067499999999999893e+00,-1.700059327885946203e+01
1.067099999999999937e+00,-1.687607758241718514e+01
1.066799999999999971e+00,-1.687132421510206015e+01
1.066200000000000037e+00,-1.685029141382850781e+01
1.065800000000000081e+00,-1.696509903834995114e+01
1.065499999999999892e+00,-1.692628605590553192e+01
1.064799999999999969e+00,-1.701589963737249533e+01
1.064500000000000002e+00,-1.706287455471482417e+01
1.064200000000000035e+00,-1.701499223325675914e+01
1.063499999999999890e+00,-1.689577805230688767e+01
1.063199999999999923e+00,-1.697448626190511689e+01
1.062500000000000000e+00,-1.708495896780249979e+01
1.062200000000000033e+00,-1.697418738299877106e+01
1.061900000000000066e+00,-1.685113420757337366e+01
1.061500000000000110e+00,-1.684902222313846565e+01
1.060799999999999965e+00,-1.677828739198175967e+01
1.060200000000000031e+00,-1.672486413904815805e+01
1.059500000000000108e+00,-1.684574899038252838e+01
1.058799999999999963e+00,-1.695172197716532381e+01
1.058100000000000041e+00,-1.698145621989591803e+01
1.057500000000000107e+00,-1.694797984371559707e+01
1.056799999999999962e+00,-1.699661392196875553e+01
1.056200000000000028e+00,-1.695790043841271810e+01
1.055600000000000094e+00,-1.685532331852377297e+01
1.054899999999999949e+00,-1.686593009616530026e+01
1.054599999999999982e+00,-1.687389628560742594e+01
1.053900000000000059e+00,-1.684621808572617496e+01
1.053500000000000103e+00,-1.678918937684887780e+01
1.053199999999999914e+00,-1.672222187408291205e+01
1.052499999999999991e+00,-1.674154245237691896e+01
1.052300000000000013e+00,-1.682383874497105936e+01
1.051900000000000057e+00,-1.691097083926637268e+01
1.051299999999999901e+00,-1.697646706673864259e+01
1.050999999999999934e+00,-1.695754715436703464e+01
1.050599999999999978e+00,-1.685312004715737899e+01
1.049900000000000055e+00,-1.678029409166613206e+01
1.049500000000000099e+00,-1.675014444292126470e+01
1.049199999999999910e+00,-1.680221393232069360e+01
1.048799999999999955e+00,-1.679968756355520298e+01
1.048100000000000032e+00,-1.678584661253326615e+01
1.047800000000000065e+00,-1.686819763038506537e+01
1.047500000000000098e+00,-1.686649555003157985e+01
1.047199999999999909e+00,-1.687322030417635332e+01
1.046899999999999942e+00,-1.673001713173036720e+01
1.046499999999999986e+00,-1.668014520895969355e+01
1.045900000000000052e+00,-1.676632563429166822e+01
1.045600000000000085e+00,-1.686778552665649400e+01
1.045299999999999896e+00,-1.685177884334070697e+01
1.044599999999999973e+00,-1.673910772986416973e+01
1.044300000000000006e+00,-1.681725478451662070e+01
1.044000000000000039e+00,-1.675735306060086316e+01
1.043600000000000083e+00,-1.668969616889902952e+01
1.043299999999999894e+00,-1.690234058916960436e+01
1.042599999999999971e+00,-1.693774560843803911e+01
1.042300000000000004e+00,-1.688961502601012299e+01
1.042000000000000037e+00,-1.685738557409737126e+01
1.041600000000000081e+00,-1.677635217714936644e+01
1.040899999999999936e+00,-1.690997383788639397e+01
1.040300000000000002e+00,-1.678194808884328637e+01
1.040000000000000036e+00,-1.687247916752421517e+01
1.039600000000000080e+00,-1.687318997598266179e+01
1.039199999999999902e+00,-1.686824182025366881e+01
1.038899999999999935e+00,-1.694954456612791205e+01
1.038599999999999968e+00,-1.695690189014911198e+01
1.038300000000000001e+00,-1.690095163210392215e+01
1.037600000000000078e+00,-1.684178892448744946e+01
1.037199999999999900e+00,-1.677568753830861326e+01
1.036899999999999933e+00,-1.689316193772463137e+01
1.036599999999999966e+00,-1.686655944579283428e+01
1.035900000000000043e+00,-1.678388425214250290e+01
1.035500000000000087e+00,-1.686417642839093389e+01
1.035199999999999898e+00,-1.680546631751301945e+01
1.034799999999999942e+00,-1.688704824547963668e+01
1.034499999999999975e+00,-1.681159138873546155e+01
1.034200000000000008e+00,-1.681053336502575846e+01
1.033900000000000041e+00,-1.669200597619229143e+01
1.033500000000000085e+00,-1.666800902047193489e+01
1.033199999999999896e+00,-1.676351326894898008e+01
1.032599999999999962e+00,-1.677414871886564995e+01
1.031900000000000039e+00,-1.672495920800269076e+01
1.031600000000000072e+00,-1.665872422979769851e+01
1.031300000000000106e+00,-1.667952915301194494e+01
1.030899999999999928e+00,-1.679280815462353971e+01
1.030599999999999961e+00,-1.666723090199056756e+01
1.030299999999999994e+00,-1.664738353249718372e+01
1.029600000000000071e+00,-1.658854671458742303e+01
1.029300000000000104e+00,-1.660911020544743977e+01
1.028599999999999959e+00,-1.663888480158588834e+01
1.028299999999999992e+00,-1.670173913391964859e+01
1.027600000000000069e+00,-1.665763190266773464e+01
1.027300000000000102e+00,-1.670214435149060606e+01
1.026599999999999957e+00,-1.672446422834291369e+01
1.026299999999999990e+00,-1.671644869757956542e+01
1.026000000000000023e+00,-1.677373806839542425e+01
1.025700000000000056e+00,-1.665180287768316703e+01
1.025400000000000089e+00,-1.669878783659359200e+01
1.025099999999999900e+00,-1.670295217639445085e+01
1.024799999999999933e+00,-1.662869083598091180e+01
1.024499999999999966e+00,-1.669329432212526854e+01
1.024199999999999999e+00,-1.671897778170450266e+01
1.023900000000000032e+00,-1.676489679228836138e+01
1.023600000000000065e+00,-1.671989724240079767e+01
1.023300000000000098e+00,-1.677377681843132962e+01
1.022899999999999920e+00,-1.673552414916262876e+01
1.022599999999999953e+00,-1.665552742781553874e+01
1.022199999999999998e+00,-1.662775911188936817e+01
1.021900000000000031e+00,-1.665839162513678318e+01
1.021600000000000064e+00,-1.659465903921389796e+01
1.020899999999999919e+00,-1.665424252519998305e+01
1.020499999999999963e+00,-1.665044381847493682e+01
1.020199999999999996e+00,-1.671407019079801870e+01
1.019600000000000062e+00,-1.682256722404362037e+01
1.019300000000000095e+00,-1.666440951258235259e+01
1.018599999999999950e+00,-1.669456055728990407e+01
1.018299999999999983e+00,-1.660649048007686446e+01
1.018000000000000016e+00,-1.664580638933007606e+01
1.017700000000000049e+00,-1.666085414363379869e+01
1.017400000000000082e+00,-1.663031034539116959e+01
1.017099999999999893e+00,-1.658830341062260061e+01
1.016699999999999937e+00,-1.668491066371090170e+01
1.016399999999999970e+00,-1.666710158208430670e+01
1.016100000000000003e+00,-1.668271905486797380e+01
1.015700000000000047e+00,-1.668477383215639520e+01
1.015099999999999891e+00,-1.668331925306302566e+01
1.014799999999999924e+00,-1.666254241208800124e+01
1.014399999999999968e+00,-1.667274461238698180e+01
1.014100000000000001e+00,-1.663742855394049869e+01
1.013800000000000034e+00,-1.662759663429826418e+01
1.013099999999999890e+00,-1.664012458878925571e+01
1.012699999999999934e+00,-1.657739469159858459e+01
1.012399999999999967e+00,-1.662274876238966925e+01
1.012100000000000000e+00,-1.669335672429247097e+01
1.011800000000000033e+00,-1.668560931535343173e+01
1.011400000000000077e+00,-1.667791841321016477e+01
1.011100000000000110e+00,-1.666801255848296393e+01
1.010799999999999921e+00,-1.658684349705964323e+01
1.010499999999999954e+00,-1.651332185390631935e+01
1.010199999999999987e+00,-1.660620766146970340e+01
1.009800000000000031e+00,-1.656931141717629430e+01
1.009500000000000064e+00,-1.650908038412120149e+01
1.009200000000000097e+00,-1.659250972659868495e+01
1.008799999999999919e+00,-1.664240634357402371e+01
1.008499999999999952e+00,-1.657011691600035874e+01
1.008199999999999985e+00,-1.653043260410776227e+01
1.007500000000000062e+00,-1.653737490278544087e+01
1.007100000000000106e+00,-1.648930960106249444e+01
1.006799999999999917e+00,-1.648254843687460180e+01
1.006199999999999983e+00,-1.649201149946178191e+01
1.005800000000000027e+00,-1.647135292103026671e+01
1.005100000000000104e+00,-1.643673834201830886e+01
1.004799999999999915e+00,-1.648747423084002506e+01
1.004099999999999993e+00,-1.654015926754103916e+01
1.003800000000000026e+00,-1.648452528326023625e+01
1.003400000000000070e+00,-1.646068056074933494e+01
1.002799999999999914e+00,-1.638111485010185930e+01
1.002499999999999947e+00,-1.643806289780445695e+01
1.001700000000000035e+00,-1.639247191771494272e+01
1.001400000000000068e+00,-1.643215340752486853e+01
1.001100000000000101e+00,-1.641578498457031898e+01
1.000699999999999923e+00,-1.650893964127014968e+01
1.000399999999999956e+00,-1.641169828954045684e+01
1.000099999999999989e+00,-1.651556410787041784e+01
9.998000000000000220e-01,-1.658013084271502890e+01
9.995000000000000551e-01,-1.652056399304912659e+01
9.991999999999999771e-01,-1.647356953321460793e+01
9.988000000000000211e-01,-1.649290547029481857e+01
9.985000000000000542e-01,-1.650422228848275807e+01
9.981999999999999762e-01,-1.640591623170168489e+01
9.978000000000000203e-01,-1.642711851165883985e+01
9.975000000000000533e-01,-1.644829463569958961e+01
9.970999999999999863e-01,-1.647407532237134475e+01
9.968000000000000194e-01,-1.658088670428089983e+01
9.961999999999999744e-01,-1.671054967665027746e+01
9.958000000000000185e-01,-1.656073727127893491e+01
9.955000000000000515e-01,-1.655313351386998022e+01
9.951999999999999735e-01,-1.655830942630135993e+01
9.948000000000000176e-01,-1.647730537063943856e+01
9.945000000000000506e-01,-1.651673091541960758e+01
9.941999999999999726e-01,-1.645934840929941956e+01
9.938000000000000167e-01,-1.645299418244787049e+01
9.935000000000000497e-01,-1.648495388500070646e+01
9.931999999999999718e-01,-1.648723313447657901e+01
9.928000000000000158e-01,-1.645858248867154217e+01
9.920999999999999819e-01,-1.654247804989683601e+01
9.919000000000000039e-01,-1.643026495378833829e+01
9.916000000000000369e-01,-1.646133311971270885e+01
9.909000000000000030e-01,-1.654890179668194250e+01
9.906000000000000361e-01,-1.656068583860397680e+01
9.899000000000000021e-01,-1.651641381855382917e+01
9.896000000000000352e-01,-1.650420634199053893e+01
9.891999999999999682e-01,-1.658488165168884976e+01
9.889000000000000012e-01,-1.648715426977405230e+01
9.881999999999999673e-01,-1.646262657539537599e+01
9.879000000000000004e-01,-1.652400780696554250e+01
9.871999999999999664e-01,-1.658433495865989826e+01
9.868999999999999995e-01,-1.662035901252734860e+01
9.861999999999999655e-01,-1.654138314329568615e+01
9.858999999999999986e-01,-1.642873297923305387e+01
9.852999999999999536e-01,-1.639816000639331151e+01
9.846000000000000307e-01,-1.638750610885777448e+01
9.838999999999999968e-01,-1.643256712199146108e+01
9.835000000000000409e-01,-1.640018682144746975e+01
9.830999999999999739e-01,-1.632612937189437474e+01
9.825000000000000400e-01,-1.631029788971413197e+01
9.820999999999999730e-01,-1.649224095005684987e+01
9.814000000000000501e-01,-1.652901922601308016e+01
9.810999999999999721e-01,-1.640500485357368632e+01
9.808999999999999941e-01,-1.643226916669994608e+01
9.805000000000000382e-01,-1.636725143341326927e+01
9.798999999999999932e-01,-1.643311982759783163e+01
9.796000000000000263e-01,-1.646535251983403825e+01
9.792999999999999483e-01,-1.649036922342483180e+01
9.789999999999999813e-01,-1.647195004997768564e+01
9.787000000000000144e-01,-1.645373817308719211e+01
9.779999999999999805e-01,-1.650887016846486333e+01
9.772999999999999465e-01,-1.640771284112203432e+01
9.766000000000000236e-01,-1.648836338326411166e+01
9.758999999999999897e-01,-1.648872587056756345e+01
9.752999999999999448e-01,-1.653541099002125492e+01
9.746000000000000218e-01,-1.638761178348402581e+01
9.738999999999999879e-01,-1.635401843732677207e+01
9.733000000000000540e-01,-1.628638902240872355e+01
9.726000000000000201e-01,-1.634862656236741074e+01
9.719999999999999751e-01,-1.643969076540550134e+01
9.713000000000000522e-01,-1.641634227166205307e+01
9.707000000000000073e-01,-1.634540716272366367e+01
9.699999999999999734e-01,-1.637616712121120344e+01
9.697000000000000064e-01,-1.644770249932953021e+01
9.693000000000000504e-01,-1.639983598176559809e+01
9.690999999999999615e-01,-1.638677981319214894e+01
9.687000000000000055e-01,-1.629553463955860337e+01
9.684000000000000385e-01,-1.629160433982683998e+01
9.680999999999999606e-01,-1.628787929815649349e+01
9.675000000000000266e-01,-1.642543365213342099e+01
9.667999999999999927e-01,-1.632552630703972341e+01
9.665000000000000258e-01,-1.634357087681951626e+01
9.661999999999999478e-01,-1.631683214575367913e+01
9.658999999999999808e-01,-1.632432523799975144e+01
9.651999999999999469e-01,-1.628934805102998595e+01
9.647999999999999909e-01,-1.621845355321855564e+01
9.645000000000000240e-01,-1.631769785132818029e+01
9.638999999999999790e-01,-1.632212798021370403e+01
9.636000000000000121e-01,-1.621216304050175694e+01
9.628999999999999782e-01,-1.632081123621922103e+01
9.626000000000000112e-01,-1.624593611421866868e+01
9.623000000000000442e-01,-1.635910742737245727e+01
9.616000000000000103e-01,-1.629283265804611602e+01
9.612000000000000544e-01,-1.623672581409453031e+01
9.608999999999999764e-01,-1.618306968087781783e+01
9.602000000000000535e-01,-1.612163252224241461e+01
9.598999999999999755e-01,-1.624933899299950824e+01
9.596000000000000085e-01,-1.630822312111120453e+01
9.589999999999999636e-01,-1.637889511849526158e+01
9.586999999999999966e-01,-1.639057227161696773e+01
9.584000000000000297e-01,-1.631412886745221158e+01
9.580999999999999517e-01,-1.631984227077011340e+01
9.577999999999999847e-01,-1.632594611109677984e+01
9.574000000000000288e-01,-1.630802218904421252e+01
9.570999999999999508e-01,-1.627966084433952787e+01
9.566999999999999948e-01,-1.629089754326493988e+01
9.564000000000000279e-01,-1.636271554735632350e+01
9.559999999999999609e-01,-1.627700220388087260e+01
9.556999999999999940e-01,-1.628024707681059979e+01
9.554000000000000270e-01,-1.628300044990141160e+01
9.549999999999999600e-01,-1.604721032011048365e+01
9.546999999999999931e-01,-1.605211535398781209e+01
9.543000000000000371e-01,-1.624986333941327743e+01
9.536999999999999922e-01,-1.629365354910124708e+01
9.534000000000000252e-01,-1.631187783329131591e+01
9.530999999999999472e-01,-1.641346986511905115e+01
9.526999999999999913e-01,-1.633148167416000263e+01
9.524000000000000243e-01,-1.624782685517023140e+01
9.516999999999999904e-01,-1.616566106553418791e+01
9.514000000000000234e-01,-1.623501732935916309e+01
9.507999999999999785e-01,-1.609865642569034705e+01
9.504000000000000226e-01,-1.619913337527574271e+01
9.499999999999999556e-01,-1.623972161128748937e+01
9.496999999999999886e-01,-1.629146434917903363e+01
9.491000000000000547e-01,-1.632996064270669834e+01
9.485000000000000098e-01,-1.643364075931764035e+01
9.477999999999999758e-01,-1.621445982530039132e+01
9.472000000000000419e-01,-1.619106020154942271e+01
9.467999999999999750e-01,-1.616768377599607120e+01
9.465000000000000080e-01,-1.607914853361458185e+01
9.458999999999999631e-01,-1.625536873477223310e+01
9.452000000000000401e-01,-1.618160210298345092e+01
9.447999999999999732e-01,-1.623197159195798633e+01
9.442000000000000393e-01,-1.617806630007379098e+01
9.437999999999999723e-01,-1.620068352551976076e+01
9.435000000000000053e-01,-1.625318697797712630e+01
9.432000000000000384e-01,-1.620524375339927303e+01
9.428999999999999604e-01,-1.627681733997960123e+01
9.425999999999999934e-01,-1.631056584254064035e+01
9.422000000000000375e-01,-1.627544751806337686e+01
9.418999999999999595e-01,-1.631982942995437469e+01
9.415999999999999925e-01,-1.629277024041411437e+01
9.412000000000000366e-01,-1.614788364248925134e+01
9.408999999999999586e-01,-1.620065736961462832e+01
9.405000000000000027e-01,-1.619946020270475273e+01
9.398999999999999577e-01,-1.627306611661216706e+01
9.392000000000000348e-01,-1.624439971653242409e+01
9.385999999999999899e-01,-1.617399134182899445e+01
9.383000000000000229e-01,-1.621065561304181557e+01
9.378999999999999559e-01,-1.618962761690441354e+01
9.372000000000000330e-01,-1.624836257480893664e+01
9.368999999999999551e-01,-1.629747596612156357e+01
9.365999999999999881e-01,-1.629173872451181992e+01
9.358999999999999542e-01,-1.617426627844378828e+01
9.353000000000000203e-01,-1.612222507112815251e+01
9.350000000000000533e-01,-1.613208736098298246e+01
9.346999999999999753e-01,-1.615225144145689740e+01
9.343000000000000194e-01,-1.610421074613975634e+01
9.340000000000000524e-01,-1.626153855853072372e+01
9.336999999999999744e-01,-1.610740255732325465e+01
9.330000000000000515e-01,-1.619257798726432895e+01
9.326999999999999735e-01,-1.621105766004592397e+01
9.321000000000000396e-01,-1.609220254050573828e+01
9.317999999999999616e-01,-1.609809698560971469e+01
9.314999999999999947e-01,-1.613699598537838753e+01
9.312000000000000277e-01,-1.620499908279978385e+01
9.307999999999999607e-01,-1.612007252282691638e+01
9.301000000000000378e-01,-1.619491007156387141e+01
9.296999999999999709e-01,-1.622440956684148006e+01
9.294000000000000039e-01,-1.623195766362346149e+01
9.287999999999999590e-01,-1.610716588168158125e+01
9.284000000000000030e-01,-1.617476875791883018e+01
9.281000000000000361e-01,-1.622009379074231106e+01
9.274000000000000021e-01,-1.606719622260933278e+01
9.267999999999999572e-01,-1.620183224835223967e+01
9.264000000000000012e-01,-1.610171796896523233e+01
9.261000000000000343e-01,-1.606403825707069899e+01
9.256999999999999673e-01,-1.618441794910404852e+01
9.254000000000000004e-01,-1.611065053541797809e+01
9.246999999999999664e-01,-1.607871376729111645e+01
9.243999999999999995e-01,-1.619836571051975938e+01
9.241000000000000325e-01,-1.617190913254058415e+01
9.237999999999999545e-01,-1.618900197599241864e+01
9.233999999999999986e-01,-1.613897313033595182e+01
9.231000000000000316e-01,-1.611255867430593369e+01
9.223999999999999977e-01,-1.612773286038850173e+01
9.221000000000000307e-01,-1.606393446000123504e+01
9.214999999999999858e-01,-1.598445516782674325e+01
9.207999999999999519e-01,-1.605045952587222047e+01
9.201000000000000290e-01,-1.600533178017808211e+01
9.194999999999999840e-01,-1.612559322564906594e+01
9.189000000000000501e-01,-1.611431709955656899e+01
9.185999999999999721e-01,-1.605030128338765394e+01
9.179000000000000492e-01,-1.602581178582525823e+01
9.175999999999999712e-01,-1.604529352314922264e+01
9.170000000000000373e-01,-1.606350187461367085e+01
9.165999999999999703e-01,-1.599742189093865008e+01
9.163000000000000034e-01,-1.601811056292558888e+01
9.160000000000000364e-01,-1.604937119359028586e+01
9.155999999999999694e-01,-1.604990391816420114e+01
9.153000000000000025e-01,-1.602128593701469583e+01
9.150000000000000355e-01,-1.611651557329079054e+01
9.145999999999999686e-01,-1.615564263167303949e+01
9.143000000000000016e-01,-1.613539204005096295e+01
9.136999999999999567e-01,-1.605133839834710230e+01
9.133999999999999897e-01,-1.599389712681215769e+01
9.130000000000000338e-01,-1.604497681447995205e+01
9.126999999999999558e-01,-1.610639510616325865e+01
9.123999999999999888e-01,-1.615585356554644392e+01
9.120000000000000329e-01,-1.609807222143271943e+01
9.116999999999999549e-01,-1.609444525179915075e+01
9.112999999999999989e-01,-1.605280385375074559e+01
9.111000000000000210e-01,-1.602198108211919347e+01
9.106999999999999540e-01,-1.614750772790723587e+01
9.103999999999999870e-01,-1.615152954538186236e+01
9.098000000000000531e-01,-1.598992081626908757e+01
9.093999999999999861e-01,-1.609210779128641633e+01
9.091000000000000192e-01,-1.599224550575487847e+01
9.088000000000000522e-01,-1.600749517196020832e+01
9.083999999999999853e-01,-1.606572942936101356e+01
9.081000000000000183e-01,-1.602403878038695950e+01
9.078000000000000513e-01,-1.593497496720367224e+01
9.073999999999999844e-01,-1.603510302966276058e+01
9.071000000000000174e-01,-1.598334104481501505e+01
9.068000000000000504e-01,-1.602765463972685822e+01
9.064999999999999725e-01,-1.597111930051846329e+01
9.061000000000000165e-01,-1.590523575041719084e+01
9.058000000000000496e-01,-1.593222195530336727e+01
9.054999999999999716e-01,-1.597048766030133571e+01
9.052000000000000046e-01,-1.602254939948311119e+01
9.045999999999999597e-01,-1.609446350828349637e+01
9.042000000000000037e-01,-1.597286799544413149e+01
9.035999999999999588e-01,-1.590256533823223428e+01
9.032000000000000028e-01,-1.589106199584760049e+01
9.029000000000000359e-01,-1.583726844734323080e+01
9.022000000000000020e-01,-1.582887658516836460e+01
9.019000000000000350e-01,-1.607213163783618270e+01
9.014999999999999680e-01,-1.604084457420803034e+01
9.009000000000000341e-01,-1.589063901188039019e+01
9.005999999999999561e-01,-1.599842263998790415e+01
9.000000000000000222e-01,-1.595665560132145089e+01
8.995999999999999552e-01,-1.580188535085704693e+01
8.990000000000000213e-01,-1.585015974939381422e+01
8.987000000000000544e-01,-1.584109563523335851e+01
8.982999999999999874e-01,-1.590952536564904918e+01
8.977000000000000535e-01,-1.578259255572544362e+01
8.973999999999999755e-01,-1.580360530249432394e+01
8.967000000000000526e-01,-1.594425915306179853e+01
8.963999999999999746e-01,-1.596293968402764563e+01
8.960000000000000187e-01,-1.588884961106068516e+01
8.957000000000000517e-01,-1.582783984575147862e+01
8.953999999999999737e-01,-1.585982044091868737e+01
8.951000000000000068e-01,-1.598328401277429300e+01
8.947000000000000508e-01,-1.606934344770645140e+01
8.943999999999999728e-01,-1.609640154746662333e+01
8.941000000000000059e-01,-1.603269074372648006e+01
8.933999999999999719e-01,-1.601032016807250358e+01
8.931000000000000050e-01,-1.602138112692082572e+01
8.928000000000000380e-01,-1.610056143011920327e+01
8.923999999999999710e-01,-1.606210737352823159e+01
8.921000000000000041e-01,-1.581623696506372490e+01
8.917000000000000481e-01,-1.586198821815878013e+01
8.913999999999999702e-01,-1.600627378951875457e+01
8.908000000000000362e-01,-1.586087153055649601e+01
8.903999999999999693e-01,-1.588985756052919207e+01
8.901000000000000023e-01,-1.588150544842769918e+01
8.894999999999999574e-01,-1.590595492502672492e+01
8.889000000000000234e-01,-1.592693227095683461e+01
8.882999999999999785e-01,-1.587656254393296074e+01
8.875999999999999446e-01,-1.597761872695882168e+01
8.869000000000000217e-01,-1.594258032317826590e+01
8.861999999999999877e-01,-1.588161508745437445e+01
8.854999999999999538e-01,-1.582646588686219680e+01
8.849000000000000199e-01,-1.580229832652815425e+01
8.844999999999999529e-01,-1.581210469652526562e+01
8.838000000000000300e-01,-1.584651678675913544e+01
8.834999999999999520e-01,-1.592681488576932658e+01
8.831999999999999851e-01,-1.596947477636358848e+01
8.824999999999999512e-01,-1.597041887838263463e+01
8.821999999999999842e-01,-1.593209877885134240e+01
8.814999999999999503e-01,-1.601046322679353651e+01
8.811999999999999833e-01,-1.586257765301621347e+01
8.806000000000000494e-01,-1.581739411742957913e+01
8.799000000000000155e-01,-1.575055964155034083e+01
8.796000000000000485e-01,-1.594531158814801231e+01
8.792999999999999705e-01,-1.590566273013136289e+01
8.790000000000000036e-01,-1.590130351825421506e+01
8.786000000000000476e-01,-1.573976036898976361e+01
8.782999999999999696e-01,-1.587910160487657585e+01
8.780000000000000027e-01,-1.582268373198645151e+01
8.777000000000000357e-01,-1.586893991856845609e+01
8.772999999999999687e-01,-1.590231469999394598e+01
8.770000000000000018e-01,-1.593451645553918539e+01
8.767000000000000348e-01,-1.595573537613156567e+01
8.762999999999999678e-01,-1.585244237443080451e+01
8.760000000000000009e-01,-1.583545694384827840e+01
8.757000000000000339e-01,-1.578689125898190682e+01
8.753999999999999559e-01,-1.571393973207602102e+01
8.750999999999999890e-01,-1.567477618360409153e+01
8.743999999999999551e-01,-1.592094361571221306e+01
8.740999999999999881e-01,-1.585053888774603692e+01
8.737000000000000322e-01,-1.581975270318683435e+01
8.730999999999999872e-01,-1.585859281831077716e+01
8.727000000000000313e-01,-1.590412579000315851e+01
8.723999999999999533e-01,-1.594802673023044548e+01
8.720999999999999863e-01,-1.588964142300534199e+01
8.717000000000000304e-01,-1.582451022087115433e+01
8.713999999999999524e-01,-1.578041695082183260e+01
8.710999999999999854e-01,-1.587961748365663439e+01
8.705000000000000515e-01,-1.572451445923427471e+01
8.698000000000000176e-01,-1.591792357912551914e+01
8.690999999999999837e-01,-1.589202536496922846e+01
8.685000000000000497e-01,-1.594535584652848037e+01
8.679000000000000048e-01,-1.588480659918652549e+01
8.671999999999999709e-01,-1.581817169330791728e+01
8.666000000000000369e-01,-1.580043123831156926e+01
8.661999999999999700e-01,-1.583858440983576443e+01
8.659000000000000030e-01,-1.579828447238074851e+01
8.651999999999999691e-01,-1.569761442727895329e+01
8.645000000000000462e-01,-1.565188150139881706e+01
8.641999999999999682e-01,-1.566665232907906535e+01
8.639000000000000012e-01,-1.562760251176955784e+01
8.635000000000000453e-01,-1.570078548243716909e+01
8.631999999999999673e-01,-1.575901313963339057e+01
8.625000000000000444e-01,-1.580626726200816456e+01
8.618999999999999995e-01,-1.579634090764225895e+01
8.611999999999999655e-01,-1.563228093013069397e+01
8.608999999999999986e-01,-1.573498086495936654e+01
8.602999999999999536e-01,-1.571170551060829190e+01
8.599999999999999867e-01,-1.565423570764690453e+01
8.592999999999999527e-01,-1.576547768485474244e+01
8.589999999999999858e-01,-1.569320607010130431e+01
8.587000000000000188e-01,-1.570775157355482676e+01
8.579999999999999849e-01,-1.575077827490551208e+01
8.576000000000000290e-01,-1.572471732078258100e+01
8.572999999999999510e-01,-1.568894626698688910e+01
8.569999999999999840e-01,-1.562331663392318681e+01
8.566000000000000281e-01,-1.569723309838202319e+01
8.559999999999999831e-01,-1.578540263056076753e+01
8.556000000000000272e-01,-1.578951214935390901e+01
8.552999999999999492e-01,-1.572272447418901820e+01
8.547000000000000153e-01,-1.564480143496846409e+01
8.542999999999999483e-01,-1.570335728272188192e+01
8.539999999999999813e-01,-1.580446469079521066e+01
8.534000000000000474e-01,-1.582189550408258327e+01
8.529999999999999805e-01,-1.574236287264782774e+01
8.524000000000000465e-01,-1.572557691145422609e+01
8.519999999999999796e-01,-1.564189408699897399e+01
8.514000000000000457e-01,-1.572726420491906829e+01
8.507000000000000117e-01,-1.571333865926175655e+01
8.504000000000000448e-01,-1.562793256056158775e+01
8.500999999999999668e-01,-1.560713436815743371e+01
8.495000000000000329e-01,-1.572335512096331733e+01
8.487999999999999989e-01,-1.575337014915120726e+01
8.480999999999999650e-01,-1.572259373256229154e+01
8.477999999999999980e-01,-1.564369930753591653e+01
8.470999999999999641e-01,-1.555958213070081975e+01
8.467999999999999972e-01,-1.572839799749634082e+01
8.464000000000000412e-01,-1.567503176430123624e+01
8.460999999999999632e-01,-1.573789117185076591e+01
8.457000000000000073e-01,-1.562237785959156433e+01
8.454000000000000403e-01,-1.562448498511727735e+01
8.447999999999999954e-01,-1.567493467913641503e+01
8.444000000000000394e-01,-1.558922506784869988e+01
8.437999999999999945e-01,-1.564450138674417623e+01
8.434000000000000385e-01,-1.570699009287640102e+01
8.430999999999999606e-01,-1.566350620526811532e+01
8.427999999999999936e-01,-1.561102485611197110e+01
8.424000000000000377e-01,-1.567348216966295205e+01
8.420999999999999597e-01,-1.570822087535173139e+01
8.417000000000000037e-01,-1.565293018339864872e+01
8.414000000000000368e-01,-1.563794391265284389e+01
8.410999999999999588e-01,-1.560623776548364461e+01
8.407999999999999918e-01,-1.559731160677918815e+01
8.404000000000000359e-01,-1.561172632434252172e+01
8.397000000000000020e-01,-1.569610183356070721e+01
8.394000000000000350e-01,-1.573364280359531442e+01
8.390999999999999570e-01,-1.553014962146666278e+01
8.383000000000000451e-01,-1.556088277544888676e+01
8.379999999999999671e-01,-1.568279321244436098e+01
8.376000000000000112e-01,-1.571875589532383266e+01
8.369999999999999662e-01,-1.575687686385428599e+01
8.366000000000000103e-01,-1.565679844823123368e+01
8.363000000000000433e-01,-1.569398653529629328e+01
8.356999999999999984e-01,-1.571891765202483526e+01
8.353000000000000425e-01,-1.564252039805971428e+01
8.349999999999999645e-01,-1.554928545011722107e+01
8.346999999999999975e-01,-1.561400920534038939e+01
8.344000000000000306e-01,-1.571909180134141870e+01
8.340999999999999526e-01,-1.554223908361677964e+01
8.336999999999999966e-01,-1.552941319519678487e+01
8.330999999999999517e-01,-1.555666721088748439e+01
8.326999999999999957e-01,-1.559343172853697901e+01
8.324000000000000288e-01,-1.553650702675020767e+01
8.320999999999999508e-01,-1.556756781203438145e+01
8.316999999999999948e-01,-1.551338559112464033e+01
8.314000000000000279e-01,-1.541266980442492240e+01
8.306999999999999940e-01,-1.554877247981331223e+01
8.304000000000000270e-01,-1.546912858165433846e+01
8.300999999999999490e-01,-1.559772732058562283e+01
8.294000000000000261e-01,-1.558089988191362352e+01
8.290999999999999481e-01,-1.564782414611755357e+01
8.287999999999999812e-01,-1.561716847456916568e+01
8.285000000000000142e-01,-1.557895196503920943e+01
8.277999999999999803e-01,-1.559704955051066300e+01
8.275000000000000133e-01,-1.561237889840831272e+01
8.267999999999999794e-01,-1.561172288569992084e+01
8.260999999999999455e-01,-1.575445610249069972e+01
8.257999999999999785e-01,-1.574041319835619746e+01
8.254000000000000226e-01,-1.570010849521021434e+01
8.247999999999999776e-01,-1.569045182109526948e+01
8.244000000000000217e-01,-1.553367659782060528e+01
8.241000000000000547e-01,-1.550903499159496057e+01
8.234000000000000208e-01,-1.553290011940804760e+01
8.231000000000000538e-01,-1.548019593068904243e+01
8.227999999999999758e-01,-1.553389056540297197e+01
8.222000000000000419e-01,-1.553678185823902425e+01
8.218999999999999639e-01,-1.557587013441110280e+01
8.215000000000000080e-01,-1.552745525973267959e+01
8.208999999999999631e-01,-1.558893303842279821e+01
8.205000000000000071e-01,-1.554407590234532144e+01
8.202000000000000401e-01,-1.564234566928503511e+01
8.197999999999999732e-01,-1.562765534465059680e+01
8.191000000000000503e-01,-1.566852229088529924e+01
8.187999999999999723e-01,-1.564638278982542019e+01
8.185000000000000053e-01,-1.556007847825467749e+01
8.181000000000000494e-01,-1.546926908825782476e+01
8.176999999999999824e-01,-1.548423911010756626e+01
8.171000000000000485e-01,-1.556871528935847770e+01
8.165000000000000036e-01,-1.554776638941430100e+01
8.161000000000000476e-01,-1.551849781817327134e+01
8.157999999999999696e-01,-1.560112557950328949e+01
8.152000000000000357e-01,-1.564264774908908784e+01
8.148999999999999577e-01,-1.557734612168109400e+01
8.145000000000000018e-01,-1.556733290759421173e+01
8.137999999999999678e-01,-1.563078442732646423e+01
8.135000000000000009e-01,-1.554482355408904759e+01
8.128999999999999559e-01,-1.550394934856924678e+01
8.125000000000000000e-01,-1.548567018079555879e+01
8.117999999999999661e-01,-1.554070781588645644e+01
8.114999999999999991e-01,-1.549660954659158563e+01
8.112000000000000322e-01,-1.545450019866442126e+01
8.107999999999999652e-01,-1.546668703028917413e+01
8.104999999999999982e-01,-1.550902396410128503e+01
8.101000000000000423e-01,-1.557356765758514960e+01
8.097999999999999643e-01,-1.549205888151765365e+01
8.094999999999999973e-01,-1.544623344299509249e+01
8.092000000000000304e-01,-1.535926526250860569e+01
8.087999999999999634e-01,-1.540315952604657035e+01
8.084999999999999964e-01,-1.543405790846025205e+01
8.082000000000000295e-01,-1.547562979036061215e+01
8.078999999999999515e-01,-1.545071802062586741e+01
8.074999999999999956e-01,-1.555397844500219762e+01
8.072000000000000286e-01,-1.547786329008475548e+01
8.068999999999999506e-01,-1.549675688982928357e+01
8.064999999999999947e-01,-1.551652103545667494e+01
8.062000000000000277e-01,-1.554690551551956013e+01
8.058999999999999497e-01,-1.544097899158509257e+01
8.054999999999999938e-01,-1.530912341620605588e+01
8.052000000000000268e-01,-1.531858967519341164e+01
8.048999999999999488e-01,-1.535514640703932621e+01
8.044999999999999929e-01,-1.553560999264479214e+01
8.042000000000000259e-01,-1.564219069217819325e+01
8.034999999999999920e-01,-1.562264875134078679e+01
8.032000000000000250e-01,-1.558994646558304531e+01
8.024999999999999911e-01,-1.557024630118577768e+01
8.022000000000000242e-01,-1.542432605843692706e+01
8.018999999999999462e-01,-1.550987721231113170e+01
8.012000000000000233e-01,-1.543414545118991477e+01
8.008999999999999453e-01,-1.540948696302857712e+01
8.004999999999999893e-01,-1.539839912283961354e+01
8.002000000000000224e-01,-1.543859756267668182e+01
7.999000000000000554e-01,-1.544674745263758098e+01
7.995999999999999774e-01,-1.558475729239354735e+01
7.992000000000000215e-01,-1.555871058145728192e+01
7.989000000000000545e-01,-1.550435512717874431e+01
7.985999999999999766e-01,-1.547579390787905851e+01
7.979000000000000536e-01,-1.546972067244861293e+01
7.975999999999999757e-01,-1.544964453664057125e+01
7.973000000000000087e-01,-1.548778776063299389e+01
7.969000000000000528e-01,-1.554477850865361077e+01
7.965999999999999748e-01,-1.562294645960525230e+01
7.963000000000000078e-01,-1.555991807942460881e+01
7.959000000000000519e-01,-1.556198158802878773e+01
7.953000000000000069e-01,-1.541155987738488875e+01
7.949000000000000510e-01,-1.542533231824712736e+01
7.945999999999999730e-01,-1.546351415454803835e+01
7.939000000000000501e-01,-1.550199810049675264e+01
7.935999999999999721e-01,-1.547152280653024725e+01
7.933000000000000052e-01,-1.549732763581508621e+01
7.930000000000000382e-01,-1.546692631303947252e+01
7.925999999999999712e-01,-1.537251224212323919e+01
7.923000000000000043e-01,-1.537045583490598588e+01
7.920000000000000373e-01,-1.542041880508680762e+01
7.916999999999999593e-01,-1.547945847243997441e+01
7.913000000000000034e-01,-1.548365349394575219e+01
7.906999999999999584e-01,-1.550631427693540587e+01
7.903999999999999915e-01,-1.554716993067235542e+01
7.900000000000000355e-01,-1.553593160701716513e+01
7.893999999999999906e-01,-1.536432837528304418e+01
7.890000000000000346e-01,-1.536590239474789854e+01
7.887999999999999456e-01,-1.546106971307145983e+01
7.881000000000000227e-01,-1.549734885838210552e+01
7.874999999999999778e-01,-1.543412984105841090e+01
7.868000000000000549e-01,-1.537799577077600333e+01
7.864999999999999769e-01,-1.544083352276659227e+01
7.862000000000000099e-01,-1.553422959538301740e+01
7.858000000000000540e-01,-1.550611833475590906e+01
7.854999999999999760e-01,-1.548226520266052297e+01
7.852000000000000091e-01,-1.544646088489825075e+01
7.848000000000000531e-01,-1.552826852607019958e+01
7.841000000000000192e-01,-1.550232332513173539e+01
7.838000000000000522e-01,-1.542714474672976799e+01
7.834999999999999742e-01,-1.545554189800422940e+01
7.831000000000000183e-01,-1.544172965264149688e+01
7.828000000000000513e-01,-1.543098520111595917e+01
7.824999999999999734e-01,-1.548725792863267081e+01
7.822000000000000064e-01,-1.543105300979450867e+01
7.818000000000000504e-01,-1.536315995970356418e+01
7.814999999999999725e-01,-1.550481553232148713e+01
7.809000000000000385e-01,-1.546313409332179845e+01
7.805999999999999606e-01,-1.552024284740835824e+01
7.802000000000000046e-01,-1.538716812028379266e+01
7.794999999999999707e-01,-1.544521615893254918e+01
7.792000000000000037e-01,-1.542735335625274118e+01
7.789000000000000368e-01,-1.529357332681136405e+01
7.784999999999999698e-01,-1.537953838412530239e+01
7.782000000000000028e-01,-1.535649335386492886e+01
7.778000000000000469e-01,-1.535764536446946060e+01
7.774999999999999689e-01,-1.529128508140388476e+01
7.769000000000000350e-01,-1.526761601400340673e+01
7.764999999999999680e-01,-1.529065639913644148e+01
7.762000000000000011e-01,-1.535667140448657086e+01
7.754999999999999671e-01,-1.545818413551712922e+01
7.752000000000000002e-01,-1.548333384898559828e+01
7.749000000000000332e-01,-1.546694720907741072e+01
7.741999999999999993e-01,-1.542070774299695124e+01
7.735999999999999543e-01,-1.545939011087533288e+01
7.732999999999999874e-01,-1.550310600981477371e+01
7.730000000000000204e-01,-1.535112731910785300e+01
7.722999999999999865e-01,-1.532447381879121373e+01
7.720000000000000195e-01,-1.542293662609786686e+01
7.715999999999999526e-01,-1.538660587649814993e+01
7.710000000000000187e-01,-1.548451995540345649e+01
7.705999999999999517e-01,-1.545040384300661707e+01
7.702999999999999847e-01,-1.545666023792056265e+01
7.700000000000000178e-01,-1.540008103089827252e+01
7.697000000000000508e-01,-1.542161383496229732e+01
7.693999999999999728e-01,-1.543638225957244181e+01
7.690000000000000169e-01,-1.541835659036577155e+01
7.683999999999999719e-01,-1.535257487436476609e+01
7.681000000000000050e-01,-1.535525210569375609e+01
7.677000000000000490e-01,-1.535810508840433641e+01
7.673999999999999710e-01,-1.530500166338991797e+01
7.671000000000000041e-01,-1.537264222007698677e+01
7.663999999999999702e-01,-1.534830867682942035e+01
7.658000000000000362e-01,-1.533826352495479206e+01
7.651999999999999913e-01,-1.528651216707579685e+01
7.648000000000000353e-01,-1.522562127871211679e+01
7.644999999999999574e-01,-1.531829279003329347e+01
7.639000000000000234e-01,-1.529348032087611919e+01
7.631000000000000005e-01,-1.532811194635665508e+01
7.624999999999999556e-01,-1.529902390307929672e+01
7.620999999999999996e-01,-1.529630666193123822e+01
7.613999999999999657e-01,-1.523193151839038606e+01
7.610999999999999988e-01,-1.534559041470959961e+01
7.608000000000000318e-01,-1.541049492212896332e+01
7.600999999999999979e-01,-1.545091866844410688e+01
7.598000000000000309e-01,-1.537832333112151773e+01
7.594999999999999529e-01,-1.533178313734666354e+01
7.591999999999999860e-01,-1.539947074948397976e+01
7.588000000000000300e-01,-1.529890195854392410e+01
7.581999999999999851e-01,-1.524279440094696625e+01
7.579000000000000181e-01,-1.534167454123264562e+01
7.574999999999999512e-01,-1.531742766375772824e+01
7.571999999999999842e-01,-1.539323188253808716e+01
7.569000000000000172e-01,-1.533181089820043574e+01
7.564999999999999503e-01,-1.533458503330765588e+01
7.559000000000000163e-01,-1.542684143015053699e+01
7.552999999999999714e-01,-1.530757881007668431e+01
7.546000000000000485e-01,-1.526369080340379902e+01
7.540000000000000036e-01,-1.532313246567001563e+01
7.531999999999999806e-01,-1.529980774569996882e+01
7.526000000000000467e-01,-1.532175590694554224e+01
7.519000000000000128e-01,-1.529404820573209989e+01
7.516000000000000458e-01,-1.527238779594859430e+01
7.511999999999999789e-01,-1.528922610787150305e+01
7.506000000000000449e-01,-1.539039050210246451e+01
7.499000000000000110e-01,-1.540001145046683995e+01
7.492999999999999661e-01,-1.526770340851352614e+01
7.489999999999999991e-01,-1.525704478411160636e+01
7.483999999999999542e-01,-1.526499852652221989e+01
7.477000000000000313e-01,-1.525016842411075402e+01
7.470999999999999863e-01,-1.513228724133973380e+01
7.463999999999999524e-01,-1.529947905940789710e+01
7.460999999999999854e-01,-1.529375127340632368e+01
7.458000000000000185e-01,-1.523034599951230561e+01
7.450999999999999845e-01,-1.511752547778445788e+01
7.448000000000000176e-01,-1.519265864666497023e+01
7.443999999999999506e-01,-1.521856755713583986e+01
7.440999999999999837e-01,-1.530902021949108160e+01
7.438000000000000167e-01,-1.521611623413153502e+01
7.433999999999999497e-01,-1.507443671978012034e+01
7.427000000000000268e-01,-1.506306101917683371e+01
7.423999999999999488e-01,-1.503251559801252846e+01
7.420999999999999819e-01,-1.520460539393038424e+01
7.417000000000000259e-01,-1.519686275992856217e+01
7.410999999999999810e-01,-1.527170114142941237e+01
7.407000000000000250e-01,-1.516398374153500228e+01
7.403999999999999471e-01,-1.526330493936490029e+01
7.400999999999999801e-01,-1.528624243959820284e+01
7.398000000000000131e-01,-1.523349851458638149e+01
7.390999999999999792e-01,-1.525658427861294264e+01
7.388000000000000123e-01,-1.525440089978113001e+01
7.385000000000000453e-01,-1.521047034809732601e+01
7.379000000000000004e-01,-1.509627698800001738e+01
7.376000000000000334e-01,-1.521745002244874101e+01
7.371999999999999664e-01,-1.514217628508689550e+01
7.365000000000000435e-01,-1.518483960009399425e+01
7.361999999999999655e-01,-1.520430929169303624e+01
7.358999999999999986e-01,-1.518505228431926035e+01
7.351999999999999647e-01,-1.522522799118162418e+01
7.348000000000000087e-01,-1.516379862109649324e+01
7.341999999999999638e-01,-1.515695401108595242e+01
7.335000000000000409e-01,-1.524785483035962663e+01
7.328000000000000069e-01,-1.527503575592817775e+01
7.325000000000000400e-01,-1.515235223084549254e+01
7.321999999999999620e-01,-1.511498066062346624e+01
7.318999999999999950e-01,-1.516946292101596327e+01
7.315000000000000391e-01,-1.521693346831680671e+01
7.308999999999999941e-01,-1.526924924197597555e+01
7.305000000000000382e-01,-1.525156392370857716e+01
7.301999999999999602e-01,-1.528593823818804864e+01
7.295000000000000373e-01,-1.545118573088024760e+01
7.290999999999999703e-01,-1.529957587137736219e+01
7.288000000000000034e-01,-1.526936322744304775e+01
7.285000000000000364e-01,-1.531095882342072301e+01
7.280999999999999694e-01,-1.522059645231842850e+01
7.275000000000000355e-01,-1.520634034039795246e+01
7.271999999999999575e-01,-1.518486862795848147e+01
7.268000000000000016e-01,-1.507705046460417009e+01
7.261999999999999567e-01,-1.522225431162919840e+01
7.258000000000000007e-01,-1.524917719951095840e+01
7.255000000000000338e-01,-1.513754407279485292e+01
7.247999999999999998e-01,-1.513499931841246315e+01
7.245000000000000329e-01,-1.518927989029193348e+01
7.241999999999999549e-01,-1.518288559122600212e+01
7.235000000000000320e-01,-1.521773482147338186e+01
7.231999999999999540e-01,-1.508222663119708429e+01
7.227999999999999980e-01,-1.515615836684119166e+01
7.225000000000000311e-01,-1.524245554596738828e+01
7.218999999999999861e-01,-1.529366952797454537e+01
7.215000000000000302e-01,-1.526432183249649199e+01
7.211999999999999522e-01,-1.519437256859322183e+01
7.207999999999999963e-01,-1.517425684201085723e+01
7.201999999999999513e-01,-1.511178397890847158e+01
7.197999999999999954e-01,-1.509870248280640759e+01
7.195000000000000284e-01,-1.513273485578775812e+01
7.187999999999999945e-01,-1.511966012912209578e+01
7.185000000000000275e-01,-1.513030034942389612e+01
7.181999999999999496e-01,-1.514934691908189457e+01
7.177999999999999936e-01,-1.512381119712739874e+01
7.175000000000000266e-01,-1.525666033779723918e+01
7.171999999999999487e-01,-1.522329307519576780e+01
7.167999999999999927e-01,-1.522020688026377933e+01
7.161999999999999478e-01,-1.528122274772874434e+01
7.157999999999999918e-01,-1.525798566257268618e+01
7.155000000000000249e-01,-1.519847954014478120e+01
7.147999999999999909e-01,-1.522346043315797992e+01
7.140999999999999570e-01,-1.520870460031192550e+01
7.134000000000000341e-01,-1.511927245961726385e+01
7.130999999999999561e-01,-1.509965863945913256e+01
7.127000000000000002e-01,-1.507256594782827364e+01
7.124000000000000332e-01,-1.503487423434642700e+01
7.119999999999999662e-01,-1.508487898195702925e+01
7.116999999999999993e-01,-1.506279778094752864e+01
7.109999999999999654e-01,-1.505456599926579386e+01
7.106999999999999984e-01,-1.510860707884227949e+01
7.100999999999999535e-01,-1.522603873848841438e+01
7.096999999999999975e-01,-1.530509536093157053e+01
7.090999999999999526e-01,-1.532860649950508858e+01
7.087999999999999856e-01,-1.522764541537317839e+01
7.085000000000000187e-01,-1.517929691643507617e+01
7.077999999999999847e-01,-1.514644972068204432e+01
7.075000000000000178e-01,-1.521428374116878146e+01
7.070999999999999508e-01,-1.532939655933072309e+01
7.064000000000000279e-01,-1.521576823997738259e+01
7.060999999999999499e-01,-1.518224088722375242e+01
7.057999999999999829e-01,-1.515331413642255853e+01
7.050999999999999490e-01,-1.511535621031489818e+01
7.047999999999999821e-01,-1.499347202692583103e+01
7.040999999999999481e-01,-1.507277298067304727e+01
7.036999999999999922e-01,-1.497655653669204412e+01
7.034000000000000252e-01,-1.516310522720028686e+01
7.030999999999999472e-01,-1.512704260191117100e+01
7.024000000000000243e-01,-1.522274871656806283e+01
7.020999999999999464e-01,-1.525672693094169396e+01
7.014000000000000234e-01,-1.524573402902629127e+01
7.010999999999999455e-01,-1.521477628923665115e+01
7.004000000000000226e-01,-1.535930886849235932e+01
7.000999999999999446e-01,-1.525531870004877355e+01
6.994000000000000217e-01,-1.522389099337184959e+01
6.991000000000000547e-01,-1.522695956407945239e+01
6.985000000000000098e-01,-1.529113213942917504e+01
6.982000000000000428e-01,-1.521654973206474537e+01
6.977999999999999758e-01,-1.516038633459825391e+01
6.971000000000000529e-01,-1.517429623909463032e+01
6.967999999999999750e-01,-1.523213816121242381e+01
6.964000000000000190e-01,-1.519138966114890898e+01
6.961000000000000520e-01,-1.511444156509691261e+01
6.954000000000000181e-01,-1.517792264055682239e+01
6.951000000000000512e-01,-1.513467791029107801e+01
6.947999999999999732e-01,-1.511419213653282512e+01
6.944000000000000172e-01,-1.504061755252745058e+01
6.937999999999999723e-01,-1.503621448578499198e+01
6.931000000000000494e-01,-1.514865830254787404e+01
6.924000000000000155e-01,-1.520999904491152499e+01
6.921000000000000485e-01,-1.527289874692552196e+01
6.917999999999999705e-01,-1.511105437121242367e+01
6.915000000000000036e-01,-1.510813720627677093e+01
6.907999999999999696e-01,-1.513007676888552311e+01
6.901000000000000467e-01,-1.510031565163339984e+01
6.897999999999999687e-01,-1.508410874831037418e+01
6.892000000000000348e-01,-1.510494176329207505e+01
6.887999999999999678e-01,-1.519741173843739546e+01
6.882000000000000339e-01,-1.515690569483547279e+01
6.875000000000000000e-01,-1.509394682740246907e+01
6.867999999999999661e-01,-1.515490109547752340e+01
6.864999999999999991e-01,-1.505792681263341493e+01
6.860000000000000542e-01,-1.493689348178259912e+01
6.854000000000000092e-01,-1.502519923674318392e+01
6.850000000000000533e-01,-1.501435219593604309e+01
6.844000000000000083e-01,-1.516318892266577478e+01
6.837999999999999634e-01,-1.499675446666928025e+01
6.834999999999999964e-01,-1.502270598767651855e+01
6.832000000000000295e-01,-1.499502653803551055e+01
6.827999999999999625e-01,-1.508837055935151383e+01
6.822000000000000286e-01,-1.514696318109052342e+01
6.814999999999999947e-01,-1.511954823852869012e+01
6.812000000000000277e-01,-1.513687964835178512e+01
6.804999999999999938e-01,-1.508732523378209223e+01
6.802000000000000268e-01,-1.513128937489721970e+01
6.798999999999999488e-01,-1.506519925308985286e+01
6.792000000000000259e-01,-1.500276112133677309e+01
6.784999999999999920e-01,-1.503311809255185594e+01
6.778999999999999471e-01,-1.517904705982510727e+01
6.772000000000000242e-01,-1.516379118820174199e+01
6.767999999999999572e-01,-1.514435516437109897e+01
6.764999999999999902e-01,-1.516852821062874845e+01
6.762000000000000233e-01,-1.503032552045875647e+01
6.758999999999999453e-01,-1.504541786501714284e+01
6.752000000000000224e-01,-1.501976584750595478e+01
6.749000000000000554e-01,-1.490844799686575506e+01
6.745999999999999774e-01,-1.491816945737188149e+01
6.742000000000000215e-01,-1.497307356666897249e+01
6.739000000000000545e-01,-1.491432313930384268e+01
6.735999999999999766e-01,-1.507074362378946830e+01
6.733000000000000096e-01,-1.505595418086931581e+01
6.730000000000000426e-01,-1.487549728905216817e+01
6.726999999999999647e-01,-1.485337864080959314e+01
6.720000000000000417e-01,-1.486742422085142046e+01
6.716999999999999638e-01,-1.500645609946605497e+01
6.713000000000000078e-01,-1.504307024859088671e+01
6.710000000000000409e-01,-1.493734492133856229e+01
6.705999999999999739e-01,-1.500553692566708719e+01
6.703000000000000069e-01,-1.488744299934716153e+01
6.699000000000000510e-01,-1.492312324309205351e+01
6.695999999999999730e-01,-1.495002747705920143e+01
6.693000000000000060e-01,-1.497638503373888419e+01
6.689000000000000501e-01,-1.503547096734893529e+01
6.685999999999999721e-01,-1.503453114420965875e+01
6.683000000000000052e-01,-1.486869780138316877e+01
6.675999999999999712e-01,-1.483878527481583731e+01
6.673000000000000043e-01,-1.484867664128999110e+01
6.666999999999999593e-01,-1.505854854136189758e+01
6.663999999999999924e-01,-1.507856452440965001e+01
6.656999999999999584e-01,-1.501946160304490618e+01
6.653999999999999915e-01,-1.500667506231833137e+01
6.650000000000000355e-01,-1.501244508605162054e+01
6.646999999999999575e-01,-1.503186224247939684e+01
6.643000000000000016e-01,-1.494997001718631857e+01
6.640000000000000346e-01,-1.493913553741628419e+01
6.636999999999999567e-01,-1.475040382612246148e+01
6.630000000000000338e-01,-1.481568087948149604e+01
6.626999999999999558e-01,-1.478803203667543720e+01
6.623999999999999888e-01,-1.480738781471681342e+01
6.618000000000000549e-01,-1.482947505999573856e+01
6.611000000000000210e-01,-1.494404471602452844e+01
6.608000000000000540e-01,-1.500767690737047566e+01
6.604999999999999760e-01,-1.501236337046255009e+01
6.601000000000000201e-01,-1.501656699055050481e+01
6.598000000000000531e-01,-1.502059641946369339e+01
6.594999999999999751e-01,-1.507627772444350711e+01
6.591000000000000192e-01,-1.521066034568417358e+01
6.588000000000000522e-01,-1.511839731652758445e+01
6.584999999999999742e-01,-1.510204495995121121e+01
6.582000000000000073e-01,-1.505246297800518640e+01
6.579000000000000403e-01,-1.502153962584813129e+01
6.574999999999999734e-01,-1.501318486354140802e+01
6.572000000000000064e-01,-1.500417334301560857e+01
6.569000000000000394e-01,-1.498704254628757404e+01
6.564999999999999725e-01,-1.496274878706738143e+01
6.562000000000000055e-01,-1.495054011833220997e+01
6.559000000000000385e-01,-1.503065884900399141e+01
6.554999999999999716e-01,-1.504990066598663567e+01
6.552000000000000046e-01,-1.512544250590894634e+01
6.549000000000000377e-01,-1.511988749791273001e+01
6.545999999999999597e-01,-1.505760392376568824e+01
6.539000000000000368e-01,-1.510687127866177804e+01
6.535999999999999588e-01,-1.501796863834460183e+01
6.532000000000000028e-01,-1.498387370730460511e+01
6.529000000000000359e-01,-1.487551068793278475e+01
6.525999999999999579e-01,-1.490475349570381169e+01
6.520000000000000240e-01,-1.494532757722669203e+01
6.513999999999999790e-01,-1.495184577532636361e+01
6.506999999999999451e-01,-1.488517980642043170e+01
6.501000000000000112e-01,-1.491647031452245820e+01
6.493999999999999773e-01,-1.503284906279366417e+01
6.491000000000000103e-01,-1.491156857784383938e+01
6.483999999999999764e-01,-1.499354616149870267e+01
6.480000000000000204e-01,-1.501736586975834342e+01
6.477000000000000535e-01,-1.504802981985688426e+01
6.473999999999999755e-01,-1.494655353573336498e+01
6.470000000000000195e-01,-1.496124100095622467e+01
6.467000000000000526e-01,-1.495952516898605644e+01
6.463999999999999746e-01,-1.501378132321255698e+01
6.461000000000000076e-01,-1.503156940657647489e+01
6.458000000000000407e-01,-1.491080740573160668e+01
6.453999999999999737e-01,-1.485910698131674046e+01
6.451000000000000068e-01,-1.489783639875294874e+01
6.448000000000000398e-01,-1.500700936993924017e+01
6.443999999999999728e-01,-1.499868619398306713e+01
6.441000000000000059e-01,-1.498697243930103795e+01
6.433999999999999719e-01,-1.510370437778707853e+01
6.431000000000000050e-01,-1.512008589919311774e+01
6.428000000000000380e-01,-1.506603383005225183e+01
6.421000000000000041e-01,-1.500539446138956023e+01
6.414999999999999591e-01,-1.495485806127325823e+01
6.408000000000000362e-01,-1.499811128309316466e+01
6.403999999999999693e-01,-1.503056030325708115e+01
6.398000000000000353e-01,-1.501667527648410960e+01
6.393999999999999684e-01,-1.499596292029474043e+01
6.391000000000000014e-01,-1.493318937446606931e+01
6.388000000000000345e-01,-1.477803310545892579e+01
6.381000000000000005e-01,-1.485175087311517395e+01
6.378000000000000336e-01,-1.485093615111775556e+01
6.374999999999999556e-01,-1.494855853595771933e+01
6.369000000000000217e-01,-1.511943542759595971e+01
6.364999999999999547e-01,-1.497042723932031194e+01
6.361999999999999877e-01,-1.497390658166441035e+01
6.354999999999999538e-01,-1.506316425702045336e+01
6.348000000000000309e-01,-1.498931534255464726e+01
6.341999999999999860e-01,-1.504991624306697240e+01
6.339000000000000190e-01,-1.502485301480291646e+01
6.332999999999999741e-01,-1.505952342891149165e+01
6.329000000000000181e-01,-1.501836401602684568e+01
6.326000000000000512e-01,-1.503819021817978019e+01
6.321999999999999842e-01,-1.487239322831117327e+01
6.314999999999999503e-01,-1.493548159259604624e+01
6.309000000000000163e-01,-1.493124020129502405e+01
6.301999999999999824e-01,-1.477257137912583396e+01
6.296000000000000485e-01,-1.478421900309801273e+01
6.288000000000000256e-01,-1.484330983850500019e+01
6.280999999999999917e-01,-1.498107080854767581e+01
6.277000000000000357e-01,-1.492400568895079971e+01
6.272999999999999687e-01,-1.486644215583322470e+01
6.269000000000000128e-01,-1.488251684982474643e+01
6.261999999999999789e-01,-1.485533674883453692e+01
6.259000000000000119e-01,-1.482495812344473229e+01
6.254999999999999449e-01,-1.481858862061938353e+01
6.251999999999999780e-01,-1.475956714942165071e+01
6.249000000000000110e-01,-1.483521119446063885e+01
6.246000000000000441e-01,-1.489242587431752618e+01
6.241999999999999771e-01,-1.485599425076087776e+01
6.239000000000000101e-01,-1.489332535069606145e+01
6.236000000000000432e-01,-1.492298510247999666e+01
6.231999999999999762e-01,-1.487408719828752979e+01
6.229000000000000092e-01,-1.480637995306824806e+01
6.226000000000000423e-01,-1.490334106186447904e+01
6.221999999999999753e-01,-1.488226833658299064e+01
6.219000000000000083e-01,-1.491169788559792586e+01
6.216000000000000414e-01,-1.496137258014691085e+01
6.211999999999999744e-01,-1.492621670974173398e+01
6.209000000000000075e-01,-1.486136518886972269e+01
6.205000000000000515e-01,-1.489667427893789942e+01
6.201999999999999735e-01,-1.490709429333271885e+01
6.199000000000000066e-01,-1.488828401500818011e+01
6.191999999999999726e-01,-1.493654685327484444e+01
6.189000000000000057e-01,-1.478250948880426030e+01
6.181999999999999718e-01,-1.490593301089020173e+01
6.179000000000000048e-01,-1.497814317362299796e+01
6.171999999999999709e-01,-1.492424314071443270e+01
6.169000000000000039e-01,-1.480837697647790741e+01
6.162999999999999590e-01,-1.477195334350740374e+01
6.159000000000000030e-01,-1.485044988652206577e+01
6.156000000000000361e-01,-1.490953531502617757e+01
6.152999999999999581e-01,-1.480292905684417448e+01
6.146000000000000352e-01,-1.485619137492370356e+01
6.139000000000000012e-01,-1.484723335198568783e+01
6.136000000000000343e-01,-1.491244478777848137e+01
6.132999999999999563e-01,-1.497225998257790280e+01
6.129999999999999893e-01,-1.495153868358040761e+01
6.126000000000000334e-01,-1.500279105188960216e+01
6.119999999999999885e-01,-1.496275851335920137e+01
6.117000000000000215e-01,-1.490736040192872736e+01
6.109999999999999876e-01,-1.495245367227676248e+01
6.107000000000000206e-01,-1.493553171377590871e+01
6.104000000000000536e-01,-1.501130898389317636e+01
6.097000000000000197e-01,-1.481633135220795872e+01
6.094000000000000528e-01,-1.482442271582458382e+01
6.090999999999999748e-01,-1.479034296191757569e+01
6.087000000000000188e-01,-1.480391777834624101e+01
6.080999999999999739e-01,-1.488779845596711482e+01
6.078000000000000069e-01,-1.484451730009326731e+01
6.075000000000000400e-01,-1.485913973060942794e+01
6.070999999999999730e-01,-1.491364649910268270e+01
6.068999999999999950e-01,-1.480096891660742031e+01
6.065000000000000391e-01,-1.484035620678038292e+01
6.062999999999999501e-01,-1.484425368051493166e+01
6.058999999999999941e-01,-1.483566423846225923e+01
6.056000000000000272e-01,-1.477569800788572429e+01
6.048999999999999932e-01,-1.481344492312089400e+01
6.046000000000000263e-01,-1.479281926878104514e+01
6.042999999999999483e-01,-1.471350712901097246e+01
6.039999999999999813e-01,-1.478472799793483006e+01
6.037000000000000144e-01,-1.477349541425792445e+01
6.034000000000000474e-01,-1.487572757014402036e+01
6.030999999999999694e-01,-1.477579497435660016e+01
6.028999999999999915e-01,-1.479393583788722921e+01
6.026000000000000245e-01,-1.477709007419543141e+01
6.020999999999999686e-01,-1.493143707164352030e+01
6.014000000000000457e-01,-1.488728437913783331e+01
6.008000000000000007e-01,-1.476000497241114573e+01
6.000999999999999668e-01,-1.470747148456649356e+01
5.995000000000000329e-01,-1.477667403885227593e+01
5.988999999999999879e-01,-1.488769109464034202e+01
5.986000000000000210e-01,-1.480040951783488978e+01
5.983000000000000540e-01,-1.479255780453287628e+01
5.977000000000000091e-01,-1.480720443778277584e+01
5.973000000000000531e-01,-1.478134612675685311e+01
5.969999999999999751e-01,-1.474920632893615391e+01
5.967000000000000082e-01,-1.482386064708164675e+01
5.960999999999999632e-01,-1.473904830027713153e+01
5.955000000000000293e-01,-1.473492691753952499e+01
5.948999999999999844e-01,-1.481970162847878392e+01
5.946000000000000174e-01,-1.481573666552550961e+01
5.943000000000000504e-01,-1.480268835444926623e+01
5.939999999999999725e-01,-1.480108198248846918e+01
5.937000000000000055e-01,-1.481860764039697642e+01
5.934000000000000385e-01,-1.477400095799682589e+01
5.930999999999999606e-01,-1.470980451756748586e+01
5.927000000000000046e-01,-1.469053396311557869e+01
5.924000000000000377e-01,-1.483670141813851728e+01
5.920999999999999597e-01,-1.480849995992442381e+01
5.917999999999999927e-01,-1.485119779099982473e+01
5.915000000000000258e-01,-1.477739160404426322e+01
5.911999999999999478e-01,-1.477791193555981053e+01
5.908999999999999808e-01,-1.475681009338513938e+01
5.906000000000000139e-01,-1.482981103201989903e+01
5.903000000000000469e-01,-1.488455735902055999e+01
5.899999999999999689e-01,-1.485262607756809494e+01
5.893000000000000460e-01,-1.470174019703113544e+01
5.889999999999999680e-01,-1.476257204903949649e+01
5.887000000000000011e-01,-1.476771586897667632e+01
5.884000000000000341e-01,-1.470841173349520936e+01
5.877999999999999892e-01,-1.472022546561693446e+01
5.875000000000000222e-01,-1.469470102606609530e+01
5.872000000000000552e-01,-1.474739963978795387e+01
5.866000000000000103e-01,-1.473948562582061683e+01
5.863000000000000433e-01,-1.477520291756620097e+01
5.859999999999999654e-01,-1.477173194261768074e+01
5.854000000000000314e-01,-1.488305998749370218e+01
5.850999999999999535e-01,-1.481348272672272337e+01
5.847999999999999865e-01,-1.480112502127471963e+01
5.842000000000000526e-01,-1.487390871691965089e+01
5.838999999999999746e-01,-1.494547674127785442e+01
5.836000000000000076e-01,-1.489623884592524838e+01
5.833000000000000407e-01,-1.488739805110142811e+01
5.828999999999999737e-01,-1.480845452542537899e+01
5.826000000000000068e-01,-1.476887484213023427e+01
5.819999999999999618e-01,-1.479976027635937896e+01
5.816999999999999948e-01,-1.477256897094870247e+01
5.814000000000000279e-01,-1.482998190124934190e+01
5.810999999999999499e-01,-1.482542095813466432e+01
5.807999999999999829e-01,-1.489830839846708876e+01
5.805000000000000160e-01,-1.488704099051009067e+01
5.802000000000000490e-01,-1.493988459703521698e+01
5.798999999999999710e-01,-1.484462335375503983e+01
5.796000000000000041e-01,-1.483698133738836233e+01
5.793000000000000371e-01,-1.483355020785925582e+01
5.789999999999999591e-01,-1.478601131607538655e+01
5.786999999999999922e-01,-1.476043133694336618e+01
5.779999999999999583e-01,-1.464071896328331768e+01
5.774000000000000243e-01,-1.484988611348556375e+01
5.770999999999999464e-01,-1.482947227259825596e+01
5.765000000000000124e-01,-1.488216607672017489e+01
5.760999999999999455e-01,-1.474886475600553659e+01
5.757999999999999785e-01,-1.473917131819451143e+01
5.752000000000000446e-01,-1.474892882342574296e+01
5.748999999999999666e-01,-1.474460279280460284e+01
5.745000000000000107e-01,-1.476472119810844852e+01
5.738999999999999657e-01,-1.485492465300910325e+01
5.735999999999999988e-01,-1.468676218537119382e+01
5.733000000000000318e-01,-1.467212731473509280e+01
5.725999999999999979e-01,-1.467600820411517759e+01
5.723000000000000309e-01,-1.476917304417142063e+01
5.719999999999999529e-01,-1.481122205542030912e+01
5.713000000000000300e-01,-1.475835215193543526e+01
5.709999999999999520e-01,-1.472663788282726394e+01
5.705999999999999961e-01,-1.473561683104848719e+01
5.699999999999999512e-01,-1.475235464080204828e+01
5.696999999999999842e-01,-1.474663534774085427e+01
5.693000000000000282e-01,-1.474792503197647520e+01
5.686999999999999833e-01,-1.470867113097414070e+01
5.684000000000000163e-01,-1.471583782600592194e+01
5.679999999999999494e-01,-1.471215735075002229e+01
5.674000000000000155e-01,-1.467185194535917958e+01
5.669999999999999485e-01,-1.471011914451038649e+01
5.666999999999999815e-01,-1.467107409529669404e+01
5.659999999999999476e-01,-1.471658489334438258e+01
5.656999999999999806e-01,-1.470350920585155485e+01
5.653000000000000247e-01,-1.476542476039899299e+01
5.649999999999999467e-01,-1.485575525849453626e+01
5.646999999999999797e-01,-1.492558310216178796e+01
5.639999999999999458e-01,-1.473357835542138794e+01
5.635999999999999899e-01,-1.468387996608113610e+01
5.633000000000000229e-01,-1.459299365718508312e+01
5.628999999999999559e-01,-1.459801719386920027e+01
5.625999999999999890e-01,-1.466228604175530847e+01
5.622000000000000330e-01,-1.468905123732577600e+01
5.618999999999999551e-01,-1.470589911732409583e+01
5.614999999999999991e-01,-1.476909277135715648e+01
5.612000000000000322e-01,-1.465370673033490689e+01
5.607999999999999652e-01,-1.466162391980567747e+01
5.604999999999999982e-01,-1.462404724608201967e+01
5.601000000000000423e-01,-1.463207769467162933e+01
5.597999999999999643e-01,-1.465923394256499890e+01
5.594000000000000083e-01,-1.462544560303048335e+01
5.591000000000000414e-01,-1.456983224206167726e+01
5.583000000000000185e-01,-1.451885303927940107e+01
5.580000000000000515e-01,-1.452151112267220334e+01
5.575999999999999845e-01,-1.460170132564974921e+01
5.568999999999999506e-01,-1.447237787169288659e+01
5.564999999999999947e-01,-1.451640010331706598e+01
5.562000000000000277e-01,-1.446964293301510018e+01
5.557999999999999607e-01,-1.451571287390627418e+01
5.554000000000000048e-01,-1.450426002085258581e+01
5.551000000000000378e-01,-1.460588186651071929e+01
5.546999999999999709e-01,-1.452978845140851938e+01
5.543000000000000149e-01,-1.452315794978698271e+01
5.538999999999999480e-01,-1.446691300673198022e+01
5.535999999999999810e-01,-1.450046966729196640e+01
5.532000000000000250e-01,-1.450338945106037514e+01
5.527999999999999581e-01,-1.453767098510945921e+01
5.524999999999999911e-01,-1.455676810543493005e+01
5.521000000000000352e-01,-1.447638500896479918e+01
5.516999999999999682e-01,-1.449287798482943401e+01
5.513000000000000123e-01,-1.452867487361734433e+01
5.508999999999999453e-01,-1.452953082239161553e+01
5.504999999999999893e-01,-1.453601540966995742e+01
5.502000000000000224e-01,-1.451023491701513812e+01
5.497999999999999554e-01,-1.446631182125124226e+01
5.493999999999999995e-01,-1.453989945161332109e+01
5.490000000000000435e-01,-1.445322151766683128e+01
5.485999999999999766e-01,-1.441288800348352517e+01
5.482000000000000206e-01,-1.436195649913030792e+01
5.479000000000000536e-01,-1.441609416228265417e+01
5.471000000000000307e-01,-1.441788947707991397e+01
5.463000000000000078e-01,-1.444938716167959747e+01
5.459000000000000519e-01,-1.442762328432078611e+01
5.454999999999999849e-01,-1.434323588088938095e+01
5.446999999999999620e-01,-1.433999429767979983e+01
5.439000000000000501e-01,-1.425797473390590042e+01
5.431000000000000272e-01,-1.427724427696102438e+01
5.426999999999999602e-01,-1.425547651031367025e+01
5.423000000000000043e-01,-1.429230433748485041e+01
5.419000000000000483e-01,-1.423104675560924548e+01
5.414999999999999813e-01,-1.416995734716411803e+01
5.410000000000000364e-01,-1.406857339315429201e+01
5.405999999999999694e-01,-1.415047311423825072e+01
5.402000000000000135e-01,-1.408222099711095865e+01
5.397999999999999465e-01,-1.408649137243636318e+01
5.393999999999999906e-01,-1.407163324151569661e+01
5.389000000000000457e-01,-1.400219620821081534e+01
5.384999999999999787e-01,-1.410326568122627044e+01
5.381000000000000227e-01,-1.405165374294197989e+01
5.372999999999999998e-01,-1.398264086577187904e+01
5.368000000000000549e-01,-1.411079402857109599e+01
5.363999999999999879e-01,-1.421807329912211060e+01
5.360000000000000320e-01,-1.425613112306716879e+01
5.355999999999999650e-01,-1.413758635428500732e+01
5.352000000000000091e-01,-1.402878636132479784e+01
5.346999999999999531e-01,-1.398612255417578254e+01
5.342999999999999972e-01,-1.389655355666617709e+01
5.339000000000000412e-01,-1.394042828895226549e+01
5.330000000000000293e-01,-1.391171466200288442e+01
5.322000000000000064e-01,-1.379415704642885920e+01
5.316999999999999504e-01,-1.386822144793424805e+01
5.312999999999999945e-01,-1.396772225935333900e+01
5.303999999999999826e-01,-1.391121722760981605e+01
5.299000000000000377e-01,-1.379073918109556907e+01
5.294999999999999707e-01,-1.366060161140953610e+01
5.285999999999999588e-01,-1.366791830394210905e+01
5.281000000000000139e-01,-1.360750641930478366e+01
5.276999999999999469e-01,-1.361568001739593292e+01
5.268000000000000460e-01,-1.372318670570474985e+01
5.262999999999999901e-01,-1.371698324305233108e+01
5.259000000000000341e-01,-1.364907915503317604e+01
5.250000000000000222e-01,-1.363446209729259095e+01
5.244999999999999662e-01,-1.364300204111405357e+01
5.241000000000000103e-01,-1.360005881308086551e+01
5.235999999999999543e-01,-1.347604860470552879e+01
5.231999999999999984e-01,-1.352651105671013454e+01
5.222999999999999865e-01,-1.365256955756268020e+01
5.213999999999999746e-01,-1.353803560232838166e+01
5.203999999999999737e-01,-1.344558858139052049e+01
5.200000000000000178e-01,-1.350253460735886080e+01
5.194999999999999618e-01,-1.338026078585748202e+01
5.185999999999999499e-01,-1.347593621753599358e+01
5.181000000000000050e-01,-1.338901772769858489e+01
5.171999999999999931e-01,-1.331178220919789901e+01
5.167000000000000481e-01,-1.336571461702587627e+01
5.162999999999999812e-01,-1.336759588738021698e+01
5.153999999999999693e-01,-1.337825421195799613e+01
5.150000000000000133e-01,-1.328388322476793348e+01
5.144999999999999574e-01,-1.320267061885637183e+01
5.135999999999999455e-01,-1.314882075702369590e+01
5.127000000000000446e-01,-1.328005596837461511e+01
5.122999999999999776e-01,-1.311267145961110892e+01
5.113999999999999657e-01,-1.293045173750423338e+01
5.109000000000000208e-01,-1.303160283427041577e+01
5.104999999999999538e-01,-1.299530969112068490e+01
5.100000000000000089e-01,-1.304931229394899361e+01
5.091999999999999860e-01,-1.302441141551573978e+01
5.082999999999999741e-01,-1.315601880389578504e+01
5.078000000000000291e-01,-1.304218082684768021e+01
5.073999999999999622e-01,-1.306881448494652176e+01
5.064999999999999503e-01,-1.301500423618075253e+01
5.060999999999999943e-01,-1.292661863686273982e+01
5.051999999999999824e-01,-1.305146721100672380e+01
5.048000000000000265e-01,-1.293463329229581049e+01
5.042999999999999705e-01,-1.296405154955944461e+01
5.039000000000000146e-01,-1.284871737657752533e+01
5.034999999999999476e-01,-1.279426235212084428e+01
5.026000000000000467e-01,-1.272273260637416925e+01
5.018000000000000238e-01,-1.285245583812063686e+01
5.013999999999999568e-01,-1.285608597381840745e+01
5.010000000000000009e-01,-1.286584210962137043e+01
5.000999999999999890e-01,-1.293949239206332713e+01
4.993000000000000216e-01,-1.298147557396451468e+01
4.989000000000000101e-01,-1.299513315546115599e+01
4.980999999999999872e-01,-1.287881916383904013e+01
4.976999999999999758e-01,-1.281636991505791556e+01
4.973000000000000198e-01,-1.279073425779226447e+01
4.969000000000000083e-01,-1.288599891471333869e+01
4.964999999999999969e-01,-1.281930236519271737e+01
4.960999999999999854e-01,-1.285623722563130400e+01
4.956999999999999740e-01,-1.286948319672446139e+01
4.953000000000000180e-01,-1.285373643865224480e+01
4.945999999999999841e-01,-1.282385773885216729e+01
4.941999999999999726e-01,-1.269143859817367037e+01
4.934000000000000052e-01,-1.280555461355648994e+01
4.930999999999999828e-01,-1.292384187906734105e+01
4.927000000000000268e-01,-1.278980246932921006e+01
4.925999999999999823e-01,-1.263138255003281074e+01
4.924999999999999933e-01,-1.274240471430274368e+01
4.924000000000000044e-01,-1.245743313853233936e+01
4.923000000000000154e-01,-1.267945649826894972e+01
4.922000000000000264e-01,-1.271210548377376526e+01
4.920999999999999819e-01,-1.267290308691725720e+01
4.919999999999999929e-01,-1.278446482908335646e+01
4.919000000000000039e-01,-1.272009224663949922e+01
4.918000000000000149e-01,-1.278128085354622634e+01
4.917000000000000259e-01,-1.266318441319642929e+01
4.915999999999999814e-01,-1.273050655837748302e+01
4.914999999999999925e-01,-1.268815257180686018e+01
4.914000000000000035e-01,-1.265234481595675220e+01
4.913000000000000145e-01,-1.258280140602535369e+01
4.910999999999999810e-01,-1.263919966336506029e+01
4.909999999999999920e-01,-1.276298783686449489e+01
4.909000000000000030e-01,-1.259847873497088599e+01
4.908000000000000140e-01,-1.268657035229528773e+01
4.907000000000000250e-01,-1.244718380333676500e+01
4.904000000000000026e-01,-1.261985403409812712e+01
4.903000000000000136e-01,-1.254082256772516502e+01
4.900999999999999801e-01,-1.231978859029580065e+01
4.899000000000000021e-01,-1.275209362970952931e+01
4.895999999999999797e-01,-1.266867897766390350e+01
4.894000000000000017e-01,-1.270367914591964364e+01
4.893000000000000127e-01,-1.255411371684439814e+01
4.892000000000000237e-01,-1.279785364093552502e+01
4.889999999999999902e-01,-1.260402016724756002e+01
4.889000000000000012e-01,-1.249547948269595032e+01
4.885999999999999788e-01,-1.288868283123916925e+01
4.884999999999999898e-01,-1.274504976745060780e+01
4.884000000000000008e-01,-1.270751345836974089e+01
4.880999999999999783e-01,-1.273884472217856256e+01
4.879000000000000004e-01,-1.273890742869180848e+01
4.877000000000000224e-01,-1.265043473364854698e+01
4.874999999999999889e-01,-1.265076125316760880e+01
4.873999999999999999e-01,-1.265943637303763936e+01
4.873000000000000109e-01,-1.273270641569696693e+01
4.870999999999999774e-01,-1.273098119435496578e+01
4.868999999999999995e-01,-1.252203896434230934e+01
4.868000000000000105e-01,-1.268419406792774673e+01
4.867000000000000215e-01,-1.256963650547561784e+01
4.864999999999999880e-01,-1.266304462927501184e+01
4.863000000000000100e-01,-1.274421258132523604e+01
4.860999999999999766e-01,-1.271218304092725937e+01
4.859999999999999876e-01,-1.270743163979924617e+01
4.857000000000000206e-01,-1.277786852632925552e+01
4.854999999999999871e-01,-1.264271554868561687e+01
4.853999999999999981e-01,-1.271895407762733576e+01
4.853000000000000091e-01,-1.275463718922540579e+01
4.852000000000000202e-01,-1.261051307298501811e+01
4.850999999999999757e-01,-1.274163970505113852e+01
4.847000000000000197e-01,-1.262300098329657772e+01
4.844999999999999862e-01,-1.271287403631117563e+01
4.843999999999999972e-01,-1.267536846148416707e+01
4.843000000000000083e-01,-1.270792131442630790e+01
4.842000000000000193e-01,-1.273730283514783501e+01
4.840999999999999748e-01,-1.263570317238471929e+01
4.838999999999999968e-01,-1.266607494033360481e+01
4.837000000000000188e-01,-1.278616560964679039e+01
4.835999999999999743e-01,-1.228855516944449988e+01
4.833999999999999964e-01,-1.273053160089510705e+01
4.833000000000000074e-01,-1.272104506648864763e+01
4.829999999999999849e-01,-1.265940212225877559e+01
4.825999999999999734e-01,-1.266509467583694715e+01
4.824999999999999845e-01,-1.261915538096399558e+01
4.823999999999999955e-01,-1.259856459750992741e+01
4.823000000000000065e-01,-1.220944404714315645e+01
4.820999999999999730e-01,-1.259186138410570166e+01
4.819999999999999840e-01,-1.263859798279372271e+01
4.818000000000000060e-01,-1.261735948863791279e+01
4.817000000000000171e-01,-1.219277449064064989e+01
4.815999999999999726e-01,-1.256147252237773237e+01
4.814999999999999836e-01,-1.262148162310527333e+01
4.813999999999999946e-01,-1.244143068339720593e+01
4.812000000000000166e-01,-1.262466778058479022e+01
4.811000000000000276e-01,-1.270977725041193196e+01
4.809999999999999831e-01,-1.266603369699187809e+01
4.808999999999999941e-01,-1.262044467213946675e+01
4.806000000000000272e-01,-1.255371535420525575e+01
4.803999999999999937e-01,-1.262130255841736926e+01
4.803000000000000047e-01,-1.262531541427981274e+01
4.802000000000000157e-01,-1.269292192934076624e+01
4.801000000000000267e-01,-1.266182917604883862e+01
4.799999999999999822e-01,-1.269102848139597839e+01
4.798999999999999932e-01,-1.268170633512795042e+01
4.798000000000000043e-01,-1.263944707761430486e+01
4.797000000000000153e-01,-1.253447524451733308e+01
4.796000000000000263e-01,-1.246759432184793148e+01
4.794999999999999818e-01,-1.269019021997892871e+01
4.793999999999999928e-01,-1.265713069373676802e+01
4.793000000000000038e-01,-1.246474455814669824e+01
4.792000000000000148e-01,-1.262691164679551115e+01
4.791000000000000258e-01,-1.262780898506655980e+01
4.789999999999999813e-01,-1.268876935175064524e+01
4.788999999999999924e-01,-1.266211635271921665e+01
4.788000000000000034e-01,-1.258944736058026770e+01
4.787000000000000144e-01,-1.266053973244581776e+01
4.786000000000000254e-01,-1.261032970197766367e+01
4.784999999999999809e-01,-1.260809259002772187e+01
4.783999999999999919e-01,-1.268032243964848860e+01
4.778999999999999915e-01,-1.225171980740891797e+01
4.771000000000000241e-01,-1.198779646065005799e+01
4.753999999999999893e-01,-1.195143484689856983e+01
4.744999999999999774e-01,-1.194092507501662936e+01
4.736000000000000210e-01,-1.194250726263964779e+01
4.727999999999999980e-01,-1.179382380748772441e+01
4.718999999999999861e-01,-1.182458140649832856e+01
4.708999999999999853e-01,-1.174660456318933299e+01
4.699999999999999734e-01,-1.187441978755168037e+01
4.682000000000000051e-01,-1.194044479261345870e+01
4.672999999999999932e-01,-1.191570982726538475e+01
4.663999999999999813e-01,-1.184525467464690784e+01
4.645000000000000240e-01,-1.185685129201320365e+01
4.626000000000000112e-01,-1.178327768264582076e+01
4.605000000000000204e-01,-1.169721060541176527e+01
4.583999999999999742e-01,-1.169668980096237298e+01
4.561000000000000054e-01,-1.156205070836661619e+01
4.536999999999999922e-01,-1.155692547430784600e+01
4.511000000000000010e-01,-1.158504183764279283e+01
4.496999999999999886e-01,-1.151500522739087806e+01
4.482999999999999763e-01,-1.153085444501660994e+01
4.469000000000000195e-01,-1.144234989917443990e+01
4.454000000000000181e-01,-1.133504752536818039e+01
4.424000000000000155e-01,-1.128466855726166784e+01
4.391999999999999793e-01,-1.131718844170409177e+01
4.375000000000000000e-01,-1.131718974220676621e+01
4.359000000000000097e-01,-1.133689941125717482e+01
4.324999999999999956e-01,-1.130304016374568832e+01
4.307000000000000273e-01,-1.133756762632404858e+01
4.289999999999999925e-01,-1.126377258728371622e+01
4.254000000000000004e-01,-1.113671121328293090e+01
4.235999999999999766e-01,-1.105827128232081336e+01
4.217000000000000193e-01,-1.105622071834412168e+01
4.198999999999999955e-01,-1.102065585971466888e+01
4.179999999999999827e-01,-1.101489832647933831e+01
4.159999999999999809e-01,-1.096476954602415255e+01
4.141000000000000236e-01,-1.104657798585003903e+01
4.121000000000000218e-01,-1.105753171911959676e+01
4.101000000000000201e-01,-1.104674457782723174e+01
4.058999999999999830e-01,-1.095645309875823870e+01
4.015000000000000235e-01,-1.092677196084116176e+01
3.967999999999999861e-01,-1.073657626041021551e+01
3.919000000000000261e-01,-1.086390628628067567e+01
3.892999999999999794e-01,-1.094860112451009826e+01
3.865999999999999992e-01,-1.079254836457979216e+01
3.839000000000000190e-01,-1.070106947483936288e+01
3.810999999999999943e-01,-1.071840228777012172e+01
3.783000000000000251e-01,-1.069589328581595211e+01
3.754000000000000115e-01,-1.057097986838853565e+01
3.724000000000000088e-01,-1.058693003587367620e+01
3.694000000000000061e-01,-1.055611726173176912e+01
3.664000000000000035e-01,-1.049876689499934557e+01
3.634000000000000008e-01,-1.047656014070601493e+01
3.573999999999999955e-01,-1.059438501813565736e+01
3.513999999999999901e-01,-1.066293628847504671e+01
3.456000000000000183e-01,-1.060510559022136512e+01
3.401000000000000134e-01,-1.054163652232775128e+01
3.375000000000000222e-01,-1.057411062471980046e+01
3.351000000000000090e-01,-1.053862796985636407e+01
3.307999999999999829e-01,-1.042780133071749837e+01
3.271999999999999909e-01,-1.048385312961237403e+01
3.244000000000000217e-01,-1.053524628926386875e+01
3.220999999999999974e-01,-1.032813709645518152e+01
3.202999999999999736e-01,-1.031740589860696566e+01
3.195999999999999952e-01,-1.039498655329281895e+01
3.184000000000000163e-01,-1.032768404969396414e+01
3.180000000000000049e-01,-1.020580976607921286e+01
3.175000000000000044e-01,-1.029490948296560227e+01
3.171999999999999820e-01,-1.030672304073287293e+01
3.165999999999999925e-01,-1.040277197326298619e+01
3.160999999999999921e-01,-1.040233809871888049e+01
3.158000000000000251e-01,-1.047884115528106896e+01
3.155999999999999917e-01,-1.047872853101256396e+01
3.155000000000000027e-01,-1.049935264862905981e+01
3.153000000000000247e-01,-1.043720132390558319e+01
3.150999999999999912e-01,-1.033557042781638557e+01
3.149000000000000132e-01,-1.025887559961665296e+01
3.148000000000000242e-01,-1.029639773006216963e+01
3.146999999999999797e-01,-1.037876681450090821e+01
3.145000000000000018e-01,-1.037874404073635048e+01
3.143000000000000238e-01,-1.036639705582964233e+01
3.141999999999999793e-01,-1.036607947909606864e+01
3.140000000000000013e-01,-1.032243411389893062e+01
3.139000000000000123e-01,-1.023740594643307311e+01
3.138000000000000234e-01,-1.041898232868399354e+01
3.136999999999999789e-01,-1.023927087457354723e+01
3.135999999999999899e-01,-1.033996605580723305e+01
3.135000000000000009e-01,-1.040910525266520281e+01
3.134000000000000119e-01,-1.047673655728336861e+01
3.133000000000000229e-01,-1.034255667698453429e+01
3.131999999999999784e-01,-1.042537880830592201e+01
3.130999999999999894e-01,-1.037682951307468393e+01
3.130000000000000004e-01,-1.038885413181872153e+01
3.129000000000000115e-01,-1.035685947724847900e+01
3.128000000000000225e-01,-1.040601960302723050e+01
3.126999999999999780e-01,-1.037268084627300802e+01
3.125999999999999890e-01,-1.035189894893423812e+01
3.125000000000000000e-01,-1.042895754370691108e+01
3.124000000000000110e-01,-1.044331809844775272e+01
3.123000000000000220e-01,-1.036948608264514426e+01
3.121999999999999775e-01,-1.036664368048757723e+01
3.120999999999999885e-01,-1.035125880195168158e+01
3.119999999999999996e-01,-1.042514631175734507e+01
3.119000000000000106e-01,-1.036579502226584282e+01
3.118000000000000216e-01,-1.022646753234953820e+01
3.116999999999999771e-01,-1.034717855348853455e+01
3.115999999999999881e-01,-1.041800213465917579e+01
3.114999999999999991e-01,-1.039611067358784524e+01
3.114000000000000101e-01,-1.034797128432896685e+01
3.113000000000000211e-01,-1.022626711097533736e+01
3.111999999999999766e-01,-1.035827666318392382e+01
3.110999999999999877e-01,-1.025528641256648044e+01
3.109999999999999987e-01,-1.038900756964227945e+01
3.109000000000000097e-01,-1.042284127169383545e+01
3.108000000000000207e-01,-1.030544985282915604e+01
3.106999999999999762e-01,-1.036558620459192603e+01
3.105999999999999872e-01,-1.035917559626259354e+01
3.104999999999999982e-01,-1.034434121637804793e+01
3.104000000000000092e-01,-1.027982940705355830e+01
3.103000000000000203e-01,-1.033820703427021037e+01
3.101999999999999758e-01,-1.042840804959515388e+01
3.100999999999999868e-01,-1.035816892091152930e+01
3.099999999999999978e-01,-1.023481611496772992e+01
3.099000000000000088e-01,-1.034625390095647646e+01
3.098000000000000198e-01,-1.044050650993617957e+01
3.096999999999999753e-01,-1.041472144545111789e+01
3.095999999999999863e-01,-1.040004614656572812e+01
3.094999999999999973e-01,-1.034672852115274466e+01
3.094000000000000083e-01,-1.031862269952809896e+01
3.093000000000000194e-01,-1.038653429785907001e+01
3.091999999999999749e-01,-1.019872739371841242e+01
3.090999999999999859e-01,-1.016781851796494074e+01
3.089999999999999969e-01,-1.024722578590736610e+01
3.089000000000000079e-01,-1.039570958487950492e+01
3.088000000000000189e-01,-1.041141392647904418e+01
3.086999999999999744e-01,-1.036668333338017867e+01
3.085999999999999854e-01,-1.029650887966132977e+01
3.084999999999999964e-01,-1.037923213986127102e+01
3.084000000000000075e-01,-1.033073708261063395e+01
3.083000000000000185e-01,-1.042056608893133429e+01
3.081999999999999740e-01,-1.044498267569809613e+01
3.080999999999999850e-01,-1.030447943485852313e+01
3.079999999999999960e-01,-1.029505252133772153e+01
3.079000000000000070e-01,-1.035113464941022166e+01
3.078000000000000180e-01,-1.016986579185537387e+01
3.075999999999999845e-01,-1.024223220632662645e+01
3.074999999999999956e-01,-1.025221901485226539e+01
3.073000000000000176e-01,-1.013546491392273019e+01
3.071999999999999731e-01,-1.031695697864551775e+01
3.069999999999999951e-01,-1.041942002142437751e+01
3.069000000000000061e-01,-1.039612753432712644e+01
3.066999999999999726e-01,-1.016767484874727145e+01
3.065999999999999837e-01,-1.025381329195279179e+01
3.063000000000000167e-01,-1.024522327434055491e+01
3.060999999999999832e-01,-1.025129521870522176e+01
3.058000000000000163e-01,-1.029070543307180507e+01
3.055999999999999828e-01,-1.024763385179088004e+01
3.053000000000000158e-01,-1.016643986333012961e+01
3.048000000000000154e-01,-1.018560068738677948e+01
3.045999999999999819e-01,-1.028964633288005714e+01
3.044999999999999929e-01,-1.035943413182993922e+01
