# T (K), dc/c (x 1e-5)
2.432900000000000063e+00,-0.000000000000000000e+00
2.432500000000000107e+00,-1.025994038001201702e-01
2.432300000000000129e+00,1.500469256664541118e-02
2.432100000000000151e+00,5.780432355360215491e-02
2.431999999999999940e+00,6.800315447384741585e-03
2.431700000000000195e+00,1.719628758825239578e-02
2.431500000000000217e+00,8.780153239133087206e-02
2.431299999999999795e+00,-9.691350459032493925e-03
2.430899999999999839e+00,9.143759689229577492e-02
2.430800000000000072e+00,-1.055337234762490639e-02
2.430600000000000094e+00,3.282263784289835007e-03
2.430499999999999883e+00,7.220351810506564494e-02
2.430299999999999905e+00,1.220594145539752318e-02
2.430099999999999927e+00,-5.532743728997591148e-02
2.430000000000000160e+00,-1.838776563306381007e-01
2.429499999999999993e+00,-1.054562879998152680e-01
2.429300000000000015e+00,-1.091820259723798314e-01
2.429199999999999804e+00,-2.919679825486368174e-02
2.428700000000000081e+00,-1.334664075812105888e-01
2.428599999999999870e+00,-1.367608623134043688e-01
2.428300000000000125e+00,-1.034178025487164643e-01
2.428100000000000147e+00,-1.685565429804074256e-01
2.427900000000000169e+00,-2.232357213863972456e-01
2.427700000000000191e+00,-1.650371022237848151e-01
2.427500000000000213e+00,-1.887320314203008720e-01
2.426899999999999835e+00,-1.207881972814690841e-01
2.426600000000000090e+00,-9.032490563233228076e-02
2.426299999999999901e+00,-1.668430292247821689e-02
2.426000000000000156e+00,-3.339289165746675558e-02
2.425800000000000178e+00,-5.906467321886016419e-02
2.425499999999999989e+00,3.857812088383857918e-02
2.425300000000000011e+00,3.522634965877347035e-02
2.425199999999999800e+00,3.726007637731496014e-02
2.424799999999999844e+00,1.360126543380538178e-02
2.424700000000000077e+00,1.429378181684592963e-02
2.424500000000000099e+00,4.768347326928115693e-02
2.424100000000000144e+00,8.824104214448860728e-02
2.423799999999999955e+00,9.563581042917532193e-02
2.423599999999999977e+00,5.556425503715906045e-02
2.423299999999999788e+00,1.266938848412842156e-01
2.423000000000000043e+00,9.194782947391511030e-02
2.422899999999999832e+00,5.155576450893706308e-02
2.422699999999999854e+00,-3.517047065387801652e-02
2.422600000000000087e+00,1.142832656178364992e-01
2.422400000000000109e+00,1.435581156178887541e-01
2.422099999999999920e+00,2.455118314143370228e-02
2.421800000000000175e+00,1.218046129384045551e-02
2.421300000000000008e+00,9.927343169683494617e-02
2.421100000000000030e+00,2.305662750293202556e-01
2.420799999999999841e+00,1.280106724343976765e-01
2.420599999999999863e+00,2.476133204136476973e-02
2.420100000000000140e+00,1.506428136980805799e-02
2.419999999999999929e+00,3.807587213413080041e-02
2.419700000000000184e+00,3.832862981879153752e-02
2.419200000000000017e+00,-8.081460230189088656e-02
2.419099999999999806e+00,4.046241362425442856e-02
2.418899999999999828e+00,9.518816835359794615e-03
2.418699999999999850e+00,-2.457345247468614713e-02
2.418400000000000105e+00,1.027110233517425364e-01
2.418200000000000127e+00,-1.218060831364997654e-02
2.418000000000000149e+00,-4.785590286531665738e-02
2.417600000000000193e+00,-5.315106637107658294e-02
2.417499999999999982e+00,-1.923277432062595049e-02
2.417199999999999793e+00,-6.420505508199572664e-02
2.416900000000000048e+00,-1.038976633878883893e-01
2.416700000000000070e+00,-1.749904151994267909e-01
2.416399999999999881e+00,1.641506996398131579e-02
2.416100000000000136e+00,-6.202684825745014008e-02
2.415900000000000158e+00,-5.649651841120942319e-02
2.415599999999999969e+00,1.922561016856789984e-01
2.415200000000000014e+00,1.348585773880764394e-01
2.415000000000000036e+00,4.092256767887145208e-02
2.414800000000000058e+00,-1.106929471868245418e-03
2.414400000000000102e+00,1.952242823215905032e-02
2.414299999999999891e+00,7.616646546630689851e-03
2.414000000000000146e+00,7.577338561751481572e-02
2.413800000000000168e+00,1.051543460435684640e-01
2.413600000000000190e+00,7.026617140498681024e-02
2.413499999999999979e+00,1.046258987134895957e-01
2.412900000000000045e+00,1.272501691647505428e-01
2.412700000000000067e+00,1.104890517001320960e-01
2.412599999999999856e+00,1.996081639790182882e-01
2.412500000000000089e+00,1.187374837678840944e-01
2.412100000000000133e+00,8.598151262110761972e-02
2.411900000000000155e+00,7.631811069870250708e-02
2.411700000000000177e+00,8.589418407610460715e-03
2.411399999999999988e+00,-5.697873741352527110e-02
2.411200000000000010e+00,3.265294469438975722e-02
2.410899999999999821e+00,5.164254129252573988e-02
2.410600000000000076e+00,7.270236502742929985e-02
2.410299999999999887e+00,8.521986460284167175e-02
2.409899999999999931e+00,1.506628884900829135e-01
2.409699999999999953e+00,2.012345217020788946e-01
2.409400000000000208e+00,8.940042837283015964e-02
2.408999999999999808e+00,-1.888840398872257409e-02
2.408700000000000063e+00,9.134351456581771278e-02
2.408500000000000085e+00,7.700277597430527088e-02
2.408100000000000129e+00,1.434651940811909610e-01
2.407999999999999918e+00,1.988031129295832200e-01
2.407799999999999940e+00,9.202326594417997718e-02
2.407399999999999984e+00,9.423048482563173289e-02
2.407200000000000006e+00,1.374999021066559968e-01
2.406899999999999817e+00,7.869287746839134789e-02
2.406699999999999839e+00,8.960047437368834355e-02
2.406200000000000117e+00,8.964953909828057843e-02
2.405899999999999928e+00,1.007957855419898408e-01
2.405699999999999950e+00,1.062274936392687552e-01
2.405299999999999994e+00,1.298689088123639035e-01
2.405100000000000016e+00,1.998483314193805205e-01
2.404700000000000060e+00,-5.314981562764414802e-03
2.404500000000000082e+00,5.552681710541129689e-02
2.404300000000000104e+00,-7.924372925956907343e-02
2.404199999999999893e+00,-8.740435004910701577e-02
2.403999999999999915e+00,3.173173507313095665e-02
2.403900000000000148e+00,1.093268116897361253e-01
2.403700000000000170e+00,5.460278408569302355e-02
2.403300000000000214e+00,2.164039927253155748e-01
2.403099999999999792e+00,1.009536498628241241e-01
2.402600000000000069e+00,-1.030592727965622124e-01
2.402499999999999858e+00,8.145241330373420574e-05
2.402099999999999902e+00,-9.823806216245623002e-03
2.401899999999999924e+00,4.407910199778070082e-03
2.401800000000000157e+00,7.544652857929129430e-03
2.401499999999999968e+00,1.126370307300179896e-01
2.401400000000000201e+00,5.560635102054220513e-02
2.401100000000000012e+00,-1.722859045236863063e-02
2.400700000000000056e+00,3.798120115300687716e-02
2.400399999999999867e+00,-1.346753145765530735e-02
2.400300000000000100e+00,-3.967276487838386489e-02
2.399900000000000144e+00,-1.902894118848211247e-02
2.399700000000000166e+00,-7.983366767183933121e-02
2.399399999999999977e+00,1.046158921858518498e-01
2.399000000000000021e+00,1.129353577870861880e-01
2.398800000000000043e+00,1.910938332371804604e-01
2.398699999999999832e+00,1.720804440588988293e-01
2.398200000000000109e+00,1.831879393312391135e-01
2.398000000000000131e+00,3.006974176399980214e-01
2.397899999999999920e+00,3.073693539578336020e-01
2.397499999999999964e+00,9.468017678248077940e-02
2.397299999999999986e+00,8.613137546043328485e-02
2.396999999999999797e+00,1.598522393641589601e-01
2.396799999999999820e+00,3.042533383637580080e-02
2.396399999999999864e+00,-3.457944280412655891e-02
2.395799999999999930e+00,9.475034663938494695e-02
2.395700000000000163e+00,5.016813226987534846e-02
2.395300000000000207e+00,-2.132619970167393131e-02
2.395099999999999785e+00,-5.593888634186985898e-02
2.394800000000000040e+00,-2.774307631524947082e-02
2.394499999999999851e+00,1.886943416317711508e-01
2.394400000000000084e+00,2.171008525378784193e-01
2.394099999999999895e+00,2.607464760121837033e-01
2.393600000000000172e+00,1.196377246276067452e-01
2.393400000000000194e+00,9.497451737283668649e-02
2.393200000000000216e+00,1.534038126770054244e-01
2.392900000000000027e+00,1.410368499288675026e-01
2.392599999999999838e+00,1.227211702968002138e-01
2.392199999999999882e+00,9.245552839813597767e-03
2.392100000000000115e+00,1.169065974226599081e-01
2.391500000000000181e+00,2.424624319565665820e-01
2.391199999999999992e+00,2.474905685264337796e-01
2.391000000000000014e+00,2.052316652857363866e-01
2.390699999999999825e+00,1.684157054052115576e-01
2.390400000000000080e+00,1.142332804827950188e-01
2.390200000000000102e+00,1.725273364530828524e-01
2.389800000000000146e+00,1.614670025442722923e-01
2.389600000000000168e+00,2.871370258154641864e-01
2.389299999999999979e+00,1.977652018655441657e-01
2.388900000000000023e+00,1.593851377133977121e-01
2.388700000000000045e+00,1.063271086911531105e-01
2.388599999999999834e+00,1.771570829028380756e-01
2.388199999999999878e+00,1.134786374829693800e-01
2.388100000000000112e+00,1.287075116909210115e-01
2.387999999999999901e+00,5.516160305031950206e-02
2.387399999999999967e+00,9.994398715634442154e-02
2.387199999999999989e+00,1.415939622177210533e-01
2.387000000000000011e+00,2.227016985157682927e-01
2.386600000000000055e+00,3.345547179039142227e-01
2.386299999999999866e+00,3.270614015952327813e-01
2.386099999999999888e+00,3.069932369091296631e-01
2.385800000000000143e+00,2.094462871644019175e-01
2.385600000000000165e+00,8.319739233497019937e-02
2.385099999999999998e+00,1.622249871361183815e-01
2.384999999999999787e+00,2.320896479673581481e-01
2.384799999999999809e+00,2.139627984617392675e-01
2.384399999999999853e+00,1.864213544642764897e-01
2.384100000000000108e+00,1.021096597254855798e-01
2.383900000000000130e+00,1.755838737237634672e-01
2.383399999999999963e+00,1.496945724284610979e-01
2.383199999999999985e+00,2.161923950429710251e-01
2.382699999999999818e+00,2.403556016691670016e-01
2.382600000000000051e+00,2.847686280333175390e-01
2.382400000000000073e+00,2.206096344208909044e-01
2.381899999999999906e+00,1.428344929096936333e-01
2.381600000000000161e+00,9.895052504541729244e-02
2.381499999999999950e+00,2.018527381098325635e-01
2.381099999999999994e+00,1.913495621192612406e-01
2.380799999999999805e+00,2.334230262196132499e-01
2.380599999999999827e+00,6.147239634216733473e-02
2.380199999999999871e+00,1.969575476206721076e-01
2.379900000000000126e+00,1.812569726494621392e-01
2.379700000000000149e+00,7.830500726386038779e-02
2.379300000000000193e+00,2.119829656539728990e-01
2.379100000000000215e+00,2.152136256687413318e-01
2.378699999999999815e+00,3.421402438225952247e-01
2.378600000000000048e+00,1.821820531920127773e-01
2.378099999999999881e+00,1.237413056468655848e-01
2.377899999999999903e+00,1.933171448501198875e-01
2.377499999999999947e+00,1.597135556486058150e-01
2.377400000000000180e+00,7.843495214389026304e-02
2.376900000000000013e+00,1.991937522751938139e-01
2.376300000000000079e+00,2.163788320999095183e-01
2.375999999999999890e+00,2.139841590320830378e-01
2.375799999999999912e+00,2.714756188543221427e-01
2.375399999999999956e+00,2.395556651921260105e-01
2.375300000000000189e+00,1.649709029644293168e-01
2.375100000000000211e+00,2.968854904535945805e-01
2.374800000000000022e+00,2.331761098360064788e-01
2.374499999999999833e+00,2.459056170106554973e-01
2.374200000000000088e+00,2.226177105368702669e-01
2.374000000000000110e+00,1.188140264994988482e-01
2.373600000000000154e+00,1.495983886817299491e-01
2.373400000000000176e+00,9.101097023945375897e-02
2.373200000000000198e+00,8.366156597685442398e-02
2.372799999999999798e+00,1.505496380119902833e-01
2.372700000000000031e+00,1.877971410869233582e-01
2.372399999999999842e+00,1.415020037190059532e-01
2.371900000000000119e+00,2.064630243260763554e-01
2.371599999999999930e+00,1.424700842787320065e-01
2.371399999999999952e+00,2.091168717948538314e-01
2.370999999999999996e+00,1.036928674713784304e-01
2.370800000000000018e+00,2.315707285569651441e-01
2.370499999999999829e+00,3.319001307865165895e-01
2.370200000000000085e+00,3.265778048267865552e-01
2.370099999999999874e+00,2.555245295817083484e-01
2.370000000000000107e+00,1.030157376454704510e-01
2.369499999999999940e+00,1.754893715320143821e-01
2.369299999999999962e+00,3.149899310281659148e-01
2.369099999999999984e+00,2.382336743941317059e-01
2.368799999999999795e+00,2.631814659013326230e-01
2.368500000000000050e+00,2.776178847750318535e-01
2.367900000000000116e+00,2.736047155526589725e-01
2.367799999999999905e+00,2.453807918494609053e-01
2.367599999999999927e+00,2.774061190750042316e-01
2.367300000000000182e+00,2.497546014431327455e-01
2.366800000000000015e+00,3.393344726114813636e-01
2.366600000000000037e+00,2.385702617832552441e-01
2.366499999999999826e+00,3.450117147082293334e-01
2.366000000000000103e+00,3.629420344605261972e-01
2.365699999999999914e+00,3.454982796239313148e-01
2.365499999999999936e+00,4.104270726521496160e-01
2.365200000000000191e+00,3.505669216802634325e-01
2.365000000000000213e+00,1.966228534338969325e-01
2.364700000000000024e+00,2.821363923220625569e-01
2.364399999999999835e+00,9.364291966721186022e-02
2.364100000000000090e+00,2.057269865827354716e-01
2.363999999999999879e+00,1.859509052612451363e-01
2.363599999999999923e+00,3.398227022608987791e-01
2.363300000000000178e+00,3.636067116113451680e-01
2.362999999999999989e+00,3.430926523881501211e-01
2.362600000000000033e+00,4.218620584586600941e-01
2.362499999999999822e+00,3.427817713338304761e-01
2.362200000000000077e+00,3.555176559019712634e-01
2.361699999999999910e+00,2.317694687620740213e-01
2.361499999999999932e+00,2.986125623090883918e-01
2.361099999999999977e+00,2.407879016026910624e-01
2.360899999999999999e+00,2.178672000819822929e-01
2.360599999999999810e+00,2.280859153188166677e-01
2.360300000000000065e+00,3.028612131241933958e-01
2.360100000000000087e+00,1.633144450153244109e-01
2.359900000000000109e+00,1.781479712252738434e-01
2.359599999999999920e+00,1.817516579648292829e-01
2.359399999999999942e+00,3.456202226640586739e-01
2.359199999999999964e+00,2.530791439301835477e-01
2.358999999999999986e+00,1.530843811171564428e-01
2.358400000000000052e+00,1.354837952476789509e-01
2.358200000000000074e+00,2.860501201906728852e-01
2.357899999999999885e+00,2.198385293275713359e-01
2.357400000000000162e+00,1.587036290214699497e-01
2.357099999999999973e+00,2.546288699416775492e-01
2.356899999999999995e+00,2.305298390748063142e-01
2.356500000000000039e+00,2.220775525012957941e-01
2.356300000000000061e+00,3.565483680210979056e-01
2.355999999999999872e+00,3.581964342774801580e-01
2.355900000000000105e+00,3.357694175660369540e-01
2.355399999999999938e+00,3.904865957831370471e-01
2.355199999999999960e+00,3.879652148218275531e-01
2.354900000000000215e+00,3.493236297841783022e-01
2.354800000000000004e+00,3.577617873120990666e-01
2.354400000000000048e+00,2.840535282372727566e-01
2.354299999999999837e+00,3.747932173186856453e-01
2.354099999999999859e+00,3.533509671284351672e-01
2.353800000000000114e+00,2.749568310698655149e-01
2.353400000000000158e+00,2.976653821535995004e-01
2.353200000000000180e+00,2.375245428461181252e-01
2.353000000000000203e+00,2.605636781292768323e-01
2.352500000000000036e+00,2.765250240961691919e-01
2.352300000000000058e+00,3.236448293883996685e-01
2.352100000000000080e+00,4.242790277883718986e-01
2.351900000000000102e+00,4.000368341000593020e-01
2.351399999999999935e+00,2.555774493154944205e-01
2.351100000000000190e+00,3.875038313110035215e-01
2.350900000000000212e+00,3.235360295023720356e-01
2.350499999999999812e+00,2.915240284685413630e-01
2.350299999999999834e+00,1.933917045300777293e-01
2.349899999999999878e+00,3.084791954067849229e-01
2.349699999999999900e+00,2.344852764753387053e-01
2.349299999999999944e+00,2.772629937849123705e-01
2.349099999999999966e+00,3.549636848493471497e-01
2.348700000000000010e+00,2.347476204266757405e-01
2.348199999999999843e+00,2.424880623168139404e-01
2.347999999999999865e+00,2.767176000590710894e-01
2.347700000000000120e+00,2.590649872469437121e-01
2.347199999999999953e+00,1.404620379125663676e-01
2.346999999999999975e+00,1.064240532400693995e-01
2.346699999999999786e+00,2.957801332141747341e-01
2.346499999999999808e+00,2.373607516464176781e-01
2.346400000000000041e+00,3.216272856716717587e-01
2.345899999999999874e+00,3.724506124635346138e-01
2.345600000000000129e+00,4.392112006176667194e-01
2.345200000000000173e+00,4.217281410082672766e-01
2.345000000000000195e+00,3.664251586793509929e-01
2.344700000000000006e+00,3.407537692083975611e-01
2.344199999999999839e+00,3.166225037974125245e-01
2.344100000000000072e+00,3.529824596493896793e-01
2.343900000000000095e+00,4.471791061062824202e-01
2.343399999999999928e+00,4.761216675558399558e-01
2.343100000000000183e+00,4.745581514158450642e-01
2.342699999999999783e+00,4.722283194780532711e-01
2.342400000000000038e+00,2.283960696016287817e-01
2.342000000000000082e+00,3.102328570096963833e-01
2.341899999999999871e+00,3.899356388413488528e-01
2.341499999999999915e+00,4.035408021121553168e-01
2.341299999999999937e+00,4.966428498639693934e-01
2.341000000000000192e+00,4.247949670153905455e-01
2.340700000000000003e+00,4.563971667577090829e-01
2.340300000000000047e+00,4.348437074149814618e-01
2.339900000000000091e+00,3.042636243360055670e-01
2.339500000000000135e+00,3.083115101739850039e-01
2.339300000000000157e+00,3.641116152620915702e-01
2.339100000000000179e+00,4.105859326211658278e-01
2.338499999999999801e+00,3.022204894269180375e-01
2.338400000000000034e+00,3.387705002676558164e-01
2.338000000000000078e+00,4.469877865143426221e-01
2.337699999999999889e+00,4.176189330197185856e-01
2.337499999999999911e+00,4.456654112847991955e-01
2.337299999999999933e+00,3.219201124514230461e-01
2.337099999999999955e+00,3.714126735598726192e-01
2.336699999999999999e+00,4.043619628995264170e-01
2.336100000000000065e+00,4.009590054001449522e-01
2.335799999999999876e+00,3.153735499980027113e-01
2.335300000000000153e+00,4.401451798361106782e-01
2.334999999999999964e+00,3.492642580839138144e-01
2.334600000000000009e+00,3.073335504502789917e-01
2.334499999999999797e+00,3.731832610669519323e-01
2.334299999999999820e+00,3.579714984272390765e-01
2.333800000000000097e+00,2.444559877780305701e-01
2.333600000000000119e+00,3.491094975780276166e-01
2.333499999999999908e+00,3.705134072219152808e-01
2.333299999999999930e+00,3.928661118723398848e-01
2.332599999999999785e+00,4.615547189481573609e-01
2.332300000000000040e+00,4.545596570475207709e-01
2.332100000000000062e+00,3.828241007397190088e-01
2.331700000000000106e+00,4.115320631521180994e-01
2.331300000000000150e+00,4.335429313210258373e-01
2.330999999999999961e+00,5.056902737078476928e-01
2.330799999999999983e+00,5.170542142542318143e-01
2.330499999999999794e+00,5.044669681246276571e-01
2.330200000000000049e+00,5.444188574613672005e-01
2.330000000000000071e+00,4.793940195189395626e-01
2.329699999999999882e+00,4.386935955883429772e-01
2.329499999999999904e+00,4.253765570695449139e-01
2.329400000000000137e+00,4.502511216332265587e-01
2.328899999999999970e+00,4.302611724877648536e-01
2.328699999999999992e+00,4.676540517801857089e-01
2.328399999999999803e+00,4.349630177861129043e-01
2.327900000000000080e+00,5.030233018645663412e-01
2.327599999999999891e+00,4.843448526397481357e-01
2.327300000000000146e+00,4.580750313787351757e-01
2.326900000000000190e+00,4.597735874806684331e-01
2.326600000000000001e+00,4.282930846618953069e-01
2.326400000000000023e+00,4.231256246206918648e-01
2.326000000000000068e+00,4.970061112665249969e-01
2.325899999999999856e+00,4.421167712044885012e-01
2.325800000000000090e+00,4.199759239160126834e-01
2.325600000000000112e+00,3.933802970400475107e-01
2.325200000000000156e+00,3.629112873772613601e-01
2.324899999999999967e+00,4.740696827715794592e-01
2.324699999999999989e+00,4.955452267047660841e-01
2.324199999999999822e+00,5.056612787306818957e-01
2.323900000000000077e+00,4.551877042912461091e-01
2.323700000000000099e+00,5.700299582356294081e-01
2.323300000000000143e+00,5.349998138294218553e-01
2.323100000000000165e+00,4.810226117716621674e-01
2.322999999999999954e+00,5.420363281645121933e-01
2.322799999999999976e+00,4.186999621507737634e-01
2.322400000000000020e+00,4.761644824926788977e-01
2.322299999999999809e+00,4.260311206582059751e-01
2.322200000000000042e+00,6.001829835853080830e-01
2.321899999999999853e+00,6.389247593841136386e-01
2.321699999999999875e+00,5.398855859839803983e-01
2.321200000000000152e+00,4.704964654027137261e-01
2.321099999999999941e+00,4.029115765858716225e-01
2.320800000000000196e+00,4.129864332982208230e-01
2.320399999999999796e+00,4.932216720998812143e-01
2.320199999999999818e+00,4.137522697129046856e-01
2.320100000000000051e+00,5.056599403237792556e-01
2.319999999999999840e+00,4.634660967591311409e-01
2.319500000000000117e+00,4.697434278961437615e-01
2.319199999999999928e+00,3.960026044995922367e-01
2.318700000000000205e+00,5.300411438792507202e-01
2.318499999999999783e+00,4.833899584500734870e-01
2.318299999999999805e+00,3.887802545327230241e-01
2.318000000000000060e+00,4.435427695867119602e-01
2.317499999999999893e+00,5.727565551946062206e-01
2.317400000000000126e+00,5.065616718500330906e-01
2.316800000000000193e+00,4.367957801825611552e-01
2.316600000000000215e+00,3.479768473605738821e-01
2.316300000000000026e+00,4.313249802366872498e-01
2.315999999999999837e+00,4.283961482161140477e-01
2.315900000000000070e+00,4.487109395787635124e-01
2.315599999999999881e+00,4.797177767656458647e-01
2.315399999999999903e+00,5.962568839064374959e-01
2.315100000000000158e+00,6.973449414838205351e-01
2.314799999999999969e+00,6.129240688036025064e-01
2.314499999999999780e+00,6.742119830207073949e-01
2.314200000000000035e+00,6.523617936228693903e-01
2.313899999999999846e+00,6.162930217739303052e-01
2.313200000000000145e+00,6.240172540621785613e-01
2.312899999999999956e+00,5.162118490249257841e-01
2.312699999999999978e+00,6.261055499602770080e-01
2.312300000000000022e+00,5.852384808366362101e-01
2.312199999999999811e+00,6.010570790766084359e-01
2.311999999999999833e+00,5.452900054019570453e-01
2.311799999999999855e+00,6.348491771504365389e-01
2.311399999999999899e+00,5.892851632739553036e-01
2.311199999999999921e+00,5.051081890557542753e-01
2.310700000000000198e+00,5.708514007067913010e-01
2.310400000000000009e+00,5.464161340894800878e-01
2.310099999999999820e+00,4.823060511979261333e-01
2.309899999999999842e+00,5.174335504700561250e-01
2.309400000000000119e+00,6.237085766499887995e-01
2.309099999999999930e+00,6.350417717645648885e-01
2.308800000000000185e+00,5.377104955768887695e-01
2.308399999999999785e+00,5.360087694838631123e-01
2.308300000000000018e+00,5.220555878646289116e-01
2.308100000000000041e+00,6.062228028008188607e-01
2.307599999999999874e+00,5.476599460709288270e-01
2.307500000000000107e+00,5.173793086560642962e-01
2.307300000000000129e+00,3.708787811793935463e-01
2.306900000000000173e+00,3.854666572450198281e-01
2.306700000000000195e+00,4.261006137059805687e-01
2.306500000000000217e+00,5.203015430058771651e-01
2.306000000000000050e+00,5.669828126183760197e-01
2.305699999999999861e+00,5.711979798008609555e-01
2.305400000000000116e+00,5.602116258248204250e-01
2.305299999999999905e+00,4.840801046100857707e-01
2.304800000000000182e+00,5.831821876476142030e-01
2.304499999999999993e+00,5.206100983683008554e-01
2.304100000000000037e+00,5.097558345545927239e-01
2.303999999999999826e+00,5.615634388214316708e-01
2.303900000000000059e+00,6.079135186885971098e-01
2.303300000000000125e+00,6.122834796597198537e-01
2.303100000000000147e+00,4.697826943854226389e-01
2.302900000000000169e+00,5.646236741961747629e-01
2.302299999999999791e+00,5.585968065149535811e-01
2.302099999999999813e+00,5.873622681219943242e-01
2.301800000000000068e+00,4.839170618071292340e-01
2.301299999999999901e+00,6.301145737557661830e-01
2.301000000000000156e+00,5.358932885365756960e-01
2.300600000000000200e+00,5.855215539509773803e-01
2.300399999999999778e+00,4.246716053209198538e-01
2.300100000000000033e+00,6.283325463397708699e-01
2.299799999999999844e+00,5.767917127128853183e-01
2.298900000000000166e+00,6.175678696156323699e-01
2.298500000000000210e+00,5.655922850936536683e-01
2.298299999999999788e+00,5.116607278314762031e-01
2.297899999999999832e+00,5.890511216572260622e-01
2.297699999999999854e+00,6.249603386545427020e-01
2.297499999999999876e+00,6.457212883019015637e-01
2.297299999999999898e+00,5.954325261296917748e-01
2.296899999999999942e+00,6.188587833071135247e-01
2.296699999999999964e+00,4.613280835266165836e-01
2.296400000000000219e+00,5.233909349589872528e-01
2.295900000000000052e+00,4.750424832521138452e-01
2.295700000000000074e+00,5.322542850016119820e-01
2.295500000000000096e+00,4.951537678646832363e-01
2.295300000000000118e+00,5.666093927511259842e-01
2.294900000000000162e+00,5.656441159529630447e-01
2.294700000000000184e+00,4.764823379916315327e-01
2.294500000000000206e+00,5.479502499646133895e-01
2.294000000000000039e+00,7.034268028546786233e-01
2.293699999999999850e+00,5.725188738231468122e-01
2.293400000000000105e+00,4.847397064903190556e-01
2.292899999999999938e+00,5.695193731846542873e-01
2.292499999999999982e+00,7.351015242536458327e-01
2.292100000000000026e+00,6.104936960241863497e-01
2.291799999999999837e+00,6.221795322718104426e-01
2.291599999999999859e+00,6.097626176376422791e-01
2.291399999999999881e+00,6.457445280228131246e-01
2.291199999999999903e+00,6.005978000329925681e-01
2.291100000000000136e+00,4.980327804920275936e-01
2.290799999999999947e+00,4.849784060512174477e-01
2.290500000000000203e+00,4.982787800459145822e-01
2.290399999999999991e+00,5.097550706193234582e-01
2.290200000000000014e+00,5.869551848422354112e-01
2.290099999999999802e+00,5.242217487232136985e-01
2.289699999999999847e+00,5.290133475412822639e-01
2.289499999999999869e+00,6.439024006757964047e-01
2.289200000000000124e+00,5.646554771589553656e-01
2.289099999999999913e+00,3.719680514466944254e-01
2.288800000000000168e+00,6.453652332536092828e-01
2.288699999999999957e+00,4.470940000486645083e-01
2.288600000000000190e+00,5.935526550648017041e-01
2.288499999999999979e+00,4.111675633851168410e-01
2.287999999999999812e+00,6.625780425796590212e-01
2.287700000000000067e+00,5.480920454028516131e-01
2.287500000000000089e+00,4.947448686234805493e-01
2.286900000000000155e+00,4.410526049805976734e-01
2.286599999999999966e+00,6.593639584842603263e-01
2.286500000000000199e+00,5.129016757971296414e-01
2.286000000000000032e+00,6.417157032597743394e-01
2.285800000000000054e+00,5.886834322411591547e-01
2.285499999999999865e+00,6.422278903138283201e-01
2.285099999999999909e+00,6.636719952890675067e-01
2.284899999999999931e+00,6.714164384621912340e-01
2.284600000000000186e+00,6.325729266256491234e-01
2.283999999999999808e+00,6.837505087156116046e-01
2.283700000000000063e+00,6.917983008354784413e-01
2.283599999999999852e+00,6.176483156890462123e-01
2.283399999999999874e+00,7.176231345495075464e-01
2.282900000000000151e+00,6.713003795236899274e-01
2.282799999999999940e+00,7.045659470433784932e-01
2.282599999999999962e+00,7.338583326207612778e-01
2.282399999999999984e+00,6.548154238543262284e-01
2.282000000000000028e+00,5.590418852060435873e-01
2.281400000000000095e+00,5.292604715698145945e-01
2.281200000000000117e+00,5.378720500610022492e-01
2.281000000000000139e+00,6.796504509181712228e-01
2.280400000000000205e+00,6.945372314596208740e-01
2.280100000000000016e+00,6.393689043847523568e-01
2.279599999999999849e+00,6.371910905797646407e-01
2.279399999999999871e+00,6.895910178612851826e-01
2.279199999999999893e+00,6.974303912168737796e-01
2.278700000000000170e+00,6.793221426468036839e-01
2.278399999999999981e+00,6.424303411529941332e-01
2.278200000000000003e+00,6.223536463502605809e-01
2.277499999999999858e+00,5.276290813821180592e-01
2.277299999999999880e+00,5.402775199649101356e-01
2.277000000000000135e+00,5.919733010647034721e-01
2.276499999999999968e+00,5.926262316686449205e-01
2.276199999999999779e+00,6.587891432490931010e-01
2.276100000000000012e+00,5.869666279917016283e-01
2.275900000000000034e+00,6.989776427767345757e-01
2.275799999999999823e+00,6.441931259110883490e-01
2.275599999999999845e+00,5.657064084982170726e-01
2.275199999999999889e+00,6.713508101528070648e-01
2.275100000000000122e+00,6.684468964603985652e-01
2.274799999999999933e+00,6.861084783389009845e-01
2.274599999999999955e+00,6.259977724261573950e-01
2.274099999999999788e+00,5.893773189688360503e-01
2.273800000000000043e+00,6.930452984835016039e-01
2.273600000000000065e+00,5.651988638674144694e-01
2.273000000000000131e+00,4.940817710318012868e-01
2.272800000000000153e+00,5.140190316739630116e-01
2.272499999999999964e+00,6.272771484945247611e-01
2.272400000000000198e+00,6.124087083600460168e-01
2.271900000000000031e+00,6.367142859275802813e-01
2.271799999999999820e+00,6.304184623175633773e-01
2.271599999999999842e+00,7.622518889995738567e-01
2.271199999999999886e+00,7.143729199901236449e-01
2.270999999999999908e+00,6.352389617982241443e-01
2.270599999999999952e+00,7.023226302425682466e-01
2.270000000000000018e+00,7.806151985471909693e-01
2.269499999999999851e+00,7.482227360368874924e-01
2.269299999999999873e+00,8.411917320934325648e-01
2.269099999999999895e+00,7.372585502899049459e-01
2.268699999999999939e+00,7.996654775010818561e-01
2.268600000000000172e+00,8.279921046205375168e-01
2.268499999999999961e+00,6.991376689371130437e-01
2.268200000000000216e+00,8.746277101348391980e-01
2.267999999999999794e+00,7.491701525020461050e-01
2.267799999999999816e+00,7.341970364378378466e-01
2.267100000000000115e+00,6.845803025055420266e-01
2.266900000000000137e+00,7.294415076976833445e-01
2.266599999999999948e+00,7.317421594336438462e-01
2.265899999999999803e+00,8.234862946150494079e-01
2.265600000000000058e+00,7.155669592555022884e-01
2.265299999999999869e+00,6.824811672667339124e-01
2.265000000000000124e+00,7.922295978805317107e-01
2.264699999999999935e+00,8.283545974530764910e-01
2.264600000000000168e+00,8.588439906555105363e-01
2.264400000000000190e+00,7.347563607675716701e-01
2.263999999999999790e+00,7.275155189774389353e-01
2.263799999999999812e+00,6.936367241389129745e-01
2.263700000000000045e+00,6.702930234623628580e-01
2.263100000000000112e+00,7.077096100294687497e-01
2.262799999999999923e+00,7.335525820863220137e-01
2.262399999999999967e+00,7.253532218521457908e-01
2.262199999999999989e+00,7.299486593282701330e-01
2.262000000000000011e+00,7.065095537205425824e-01
2.261499999999999844e+00,6.485898098949026691e-01
2.261299999999999866e+00,7.343587182198629826e-01
2.261200000000000099e+00,7.899019462834568905e-01
2.261000000000000121e+00,7.007158561412110132e-01
2.260299999999999976e+00,7.378612517576315089e-01
2.259999999999999787e+00,8.004245457765915006e-01
2.259199999999999875e+00,7.697931445648127369e-01
2.258799999999999919e+00,8.969206209021376441e-01
2.258199999999999985e+00,7.587641941355847131e-01
2.258100000000000218e+00,7.031272784236396456e-01
2.257699999999999818e+00,6.993377819358541636e-01
2.257499999999999840e+00,7.198745829025201548e-01
2.257000000000000117e+00,7.447031871657926461e-01
2.256699999999999928e+00,7.422785927651067706e-01
2.256600000000000161e+00,7.398893771983112710e-01
2.256099999999999994e+00,7.031355802497064600e-01
2.255799999999999805e+00,7.173461223343446935e-01
2.255300000000000082e+00,6.959561493018705525e-01
2.254999999999999893e+00,7.325930190068066228e-01
2.254900000000000126e+00,7.935969693608977416e-01
2.254799999999999915e+00,8.127890675495297312e-01
2.254599999999999937e+00,8.380733797100879956e-01
2.254100000000000215e+00,7.565830568386812116e-01
2.253899999999999793e+00,8.663630666053134810e-01
2.253600000000000048e+00,8.522300102434612334e-01
2.253000000000000114e+00,9.250294020840370557e-01
2.252699999999999925e+00,9.030863992297993859e-01
2.252299999999999969e+00,9.439798804290917555e-01
2.251799999999999802e+00,9.157710826013589767e-01
2.251500000000000057e+00,7.363072780848869403e-01
2.251300000000000079e+00,7.899373357172014831e-01
2.251100000000000101e+00,7.876827182996988252e-01
2.250599999999999934e+00,7.941239782827298477e-01
2.250399999999999956e+00,8.335073101760694936e-01
2.250199999999999978e+00,8.928197205197545561e-01
2.249899999999999789e+00,7.677526470920015278e-01
2.249299999999999855e+00,8.389248777859563688e-01
2.249099999999999877e+00,8.711709930985314099e-01
2.248800000000000132e+00,7.987204601170305729e-01
2.248699999999999921e+00,8.543685664065201468e-01
2.248200000000000198e+00,7.644097956537205807e-01
2.247900000000000009e+00,8.597242280655552626e-01
2.247700000000000031e+00,8.891554804046908345e-01
2.247199999999999864e+00,8.395910164619470040e-01
2.246700000000000141e+00,8.278818052968699437e-01
2.246500000000000163e+00,8.579078772759894944e-01
2.245899999999999785e+00,6.683774654459885278e-01
2.245600000000000041e+00,7.472717521438653199e-01
2.245299999999999851e+00,7.485651089675013914e-01
2.244600000000000151e+00,9.005225077890650631e-01
2.244000000000000217e+00,8.321038640611913006e-01
2.243799999999999795e+00,7.450200968971489868e-01
2.243500000000000050e+00,5.973019043554322893e-01
2.242999999999999883e+00,6.396927029356582750e-01
2.242799999999999905e+00,6.640531220670348178e-01
2.242700000000000138e+00,9.818953137152517385e-01
2.242399999999999949e+00,8.596540771527855229e-01
2.241800000000000015e+00,8.844727173158533073e-01
2.241499999999999826e+00,8.172756896890516209e-01
2.241299999999999848e+00,8.582868356221163841e-01
2.240800000000000125e+00,8.252673387727782472e-01
2.240600000000000147e+00,8.815834141112643962e-01
2.240400000000000169e+00,8.008213992783883572e-01
2.240099999999999980e+00,6.895192474550004835e-01
2.239700000000000024e+00,8.325018543453230890e-01
2.239599999999999813e+00,7.974303978535053350e-01
2.239399999999999835e+00,7.469533722100768491e-01
2.238999999999999879e+00,7.261516921574715511e-01
2.238599999999999923e+00,8.081108991361135585e-01
2.238300000000000178e+00,8.384723157377899083e-01
2.238100000000000200e+00,7.547725550206829670e-01
2.237899999999999778e+00,8.044628975615968347e-01
2.237699999999999800e+00,8.513257881793967474e-01
2.237600000000000033e+00,8.132977355370351047e-01
2.237200000000000077e+00,7.274492331981429194e-01
2.237000000000000099e+00,6.952195938054149815e-01
2.236699999999999910e+00,7.424572443184667137e-01
2.236400000000000166e+00,7.199838361900134931e-01
2.236000000000000210e+00,8.279447723778983192e-01
2.235700000000000021e+00,9.102169385931911938e-01
2.235599999999999810e+00,8.219322956775320099e-01
2.235300000000000065e+00,8.568018368486016723e-01
2.235100000000000087e+00,7.524762163928395697e-01
2.234799999999999898e+00,8.751658325775388825e-01
2.234700000000000131e+00,8.040210895048777173e-01
2.234599999999999920e+00,8.128691332418870319e-01
2.234199999999999964e+00,7.394045666598951794e-01
2.233999999999999986e+00,7.890055602928491840e-01
2.233900000000000219e+00,7.891360692553404110e-01
2.233800000000000008e+00,7.608632122104753703e-01
2.233499999999999819e+00,8.717734799637034682e-01
2.233299999999999841e+00,8.945420795049632279e-01
2.233200000000000074e+00,8.740875963482441779e-01
2.232800000000000118e+00,9.403774707593924864e-01
2.232699999999999907e+00,9.011856647266752729e-01
2.232499999999999929e+00,7.932170709411441312e-01
2.232200000000000184e+00,8.715142925578776012e-01
2.232000000000000206e+00,9.668641699211132368e-01
2.231899999999999995e+00,9.502768582059749614e-01
2.231799999999999784e+00,9.684797828159695809e-01
2.231599999999999806e+00,9.005122682344615104e-01
2.231500000000000039e+00,8.379515381857182144e-01
2.231399999999999828e+00,7.349829770705516019e-01
2.231199999999999850e+00,8.622552432777270681e-01
2.231100000000000083e+00,8.981370846914727979e-01
2.230700000000000127e+00,7.957218561826031600e-01
2.230599999999999916e+00,6.807648587433927645e-01
2.230100000000000193e+00,7.507280120811442581e-01
2.229900000000000215e+00,6.636384181923221659e-01
2.229800000000000004e+00,7.754296036162171557e-01
2.229400000000000048e+00,7.864188060649306422e-01
2.229200000000000070e+00,8.507159583042572804e-01
2.229099999999999859e+00,8.221661140231200093e-01
2.229000000000000092e+00,8.523182581420332138e-01
2.228899999999999881e+00,9.392277359781403545e-01
2.228699999999999903e+00,7.395029530749691604e-01
2.228600000000000136e+00,7.786247806735279164e-01
2.228499999999999925e+00,8.548302129259693904e-01
2.228400000000000158e+00,9.417174945936489516e-01
2.228200000000000180e+00,9.116533952181066214e-01
2.228099999999999969e+00,9.496030116895419759e-01
2.228000000000000203e+00,8.100442573447108607e-01
2.227799999999999780e+00,9.329759734959599538e-01
2.227700000000000014e+00,7.858379684492523554e-01
2.227599999999999802e+00,9.085974184985974311e-01
2.227399999999999824e+00,8.535986542768103646e-01
2.227199999999999847e+00,8.334565355904919315e-01
2.226900000000000102e+00,8.384218025526621876e-01
2.226799999999999891e+00,9.336092338848787087e-01
2.226599999999999913e+00,8.447888957071985061e-01
2.226399999999999935e+00,9.242555348921814851e-01
2.226199999999999957e+00,8.925759599631364338e-01
2.225900000000000212e+00,8.556042103479398753e-01
2.225699999999999790e+00,8.536495018675316349e-01
2.225400000000000045e+00,9.673067735997340488e-01
2.225200000000000067e+00,9.595556575876795780e-01
2.224899999999999878e+00,6.691004450535067427e-01
2.224800000000000111e+00,8.664770964636123729e-01
2.224600000000000133e+00,1.019680520720177341e+00
2.224400000000000155e+00,9.984976514437228223e-01
2.224200000000000177e+00,9.590217378150495131e-01
2.224000000000000199e+00,9.714828568086614213e-01
2.223700000000000010e+00,8.877580388172434667e-01
2.223399999999999821e+00,9.519624609289136785e-01
2.222999999999999865e+00,8.820856564107498743e-01
2.222500000000000142e+00,8.638336919312810114e-01
2.222399999999999931e+00,7.960515298158742370e-01
2.221999999999999975e+00,7.503571985596757532e-01
2.221799999999999997e+00,8.381073084683283714e-01
2.221600000000000019e+00,8.869401790720377043e-01
2.221099999999999852e+00,8.021772168765977096e-01
2.221000000000000085e+00,8.095765898335702815e-01
2.220899999999999874e+00,8.834574700109648626e-01
2.220600000000000129e+00,8.291484437443832345e-01
2.220000000000000195e+00,8.883346842463932802e-01
2.219800000000000217e+00,9.066711501141272445e-01
2.219599999999999795e+00,8.239873782065962882e-01
2.219500000000000028e+00,9.197980577044760908e-01
2.219100000000000072e+00,9.865917599605200650e-01
2.218799999999999883e+00,7.530606399186456912e-01
2.218300000000000161e+00,9.300523797537741943e-01
2.218100000000000183e+00,7.955285981914826943e-01
2.217799999999999994e+00,8.812963699634385195e-01
2.217499999999999805e+00,8.785940498817583766e-01
2.217400000000000038e+00,8.983714822816991630e-01
2.217200000000000060e+00,8.118813788425203182e-01
2.216299999999999937e+00,7.937661059092410154e-01
2.216099999999999959e+00,8.900769580997072161e-01
2.215599999999999792e+00,9.047592339129877370e-01
2.215399999999999814e+00,9.076264720212119386e-01
2.215100000000000069e+00,9.092253699977299597e-01
2.214700000000000113e+00,8.872020797965827210e-01
2.214500000000000135e+00,8.622618262480938878e-01
2.214300000000000157e+00,1.044091385279596995e+00
2.213900000000000201e+00,9.662222403553598626e-01
2.213699999999999779e+00,9.505111029351441809e-01
2.213600000000000012e+00,1.043715989150918011e+00
2.213200000000000056e+00,8.079724098352704109e-01
2.212600000000000122e+00,9.662960478847189005e-01
2.212400000000000144e+00,9.599954426135238750e-01
2.212299999999999933e+00,1.085613815777347613e+00
2.212200000000000166e+00,9.115106374238922671e-01
2.211699999999999999e+00,8.859131863034330756e-01
2.211599999999999788e+00,9.709426715252649220e-01
2.211199999999999832e+00,9.509250810593207204e-01
2.210100000000000176e+00,9.343676767093953561e-01
2.209600000000000009e+00,9.880694084805561328e-01
2.209499999999999797e+00,9.256205458040358547e-01
2.209400000000000031e+00,1.038089745957100574e+00
2.208699999999999886e+00,9.859452977448168731e-01
2.208600000000000119e+00,1.134041273267993866e+00
2.208099999999999952e+00,1.042201333645298433e+00
2.207800000000000207e+00,9.879167957618263385e-01
2.207699999999999996e+00,8.972231337637734949e-01
2.207399999999999807e+00,8.500190721843526864e-01
2.207100000000000062e+00,1.001402569451685709e+00
2.206700000000000106e+00,9.753689836732373220e-01
2.205999999999999961e+00,1.020187447428686722e+00
2.205700000000000216e+00,9.911537904252858411e-01
2.205200000000000049e+00,1.099156567679025809e+00
2.204600000000000115e+00,1.106208626975180964e+00
2.204200000000000159e+00,1.013692924885668090e+00
2.203899999999999970e+00,1.068770731848123878e+00
2.203699999999999992e+00,9.484368934969088505e-01
2.203300000000000036e+00,9.360623952651623281e-01
2.202700000000000102e+00,9.714834350758698722e-01
2.202199999999999935e+00,9.098669910121217619e-01
2.201999999999999957e+00,1.010909957814987825e+00
2.201799999999999979e+00,1.015939898750106041e+00
2.201700000000000212e+00,1.021336394434017913e+00
2.201200000000000045e+00,9.829542556240646878e-01
2.200899999999999856e+00,1.021312569548463944e+00
2.200600000000000112e+00,1.083852185481976704e+00
2.200299999999999923e+00,9.101720740106560292e-01
2.200000000000000178e+00,1.087120983078899927e+00
2.199600000000000222e+00,9.972615199214073245e-01
2.199500000000000011e+00,8.759205459377485958e-01
2.199100000000000055e+00,1.014873767127191018e+00
2.198999999999999844e+00,9.334897075915018494e-01
2.198700000000000099e+00,8.274924652576682860e-01
2.198199999999999932e+00,1.007369002129030688e+00
2.198100000000000165e+00,8.550075520936256668e-01
2.197799999999999976e+00,1.026442764723821455e+00
2.197700000000000209e+00,9.030144447050824086e-01
2.197400000000000020e+00,9.555615255369721561e-01
2.196800000000000086e+00,1.025957559264417007e+00
2.196699999999999875e+00,1.073164768878448472e+00
2.196600000000000108e+00,1.036737955938289657e+00
2.196400000000000130e+00,1.083444215156225576e+00
2.196099999999999941e+00,1.127627856734297218e+00
2.196000000000000174e+00,1.083281347416271245e+00
2.195800000000000196e+00,9.524373032163656605e-01
2.195699999999999985e+00,1.063620514811774331e+00
2.195600000000000218e+00,1.004755116074031784e+00
2.195500000000000007e+00,8.493625486367604172e-01
2.195399999999999796e+00,8.597624656197372373e-01
2.192800000000000082e+00,9.524919048607520811e-01
2.190399999999999903e+00,9.916105110279426205e-01
2.189900000000000180e+00,1.098402803336676836e+00
2.185299999999999798e+00,9.495556646942938661e-01
2.183899999999999952e+00,1.071519922435457906e+00
2.182599999999999874e+00,9.198340346805617962e-01
2.181000000000000050e+00,1.173543273147708454e+00
2.179899999999999949e+00,1.110576470835476837e+00
2.174300000000000122e+00,1.131025436918765781e+00
2.172099999999999920e+00,9.640572953127646283e-01
2.171499999999999986e+00,1.072389194778627264e+00
2.168499999999999872e+00,1.071400572716981525e+00
2.166500000000000092e+00,9.642212277247673713e-01
2.162500000000000089e+00,1.042050340017974808e+00
2.160899999999999821e+00,1.038389050141141912e+00
2.159600000000000186e+00,1.221630563396844504e+00
2.156600000000000072e+00,1.219707352025263480e+00
2.153500000000000192e+00,1.221844780692309174e+00
2.148099999999999898e+00,1.145972311531948229e+00
2.147899999999999920e+00,1.215650676439101296e+00
2.147100000000000009e+00,1.104056550318630148e+00
2.146999999999999797e+00,1.172265562772272007e+00
2.145900000000000141e+00,1.213043333127446166e+00
2.144600000000000062e+00,1.160027421766990363e+00
2.144000000000000128e+00,1.143631932949001895e+00
2.142999999999999794e+00,1.173103181217622470e+00
2.141599999999999948e+00,1.255289847483433752e+00
2.140000000000000124e+00,1.109859417328627806e+00
2.139299999999999979e+00,1.241325335263159024e+00
2.138900000000000023e+00,1.185542101964694783e+00
2.137799999999999923e+00,1.236957337740537177e+00
2.136099999999999888e+00,1.281049172375918532e+00
2.135899999999999910e+00,1.182927308952808065e+00
2.134599999999999831e+00,1.133880509305781992e+00
2.133999999999999897e+00,1.165710586011753369e+00
2.132600000000000051e+00,1.199004480288440977e+00
2.131499999999999950e+00,1.127571570159937364e+00
2.125599999999999934e+00,1.103276371702214487e+00
2.125000000000000000e+00,1.283158202769734579e+00
2.124899999999999789e+00,1.244985680060213484e+00
2.123400000000000176e+00,1.144665530050832603e+00
2.122700000000000031e+00,1.231104379482549804e+00
2.120699999999999807e+00,1.246005690931466292e+00
2.119899999999999896e+00,1.230815253702461476e+00
2.117999999999999883e+00,1.148458254300252612e+00
2.117900000000000116e+00,1.366729801718057136e+00
2.117100000000000204e+00,1.283609079120052288e+00
2.112699999999999800e+00,1.050202765195355159e+00
2.112499999999999822e+00,1.277588954269777366e+00
2.111800000000000122e+00,1.279621228083508644e+00
2.109900000000000109e+00,1.232109406628864701e+00
2.109199999999999964e+00,1.395063411272802423e+00
2.108099999999999863e+00,1.417201731462522485e+00
2.106700000000000017e+00,1.390115890119534514e+00
2.103699999999999903e+00,1.491387179914944294e+00
2.102199999999999847e+00,1.182063237681330037e+00
2.102100000000000080e+00,1.407552148738767217e+00
2.100999999999999979e+00,1.317207027434503352e+00
2.099899999999999878e+00,1.297639347137835575e+00
2.097900000000000098e+00,1.278347240631690696e+00
2.096900000000000208e+00,1.180897009598214753e+00
2.096099999999999852e+00,1.342784958655637073e+00
2.095200000000000173e+00,1.403316116015910442e+00
2.094100000000000072e+00,1.213306490347940247e+00
2.092400000000000038e+00,1.220970934401148567e+00
2.091499999999999915e+00,1.182736722492305770e+00
2.090899999999999981e+00,1.385355555113664705e+00
2.090700000000000003e+00,1.290035867890573673e+00
2.087600000000000122e+00,1.332197578761927570e+00
2.086599999999999788e+00,1.353338247494194402e+00
2.086199999999999832e+00,1.275489793837319974e+00
2.084700000000000220e+00,1.233837158537334000e+00
2.081900000000000084e+00,1.301272385547270316e+00
2.081500000000000128e+00,1.328156595776456506e+00
2.081399999999999917e+00,1.363468146564454697e+00
2.080999999999999961e+00,1.399408004063191990e+00
2.080900000000000194e+00,1.335311125320350012e+00
2.080700000000000216e+00,1.322419661371147193e+00
2.080600000000000005e+00,1.366551152218436371e+00
2.079400000000000137e+00,1.316092655706708969e+00
2.079099999999999948e+00,1.334061484542167886e+00
2.078899999999999970e+00,1.461579922792856978e+00
2.078199999999999825e+00,1.316615543186291148e+00
2.078100000000000058e+00,1.361190977224903342e+00
2.077900000000000080e+00,1.410568324205531354e+00
2.077700000000000102e+00,1.395558875175260338e+00
2.077100000000000168e+00,1.437795209840390331e+00
2.075800000000000090e+00,1.230423218480294123e+00
2.075600000000000112e+00,1.328260349037734045e+00
2.075200000000000156e+00,1.315379259903080245e+00
2.074399999999999800e+00,1.294846824003402563e+00
2.074300000000000033e+00,1.293844986768617034e+00
2.074199999999999822e+00,1.387101106600264977e+00
2.073300000000000143e+00,1.442725953573319897e+00
2.073199999999999932e+00,1.301880777885080942e+00
2.072400000000000020e+00,1.346226216985841440e+00
2.072299999999999809e+00,1.370528595371050429e+00
2.072099999999999831e+00,1.333954191631674169e+00
2.070600000000000218e+00,1.234452084349513923e+00
2.070399999999999796e+00,1.320852261365353719e+00
2.069999999999999840e+00,1.455480002574612630e+00
2.069500000000000117e+00,1.362996850355017386e+00
2.069399999999999906e+00,1.294056311153951588e+00
2.069100000000000161e+00,1.412222382694578560e+00
2.068999999999999950e+00,1.486824224817499207e+00
2.068200000000000038e+00,1.353690638815439273e+00
2.067499999999999893e+00,1.334919097772252483e+00
2.066600000000000215e+00,1.332353605362334603e+00
2.066399999999999793e+00,1.467409064814014563e+00
2.065999999999999837e+00,1.372735941044568531e+00
2.065799999999999859e+00,1.482411608815046522e+00
2.065700000000000092e+00,1.441607942974897139e+00
2.065300000000000136e+00,1.259016150242237009e+00
2.064400000000000013e+00,1.388913750284288096e+00
2.064099999999999824e+00,1.487393435210468517e+00
2.063800000000000079e+00,1.314444711689351175e+00
2.063699999999999868e+00,1.403963094083558127e+00
2.063499999999999890e+00,1.473976721688783575e+00
2.063200000000000145e+00,1.350138454804354682e+00
2.062899999999999956e+00,1.449382515516031589e+00
2.062399999999999789e+00,1.471409361406342153e+00
2.062199999999999811e+00,1.387109272874085475e+00
2.061799999999999855e+00,1.466081537499115628e+00
2.061599999999999877e+00,1.470010833406250939e+00
2.061500000000000110e+00,1.357539550809506945e+00
2.061300000000000132e+00,1.397008271395751233e+00
2.061100000000000154e+00,1.400045849848322810e+00
2.060999999999999943e+00,1.424589488223642508e+00
2.060400000000000009e+00,1.426264887497384670e+00
2.057199999999999918e+00,1.545649228420781895e+00
2.056000000000000050e+00,1.443611570202656846e+00
2.055600000000000094e+00,1.304694327974777801e+00
2.054899999999999949e+00,1.350648590418661366e+00
2.052700000000000191e+00,1.298972674639107483e+00
2.051499999999999879e+00,1.350560326950078771e+00
2.051099999999999923e+00,1.471974750830596479e+00
2.049799999999999844e+00,1.350950621021446141e+00
2.044599999999999973e+00,1.449348427022805641e+00
2.043800000000000061e+00,1.335304127021621268e+00
2.043000000000000149e+00,1.427108755569852949e+00
2.040799999999999947e+00,1.396367943224969377e+00
2.039000000000000146e+00,1.406501303748575848e+00
2.037900000000000045e+00,1.327873386645743503e+00
2.034600000000000186e+00,1.307147639042615550e+00
2.032200000000000006e+00,1.384633186931726767e+00
2.032000000000000028e+00,1.554267663701671465e+00
2.031800000000000050e+00,1.469012971038949456e+00
2.029599999999999849e+00,1.339171811707250193e+00
2.029500000000000082e+00,1.325845366438420436e+00
2.028700000000000170e+00,1.582068400084353454e+00
2.026800000000000157e+00,1.397364459087071964e+00
2.024599999999999955e+00,1.497527701836785186e+00
2.023499999999999854e+00,1.574959461589104492e+00
2.022200000000000220e+00,1.566719487183960924e+00
2.021900000000000031e+00,1.479175154415861337e+00
2.021100000000000119e+00,1.501719579215156974e+00
2.019600000000000062e+00,1.457462678491894259e+00
2.018899999999999917e+00,1.544935378971698636e+00
2.018400000000000194e+00,1.641496331503296213e+00
2.017599999999999838e+00,1.519683196301701456e+00
2.017300000000000093e+00,1.545715073345433455e+00
2.015899999999999803e+00,1.629335025507636869e+00
2.014499999999999957e+00,1.592809250622589268e+00
2.013300000000000090e+00,1.638376864677125511e+00
2.012500000000000178e+00,1.436845456599753712e+00
2.012399999999999967e+00,1.485607493145746361e+00
2.012300000000000200e+00,1.578792269050447672e+00
2.011600000000000055e+00,1.387311810827507985e+00
2.011400000000000077e+00,1.525390521343178429e+00
2.011200000000000099e+00,1.458920713684301651e+00
2.010899999999999910e+00,1.617409016542795008e+00
2.009399999999999853e+00,1.466061686793401098e+00
2.005399999999999849e+00,1.506423617107181201e+00
2.004399999999999959e+00,1.546275610092486597e+00
1.993999999999999995e+00,1.492378614880752963e+00
1.988799999999999901e+00,1.452865254111552318e+00
1.982099999999999973e+00,1.615130715446316145e+00
1.978299999999999947e+00,1.383045149590776735e+00
1.977800000000000002e+00,1.492178526020255358e+00
1.973100000000000076e+00,1.454363626015621414e+00
1.964199999999999946e+00,1.604443025668249367e+00
1.962699999999999889e+00,1.449222237040991068e+00
1.957500000000000018e+00,1.498964365824386524e+00
1.952299999999999924e+00,1.415473489419557307e+00
1.951999999999999957e+00,1.612077709159474237e+00
1.950499999999999901e+00,1.595490890183778987e+00
1.948099999999999943e+00,1.581932898487951933e+00
1.945799999999999974e+00,1.596322493488400163e+00
1.942099999999999937e+00,1.561879821856092310e+00
1.937000000000000055e+00,1.539377992352142899e+00
1.931999999999999940e+00,1.554947240729048774e+00
1.923899999999999944e+00,1.652366517567328108e+00
1.922199999999999909e+00,1.615033402827675824e+00
1.921999999999999931e+00,1.477992611091313968e+00
1.917100000000000026e+00,1.580543778097187602e+00
1.912099999999999911e+00,1.618855344172418720e+00
1.911200000000000010e+00,1.566857048017952003e+00
1.909299999999999997e+00,1.573518325650395067e+00
1.909100000000000019e+00,1.541343624827679726e+00
1.908199999999999896e+00,1.600674357442668949e+00
1.907899999999999929e+00,1.533478298047872501e+00
1.906500000000000083e+00,1.466235868546449828e+00
1.905100000000000016e+00,1.545373060742646132e+00
1.904400000000000093e+00,1.610827551320592077e+00
1.903499999999999970e+00,1.646725249358511167e+00
1.902400000000000091e+00,1.476358319972993050e+00
1.902300000000000102e+00,1.577161079207960226e+00
1.901000000000000023e+00,1.431842802052194719e+00
1.899699999999999944e+00,1.398794866841121642e+00
1.899199999999999999e+00,1.614226815128006587e+00
1.898200000000000109e+00,1.593585572666998740e+00
1.898099999999999898e+00,1.515623283914174113e+00
1.897999999999999909e+00,1.688604042011498274e+00
1.897299999999999986e+00,1.434224082661698318e+00
1.896700000000000053e+00,1.482781214418287696e+00
1.896600000000000064e+00,1.653679852179137821e+00
1.896300000000000097e+00,1.507761838063625293e+00
1.896099999999999897e+00,1.445440832570539458e+00
1.895999999999999908e+00,1.524577179189742004e+00
1.895699999999999941e+00,1.577894698411019814e+00
1.894600000000000062e+00,1.674109972158669635e+00
1.891999999999999904e+00,1.604145569507158031e+00
1.890700000000000047e+00,1.581871535122694628e+00
1.889499999999999957e+00,1.617821473793700671e+00
1.887399999999999967e+00,1.518578644897367713e+00
1.887199999999999989e+00,1.676358710138003305e+00
1.885599999999999943e+00,1.753163973906152195e+00
1.882200000000000095e+00,1.603652235018879990e+00
1.880300000000000082e+00,1.653933075081766901e+00
1.878300000000000081e+00,1.601818608315281445e+00
1.876500000000000057e+00,1.543243021159042883e+00
1.876300000000000079e+00,1.612890592388258826e+00
1.875399999999999956e+00,1.518050781013774442e+00
1.872400000000000064e+00,1.535041940359770152e+00
1.870700000000000029e+00,1.652853350441862323e+00
1.867299999999999960e+00,1.502210111276221172e+00
1.865799999999999903e+00,1.499387556063835225e+00
1.864300000000000068e+00,1.599943816821096432e+00
1.861099999999999977e+00,1.472966466101264471e+00
1.859499999999999931e+00,1.589904915990768997e+00
1.857900000000000107e+00,1.612153077742550122e+00
1.857699999999999907e+00,1.598418751441819330e+00
1.856000000000000094e+00,1.638529797312170855e+00
1.852700000000000014e+00,1.568508544978405972e+00
1.850999999999999979e+00,1.431520024999886287e+00
1.849900000000000100e+00,1.566228068957450148e+00
1.849499999999999922e+00,1.405098766978432501e+00
1.848000000000000087e+00,1.512324927324497414e+00
1.845399999999999929e+00,1.609902719587087638e+00
1.844300000000000050e+00,1.558247941674424597e+00
1.843699999999999894e+00,1.594631881655494299e+00
1.843199999999999950e+00,1.536798487932530044e+00
1.840899999999999981e+00,1.528622788584711678e+00
1.840799999999999992e+00,1.533084878031863107e+00
1.839499999999999913e+00,1.471158191316407349e+00
1.837599999999999900e+00,1.535095800893424789e+00
1.837099999999999955e+00,1.447727237729665273e+00
1.835800000000000098e+00,1.601081179537777732e+00
1.835700000000000109e+00,1.495389958669750996e+00
1.834799999999999986e+00,1.571241837842064060e+00
1.834500000000000020e+00,1.605218582439917663e+00
1.833499999999999908e+00,1.623516756876774991e+00
1.833299999999999930e+00,1.526525597696139824e+00
1.832600000000000007e+00,1.507762378617685028e+00
1.830899999999999972e+00,1.528144765088924828e+00
1.829700000000000104e+00,1.499670043617756798e+00
1.827099999999999946e+00,1.477397020424251028e+00
1.825800000000000090e+00,1.386705814913295143e+00
1.824400000000000022e+00,1.380894538049234122e+00
1.821299999999999919e+00,1.348978724842551324e+00
1.819600000000000106e+00,1.499896363128718546e+00
1.817800000000000082e+00,1.387338699954977717e+00
1.814200000000000035e+00,1.441791492445311462e+00
1.812300000000000022e+00,1.568000968660623773e+00
1.810499999999999998e+00,1.450567121398602888e+00
1.806999999999999940e+00,1.388495141934481536e+00
1.805299999999999905e+00,1.333944607425589179e+00
1.803700000000000081e+00,1.412055779631288921e+00
1.802000000000000046e+00,1.461920142213808615e+00
1.798599999999999977e+00,1.329155261820241130e+00
1.796999999999999931e+00,1.368966473671781703e+00
1.793600000000000083e+00,1.353445813299415601e+00
1.793099999999999916e+00,1.386901865238054254e+00
1.792899999999999938e+00,1.462078221447539406e+00
1.792599999999999971e+00,1.424786751074314628e+00
1.792399999999999993e+00,1.397873296262678533e+00
1.792200000000000015e+00,1.392474235872940502e+00
1.792000000000000037e+00,1.269653914233968894e+00
1.791900000000000048e+00,1.399586721805359701e+00
1.791700000000000070e+00,1.455832478454172740e+00
1.791299999999999892e+00,1.330575406788790715e+00
1.790999999999999925e+00,1.409546319684155335e+00
1.790599999999999969e+00,1.402152279510703092e+00
1.790000000000000036e+00,1.351350229916118639e+00
1.789700000000000069e+00,1.318932412502395124e+00
1.789400000000000102e+00,1.490159995744342547e+00
1.789299999999999891e+00,1.289686664298229202e+00
1.788799999999999946e+00,1.309976699899028540e+00
1.788499999999999979e+00,1.470631830796913952e+00
1.787900000000000045e+00,1.404370492316502128e+00
1.787800000000000056e+00,1.526732120480430499e+00
1.787400000000000100e+00,1.410293683520944752e+00
1.787099999999999911e+00,1.324058772306669463e+00
1.786799999999999944e+00,1.324850285410340112e+00
1.786299999999999999e+00,1.378395819168990677e+00
1.786100000000000021e+00,1.393266272948102236e+00
1.785900000000000043e+00,1.229593493371969437e+00
1.785700000000000065e+00,1.248126948250136925e+00
1.785500000000000087e+00,1.311209835701959703e+00
1.784999999999999920e+00,1.290234086297886718e+00
1.784699999999999953e+00,1.444191570229916177e+00
1.784200000000000008e+00,1.266919668389734133e+00
1.784100000000000019e+00,1.495879929316098256e+00
1.783800000000000052e+00,1.440244122173032437e+00
1.783500000000000085e+00,1.516698452513030926e+00
1.782799999999999940e+00,1.400204320642015166e+00
1.782599999999999962e+00,1.365721184759961071e+00
1.782499999999999973e+00,1.362367006879899201e+00
1.781900000000000039e+00,1.463066677353380696e+00
1.781600000000000072e+00,1.475571548276415790e+00
1.781500000000000083e+00,1.382747065503935779e+00
1.780899999999999928e+00,1.415752969976917575e+00
1.780699999999999950e+00,1.269688569368546904e+00
1.780299999999999994e+00,1.384639116580252516e+00
1.780000000000000027e+00,1.434024734327850936e+00
1.779900000000000038e+00,1.223932051090236728e+00
1.779600000000000071e+00,1.327547397696540621e+00
1.778999999999999915e+00,1.277333766938615334e+00
1.778699999999999948e+00,1.268016967074809376e+00
1.778399999999999981e+00,1.356255712579943706e+00
1.777700000000000058e+00,1.424574500944776556e+00
1.777300000000000102e+00,1.319586588398574012e+00
1.776999999999999913e+00,1.303331802221356694e+00
1.776299999999999990e+00,1.306600764492630518e+00
1.776200000000000001e+00,1.296294958588479318e+00
1.775900000000000034e+00,1.429951319184032066e+00
1.775600000000000067e+00,1.386285562991491194e+00
1.775099999999999900e+00,1.309507935301577275e+00
1.774999999999999911e+00,1.347920380274838292e+00
1.774699999999999944e+00,1.422721899085443331e+00
1.774399999999999977e+00,1.388694482323034940e+00
1.774199999999999999e+00,1.244345364696808343e+00
1.773900000000000032e+00,1.351275366121614585e+00
1.773600000000000065e+00,1.310770644808497476e+00
1.773200000000000109e+00,1.194661833668619888e+00
1.772499999999999964e+00,1.477575919175792896e+00
1.772199999999999998e+00,1.207825226681204178e+00
1.771800000000000042e+00,1.377375571265122112e+00
1.771400000000000086e+00,1.317496388598179191e+00
1.770799999999999930e+00,1.360561627905976900e+00
1.770399999999999974e+00,1.281909741439584582e+00
1.769900000000000029e+00,1.337432115524565202e+00
1.769500000000000073e+00,1.288098439932317651e+00
1.769300000000000095e+00,1.283381988121182093e+00
1.768499999999999961e+00,1.373360157264601256e+00
1.768299999999999983e+00,1.164300807408695571e+00
1.767900000000000027e+00,1.330388056613139636e+00
1.767500000000000071e+00,1.329743284022872452e+00
1.767400000000000082e+00,1.307216247333365500e+00
1.767200000000000104e+00,1.397722407470939565e+00
1.766499999999999959e+00,1.292357261421274384e+00
1.766299999999999981e+00,1.139449011194285877e+00
1.766199999999999992e+00,1.270138108255044251e+00
1.766000000000000014e+00,1.228743506458910506e+00
1.765500000000000069e+00,1.245616977734505859e+00
1.765400000000000080e+00,1.249529197297396310e+00
1.764999999999999902e+00,1.237760052550263667e+00
1.764399999999999968e+00,1.336024241903842391e+00
1.764100000000000001e+00,1.336129904492156628e+00
1.763400000000000079e+00,1.317941319825110424e+00
1.763099999999999890e+00,1.404688106012089044e+00
1.762399999999999967e+00,1.314843064049390442e+00
1.762000000000000011e+00,1.317978719835716239e+00
1.761700000000000044e+00,1.243132563894834508e+00
1.761300000000000088e+00,1.296800498182173245e+00
1.760799999999999921e+00,1.293118623606464457e+00
1.760699999999999932e+00,1.262312934552194177e+00
1.760399999999999965e+00,1.211916499948163084e+00
1.760000000000000009e+00,1.188513262868028164e+00
1.759800000000000031e+00,1.261567216503598043e+00
1.759300000000000086e+00,1.222380660016123777e+00
1.759200000000000097e+00,1.317790442038023535e+00
1.758999999999999897e+00,1.246899681171548924e+00
1.758699999999999930e+00,1.296944408735959620e+00
1.758000000000000007e+00,1.259248824468477190e+00
1.757900000000000018e+00,1.316998586952354611e+00
1.757500000000000062e+00,1.245619666485377142e+00
1.757200000000000095e+00,1.241371445482707836e+00
1.756999999999999895e+00,1.297779306406662947e+00
1.756299999999999972e+00,1.271345346821883826e+00
1.756000000000000005e+00,1.257111114893669335e+00
1.755800000000000027e+00,1.372690579779824116e+00
1.755100000000000104e+00,1.232186212371966905e+00
1.754699999999999926e+00,1.150519764611755091e+00
1.754299999999999971e+00,1.311877676985970353e+00
1.754199999999999982e+00,1.206536824195896695e+00
1.753600000000000048e+00,1.290377868930821847e+00
1.753300000000000081e+00,1.221451763025547477e+00
1.752899999999999903e+00,1.226053369103152102e+00
1.752599999999999936e+00,1.154384151170421369e+00
1.752399999999999958e+00,1.318690058986667024e+00
1.751900000000000013e+00,1.156047038284625739e+00
1.751700000000000035e+00,1.243408682522276099e+00
1.751400000000000068e+00,1.272084044923703416e+00
1.751200000000000090e+00,1.186936664069465630e+00
1.750599999999999934e+00,1.330432584793934891e+00
1.750299999999999967e+00,1.413163710229682568e+00
1.749700000000000033e+00,1.194733267680103683e+00
1.749600000000000044e+00,1.356533385114214951e+00
1.749200000000000088e+00,1.339135779674077043e+00
1.748799999999999910e+00,1.284117892768992020e+00
1.748499999999999943e+00,1.366067588449374703e+00
1.748199999999999976e+00,1.330664882574945862e+00
1.747700000000000031e+00,1.295506746029628786e+00
1.747300000000000075e+00,1.307449216895149924e+00
1.747000000000000108e+00,1.310670892970891455e+00
1.746899999999999897e+00,1.279857031871202366e+00
1.746399999999999952e+00,1.307641134115460124e+00
1.745999999999999996e+00,1.301813512469447653e+00
1.745700000000000029e+00,1.321893268676176181e+00
1.745400000000000063e+00,1.332148522626905418e+00
1.745200000000000085e+00,1.297905199790835074e+00
1.745000000000000107e+00,1.204804439846034914e+00
1.744599999999999929e+00,1.156026128417992460e+00
1.744299999999999962e+00,1.176550233075376983e+00
1.744199999999999973e+00,1.279622833526977699e+00
1.743700000000000028e+00,1.322929790298788655e+00
1.743100000000000094e+00,1.266445261973066172e+00
1.742899999999999894e+00,1.325198102599279393e+00
1.742699999999999916e+00,1.329251518266197252e+00
1.742399999999999949e+00,1.295802374359691145e+00
1.741900000000000004e+00,1.264506832689311855e+00
1.741800000000000015e+00,1.332585978576581676e+00
1.741200000000000081e+00,1.263406621763562443e+00
1.740799999999999903e+00,1.253811087590164686e+00
1.740599999999999925e+00,1.289747722761375837e+00
1.740499999999999936e+00,1.253844903169667901e+00
1.740299999999999958e+00,1.175388513183911465e+00
1.739900000000000002e+00,1.189084800312916634e+00
1.739500000000000046e+00,1.215300295743723780e+00
1.739100000000000090e+00,1.140960545525405934e+00
1.738899999999999890e+00,1.214503467093092093e+00
1.738499999999999934e+00,1.261017953037464556e+00
1.738399999999999945e+00,1.237653788571223989e+00
1.738099999999999978e+00,1.208061442449677392e+00
1.737500000000000044e+00,1.168555344545092023e+00
1.737100000000000088e+00,1.053142361340589250e+00
1.736699999999999910e+00,1.135158871590994600e+00
1.736399999999999944e+00,1.128189843559602279e+00
1.735999999999999988e+00,1.213913804455797552e+00
1.735700000000000021e+00,1.214132978506320848e+00
1.735500000000000043e+00,1.226888949865546197e+00
1.735400000000000054e+00,1.280956985794806657e+00
1.735200000000000076e+00,1.033661160693144510e+00
1.734699999999999909e+00,1.192685373543368677e+00
1.734499999999999931e+00,1.236252966844118895e+00
1.734299999999999953e+00,1.170797963968850386e+00
1.734199999999999964e+00,1.246420426185591790e+00
1.733800000000000008e+00,1.235171059221686685e+00
1.733500000000000041e+00,1.168245671937483188e+00
1.733100000000000085e+00,1.246252225777216172e+00
1.732900000000000107e+00,1.113088810071171553e+00
1.732699999999999907e+00,1.246675046532447206e+00
1.732599999999999918e+00,1.229455021547944726e+00
1.732299999999999951e+00,1.256086318262000123e+00
1.732199999999999962e+00,1.156996463924728991e+00
1.731500000000000039e+00,1.023047946546468800e+00
1.731200000000000072e+00,1.070466516012169578e+00
1.730599999999999916e+00,1.052635692835955039e+00
1.730199999999999960e+00,1.168654767324129429e+00
1.729899999999999993e+00,1.045144223084642388e+00
1.729200000000000070e+00,1.139306648596707161e+00
1.728900000000000103e+00,1.182787753731956437e+00
1.728499999999999925e+00,1.251599857592360809e+00
1.727899999999999991e+00,1.180863074556372183e+00
1.727500000000000036e+00,1.132585925200848331e+00
1.727200000000000069e+00,1.158813850558187974e+00
1.726599999999999913e+00,9.456122919803376936e-01
1.726299999999999946e+00,1.036992899739429319e+00
1.725899999999999990e+00,9.927992833610316259e-01
1.725300000000000056e+00,9.047043212511568511e-01
1.725000000000000089e+00,9.058594737108676131e-01
1.724399999999999933e+00,1.106006906093949471e+00
1.724099999999999966e+00,1.128102672297813580e+00
1.723700000000000010e+00,1.053594873079259697e+00
1.723100000000000076e+00,1.060211392757415272e+00
1.722800000000000109e+00,1.147784669500596211e+00
1.722499999999999920e+00,1.121977289153183843e+00
1.721700000000000008e+00,9.704574904608430641e-01
1.721400000000000041e+00,1.122518337502622421e+00
1.720699999999999896e+00,1.026948070611318542e+00
1.720399999999999929e+00,1.137473114784862016e+00
1.719999999999999973e+00,9.546764418972598643e-01
1.719700000000000006e+00,1.041146525498307884e+00
1.719100000000000072e+00,1.009790381697930117e+00
1.718800000000000106e+00,1.012834831377873446e+00
1.718099999999999961e+00,9.927585548574757723e-01
1.717700000000000005e+00,1.118920366472830219e+00
1.717500000000000027e+00,1.066845681777905286e+00
1.716900000000000093e+00,1.076255420576557764e+00
1.716499999999999915e+00,1.089415006935972485e+00
1.716199999999999948e+00,1.119292467387060563e+00
1.715500000000000025e+00,9.843563000939969942e-01
1.715200000000000058e+00,7.689451636185874461e-01
1.714800000000000102e+00,1.093359481827045565e+00
1.713700000000000001e+00,1.071840125544797795e+00
1.713500000000000023e+00,8.751806028650492841e-01
1.712800000000000100e+00,1.013149452156955732e+00
1.712499999999999911e+00,1.085246505520224503e+00
1.712199999999999944e+00,9.531621795971605415e-01
1.711899999999999977e+00,1.051474865793565527e+00
1.711200000000000054e+00,1.147560758114896107e+00
1.710900000000000087e+00,1.042683135201501798e+00
1.710199999999999942e+00,8.595437760334189159e-01
1.709899999999999975e+00,9.550493627893431592e-01
1.709699999999999998e+00,9.549084619528587226e-01
1.709400000000000031e+00,9.695600634454168976e-01
1.708900000000000086e+00,8.961722993084709765e-01
1.708499999999999908e+00,8.671454677259410326e-01
1.707999999999999963e+00,7.994771012999856152e-01
1.707600000000000007e+00,8.546463673539568262e-01
1.707300000000000040e+00,7.925544961772529318e-01
1.706599999999999895e+00,9.077505806272430089e-01
1.706299999999999928e+00,1.022734080119696465e+00
1.705999999999999961e+00,9.482081056303923727e-01
1.705400000000000027e+00,1.004817513755931646e+00
1.705100000000000060e+00,8.712495964437183549e-01
1.704800000000000093e+00,8.368407011095750914e-01
1.704099999999999948e+00,9.496451174737657874e-01
1.703400000000000025e+00,9.477694659314368497e-01
1.703100000000000058e+00,8.805334622546435730e-01
1.702399999999999913e+00,7.326607449181441467e-01
1.702199999999999935e+00,9.136177546506009106e-01
1.701500000000000012e+00,8.554123694906774489e-01
1.701100000000000056e+00,8.138165743431547972e-01
1.700900000000000079e+00,9.049972472815505098e-01
1.700599999999999890e+00,8.181509831977317182e-01
1.699899999999999967e+00,8.477090425230461301e-01
1.699500000000000011e+00,9.827753266980487901e-01
1.699000000000000066e+00,9.011946028734257874e-01
1.698600000000000110e+00,8.878713589520297322e-01
1.698299999999999921e+00,8.774453863410851540e-01
1.697899999999999965e+00,9.918996730860427657e-01
1.697200000000000042e+00,8.727143737473352925e-01
1.696900000000000075e+00,9.536826191118217277e-01
1.696499999999999897e+00,8.571225389968594177e-01
1.695899999999999963e+00,8.818453245616232339e-01
1.695500000000000007e+00,8.455111668479244891e-01
1.694900000000000073e+00,8.118298647369521781e-01
1.694600000000000106e+00,7.715479307374324414e-01
1.693999999999999950e+00,7.352363871937321882e-01
1.693699999999999983e+00,1.024881223980235401e+00
1.693400000000000016e+00,7.802114315150556756e-01
1.692800000000000082e+00,7.169379428329479831e-01
1.692399999999999904e+00,7.479877224961413162e-01
1.692099999999999937e+00,7.450764556215204726e-01
1.691500000000000004e+00,6.656151331043032027e-01
1.691100000000000048e+00,6.199114701612926659e-01
1.690800000000000081e+00,6.753787303489731109e-01
1.690099999999999936e+00,5.677208489367202571e-01
1.689699999999999980e+00,6.112069383745234452e-01
1.689400000000000013e+00,6.663584818741679072e-01
1.688700000000000090e+00,7.174774823855666339e-01
1.688399999999999901e+00,6.264712822732880770e-01
1.688099999999999934e+00,8.393929236349961798e-01
1.687500000000000000e+00,6.706835320126857125e-01
1.687200000000000033e+00,6.870167734856352793e-01
1.686900000000000066e+00,6.310289174065591977e-01
1.686199999999999921e+00,7.486309208858294983e-01
1.685899999999999954e+00,7.327465810801070401e-01
1.685599999999999987e+00,8.035617354818294089e-01
1.685000000000000053e+00,6.454465532532149830e-01
1.684600000000000097e+00,7.262091160720531846e-01
1.683999999999999941e+00,7.215681840886355447e-01
1.683699999999999974e+00,6.513572011639968684e-01
1.683400000000000007e+00,6.961112619861126172e-01
1.682700000000000085e+00,5.401120310108593614e-01
1.682399999999999896e+00,6.398576282738016596e-01
1.682099999999999929e+00,7.136939604074701293e-01
1.681699999999999973e+00,6.946837975705180135e-01
1.681000000000000050e+00,7.020473701190195204e-01
1.680700000000000083e+00,8.155633172969057876e-01
1.679999999999999938e+00,7.636757097689329532e-01
1.679599999999999982e+00,6.736828204619710325e-01
1.679300000000000015e+00,5.831346840998175018e-01
1.678700000000000081e+00,5.516536138451890725e-01
1.678399999999999892e+00,4.612345778976824073e-01
1.678099999999999925e+00,4.618247296329751617e-01
1.677499999999999991e+00,5.757421048141129205e-01
1.677300000000000013e+00,6.947441418096722554e-01
1.677000000000000046e+00,7.310604139814519398e-01
1.676299999999999901e+00,5.995229354380064990e-01
1.675499999999999989e+00,7.479825881143327138e-01
1.674400000000000110e+00,6.029683316021230421e-01
1.674099999999999921e+00,8.157970839095702864e-01
1.673799999999999955e+00,6.284164476362714691e-01
1.673200000000000021e+00,5.885297326864262768e-01
1.672900000000000054e+00,7.359484234061020036e-01
1.672099999999999920e+00,7.450834448654263253e-01
1.671799999999999953e+00,6.547617481335137324e-01
1.671499999999999986e+00,5.837591670866670857e-01
1.671200000000000019e+00,5.515834294593686682e-01
1.670500000000000096e+00,5.556000888277610184e-01
1.670199999999999907e+00,5.933293316737718870e-01
1.669699999999999962e+00,5.307854972917518399e-01
1.669399999999999995e+00,5.766493692516485581e-01
1.669100000000000028e+00,6.019265585906035110e-01
1.668700000000000072e+00,6.238937003133493420e-01
1.668400000000000105e+00,6.815221345280071397e-01
1.667699999999999960e+00,4.808197597340642115e-01
1.667100000000000026e+00,6.484537256526770044e-01
1.666700000000000070e+00,5.529148450375033219e-01
1.666299999999999892e+00,5.536009831243887680e-01
1.665699999999999958e+00,5.276391532364060888e-01
1.665399999999999991e+00,4.251493402802376531e-01
1.664900000000000047e+00,5.791170247100920765e-01
1.664500000000000091e+00,6.008693997458514069e-01
1.664299999999999891e+00,6.644246958621181642e-01
1.663599999999999968e+00,4.688828887935807543e-01
1.663200000000000012e+00,3.591978559241287838e-01
1.662900000000000045e+00,3.446470688321483511e-01
1.662099999999999911e+00,5.289509398151599484e-01
1.661799999999999944e+00,5.433589808034010593e-01
1.661100000000000021e+00,5.861732996435484733e-01
1.660900000000000043e+00,4.555826730605685992e-01
1.660600000000000076e+00,3.968871057098005695e-01
1.659999999999999920e+00,4.652753599081529967e-01
1.659599999999999964e+00,4.982763647469641288e-01
1.659000000000000030e+00,4.169947283257091630e-01
1.658700000000000063e+00,4.531118116072804791e-01
1.657899999999999929e+00,4.916821962226355924e-01
1.657599999999999962e+00,4.608971583338651312e-01
1.657200000000000006e+00,3.990693460549122884e-01
1.656600000000000072e+00,3.656004920283250081e-01
1.656199999999999894e+00,2.556207379519719325e-01
1.655599999999999961e+00,4.465705474444858769e-01
1.655000000000000027e+00,4.065601124231266184e-01
1.654600000000000071e+00,5.868221788174650122e-01
1.653999999999999915e+00,5.116752018244006273e-01
1.653599999999999959e+00,5.917129059430925597e-01
1.652900000000000036e+00,4.225326826783580847e-01
1.652600000000000069e+00,5.412453431058104059e-01
1.651999999999999913e+00,4.266135268075552101e-01
1.651299999999999990e+00,3.508476581203477940e-01
1.651000000000000023e+00,4.971997152971620038e-01
1.650700000000000056e+00,5.122413408734961537e-01
1.650400000000000089e+00,3.269795857358502866e-01
1.649699999999999944e+00,3.730677485744120503e-01
1.649399999999999977e+00,3.293896558668151231e-01
1.649100000000000010e+00,2.109923120541951080e-01
1.648500000000000076e+00,2.466475797462640285e-01
1.648099999999999898e+00,2.709708852890492237e-01
1.647899999999999920e+00,4.011549574077163949e-01
1.647499999999999964e+00,3.091536125660564460e-01
1.647000000000000020e+00,3.214017531748269985e-01
1.646700000000000053e+00,1.976223642977288641e-01
1.646500000000000075e+00,2.928603372146648676e-01
1.645799999999999930e+00,3.875186159404270247e-01
1.645399999999999974e+00,3.339110182976230412e-01
1.645100000000000007e+00,1.483845858669605167e-01
1.644300000000000095e+00,3.201566452580573152e-01
1.643999999999999906e+00,4.658521440701647309e-01
1.643499999999999961e+00,4.647957226520255114e-01
1.642900000000000027e+00,3.437712770065423640e-01
1.642700000000000049e+00,3.448564832626496712e-01
1.641899999999999915e+00,3.407873384446771792e-01
1.641599999999999948e+00,3.276291365345018747e-01
1.641399999999999970e+00,2.407616113725419282e-01
1.641100000000000003e+00,2.121750757791765474e-01
1.640500000000000069e+00,4.278595512012886570e-01
1.639799999999999924e+00,3.273265066770433829e-01
1.639000000000000012e+00,2.205269816975101438e-01
1.638600000000000056e+00,2.617750003996305308e-01
1.638300000000000090e+00,3.401123025478791639e-01
1.637599999999999945e+00,2.863441219489414324e-01
1.637399999999999967e+00,1.538433339273899414e-01
1.636700000000000044e+00,5.088224348179237744e-02
1.636400000000000077e+00,1.190981021173889709e-01
1.635799999999999921e+00,1.686688850937104189e-01
1.635499999999999954e+00,2.498069307681205498e-01
1.634700000000000042e+00,1.106567762057704407e-01
1.634400000000000075e+00,1.332423761130942241e-01
1.633699999999999930e+00,1.778719165276831937e-01
1.633399999999999963e+00,5.806274522828641649e-02
1.632700000000000040e+00,2.483555968466749642e-02
1.632500000000000062e+00,1.294175401914121615e-02
1.632200000000000095e+00,-4.540810211867141177e-02
1.631599999999999939e+00,-3.529282953280976631e-02
1.631299999999999972e+00,-4.398948796960344687e-02
1.630900000000000016e+00,5.790566263465246610e-02
1.630300000000000082e+00,3.843112482007984831e-02
1.629999999999999893e+00,-1.095283087230308761e-01
1.629599999999999937e+00,-2.064113612565941780e-01
1.629299999999999971e+00,-1.618963629425491935e-01
1.628600000000000048e+00,-9.664583473633497901e-02
1.628400000000000070e+00,-4.956756911225074225e-02
1.627699999999999925e+00,1.227018527625092781e-02
1.627399999999999958e+00,-7.985244586516254683e-02
1.627099999999999991e+00,-1.480244433050940944e-01
1.626400000000000068e+00,-8.645552828159819292e-02
1.625999999999999890e+00,2.637357828742109556e-03
1.625699999999999923e+00,9.780041214380030823e-04
1.625000000000000000e+00,1.057379221244304779e-01
1.624700000000000033e+00,-2.606320582305976519e-02
1.624400000000000066e+00,-1.300069354445015923e-02
1.623799999999999910e+00,1.019137140967525668e-01
1.623399999999999954e+00,8.687854343020218195e-02
1.623099999999999987e+00,6.394549102207991442e-03
1.622800000000000020e+00,-3.055698834224934712e-02
1.622100000000000097e+00,-1.409706625265204349e-01
1.621799999999999908e+00,-8.244895395234652646e-02
1.621099999999999985e+00,-1.269584199424002302e-01
1.620800000000000018e+00,-9.225002318095226750e-02
1.620500000000000052e+00,7.026049688267643756e-02
1.619799999999999907e+00,-1.359650823229766048e-01
1.619499999999999940e+00,4.402973548863625686e-02
1.619299999999999962e+00,-6.304194513188920990e-02
1.618600000000000039e+00,-2.098121135026345674e-01
1.618300000000000072e+00,-2.087560541530301961e-01
1.617599999999999927e+00,-1.514855874407139424e-01
1.617299999999999960e+00,-2.032467148660802025e-01
1.616900000000000004e+00,-3.243223461509708860e-01
1.616500000000000048e+00,-1.633995689061598644e-01
1.615899999999999892e+00,-2.410095228842605575e-01
1.615599999999999925e+00,-1.446181443594089788e-01
1.614999999999999991e+00,-1.973498424863613654e-01
1.614600000000000035e+00,-1.621664906967419661e-01
1.614000000000000101e+00,-2.987351346138249486e-01
1.613699999999999912e+00,-2.418553288605594653e-01
1.612900000000000000e+00,-2.924158819293288802e-01
1.612600000000000033e+00,-2.087970318425877436e-01
1.612300000000000066e+00,-3.276309944696617626e-01
1.611599999999999921e+00,-2.014580445706092016e-01
1.611299999999999955e+00,-3.129286789285180559e-01
1.610899999999999999e+00,-3.776481149320512487e-01
1.610300000000000065e+00,-2.818399541795399421e-01
1.609900000000000109e+00,-1.889773166980669716e-01
1.609599999999999920e+00,-2.668290872686989168e-01
1.608999999999999986e+00,-2.489610734035009598e-01
1.608700000000000019e+00,-1.434887006909572882e-01
1.608100000000000085e+00,-4.059141009159044078e-01
1.607799999999999896e+00,-2.955106934844458078e-01
1.607499999999999929e+00,-3.798243385534985639e-01
1.606800000000000006e+00,-2.915316092703262862e-01
1.606500000000000039e+00,-3.136717729015047196e-01
1.606200000000000072e+00,-3.322939365162091985e-01
1.605599999999999916e+00,-3.799454586937179856e-01
1.605199999999999960e+00,-3.954445316686761025e-01
1.604899999999999993e+00,-5.438625621172026303e-01
1.604200000000000070e+00,-4.097127877191256151e-01
1.603900000000000103e+00,-3.763824590389402980e-01
1.603499999999999925e+00,-3.902221049798329511e-01
1.602800000000000002e+00,-3.810228655952603294e-01
1.602500000000000036e+00,-3.266548834460550332e-01
1.602200000000000069e+00,-3.526294284482422992e-01
1.601599999999999913e+00,-3.858901888366753075e-01
1.601299999999999946e+00,-4.937664691402610107e-01
1.600999999999999979e+00,-5.697020396956513633e-01
1.600400000000000045e+00,-6.202283193383963944e-01
1.600000000000000089e+00,-5.187958103671299614e-01
1.599699999999999900e+00,-4.411187635217431180e-01
1.599299999999999944e+00,-5.692054210464092545e-01
1.598700000000000010e+00,-4.892808028083076022e-01
1.598400000000000043e+00,-5.964548896106314224e-01
1.598000000000000087e+00,-5.455570231237792944e-01
1.597399999999999931e+00,-4.763283580910999682e-01
1.597099999999999964e+00,-6.355030707690285663e-01
1.596700000000000008e+00,-5.982307818401706445e-01
1.596000000000000085e+00,-6.959945728104294238e-01
1.595699999999999896e+00,-6.525687559441085694e-01
1.595299999999999940e+00,-6.695160102938857438e-01
1.594700000000000006e+00,-6.864998959931790656e-01
1.594400000000000039e+00,-6.549550937581805066e-01
1.594100000000000072e+00,-7.901273299262823180e-01
1.593399999999999928e+00,-7.592090391219524781e-01
1.593099999999999961e+00,-7.585768381214614831e-01
1.592300000000000049e+00,-7.367079145264437967e-01
1.591900000000000093e+00,-7.504577851128249044e-01
1.591599999999999904e+00,-8.427090082092046908e-01
1.590899999999999981e+00,-7.255732616036694171e-01
1.590600000000000014e+00,-7.110321281208510369e-01
1.590300000000000047e+00,-8.097557585774739497e-01
1.590000000000000080e+00,-8.529261475571404683e-01
1.589399999999999924e+00,-1.002805983435234971e+00
1.589099999999999957e+00,-9.365535613613251709e-01
1.588500000000000023e+00,-9.863267809447940904e-01
1.588200000000000056e+00,-9.104298187211263826e-01
1.587800000000000100e+00,-8.382353761708649653e-01
1.587099999999999955e+00,-8.379093818902498825e-01
1.586899999999999977e+00,-9.340503567898360560e-01
1.586500000000000021e+00,-9.383909055257245724e-01
1.586200000000000054e+00,-1.037128274259877081e+00
1.585499999999999909e+00,-8.711614929469112534e-01
1.585199999999999942e+00,-9.018004140114860290e-01
1.584899999999999975e+00,-9.626365160804797316e-01
1.584300000000000042e+00,-9.900641230258313552e-01
1.583900000000000086e+00,-9.565916907722932239e-01
1.583499999999999908e+00,-9.446624323965548964e-01
1.582799999999999985e+00,-1.011293699615216424e+00
1.582500000000000018e+00,-9.950943186300652554e-01
1.581800000000000095e+00,-9.366230765698452254e-01
1.581499999999999906e+00,-9.902177043556031899e-01
1.581199999999999939e+00,-9.765119665958686967e-01
1.580999999999999961e+00,-1.119617965216184619e+00
1.580400000000000027e+00,-1.038096241833680322e+00
1.580000000000000071e+00,-9.791671224257045836e-01
1.579700000000000104e+00,-1.039163367565556939e+00
1.578999999999999959e+00,-1.137937843957020911e+00
1.578699999999999992e+00,-1.231151979954464570e+00
1.578300000000000036e+00,-1.181974165424901857e+00
1.577700000000000102e+00,-1.082414385271401880e+00
1.577299999999999924e+00,-1.091509370053020511e+00
1.576899999999999968e+00,-1.091789320570562438e+00
1.576300000000000034e+00,-1.085419711136393461e+00
1.575900000000000079e+00,-1.210645113917333759e+00
1.575700000000000101e+00,-1.110429375806177399e+00
1.574999999999999956e+00,-1.394011887731211985e+00
1.574699999999999989e+00,-1.369648271929042815e+00
1.574100000000000055e+00,-1.262344973044626117e+00
1.573800000000000088e+00,-1.263322503562442467e+00
1.573499999999999899e+00,-1.343892487732419649e+00
1.572699999999999987e+00,-1.424628165081279096e+00
1.572400000000000020e+00,-1.525784269673646776e+00
1.572000000000000064e+00,-1.481784418789090063e+00
1.571399999999999908e+00,-1.391562393275678433e+00
1.571099999999999941e+00,-1.240133815287765229e+00
1.570400000000000018e+00,-1.353847455229806984e+00
1.570100000000000051e+00,-1.403912032439062152e+00
1.569800000000000084e+00,-1.491513869641448942e+00
1.568999999999999950e+00,-1.391721971271547842e+00
1.568699999999999983e+00,-1.377015134475332525e+00
1.568400000000000016e+00,-1.278746083136893974e+00
1.568000000000000060e+00,-1.380131903678822436e+00
1.567399999999999904e+00,-1.368176403335370717e+00
1.567099999999999937e+00,-1.624234957558080117e+00
1.566599999999999993e+00,-1.554651228399817064e+00
1.566200000000000037e+00,-1.503816846367030058e+00
1.565700000000000092e+00,-1.486509193068200840e+00
1.565299999999999914e+00,-1.665674430373961012e+00
1.564999999999999947e+00,-1.646522459084788448e+00
1.564400000000000013e+00,-1.493526285293710787e+00
1.564000000000000057e+00,-1.611814297076442859e+00
1.563700000000000090e+00,-1.596369790977329117e+00
1.563299999999999912e+00,-1.632988167611475250e+00
1.562599999999999989e+00,-1.806793958015594947e+00
1.562300000000000022e+00,-1.783182599032935522e+00
1.562000000000000055e+00,-1.765775976218797449e+00
1.561299999999999910e+00,-1.762153190173511241e+00
1.560999999999999943e+00,-1.703798480044184327e+00
1.560300000000000020e+00,-1.726619302476906759e+00
1.559900000000000064e+00,-1.686043234523561862e+00
1.559600000000000097e+00,-1.832777002422694590e+00
1.559299999999999908e+00,-1.878842779161685073e+00
1.558699999999999974e+00,-1.909336046370963658e+00
1.558400000000000007e+00,-1.877024152737837737e+00
1.557700000000000085e+00,-2.026287273165783276e+00
1.557399999999999896e+00,-1.978414971472424622e+00
1.557099999999999929e+00,-1.906211669201913983e+00
1.556400000000000006e+00,-1.887718120965713231e+00
1.556100000000000039e+00,-1.942062125981271814e+00
1.555800000000000072e+00,-1.889173080870179433e+00
1.555500000000000105e+00,-1.925701725393694996e+00
1.554999999999999938e+00,-2.122944822017559741e+00
1.554599999999999982e+00,-2.040120907376933523e+00
1.554300000000000015e+00,-2.137280794134270412e+00
1.553600000000000092e+00,-2.030772891670630020e+00
1.553299999999999903e+00,-2.173368900867077347e+00
1.552899999999999947e+00,-2.217034707539637495e+00
1.552599999999999980e+00,-2.192512269198060082e+00
1.551900000000000057e+00,-2.050872730023200141e+00
1.551600000000000090e+00,-2.035232613277482283e+00
1.551199999999999912e+00,-2.096936086475737149e+00
1.550599999999999978e+00,-2.267227041519940478e+00
1.550300000000000011e+00,-2.456610702346057717e+00
1.550000000000000044e+00,-2.419418231820128717e+00
1.549400000000000110e+00,-2.272759433187120592e+00
1.549099999999999921e+00,-2.300544855264683441e+00
1.548799999999999955e+00,-2.366516844397315023e+00
1.548200000000000021e+00,-2.425507077249803967e+00
1.547900000000000054e+00,-2.285990361075747490e+00
1.547099999999999920e+00,-2.394633579494952258e+00
1.546899999999999942e+00,-2.421653303759981668e+00
1.546499999999999986e+00,-2.491194041296610706e+00
1.546200000000000019e+00,-2.448304205405517298e+00
1.545600000000000085e+00,-2.448954878819277425e+00
1.545299999999999896e+00,-2.572057814897305228e+00
1.544999999999999929e+00,-2.660882025663519723e+00
1.544300000000000006e+00,-2.528757529241237201e+00
1.543900000000000050e+00,-2.582719864362061912e+00
1.543299999999999894e+00,-2.583044030598450558e+00
1.542899999999999938e+00,-2.505701298010330813e+00
1.542499999999999982e+00,-2.732721773388534281e+00
1.542200000000000015e+00,-2.574800294350473084e+00
1.541500000000000092e+00,-2.570045869700141594e+00
1.541199999999999903e+00,-2.582735508171833505e+00
1.540899999999999936e+00,-2.642341984824668977e+00
1.540200000000000014e+00,-2.636324306560123620e+00
1.539900000000000047e+00,-2.598711555530913042e+00
1.539600000000000080e+00,-2.611765385709518217e+00
1.538899999999999935e+00,-2.824063495557131542e+00
1.538599999999999968e+00,-2.828794831656773923e+00
1.538200000000000012e+00,-2.853928896493894918e+00
1.537500000000000089e+00,-2.888834401359400506e+00
1.537199999999999900e+00,-2.847356206237428911e+00
1.536799999999999944e+00,-2.879889286488360955e+00
1.536200000000000010e+00,-2.897770301932105053e+00
1.535800000000000054e+00,-2.959124800419685730e+00
1.535400000000000098e+00,-3.078446013783306512e+00
1.534799999999999942e+00,-3.107203214257510560e+00
1.534599999999999964e+00,-3.072773348240104063e+00
1.533900000000000041e+00,-3.160604797318271153e+00
1.533700000000000063e+00,-3.026768152158271441e+00
1.533099999999999907e+00,-3.181953224971022287e+00
1.532699999999999951e+00,-3.116195708741283266e+00
1.532000000000000028e+00,-3.305969020629857980e+00
1.531700000000000061e+00,-3.348282855677488179e+00
1.531400000000000095e+00,-3.341100016030808195e+00
1.531099999999999905e+00,-3.228524802818387940e+00
1.530399999999999983e+00,-3.320747701570075261e+00
1.530100000000000016e+00,-3.321301229012706635e+00
1.529700000000000060e+00,-3.315552308381583657e+00
1.529099999999999904e+00,-3.302762350153309878e+00
1.528699999999999948e+00,-3.410616414578106159e+00
1.528100000000000014e+00,-3.331150897858785154e+00
1.527800000000000047e+00,-3.397320574848039509e+00
1.527400000000000091e+00,-3.540005919068847540e+00
1.526699999999999946e+00,-3.611039887110867319e+00
1.526499999999999968e+00,-3.616370590692977949e+00
1.526100000000000012e+00,-3.564965978811434510e+00
1.525500000000000078e+00,-3.543972312017567461e+00
1.525099999999999900e+00,-3.581240401880243951e+00
1.524799999999999933e+00,-3.649976380572933721e+00
1.524199999999999999e+00,-3.695261547855509310e+00
1.523800000000000043e+00,-3.804989480783900646e+00
1.523500000000000076e+00,-3.743200762574509177e+00
1.522799999999999931e+00,-3.747597246950631789e+00
1.522599999999999953e+00,-3.777059446712083268e+00
1.522199999999999998e+00,-3.821118157044684605e+00
1.521600000000000064e+00,-3.751821261184420386e+00
1.521200000000000108e+00,-3.813974219412600508e+00
1.520899999999999919e+00,-3.776905008692765797e+00
1.520199999999999996e+00,-3.928396586191582163e+00
1.519900000000000029e+00,-4.017248011466828750e+00
1.519500000000000073e+00,-4.182040374157720564e+00
1.518799999999999928e+00,-4.224464151799788958e+00
1.518499999999999961e+00,-4.190115962564820329e+00
1.518199999999999994e+00,-4.239535131938393597e+00
1.517600000000000060e+00,-4.152895978373153163e+00
1.517300000000000093e+00,-4.297256263273256494e+00
1.517099999999999893e+00,-4.322355086501527666e+00
1.516799999999999926e+00,-4.374921597612417834e+00
1.516399999999999970e+00,-4.372110395214553691e+00
1.515600000000000058e+00,-4.413377765539669539e+00
1.515300000000000091e+00,-4.436192079080095496e+00
1.514899999999999913e+00,-4.415438878150116153e+00
1.514199999999999990e+00,-4.460850297265551490e+00
1.513800000000000034e+00,-4.550674294891490668e+00
1.513600000000000056e+00,-4.669494272413737157e+00
1.513300000000000090e+00,-4.708641634877404059e+00
1.512599999999999945e+00,-4.684151722350420322e+00
1.512299999999999978e+00,-4.871958625091588502e+00
1.511900000000000022e+00,-4.727424856419433219e+00
1.511300000000000088e+00,-4.766557376089958886e+00
1.510899999999999910e+00,-4.826339593416284046e+00
1.510299999999999976e+00,-4.781408569240562123e+00
1.510000000000000009e+00,-4.834927895793015296e+00
1.509700000000000042e+00,-4.950909108075545184e+00
1.508999999999999897e+00,-4.886738284303436153e+00
1.508699999999999930e+00,-4.874774902857790693e+00
1.508099999999999996e+00,-5.029370459524052706e+00
1.507700000000000040e+00,-5.079138018326823101e+00
1.507400000000000073e+00,-5.149003149583498029e+00
1.506699999999999928e+00,-5.222421681954063644e+00
1.506299999999999972e+00,-5.291632187829232059e+00
1.506000000000000005e+00,-5.272888917944723808e+00
1.505700000000000038e+00,-5.259450369805677816e+00
1.504999999999999893e+00,-5.322492980358323855e+00
1.504699999999999926e+00,-5.482906816342125289e+00
1.504399999999999959e+00,-5.312120840864596794e+00
1.503700000000000037e+00,-5.372280964691459104e+00
1.503300000000000081e+00,-5.439532680753811356e+00
1.502999999999999892e+00,-5.432073256369900349e+00
1.502699999999999925e+00,-5.470379699810262508e+00
1.502000000000000002e+00,-5.417987250212145334e+00
1.501700000000000035e+00,-5.555729282029700400e+00
1.501400000000000068e+00,-5.631208118508055804e+00
1.500799999999999912e+00,-5.660155221419612026e+00
1.500499999999999945e+00,-5.698986390196506768e+00
1.500199999999999978e+00,-5.728233407038124447e+00
1.499600000000000044e+00,-5.793154770510067664e+00
1.499300000000000077e+00,-6.102564018565202808e+00
1.498699999999999921e+00,-6.107811463855732370e+00
1.498499999999999943e+00,-6.063107309108983323e+00
1.497800000000000020e+00,-6.117597978001418468e+00
1.497400000000000064e+00,-6.278323651168985720e+00
1.497100000000000097e+00,-6.339841340167410522e+00
1.496399999999999952e+00,-6.322154227926275460e+00
1.495600000000000041e+00,-6.422536669297481460e+00
1.495300000000000074e+00,-6.460572701367031989e+00
1.494699999999999918e+00,-6.531520087684795861e+00
1.494299999999999962e+00,-6.558118868367317056e+00
1.493999999999999995e+00,-6.554495047525737306e+00
1.493400000000000061e+00,-6.638369490853494703e+00
1.493100000000000094e+00,-6.890487627041717467e+00
1.492799999999999905e+00,-6.846681746127715407e+00
1.492099999999999982e+00,-6.734557570260528259e+00
1.491900000000000004e+00,-6.693409678093162007e+00
1.491500000000000048e+00,-6.803159917138229318e+00
1.491200000000000081e+00,-6.906997834295759198e+00
1.490499999999999936e+00,-6.935761009879779948e+00
1.490099999999999980e+00,-6.909743127575182164e+00
1.489700000000000024e+00,-7.152462404215985003e+00
1.489100000000000090e+00,-7.119168052627071752e+00
1.488699999999999912e+00,-7.128948799999413666e+00
1.488099999999999978e+00,-7.174698070501906777e+00
1.487700000000000022e+00,-7.263320658861763590e+00
1.487400000000000055e+00,-7.309563166632212727e+00
1.487100000000000088e+00,-7.342127688672074548e+00
1.486299999999999955e+00,-7.342793719806919306e+00
1.485999999999999988e+00,-7.490451689530237545e+00
1.485800000000000010e+00,-7.482280306334194719e+00
1.485100000000000087e+00,-7.495804600239804216e+00
1.484799999999999898e+00,-7.605785764488396161e+00
1.484599999999999920e+00,-7.790179946665174882e+00
1.483899999999999997e+00,-7.867400977615203850e+00
1.483600000000000030e+00,-7.761850230928162730e+00
1.483200000000000074e+00,-7.871941945136479823e+00
1.482599999999999918e+00,-7.891453964564785650e+00
1.482199999999999962e+00,-8.003561125044523550e+00
1.481899999999999995e+00,-8.205204075591339574e+00
1.481300000000000061e+00,-8.273444676285077293e+00
1.481000000000000094e+00,-8.270325199020989615e+00
1.480699999999999905e+00,-8.300783011721494020e+00
1.480099999999999971e+00,-8.294648220471927402e+00
1.479800000000000004e+00,-8.446882856712450760e+00
1.479500000000000037e+00,-8.479106039091002245e+00
1.478699999999999903e+00,-8.679108543067741266e+00
1.478399999999999936e+00,-8.707105725158907461e+00
1.478099999999999969e+00,-8.750583633147703821e+00
1.477700000000000014e+00,-8.856579033372346643e+00
1.477000000000000091e+00,-8.859787942031276842e+00
1.476599999999999913e+00,-8.864078846214633600e+00
1.476299999999999946e+00,-8.896000320754003710e+00
1.475700000000000012e+00,-8.941646706798772826e+00
1.475300000000000056e+00,-9.001070577984403798e+00
1.474900000000000100e+00,-9.020250685888923314e+00
1.474399999999999933e+00,-9.023463208466218077e+00
1.474099999999999966e+00,-9.065228596808523776e+00
1.473799999999999999e+00,-9.174894941770071810e+00
1.473200000000000065e+00,-9.194563926504928375e+00
1.472900000000000098e+00,-9.258172347506848254e+00
1.472499999999999920e+00,-9.385569207278308568e+00
1.471899999999999986e+00,-9.515832380739553287e+00
1.471600000000000019e+00,-9.486492157188397556e+00
1.471200000000000063e+00,-9.422859518811929291e+00
1.470599999999999907e+00,-9.493603684972498513e+00
1.470199999999999951e+00,-9.625494211421610657e+00
1.469999999999999973e+00,-9.742320083387829399e+00
1.469200000000000061e+00,-9.770042747927337956e+00
1.468900000000000095e+00,-9.906951545396360359e+00
1.468299999999999939e+00,-9.955675630316310531e+00
1.467899999999999983e+00,-1.001617998330909032e+01
1.467300000000000049e+00,-1.002228064689199272e+01
1.467000000000000082e+00,-1.002220839508146888e+01
1.466699999999999893e+00,-1.018233649563559595e+01
1.466299999999999937e+00,-1.012555913062476343e+01
1.465700000000000003e+00,-1.021165509276708505e+01
1.465400000000000036e+00,-1.038325332777317556e+01
1.464699999999999891e+00,-1.054878483448540294e+01
1.464399999999999924e+00,-1.066353380244954430e+01
1.463999999999999968e+00,-1.060105746443010233e+01
1.463300000000000045e+00,-1.051132351627490813e+01
1.463000000000000078e+00,-1.076530136091538203e+01
1.462699999999999889e+00,-1.079887708565182081e+01
1.461999999999999966e+00,-1.095248513920217270e+01
1.461799999999999988e+00,-1.093840741814419282e+01
1.461500000000000021e+00,-1.110029989215425061e+01
1.460800000000000098e+00,-1.104725236561092672e+01
1.460499999999999909e+00,-1.124581533301673097e+01
1.460199999999999942e+00,-1.118460042318384851e+01
1.459500000000000020e+00,-1.127909393335178478e+01
1.459100000000000064e+00,-1.128378778224034917e+01
1.458700000000000108e+00,-1.145463040523337561e+01
1.457999999999999963e+00,-1.151304745169896826e+01
1.457699999999999996e+00,-1.173230374293928335e+01
1.457300000000000040e+00,-1.168032198961208046e+01
1.456599999999999895e+00,-1.168660021056144771e+01
1.456399999999999917e+00,-1.189264588682412516e+01
1.455699999999999994e+00,-1.184346633535228754e+01
1.455400000000000027e+00,-1.194293607327152884e+01
1.454800000000000093e+00,-1.195244056359469020e+01
1.454499999999999904e+00,-1.211890236925538389e+01
1.453799999999999981e+00,-1.212712097684023504e+01
1.453500000000000014e+00,-1.210983818682653457e+01
1.453200000000000047e+00,-1.213889341812055278e+01
1.452399999999999913e+00,-1.231434989996489371e+01
1.452099999999999946e+00,-1.246785127253348691e+01
1.451799999999999979e+00,-1.255802172200892741e+01
1.451200000000000045e+00,-1.261054082995526393e+01
1.450800000000000090e+00,-1.258511649933216958e+01
1.450499999999999901e+00,-1.267427029910551184e+01
1.449999999999999956e+00,-1.281045839672412967e+01
1.449600000000000000e+00,-1.281890140952396351e+01
1.449300000000000033e+00,-1.279139800004075411e+01
1.448600000000000110e+00,-1.288085089015981666e+01
1.448299999999999921e+00,-1.281151752176310232e+01
1.447999999999999954e+00,-1.296849421983390194e+01
1.447300000000000031e+00,-1.295070051874139239e+01
1.447000000000000064e+00,-1.315964690738339193e+01
1.446399999999999908e+00,-1.317264389237909583e+01
1.445999999999999952e+00,-1.323061624706588901e+01
1.445599999999999996e+00,-1.330934721998355741e+01
1.445000000000000062e+00,-1.332106749991762662e+01
1.444700000000000095e+00,-1.328952037274646436e+01
1.444299999999999917e+00,-1.330814439866783161e+01
1.443699999999999983e+00,-1.349507888145995693e+01
1.443300000000000027e+00,-1.352794452815567183e+01
1.443000000000000060e+00,-1.359567488352104370e+01
1.442399999999999904e+00,-1.374664269981566100e+01
1.442099999999999937e+00,-1.374986581972430244e+01
1.441799999999999971e+00,-1.383506958888827398e+01
1.441200000000000037e+00,-1.386009319391265748e+01
1.440800000000000081e+00,-1.395923137594125585e+01
1.440399999999999903e+00,-1.410118288049126356e+01
1.439799999999999969e+00,-1.404983135536459038e+01
1.439500000000000002e+00,-1.420523620231442585e+01
1.438700000000000090e+00,-1.418219203730142297e+01
1.438399999999999901e+00,-1.436235619113020512e+01
1.438099999999999934e+00,-1.442048280906639590e+01
1.437400000000000011e+00,-1.442639435739251041e+01
1.437000000000000055e+00,-1.437453192069740382e+01
1.436700000000000088e+00,-1.444037258987685846e+01
1.435999999999999943e+00,-1.446149591949087743e+01
1.435799999999999965e+00,-1.448198871732723703e+01
1.435499999999999998e+00,-1.464230179923815811e+01
1.434800000000000075e+00,-1.465835614230213935e+01
1.434500000000000108e+00,-1.464888100439652341e+01
1.434199999999999919e+00,-1.471651859907604276e+01
1.433499999999999996e+00,-1.479093318147509173e+01
1.433100000000000041e+00,-1.487903374821604885e+01
1.432399999999999896e+00,-1.484472059319567272e+01
1.432199999999999918e+00,-1.489933375796777959e+01
1.431799999999999962e+00,-1.498904040594037390e+01
1.431499999999999995e+00,-1.511760084736317822e+01
1.430900000000000061e+00,-1.511828125839971904e+01
1.430600000000000094e+00,-1.514748181147707662e+01
1.430199999999999916e+00,-1.519224359644855227e+01
1.429599999999999982e+00,-1.518553796594681415e+01
1.429300000000000015e+00,-1.526452331823725750e+01
1.429000000000000048e+00,-1.537536356996842635e+01
1.428199999999999914e+00,-1.544839835165880082e+01
1.427899999999999947e+00,-1.545591966519016580e+01
1.427200000000000024e+00,-1.539737204635863144e+01
1.426800000000000068e+00,-1.539735576580256193e+01
1.426600000000000090e+00,-1.552219896311310343e+01
1.425899999999999945e+00,-1.557360033483312378e+01
1.425599999999999978e+00,-1.564986460309853555e+01
1.425200000000000022e+00,-1.572001948061813081e+01
1.424500000000000099e+00,-1.583402552170340094e+01
1.424199999999999910e+00,-1.583452069476758517e+01
1.423799999999999955e+00,-1.590850731156548115e+01
1.423200000000000021e+00,-1.591531119521042648e+01
1.422800000000000065e+00,-1.589960237847465407e+01
1.422500000000000098e+00,-1.593973005483825389e+01
1.421999999999999931e+00,-1.592434668980660994e+01
1.421599999999999975e+00,-1.586937986298737258e+01
1.421000000000000041e+00,-1.596369837496194144e+01
1.420700000000000074e+00,-1.607703366919531618e+01
1.419999999999999929e+00,-1.618131142461284000e+01
1.419699999999999962e+00,-1.627536927648782950e+01
1.419300000000000006e+00,-1.618176454089882554e+01
1.418700000000000072e+00,-1.627246661528329241e+01
1.418400000000000105e+00,-1.640559035880053784e+01
1.418099999999999916e+00,-1.645440273963872002e+01
1.417799999999999949e+00,-1.654416439297373387e+01
1.417200000000000015e+00,-1.648541960225053771e+01
1.416800000000000059e+00,-1.652551320752817077e+01
1.416500000000000092e+00,-1.654453125804590741e+01
1.415899999999999936e+00,-1.644928632160095461e+01
1.415499999999999980e+00,-1.649855211171167824e+01
1.415300000000000002e+00,-1.662921119753527677e+01
1.414600000000000080e+00,-1.664357030932047010e+01
1.414299999999999891e+00,-1.681830520997573686e+01
1.413999999999999924e+00,-1.674522970327545224e+01
1.413300000000000001e+00,-1.657803073514575587e+01
1.412900000000000045e+00,-1.677493426133413834e+01
1.412500000000000089e+00,-1.665606329042191192e+01
1.411899999999999933e+00,-1.658194938655840645e+01
1.411599999999999966e+00,-1.667354792140897501e+01
1.411200000000000010e+00,-1.690212743949651752e+01
1.410700000000000065e+00,-1.693875991875962583e+01
1.410300000000000109e+00,-1.694837410527554056e+01
1.409999999999999920e+00,-1.694302597926144216e+01
1.409399999999999986e+00,-1.688475057462441242e+01
1.409000000000000030e+00,-1.699933767056425893e+01
1.408700000000000063e+00,-1.693608326288820010e+01
1.407999999999999918e+00,-1.699746470076157223e+01
1.407699999999999951e+00,-1.696210060217152460e+01
1.407299999999999995e+00,-1.707103630342147937e+01
1.406700000000000061e+00,-1.705312256222533307e+01
1.406500000000000083e+00,-1.702220463267612516e+01
1.406099999999999905e+00,-1.714295479166944958e+01
1.405499999999999972e+00,-1.720144287554172990e+01
1.405100000000000016e+00,-1.731062401041103271e+01
1.404800000000000049e+00,-1.743081195880414924e+01
1.404199999999999893e+00,-1.737511055046785557e+01
1.403899999999999926e+00,-1.719866220461756967e+01
1.403200000000000003e+00,-1.735110950182800238e+01
1.402800000000000047e+00,-1.734938448527609367e+01
1.402500000000000080e+00,-1.738926270187322132e+01
1.401899999999999924e+00,-1.739642839402328534e+01
1.401499999999999968e+00,-1.744111655115126780e+01
1.401100000000000012e+00,-1.751941950874054754e+01
1.400500000000000078e+00,-1.744157287541349888e+01
1.400199999999999889e+00,-1.750867391844468202e+01
1.399899999999999922e+00,-1.747663255903166757e+01
1.399199999999999999e+00,-1.754930606890567191e+01
1.398900000000000032e+00,-1.762589463972664205e+01
1.398600000000000065e+00,-1.758962246789100803e+01
1.397999999999999909e+00,-1.764391054998636577e+01
1.397599999999999953e+00,-1.767377664611946031e+01
1.397000000000000020e+00,-1.765000155846347241e+01
1.396700000000000053e+00,-1.769368825135057932e+01
1.395999999999999908e+00,-1.775600730339592914e+01
1.395699999999999941e+00,-1.764325935759095998e+01
1.395399999999999974e+00,-1.771913006160530557e+01
1.394700000000000051e+00,-1.762969210471364079e+01
1.394400000000000084e+00,-1.776771527227920799e+01
1.393699999999999939e+00,-1.773744650640932363e+01
1.393299999999999983e+00,-1.783084090763702889e+01
1.393000000000000016e+00,-1.786359082446712065e+01
1.392300000000000093e+00,-1.786107025713709362e+01
1.391999999999999904e+00,-1.783426813727236038e+01
1.391599999999999948e+00,-1.790736101561409654e+01
1.390900000000000025e+00,-1.780191636108468245e+01
1.390600000000000058e+00,-1.786296530430896823e+01
1.390300000000000091e+00,-1.782499377893194037e+01
1.389599999999999946e+00,-1.789096272639392282e+01
1.389299999999999979e+00,-1.784155100912265368e+01
1.388600000000000056e+00,-1.786212104725919403e+01
1.388200000000000101e+00,-1.787894356476754254e+01
1.387899999999999912e+00,-1.792690918775499753e+01
1.387599999999999945e+00,-1.804737210925160085e+01
1.386900000000000022e+00,-1.794892273507065283e+01
1.386500000000000066e+00,-1.802190952724042461e+01
1.385899999999999910e+00,-1.796233095317538186e+01
1.385599999999999943e+00,-1.790645302011569129e+01
1.385299999999999976e+00,-1.789462712688677470e+01
1.384900000000000020e+00,-1.807483140835149626e+01
1.384300000000000086e+00,-1.807512975534383060e+01
1.384100000000000108e+00,-1.801494045879015005e+01
1.383499999999999952e+00,-1.813163645230471133e+01
1.382800000000000029e+00,-1.834504343802356985e+01
1.382400000000000073e+00,-1.819355384299267797e+01
1.382100000000000106e+00,-1.822856941723341251e+01
1.381399999999999961e+00,-1.827497562776120077e+01
1.381099999999999994e+00,-1.830513550599294348e+01
1.380700000000000038e+00,-1.819195961166725084e+01
1.380400000000000071e+00,-1.813288985251411489e+01
1.379799999999999915e+00,-1.811468328099061864e+01
1.379499999999999948e+00,-1.826442619369929687e+01
1.378900000000000015e+00,-1.821989967506929986e+01
1.378600000000000048e+00,-1.811494458011349806e+01
1.378300000000000081e+00,-1.819262630353155430e+01
1.377999999999999892e+00,-1.832255290511435675e+01
1.377399999999999958e+00,-1.831032968808554173e+01
1.377199999999999980e+00,-1.822639251992152154e+01
1.376500000000000057e+00,-1.814522746923204721e+01
1.376200000000000090e+00,-1.821334290925879884e+01
1.375899999999999901e+00,-1.826892307051162234e+01
1.375299999999999967e+00,-1.820917701128091437e+01
1.374900000000000011e+00,-1.820010043087107121e+01
1.374600000000000044e+00,-1.823253139178158833e+01
1.373899999999999899e+00,-1.813425043836929262e+01
1.373699999999999921e+00,-1.822068307042248847e+01
1.372999999999999998e+00,-1.834655297938214957e+01
1.372700000000000031e+00,-1.832526809193132067e+01
1.372100000000000097e+00,-1.837347649639243130e+01
1.371799999999999908e+00,-1.836285368821211250e+01
1.371499999999999941e+00,-1.845048535578366611e+01
1.370900000000000007e+00,-1.848159505091267718e+01
1.370600000000000041e+00,-1.843015453637459089e+01
1.370200000000000085e+00,-1.841215116890710846e+01
1.369499999999999940e+00,-1.840854849607491417e+01
1.369199999999999973e+00,-1.840031240240491428e+01
1.368900000000000006e+00,-1.832684744207963590e+01
1.368200000000000083e+00,-1.848336764711565650e+01
1.367899999999999894e+00,-1.843095346861231931e+01
1.367599999999999927e+00,-1.849719075420744119e+01
1.366900000000000004e+00,-1.855926534502661696e+01
1.366600000000000037e+00,-1.856846279403101718e+01
1.365899999999999892e+00,-1.854709515187813906e+01
1.365599999999999925e+00,-1.846060747997735163e+01
1.364900000000000002e+00,-1.850009864052372777e+01
1.364500000000000046e+00,-1.848394522776580473e+01
1.364200000000000079e+00,-1.849021999178399156e+01
1.363499999999999934e+00,-1.850134303545908665e+01
1.363299999999999956e+00,-1.842778340117026303e+01
1.362600000000000033e+00,-1.854450226046510153e+01
1.362300000000000066e+00,-1.844039356367665050e+01
1.361699999999999910e+00,-1.854570074165040339e+01
1.361399999999999944e+00,-1.848063961101013319e+01
1.361099999999999977e+00,-1.843239522241538353e+01
1.360700000000000021e+00,-1.849945067125876363e+01
1.360000000000000098e+00,-1.841490838662583229e+01
1.359699999999999909e+00,-1.850872503044772444e+01
1.359399999999999942e+00,-1.841817097455412622e+01
1.358700000000000019e+00,-1.839327185893940708e+01
1.358300000000000063e+00,-1.846749174374811275e+01
1.357599999999999918e+00,-1.858930939580422148e+01
1.357299999999999951e+00,-1.848843391672851411e+01
1.356600000000000028e+00,-1.855379165656301765e+01
1.356400000000000050e+00,-1.856765900564672833e+01
1.356000000000000094e+00,-1.851722503684013077e+01
1.355499999999999927e+00,-1.840220726900612647e+01
1.355199999999999960e+00,-1.846956225845181265e+01
1.354800000000000004e+00,-1.853164350001856420e+01
1.354600000000000026e+00,-1.853646168920551673e+01
1.353900000000000103e+00,-1.861656585633967964e+01
1.353599999999999914e+00,-1.852696690921437295e+01
1.353199999999999958e+00,-1.859112082684298173e+01
1.352500000000000036e+00,-1.862611516960316749e+01
1.352100000000000080e+00,-1.842152769683733027e+01
1.351399999999999935e+00,-1.843037860830209596e+01
1.350999999999999979e+00,-1.852696620904311331e+01
1.350600000000000023e+00,-1.851941624769906980e+01
1.349900000000000100e+00,-1.850496077369940551e+01
1.349599999999999911e+00,-1.855785386648822666e+01
1.349299999999999944e+00,-1.852812252640381274e+01
1.348600000000000021e+00,-1.847689147971825463e+01
1.348200000000000065e+00,-1.846338730245268067e+01
1.347900000000000098e+00,-1.835934448516287532e+01
1.347199999999999953e+00,-1.846289716413255988e+01
1.346899999999999986e+00,-1.838212257621405499e+01
1.346300000000000052e+00,-1.841857247038315748e+01
1.345900000000000096e+00,-1.842202372359848894e+01
1.345599999999999907e+00,-1.848832968322101067e+01
1.345399999999999929e+00,-1.852583922465995769e+01
1.344700000000000006e+00,-1.845642975307690392e+01
1.344300000000000050e+00,-1.845031431045316239e+01
1.344000000000000083e+00,-1.853769866087982621e+01
1.343299999999999939e+00,-1.847551949125062620e+01
1.342899999999999983e+00,-1.850511623570543307e+01
1.342500000000000027e+00,-1.842185589679317204e+01
1.341900000000000093e+00,-1.838098783553312288e+01
1.341599999999999904e+00,-1.835266592187228341e+01
1.341199999999999948e+00,-1.847076525634356869e+01
1.340500000000000025e+00,-1.843155380941586330e+01
1.340200000000000058e+00,-1.843155826328759872e+01
1.339900000000000091e+00,-1.848237350522983036e+01
1.339199999999999946e+00,-1.846045777416102851e+01
1.338899999999999979e+00,-1.838427936481645730e+01
1.338600000000000012e+00,-1.844267273286735431e+01
1.338000000000000078e+00,-1.839619241307986286e+01
1.337599999999999900e+00,-1.846401108734681884e+01
1.337299999999999933e+00,-1.850085425314958343e+01
1.336600000000000010e+00,-1.841232401818904307e+01
1.336300000000000043e+00,-1.848011990447850650e+01
1.335599999999999898e+00,-1.856563728063484930e+01
1.335299999999999931e+00,-1.844747734179273735e+01
1.334999999999999964e+00,-1.849784006118107982e+01
1.334600000000000009e+00,-1.848614050195722669e+01
1.333900000000000086e+00,-1.841608124894369070e+01
1.333599999999999897e+00,-1.856163000116739070e+01
1.333299999999999930e+00,-1.845772938425700715e+01
1.332600000000000007e+00,-1.833991920481168947e+01
1.332300000000000040e+00,-1.849850923649797352e+01
1.331599999999999895e+00,-1.836781785611550788e+01
1.331299999999999928e+00,-1.843214689051485422e+01
1.330999999999999961e+00,-1.842805939514932234e+01
1.330400000000000027e+00,-1.840436293016629321e+01
1.330000000000000071e+00,-1.851987859416495752e+01
1.329700000000000104e+00,-1.840292887741804151e+01
1.328999999999999959e+00,-1.849754496693837424e+01
1.328600000000000003e+00,-1.843965356336319417e+01
1.328300000000000036e+00,-1.850966978295077681e+01
1.327700000000000102e+00,-1.848793667050124867e+01
1.327399999999999913e+00,-1.851705246612971578e+01
1.327099999999999946e+00,-1.852700090368636765e+01
1.326400000000000023e+00,-1.851983567192740310e+01
1.326100000000000056e+00,-1.836474988670218167e+01
1.325399999999999912e+00,-1.849413864690486875e+01
1.325099999999999945e+00,-1.853106249439153430e+01
1.324699999999999989e+00,-1.848422085700979878e+01
1.324400000000000022e+00,-1.860276270481495686e+01
1.323800000000000088e+00,-1.845564839810581503e+01
1.323499999999999899e+00,-1.851125502286736690e+01
1.323099999999999943e+00,-1.854608906821271574e+01
1.322400000000000020e+00,-1.858592448090550064e+01
1.322200000000000042e+00,-1.835551162789397850e+01
1.321399999999999908e+00,-1.837672752653630681e+01
1.321099999999999941e+00,-1.840189699872270168e+01
1.320699999999999985e+00,-1.859379854891431449e+01
1.320500000000000007e+00,-1.829066486153550386e+01
1.319900000000000073e+00,-1.834539370088829102e+01
1.319499999999999895e+00,-1.832030877295283489e+01
1.319099999999999939e+00,-1.836102260595962221e+01
1.318400000000000016e+00,-1.839815274738759499e+01
1.318100000000000049e+00,-1.836603335766267975e+01
1.317800000000000082e+00,-1.845762222162364097e+01
1.317099999999999937e+00,-1.840912968139674533e+01
1.316799999999999971e+00,-1.851955789863458079e+01
1.316500000000000004e+00,-1.844975673793826587e+01
1.315900000000000070e+00,-1.847287099413117772e+01
1.315600000000000103e+00,-1.837140318191972099e+01
1.315199999999999925e+00,-1.849123956119682788e+01
1.314599999999999991e+00,-1.841697404728849108e+01
1.314300000000000024e+00,-1.852088506466400020e+01
1.313900000000000068e+00,-1.845290351251901839e+01
1.313199999999999923e+00,-1.845937807737852765e+01
1.312799999999999967e+00,-1.838917991873094593e+01
1.312200000000000033e+00,-1.843680716458037239e+01
1.311800000000000077e+00,-1.843212005095034201e+01
1.311399999999999899e+00,-1.840727368081487469e+01
1.310699999999999976e+00,-1.848139666193182507e+01
1.310400000000000009e+00,-1.848841366399551589e+01
1.310100000000000042e+00,-1.838722628556928029e+01
1.309399999999999897e+00,-1.834761404574530985e+01
1.309099999999999930e+00,-1.849697374777464987e+01
1.308799999999999963e+00,-1.836169334057408875e+01
1.308200000000000029e+00,-1.839598108214603656e+01
1.307900000000000063e+00,-1.844879763273085871e+01
1.307500000000000107e+00,-1.845533218416458254e+01
1.307199999999999918e+00,-1.848186942741952166e+01
1.306400000000000006e+00,-1.854504920100197296e+01
1.306100000000000039e+00,-1.844074332988674314e+01
1.305700000000000083e+00,-1.833864411152890384e+01
1.304999999999999938e+00,-1.836618166823431864e+01
1.304699999999999971e+00,-1.828158070835625537e+01
1.304400000000000004e+00,-1.841193636869424921e+01
1.303800000000000070e+00,-1.836954382431797939e+01
1.303500000000000103e+00,-1.844029457555547680e+01
1.303199999999999914e+00,-1.834363526623111795e+01
1.302499999999999991e+00,-1.840875699630024442e+01
1.302100000000000035e+00,-1.844317379049104488e+01
1.301800000000000068e+00,-1.842325606624395462e+01
1.301099999999999923e+00,-1.843526507297127637e+01
1.300799999999999956e+00,-1.843619399119651803e+01
1.300100000000000033e+00,-1.844488369198644051e+01
1.299800000000000066e+00,-1.839011512632234968e+01
1.299500000000000099e+00,-1.842584487755823019e+01
1.298799999999999955e+00,-1.825388272519495558e+01
1.298100000000000032e+00,-1.838626525682363422e+01
1.297700000000000076e+00,-1.836856009288078440e+01
1.297400000000000109e+00,-1.838810065609083821e+01
1.296699999999999964e+00,-1.837040254193955491e+01
1.296100000000000030e+00,-1.832676424416944272e+01
1.295800000000000063e+00,-1.829125854983532662e+01
1.295500000000000096e+00,-1.834479605471251062e+01
1.294899999999999940e+00,-1.848298055585652477e+01
1.294599999999999973e+00,-1.833769534685071179e+01
1.294000000000000039e+00,-1.829118392689373351e+01
1.293700000000000072e+00,-1.834623253552623723e+01
1.293400000000000105e+00,-1.820613556151161916e+01
1.292999999999999927e+00,-1.829646995147602340e+01
1.292399999999999993e+00,-1.832826258258857877e+01
1.292100000000000026e+00,-1.835081405464891446e+01
1.291800000000000059e+00,-1.832117642629931353e+01
1.291099999999999914e+00,-1.844744251667199819e+01
1.290799999999999947e+00,-1.837954651001611239e+01
1.290200000000000014e+00,-1.815962850163776920e+01
1.289900000000000047e+00,-1.819117149740130301e+01
1.289600000000000080e+00,-1.836604813762795274e+01
1.288999999999999924e+00,-1.833518404928437207e+01
1.288699999999999957e+00,-1.829033720897477977e+01
1.288399999999999990e+00,-1.832090504056763081e+01
1.287800000000000056e+00,-1.837963029839954743e+01
1.287400000000000100e+00,-1.841956454533659482e+01
1.286699999999999955e+00,-1.835392408010136123e+01
1.286399999999999988e+00,-1.833294029973736272e+01
1.285800000000000054e+00,-1.839143858470273685e+01
1.285400000000000098e+00,-1.840049175963259387e+01
1.284799999999999942e+00,-1.838915469915322021e+01
1.284499999999999975e+00,-1.838760664171022086e+01
1.283900000000000041e+00,-1.830809939272264941e+01
1.283500000000000085e+00,-1.831051631471540020e+01
1.283199999999999896e+00,-1.846087701308403339e+01
1.282399999999999984e+00,-1.842289492362588632e+01
1.282100000000000017e+00,-1.834261263898564565e+01
1.281800000000000050e+00,-1.834226451189390872e+01
1.281500000000000083e+00,-1.830194499263691554e+01
1.280799999999999939e+00,-1.829206537553879741e+01
1.280499999999999972e+00,-1.830410274954530792e+01
1.280200000000000005e+00,-1.826982186105621864e+01
1.279600000000000071e+00,-1.828182790979135675e+01
1.279300000000000104e+00,-1.827790704803543065e+01
1.278699999999999948e+00,-1.838966114404878738e+01
1.278299999999999992e+00,-1.831876029560752883e+01
1.278000000000000025e+00,-1.823214600992313450e+01
1.277400000000000091e+00,-1.830105485369796625e+01
1.277099999999999902e+00,-1.829781898849049782e+01
1.276399999999999979e+00,-1.840951613810252852e+01
1.276100000000000012e+00,-1.825771240473597956e+01
1.275700000000000056e+00,-1.827324954723624728e+01
1.274999999999999911e+00,-1.824458386192233661e+01
1.274699999999999944e+00,-1.817309341923473553e+01
1.274399999999999977e+00,-1.824760233473709192e+01
1.273700000000000054e+00,-1.824262502531448860e+01
1.273400000000000087e+00,-1.820261239571944145e+01
1.272999999999999909e+00,-1.822772712323106958e+01
1.272399999999999975e+00,-1.832176638006527369e+01
1.272000000000000020e+00,-1.823772099367026200e+01
1.271700000000000053e+00,-1.827077398644100370e+01
1.270999999999999908e+00,-1.828976023046336863e+01
1.270699999999999941e+00,-1.820450141789336840e+01
1.270399999999999974e+00,-1.815556926901542667e+01
1.269700000000000051e+00,-1.823168668136929327e+01
1.269400000000000084e+00,-1.820521439173496603e+01
1.269099999999999895e+00,-1.821946332654705358e+01
1.268499999999999961e+00,-1.821027872941230896e+01
1.267800000000000038e+00,-1.830923038236269917e+01
1.267500000000000071e+00,-1.818740991314619748e+01
1.267200000000000104e+00,-1.812895144507496425e+01
1.266799999999999926e+00,-1.808526952447892810e+01
1.266299999999999981e+00,-1.816202024601792075e+01
1.265900000000000025e+00,-1.825614166964233931e+01
1.265600000000000058e+00,-1.821455471007213589e+01
1.265300000000000091e+00,-1.819552960586057111e+01
1.264599999999999946e+00,-1.817153080859584691e+01
1.264299999999999979e+00,-1.821037734311406098e+01
1.263700000000000045e+00,-1.820576322586172324e+01
1.263400000000000079e+00,-1.819282311567391730e+01
1.263099999999999890e+00,-1.823573109245302248e+01
1.262399999999999967e+00,-1.830683217865190926e+01
1.262000000000000011e+00,-1.831667822635866116e+01
1.261400000000000077e+00,-1.827412315255818598e+01
1.261100000000000110e+00,-1.831526190624174433e+01
1.260499999999999954e+00,-1.833538636505450015e+01
1.260199999999999987e+00,-1.827518767761335639e+01
1.259900000000000020e+00,-1.833602403033306416e+01
1.259200000000000097e+00,-1.839370573647504514e+01
1.258899999999999908e+00,-1.824435614543066819e+01
1.258499999999999952e+00,-1.816446345083502933e+01
1.257800000000000029e+00,-1.821025537175110287e+01
1.257100000000000106e+00,-1.811490025287031713e+01
1.256799999999999917e+00,-1.808848221265362000e+01
1.256099999999999994e+00,-1.812223845156666968e+01
1.255800000000000027e+00,-1.808823168270154014e+01
1.255500000000000060e+00,-1.813357210342647718e+01
1.254899999999999904e+00,-1.803012513762920932e+01
1.254499999999999948e+00,-1.814246768981680802e+01
1.253900000000000015e+00,-1.819490150989540211e+01
1.253500000000000059e+00,-1.820542164983635658e+01
1.252899999999999903e+00,-1.828743182807762580e+01
1.252599999999999936e+00,-1.825363723558064066e+01
1.252299999999999969e+00,-1.824783765275840963e+01
1.251600000000000046e+00,-1.828391358676077161e+01
1.251300000000000079e+00,-1.826337877549313404e+01
1.250899999999999901e+00,-1.819080004515508620e+01
1.250299999999999967e+00,-1.823297264508146043e+01
1.249900000000000011e+00,-1.820217207792878966e+01
1.249600000000000044e+00,-1.820932468268813409e+01
1.249000000000000110e+00,-1.827225674991194992e+01
1.248699999999999921e+00,-1.814705068180462888e+01
1.248399999999999954e+00,-1.812641913933928706e+01
1.247700000000000031e+00,-1.812760863036371717e+01
1.247400000000000064e+00,-1.812405858911446899e+01
1.247100000000000097e+00,-1.799246601782876098e+01
1.246299999999999963e+00,-1.796459658312613072e+01
1.245999999999999996e+00,-1.800886982567303463e+01
1.245300000000000074e+00,-1.816938223243216299e+01
1.244699999999999918e+00,-1.820792399664546224e+01
1.244299999999999962e+00,-1.806161613747562100e+01
1.243999999999999995e+00,-1.809602408983056065e+01
1.243300000000000072e+00,-1.796299976470220017e+01
1.243000000000000105e+00,-1.794325952739379915e+01
1.242699999999999916e+00,-1.803072176288587158e+01
1.241999999999999993e+00,-1.805839374487937121e+01
1.241700000000000026e+00,-1.796084797189099191e+01
1.241100000000000092e+00,-1.799895665453473015e+01
1.240799999999999903e+00,-1.816025531659465386e+01
1.240099999999999980e+00,-1.801691225966238008e+01
1.239800000000000013e+00,-1.809315071781064432e+01
1.239500000000000046e+00,-1.808826313217234727e+01
1.238799999999999901e+00,-1.811861838318784024e+01
1.238499999999999934e+00,-1.814858542596954294e+01
1.237800000000000011e+00,-1.803567384664125939e+01
1.237500000000000044e+00,-1.813942705583349380e+01
1.237200000000000077e+00,-1.798359885256343205e+01
1.236599999999999921e+00,-1.801891840641995302e+01
1.236199999999999966e+00,-1.803458800876860479e+01
1.235899999999999999e+00,-1.795914411156472568e+01
1.235600000000000032e+00,-1.806513498592062561e+01
1.235000000000000098e+00,-1.805208580741863500e+01
1.234599999999999920e+00,-1.801156758202849417e+01
1.234299999999999953e+00,-1.803925273112880845e+01
1.233600000000000030e+00,-1.803712448939691626e+01
1.233300000000000063e+00,-1.804978921797995994e+01
1.233000000000000096e+00,-1.791062883090043201e+01
1.232399999999999940e+00,-1.793423144754290632e+01
1.231999999999999984e+00,-1.792522548391553983e+01
1.231700000000000017e+00,-1.801794465216468311e+01
1.231100000000000083e+00,-1.807081024006772552e+01
1.230699999999999905e+00,-1.809785340782738317e+01
1.230399999999999938e+00,-1.807812088437717790e+01
1.229700000000000015e+00,-1.797650582158359356e+01
1.229400000000000048e+00,-1.804417776502279835e+01
1.229000000000000092e+00,-1.789391014297842020e+01
1.228299999999999947e+00,-1.799503518496864274e+01
1.227999999999999980e+00,-1.812054126352127170e+01
1.227400000000000047e+00,-1.801324283134068338e+01
1.227000000000000091e+00,-1.802467011517714113e+01
1.226599999999999913e+00,-1.804185638675836145e+01
1.225999999999999979e+00,-1.803565589372380629e+01
1.225800000000000001e+00,-1.799421639079520929e+01
1.225400000000000045e+00,-1.797838819712965375e+01
1.224800000000000111e+00,-1.785899068171750059e+01
1.224499999999999922e+00,-1.794906059080789618e+01
1.224199999999999955e+00,-1.802166122591162178e+01
1.223899999999999988e+00,-1.793525944466922084e+01
1.223200000000000065e+00,-1.802672020436981981e+01
1.222800000000000109e+00,-1.807510912711120099e+01
1.222499999999999920e+00,-1.795574047963859599e+01
1.221899999999999986e+00,-1.795656766382788305e+01
1.221500000000000030e+00,-1.793596226875946442e+01
1.221200000000000063e+00,-1.793354994487940246e+01
1.220499999999999918e+00,-1.801995246449843791e+01
1.220199999999999951e+00,-1.792874676387343413e+01
1.219799999999999995e+00,-1.801808470968070353e+01
1.219200000000000061e+00,-1.797412763699614047e+01
1.218900000000000095e+00,-1.803186607539702635e+01
1.218599999999999905e+00,-1.802015705329468886e+01
1.217899999999999983e+00,-1.788495449700820927e+01
1.217600000000000016e+00,-1.792094798190608529e+01
1.217200000000000060e+00,-1.791485132764912436e+01
1.216299999999999937e+00,-1.800292299529758822e+01
1.215899999999999981e+00,-1.794800112429016536e+01
1.215600000000000014e+00,-1.799925878277373670e+01
1.215000000000000080e+00,-1.800648128249720159e+01
1.214699999999999891e+00,-1.797368808414976016e+01
1.214399999999999924e+00,-1.797924192739721150e+01
1.213799999999999990e+00,-1.793362725797491208e+01
1.213400000000000034e+00,-1.794850528782062327e+01
1.212800000000000100e+00,-1.783949950533948225e+01
1.212399999999999922e+00,-1.793942383528238338e+01
1.212099999999999955e+00,-1.778381435767039420e+01
1.211799999999999988e+00,-1.777990638008441238e+01
1.211100000000000065e+00,-1.787790720668286326e+01
1.210800000000000098e+00,-1.783793789207881986e+01
1.210499999999999909e+00,-1.793906143301906297e+01
1.210099999999999953e+00,-1.788514792781048968e+01
1.209500000000000020e+00,-1.780639788006316948e+01
1.209200000000000053e+00,-1.788240587707271700e+01
1.208399999999999919e+00,-1.787380683906268430e+01
1.208199999999999941e+00,-1.792133788259654992e+01
1.207799999999999985e+00,-1.788609626527711782e+01
1.207500000000000018e+00,-1.793989932556937106e+01
1.206900000000000084e+00,-1.802486334018813352e+01
1.206199999999999939e+00,-1.794193535906768133e+01
1.205899999999999972e+00,-1.789461094563998245e+01
1.205500000000000016e+00,-1.782825078189883428e+01
1.204900000000000082e+00,-1.786973794115232650e+01
1.204499999999999904e+00,-1.770728817482433470e+01
1.203799999999999981e+00,-1.782551311456373000e+01
1.203500000000000014e+00,-1.769872142435256634e+01
1.203200000000000047e+00,-1.777489905111576007e+01
1.202599999999999891e+00,-1.791155343967253089e+01
1.202199999999999935e+00,-1.783326500063115816e+01
1.201899999999999968e+00,-1.790592960208099527e+01
1.201200000000000045e+00,-1.781104468656759465e+01
1.200900000000000079e+00,-1.790179339277624493e+01
1.200599999999999890e+00,-1.781478153163257616e+01
1.199899999999999967e+00,-1.786279514365230980e+01
1.199600000000000000e+00,-1.769822174591956099e+01
1.199300000000000033e+00,-1.773776655209268327e+01
1.198600000000000110e+00,-1.783372195153362227e+01
1.198299999999999921e+00,-1.785188994102718496e+01
1.197899999999999965e+00,-1.783185523878249512e+01
1.197599999999999998e+00,-1.781195179624680591e+01
1.196900000000000075e+00,-1.781371007278627872e+01
1.196600000000000108e+00,-1.780077119557989818e+01
1.196299999999999919e+00,-1.791886512332759196e+01
1.195599999999999996e+00,-1.768377797015654807e+01
1.195300000000000029e+00,-1.769767138531559780e+01
1.195000000000000062e+00,-1.760616708972456834e+01
1.194299999999999917e+00,-1.751301806295606767e+01
1.193999999999999950e+00,-1.769703986390473816e+01
1.193699999999999983e+00,-1.774524853075847375e+01
1.193000000000000060e+00,-1.769025306386142660e+01
1.192600000000000104e+00,-1.757801591071106628e+01
1.192299999999999915e+00,-1.759643946995176833e+01
1.191699999999999982e+00,-1.767029728665797705e+01
1.191400000000000015e+00,-1.758818081608291806e+01
1.191000000000000059e+00,-1.760225857626142698e+01
1.190299999999999914e+00,-1.770533279562515006e+01
1.189999999999999947e+00,-1.768149836098385208e+01
1.189699999999999980e+00,-1.776628573626187091e+01
1.189000000000000057e+00,-1.767267859814165476e+01
1.188299999999999912e+00,-1.780581452515356489e+01
1.187999999999999945e+00,-1.775533866000718319e+01
1.187699999999999978e+00,-1.784464782710014319e+01
1.187300000000000022e+00,-1.773271498501406640e+01
1.186700000000000088e+00,-1.766186947920380490e+01
1.186299999999999910e+00,-1.765724665662455450e+01
1.185999999999999943e+00,-1.768574301276607841e+01
1.185300000000000020e+00,-1.767789537875921368e+01
1.184900000000000064e+00,-1.770397769343618322e+01
1.184600000000000097e+00,-1.775022510513814566e+01
1.183899999999999952e+00,-1.780320868925338118e+01
1.183699999999999974e+00,-1.779465441317258012e+01
1.183400000000000007e+00,-1.774464272842578438e+01
1.182800000000000074e+00,-1.765739916469678406e+01
1.182500000000000107e+00,-1.767752672930424040e+01
1.182099999999999929e+00,-1.767923574906189899e+01
1.181499999999999995e+00,-1.758869387282107155e+01
1.180900000000000061e+00,-1.747918774524966068e+01
1.180500000000000105e+00,-1.760782776126313109e+01
1.179799999999999960e+00,-1.757813532256976785e+01
1.179499999999999993e+00,-1.770297710613783693e+01
1.179100000000000037e+00,-1.763015534355571745e+01
1.178399999999999892e+00,-1.786452387199776481e+01
1.178099999999999925e+00,-1.779622460056223687e+01
1.177699999999999969e+00,-1.779043053730944379e+01
1.177100000000000035e+00,-1.777241164209802449e+01
1.176800000000000068e+00,-1.762709004814351488e+01
1.176399999999999890e+00,-1.762872633015617652e+01
1.175699999999999967e+00,-1.761901827220984273e+01
1.175400000000000000e+00,-1.757805616172435492e+01
1.175000000000000044e+00,-1.769115662743582007e+01
1.174400000000000110e+00,-1.771114030264297057e+01
1.173999999999999932e+00,-1.758615415981979524e+01
1.173399999999999999e+00,-1.758938058251139935e+01
1.173100000000000032e+00,-1.761744799561072838e+01
1.172800000000000065e+00,-1.751680769101291446e+01
1.172099999999999920e+00,-1.760162940503901297e+01
1.171799999999999953e+00,-1.760771463154842209e+01
1.171499999999999986e+00,-1.760737205721068577e+01
1.170800000000000063e+00,-1.768125633961710008e+01
1.170500000000000096e+00,-1.763372224080827877e+01
1.170099999999999918e+00,-1.762186167380622237e+01
1.169799999999999951e+00,-1.764667219782420560e+01
1.169100000000000028e+00,-1.756528279213964794e+01
1.168299999999999894e+00,-1.763882992929727678e+01
1.167999999999999927e+00,-1.760522085428430472e+01
1.167300000000000004e+00,-1.766199443553120929e+01
1.167000000000000037e+00,-1.765815806897283835e+01
1.166400000000000103e+00,-1.767119942818725065e+01
1.165999999999999925e+00,-1.757710716532457340e+01
1.165699999999999958e+00,-1.756204764387110018e+01
1.165000000000000036e+00,-1.756792285245254703e+01
1.164600000000000080e+00,-1.760889074524183684e+01
1.164299999999999891e+00,-1.759535747842145526e+01
1.163699999999999957e+00,-1.763167954568784523e+01
1.163399999999999990e+00,-1.759303596683067639e+01
1.163100000000000023e+00,-1.758487864679863577e+01
1.162500000000000089e+00,-1.745292539443148883e+01
1.162199999999999900e+00,-1.744053951987763540e+01
1.161499999999999977e+00,-1.747692070806945708e+01
1.161200000000000010e+00,-1.746994376506539481e+01
1.160900000000000043e+00,-1.751325158233932555e+01
1.160300000000000109e+00,-1.754516286072028208e+01
1.159899999999999931e+00,-1.749356335193049361e+01
1.159299999999999997e+00,-1.754845275709661223e+01
1.159000000000000030e+00,-1.757004472780427307e+01
1.158600000000000074e+00,-1.753879467285357663e+01
1.158300000000000107e+00,-1.760093660379425629e+01
1.157499999999999973e+00,-1.758342176509056998e+01
1.157100000000000017e+00,-1.751503779882585476e+01
1.156800000000000050e+00,-1.749092204046927534e+01
1.156500000000000083e+00,-1.751795768339939130e+01
1.155799999999999939e+00,-1.746602248432890292e+01
1.155499999999999972e+00,-1.751455180258034972e+01
1.154900000000000038e+00,-1.737675354128121796e+01
1.154500000000000082e+00,-1.742676301570251596e+01
1.154199999999999893e+00,-1.749822504241204157e+01
1.153499999999999970e+00,-1.745807922731009754e+01
1.153200000000000003e+00,-1.755547104116570978e+01
1.152900000000000036e+00,-1.753104781549450308e+01
1.152199999999999891e+00,-1.760313899740644317e+01
1.151899999999999924e+00,-1.758332849358858851e+01
1.151599999999999957e+00,-1.745598006787996326e+01
1.151000000000000023e+00,-1.751711509803697098e+01
1.150600000000000067e+00,-1.743122620589147331e+01
1.150300000000000100e+00,-1.736703833067638314e+01
1.149599999999999955e+00,-1.732921815824923328e+01
1.149299999999999988e+00,-1.737032569586044417e+01
1.148900000000000032e+00,-1.741764429199141162e+01
1.148200000000000109e+00,-1.750219259559716534e+01
1.147899999999999920e+00,-1.741489401635189083e+01
1.147499999999999964e+00,-1.750128405330975312e+01
1.146900000000000031e+00,-1.751843328250662069e+01
1.146600000000000064e+00,-1.759168189194018339e+01
1.146300000000000097e+00,-1.745646917585171209e+01
1.145599999999999952e+00,-1.753326851580286672e+01
1.145199999999999996e+00,-1.760711708734437408e+01
1.144900000000000029e+00,-1.751446747031044993e+01
1.144300000000000095e+00,-1.751703431360530772e+01
1.143899999999999917e+00,-1.745893659648965723e+01
1.143599999999999950e+00,-1.742328985026384558e+01
1.142900000000000027e+00,-1.736302676979967075e+01
1.142700000000000049e+00,-1.743005721338043656e+01
1.142400000000000082e+00,-1.727397896587306292e+01
1.141699999999999937e+00,-1.732711460382786939e+01
1.141399999999999970e+00,-1.747275843077995816e+01
1.141000000000000014e+00,-1.749781821131406545e+01
1.140400000000000080e+00,-1.740427746222492900e+01
1.139999999999999902e+00,-1.735884659741174829e+01
1.139699999999999935e+00,-1.740321138155483283e+01
1.139399999999999968e+00,-1.739612474028866274e+01
1.138700000000000045e+00,-1.752055479401657934e+01
1.138300000000000090e+00,-1.758145067404341688e+01
1.137999999999999901e+00,-1.749178887744256983e+01
1.137299999999999978e+00,-1.737203583774419258e+01
1.137000000000000011e+00,-1.740957553042210648e+01
1.136400000000000077e+00,-1.733162149691620257e+01
1.136100000000000110e+00,-1.731083874740224360e+01
1.135499999999999954e+00,-1.737196454187576222e+01
1.135199999999999987e+00,-1.745181263737112332e+01
1.134800000000000031e+00,-1.729776061700858492e+01
1.134100000000000108e+00,-1.730230617067339338e+01
1.133799999999999919e+00,-1.730902172740024980e+01
1.133399999999999963e+00,-1.731605535662279038e+01
1.133099999999999996e+00,-1.743298874528499098e+01
1.132400000000000073e+00,-1.734190032412164939e+01
1.132100000000000106e+00,-1.730548831957081646e+01
1.131699999999999928e+00,-1.746989320558223113e+01
1.131099999999999994e+00,-1.736854405809326707e+01
1.130700000000000038e+00,-1.737245494813329216e+01
1.130400000000000071e+00,-1.725569538964938232e+01
1.129999999999999893e+00,-1.729743485938449865e+01
1.129299999999999971e+00,-1.728855943691730346e+01
1.129000000000000004e+00,-1.741209531717123937e+01
1.128600000000000048e+00,-1.745247191392929409e+01
1.127999999999999892e+00,-1.739791542695791904e+01
1.127699999999999925e+00,-1.737965375800797929e+01
1.127399999999999958e+00,-1.740472593565823090e+01
1.126800000000000024e+00,-1.729328736253454579e+01
1.126500000000000057e+00,-1.722438154099807406e+01
1.125899999999999901e+00,-1.727019862697836672e+01
1.125499999999999945e+00,-1.731168589306671279e+01
1.125199999999999978e+00,-1.724863694688647087e+01
1.124800000000000022e+00,-1.738480217133844619e+01
1.124200000000000088e+00,-1.722020718226118774e+01
1.123899999999999899e+00,-1.730691896716096778e+01
1.123199999999999976e+00,-1.736326369653935942e+01
1.122900000000000009e+00,-1.736944485501755864e+01
1.122600000000000042e+00,-1.737306644435092906e+01
1.121899999999999897e+00,-1.727565601876614920e+01
1.121599999999999930e+00,-1.717045668002681325e+01
1.120900000000000007e+00,-1.738583330774777380e+01
1.120600000000000041e+00,-1.732694010837055032e+01
1.120200000000000085e+00,-1.733693204140082855e+01
1.119899999999999896e+00,-1.738420173958577664e+01
1.119199999999999973e+00,-1.736377519259250946e+01
1.118800000000000017e+00,-1.733153503096635006e+01
1.118500000000000050e+00,-1.722823709785544466e+01
1.117899999999999894e+00,-1.727969675113490666e+01
1.117599999999999927e+00,-1.717436836401733657e+01
1.117299999999999960e+00,-1.726241711042311877e+01
1.116500000000000048e+00,-1.730100183938640512e+01
1.116300000000000070e+00,-1.721182312321442964e+01
1.115899999999999892e+00,-1.725814603608039377e+01
1.115199999999999969e+00,-1.723519389325378981e+01
1.114900000000000002e+00,-1.726138333940172842e+01
1.114600000000000035e+00,-1.744878937132154917e+01
1.114000000000000101e+00,-1.734456690509148657e+01
1.113699999999999912e+00,-1.723595345957179248e+01
1.113299999999999956e+00,-1.727613163842612565e+01
1.112999999999999989e+00,-1.729466826219218589e+01
1.112300000000000066e+00,-1.733481227304623218e+01
1.112000000000000099e+00,-1.732277785924454960e+01
1.111599999999999921e+00,-1.717835700877660443e+01
1.110999999999999988e+00,-1.720706458742974831e+01
1.110700000000000021e+00,-1.720335227429828251e+01
1.110400000000000054e+00,-1.733639058937759714e+01
1.109799999999999898e+00,-1.725168157644656830e+01
1.109499999999999931e+00,-1.716942965157086931e+01
1.108899999999999997e+00,-1.731827059846414230e+01
1.108600000000000030e+00,-1.714579030600667053e+01
1.107900000000000107e+00,-1.724169465799219836e+01
1.107499999999999929e+00,-1.724558016282058404e+01
1.107199999999999962e+00,-1.713465706480029738e+01
1.106500000000000039e+00,-1.725289025290947720e+01
1.106200000000000072e+00,-1.726718390063679465e+01
1.105799999999999894e+00,-1.718849532631790922e+01
1.105199999999999960e+00,-1.720742356575606635e+01
1.104899999999999993e+00,-1.725064532539788331e+01
1.104600000000000026e+00,-1.725337521272856733e+01
1.103900000000000103e+00,-1.740475456115638409e+01
1.103599999999999914e+00,-1.727030036546284464e+01
1.103199999999999958e+00,-1.720708545988464166e+01
1.102999999999999980e+00,-1.712031826229870290e+01
1.102300000000000058e+00,-1.725251812359305248e+01
1.102000000000000091e+00,-1.722718738097735525e+01
1.101299999999999946e+00,-1.718743243240518126e+01
1.100999999999999979e+00,-1.713133684313914884e+01
1.100700000000000012e+00,-1.705994319527092884e+01
1.100000000000000089e+00,-1.710216507934203989e+01
1.099699999999999900e+00,-1.710767885538359678e+01
1.099399999999999933e+00,-1.707852328960311539e+01
1.098799999999999999e+00,-1.698670749275405001e+01
1.098500000000000032e+00,-1.711127753137526142e+01
1.097800000000000109e+00,-1.710248731300687552e+01
1.097499999999999920e+00,-1.716144664179412160e+01
1.097099999999999964e+00,-1.710289090336306472e+01
1.096500000000000030e+00,-1.709672699306673849e+01
1.096100000000000074e+00,-1.710284154873955131e+01
1.095800000000000107e+00,-1.706044316115741566e+01
1.095199999999999951e+00,-1.713863203201592356e+01
1.094899999999999984e+00,-1.713482324390471589e+01
1.094600000000000017e+00,-1.709869761922760389e+01
1.093900000000000095e+00,-1.697526748237051564e+01
1.093599999999999905e+00,-1.691697784818278905e+01
1.093199999999999950e+00,-1.691089964713145832e+01
1.092500000000000027e+00,-1.688308028164999186e+01
1.092200000000000060e+00,-1.696344941673512352e+01
1.091800000000000104e+00,-1.702242986665195446e+01
1.091199999999999948e+00,-1.691015389661343704e+01
1.090899999999999981e+00,-1.697975611943993002e+01
1.090200000000000058e+00,-1.697938055561414217e+01
1.089900000000000091e+00,-1.700076545382610504e+01
1.089599999999999902e+00,-1.701191939129818564e+01
1.088899999999999979e+00,-1.704938908233584982e+01
1.088600000000000012e+00,-1.700758757621489892e+01
1.088300000000000045e+00,-1.697686174628940137e+01
1.087699999999999889e+00,-1.708526998605028524e+01
1.087399999999999922e+00,-1.712952728003588021e+01
1.087099999999999955e+00,-1.711198059975863472e+01
1.086500000000000021e+00,-1.707274273452215851e+01
1.086200000000000054e+00,-1.700896034984005567e+01
1.085900000000000087e+00,-1.702262719854132555e+01
1.084899999999999975e+00,-1.694927562796910436e+01
1.084600000000000009e+00,-1.686821939307584728e+01
1.084200000000000053e+00,-1.695374793859267726e+01
1.083499999999999908e+00,-1.698380022169508763e+01
1.083199999999999941e+00,-1.695511110178472336e+01
1.082899999999999974e+00,-1.698205189026077377e+01
1.082200000000000051e+00,-1.693893517662296944e+01
1.081900000000000084e+00,-1.694613789117779135e+01
1.081599999999999895e+00,-1.707447442997429476e+01
1.080999999999999961e+00,-1.701779345277508426e+01
1.080699999999999994e+00,-1.711429521991684766e+01
1.080400000000000027e+00,-1.709189085572831601e+01
1.080100000000000060e+00,-1.714991216856887490e+01
1.079399999999999915e+00,-1.702163786084865293e+01
1.078799999999999981e+00,-1.692840492819635045e+01
1.078400000000000025e+00,-1.703688721993237820e+01
1.078100000000000058e+00,-1.700373829136934134e+01
1.077700000000000102e+00,-1.717831103206449939e+01
1.076999999999999957e+00,-1.700601014748281870e+01
1.076699999999999990e+00,-1.698188755316363086e+01
1.076400000000000023e+00,-1.695861081670857473e+01
1.075700000000000101e+00,-1.693690670557662514e+01
1.075399999999999912e+00,-1.688259276952800292e+01
1.074999999999999956e+00,-1.692117686314664837e+01
1.074400000000000022e+00,-1.699146095843198268e+01
1.073800000000000088e+00,-1.688446402062738727e+01
1.073399999999999910e+00,-1.692572475104400098e+01
1.073099999999999943e+00,-1.700946831873001130e+01
1.072500000000000009e+00,-1.691283207864756832e+01
1.072300000000000031e+00,-1.691486767007362957e+01
1.071900000000000075e+00,-1.686150428375264809e+01
1.071299999999999919e+00,-1.689684273413353210e+01
1.070899999999999963e+00,-1.692309058953667744e+01
1.070599999999999996e+00,-1.697539372581529449e+01
1.069900000000000073e+00,-1.693906673197959378e+01
1.069600000000000106e+00,-1.687222999437734217e+01
1.069199999999999928e+00,-1.689096513390331467e+01
1.068500000000000005e+00,-1.699218430691734483e+01
1.068200000000000038e+00,-1.701517763757938440e+01
1.067900000000000071e+00,-1.699198357360039680e+01
1.066999999999999948e+00,-1.693947340212420372e+01
1.066699999999999982e+00,-1.699138144662937222e+01
1.066400000000000015e+00,-1.689137125034482878e+01
1.065800000000000081e+00,-1.691674487530828941e+01
1.065499999999999892e+00,-1.703438076532922096e+01
1.065099999999999936e+00,-1.697393339746226104e+01
1.064500000000000002e+00,-1.686775772987121869e+01
1.064200000000000035e+00,-1.674694712525924700e+01
1.063499999999999890e+00,-1.678938051173518176e+01
1.063199999999999923e+00,-1.675536652888266076e+01
1.062799999999999967e+00,-1.683820224370070306e+01
1.062500000000000000e+00,-1.682184449798996440e+01
1.061800000000000077e+00,-1.689240665807938058e+01
1.061500000000000110e+00,-1.677577002870255640e+01
1.061099999999999932e+00,-1.682157050414724608e+01
1.060400000000000009e+00,-1.677150738775218741e+01
1.060100000000000042e+00,-1.674134361186393960e+01
1.059700000000000086e+00,-1.682059335077687479e+01
1.059399999999999897e+00,-1.683866289797324001e+01
1.058699999999999974e+00,-1.683288279516618147e+01
1.058400000000000007e+00,-1.673141900651372538e+01
1.058000000000000052e+00,-1.690091711654051210e+01
1.057399999999999896e+00,-1.688217072381668871e+01
1.057099999999999929e+00,-1.694810115806357231e+01
1.056799999999999962e+00,-1.695267259615744138e+01
1.056100000000000039e+00,-1.687283386604850222e+01
1.055800000000000072e+00,-1.692908591904487281e+01
1.055500000000000105e+00,-1.685291432775067832e+01
1.054899999999999949e+00,-1.699714044891172193e+01
1.054499999999999993e+00,-1.696227410762848820e+01
1.054200000000000026e+00,-1.695728926720966001e+01
1.053900000000000059e+00,-1.681779886905194843e+01
1.053199999999999914e+00,-1.687908911929001121e+01
1.052899999999999947e+00,-1.693395481261210023e+01
1.052599999999999980e+00,-1.690192857783674185e+01
1.052000000000000046e+00,-1.692670004668798711e+01
1.051700000000000079e+00,-1.682273081561082151e+01
1.051299999999999901e+00,-1.677725170357380691e+01
1.050599999999999978e+00,-1.670096336746345500e+01
1.050300000000000011e+00,-1.674650984570284251e+01
1.049900000000000055e+00,-1.676209259000036411e+01
1.049199999999999910e+00,-1.675020870328313904e+01
1.048899999999999944e+00,-1.680866323758205638e+01
1.048300000000000010e+00,-1.693274720484302165e+01
1.047900000000000054e+00,-1.679290894647869692e+01
1.047600000000000087e+00,-1.678728536155978190e+01
1.046999999999999931e+00,-1.674292059523977017e+01
1.046599999999999975e+00,-1.679156506378216562e+01
1.046300000000000008e+00,-1.682888906910104865e+01
1.045600000000000085e+00,-1.691825534402410369e+01
1.045199999999999907e+00,-1.686627718986899183e+01
1.044899999999999940e+00,-1.679170228027467360e+01
1.044599999999999973e+00,-1.675132327290593182e+01
1.044000000000000039e+00,-1.680609660690245022e+01
1.043299999999999894e+00,-1.690312485525136665e+01
1.042999999999999927e+00,-1.692994316156463697e+01
1.042300000000000004e+00,-1.690811122299264824e+01
1.041900000000000048e+00,-1.685966881552472074e+01
1.041600000000000081e+00,-1.674238062047981046e+01
1.041199999999999903e+00,-1.673679731587478869e+01
1.040599999999999969e+00,-1.675607918685609476e+01
1.040300000000000002e+00,-1.662101635831088231e+01
1.040000000000000036e+00,-1.673005759853171526e+01
1.039400000000000102e+00,-1.676873778188826591e+01
1.038999999999999924e+00,-1.659806060287753837e+01
1.038300000000000001e+00,-1.670552439706216319e+01
1.038000000000000034e+00,-1.667431578592148611e+01
1.037199999999999900e+00,-1.666490972459253328e+01
1.036899999999999933e+00,-1.674410997345669116e+01
1.036599999999999966e+00,-1.678425575078077969e+01
1.036000000000000032e+00,-1.682423478714520115e+01
1.035600000000000076e+00,-1.673801127264088962e+01
1.035300000000000109e+00,-1.681801679344939870e+01
1.034799999999999942e+00,-1.675714048900095676e+01
1.034399999999999986e+00,-1.688721886704547259e+01
1.033700000000000063e+00,-1.677277415592492460e+01
1.033400000000000096e+00,-1.677915437766552387e+01
1.032999999999999918e+00,-1.683652975245702521e+01
1.032299999999999995e+00,-1.660819623137436452e+01
1.031900000000000039e+00,-1.687279868039887987e+01
1.031700000000000061e+00,-1.672764723669390108e+01
1.031300000000000106e+00,-1.661250855721652897e+01
1.030599999999999961e+00,-1.661086475901732129e+01
1.030299999999999994e+00,-1.663373615229868108e+01
1.030000000000000027e+00,-1.662434395599491666e+01
1.029300000000000104e+00,-1.675184121126584103e+01
1.028899999999999926e+00,-1.675129320099447838e+01
1.028599999999999959e+00,-1.662755541911673518e+01
1.028000000000000025e+00,-1.669758502627089669e+01
1.027700000000000058e+00,-1.671176291616364651e+01
1.027300000000000102e+00,-1.661726230937337334e+01
1.026999999999999913e+00,-1.659155143399664212e+01
1.026699999999999946e+00,-1.659276874361771803e+01
1.026000000000000023e+00,-1.672305945658019510e+01
1.025700000000000056e+00,-1.657612383970706915e+01
1.025400000000000089e+00,-1.661618552296524598e+01
1.025099999999999900e+00,-1.651718072146627136e+01
1.024399999999999977e+00,-1.642809397543673455e+01
1.024100000000000010e+00,-1.650256839537522069e+01
1.023800000000000043e+00,-1.663289901032731066e+01
1.023500000000000076e+00,-1.658092050922611449e+01
1.022799999999999931e+00,-1.661585803875735223e+01
1.022100000000000009e+00,-1.666300113308902908e+01
1.021800000000000042e+00,-1.676125128635720785e+01
1.021500000000000075e+00,-1.686366848982741828e+01
1.020899999999999919e+00,-1.670393601281416096e+01
1.020599999999999952e+00,-1.670287340833449363e+01
1.020199999999999996e+00,-1.669057315258123353e+01
1.019500000000000073e+00,-1.673824702526369634e+01
1.019200000000000106e+00,-1.663018101211244826e+01
1.018399999999999972e+00,-1.680152759995007017e+01
1.018100000000000005e+00,-1.660518633075803407e+01
1.017400000000000082e+00,-1.656054510250914902e+01
1.017099999999999893e+00,-1.669031402381868645e+01
1.016799999999999926e+00,-1.653604754633681395e+01
1.016199999999999992e+00,-1.646749434922219280e+01
1.015900000000000025e+00,-1.644157983710066873e+01
1.015500000000000069e+00,-1.647881334301054324e+01
1.015200000000000102e+00,-1.652030262209837730e+01
1.014499999999999957e+00,-1.656387348024047412e+01
1.014100000000000001e+00,-1.652453938851801851e+01
1.013500000000000068e+00,-1.642276879162763237e+01
1.013099999999999890e+00,-1.649976550700130673e+01
1.012799999999999923e+00,-1.662606693328891438e+01
1.012199999999999989e+00,-1.658235503942560385e+01
1.011900000000000022e+00,-1.662575399484535055e+01
1.011600000000000055e+00,-1.654184942208054210e+01
1.010899999999999910e+00,-1.663678823974543164e+01
1.010599999999999943e+00,-1.658590904719953230e+01
1.010199999999999987e+00,-1.663146060188955389e+01
1.009600000000000053e+00,-1.655268638437587114e+01
1.009200000000000097e+00,-1.671906740261840341e+01
1.008899999999999908e+00,-1.656883781178796511e+01
1.008199999999999985e+00,-1.651956991409681308e+01
1.007800000000000029e+00,-1.648933699846420353e+01
1.007500000000000062e+00,-1.649418548498862336e+01
1.006799999999999917e+00,-1.655048410973266826e+01
1.006499999999999950e+00,-1.656891239788221171e+01
1.005900000000000016e+00,-1.666350562410422498e+01
1.005300000000000082e+00,-1.663343712950127085e+01
1.004999999999999893e+00,-1.663184253991112627e+01
1.004599999999999937e+00,-1.650519489208093660e+01
1.004299999999999971e+00,-1.653138522110693387e+01
1.003600000000000048e+00,-1.645857572640987243e+01
1.003300000000000081e+00,-1.647906242251339748e+01
1.002899999999999903e+00,-1.654070363360854046e+01
1.002199999999999980e+00,-1.664103078652529177e+01
1.001900000000000013e+00,-1.656202251183761831e+01
1.001500000000000057e+00,-1.649513876038960092e+01
1.001200000000000090e+00,-1.651934089494828939e+01
1.000499999999999945e+00,-1.649241794031211583e+01
1.000199999999999978e+00,-1.657382768984073351e+01
9.998000000000000220e-01,-1.641307952209075438e+01
9.991999999999999771e-01,-1.631380074025934590e+01
9.989000000000000101e-01,-1.638028253296538139e+01
9.985000000000000542e-01,-1.650187602719871549e+01
9.979000000000000092e-01,-1.650483551868791565e+01
9.976000000000000423e-01,-1.649350185374994027e+01
9.969000000000000083e-01,-1.661974981441525401e+01
9.966000000000000414e-01,-1.644037524193547029e+01
9.959000000000000075e-01,-1.648366248954711111e+01
9.955000000000000515e-01,-1.650467058071040327e+01
9.949000000000000066e-01,-1.650269461338678312e+01
9.946000000000000396e-01,-1.649477043606638915e+01
9.939000000000000057e-01,-1.641065750416469271e+01
9.936000000000000387e-01,-1.640388660560376621e+01
9.932999999999999607e-01,-1.638769719382307244e+01
9.929000000000000048e-01,-1.639520726672092366e+01
9.922999999999999599e-01,-1.638615356101469089e+01
9.919000000000000039e-01,-1.646550968759305533e+01
9.916000000000000369e-01,-1.646468735542611128e+01
9.909999999999999920e-01,-1.643593794839340561e+01
9.906000000000000361e-01,-1.639028344811391946e+01
9.902999999999999581e-01,-1.636363444486371321e+01
9.897000000000000242e-01,-1.643007297493981156e+01
9.893999999999999462e-01,-1.644225147416720390e+01
9.890999999999999792e-01,-1.647882339713361333e+01
9.883999999999999453e-01,-1.654815519187618733e+01
9.880999999999999783e-01,-1.658733059359531836e+01
9.878000000000000114e-01,-1.644200719247502107e+01
9.870999999999999774e-01,-1.646381369661362726e+01
9.864000000000000545e-01,-1.650303824302793387e+01
9.860999999999999766e-01,-1.630229536092363674e+01
9.857000000000000206e-01,-1.633927377170142492e+01
9.850999999999999757e-01,-1.639173389241521761e+01
9.844000000000000528e-01,-1.647212848331922430e+01
9.838000000000000078e-01,-1.641408347909560916e+01
9.834000000000000519e-01,-1.641804355903440538e+01
9.828000000000000069e-01,-1.641187198318230500e+01
9.825000000000000400e-01,-1.639239234320919181e+01
9.820999999999999730e-01,-1.637478733714018020e+01
9.815000000000000391e-01,-1.635970237517051729e+01
9.810999999999999721e-01,-1.632750430740504655e+01
9.808000000000000052e-01,-1.640275728975529290e+01
9.805000000000000382e-01,-1.647257509472697734e+01
9.798000000000000043e-01,-1.642629119994092335e+01
9.794000000000000483e-01,-1.633153094557498974e+01
9.790999999999999703e-01,-1.636309077278214019e+01
9.785000000000000364e-01,-1.639675393928863656e+01
9.780999999999999694e-01,-1.641424451241822524e+01
9.770999999999999686e-01,-1.646602299971190675e+01
9.768000000000000016e-01,-1.642198043101846139e+01
9.764000000000000457e-01,-1.641761247353316833e+01
9.757000000000000117e-01,-1.634221357434736177e+01
9.754000000000000448e-01,-1.638296729062297530e+01
9.750999999999999668e-01,-1.632691270508097148e+01
9.744000000000000439e-01,-1.637491529083677477e+01
9.740999999999999659e-01,-1.641445063170392515e+01
9.734000000000000430e-01,-1.634781179279225327e+01
9.730999999999999650e-01,-1.628569718242775721e+01
9.727999999999999980e-01,-1.634437892203575515e+01
9.721999999999999531e-01,-1.631863498460905149e+01
9.715000000000000302e-01,-1.633632936878896658e+01
9.711999999999999522e-01,-1.645377306809005091e+01
9.707999999999999963e-01,-1.651494811488558412e+01
9.701999999999999513e-01,-1.633507349948250109e+01
9.697999999999999954e-01,-1.639035321899977760e+01
9.695000000000000284e-01,-1.642766333050348138e+01
9.688999999999999835e-01,-1.647463776749654230e+01
9.685000000000000275e-01,-1.633507157878591443e+01
9.681999999999999496e-01,-1.634780987753671155e+01
9.675000000000000266e-01,-1.633438124875033282e+01
9.671999999999999487e-01,-1.618109021080437415e+01
9.668999999999999817e-01,-1.615505762992885508e+01
9.661999999999999478e-01,-1.628081655321899035e+01
9.658999999999999808e-01,-1.628929763052020263e+01
9.653000000000000469e-01,-1.620147054873502057e+01
9.646000000000000130e-01,-1.627908906286354096e+01
9.643000000000000460e-01,-1.636930193164220881e+01
9.638999999999999790e-01,-1.637353326208951643e+01
9.636000000000000121e-01,-1.627589438456421078e+01
9.629999999999999671e-01,-1.633923136245335073e+01
9.627000000000000002e-01,-1.634709722893685679e+01
9.624000000000000332e-01,-1.629308187765781568e+01
9.617999999999999883e-01,-1.631872967619929682e+01
9.615000000000000213e-01,-1.616840147522519899e+01
9.613000000000000433e-01,-1.616678258060961326e+01
9.606000000000000094e-01,-1.611599998099086051e+01
9.603000000000000425e-01,-1.616192574929436176e+01
9.596000000000000085e-01,-1.620425715488883256e+01
9.593000000000000416e-01,-1.623770769129664515e+01
9.589999999999999636e-01,-1.622920454029405946e+01
9.583000000000000407e-01,-1.619922777466101138e+01
9.576999999999999957e-01,-1.618248165157609009e+01
9.574000000000000288e-01,-1.624966016231174493e+01
9.570999999999999508e-01,-1.628234310329231960e+01
9.564000000000000279e-01,-1.625552099411208928e+01
9.560999999999999499e-01,-1.626236512341913354e+01
9.557999999999999829e-01,-1.632239118204122619e+01
9.550999999999999490e-01,-1.622920947209234654e+01
9.547999999999999821e-01,-1.631524311017842166e+01
9.545000000000000151e-01,-1.629609795873029654e+01
9.537999999999999812e-01,-1.621730021395696042e+01
9.535000000000000142e-01,-1.614567321791210830e+01
9.527999999999999803e-01,-1.621423328604628367e+01
9.525000000000000133e-01,-1.623733341672975072e+01
9.522000000000000464e-01,-1.619781837480490339e+01
9.518999999999999684e-01,-1.629899458426469394e+01
9.513000000000000345e-01,-1.623625738340090408e+01
9.508999999999999675e-01,-1.627999356852054547e+01
9.502000000000000446e-01,-1.621891608486062353e+01
9.498999999999999666e-01,-1.615338363053463056e+01
9.495999999999999996e-01,-1.615668291100845622e+01
9.487999999999999767e-01,-1.619337971818469768e+01
9.485000000000000098e-01,-1.620123776476557609e+01
9.482000000000000428e-01,-1.617274986495968392e+01
9.475000000000000089e-01,-1.626534465610255964e+01
9.472000000000000419e-01,-1.629321572369450166e+01
9.467999999999999750e-01,-1.616523836767439803e+01
9.462000000000000410e-01,-1.612024280877831472e+01
9.458999999999999631e-01,-1.620072707379594235e+01
9.455999999999999961e-01,-1.616163081972531401e+01
9.449999999999999512e-01,-1.608532309897783819e+01
9.446999999999999842e-01,-1.607611895056869145e+01
9.439999999999999503e-01,-1.615352832938917871e+01
9.436999999999999833e-01,-1.616544330506645721e+01
9.434000000000000163e-01,-1.618836505493815281e+01
9.431000000000000494e-01,-1.610837247459379640e+01
9.424000000000000155e-01,-1.614261048359750816e+01
9.419999999999999485e-01,-1.609478629137446148e+01
9.413000000000000256e-01,-1.610338719214687231e+01
9.409999999999999476e-01,-1.611366871897930153e+01
9.406999999999999806e-01,-1.620730601347075250e+01
9.403000000000000247e-01,-1.624401739519836951e+01
9.394000000000000128e-01,-1.618019829017917033e+01
9.391000000000000458e-01,-1.619700776955487598e+01
9.387999999999999678e-01,-1.613300539193372174e+01
9.382000000000000339e-01,-1.618362563698622481e+01
9.378999999999999559e-01,-1.621108010486285167e+01
9.375000000000000000e-01,-1.606629785188351889e+01
9.367999999999999661e-01,-1.618232740563064809e+01
9.364999999999999991e-01,-1.623018242941920519e+01
9.362000000000000322e-01,-1.626104445132184395e+01
9.354999999999999982e-01,-1.617130384079685967e+01
9.352000000000000313e-01,-1.612692161979617822e+01
9.348999999999999533e-01,-1.618654604811356279e+01
9.343000000000000194e-01,-1.606987925271124240e+01
9.338999999999999524e-01,-1.621956941721602519e+01
9.335999999999999854e-01,-1.616481450597805036e+01
9.328999999999999515e-01,-1.611413553699895829e+01
9.325999999999999845e-01,-1.610379610785519588e+01
9.322000000000000286e-01,-1.622700455499769490e+01
9.315999999999999837e-01,-1.611466239263056011e+01
9.310000000000000497e-01,-1.604987144749854977e+01
9.306999999999999718e-01,-1.603818657018012672e+01
9.304000000000000048e-01,-1.616247754400411552e+01
9.296999999999999709e-01,-1.611331767918970215e+01
9.290000000000000480e-01,-1.602538302376025925e+01
9.286999999999999700e-01,-1.606828168073384333e+01
9.284000000000000030e-01,-1.618487053911118778e+01
9.277999999999999581e-01,-1.620208817941998447e+01
9.274000000000000021e-01,-1.619163579687169729e+01
9.271000000000000352e-01,-1.615222181509771815e+01
9.267999999999999572e-01,-1.608747384361794630e+01
9.261000000000000343e-01,-1.608244075904973158e+01
9.257999999999999563e-01,-1.608290459147090345e+01
9.254999999999999893e-01,-1.612808717681270565e+01
9.247999999999999554e-01,-1.610936384242216590e+01
9.244999999999999885e-01,-1.611916618871785190e+01
9.242000000000000215e-01,-1.601103192567605404e+01
9.234999999999999876e-01,-1.597873439744849478e+01
9.232000000000000206e-01,-1.599992849642666748e+01
9.224999999999999867e-01,-1.603891791773027009e+01
9.222000000000000197e-01,-1.602596752416918235e+01
9.217999999999999527e-01,-1.604720436644089432e+01
9.212000000000000188e-01,-1.610561670736957396e+01
9.209000000000000519e-01,-1.610919661876007680e+01
9.202000000000000179e-01,-1.615746917823885909e+01
9.197999999999999510e-01,-1.612586285295739330e+01
9.194999999999999840e-01,-1.608011642243315364e+01
9.189000000000000501e-01,-1.603583239908178726e+01
9.184999999999999831e-01,-1.602900913063127675e+01
9.182000000000000162e-01,-1.592104738817488574e+01
9.175999999999999712e-01,-1.594357693551215860e+01
9.173000000000000043e-01,-1.607391601673594295e+01
9.170000000000000373e-01,-1.604304087709437709e+01
9.163000000000000034e-01,-1.607962597411039951e+01
9.160000000000000364e-01,-1.590648905351469189e+01
9.156999999999999584e-01,-1.596640102845357134e+01
9.151000000000000245e-01,-1.602079924538290712e+01
9.146999999999999575e-01,-1.609398535635277128e+01
9.143999999999999906e-01,-1.608492273601023470e+01
9.136999999999999567e-01,-1.603223030197647248e+01
9.133999999999999897e-01,-1.595628105299073241e+01
9.131000000000000227e-01,-1.594947145775495123e+01
9.126999999999999558e-01,-1.591865601337323355e+01
9.121000000000000218e-01,-1.610411643435324791e+01
9.118000000000000549e-01,-1.612012464035916892e+01
9.113999999999999879e-01,-1.598109291198902149e+01
9.106999999999999540e-01,-1.603816664080747856e+01
9.103999999999999870e-01,-1.606085339391043121e+01
9.101000000000000201e-01,-1.603122418122205417e+01
9.093999999999999861e-01,-1.605967717109657755e+01
9.091000000000000192e-01,-1.601377579093553649e+01
9.084999999999999742e-01,-1.599808032058721352e+01
9.081000000000000183e-01,-1.606385748544022007e+01
9.078000000000000513e-01,-1.599396616074307431e+01
9.071000000000000174e-01,-1.593447363904083502e+01
9.068000000000000504e-01,-1.601202490825173541e+01
9.064999999999999725e-01,-1.619719960661829816e+01
9.058000000000000496e-01,-1.620424700609314073e+01
9.052000000000000046e-01,-1.599844241084611873e+01
9.048000000000000487e-01,-1.597490246528603031e+01
9.044999999999999707e-01,-1.605253387110937879e+01
9.038000000000000478e-01,-1.611532307712959877e+01
9.034999999999999698e-01,-1.612470046077211094e+01
9.028000000000000469e-01,-1.604528345277656243e+01
9.024999999999999689e-01,-1.601612536618213767e+01
9.022000000000000020e-01,-1.599512292143169923e+01
9.019000000000000350e-01,-1.596751387345088702e+01
9.012000000000000011e-01,-1.588784892520922831e+01
9.009000000000000341e-01,-1.594522836011469380e+01
8.999000000000000332e-01,-1.595724230489172690e+01
8.995999999999999552e-01,-1.595691715826560930e+01
8.992999999999999883e-01,-1.594390162820728385e+01
8.989000000000000323e-01,-1.588200056445478126e+01
8.982999999999999874e-01,-1.586588888362224026e+01
8.975999999999999535e-01,-1.584912447277235081e+01
8.971999999999999975e-01,-1.590807039784725418e+01
8.969000000000000306e-01,-1.603355516640462142e+01
8.965999999999999526e-01,-1.603564257294772233e+01
8.959000000000000297e-01,-1.593231993167430716e+01
8.955999999999999517e-01,-1.597586822430305986e+01
8.951999999999999957e-01,-1.598079888446308416e+01
8.945999999999999508e-01,-1.598041868286640188e+01
8.941999999999999948e-01,-1.599982918316488600e+01
8.935999999999999499e-01,-1.594432271276782132e+01
8.932999999999999829e-01,-1.594629625983048626e+01
8.930000000000000160e-01,-1.598321881363853159e+01
8.922999999999999821e-01,-1.591752708193661725e+01
8.920000000000000151e-01,-1.588158311858923355e+01
8.917000000000000481e-01,-1.591129735202456352e+01
8.910000000000000142e-01,-1.584997321054590280e+01
8.907000000000000473e-01,-1.591993646099078674e+01
8.903999999999999693e-01,-1.598845042948427597e+01
8.897000000000000464e-01,-1.591190040494596580e+01
8.893999999999999684e-01,-1.594082631307843023e+01
8.887000000000000455e-01,-1.584931139154404534e+01
8.883999999999999675e-01,-1.590084141366611448e+01
8.877000000000000446e-01,-1.584703662122384493e+01
8.870999999999999996e-01,-1.592969000689227776e+01
8.868000000000000327e-01,-1.594078305011629304e+01
8.863999999999999657e-01,-1.583727160028485237e+01
8.858000000000000318e-01,-1.589992431226590952e+01
8.853999999999999648e-01,-1.585373705864957827e+01
8.848000000000000309e-01,-1.596885657053001495e+01
8.844999999999999529e-01,-1.581240094122027173e+01
8.838000000000000300e-01,-1.578156184515889393e+01
8.834999999999999520e-01,-1.593588833244284331e+01
8.829000000000000181e-01,-1.574843299505575978e+01
8.821999999999999842e-01,-1.589724771346055476e+01
8.818000000000000282e-01,-1.596246891098001797e+01
8.814999999999999503e-01,-1.581870647313129297e+01
8.811999999999999833e-01,-1.579830086401150879e+01
8.804999999999999494e-01,-1.580197537477279823e+01
8.801999999999999824e-01,-1.590894719642639643e+01
8.799000000000000155e-01,-1.589303653017851836e+01
8.792999999999999705e-01,-1.587959350128551073e+01
8.790000000000000036e-01,-1.580952913862151021e+01
8.786000000000000476e-01,-1.587877022813117378e+01
8.780000000000000027e-01,-1.577742352996411590e+01
8.776000000000000467e-01,-1.580192757737837184e+01
8.772999999999999687e-01,-1.584193327956624842e+01
8.764999999999999458e-01,-1.581935976362729868e+01
8.761999999999999789e-01,-1.592340903448733691e+01
8.758000000000000229e-01,-1.602499104524342499e+01
8.751999999999999780e-01,-1.602781483764906056e+01
8.748000000000000220e-01,-1.588479921068777045e+01
8.745000000000000551e-01,-1.582183059078892029e+01
8.738000000000000211e-01,-1.585252211838807490e+01
8.735000000000000542e-01,-1.587764312890871388e+01
8.731999999999999762e-01,-1.586699684320578108e+01
8.725000000000000533e-01,-1.590964351972949231e+01
8.721999999999999753e-01,-1.581959949556724077e+01
8.719000000000000083e-01,-1.581874605277788426e+01
8.711999999999999744e-01,-1.574313610744736813e+01
8.706000000000000405e-01,-1.567042475284080538e+01
8.702999999999999625e-01,-1.578240096444224072e+01
8.699000000000000066e-01,-1.572823392952107646e+01
8.692999999999999616e-01,-1.578589211059114739e+01
8.689000000000000057e-01,-1.572435956327666773e+01
8.686000000000000387e-01,-1.563116719633652885e+01
8.679000000000000048e-01,-1.569932038362224347e+01
8.675000000000000488e-01,-1.587278807818519688e+01
8.671999999999999709e-01,-1.580800948663271477e+01
8.665000000000000480e-01,-1.577352015364420446e+01
8.661999999999999700e-01,-1.585682347841786388e+01
8.659000000000000030e-01,-1.589659753366131767e+01
8.651999999999999691e-01,-1.579575235303668634e+01
8.649000000000000021e-01,-1.578521917207399738e+01
8.646000000000000352e-01,-1.592445518159603424e+01
8.639000000000000012e-01,-1.587529387460442898e+01
8.636000000000000343e-01,-1.588148443570523405e+01
8.632999999999999563e-01,-1.590827415683965995e+01
8.626000000000000334e-01,-1.590112924440747300e+01
8.621999999999999664e-01,-1.586385837002001686e+01
8.618999999999999995e-01,-1.575189715830281578e+01
8.612999999999999545e-01,-1.576955091197318382e+01
8.609999999999999876e-01,-1.578528447699996029e+01
8.602999999999999536e-01,-1.581574489047188692e+01
8.599999999999999867e-01,-1.581225700894558095e+01
8.594000000000000528e-01,-1.576085130230615938e+01
8.589999999999999858e-01,-1.578462310766401444e+01
8.587000000000000188e-01,-1.590246427237273430e+01
8.579999999999999849e-01,-1.597291508002064653e+01
8.577000000000000179e-01,-1.590625606727779129e+01
8.570999999999999730e-01,-1.591722508867644414e+01
8.567000000000000171e-01,-1.575369074657151991e+01
8.564000000000000501e-01,-1.591343925656085112e+01
8.557000000000000162e-01,-1.580919338526947904e+01
8.552999999999999492e-01,-1.571315611950023872e+01
8.546000000000000263e-01,-1.567001802616407602e+01
8.542999999999999483e-01,-1.562914965262058153e+01
8.539999999999999813e-01,-1.552739956845443992e+01
8.536000000000000254e-01,-1.567746557170355004e+01
8.529999999999999805e-01,-1.572584836130319630e+01
8.526000000000000245e-01,-1.584636526201785678e+01
8.519999999999999796e-01,-1.585524322212207871e+01
8.516000000000000236e-01,-1.578876487245738502e+01
8.512999999999999456e-01,-1.588170469305465815e+01
8.507000000000000117e-01,-1.577306734941250710e+01
8.504000000000000448e-01,-1.594944379749805385e+01
8.500999999999999668e-01,-1.593302697336599572e+01
8.494000000000000439e-01,-1.593773231501442744e+01
8.490999999999999659e-01,-1.573877777084949692e+01
8.484000000000000430e-01,-1.567404259881681838e+01
8.479999999999999760e-01,-1.568056204263815978e+01
8.477000000000000091e-01,-1.571034431070783910e+01
8.469999999999999751e-01,-1.581754565226234988e+01
8.467000000000000082e-01,-1.599855581240093194e+01
8.459999999999999742e-01,-1.576136906041329233e+01
8.457000000000000073e-01,-1.564643127803895162e+01
8.449999999999999734e-01,-1.567444225378860878e+01
8.446000000000000174e-01,-1.569401366254431096e+01
8.439999999999999725e-01,-1.575928548612666447e+01
8.437000000000000055e-01,-1.576372975806775223e+01
8.434000000000000385e-01,-1.571170836773107560e+01
8.429999999999999716e-01,-1.568667130065490589e+01
8.424000000000000377e-01,-1.569580246714606275e+01
8.420999999999999597e-01,-1.585979682910019761e+01
8.417999999999999927e-01,-1.587169100031593416e+01
8.410999999999999588e-01,-1.579717582347378269e+01
8.407999999999999918e-01,-1.576086894199474031e+01
8.400999999999999579e-01,-1.565593007312893903e+01
8.397999999999999909e-01,-1.575492921915295419e+01
8.395000000000000240e-01,-1.580326410392128267e+01
8.387999999999999901e-01,-1.583910183717267905e+01
8.385000000000000231e-01,-1.584239580416394944e+01
8.381999999999999451e-01,-1.564685730899035399e+01
8.375000000000000222e-01,-1.580595939452761023e+01
8.370999999999999552e-01,-1.571365193105446423e+01
8.364000000000000323e-01,-1.576847013640752770e+01
8.360999999999999543e-01,-1.585629224687126460e+01
8.357999999999999874e-01,-1.575722956813187636e+01
8.350999999999999535e-01,-1.565961337141458287e+01
8.347999999999999865e-01,-1.564600833619542541e+01
8.345000000000000195e-01,-1.568880785746728002e+01
8.337999999999999856e-01,-1.568685370506523213e+01
8.334000000000000297e-01,-1.567813950111105648e+01
8.330999999999999517e-01,-1.566100425730489931e+01
8.325000000000000178e-01,-1.554255760088099336e+01
8.322000000000000508e-01,-1.553705994021929726e+01
8.317999999999999838e-01,-1.559925395864187081e+01
8.312000000000000499e-01,-1.572817573716007722e+01
8.308999999999999719e-01,-1.563731811150027795e+01
8.306000000000000050e-01,-1.570402595755656883e+01
8.298999999999999710e-01,-1.571606581832205407e+01
8.295000000000000151e-01,-1.559434105064660336e+01
8.292000000000000481e-01,-1.560196598561248926e+01
8.285000000000000142e-01,-1.552937050883010350e+01
8.282000000000000473e-01,-1.550629690982912834e+01
8.278999999999999693e-01,-1.555245319460806996e+01
8.270999999999999464e-01,-1.563097118640359007e+01
8.267999999999999794e-01,-1.560282052085913307e+01
8.265000000000000124e-01,-1.556870977445857029e+01
8.258999999999999675e-01,-1.558181962245256180e+01
8.255000000000000115e-01,-1.561380588898210853e+01
8.252000000000000446e-01,-1.566216025659771738e+01
8.245999999999999996e-01,-1.554074620151663488e+01
8.243000000000000327e-01,-1.561329304766946180e+01
8.238999999999999657e-01,-1.557758678125461316e+01
8.232000000000000428e-01,-1.568215169032620793e+01
8.228999999999999648e-01,-1.562503511814911406e+01
8.225999999999999979e-01,-1.564061430587102741e+01
8.218999999999999639e-01,-1.564923851828034529e+01
8.215999999999999970e-01,-1.561850910649226165e+01
8.213000000000000300e-01,-1.555648404227439485e+01
8.205999999999999961e-01,-1.544859503856852889e+01
8.203000000000000291e-01,-1.559006435223652254e+01
8.199999999999999512e-01,-1.554470536144422788e+01
8.193000000000000282e-01,-1.561874658456913600e+01
8.188999999999999613e-01,-1.554009093075060122e+01
8.183000000000000274e-01,-1.557153565872743073e+01
8.179999999999999494e-01,-1.549400151987850549e+01
8.176999999999999824e-01,-1.550069301155419410e+01
8.173000000000000265e-01,-1.547267085054183866e+01
8.165999999999999925e-01,-1.549954059060845779e+01
8.163000000000000256e-01,-1.549467238231945210e+01
8.155999999999999917e-01,-1.568831712874902884e+01
8.153000000000000247e-01,-1.556193824875451703e+01
8.149999999999999467e-01,-1.562308835611533198e+01
8.143000000000000238e-01,-1.574598956686880769e+01
8.139999999999999458e-01,-1.563805424362697494e+01
8.134000000000000119e-01,-1.558290736735747473e+01
8.129999999999999449e-01,-1.553530546825887626e+01
8.126999999999999780e-01,-1.563505863010627905e+01
8.120000000000000551e-01,-1.567371397873645122e+01
8.116999999999999771e-01,-1.549995346027876764e+01
8.114000000000000101e-01,-1.555621543999300549e+01
8.106999999999999762e-01,-1.548821263389153025e+01
8.104000000000000092e-01,-1.550141001370759142e+01
8.101000000000000423e-01,-1.553645177026661806e+01
8.094000000000000083e-01,-1.557168297718512484e+01
8.091000000000000414e-01,-1.554986158742799596e+01
8.087999999999999634e-01,-1.557782379886631396e+01
8.081000000000000405e-01,-1.564626096288426460e+01
8.077999999999999625e-01,-1.560034121720343947e+01
8.074999999999999956e-01,-1.557416427122202940e+01
8.071000000000000396e-01,-1.572866680417889640e+01
8.064999999999999947e-01,-1.561800265787189446e+01
8.062000000000000277e-01,-1.556667165800336505e+01
8.057999999999999607e-01,-1.546914712459782137e+01
8.054999999999999938e-01,-1.556982879599147118e+01
8.048999999999999488e-01,-1.544753712350178176e+01
8.045999999999999819e-01,-1.548234152096185312e+01
8.038999999999999480e-01,-1.535329263911847519e+01
8.035999999999999810e-01,-1.533319290800824319e+01
8.033000000000000140e-01,-1.543824686177667616e+01
8.025999999999999801e-01,-1.556497289435798592e+01
8.022000000000000242e-01,-1.566503517031721593e+01
8.018999999999999462e-01,-1.562911429732376511e+01
8.012000000000000233e-01,-1.553654334086745870e+01
8.007999999999999563e-01,-1.561499414214290482e+01
8.004999999999999893e-01,-1.557783955246291896e+01
7.999000000000000554e-01,-1.562707534420804478e+01
7.994999999999999885e-01,-1.563210933476629982e+01
7.992000000000000215e-01,-1.549461827800822888e+01
7.984999999999999876e-01,-1.571190367302939883e+01
7.982000000000000206e-01,-1.566022209883131922e+01
7.979000000000000536e-01,-1.555194322663527196e+01
7.972000000000000197e-01,-1.551386677602975617e+01
7.969000000000000528e-01,-1.553639113064291344e+01
7.962000000000000188e-01,-1.548916388730186000e+01
7.954999999999999849e-01,-1.547998434289427472e+01
7.952000000000000179e-01,-1.552713575819963587e+01
7.949000000000000510e-01,-1.551674457829889775e+01
7.942000000000000171e-01,-1.545495131187743887e+01
7.939000000000000501e-01,-1.548344222147063043e+01
7.935999999999999721e-01,-1.558443150752588835e+01
7.929000000000000492e-01,-1.560309529596822387e+01
7.925999999999999712e-01,-1.552424222523180575e+01
7.920000000000000373e-01,-1.543738248216798858e+01
7.915999999999999703e-01,-1.548656851317799976e+01
7.913000000000000034e-01,-1.554701154491211845e+01
7.906999999999999584e-01,-1.555846943938014171e+01
7.903000000000000025e-01,-1.547071871670600807e+01
7.900000000000000355e-01,-1.544824641437556068e+01
7.893999999999999906e-01,-1.546474815004314785e+01
7.890000000000000346e-01,-1.556068036835094759e+01
7.886999999999999567e-01,-1.544293951297052025e+01
7.880000000000000338e-01,-1.548634694800050937e+01
7.876999999999999558e-01,-1.557453583158662269e+01
7.872999999999999998e-01,-1.550090462507733946e+01
7.865999999999999659e-01,-1.558186760187629538e+01
7.862999999999999989e-01,-1.549524005387955761e+01
7.860000000000000320e-01,-1.543022773863008190e+01
7.852999999999999980e-01,-1.547046824165931511e+01
7.850000000000000311e-01,-1.552476578103529192e+01
7.845999999999999641e-01,-1.550968500940701844e+01
7.839000000000000412e-01,-1.550020878463486973e+01
7.835999999999999632e-01,-1.553239604930919171e+01
7.832999999999999963e-01,-1.553071751312718263e+01
7.825999999999999623e-01,-1.536614176211150173e+01
7.822999999999999954e-01,-1.557167485408805163e+01
7.815999999999999615e-01,-1.549768634682225077e+01
7.810000000000000275e-01,-1.545312558431993466e+01
7.806999999999999496e-01,-1.545434277822931435e+01
7.803999999999999826e-01,-1.547325210757141356e+01
7.796999999999999487e-01,-1.542765204070222218e+01
7.793999999999999817e-01,-1.546643695583037648e+01
7.791000000000000147e-01,-1.555396404363633422e+01
7.783999999999999808e-01,-1.552127948541226843e+01
7.781000000000000139e-01,-1.566822083161204304e+01
7.776999999999999469e-01,-1.557938886244799725e+01
7.770000000000000240e-01,-1.550263952664957046e+01
7.766999999999999460e-01,-1.553048045274743671e+01
7.760000000000000231e-01,-1.545249990191621592e+01
7.756999999999999451e-01,-1.548863586862056430e+01
7.752999999999999892e-01,-1.548385271891127068e+01
7.747000000000000552e-01,-1.561235238048824847e+01
7.742999999999999883e-01,-1.565943089151611645e+01
7.740000000000000213e-01,-1.554068106372156421e+01
7.733999999999999764e-01,-1.543600971799256527e+01
7.730000000000000204e-01,-1.538358622038714074e+01
7.723999999999999755e-01,-1.552085865695199551e+01
7.721000000000000085e-01,-1.547185357047798782e+01
7.717000000000000526e-01,-1.549384512796883939e+01
7.711000000000000076e-01,-1.550928366228160726e+01
7.707000000000000517e-01,-1.539980972981224916e+01
7.703999999999999737e-01,-1.542579139553589762e+01
7.698000000000000398e-01,-1.543196529049453680e+01
7.693999999999999728e-01,-1.545356420065441938e+01
7.691000000000000059e-01,-1.546769753690115401e+01
7.683999999999999719e-01,-1.552361244011929031e+01
7.681000000000000050e-01,-1.548670897659892809e+01
7.678000000000000380e-01,-1.543667541527311116e+01
7.671000000000000041e-01,-1.551643793409130190e+01
7.667000000000000481e-01,-1.555570891565776925e+01
7.663999999999999702e-01,-1.554060648458720273e+01
7.658000000000000362e-01,-1.544191400338363529e+01
7.651000000000000023e-01,-1.551047902987289007e+01
7.648000000000000353e-01,-1.544721623534294253e+01
7.641999999999999904e-01,-1.539379457394579198e+01
7.638000000000000345e-01,-1.530284395848896928e+01
7.634999999999999565e-01,-1.546106691842942560e+01
7.631999999999999895e-01,-1.550387730937267605e+01
7.624999999999999556e-01,-1.547778147026456708e+01
7.621999999999999886e-01,-1.558122049494202521e+01
7.618000000000000327e-01,-1.558712430509996061e+01
7.610999999999999988e-01,-1.549092005203841005e+01
7.608000000000000318e-01,-1.547111987252359988e+01
7.603999999999999648e-01,-1.538242117774439954e+01
7.597000000000000419e-01,-1.537114484080597698e+01
7.593999999999999639e-01,-1.546975396237272982e+01
7.590999999999999970e-01,-1.541482281782044161e+01
7.587000000000000410e-01,-1.533435708762648986e+01
7.578000000000000291e-01,-1.532516158366048842e+01
7.573999999999999622e-01,-1.553378808670409583e+01
7.570999999999999952e-01,-1.543738575443412842e+01
7.564999999999999503e-01,-1.547197592382575415e+01
7.561999999999999833e-01,-1.548856432096960134e+01
7.558000000000000274e-01,-1.535864076798714528e+01
7.551999999999999824e-01,-1.530837801020099320e+01
7.549000000000000155e-01,-1.532459391117091663e+01
7.544999999999999485e-01,-1.547930584472620730e+01
7.538000000000000256e-01,-1.543028671821379838e+01
7.534999999999999476e-01,-1.543861660383430845e+01
7.532999999999999696e-01,-1.539580441925064669e+01
7.526000000000000467e-01,-1.544459634958642802e+01
7.522999999999999687e-01,-1.541069385350580312e+01
7.516000000000000458e-01,-1.533175201564847612e+01
7.512999999999999678e-01,-1.547334093453299886e+01
7.509000000000000119e-01,-1.542154376600593224e+01
7.502999999999999670e-01,-1.535519058283177785e+01
7.499000000000000110e-01,-1.539092803075556226e+01
7.495000000000000551e-01,-1.542340974793427932e+01
7.491999999999999771e-01,-1.533647219670464956e+01
7.486000000000000432e-01,-1.538281790961024775e+01
7.481999999999999762e-01,-1.541509712227537321e+01
7.479000000000000092e-01,-1.547430205096787503e+01
7.471999999999999753e-01,-1.532233693073347958e+01
7.469000000000000083e-01,-1.531004136339688593e+01
7.466000000000000414e-01,-1.518257861854964474e+01
7.459000000000000075e-01,-1.519432262378954768e+01
7.456000000000000405e-01,-1.525970850938945844e+01
7.451999999999999735e-01,-1.522558423327500066e+01
7.446000000000000396e-01,-1.534898865030113413e+01
7.442999999999999616e-01,-1.530723068343562865e+01
7.439999999999999947e-01,-1.530279562468646937e+01
7.432999999999999607e-01,-1.527778930188860507e+01
7.429999999999999938e-01,-1.532389864355504194e+01
7.427000000000000268e-01,-1.538336761710227485e+01
7.419999999999999929e-01,-1.539689476033005100e+01
7.416000000000000369e-01,-1.529586770383775374e+01
7.412999999999999590e-01,-1.538830314101189245e+01
7.407000000000000250e-01,-1.534218940826802324e+01
7.399999999999999911e-01,-1.530201763448191876e+01
7.397000000000000242e-01,-1.526165970811964989e+01
7.389999999999999902e-01,-1.531827563998923480e+01
7.387000000000000233e-01,-1.530944081441186455e+01
7.383999999999999453e-01,-1.533795757265778903e+01
7.377000000000000224e-01,-1.538574769686471733e+01
7.374000000000000554e-01,-1.540781415735057180e+01
7.367000000000000215e-01,-1.539307293924431796e+01
7.364000000000000545e-01,-1.532068083091066235e+01
7.357000000000000206e-01,-1.530825431206158882e+01
7.354000000000000536e-01,-1.534765321556177931e+01
7.347000000000000197e-01,-1.531550546408338320e+01
7.344000000000000528e-01,-1.508116475290735892e+01
7.338000000000000078e-01,-1.525452956873413868e+01
7.335000000000000409e-01,-1.524364878350116825e+01
7.330999999999999739e-01,-1.536990748936253581e+01
7.325000000000000400e-01,-1.548497259501379908e+01
7.321999999999999620e-01,-1.531835767151030758e+01
7.318000000000000060e-01,-1.530802791464506285e+01
7.315000000000000391e-01,-1.528467621378362296e+01
7.308000000000000052e-01,-1.530158615209312600e+01
7.305000000000000382e-01,-1.527460518401056078e+01
7.300999999999999712e-01,-1.534941123619926451e+01
7.295000000000000373e-01,-1.537611330903959939e+01
7.291999999999999593e-01,-1.534322098043711513e+01
7.285000000000000364e-01,-1.531553480275046830e+01
7.281999999999999584e-01,-1.529063967159330772e+01
7.276000000000000245e-01,-1.524239569472224787e+01
7.272999999999999465e-01,-1.530817203593323050e+01
7.268999999999999906e-01,-1.537466179908752295e+01
7.261999999999999567e-01,-1.534676086695557373e+01
7.256000000000000227e-01,-1.536920782974765487e+01
7.252999999999999448e-01,-1.544135174378850195e+01
7.246000000000000218e-01,-1.546742785110532381e+01
7.243000000000000549e-01,-1.538797317486902827e+01
7.236000000000000210e-01,-1.532688206385083518e+01
7.233000000000000540e-01,-1.521224992150974131e+01
7.227000000000000091e-01,-1.519798621726605248e+01
7.223000000000000531e-01,-1.511355446638159350e+01
7.219999999999999751e-01,-1.529094071788632192e+01
7.214000000000000412e-01,-1.526605276944400025e+01
7.209999999999999742e-01,-1.521251413986266598e+01
7.204000000000000403e-01,-1.534969175906800132e+01
7.200999999999999623e-01,-1.522358870001882813e+01
7.197000000000000064e-01,-1.525093970247510811e+01
7.190999999999999615e-01,-1.525883348358295777e+01
7.187999999999999945e-01,-1.523511464630016654e+01
7.185000000000000275e-01,-1.529986647035618397e+01
7.180999999999999606e-01,-1.533774726951986267e+01
7.175000000000000266e-01,-1.539137685829727609e+01
7.171999999999999487e-01,-1.536725994537467166e+01
7.165000000000000258e-01,-1.537002828532630438e+01
7.161999999999999478e-01,-1.527039856850046640e+01
7.155000000000000249e-01,-1.527634354196579913e+01
7.151999999999999469e-01,-1.517219748256980871e+01
7.147999999999999909e-01,-1.515521489578357617e+01
7.141999999999999460e-01,-1.522623134910979026e+01
7.137999999999999901e-01,-1.527231490711742445e+01
7.135000000000000231e-01,-1.515545635913506040e+01
7.127999999999999892e-01,-1.526927265254936827e+01
7.125000000000000222e-01,-1.532623484892551780e+01
7.122000000000000552e-01,-1.529124413100994140e+01
7.116000000000000103e-01,-1.534125319637650442e+01
7.112000000000000544e-01,-1.532766959816671992e+01
7.106000000000000094e-01,-1.536497565930283038e+01
7.102000000000000535e-01,-1.522187066439187042e+01
7.098999999999999755e-01,-1.541395033770659140e+01
7.092000000000000526e-01,-1.532873571060749640e+01
7.088999999999999746e-01,-1.528903523825330169e+01
7.083000000000000407e-01,-1.530477748097544577e+01
7.079999999999999627e-01,-1.528575868963008233e+01
7.076000000000000068e-01,-1.532862072934453046e+01
7.069999999999999618e-01,-1.529793096082384807e+01
7.066000000000000059e-01,-1.536811814285216471e+01
7.063000000000000389e-01,-1.533655430947999676e+01
7.058999999999999719e-01,-1.530128893778674737e+01
7.053000000000000380e-01,-1.520654988463945934e+01
7.049999999999999600e-01,-1.519202163641677394e+01
7.046000000000000041e-01,-1.517883422816421835e+01
7.039999999999999591e-01,-1.525838570924399562e+01
7.036000000000000032e-01,-1.531943024648411011e+01
7.033000000000000362e-01,-1.522459809804319342e+01
7.026000000000000023e-01,-1.523852098993128834e+01
7.023000000000000353e-01,-1.522998995965862967e+01
7.019999999999999574e-01,-1.523069250967280119e+01
7.013000000000000345e-01,-1.520383410723892581e+01
7.009999999999999565e-01,-1.515147114580592991e+01
7.006999999999999895e-01,-1.517137228677452043e+01
6.999999999999999556e-01,-1.525747676724220980e+01
6.996999999999999886e-01,-1.529094414581414263e+01
6.993000000000000327e-01,-1.534907256254070340e+01
6.985999999999999988e-01,-1.533705141110140779e+01
6.983000000000000318e-01,-1.529917440850573485e+01
6.975999999999999979e-01,-1.520878386486674039e+01
6.973000000000000309e-01,-1.516401162127414537e+01
6.968999999999999639e-01,-1.521872635352073466e+01
6.963000000000000300e-01,-1.525005069226946475e+01
6.959999999999999520e-01,-1.536287497245899658e+01
6.956999999999999851e-01,-1.527053174249408762e+01
6.949999999999999512e-01,-1.518013276955920432e+01
6.946999999999999842e-01,-1.512654038114021127e+01
6.944000000000000172e-01,-1.523985924954942739e+01
6.936999999999999833e-01,-1.519145434282220819e+01
6.933000000000000274e-01,-1.520472986579028607e+01
6.929999999999999494e-01,-1.515159140418427164e+01
6.923000000000000265e-01,-1.517556072280022050e+01
6.915999999999999925e-01,-1.514081367260311239e+01
6.913000000000000256e-01,-1.526303977675037871e+01
6.909999999999999476e-01,-1.518492167483466027e+01
6.903000000000000247e-01,-1.526862897520339679e+01
6.895999999999999908e-01,-1.537446212379464328e+01
6.893000000000000238e-01,-1.528515302527833697e+01
6.888999999999999568e-01,-1.523641699986170650e+01
6.885999999999999899e-01,-1.521846118847673246e+01
6.878999999999999559e-01,-1.536989221214918722e+01
6.872000000000000330e-01,-1.530792487768580301e+01
6.868999999999999551e-01,-1.521223337888032212e+01
6.865999999999999881e-01,-1.525873356572641626e+01
6.858999999999999542e-01,-1.526678604568598452e+01
6.854999999999999982e-01,-1.531609960781403856e+01
6.848999999999999533e-01,-1.527863370614362992e+01
6.845999999999999863e-01,-1.521707276274219467e+01
6.842000000000000304e-01,-1.517128324678828477e+01
6.834999999999999964e-01,-1.524044449288516567e+01
6.832000000000000295e-01,-1.513071561093492434e+01
6.828999999999999515e-01,-1.515107389315206632e+01
6.822000000000000286e-01,-1.517823825833500351e+01
6.818999999999999506e-01,-1.498580767010935055e+01
6.812000000000000277e-01,-1.515024280489959629e+01
6.808999999999999497e-01,-1.516938756040793201e+01
6.804999999999999938e-01,-1.522570377433980759e+01
6.797999999999999599e-01,-1.507868744329080002e+01
6.794999999999999929e-01,-1.515604199004479824e+01
6.791000000000000369e-01,-1.508628378830301919e+01
6.787999999999999590e-01,-1.521924536830388242e+01
6.781000000000000361e-01,-1.514546801812399757e+01
6.776999999999999691e-01,-1.511626547633683515e+01
6.771000000000000352e-01,-1.512826317587650671e+01
6.766999999999999682e-01,-1.525230159678380559e+01
6.764000000000000012e-01,-1.514113945405848227e+01
6.756999999999999673e-01,-1.517388781306760315e+01
6.754000000000000004e-01,-1.508039881519956893e+01
6.750000000000000444e-01,-1.506596826086215657e+01
6.746999999999999664e-01,-1.514630667753284321e+01
6.740000000000000435e-01,-1.513908067321111872e+01
6.736999999999999655e-01,-1.523736547664831420e+01
6.730000000000000426e-01,-1.528281980972875154e+01
6.726999999999999647e-01,-1.529280172550984851e+01
6.720000000000000417e-01,-1.527421761708738757e+01
6.715999999999999748e-01,-1.527083170015089131e+01
6.713000000000000078e-01,-1.525389193081051431e+01
6.705999999999999739e-01,-1.521761095339144454e+01
6.703000000000000069e-01,-1.518263478483671669e+01
6.700000000000000400e-01,-1.518008948655745449e+01
6.693000000000000060e-01,-1.510660265150592885e+01
6.690000000000000391e-01,-1.508346255576888417e+01
6.685999999999999721e-01,-1.514858082516694004e+01
6.679000000000000492e-01,-1.512973554566206325e+01
6.675999999999999712e-01,-1.512712204661858095e+01
6.673000000000000043e-01,-1.511170542192845367e+01
6.665999999999999703e-01,-1.503865751380246252e+01
6.663000000000000034e-01,-1.515617954889027530e+01
6.659000000000000474e-01,-1.521326249694105570e+01
6.653000000000000025e-01,-1.510721787519476322e+01
6.649000000000000465e-01,-1.512290673350256931e+01
6.645999999999999686e-01,-1.521837005962547984e+01
6.643000000000000016e-01,-1.515447974454716196e+01
6.635999999999999677e-01,-1.513727859238870543e+01
6.632000000000000117e-01,-1.525494720256721060e+01
6.625999999999999668e-01,-1.528678185097401254e+01
6.622000000000000108e-01,-1.522707408127092776e+01
6.619000000000000439e-01,-1.525379708187937489e+01
6.612000000000000099e-01,-1.514672773986341880e+01
6.609000000000000430e-01,-1.516759642083524717e+01
6.602000000000000091e-01,-1.517004939135552988e+01
6.599000000000000421e-01,-1.510798830780188418e+01
6.595999999999999641e-01,-1.512031148501588262e+01
6.589000000000000412e-01,-1.522263989112626348e+01
6.585999999999999632e-01,-1.505789906507170173e+01
6.582999999999999963e-01,-1.512726781719882219e+01
6.575999999999999623e-01,-1.517830188399000768e+01
6.572999999999999954e-01,-1.517265019805799575e+01
6.570000000000000284e-01,-1.518239105817520773e+01
6.562999999999999945e-01,-1.509028327933521396e+01
6.560000000000000275e-01,-1.503556835500356037e+01
6.555999999999999606e-01,-1.515010931412682105e+01
6.545999999999999597e-01,-1.528705199355974464e+01
6.542999999999999927e-01,-1.522988260358390455e+01
6.539000000000000368e-01,-1.503152929036933116e+01
6.532999999999999918e-01,-1.503692522000204335e+01
6.530000000000000249e-01,-1.496783673275055371e+01
6.522999999999999909e-01,-1.501650403014660107e+01
6.520000000000000240e-01,-1.502995103486778206e+01
6.516999999999999460e-01,-1.507947588130975269e+01
6.510000000000000231e-01,-1.505238391927106179e+01
6.506999999999999451e-01,-1.508135789899988133e+01
6.502999999999999892e-01,-1.502738665296815945e+01
6.497000000000000552e-01,-1.510066663505896933e+01
6.493999999999999773e-01,-1.494489701817421690e+01
6.491000000000000103e-01,-1.503829175166547927e+01
6.483999999999999764e-01,-1.506694578954932062e+01
6.481000000000000094e-01,-1.501150901883751487e+01
6.478000000000000425e-01,-1.496852904184784272e+01
6.471000000000000085e-01,-1.498785612364331854e+01
6.468000000000000416e-01,-1.490260002053904032e+01
6.464999999999999636e-01,-1.501754487046938458e+01
6.459000000000000297e-01,-1.494103930569853844e+01
6.455999999999999517e-01,-1.490675320894533584e+01
6.451999999999999957e-01,-1.495808655692593447e+01
6.445999999999999508e-01,-1.505056438117040329e+01
6.442999999999999838e-01,-1.505150343771213173e+01
6.439000000000000279e-01,-1.507124396691161117e+01
6.432999999999999829e-01,-1.508024379580988317e+01
6.430000000000000160e-01,-1.501833718813988483e+01
6.427000000000000490e-01,-1.500832142233236155e+01
6.421000000000000041e-01,-1.493471206695240383e+01
6.418000000000000371e-01,-1.497917479297448651e+01
6.411999999999999922e-01,-1.501174057201935064e+01
6.408000000000000362e-01,-1.489596412861653896e+01
6.401999999999999913e-01,-1.495659416166127542e+01
6.399000000000000243e-01,-1.491824459757488341e+01
6.395999999999999464e-01,-1.472966658132906659e+01
6.392999999999999794e-01,-1.480158385658014808e+01
6.385999999999999455e-01,-1.481455106895684537e+01
6.382999999999999785e-01,-1.497943927949562593e+01
6.377000000000000446e-01,-1.486709084231067557e+01
6.373999999999999666e-01,-1.477333984518857868e+01
6.370999999999999996e-01,-1.489796179456447867e+01
6.363999999999999657e-01,-1.493572501798301211e+01
6.360999999999999988e-01,-1.480780264995649631e+01
6.358000000000000318e-01,-1.478471563608274941e+01
6.351999999999999869e-01,-1.475062212411958740e+01
6.349000000000000199e-01,-1.474152768985974937e+01
6.346000000000000529e-01,-1.477141766705767800e+01
6.339000000000000190e-01,-1.485473137463853810e+01
6.336000000000000520e-01,-1.491666247071445817e+01
6.332999999999999741e-01,-1.490704576286487892e+01
6.327000000000000401e-01,-1.479038322234858782e+01
6.323999999999999622e-01,-1.477073902610452194e+01
6.320999999999999952e-01,-1.474607023632642111e+01
6.314999999999999503e-01,-1.479182554521944759e+01
6.311999999999999833e-01,-1.475465210743834277e+01
6.309000000000000163e-01,-1.472239577904911556e+01
6.303999999999999604e-01,-1.476471734888160725e+01
6.300999999999999934e-01,-1.466112934396871026e+01
6.294999999999999485e-01,-1.466719843102905152e+01
6.291999999999999815e-01,-1.476108974284703557e+01
6.286000000000000476e-01,-1.467015840690127249e+01
6.282999999999999696e-01,-1.465550173875736206e+01
6.280000000000000027e-01,-1.464537019118111694e+01
6.273999999999999577e-01,-1.463656803592991373e+01
6.270999999999999908e-01,-1.464636339886093275e+01
6.268000000000000238e-01,-1.468420585998735461e+01
6.262999999999999678e-01,-1.471559684280620850e+01
6.260000000000000009e-01,-1.459245870461863603e+01
6.257000000000000339e-01,-1.457231266420418514e+01
6.250999999999999890e-01,-1.455394759261614190e+01
6.248000000000000220e-01,-1.453107999983931009e+01
6.245000000000000551e-01,-1.460011085619257187e+01
6.239000000000000101e-01,-1.461333116090004403e+01
6.237000000000000322e-01,-1.446294690431847840e+01
6.232999999999999652e-01,-1.451966137920651256e+01
6.227000000000000313e-01,-1.451318532186343724e+01
6.223999999999999533e-01,-1.445764834988290737e+01
6.220999999999999863e-01,-1.443245736902336951e+01
6.215000000000000524e-01,-1.436237675769211286e+01
6.211999999999999744e-01,-1.430745648366739431e+01
6.206000000000000405e-01,-1.444784567961737665e+01
6.202999999999999625e-01,-1.432873418895606932e+01
6.198000000000000176e-01,-1.437014016653966664e+01
6.193999999999999506e-01,-1.431950227685444688e+01
6.191999999999999726e-01,-1.432176968984462384e+01
6.185000000000000497e-01,-1.422410909037138005e+01
6.181999999999999718e-01,-1.427303859708158384e+01
6.179000000000000048e-01,-1.413632958949771812e+01
6.172999999999999599e-01,-1.409565770898683290e+01
6.169999999999999929e-01,-1.419228049749339959e+01
6.163999999999999480e-01,-1.415811264459864915e+01
6.160999999999999810e-01,-1.418098744875020678e+01
6.158000000000000140e-01,-1.416494627838570075e+01
6.155000000000000471e-01,-1.417595111870423352e+01
6.149000000000000021e-01,-1.410446927197070011e+01
6.146000000000000352e-01,-1.412611425858053060e+01
6.142999999999999572e-01,-1.413864761798926750e+01
6.136000000000000343e-01,-1.402056180099496530e+01
6.132999999999999563e-01,-1.410763404968255763e+01
6.129999999999999893e-01,-1.405334442963097885e+01
6.127000000000000224e-01,-1.403641999122877060e+01
6.121999999999999664e-01,-1.402546919324603536e+01
6.118999999999999995e-01,-1.399885825433119457e+01
6.116000000000000325e-01,-1.395536029549374391e+01
6.109999999999999876e-01,-1.400271431213255902e+01
6.107000000000000206e-01,-1.390697283376787041e+01
6.100999999999999757e-01,-1.380777259807940460e+01
6.097000000000000197e-01,-1.381320429489178636e+01
6.094000000000000528e-01,-1.383626015666414943e+01
6.090999999999999748e-01,-1.396298487107792319e+01
6.085000000000000409e-01,-1.375130356573873236e+01
6.080999999999999739e-01,-1.373388554014075602e+01
6.078000000000000069e-01,-1.371674398452484311e+01
6.071999999999999620e-01,-1.366093174440651659e+01
6.068999999999999950e-01,-1.377432356746248487e+01
6.066000000000000281e-01,-1.367063431122368655e+01
6.058999999999999941e-01,-1.364436788611990004e+01
6.056000000000000272e-01,-1.366678523996422356e+01
6.052999999999999492e-01,-1.359217599997148618e+01
6.046000000000000263e-01,-1.347822755483427848e+01
6.042999999999999483e-01,-1.358720776030138566e+01
6.037000000000000144e-01,-1.356469381041166322e+01
6.032999999999999474e-01,-1.345889063231187066e+01
6.027000000000000135e-01,-1.347628878959833720e+01
6.019999999999999796e-01,-1.345165946859206230e+01
6.017000000000000126e-01,-1.357345229655217800e+01
6.010999999999999677e-01,-1.358808382653639235e+01
6.007000000000000117e-01,-1.349965163583996919e+01
6.000999999999999668e-01,-1.363493811374497433e+01
5.997000000000000108e-01,-1.348105812090348543e+01
5.994000000000000439e-01,-1.348627132527679606e+01
5.983000000000000540e-01,-1.338152942332929207e+01
5.979999999999999760e-01,-1.333263389525123443e+01
5.977000000000000091e-01,-1.331320250714624898e+01
5.973000000000000531e-01,-1.335705748082491340e+01
5.963000000000000522e-01,-1.335340875147604578e+01
5.958999999999999853e-01,-1.326599066391858450e+01
5.951999999999999513e-01,-1.327105727143276503e+01
5.948999999999999844e-01,-1.321449827191688975e+01
5.941999999999999504e-01,-1.323715750667364688e+01
5.937999999999999945e-01,-1.319311494291279807e+01
5.930999999999999606e-01,-1.304819527365112108e+01
5.927999999999999936e-01,-1.330027079064020157e+01
5.924000000000000377e-01,-1.320724939957943711e+01
5.917000000000000037e-01,-1.314130735042854781e+01
5.913000000000000478e-01,-1.306269840824292672e+01
5.909999999999999698e-01,-1.313502594803544277e+01
5.901999999999999469e-01,-1.305386291986917691e+01
5.898999999999999799e-01,-1.293736618439558406e+01
5.895000000000000240e-01,-1.292919307541076002e+01
5.887999999999999901e-01,-1.296877079423834012e+01
5.884000000000000341e-01,-1.297654542854985493e+01
5.879999999999999671e-01,-1.297892524484362298e+01
5.872000000000000552e-01,-1.296751319127785429e+01
5.867999999999999883e-01,-1.288434595971979846e+01
5.860999999999999543e-01,-1.291984369124954135e+01
5.856999999999999984e-01,-1.279250621989995018e+01
5.848999999999999755e-01,-1.273263936548592312e+01
5.846000000000000085e-01,-1.273359287883258872e+01
5.842000000000000526e-01,-1.270086410755863504e+01
5.834000000000000297e-01,-1.276360094303041848e+01
5.829999999999999627e-01,-1.265647340892832950e+01
5.826000000000000068e-01,-1.267287478893272912e+01
5.822000000000000508e-01,-1.278347208987420203e+01
5.814000000000000279e-01,-1.279881034999420031e+01
5.809999999999999609e-01,-1.277839915401392901e+01
5.806000000000000050e-01,-1.269142641796691251e+01
5.797999999999999821e-01,-1.257132840485116532e+01
5.794000000000000261e-01,-1.256888202335083804e+01
5.782000000000000473e-01,-1.245354802800590477e+01
5.777999999999999803e-01,-1.245432445083280371e+01
5.773000000000000353e-01,-1.246962830062769356e+01
5.765000000000000124e-01,-1.233593427430361800e+01
5.760999999999999455e-01,-1.240802331711416251e+01
5.752000000000000446e-01,-1.240928698435011768e+01
5.747999999999999776e-01,-1.241918102858115880e+01
5.744000000000000217e-01,-1.242864350010077956e+01
5.735000000000000098e-01,-1.237651642659763240e+01
5.731000000000000538e-01,-1.230216619812294532e+01
5.725999999999999979e-01,-1.231719348225484012e+01
5.716999999999999860e-01,-1.233718872128645394e+01
5.713000000000000300e-01,-1.227649220118219553e+01
5.707999999999999741e-01,-1.234358104939001599e+01
5.699999999999999512e-01,-1.226483933366821688e+01
5.695000000000000062e-01,-1.229446604004650467e+01
5.691000000000000503e-01,-1.231136624426001269e+01
5.681000000000000494e-01,-1.235724212202545935e+01
5.676999999999999824e-01,-1.226997584637054572e+01
5.672000000000000375e-01,-1.246613392337191151e+01
5.663000000000000256e-01,-1.230006862255397770e+01
5.658999999999999586e-01,-1.228319254337516675e+01
5.654000000000000137e-01,-1.224393051142500610e+01
5.645000000000000018e-01,-1.224930117719813794e+01
5.639999999999999458e-01,-1.227780701768335625e+01
5.635999999999999899e-01,-1.221565092934598340e+01
5.625999999999999890e-01,-1.214043713179211537e+01
5.622000000000000330e-01,-1.198623306216664197e+01
5.616999999999999771e-01,-1.212096162413597433e+01
5.607999999999999652e-01,-1.205522020615371126e+01
5.603000000000000203e-01,-1.206316177887398133e+01
5.593000000000000194e-01,-1.199718364824726713e+01
5.588999999999999524e-01,-1.195717876025159399e+01
5.584000000000000075e-01,-1.189412531243322668e+01
5.574000000000000066e-01,-1.183215945675065583e+01
5.570000000000000506e-01,-1.190744786022318991e+01
5.564999999999999947e-01,-1.191921270880377470e+01
5.554999999999999938e-01,-1.177713914805545947e+01
5.550000000000000488e-01,-1.174224527361782400e+01
5.544999999999999929e-01,-1.172576833157320664e+01
5.534999999999999920e-01,-1.173504444350013998e+01
5.531000000000000361e-01,-1.170614334275021307e+01
5.525999999999999801e-01,-1.174468108968576985e+01
5.515999999999999792e-01,-1.165762544833243552e+01
5.511000000000000343e-01,-1.168753052398462167e+01
5.505999999999999783e-01,-1.169479209799902542e+01
5.495999999999999774e-01,-1.171072096079143421e+01
5.492000000000000215e-01,-1.171979762025245009e+01
5.486999999999999655e-01,-1.168289661641810184e+01
5.476999999999999647e-01,-1.170735564515659100e+01
5.472000000000000197e-01,-1.174648774086703007e+01
5.462000000000000188e-01,-1.165833302433170360e+01
5.457999999999999519e-01,-1.171307559583844515e+01
5.453000000000000069e-01,-1.175319534564020785e+01
5.443000000000000060e-01,-1.175058601094701416e+01
5.437999999999999501e-01,-1.171071974355722034e+01
5.427999999999999492e-01,-1.159871506284009257e+01
5.423999999999999932e-01,-1.157924306014303539e+01
5.419000000000000483e-01,-1.167134208130545936e+01
5.413999999999999924e-01,-1.154413891886422405e+01
5.413000000000000034e-01,-1.155506501036868805e+01
5.412000000000000144e-01,-1.145938700948681976e+01
5.411000000000000254e-01,-1.163879987332253840e+01
5.410000000000000364e-01,-1.162326402372338485e+01
5.409000000000000474e-01,-1.159382598317172253e+01
5.407999999999999474e-01,-1.160059882478825877e+01
5.406999999999999584e-01,-1.165177488026613872e+01
5.405999999999999694e-01,-1.161052261954825049e+01
5.404999999999999805e-01,-1.166926114307756457e+01
5.403999999999999915e-01,-1.158171805607606153e+01
5.403000000000000025e-01,-1.155963131544623579e+01
5.401000000000000245e-01,-1.152812536960963108e+01
5.400000000000000355e-01,-1.167971859301697712e+01
5.397999999999999465e-01,-1.168679888632825836e+01
5.395999999999999686e-01,-1.167633394622055043e+01
5.393000000000000016e-01,-1.148048251271120712e+01
5.392000000000000126e-01,-1.161871447133673918e+01
5.390000000000000346e-01,-1.158540005434857001e+01
5.386999999999999567e-01,-1.167657321664190917e+01
5.383000000000000007e-01,-1.148812699474054178e+01
5.382000000000000117e-01,-1.158588019143924619e+01
5.380000000000000338e-01,-1.149324817881639405e+01
5.379000000000000448e-01,-1.140951153315791800e+01
5.375999999999999668e-01,-1.148776559451109414e+01
5.373999999999999888e-01,-1.162732296189784087e+01
5.371000000000000218e-01,-1.148003161001989447e+01
5.368000000000000549e-01,-1.166453080150044208e+01
5.364999999999999769e-01,-1.142437790451313440e+01
5.362000000000000099e-01,-1.166987178000721315e+01
5.361000000000000210e-01,-1.146672919571838456e+01
5.360000000000000320e-01,-1.137524314870188036e+01
5.359000000000000430e-01,-1.155105015451952255e+01
5.356999999999999540e-01,-1.153376904771304190e+01
5.352000000000000091e-01,-1.157034909004886458e+01
5.349000000000000421e-01,-1.149039355822327479e+01
5.348000000000000531e-01,-1.154197177932521967e+01
5.342999999999999972e-01,-1.157286504579147923e+01
5.342000000000000082e-01,-1.151155228314376977e+01
5.339000000000000412e-01,-1.150448685431322993e+01
5.338000000000000522e-01,-1.153386112463725155e+01
5.335999999999999632e-01,-1.132209669775854977e+01
5.334999999999999742e-01,-1.145799471151754112e+01
5.329000000000000403e-01,-1.156564792259657715e+01
5.328000000000000513e-01,-1.152922248183804044e+01
5.324999999999999734e-01,-1.169728000666690804e+01
5.323999999999999844e-01,-1.158038200713470189e+01
5.322000000000000064e-01,-1.129254564046378739e+01
5.321000000000000174e-01,-1.162941016180458753e+01
5.320000000000000284e-01,-1.152318979771574092e+01
5.313999999999999835e-01,-1.157345551820931639e+01
5.311000000000000165e-01,-1.155037884617319754e+01
5.310000000000000275e-01,-1.148934113220524011e+01
5.306999999999999496e-01,-1.153904238542138216e+01
5.305999999999999606e-01,-1.119749052719875060e+01
5.302999999999999936e-01,-1.152831510263605708e+01
5.299000000000000377e-01,-1.156359528470575526e+01
5.294999999999999707e-01,-1.141194014164705806e+01
5.293999999999999817e-01,-1.131138379125290427e+01
5.289000000000000368e-01,-1.137913873383135765e+01
5.288000000000000478e-01,-1.146673864687265265e+01
5.284999999999999698e-01,-1.147276737912261702e+01
5.280000000000000249e-01,-1.151296265346404191e+01
5.275999999999999579e-01,-1.149459115897697892e+01
5.272000000000000020e-01,-1.142486005845213093e+01
5.270000000000000240e-01,-1.103505628107541092e+01
5.269000000000000350e-01,-1.155025954524902332e+01
5.268000000000000460e-01,-1.142196678071208460e+01
5.262000000000000011e-01,-1.146201855741430364e+01
5.260000000000000231e-01,-1.147083706388145963e+01
5.258000000000000451e-01,-1.148164826059111832e+01
5.255999999999999561e-01,-1.139903026691774990e+01
5.251000000000000112e-01,-1.137765769804403249e+01
5.250000000000000222e-01,-1.114898812903985004e+01
5.248000000000000442e-01,-1.144400973218089668e+01
5.247000000000000552e-01,-1.146388280721163255e+01
5.243999999999999773e-01,-1.130027491726285227e+01
5.240000000000000213e-01,-1.153168333094776976e+01
5.239000000000000323e-01,-1.118992389972095580e+01
5.235999999999999543e-01,-1.152252901081727821e+01
5.231999999999999984e-01,-1.148475810361501281e+01
5.229000000000000314e-01,-1.115674637790229085e+01
5.228000000000000425e-01,-1.100035870986769737e+01
5.224999999999999645e-01,-1.129647341451284959e+01
5.221000000000000085e-01,-1.129146064968097818e+01
5.218000000000000416e-01,-1.136658636666136957e+01
5.213999999999999746e-01,-1.119852017218243567e+01
5.211000000000000076e-01,-1.136084252902850444e+01
5.210000000000000187e-01,-1.135898804670949502e+01
5.207000000000000517e-01,-1.139003600032079078e+01
5.203999999999999737e-01,-1.091700970346359867e+01
5.201000000000000068e-01,-1.137577283403966000e+01
5.200000000000000178e-01,-1.134048917450268945e+01
5.198000000000000398e-01,-1.139422386350289607e+01
5.195999999999999508e-01,-1.141934819173882154e+01
5.193999999999999728e-01,-1.130168748232247822e+01
5.192999999999999838e-01,-1.133247850146094571e+01
5.191000000000000059e-01,-1.084036357210764479e+01
5.188000000000000389e-01,-1.137420424343355663e+01
5.185999999999999499e-01,-1.137996855269688901e+01
5.183999999999999719e-01,-1.136086769073143365e+01
5.182999999999999829e-01,-1.141703641731831809e+01
5.180000000000000160e-01,-1.131063801634120125e+01
5.178000000000000380e-01,-1.138940089501954134e+01
5.174999999999999600e-01,-1.140851815496493238e+01
5.173999999999999710e-01,-1.123521361332154100e+01
5.171999999999999931e-01,-1.141331243393771011e+01
5.171000000000000041e-01,-1.128818639814727476e+01
5.168000000000000371e-01,-1.138731339456215252e+01
5.165999999999999481e-01,-1.130443160828878035e+01
5.163999999999999702e-01,-1.137396637164635926e+01
5.161999999999999922e-01,-1.139994149860837425e+01
5.159000000000000252e-01,-1.134486379296929393e+01
5.158000000000000362e-01,-1.142406111996783658e+01
5.155999999999999472e-01,-1.130610951984483137e+01
5.152999999999999803e-01,-1.143604463423814366e+01
5.151000000000000023e-01,-1.132933560007197826e+01
5.150000000000000133e-01,-1.085238374520279869e+01
5.148000000000000353e-01,-1.139170718726612996e+01
5.144999999999999574e-01,-1.138147078254382905e+01
5.141000000000000014e-01,-1.137960255474532545e+01
5.140000000000000124e-01,-1.138720314719475546e+01
5.138000000000000345e-01,-1.135162887898454720e+01
5.135999999999999455e-01,-1.131146622793330359e+01
5.131999999999999895e-01,-1.130467104455447291e+01
5.131000000000000005e-01,-1.133320599185326572e+01
5.130000000000000115e-01,-1.128335323819940683e+01
5.129000000000000226e-01,-1.133374480603811385e+01
5.128000000000000336e-01,-1.124514207189999659e+01
5.124999999999999556e-01,-1.151638263943485008e+01
5.122999999999999776e-01,-1.120915590051042798e+01
5.121999999999999886e-01,-1.134379917466336885e+01
5.120999999999999996e-01,-1.141160063751521925e+01
5.119000000000000217e-01,-1.126013959534526876e+01
5.118000000000000327e-01,-1.119860205640978457e+01
5.116000000000000547e-01,-1.132681025479637427e+01
5.114999999999999547e-01,-1.132022692788845220e+01
5.112999999999999767e-01,-1.130055962952573267e+01
5.111999999999999877e-01,-1.121374718524564074e+01
5.110000000000000098e-01,-1.128951087476003501e+01
5.109000000000000208e-01,-1.129137209828221344e+01
5.108000000000000318e-01,-1.129456635817604315e+01
5.107000000000000428e-01,-1.112096817869274012e+01
5.106000000000000538e-01,-1.116097066974517915e+01
5.104999999999999538e-01,-1.119317705925880091e+01
5.103999999999999648e-01,-1.117372899837008937e+01
5.102999999999999758e-01,-1.122198706261043988e+01
5.101999999999999869e-01,-1.115426701694425660e+01
5.100999999999999979e-01,-1.128035041792424842e+01
5.100000000000000089e-01,-1.133213472976277103e+01
5.099000000000000199e-01,-1.115793848062377691e+01
5.098000000000000309e-01,-1.118544712493995164e+01
5.097000000000000419e-01,-1.122331559392560685e+01
5.096000000000000529e-01,-1.121552839723231543e+01
5.089000000000000190e-01,-1.074120020684368804e+01
5.056000000000000494e-01,-1.060544417188094890e+01
5.020999999999999908e-01,-1.039802439476633289e+01
5.003999999999999559e-01,-1.061646247462588022e+01
4.969000000000000083e-01,-1.036977051922750448e+01
4.951999999999999735e-01,-1.029498074875592017e+01
4.917000000000000259e-01,-1.025645309812748707e+01
4.899999999999999911e-01,-1.022608191040006176e+01
4.883000000000000118e-01,-1.021547675736150396e+01
4.864999999999999880e-01,-1.027705393996805938e+01
4.847000000000000197e-01,-1.023402372721865206e+01
4.808999999999999941e-01,-1.027331834955787926e+01
4.788999999999999924e-01,-1.013976506970323044e+01
4.768999999999999906e-01,-1.001090473801312086e+01
4.727000000000000091e-01,-1.003335762697855493e+01
4.704999999999999738e-01,-1.003987272632676486e+01
4.682000000000000051e-01,-9.960686606432389567e+00
4.658999999999999808e-01,-9.902060090991732011e+00
4.611999999999999988e-01,-9.823657918142398415e+00
4.586999999999999966e-01,-9.823417022957782407e+00
4.537999999999999812e-01,-9.750534073611934360e+00
4.514000000000000234e-01,-9.721408727382096160e+00
4.489000000000000212e-01,-9.557592021794750536e+00
4.437999999999999723e-01,-9.558164939478878352e+00
4.413000000000000256e-01,-9.727924859705051830e+00
4.386999999999999789e-01,-9.633490823160624217e+00
4.360999999999999877e-01,-9.494518869421815666e+00
4.307000000000000273e-01,-9.592240064412207445e+00
4.279000000000000026e-01,-9.501434457914477605e+00
4.249999999999999889e-01,-9.472526177509241307e+00
4.188999999999999946e-01,-9.443240476432468000e+00
4.157000000000000139e-01,-9.244124982351729969e+00
4.122999999999999998e-01,-9.139946741361283600e+00
4.052000000000000046e-01,-9.067310146711626828e+00
4.013999999999999790e-01,-8.991991738916977894e+00
3.973999999999999755e-01,-9.057573561612429103e+00
3.889000000000000234e-01,-9.093132032032130496e+00
3.844000000000000195e-01,-9.047524880537865855e+00
3.796999999999999820e-01,-8.879895020964811536e+00
3.699999999999999956e-01,-8.793847683557370232e+00
3.649999999999999911e-01,-8.825730595812906643e+00
3.548999999999999932e-01,-8.803871343818041595e+00
3.499999999999999778e-01,-8.795964180828651280e+00
3.452000000000000068e-01,-8.728390090614965402e+00
3.366000000000000103e-01,-8.722376448132285631e+00
3.327999999999999847e-01,-8.822738274414776427e+00
3.295000000000000151e-01,-8.746771949390275580e+00
3.240999999999999992e-01,-8.766500358669844672e+00
3.220999999999999974e-01,-8.737947467271634849e+00
3.205000000000000071e-01,-8.681203156604352600e+00
3.180999999999999939e-01,-8.714065446149485084e+00
3.173000000000000265e-01,-8.716175750147266754e+00
3.165999999999999925e-01,-8.633081444402428417e+00
3.160999999999999921e-01,-8.535379843058448657e+00
3.154000000000000137e-01,-8.681204404415582943e+00
3.150999999999999912e-01,-8.679863344982027940e+00
3.146999999999999797e-01,-8.717934229476604457e+00
3.145999999999999908e-01,-8.644850537735740303e+00
3.145000000000000018e-01,-8.598652284205147822e+00
3.141999999999999793e-01,-8.726593420740197615e+00
3.140999999999999903e-01,-8.699853856158641818e+00
3.140000000000000013e-01,-8.656450140514907687e+00
3.139000000000000123e-01,-8.673030874982012861e+00
3.138000000000000234e-01,-8.598384074226094853e+00
3.136999999999999789e-01,-8.700845056159016266e+00
3.135000000000000009e-01,-8.719932587644176891e+00
3.134000000000000119e-01,-8.697887077776558229e+00
3.133000000000000229e-01,-8.691650593188343876e+00
3.131999999999999784e-01,-8.785552722256808167e+00
3.130999999999999894e-01,-8.800369329395753226e+00
3.130000000000000004e-01,-8.761805571054665620e+00
3.129000000000000115e-01,-8.746741658887877691e+00
3.128000000000000225e-01,-8.797390442259571230e+00
3.126999999999999780e-01,-8.775956114090519122e+00
3.125999999999999890e-01,-8.696464864421660224e+00
3.125000000000000000e-01,-8.554289152194575863e+00
3.124000000000000110e-01,-8.490648350641897935e+00
3.123000000000000220e-01,-8.570728351467785444e+00
3.121999999999999775e-01,-8.469538002634120488e+00
3.120999999999999885e-01,-8.513082546054203448e+00
3.119999999999999996e-01,-8.505843858460943707e+00
3.119000000000000106e-01,-8.535438910016283742e+00
3.118000000000000216e-01,-8.540958101135604608e+00
3.116999999999999771e-01,-8.589803234949291877e+00
3.115999999999999881e-01,-8.689224819778598174e+00
3.114999999999999991e-01,-8.591576613072460233e+00
3.114000000000000101e-01,-8.668201026879387427e+00
3.113000000000000211e-01,-8.563308270121641641e+00
3.111999999999999766e-01,-8.682839280352208533e+00
3.110999999999999877e-01,-8.732964678009272674e+00
3.109999999999999987e-01,-8.680915941802844316e+00
3.109000000000000097e-01,-8.534273307745070980e+00
3.108000000000000207e-01,-8.581267379544414098e+00
3.106999999999999762e-01,-8.431651307735325673e+00
3.105999999999999872e-01,-8.501789987590008479e+00
3.104999999999999982e-01,-8.794337790357133144e+00
3.104000000000000092e-01,-8.594100681164237088e+00
3.103000000000000203e-01,-8.563474412350435827e+00
3.101999999999999758e-01,-8.604953808617320732e+00
3.100999999999999868e-01,-8.652312113973954055e+00
3.099999999999999978e-01,-8.500304557592080812e+00
3.099000000000000088e-01,-8.581137009600405818e+00
3.098000000000000198e-01,-8.533889377410064370e+00
3.096999999999999753e-01,-8.648638646410310216e+00
3.095999999999999863e-01,-8.747251905186475440e+00
3.094999999999999973e-01,-8.728908571749901313e+00
3.094000000000000083e-01,-8.546290983257442520e+00
3.093000000000000194e-01,-8.569066473047923793e+00
3.091999999999999749e-01,-8.524927230542985512e+00
3.090999999999999859e-01,-8.583277328160637154e+00
3.089999999999999969e-01,-8.684619036122224855e+00
3.089000000000000079e-01,-8.594511809831370641e+00
3.088000000000000189e-01,-8.539732668056895903e+00
3.086999999999999744e-01,-8.545709250524797795e+00
3.085999999999999854e-01,-8.567568565099030309e+00
3.084999999999999964e-01,-8.663856347455086038e+00
3.084000000000000075e-01,-8.632245332254855796e+00
3.083000000000000185e-01,-8.477452099632174054e+00
3.081999999999999740e-01,-8.575643567270818224e+00
3.080999999999999850e-01,-8.738129138860951883e+00
3.079999999999999960e-01,-8.680829930373182179e+00
3.079000000000000070e-01,-8.679403358901639720e+00
3.078000000000000180e-01,-8.644141623210828129e+00
3.076999999999999735e-01,-8.661976752291026926e+00
3.075999999999999845e-01,-8.547414632563160808e+00
3.074999999999999956e-01,-8.514251009046104102e+00
3.074000000000000066e-01,-8.583772845936755047e+00
3.073000000000000176e-01,-8.681654367715101017e+00
3.071999999999999731e-01,-8.385754352119475286e+00
3.070999999999999841e-01,-8.609299399884879023e+00
3.069999999999999951e-01,-8.578150835474810165e+00
3.069000000000000061e-01,-8.608311371290609415e+00
3.068000000000000171e-01,-8.639910802843951743e+00
3.066999999999999726e-01,-8.576161729726468508e+00
3.065999999999999837e-01,-8.656452553852320264e+00
3.064999999999999947e-01,-8.678565842380487894e+00
3.064000000000000057e-01,-8.671634171974249128e+00
3.063000000000000167e-01,-8.554543875494060146e+00
3.062000000000000277e-01,-8.555062836280644234e+00
3.060999999999999832e-01,-8.493015706243031815e+00
3.059999999999999942e-01,-8.647952591765273311e+00
3.059000000000000052e-01,-8.545222293256712121e+00
3.058000000000000163e-01,-8.577057070790258919e+00
3.057000000000000273e-01,-8.627816182568258441e+00
3.055999999999999828e-01,-8.655815219286640883e+00
3.054999999999999938e-01,-8.686436206561173989e+00
3.054000000000000048e-01,-8.530291160628676650e+00
3.053000000000000158e-01,-8.662222211112350578e+00
3.052000000000000268e-01,-8.640834068093880660e+00
3.050999999999999823e-01,-8.605675026937889882e+00
