# T (K), dc/c (x 1e-5)
2.338799999999999990e+00,-0.000000000000000000e+00
2.336800000000000210e+00,-7.819890550236473503e-01
2.336399999999999810e+00,7.749607051862374141e-02
2.332699999999999996e+00,-1.902358658913572698e-01
2.331599999999999895e+00,5.722589423622428950e-02
2.322299999999999809e+00,1.946795413924028162e-01
2.320899999999999963e+00,-8.211356802777149966e-01
2.314700000000000202e+00,1.725447192382247030e-01
2.313499999999999890e+00,2.448017280950488817e-01
2.302200000000000024e+00,5.618419589303609296e-01
2.301099999999999923e+00,-5.248542691766756862e-02
2.293699999999999850e+00,5.022439616871043899e-02
2.286099999999999799e+00,-1.167556762520036845e-01
2.279199999999999893e+00,-6.456969981132477665e-01
2.271399999999999864e+00,6.048176111962504375e-01
2.265099999999999891e+00,-4.523256552127832841e-01
2.258100000000000218e+00,9.234342549305218917e-04
2.251300000000000079e+00,2.812286927892510002e-01
2.251199999999999868e+00,5.620311710570566888e-01
2.233099999999999863e+00,3.262521971394896081e-01
2.227199999999999847e+00,7.680279085324221988e-01
2.227100000000000080e+00,3.432469718863892516e-01
2.221000000000000085e+00,4.733093745836001176e-01
2.209499999999999797e+00,4.565302163837565153e-01
2.203599999999999781e+00,6.717048766217460498e-01
2.197700000000000209e+00,8.435284884968259345e-01
2.195399999999999796e+00,8.452858504661829864e-01
2.191800000000000193e+00,7.137316425089197391e-01
2.179899999999999949e+00,6.275205295336316880e-01
2.174399999999999888e+00,8.411915692666058764e-01
2.162999999999999812e+00,9.843218641279825043e-01
2.157300000000000217e+00,9.037197932373116638e-01
2.145700000000000163e+00,1.077405403485240054e+00
2.141999999999999904e+00,8.716691397083441428e-01
2.141399999999999970e+00,7.725943967713551075e-01
2.140299999999999869e+00,9.572839625211163606e-01
2.140000000000000124e+00,7.285819856404224248e-01
2.139299999999999979e+00,8.018255730701199235e-01
2.138500000000000068e+00,7.711713904142054599e-01
2.137500000000000178e+00,9.143308887320320544e-01
2.136000000000000121e+00,7.408963604120956115e-01
2.135400000000000187e+00,1.024183179992648851e+00
2.135099999999999998e+00,8.438158352547155960e-01
2.134199999999999875e+00,1.117349484429852158e+00
2.131899999999999906e+00,6.340572308670584523e-01
2.129999999999999893e+00,8.285532298071308643e-01
2.129599999999999937e+00,7.327641156396752509e-01
2.128299999999999859e+00,2.650013701352427198e-01
2.126900000000000013e+00,1.014609235515297803e+00
2.123299999999999965e+00,1.018749153462251034e+00
2.122500000000000053e+00,1.228286464151784996e+00
2.121399999999999952e+00,1.089165433771927649e+00
2.119699999999999918e+00,8.671413808006983581e-01
2.117999999999999883e+00,8.222178627712884991e-01
2.116800000000000015e+00,1.413064499794112638e+00
2.115400000000000169e+00,9.418707893045150659e-01
2.114799999999999791e+00,9.151816741497561525e-01
2.113300000000000178e+00,1.128347748509265003e+00
2.111200000000000188e+00,1.018200368584813997e+00
2.108999999999999986e+00,9.497988553444636217e-01
2.108499999999999819e+00,1.006873345053100888e+00
2.106199999999999850e+00,1.142565462140636479e+00
2.105500000000000149e+00,1.173566462910665464e+00
2.102799999999999780e+00,1.001442674918766595e+00
2.101900000000000102e+00,1.053001921787546813e+00
2.100499999999999812e+00,1.294672141428530487e+00
2.100200000000000067e+00,1.070565401073246603e+00
2.097100000000000186e+00,1.080087158182498674e+00
2.095200000000000173e+00,1.280221040438154434e+00
2.095099999999999962e+00,1.116973954713154304e+00
2.092799999999999994e+00,1.079746420616905400e+00
2.092400000000000038e+00,9.239322335722645052e-01
2.089900000000000091e+00,1.206046675996915285e+00
2.088699999999999779e+00,1.095237015106284906e+00
2.088400000000000034e+00,1.132017946031248945e+00
2.086500000000000021e+00,1.097616643876272668e+00
2.084499999999999797e+00,7.339991736843992642e-01
2.083600000000000119e+00,9.029276655072356883e-01
2.080600000000000005e+00,9.025575253623561167e-01
2.079600000000000115e+00,1.209043195269992710e+00
2.079499999999999904e+00,2.531181912397966749e-01
2.078800000000000203e+00,1.187654187705848852e+00
2.078500000000000014e+00,1.200735306743560660e+00
2.077300000000000146e+00,1.067398859095703312e+00
2.076099999999999834e+00,4.735750079471259810e-01
2.076000000000000068e+00,9.225051888917066290e-01
2.075899999999999856e+00,1.358730515879646994e+00
2.075699999999999878e+00,1.093557714950234683e+00
2.075600000000000112e+00,8.085818658759396094e-01
2.075400000000000134e+00,1.322667101616957552e+00
2.075200000000000156e+00,1.186061445892019783e+00
2.075099999999999945e+00,1.192890763333353421e+00
2.074800000000000200e+00,6.871690600230955237e-01
2.074399999999999800e+00,5.639674775356675607e-01
2.073500000000000121e+00,1.028679692739818075e+00
2.073300000000000143e+00,1.415001689208722047e+00
2.072900000000000187e+00,8.429117487664030683e-01
2.072499999999999787e+00,1.030874223057918648e+00
2.072400000000000020e+00,1.292515923196745797e+00
2.072200000000000042e+00,1.046513737615892614e+00
2.071499999999999897e+00,1.289108220384888037e+00
2.071200000000000152e+00,8.916079492334462175e-01
2.071099999999999941e+00,1.285789551706655098e+00
2.070100000000000051e+00,1.172839752046133777e+00
2.069700000000000095e+00,1.234621916923039242e+00
2.069599999999999884e+00,1.058904608884246201e+00
2.069399999999999906e+00,9.558932733534728499e-01
2.069199999999999928e+00,1.348295585876452707e+00
2.069100000000000161e+00,9.391112086714128449e-01
2.068900000000000183e+00,9.544812591245812605e-01
2.068299999999999805e+00,1.029124539249533177e+00
2.068000000000000060e+00,1.042404937754391803e+00
2.067699999999999871e+00,1.139427310521733405e+00
2.067600000000000104e+00,1.311712599690300518e+00
2.067299999999999915e+00,1.137170839555189161e+00
2.067200000000000149e+00,1.291455482603379501e+00
2.066800000000000193e+00,1.071706553752369118e+00
2.066399999999999793e+00,1.158271305374191762e+00
2.066199999999999815e+00,1.340265090708911089e+00
2.066100000000000048e+00,1.058758313766472892e+00
2.065700000000000092e+00,9.918028448929229191e-01
2.065599999999999881e+00,9.748880100915284785e-01
2.065500000000000114e+00,1.058733284230780392e+00
2.065399999999999903e+00,1.228614054656421040e+00
2.065300000000000136e+00,9.975885628386773618e-01
2.065199999999999925e+00,1.186743288050058354e+00
2.064000000000000057e+00,1.219466093315465294e+00
2.063400000000000123e+00,1.965090973678282893e-01
2.060900000000000176e+00,1.090746464128735438e+00
2.059400000000000119e+00,3.984229187070642553e-01
2.058699999999999974e+00,1.267892153796433607e+00
2.058199999999999807e+00,7.804634538241973507e-01
2.055600000000000094e+00,1.000298441445691022e+00
2.055400000000000116e+00,9.865054562597022070e-01
2.053500000000000103e+00,1.222681380384478933e+00
2.051499999999999879e+00,9.527896415578545053e-01
2.049399999999999888e+00,1.042953872566320550e+00
2.048200000000000021e+00,1.076810634136017297e+00
2.047800000000000065e+00,1.113147405302095772e+00
2.046400000000000219e+00,1.167174738799523270e+00
2.043499999999999872e+00,6.069301541430753844e-01
2.040900000000000158e+00,1.218866228855754574e+00
2.037799999999999834e+00,4.683933244193846934e-01
2.037700000000000067e+00,1.266815375494624307e+00
2.035000000000000142e+00,4.124852259659861353e-01
2.034600000000000186e+00,6.992258532345640987e-01
2.032500000000000195e+00,1.098548438639235680e+00
2.032300000000000217e+00,1.355252644156613062e+00
2.030299999999999994e+00,1.229288957277927308e+00
2.029100000000000126e+00,1.001501102216879158e+00
2.027200000000000113e+00,1.534091401405625277e+00
2.027099999999999902e+00,1.148001314267132367e+00
2.026800000000000157e+00,9.757410864407595197e-01
2.024799999999999933e+00,1.334219395592419311e+00
2.022899999999999920e+00,1.254174826166879919e+00
2.022699999999999942e+00,1.334625044076666711e+00
2.022400000000000198e+00,8.778128362297872300e-01
2.021900000000000031e+00,1.482573684910169387e+00
2.021700000000000053e+00,1.237367192307272212e+00
2.020599999999999952e+00,1.084104561095873498e+00
2.019200000000000106e+00,1.274646607807034648e+00
2.019000000000000128e+00,1.330965993945592452e+00
2.018299999999999983e+00,1.332711381703917120e+00
2.017799999999999816e+00,1.202788289367652919e+00
2.016900000000000137e+00,6.746103773712461837e-01
2.016700000000000159e+00,1.083081215907770511e+00
2.016500000000000181e+00,7.482191358583988317e-01
2.015699999999999825e+00,1.429125171513836001e+00
2.015200000000000102e+00,1.124767078487191263e+00
2.015000000000000124e+00,1.235132730770032827e+00
2.014699999999999935e+00,1.036685856398936956e+00
2.014600000000000168e+00,1.043860577442821569e+00
2.011699999999999822e+00,1.505052391818050062e+00
2.011099999999999888e+00,1.095988201437825715e+00
2.006600000000000161e+00,1.429411312122352395e+00
2.005799999999999805e+00,1.206342840909951919e+00
2.005399999999999849e+00,1.673441781614975365e+00
2.004000000000000004e+00,1.161810128064589387e+00
2.000500000000000167e+00,1.058518533172394749e+00
1.990099999999999980e+00,1.165419731458290586e+00
1.984900000000000109e+00,1.133563005865792839e+00
1.977999999999999980e+00,1.236350100786154371e+00
1.974499999999999922e+00,9.680430195840514784e-01
1.969500000000000028e+00,9.900257714703063483e-01
1.965200000000000058e+00,1.361176989953623018e+00
1.964299999999999935e+00,1.158821667241165976e+00
1.954299999999999926e+00,1.314299126628330816e+00
1.953999999999999959e+00,1.084993937272658249e+00
1.952399999999999913e+00,1.529298694036762107e+00
1.950800000000000090e+00,1.664198144749745589e+00
1.948900000000000077e+00,1.105055351572139966e+00
1.948600000000000110e+00,1.352514338251020076e+00
1.943799999999999972e+00,1.077276013651236708e+00
1.933599999999999985e+00,1.145430910960698601e+00
1.928500000000000103e+00,1.333501242756478966e+00
1.927799999999999958e+00,1.253865728827662895e+00
1.927400000000000002e+00,1.301953464148209338e+00
1.918199999999999905e+00,1.165051505954382893e+00
1.915499999999999980e+00,1.326210431385876243e+00
1.913200000000000012e+00,1.292178454486824668e+00
1.913000000000000034e+00,1.435410879994979405e+00
1.911799999999999944e+00,1.524323827301532042e+00
1.911000000000000032e+00,1.631657752014471496e+00
1.909599999999999964e+00,1.416470977601974601e+00
1.908600000000000074e+00,1.215732391285752723e+00
1.908300000000000107e+00,1.457430320275917790e+00
1.907200000000000006e+00,1.295130410051883230e+00
1.907100000000000017e+00,1.389809616604391396e+00
1.904800000000000049e+00,1.295753819249801930e+00
1.904600000000000071e+00,1.043493650099581282e+00
1.903799999999999937e+00,1.337008694863488500e+00
1.903200000000000003e+00,1.135573005636367316e+00
1.902800000000000047e+00,1.360682303174582941e+00
1.902300000000000102e+00,1.272980939879360118e+00
1.901599999999999957e+00,1.192802929848900684e+00
1.899899999999999922e+00,1.423355297804594688e+00
1.899499999999999966e+00,1.652514371510739544e+00
1.899199999999999999e+00,1.473576004298263964e+00
1.898600000000000065e+00,1.271375777221923853e+00
1.898500000000000076e+00,1.395986495663151139e+00
1.897100000000000009e+00,1.388427768064673717e+00
1.895799999999999930e+00,1.388978864300983940e+00
1.894400000000000084e+00,1.218767318370960639e+00
1.891299999999999981e+00,1.037751537114788292e+00
1.889399999999999968e+00,1.363536604501256688e+00
1.885599999999999943e+00,1.411510793719030987e+00
1.883699999999999930e+00,1.357476586065194502e+00
1.882200000000000095e+00,6.259285029795984556e-01
1.879899999999999904e+00,8.490151735986942727e-01
1.878100000000000103e+00,1.217186937186882201e+00
1.875099999999999989e+00,1.345507533008884593e+00
1.874000000000000110e+00,1.414581370964189677e+00
1.873899999999999899e+00,6.700111811653360894e-01
1.872700000000000031e+00,1.404683075259842040e+00
1.872500000000000053e+00,5.126200942607433975e-01
1.871499999999999941e+00,1.475949995311236940e+00
1.869299999999999962e+00,1.780583774372516359e+00
1.868000000000000105e+00,1.571799707504985655e+00
1.864600000000000035e+00,1.511057873662203122e+00
1.863499999999999934e+00,1.210667774911898809e+00
1.862700000000000022e+00,1.601251912348869766e+00
1.860600000000000032e+00,6.935042216611730925e-01
1.856500000000000039e+00,4.682452603496124466e-01
1.852700000000000014e+00,1.084142815923521130e+00
1.851900000000000102e+00,1.317610417960086933e+00
1.851099999999999968e+00,1.170429652456181691e+00
1.848600000000000021e+00,1.119934331331520649e+00
1.848100000000000076e+00,1.400298769767055029e+00
1.847099999999999964e+00,1.426906937966685662e+00
1.846000000000000085e+00,1.231608684337630377e+00
1.844100000000000072e+00,9.367255851137727962e-01
1.843199999999999950e+00,1.114867393279400654e+00
1.842200000000000060e+00,1.158149144248272089e+00
1.840200000000000058e+00,1.266775621636302640e+00
1.839699999999999891e+00,1.271887119919578701e+00
1.838999999999999968e+00,1.351123843306920147e+00
1.836600000000000010e+00,1.450224189334173186e+00
1.836500000000000021e+00,1.283433186157053818e+00
1.836000000000000076e+00,1.486686537972674360e+00
1.835199999999999942e+00,1.360569306534673339e+00
1.834100000000000064e+00,1.203456461618167550e+00
1.834000000000000075e+00,1.519540098735916889e+00
1.833499999999999908e+00,1.467597623327609346e+00
1.831399999999999917e+00,1.344829061426539685e+00
1.828500000000000014e+00,1.080759940367929994e+00
1.826899999999999968e+00,1.087763666851246480e+00
1.825199999999999934e+00,1.187005558920531056e+00
1.821499999999999897e+00,1.411869156311019280e+00
1.819499999999999895e+00,1.240396284060913290e+00
1.817499999999999893e+00,1.204110859000977474e+00
1.813499999999999890e+00,1.313840359111560163e+00
1.811900000000000066e+00,1.277906330156546755e+00
1.810100000000000042e+00,1.439172694097951677e+00
1.806599999999999984e+00,1.309030775595689366e+00
1.804899999999999949e+00,1.307760207051172907e+00
1.803299999999999903e+00,1.205670893790001141e+00
1.799800000000000066e+00,1.419055659807001435e+00
1.797900000000000054e+00,1.307688291795174429e+00
1.796300000000000008e+00,1.382993712853745505e+00
1.792599999999999971e+00,1.525701808206391563e+00
1.792399999999999993e+00,1.492293175415571493e+00
1.792200000000000015e+00,1.253523289263544838e+00
1.791700000000000070e+00,5.572930853466485646e-01
1.791500000000000092e+00,1.049391236032128027e+00
1.791099999999999914e+00,1.318770667336566671e+00
1.790999999999999925e+00,1.157488705034450893e+00
1.790799999999999947e+00,1.407116758778614418e+00
1.790699999999999958e+00,1.475068942877232336e+00
1.790100000000000025e+00,1.380349149622669636e+00
1.789700000000000069e+00,1.289873329221201015e+00
1.789500000000000091e+00,1.480918558459994649e+00
1.788899999999999935e+00,1.590727272685662275e+00
1.788699999999999957e+00,9.701748829102438965e-01
1.788599999999999968e+00,1.538262724665043546e+00
1.787900000000000045e+00,1.590038131079381856e+00
1.787199999999999900e+00,9.982698426305031125e-01
1.787099999999999911e+00,1.156094202186012554e+00
1.786799999999999944e+00,1.436016714167912323e+00
1.786499999999999977e+00,1.334268514372556336e+00
1.785800000000000054e+00,5.011445482094433190e-01
1.785600000000000076e+00,9.842842597685558248e-01
1.785400000000000098e+00,1.113446351655054567e+00
1.785300000000000109e+00,6.984693529087701025e-01
1.784899999999999931e+00,1.307621760089508811e+00
1.784299999999999997e+00,1.118122896044812187e+00
1.784000000000000030e+00,7.479089847055916396e-01
1.783600000000000074e+00,9.381824888741661095e-01
1.783400000000000096e+00,1.139147054975619522e+00
1.783099999999999907e+00,4.125970274904480761e-01
1.782699999999999951e+00,1.070220087605452619e+00
1.782000000000000028e+00,1.034414048845227363e+00
1.781700000000000061e+00,1.210137122969329182e+00
1.781400000000000095e+00,1.332974689080383746e+00
1.780699999999999950e+00,1.108382619355741783e+00
1.780399999999999983e+00,5.792428194165578637e-01
1.780299999999999994e+00,9.493705621578270026e-01
1.780200000000000005e+00,1.425033302213888575e+00
1.780000000000000027e+00,1.140543182225756125e+00
1.779400000000000093e+00,1.257526396722082440e+00
1.779099999999999904e+00,1.383390730164179017e+00
1.778999999999999915e+00,8.323943344810004197e-01
1.778499999999999970e+00,1.384725528005359863e+00
1.778299999999999992e+00,1.387555760939572114e+00
1.778200000000000003e+00,1.366272010985087881e+00
1.777800000000000047e+00,1.061470778357647582e+00
1.777700000000000058e+00,3.650439671249935958e-01
1.777600000000000069e+00,1.261494076357748462e+00
1.776899999999999924e+00,1.017762932252952002e+00
1.776499999999999968e+00,1.202004258633784017e+00
1.775900000000000034e+00,6.895445101675821142e-01
1.775500000000000078e+00,5.302100645488903030e-01
1.775199999999999889e+00,4.652013056202775054e-01
1.775099999999999900e+00,1.073149063200934838e+00
1.774799999999999933e+00,1.254835929666167971e+00
1.774399999999999977e+00,1.392462828396284324e+00
1.774100000000000010e+00,1.183725343426641263e+00
1.773800000000000043e+00,1.051684183630760661e+00
1.773500000000000076e+00,1.112998097728325808e+00
1.772899999999999920e+00,1.069183937405047358e+00
1.772599999999999953e+00,1.074179982436156422e+00
1.772499999999999964e+00,1.435200372116142820e+00
1.772399999999999975e+00,1.316625722652762454e+00
1.772299999999999986e+00,1.103425400845493787e+00
1.771600000000000064e+00,1.166467000747071658e+00
1.771200000000000108e+00,1.103480211057678684e+00
1.770899999999999919e+00,1.200997597760461444e+00
1.770499999999999963e+00,9.732525098142195130e-01
1.770199999999999996e+00,1.203497819426404769e+00
1.769800000000000040e+00,1.398790092456804857e+00
1.769500000000000073e+00,1.298746978588977141e+00
1.768899999999999917e+00,1.364323067671148859e+00
1.768599999999999950e+00,1.544580265000830455e+00
1.768299999999999983e+00,1.219826842975384240e+00
1.768000000000000016e+00,1.420346036569430925e+00
1.767800000000000038e+00,1.252983783256835348e+00
1.767500000000000071e+00,1.329805865225202055e+00
1.767099999999999893e+00,1.313340459622395429e+00
1.766799999999999926e+00,1.252743625325099641e+00
1.766599999999999948e+00,1.372910847238350440e+00
1.766100000000000003e+00,9.712403816453194505e-01
1.765800000000000036e+00,1.329604707259873786e+00
1.764999999999999902e+00,1.518270450192498178e+00
1.764699999999999935e+00,1.168645892601167802e+00
1.764599999999999946e+00,1.247197074269327022e+00
1.764399999999999968e+00,1.340099652497343419e+00
1.764000000000000012e+00,1.137072602916573638e+00
1.763300000000000090e+00,1.046935722108727651e+00
1.763099999999999890e+00,1.311158253496048642e+00
1.762999999999999901e+00,1.117024571390930587e+00
1.762699999999999934e+00,1.209815886074692370e+00
1.762599999999999945e+00,1.258226234721222747e+00
1.762000000000000011e+00,1.295164068698586357e+00
1.761700000000000044e+00,1.341629163368685429e+00
1.761100000000000110e+00,1.318156081876091790e+00
1.760799999999999921e+00,1.381874647933458489e+00
1.760399999999999965e+00,1.173185217925084345e+00
1.759900000000000020e+00,1.333180425544663539e+00
1.759800000000000031e+00,1.259722028302667107e+00
1.759600000000000053e+00,5.985935490515799096e-01
1.759300000000000086e+00,6.165202256341699716e-01
1.758699999999999930e+00,1.130616508974481516e+00
1.758599999999999941e+00,1.130094555306000670e+00
1.758299999999999974e+00,1.475695538140885166e+00
1.758199999999999985e+00,1.045332657416105482e+00
1.757900000000000018e+00,1.392470322522437298e+00
1.757200000000000095e+00,1.488573325279882953e+00
1.756899999999999906e+00,1.483362825234783466e+00
1.756699999999999928e+00,1.197513273215817131e+00
1.756199999999999983e+00,1.227779537098022233e+00
1.756000000000000005e+00,9.484181183008408844e-01
1.755700000000000038e+00,1.049092803379449546e+00
1.755100000000000104e+00,1.188719764429191361e+00
1.754699999999999926e+00,6.748863700990065384e-01
1.754399999999999959e+00,1.129538993300746696e+00
1.753800000000000026e+00,1.294182877793889297e+00
1.753700000000000037e+00,1.220137562292760602e+00
1.753500000000000059e+00,1.562141013456341376e+00
1.753200000000000092e+00,1.461267317551945277e+00
1.752699999999999925e+00,1.238957126564873779e+00
1.752499999999999947e+00,1.393270240663798232e+00
1.752199999999999980e+00,1.108060912302080370e+00
1.752099999999999991e+00,1.399487834444256285e+00
1.751700000000000035e+00,1.453252831015629853e+00
1.750999999999999890e+00,1.383853723121086343e+00
1.750799999999999912e+00,1.236754089444696003e+00
1.750599999999999934e+00,1.453407980292692914e+00
1.750299999999999967e+00,1.390602867402034981e+00
1.749700000000000033e+00,1.022930274573565335e+00
1.749500000000000055e+00,1.243961715323210315e+00
1.749400000000000066e+00,1.156283901112197920e+00
1.749100000000000099e+00,1.126321427283001997e+00
1.748899999999999899e+00,6.263278731129597876e-01
1.748399999999999954e+00,1.262008017210124233e+00
1.748199999999999976e+00,1.436074955758759319e+00
1.748099999999999987e+00,1.256289509150507300e+00
1.747800000000000020e+00,1.156016792902992529e+00
1.747100000000000097e+00,1.117380591335748852e+00
1.747000000000000108e+00,5.082091382075086816e-01
1.746799999999999908e+00,1.246543424289828117e+00
1.746699999999999919e+00,1.090628886135647235e+00
1.746399999999999952e+00,1.172976518803384938e+00
1.745800000000000018e+00,5.635121351571080739e-01
1.745400000000000063e+00,1.282358264268618209e+00
1.745100000000000096e+00,1.272025887100137753e+00
1.744399999999999951e+00,1.291225197471747244e+00
1.744199999999999973e+00,1.091773882269751139e+00
1.743800000000000017e+00,1.124258696910945154e+00
1.743500000000000050e+00,1.388376569157190321e+00
1.743300000000000072e+00,9.285195428157099196e-01
1.743000000000000105e+00,1.028078664817985377e+00
1.742899999999999894e+00,1.013233244598083616e+00
1.742699999999999916e+00,9.633568948647086572e-01
1.741999999999999993e+00,8.651496162555629699e-01
1.741700000000000026e+00,1.108567090389762866e+00
1.741000000000000103e+00,1.379946357546154134e+00
1.740599999999999925e+00,1.348918855056556065e+00
1.740399999999999947e+00,9.355985918620569608e-01
1.739999999999999991e+00,1.388230802462989022e+00
1.739700000000000024e+00,1.181992797608414802e+00
1.739300000000000068e+00,1.052910630375920586e+00
1.739000000000000101e+00,1.203741358753347646e+00
1.738699999999999912e+00,4.346419703532469203e-01
1.738499999999999934e+00,1.255018713913367723e+00
1.738399999999999945e+00,9.140931425884700756e-01
1.737999999999999989e+00,1.269563029763750128e+00
1.737700000000000022e+00,1.197113494630667629e+00
1.737300000000000066e+00,1.207007868776191151e+00
1.737000000000000099e+00,3.784424496515795266e-01
1.736799999999999899e+00,1.212819819420944745e+00
1.736399999999999944e+00,1.099483570973737168e+00
1.736099999999999977e+00,1.054839231980119196e+00
1.735899999999999999e+00,8.554070905758721644e-01
1.735700000000000021e+00,1.103600081969963620e+00
1.735500000000000043e+00,1.022789931474183955e+00
1.735200000000000076e+00,1.236830374875489635e+00
1.734900000000000109e+00,1.332753477460962177e+00
1.734799999999999898e+00,8.828903632005814517e-01
1.734199999999999964e+00,1.231406253803055906e+00
1.733899999999999997e+00,1.057796397967635915e+00
1.733800000000000008e+00,1.088377556622685205e+00
1.733400000000000052e+00,1.348480262313225708e+00
1.733300000000000063e+00,9.702421727371661753e-01
1.732900000000000107e+00,1.251794372560252278e+00
1.732599999999999918e+00,1.067918191871445099e+00
1.732499999999999929e+00,9.550795811772914146e-01
1.732199999999999962e+00,1.157246583368808812e+00
1.731899999999999995e+00,1.184652806500386957e+00
1.731700000000000017e+00,1.049163504486874565e+00
1.731500000000000039e+00,1.088408240320455356e+00
1.731100000000000083e+00,1.034569259306984623e+00
1.731000000000000094e+00,9.809026251286681042e-01
1.730900000000000105e+00,9.132623844046103834e-01
1.730699999999999905e+00,9.745620683362151704e-01
1.730599999999999916e+00,1.151548740084508138e+00
1.730199999999999960e+00,9.864196065937410607e-01
1.729400000000000048e+00,1.133847288304875134e+00
1.729100000000000081e+00,1.177977969089036625e+00
1.728799999999999892e+00,1.231119441333448306e+00
1.728199999999999958e+00,3.725482227389526058e-01
1.727800000000000002e+00,2.999206090081689702e-01
1.727600000000000025e+00,1.168490562105826580e+00
1.727000000000000091e+00,1.223408262196424845e+00
1.726599999999999913e+00,9.349437469048041960e-01
1.726199999999999957e+00,9.270488672373857764e-01
1.725500000000000034e+00,8.957328287473136363e-01
1.725200000000000067e+00,9.421638901204419936e-01
1.724900000000000100e+00,1.042824182700009095e+00
1.724299999999999944e+00,1.095560580097187930e+00
1.723999999999999977e+00,1.147938661405977889e+00
1.723700000000000010e+00,1.015308511096227218e+00
1.723100000000000076e+00,1.061291833696562215e+00
1.722800000000000109e+00,4.763213607862377130e-01
1.722099999999999964e+00,9.595982470697941302e-01
1.721799999999999997e+00,1.024941513071576216e+00
1.721400000000000041e+00,9.430545842975361914e-01
1.720800000000000107e+00,8.087441150390027866e-01
1.720599999999999907e+00,1.120868508663061869e+00
1.719899999999999984e+00,1.151759889540891146e+00
1.719600000000000017e+00,9.566978240669807843e-01
1.719300000000000050e+00,1.263309439561476344e+00
1.718599999999999905e+00,1.300531639322928479e+00
1.718199999999999950e+00,1.055602704047153173e+00
1.717799999999999994e+00,1.079708441011984377e+00
1.717600000000000016e+00,9.579278162642670402e-01
1.716900000000000093e+00,8.570838467552178708e-01
1.716499999999999915e+00,9.606304019586959786e-01
1.716199999999999948e+00,1.057857499881268870e+00
1.715600000000000014e+00,9.795197719589775476e-01
1.715300000000000047e+00,1.094933271362803051e+00
1.714900000000000091e+00,1.117196218945000208e+00
1.714299999999999935e+00,4.060624184170670281e-01
1.713999999999999968e+00,1.232551915084654004e+00
1.713700000000000001e+00,1.081400832407888757e+00
1.713000000000000078e+00,1.056232933104592542e+00
1.712699999999999889e+00,1.113608983780486117e+00
1.712299999999999933e+00,9.544890354400669130e-01
1.711600000000000010e+00,7.661249365691676916e-01
1.711300000000000043e+00,9.623210667207906521e-01
1.710599999999999898e+00,9.015059909585343423e-01
1.710299999999999931e+00,9.310023748616576000e-01
1.709600000000000009e+00,7.174171154014987728e-01
1.709400000000000031e+00,1.122844736570986157e+00
1.709100000000000064e+00,8.225618253265583046e-01
1.708700000000000108e+00,7.931123050555506371e-01
1.707999999999999963e+00,7.116312881262285561e-01
1.707600000000000007e+00,2.792558936142320314e-01
1.707300000000000040e+00,1.803413726881187285e-01
1.706599999999999895e+00,1.907637075177545105e-01
1.706299999999999928e+00,9.152857551985703610e-01
1.705999999999999961e+00,1.097342470903319267e+00
1.705400000000000027e+00,1.061070145343817606e+00
1.705200000000000049e+00,1.050184436192759918e+00
1.704499999999999904e+00,8.777864328976190400e-01
1.704299999999999926e+00,8.192188680369253406e-01
1.703899999999999970e+00,8.410146791566243119e-01
1.703400000000000025e+00,6.758137437347464527e-01
1.703000000000000069e+00,8.302881662656472761e-01
1.702299999999999924e+00,9.543391783356502955e-01
1.701899999999999968e+00,1.003644745161671681e+00
1.701600000000000001e+00,9.477625285865977078e-01
1.701200000000000045e+00,7.518721893217273911e-01
1.700499999999999901e+00,6.399890509643270109e-01
1.700299999999999923e+00,9.859248605006889488e-01
1.699899999999999967e+00,1.141991193934601245e+00
1.699300000000000033e+00,1.086010876977976380e+00
1.698900000000000077e+00,9.659879299524221086e-01
1.698299999999999921e+00,7.056980679495585829e-01
1.697999999999999954e+00,5.865987159887984248e-01
1.697599999999999998e+00,8.240391348867879273e-01
1.697100000000000053e+00,8.557906438493890766e-01
1.696600000000000108e+00,1.004974640438300204e+00
1.696299999999999919e+00,1.059743026474721850e+00
1.695699999999999985e+00,1.081472846726008630e+00
1.695300000000000029e+00,1.134061213888589492e+00
1.694700000000000095e+00,1.121382334432060812e+00
1.694299999999999917e+00,9.463127881703843336e-01
1.694099999999999939e+00,6.757715862175991406e-01
1.693400000000000016e+00,7.247921659752579737e-01
1.693000000000000060e+00,7.824786776751413431e-01
1.692700000000000093e+00,9.355322802826957496e-01
1.691999999999999948e+00,7.447649797314749298e-01
1.691699999999999982e+00,6.326120692975654158e-01
1.691100000000000048e+00,5.459672802776791567e-01
1.690800000000000081e+00,6.739605770787662209e-01
1.690499999999999892e+00,7.600037496252164404e-01
1.689799999999999969e+00,8.110737205844088527e-01
1.689400000000000013e+00,8.409709647743367489e-01
1.689100000000000046e+00,9.968948043311345319e-01
1.688399999999999901e+00,9.137928402355635082e-01
1.688099999999999934e+00,9.476730027158964953e-01
1.687799999999999967e+00,9.227358899147920512e-01
1.687300000000000022e+00,8.533485483852142339e-01
1.687000000000000055e+00,8.175690196103417851e-01
1.686299999999999910e+00,1.104307604168257573e+00
1.686099999999999932e+00,1.246525714070903179e+00
1.685400000000000009e+00,1.051333489100096941e+00
1.685000000000000053e+00,9.963245189013609782e-01
1.684299999999999908e+00,9.278809295335324059e-01
1.683999999999999941e+00,8.725829598453961333e-01
1.683599999999999985e+00,7.662683867120344550e-01
1.682900000000000063e+00,8.532156330337027361e-01
1.682600000000000096e+00,8.454395149139725119e-01
1.681999999999999940e+00,1.052062697686362958e+00
1.681699999999999973e+00,1.080191270921588398e+00
1.681400000000000006e+00,1.041286629673183972e+00
1.681200000000000028e+00,8.458059236975817852e-01
1.680600000000000094e+00,1.192683998885732732e+00
1.680199999999999916e+00,1.259597077608951787e+00
1.679799999999999960e+00,1.201032042856325477e+00
1.679100000000000037e+00,1.058083944141486876e+00
1.678800000000000070e+00,1.160846069675307346e+00
1.678099999999999925e+00,1.014794545780304036e+00
1.677699999999999969e+00,1.220190410596488473e+00
1.677400000000000002e+00,1.059198985734356002e+00
1.676900000000000057e+00,7.236774282479152554e-01
1.676600000000000090e+00,1.006918560537842566e+00
1.676199999999999912e+00,1.046372977672174409e+00
1.675599999999999978e+00,1.007736997163432013e+00
1.675300000000000011e+00,8.327951933674061502e-01
1.675000000000000044e+00,8.154984189052971733e-01
1.674299999999999899e+00,7.389959556619064562e-01
1.673899999999999944e+00,4.710749578113772318e-02
1.673599999999999977e+00,7.609084253831343014e-01
1.673000000000000043e+00,6.550985808743796657e-01
1.672700000000000076e+00,9.978052435222727334e-01
1.672400000000000109e+00,7.361719802576917049e-01
1.671699999999999964e+00,6.018054797676808398e-01
1.671399999999999997e+00,5.671651008708373798e-01
1.671000000000000041e+00,4.822879768833551184e-01
1.670299999999999896e+00,7.502857048893168956e-01
1.669899999999999940e+00,8.615859855104230913e-01
1.669599999999999973e+00,7.789845447900723974e-01
1.669000000000000039e+00,1.169699168967596625e+00
1.668700000000000072e+00,1.139804302460007968e+00
1.668400000000000105e+00,7.447940277410022292e-01
1.667699999999999960e+00,7.880998908581324791e-01
1.667300000000000004e+00,9.487100876423397722e-01
1.666600000000000081e+00,7.933889071454376385e-01
1.666299999999999892e+00,1.032085680287590401e+00
1.665999999999999925e+00,6.565996432713726572e-01
1.665399999999999991e+00,6.404513496737103129e-01
1.665100000000000025e+00,1.050479246079852658e+00
1.664600000000000080e+00,1.005182695480201449e+00
1.664299999999999891e+00,1.072624851512077315e+00
1.663899999999999935e+00,8.064586298903858586e-01
1.663599999999999968e+00,1.130969863123937769e+00
1.663000000000000034e+00,8.279261530244000911e-01
1.662600000000000078e+00,8.388405365076373466e-01
1.661899999999999933e+00,6.090347672376826837e-01
1.661499999999999977e+00,6.758715800625740844e-01
1.661200000000000010e+00,5.301585614497523746e-01
1.660900000000000043e+00,5.793058914653135272e-01
1.660199999999999898e+00,5.593139620605359630e-01
1.659899999999999931e+00,5.787575146529513326e-01
1.659299999999999997e+00,1.864736167114973420e-02
1.659000000000000030e+00,6.853248530943027994e-01
1.658700000000000063e+00,7.686230170177860144e-01
1.657999999999999918e+00,1.689509711821826077e-01
1.657599999999999962e+00,6.841696417415107367e-01
1.656900000000000039e+00,6.249173630722484329e-01
1.656600000000000072e+00,3.643955285655056109e-01
1.656199999999999894e+00,7.325863895587311214e-01
1.655599999999999961e+00,6.907723263573171124e-01
1.655299999999999994e+00,6.104685478927791564e-01
1.654700000000000060e+00,6.246016337658338857e-01
1.654300000000000104e+00,6.282101196664579001e-01
1.653999999999999915e+00,6.393731823478490117e-01
1.653399999999999981e+00,4.887065684681512479e-01
1.653000000000000025e+00,5.782818744397548727e-01
1.652700000000000058e+00,7.788613383568222526e-01
1.652400000000000091e+00,4.133923068812273005e-01
1.651599999999999957e+00,-1.920554987478589881e-01
1.651299999999999990e+00,4.334315216050679265e-01
1.651000000000000023e+00,5.913860561767865232e-01
1.650199999999999889e+00,3.355049846275135472e-01
1.649999999999999911e+00,6.433022533404962884e-01
1.649699999999999944e+00,5.304306046591961143e-01
1.649199999999999999e+00,5.542671927286687561e-01
1.648800000000000043e+00,8.057500560229666764e-01
1.648500000000000076e+00,6.983059588310316368e-01
1.647899999999999920e+00,5.809923806690715509e-01
1.647599999999999953e+00,6.095184927364452054e-01
1.647199999999999998e+00,7.353620689415536482e-01
1.646600000000000064e+00,7.463829925410601085e-01
1.646200000000000108e+00,5.534074001294856382e-01
1.645899999999999919e+00,4.377072393290434293e-01
1.645199999999999996e+00,-8.868967680585385094e-02
1.644900000000000029e+00,5.111986721286192470e-01
1.644600000000000062e+00,7.586715192698431087e-01
1.643899999999999917e+00,8.465411661087197670e-01
1.643599999999999950e+00,9.231885924746927596e-01
1.643199999999999994e+00,7.696341435863267577e-01
1.642600000000000060e+00,8.283537169139019163e-01
1.642300000000000093e+00,7.485841731327217419e-01
1.641599999999999948e+00,7.334246052194144383e-01
1.641299999999999981e+00,5.753596110781231676e-01
1.640600000000000058e+00,4.338640993621460940e-01
1.640300000000000091e+00,4.872874824622848156e-01
1.639899999999999913e+00,-4.071410051038719391e-02
1.639499999999999957e+00,2.733045950005074665e-01
1.638900000000000023e+00,6.223484110951492676e-01
1.638500000000000068e+00,6.425242775622529434e-01
1.638200000000000101e+00,7.402100322539875155e-01
1.637699999999999934e+00,6.282599201269580824e-01
1.637499999999999956e+00,3.145814962388776559e-01
1.637199999999999989e+00,2.585459232699438004e-01
1.636700000000000044e+00,5.580926192309734191e-01
1.636400000000000077e+00,4.794039762544624605e-01
1.636100000000000110e+00,5.257585686807477732e-01
1.635399999999999965e+00,4.069683276184971610e-01
1.635099999999999998e+00,-2.252898454822155339e-01
1.634800000000000031e+00,2.763149022761389739e-01
1.634100000000000108e+00,3.604616544500716668e-01
1.633299999999999974e+00,1.865614853595320977e-01
1.633000000000000007e+00,2.978855744806014338e-01
1.632300000000000084e+00,2.757372297908147196e-01
1.631999999999999895e+00,5.083403379534112698e-01
1.631699999999999928e+00,5.631285598170412410e-01
1.631099999999999994e+00,4.462650641269810259e-01
1.630900000000000016e+00,4.036147221408037944e-01
1.630600000000000049e+00,2.351079763166386560e-01
1.630300000000000082e+00,-3.583931602367442792e-01
1.629699999999999926e+00,2.418154810910309871e-01
1.629399999999999959e+00,2.227554091243852397e-01
1.628700000000000037e+00,2.564274243119571417e-01
1.628400000000000070e+00,4.116231348062424078e-01
1.627999999999999892e+00,3.279625998267240994e-01
1.627399999999999958e+00,2.626680392072908155e-01
1.627099999999999991e+00,4.331154332760760450e-01
1.626800000000000024e+00,-6.445673140921363842e-02
1.626100000000000101e+00,6.091436354002579545e-01
1.625799999999999912e+00,5.578539869958640818e-01
1.625499999999999945e+00,3.894265861896679670e-01
1.624900000000000011e+00,4.298778207321735656e-01
1.624600000000000044e+00,1.495703681107969640e-01
1.624200000000000088e+00,-3.489353970955594297e-03
1.623599999999999932e+00,4.584303033780979253e-01
1.623199999999999976e+00,3.631598119173580219e-01
1.622500000000000053e+00,2.276480670496301706e-01
1.622100000000000097e+00,-3.480190710713863822e-02
1.621499999999999941e+00,1.867010415249406585e-01
1.621099999999999985e+00,2.785483400698316458e-01
1.620700000000000029e+00,4.404848748501555278e-01
1.620500000000000052e+00,2.964726212221699408e-01
1.619799999999999907e+00,-1.076998265547510214e-01
1.619499999999999940e+00,6.175644761963194895e-01
1.619199999999999973e+00,3.348717973783964519e-01
1.618900000000000006e+00,1.334803632254896733e-01
1.618300000000000072e+00,6.072753628342218712e-02
1.618000000000000105e+00,1.625080519067866047e-01
1.617699999999999916e+00,4.457631106567425117e-01
1.617099999999999982e+00,2.678566400024420258e-01
1.616700000000000026e+00,2.171841338912631203e-01
1.616400000000000059e+00,-1.515634880044480215e-01
1.616100000000000092e+00,1.197232918354832615e-01
1.615499999999999936e+00,-3.836540151337837490e-02
1.615099999999999980e+00,1.495955648874499611e-01
1.614800000000000013e+00,1.067820057254302568e-01
1.614000000000000101e+00,2.286214807428570139e-02
1.613699999999999912e+00,1.985962695630599240e-01
1.613299999999999956e+00,4.301664017444285781e-02
1.612600000000000033e+00,7.030631344255404425e-02
1.612200000000000077e+00,1.140498959160182041e-01
1.611599999999999921e+00,1.757059080695431152e-01
1.611299999999999955e+00,-3.341419869246596563e-02
1.610999999999999988e+00,1.610380518058448507e-01
1.610400000000000054e+00,2.123017372005885917e-01
1.610100000000000087e+00,1.337625539884340631e-01
1.609799999999999898e+00,3.388865033255097914e-03
1.609499999999999931e+00,2.869368204612594564e-01
1.608899999999999997e+00,2.322841889169403873e-01
1.608500000000000041e+00,1.488403960672648463e-01
1.608200000000000074e+00,2.695339333736064269e-01
1.607499999999999929e+00,4.607174841737230464e-01
1.607199999999999962e+00,4.724609910576691441e-01
1.606500000000000039e+00,5.618665241160537560e-01
1.606100000000000083e+00,2.670722347016593057e-01
1.605900000000000105e+00,1.924853899200416052e-01
1.605199999999999960e+00,1.210717715755503521e-01
1.604800000000000004e+00,6.052316228273048049e-01
1.604500000000000037e+00,2.710354978729089259e-01
1.603799999999999892e+00,1.894435407005703453e-01
1.603399999999999936e+00,1.739220087696499162e-01
1.602800000000000002e+00,1.358087927600878930e-01
1.602500000000000036e+00,-1.353005532590823012e-01
1.601699999999999902e+00,-6.920820281169914878e-02
1.601399999999999935e+00,3.181312557896769089e-02
1.600800000000000001e+00,-1.154712801998154098e-01
1.600500000000000034e+00,-3.407646620313259378e-02
1.600200000000000067e+00,-2.149732423867550257e-01
1.599800000000000111e+00,1.064338944350290417e-01
1.599199999999999955e+00,-1.871682266817338569e-02
1.598799999999999999e+00,4.725676438751061359e-02
1.598500000000000032e+00,-6.926145960156268599e-02
1.597800000000000109e+00,-2.062963182602409740e-01
1.597399999999999931e+00,8.293913460332043297e-02
1.596999999999999975e+00,1.215983449274864181e-02
1.596400000000000041e+00,-1.701270534301777548e-01
1.596100000000000074e+00,-9.763753826266471925e-02
1.595800000000000107e+00,-1.556399631596691591e-02
1.595099999999999962e+00,3.317553069316983572e-02
1.594799999999999995e+00,1.453598968354733456e-01
1.594100000000000072e+00,-1.232828219395291913e-01
1.593800000000000106e+00,-7.562552248106639563e-02
1.593499999999999917e+00,-9.816306672629296348e-02
1.592899999999999983e+00,-3.197858315517540517e-01
1.592600000000000016e+00,-1.849152230693710264e-01
1.592200000000000060e+00,-2.527895500832773035e-01
1.591599999999999904e+00,-8.457461341013043643e-02
1.591299999999999937e+00,-3.261278723940257973e-01
1.590500000000000025e+00,-4.637981956853547139e-02
1.590200000000000058e+00,-2.407480862885377770e-01
1.589900000000000091e+00,-1.465390766663358102e-01
1.589299999999999935e+00,-3.339921400571065346e-01
1.588999999999999968e+00,-5.278036590075640966e-02
1.588600000000000012e+00,-1.759352642621316021e-01
1.588000000000000078e+00,-6.550554290068837104e-02
1.587599999999999900e+00,-2.004688441274802280e-01
1.587199999999999944e+00,-3.602518326999495923e-01
1.586600000000000010e+00,-1.990118588059835991e-01
1.586400000000000032e+00,-1.036301580025107694e-01
1.586000000000000076e+00,-3.158532357057808881e-01
1.585299999999999931e+00,-2.301140647532808892e-01
1.584999999999999964e+00,-2.923771621941417265e-01
1.584699999999999998e+00,-5.161490489791632497e-01
1.584100000000000064e+00,-4.203400917264596970e-01
1.583800000000000097e+00,-1.096258185547070024e-01
1.583099999999999952e+00,1.662625647268298756e-01
1.582799999999999985e+00,-1.307027581293022933e-01
1.582600000000000007e+00,-3.212368841450704560e-01
1.581900000000000084e+00,-2.909088037179701214e-01
1.581499999999999906e+00,-3.149685207154070965e-01
1.581099999999999950e+00,-1.807785499333917079e-01
1.580400000000000027e+00,-1.445658231431692364e-01
1.580100000000000060e+00,-2.763227148146023548e-01
1.579700000000000104e+00,-3.781040060477514619e-01
1.578999999999999959e+00,-3.550198589834848706e-01
1.578799999999999981e+00,-2.330701666775070180e-01
1.578500000000000014e+00,-5.141055069000748379e-01
1.577900000000000080e+00,-7.258241177342857897e-01
1.577499999999999902e+00,3.702225684510535020e-02
1.577199999999999935e+00,-1.461725320122450045e-01
1.576600000000000001e+00,-1.991865361441157167e-01
1.576300000000000034e+00,-5.859743302479882010e-02
1.575900000000000079e+00,-1.692577845590140240e-01
1.575299999999999923e+00,-3.824538539846326080e-01
1.574999999999999956e+00,-3.633325056475941728e-01
1.574600000000000000e+00,-4.044731802775852203e-01
1.574000000000000066e+00,-4.761551696696401104e-01
1.573600000000000110e+00,-1.604640172957715050e-01
1.573299999999999921e+00,-3.922841732013904181e-01
1.572500000000000009e+00,-4.696246131223255627e-01
1.572200000000000042e+00,-3.265204982113006360e-01
1.571499999999999897e+00,-5.471679099690925918e-01
1.571199999999999930e+00,-6.871632884462592905e-01
1.570799999999999974e+00,-4.751808302154263419e-01
1.570200000000000040e+00,-5.642208410098787930e-01
1.569800000000000084e+00,-7.977013732760745990e-01
1.569499999999999895e+00,-6.004865967025510010e-01
1.568899999999999961e+00,-4.910673666046455055e-01
1.568599999999999994e+00,-5.844048019074902234e-01
1.568200000000000038e+00,-6.057391721920810657e-01
1.567600000000000104e+00,-7.693363032061466544e-01
1.567299999999999915e+00,-5.866082547358909549e-01
1.566999999999999948e+00,-5.910920396679907318e-01
1.566300000000000026e+00,-4.176482569505455267e-01
1.566000000000000059e+00,-4.402983122547918793e-01
1.565700000000000092e+00,-3.414332844683433121e-01
1.565099999999999936e+00,-3.547413871127051976e-01
1.564899999999999958e+00,-3.743337853577208274e-01
1.564500000000000002e+00,-6.009025130347418475e-01
1.563900000000000068e+00,-3.310008611670262613e-01
1.563499999999999890e+00,-5.186965941645151901e-01
1.563199999999999923e+00,-4.680317258266928349e-01
1.562599999999999989e+00,-8.124745190143944917e-01
1.562200000000000033e+00,-7.756576035467411812e-01
1.561900000000000066e+00,-8.005426781100641875e-01
1.561199999999999921e+00,-7.482615976888915554e-01
1.560899999999999954e+00,-1.007822200085059849e+00
1.560499999999999998e+00,-1.002309400429226116e+00
1.559800000000000075e+00,-7.661490039755254333e-01
1.559600000000000097e+00,-6.870998473040325072e-01
1.559199999999999919e+00,-8.648876429010952105e-01
1.558599999999999985e+00,-9.349125185384270509e-01
1.558200000000000029e+00,-5.638353844505863410e-01
1.557900000000000063e+00,-8.718598073850000185e-01
1.557299999999999907e+00,-5.224131771651603362e-01
1.556999999999999940e+00,-7.415964222305063691e-01
1.556599999999999984e+00,-9.612297978320826219e-01
1.555900000000000061e+00,-9.531049019825648116e-01
1.555700000000000083e+00,-9.654890095772694636e-01
1.555399999999999894e+00,-7.834630841749463670e-01
1.554699999999999971e+00,-8.769403260930775934e-01
1.554400000000000004e+00,-8.181276322323862704e-01
1.553700000000000081e+00,-1.227162827080680474e+00
1.553399999999999892e+00,-1.062109481595342020e+00
1.552999999999999936e+00,-8.262972154640408906e-01
1.552699999999999969e+00,-1.161146395610348270e+00
1.552000000000000046e+00,-1.678517733030935544e+00
1.551700000000000079e+00,-1.737952745257649978e+00
1.551399999999999890e+00,-1.676342407720341043e+00
1.550799999999999956e+00,-1.114025418534354106e+00
1.550499999999999989e+00,-9.761545329783124503e-01
1.550200000000000022e+00,-1.235320425824193435e+00
1.549500000000000099e+00,-1.206391389137065673e+00
1.549199999999999910e+00,-1.237011001276261846e+00
1.548899999999999944e+00,-1.042503701784592396e+00
1.548200000000000021e+00,-1.078908087226437829e+00
1.547900000000000054e+00,-9.077485019811336597e-01
1.547500000000000098e+00,-8.789601482675664101e-01
1.546899999999999942e+00,-8.094656343096782170e-01
1.546499999999999986e+00,-9.311205537302149615e-01
1.546200000000000019e+00,-9.858158746583328691e-01
1.545600000000000085e+00,-9.264640402698466337e-01
1.545199999999999907e+00,-1.038167625727745236e+00
1.544899999999999940e+00,-9.761027899938059527e-01
1.544300000000000006e+00,-1.157419606938108858e+00
1.543900000000000050e+00,-1.168826753314552658e+00
1.543600000000000083e+00,-8.491053986460495029e-01
1.542899999999999938e+00,-8.299846502870643628e-01
1.542599999999999971e+00,-1.126352231737518750e+00
1.542200000000000015e+00,-9.529102905440119953e-01
1.541600000000000081e+00,-1.008895650368279329e+00
1.541299999999999892e+00,-1.845561455738687240e+00
1.540599999999999969e+00,-1.042233101208010826e+00
1.540200000000000014e+00,-9.005213598496826233e-01
1.539800000000000058e+00,-9.411551511307510998e-01
1.539199999999999902e+00,-9.567413280152110566e-01
1.538799999999999946e+00,-8.768886674686073857e-01
1.538499999999999979e+00,-7.482695306826933068e-01
1.537800000000000056e+00,-1.079388584645157412e+00
1.537500000000000089e+00,-1.126512057872397499e+00
1.536899999999999933e+00,-1.276518317259002888e+00
1.536599999999999966e+00,-1.145770315202389256e+00
1.536000000000000032e+00,-1.194611546139054070e+00
1.535700000000000065e+00,-1.361339349303068769e+00
1.535400000000000098e+00,-1.137898742128388374e+00
1.534699999999999953e+00,-1.047198824176550858e+00
1.534000000000000030e+00,-1.444094280936454533e+00
1.533700000000000063e+00,-1.466630447284622552e+00
1.533300000000000107e+00,-1.463576219943012902e+00
1.532699999999999951e+00,-1.160605557355524953e+00
1.532299999999999995e+00,-1.370192748413037398e+00
1.532100000000000017e+00,-1.283627441563605753e+00
1.531400000000000095e+00,-1.376992299016114529e+00
1.531099999999999905e+00,-1.468062609159782594e+00
1.530799999999999939e+00,-1.393203575793516169e+00
1.530100000000000016e+00,-1.374241676149788871e+00
1.529800000000000049e+00,-1.407785611229730005e+00
1.529400000000000093e+00,-1.352208472597945743e+00
1.528799999999999937e+00,-1.482134549675006463e+00
1.528499999999999970e+00,-1.625693921050936241e+00
1.527900000000000036e+00,-1.666685798609604863e+00
1.527500000000000080e+00,-1.588534363472504651e+00
1.527099999999999902e+00,-1.695711368725248969e+00
1.526499999999999968e+00,-1.809051051560473633e+00
1.526200000000000001e+00,-1.843704580661419845e+00
1.525800000000000045e+00,-1.596854088582646325e+00
1.525199999999999889e+00,-1.752824284954575651e+00
1.524899999999999922e+00,-1.722973011612912941e+00
1.524199999999999999e+00,-1.668523352082616373e+00
1.523800000000000043e+00,-1.594413980623120342e+00
1.523500000000000076e+00,-1.742000082277910700e+00
1.523099999999999898e+00,-1.772147797219573384e+00
1.522399999999999975e+00,-2.090792065910767494e+00
1.522100000000000009e+00,-2.250677965442505091e+00
1.521800000000000042e+00,-2.034838672968636075e+00
1.521099999999999897e+00,-2.162164427670218103e+00
1.520699999999999941e+00,-2.676782289669828785e+00
1.520399999999999974e+00,-2.140590614855110818e+00
1.519800000000000040e+00,-1.962184191809301481e+00
1.519500000000000073e+00,-1.972757048274717873e+00
1.519099999999999895e+00,-2.273005362016158326e+00
1.518399999999999972e+00,-2.193556074225628372e+00
1.518100000000000005e+00,-2.193653275270237568e+00
1.517800000000000038e+00,-2.039728422979997458e+00
1.517200000000000104e+00,-2.050600021637031922e+00
1.516899999999999915e+00,-2.567589548727521986e+00
1.516199999999999992e+00,-1.692601193940520110e+00
1.515900000000000025e+00,-1.913440854212425268e+00
1.515600000000000058e+00,-2.009119461693700703e+00
1.514899999999999913e+00,-2.116680167878843832e+00
1.514599999999999946e+00,-2.721621013384049714e+00
1.514000000000000012e+00,-1.950434263619550634e+00
1.513600000000000056e+00,-2.063499019773224585e+00
1.513300000000000090e+00,-1.842240280421937548e+00
1.512699999999999934e+00,-1.954232896490869509e+00
1.512399999999999967e+00,-2.270324215023844960e+00
1.512100000000000000e+00,-2.238025142735962980e+00
1.511700000000000044e+00,-2.217408688489968860e+00
1.510999999999999899e+00,-2.855854230481534639e+00
1.510699999999999932e+00,-3.105668571561385871e+00
1.510299999999999976e+00,-2.465925044966427393e+00
1.509700000000000042e+00,-3.030883035402571313e+00
1.509400000000000075e+00,-1.859137240046906170e+00
1.508899999999999908e+00,-2.357959449112703165e+00
1.508399999999999963e+00,-2.287425713397989391e+00
1.508000000000000007e+00,-2.213757594025662190e+00
1.507700000000000040e+00,-2.155219279524307918e+00
1.506999999999999895e+00,-2.728810676321620221e+00
1.506599999999999939e+00,-2.483581747524761241e+00
1.506399999999999961e+00,-2.495886553287741449e+00
1.505800000000000027e+00,-2.245409532746064585e+00
1.505400000000000071e+00,-2.694704011655139730e+00
1.505100000000000104e+00,-2.586604695563885503e+00
1.504499999999999948e+00,-2.606151265866678557e+00
1.504099999999999993e+00,-2.779384657699461858e+00
1.503700000000000037e+00,-2.718120417431009184e+00
1.502899999999999903e+00,-2.549336928591837914e+00
1.502599999999999936e+00,-2.542304342837299114e+00
1.502299999999999969e+00,-2.743347512903235863e+00
1.501600000000000046e+00,-2.563241507940079877e+00
1.501300000000000079e+00,-2.853397755614353049e+00
1.500999999999999890e+00,-2.694569700760485187e+00
1.500399999999999956e+00,-2.789333261479830739e+00
1.500099999999999989e+00,-2.866618048828805332e+00
1.499500000000000055e+00,-2.977318683342706773e+00
1.499200000000000088e+00,-2.887269884081387517e+00
1.498899999999999899e+00,-3.526975801557748813e+00
1.498199999999999976e+00,-3.446266880467296012e+00
1.497900000000000009e+00,-3.631886015969610249e+00
1.497500000000000053e+00,-2.895584044917704603e+00
1.496799999999999908e+00,-3.679200669868014195e+00
1.496499999999999941e+00,-3.344094941409251565e+00
1.496099999999999985e+00,-2.881610521928779534e+00
1.495400000000000063e+00,-3.564635403474538666e+00
1.495100000000000096e+00,-3.722634259865041706e+00
1.494599999999999929e+00,-3.048920639323916770e+00
1.494299999999999962e+00,-3.041488091299476615e+00
1.493900000000000006e+00,-2.967579972740393313e+00
1.493200000000000083e+00,-2.877740717959929473e+00
1.492899999999999894e+00,-3.133801234740879682e+00
1.492699999999999916e+00,-3.033188322789639457e+00
1.491900000000000004e+00,-3.083707263872416782e+00
1.491600000000000037e+00,-3.376378441296212340e+00
1.491300000000000070e+00,-3.357529907186589391e+00
1.490699999999999914e+00,-3.375800363086779221e+00
1.490299999999999958e+00,-3.402811203770264914e+00
1.489700000000000024e+00,-3.343260323491158204e+00
1.489400000000000057e+00,-3.353877021813021830e+00
1.489100000000000090e+00,-3.566323141408582309e+00
1.488399999999999945e+00,-3.395311685569632143e+00
1.488099999999999978e+00,-3.516686929498201941e+00
1.487700000000000022e+00,-3.668554896511105667e+00
1.487100000000000088e+00,-3.525502127890798310e+00
1.486699999999999910e+00,-3.707532594666475223e+00
1.486099999999999977e+00,-3.754231212573779786e+00
1.485800000000000010e+00,-3.627623829425110191e+00
1.485200000000000076e+00,-3.520145267722372573e+00
1.484900000000000109e+00,-3.409047903267167889e+00
1.484599999999999920e+00,-3.596974783997772374e+00
1.483899999999999997e+00,-3.362956685294465675e+00
1.483600000000000030e+00,-3.479269958108019978e+00
1.483000000000000096e+00,-3.580679693607202729e+00
1.482599999999999918e+00,-3.736783254570897661e+00
1.482299999999999951e+00,-3.739171580624967905e+00
1.481999999999999984e+00,-3.788080959674176018e+00
1.481400000000000050e+00,-3.708804443023315578e+00
1.481100000000000083e+00,-3.807662717808784514e+00
1.480799999999999894e+00,-3.806038722803297691e+00
1.480099999999999971e+00,-4.568667008600152180e+00
1.479700000000000015e+00,-4.645105454576274440e+00
1.479400000000000048e+00,-4.017121190890609483e+00
1.478699999999999903e+00,-4.194726674121469934e+00
1.478299999999999947e+00,-4.865603664414757112e+00
1.477400000000000047e+00,-4.964453469235261984e+00
1.477100000000000080e+00,-4.837810826479639559e+00
1.476799999999999891e+00,-4.765759634925859523e+00
1.476099999999999968e+00,-4.385215671966245843e+00
1.475800000000000001e+00,-4.636650377800015654e+00
1.475100000000000078e+00,-5.077587210316385935e+00
1.474800000000000111e+00,-5.235901326913240617e+00
1.474499999999999922e+00,-5.382604118785074832e+00
1.473700000000000010e+00,-5.468018715454846301e+00
1.473400000000000043e+00,-5.479736189575130645e+00
1.473100000000000076e+00,-5.264798140811954852e+00
1.472399999999999931e+00,-5.306265357814124783e+00
1.472099999999999964e+00,-4.900433967428181603e+00
1.471500000000000030e+00,-4.932579136382626572e+00
1.471200000000000063e+00,-5.633252698706170847e+00
1.470900000000000096e+00,-5.627975726717757254e+00
1.470599999999999907e+00,-4.883954897766645153e+00
1.469899999999999984e+00,-5.569454769828322327e+00
1.469600000000000017e+00,-4.953526141703067154e+00
1.468900000000000095e+00,-5.005177599052895054e+00
1.468499999999999917e+00,-5.010401166927755945e+00
1.468199999999999950e+00,-4.971747516312663429e+00
1.467600000000000016e+00,-4.966392916901616772e+00
1.467200000000000060e+00,-5.548370131474785971e+00
1.466599999999999904e+00,-5.044727380139552686e+00
1.466299999999999937e+00,-5.659018537260530834e+00
1.465999999999999970e+00,-5.076105017513691031e+00
1.465300000000000047e+00,-5.043888208607983259e+00
1.465000000000000080e+00,-5.088777194137703574e+00
1.464699999999999891e+00,-5.103300063197301562e+00
1.463999999999999968e+00,-5.421589622172382050e+00
1.463700000000000001e+00,-5.202822504778983337e+00
1.463400000000000034e+00,-5.322315963324307120e+00
1.462800000000000100e+00,-5.497894956852387160e+00
1.462399999999999922e+00,-5.503842471741432263e+00
1.462099999999999955e+00,-6.269943926542377532e+00
1.461500000000000021e+00,-5.730528669595225111e+00
1.461100000000000065e+00,-6.557544165717004603e+00
1.460700000000000109e+00,-6.650093108068449332e+00
1.460099999999999953e+00,-5.977475335221639874e+00
1.459799999999999986e+00,-6.573149528381859064e+00
1.459400000000000031e+00,-6.485188365621015194e+00
1.458800000000000097e+00,-5.715972421136946480e+00
1.458499999999999908e+00,-6.189145178168075745e+00
1.458199999999999941e+00,-6.531689162370818202e+00
1.457400000000000029e+00,-6.206052011778701250e+00
1.457100000000000062e+00,-6.030805230021474728e+00
1.456800000000000095e+00,-5.945632651392250168e+00
1.456099999999999950e+00,-6.256855953673101212e+00
1.455699999999999994e+00,-6.974880595741550948e+00
1.455100000000000060e+00,-6.950190859653353925e+00
1.454800000000000093e+00,-6.153838952466499812e+00
1.454399999999999915e+00,-6.345163878701066018e+00
1.453699999999999992e+00,-6.765940449571022697e+00
1.453400000000000025e+00,-6.294703874207491445e+00
1.453100000000000058e+00,-6.131104802117783414e+00
1.452499999999999902e+00,-6.340184151271826885e+00
1.452099999999999946e+00,-6.209784471623023272e+00
1.451699999999999990e+00,-6.345685462363177542e+00
1.451000000000000068e+00,-6.362091993986811467e+00
1.450700000000000101e+00,-6.643440593073323797e+00
1.450099999999999945e+00,-6.994593123948100732e+00
1.449699999999999989e+00,-6.493989903809003650e+00
1.449400000000000022e+00,-6.246790692627417485e+00
1.448900000000000077e+00,-7.041296172486831040e+00
1.448600000000000110e+00,-7.629028108200285097e+00
1.447899999999999965e+00,-7.695830280300166137e+00
1.447599999999999998e+00,-7.724456052857513022e+00
1.447300000000000031e+00,-7.225008333147653339e+00
1.446600000000000108e+00,-7.120340513631918000e+00
1.446299999999999919e+00,-7.087433190914802061e+00
1.445699999999999985e+00,-7.143508954574875780e+00
1.445300000000000029e+00,-7.787426347883111610e+00
1.444700000000000095e+00,-7.890268021555320921e+00
1.444299999999999917e+00,-8.169343374671896640e+00
1.443999999999999950e+00,-8.185483074242982937e+00
1.443599999999999994e+00,-8.212441007967923312e+00
1.443000000000000060e+00,-8.293260470048627653e+00
1.442700000000000093e+00,-7.499337972170002864e+00
1.442399999999999904e+00,-7.527865758727393164e+00
1.441699999999999982e+00,-7.488490265495761022e+00
1.441300000000000026e+00,-7.860002625311108382e+00
1.440600000000000103e+00,-7.772527535904616869e+00
1.440299999999999914e+00,-7.801718683764745421e+00
1.439899999999999958e+00,-8.193961998132197166e+00
1.439599999999999991e+00,-8.027177219282382481e+00
1.438900000000000068e+00,-8.682018825634804315e+00
1.438600000000000101e+00,-8.518331166813222666e+00
1.438299999999999912e+00,-8.391749916625192540e+00
1.437599999999999989e+00,-9.058534641749648841e+00
1.437300000000000022e+00,-9.079510337240163764e+00
1.436700000000000088e+00,-8.739063302049247639e+00
1.436399999999999899e+00,-8.501885517230412859e+00
1.436099999999999932e+00,-8.327904647235884639e+00
1.435499999999999998e+00,-8.456502063069505581e+00
1.435200000000000031e+00,-9.146184387249677528e+00
1.434800000000000075e+00,-9.378562968638407327e+00
1.434099999999999930e+00,-8.767863942039108238e+00
1.433699999999999974e+00,-8.637525472974953544e+00
1.433100000000000041e+00,-8.677357628971956061e+00
1.432700000000000085e+00,-8.834397392185532993e+00
1.432399999999999896e+00,-8.936581792088910348e+00
1.431699999999999973e+00,-8.934758260137213526e+00
1.431400000000000006e+00,-9.497215215389411824e+00
1.431100000000000039e+00,-9.809888198943117033e+00
1.430399999999999894e+00,-9.978976301211039512e+00
1.430099999999999927e+00,-9.752139151442042575e+00
1.429799999999999960e+00,-9.203221523456772246e+00
1.429100000000000037e+00,-9.214303638317581147e+00
1.428800000000000070e+00,-9.363337182854200691e+00
1.428399999999999892e+00,-1.033990739273209769e+01
1.427899999999999947e+00,-1.035684341846644152e+01
1.427499999999999991e+00,-1.039653819645798905e+01
1.426800000000000068e+00,-9.577137898863748333e+00
1.426500000000000101e+00,-9.647356452927155601e+00
1.425899999999999945e+00,-9.833348872848338473e+00
1.425599999999999978e+00,-9.763645023358426656e+00
1.424900000000000055e+00,-9.838428243000427287e+00
1.424600000000000088e+00,-1.065744531996001498e+01
1.424199999999999910e+00,-1.062142687751543590e+01
1.423499999999999988e+00,-1.081791069455022836e+01
1.423200000000000021e+00,-1.016756048511494903e+01
1.422800000000000065e+00,-1.019846846562776932e+01
1.422199999999999909e+00,-1.089698890889695448e+01
1.421799999999999953e+00,-1.081521035350588100e+01
1.421499999999999986e+00,-1.104496308372143787e+01
1.420900000000000052e+00,-1.036174492081358167e+01
1.420600000000000085e+00,-1.100900099911422103e+01
1.419999999999999929e+00,-1.147378732532814816e+01
1.419599999999999973e+00,-1.083768477175193112e+01
1.419300000000000006e+00,-1.072277588477586008e+01
1.418600000000000083e+00,-1.010682617871485434e+01
1.418299999999999894e+00,-1.117133851141439571e+01
1.417699999999999960e+00,-1.160277017105849140e+01
1.417300000000000004e+00,-1.036490049222643428e+01
1.417000000000000037e+00,-1.173057775829392924e+01
1.416400000000000103e+00,-1.123621220997287296e+01
1.416099999999999914e+00,-1.119651866705040355e+01
1.415699999999999958e+00,-1.130192333018021422e+01
1.415100000000000025e+00,-1.152958900844948964e+01
1.414800000000000058e+00,-1.137318296360123959e+01
1.414199999999999902e+00,-1.147074368467167105e+01
1.413799999999999946e+00,-1.181980092314406150e+01
1.413499999999999979e+00,-1.139079689918367500e+01
1.412800000000000056e+00,-1.240210566001843695e+01
1.412400000000000100e+00,-1.188085329599060103e+01
1.412199999999999900e+00,-1.164190210401687153e+01
1.411499999999999977e+00,-1.247697531392617343e+01
1.411200000000000010e+00,-1.242830830525710972e+01
1.410900000000000043e+00,-1.175417076372526992e+01
1.410199999999999898e+00,-1.279462756825842717e+01
1.409899999999999931e+00,-1.300872607052278873e+01
1.409499999999999975e+00,-1.299279024698629037e+01
1.408700000000000063e+00,-1.305279011472796924e+01
1.408400000000000096e+00,-1.298202982938801497e+01
1.408099999999999907e+00,-1.301104108849789398e+01
1.407499999999999973e+00,-1.304992748254614909e+01
1.407200000000000006e+00,-1.268463292746747051e+01
1.406600000000000072e+00,-1.198261621614049233e+01
1.406300000000000106e+00,-1.276824847730112822e+01
1.405599999999999961e+00,-1.333058239987808946e+01
1.405299999999999994e+00,-1.331316591624337065e+01
1.405000000000000027e+00,-1.336327848572103250e+01
1.404300000000000104e+00,-1.300983987548281284e+01
1.403999999999999915e+00,-1.333737099980898400e+01
1.403699999999999948e+00,-1.341590763520497021e+01
1.403399999999999981e+00,-1.349557469355324990e+01
1.402700000000000058e+00,-1.347143150373739751e+01
1.402300000000000102e+00,-1.352951572791676682e+01
1.401999999999999913e+00,-1.373144789789709996e+01
1.401399999999999979e+00,-1.368864055630745646e+01
1.401000000000000023e+00,-1.302591060701021064e+01
1.400600000000000067e+00,-1.387457858877082195e+01
1.399899999999999922e+00,-1.340122939600557039e+01
1.399599999999999955e+00,-1.378433582000233670e+01
1.399000000000000021e+00,-1.365523073722347291e+01
1.398600000000000065e+00,-1.401816442223075221e+01
1.398300000000000098e+00,-1.395368534867378862e+01
1.397699999999999942e+00,-1.402187637677830701e+01
1.397399999999999975e+00,-1.388964076954333038e+01
1.397000000000000020e+00,-1.379641521023350315e+01
1.396400000000000086e+00,-1.459645645660694058e+01
1.396099999999999897e+00,-1.408554916791089440e+01
1.395799999999999930e+00,-1.342654066062236851e+01
1.395199999999999996e+00,-1.402385756045856979e+01
1.394900000000000029e+00,-1.466335959816487566e+01
1.394500000000000073e+00,-1.459681678405277339e+01
1.393899999999999917e+00,-1.470649592389765736e+01
1.393599999999999950e+00,-1.476421060401422913e+01
1.393199999999999994e+00,-1.411660331446106120e+01
1.392500000000000071e+00,-1.428372997711673520e+01
1.392300000000000093e+00,-1.441752991757235414e+01
1.391699999999999937e+00,-1.443253796894273044e+01
1.391399999999999970e+00,-1.447252956648255839e+01
1.391000000000000014e+00,-1.447189858655457328e+01
1.390300000000000091e+00,-1.471278955487709261e+01
1.389999999999999902e+00,-1.537603818509104414e+01
1.389599999999999946e+00,-1.487119811064909136e+01
1.389000000000000012e+00,-1.468505635898471162e+01
1.388600000000000056e+00,-1.464768834873383874e+01
1.388300000000000090e+00,-1.471623802749674859e+01
1.387699999999999934e+00,-1.501426628574466982e+01
1.387299999999999978e+00,-1.482884587667753351e+01
1.387000000000000011e+00,-1.472539787909692421e+01
1.386300000000000088e+00,-1.530056809555414077e+01
1.385999999999999899e+00,-1.493572134914126259e+01
1.385599999999999943e+00,-1.564254952373818774e+01
1.384900000000000020e+00,-1.504145731529463070e+01
1.384600000000000053e+00,-1.435578908849876356e+01
1.384300000000000086e+00,-1.520622404129309935e+01
1.383599999999999941e+00,-1.520893389912831850e+01
1.383199999999999985e+00,-1.585904282072280402e+01
1.382900000000000018e+00,-1.606951139640619175e+01
1.382200000000000095e+00,-1.535915356872656190e+01
1.381899999999999906e+00,-1.553315521015223588e+01
1.381299999999999972e+00,-1.536695619412994240e+01
1.381000000000000005e+00,-1.551745455216926040e+01
1.380500000000000060e+00,-1.552448021353591301e+01
1.380100000000000104e+00,-1.544793768007237666e+01
1.379499999999999948e+00,-1.559231137373464549e+01
1.378800000000000026e+00,-1.565121563851146291e+01
1.378500000000000059e+00,-1.536952365603738535e+01
1.378100000000000103e+00,-1.578496955518446931e+01
1.377399999999999958e+00,-1.579210842559157157e+01
1.377099999999999991e+00,-1.586536699996502975e+01
1.376900000000000013e+00,-1.583728663172670004e+01
1.376300000000000079e+00,-1.660423647990207741e+01
1.375999999999999890e+00,-1.666555497058940105e+01
1.375399999999999956e+00,-1.617501860396476587e+01
1.375099999999999989e+00,-1.601289915869031333e+01
1.374800000000000022e+00,-1.588141677251403827e+01
1.374000000000000110e+00,-1.528533439290038665e+01
1.373699999999999921e+00,-1.553274747846853288e+01
1.373399999999999954e+00,-1.600278766747246451e+01
1.372700000000000031e+00,-1.638796417573426112e+01
1.372300000000000075e+00,-1.624556806592947211e+01
1.372000000000000108e+00,-1.633676102881180014e+01
1.371399999999999952e+00,-1.655998834752228888e+01
1.370700000000000029e+00,-1.642332688995746537e+01
1.370400000000000063e+00,-1.614149994930264498e+01
1.370000000000000107e+00,-1.629310552140510637e+01
1.369399999999999951e+00,-1.592861779875507189e+01
1.369099999999999984e+00,-1.632246293369692580e+01
1.368700000000000028e+00,-1.658669811256939042e+01
1.368000000000000105e+00,-1.632979004827601699e+01
1.367699999999999916e+00,-1.646198859699007144e+01
1.367399999999999949e+00,-1.652991760500471941e+01
1.366700000000000026e+00,-1.655653086778526983e+01
1.366400000000000059e+00,-1.658170283714952120e+01
1.365799999999999903e+00,-1.647011692010279305e+01
1.365499999999999936e+00,-1.643390043895628239e+01
1.365199999999999969e+00,-1.651280315745160721e+01
1.364500000000000046e+00,-1.611121709252216050e+01
1.364100000000000090e+00,-1.658054682567703608e+01
1.363399999999999945e+00,-1.650584260999197284e+01
1.363099999999999978e+00,-1.657760273282636376e+01
1.362500000000000044e+00,-1.650361823710365883e+01
1.362200000000000077e+00,-1.649283170648873309e+01
1.361799999999999899e+00,-1.660240639991526379e+01
1.361499999999999932e+00,-1.668297266626600006e+01
1.360899999999999999e+00,-1.693912346055681084e+01
1.360500000000000043e+00,-1.684361312619220286e+01
1.360200000000000076e+00,-1.684464399117962685e+01
1.359499999999999931e+00,-1.693618442464386220e+01
1.359199999999999964e+00,-1.722626778648305290e+01
1.358899999999999997e+00,-1.739268983790525880e+01
1.358300000000000063e+00,-1.723693737628422085e+01
1.358000000000000096e+00,-1.703601711681109876e+01
1.357599999999999918e+00,-1.726231154882303187e+01
1.356999999999999984e+00,-1.721295083781503621e+01
1.356700000000000017e+00,-1.749596215726064585e+01
1.355900000000000105e+00,-1.736965634261777680e+01
1.355599999999999916e+00,-1.715510942281233753e+01
1.355199999999999960e+00,-1.724930752162287817e+01
1.354600000000000026e+00,-1.781656923401874337e+01
1.354300000000000059e+00,-1.734361032313005779e+01
1.353900000000000103e+00,-1.788318597994104309e+01
1.353399999999999936e+00,-1.769444146090181746e+01
1.353099999999999969e+00,-1.765007996695354464e+01
1.352400000000000047e+00,-1.748103405732354787e+01
1.352000000000000091e+00,-1.760241292363758348e+01
1.351699999999999902e+00,-1.782731680460025103e+01
1.351099999999999968e+00,-1.757233896383944938e+01
1.350700000000000012e+00,-1.735959498554047542e+01
1.350300000000000056e+00,-1.772895670903492515e+01
1.349699999999999900e+00,-1.759652060562113007e+01
1.349299999999999944e+00,-1.765332221312196381e+01
1.348999999999999977e+00,-1.750245212006253936e+01
1.348300000000000054e+00,-1.752662008074391409e+01
1.348000000000000087e+00,-1.746664086230828161e+01
1.347599999999999909e+00,-1.761488283581213565e+01
1.346999999999999975e+00,-1.770422949835689153e+01
1.346600000000000019e+00,-1.738970155368111037e+01
1.346100000000000074e+00,-1.739028045551257406e+01
1.345699999999999896e+00,-1.813902681703141084e+01
1.345099999999999962e+00,-1.822756477061967928e+01
1.344700000000000006e+00,-1.696394722757237972e+01
1.344400000000000039e+00,-1.797865841589555203e+01
1.343699999999999894e+00,-1.760499993069238300e+01
1.343399999999999928e+00,-1.741098817449816849e+01
1.342999999999999972e+00,-1.766797259685924359e+01
1.342400000000000038e+00,-1.701902048705703407e+01
1.342000000000000082e+00,-1.763280947156263068e+01
1.341699999999999893e+00,-1.766949069664605076e+01
1.341399999999999926e+00,-1.860993968762548434e+01
1.340799999999999992e+00,-1.839588705485613218e+01
1.340500000000000025e+00,-1.796725821809948798e+01
1.339800000000000102e+00,-1.794126559393378884e+01
1.339499999999999913e+00,-1.788526826296509142e+01
1.339199999999999946e+00,-1.740978931064019974e+01
1.338400000000000034e+00,-1.789406325215878724e+01
1.338000000000000078e+00,-1.778117528790914648e+01
1.337699999999999889e+00,-1.812431974796994538e+01
1.336999999999999966e+00,-1.869784405592795551e+01
1.336699999999999999e+00,-1.804119127822435686e+01
1.336400000000000032e+00,-1.804941957285468845e+01
1.335800000000000098e+00,-1.822785789343146945e+01
1.335499999999999909e+00,-1.802155584219406848e+01
1.334899999999999975e+00,-1.808327104874958025e+01
1.334500000000000020e+00,-1.806361710810768884e+01
1.334200000000000053e+00,-1.811094338215512067e+01
1.333499999999999908e+00,-1.820066554816652271e+01
1.333099999999999952e+00,-1.796798193526029763e+01
1.332799999999999985e+00,-1.710119486156552071e+01
1.332100000000000062e+00,-1.711845756954821951e+01
1.331900000000000084e+00,-1.792904750968836325e+01
1.331199999999999939e+00,-1.799848556080876349e+01
1.330899999999999972e+00,-1.797841864871366013e+01
1.330600000000000005e+00,-1.794690883767137279e+01
1.330000000000000071e+00,-1.782967395643855113e+01
1.329599999999999893e+00,-1.861026886559899296e+01
1.329299999999999926e+00,-1.809690312681742697e+01
1.328600000000000003e+00,-1.800722207708064460e+01
1.328300000000000036e+00,-1.792903958284346189e+01
1.327599999999999891e+00,-1.797197369673526524e+01
1.327299999999999924e+00,-1.781106041511683102e+01
1.326999999999999957e+00,-1.818812290359617023e+01
1.326200000000000045e+00,-1.804248688557856894e+01
1.325900000000000079e+00,-1.799779484153172149e+01
1.325099999999999945e+00,-1.793513150653621580e+01
1.324799999999999978e+00,-1.800837005609921704e+01
1.324500000000000011e+00,-1.815340562656858125e+01
1.323800000000000088e+00,-1.821625749673281192e+01
1.323499999999999899e+00,-1.790224698091889977e+01
1.323199999999999932e+00,-1.770783933470946891e+01
1.322500000000000009e+00,-1.801788624986437171e+01
1.322200000000000042e+00,-1.830909411717207647e+01
1.321600000000000108e+00,-1.816122900737599721e+01
1.321299999999999919e+00,-1.812693669845056732e+01
1.320899999999999963e+00,-1.842353565783324498e+01
1.320300000000000029e+00,-1.830519071962309496e+01
1.319900000000000073e+00,-1.839235332536299694e+01
1.319199999999999928e+00,-1.824062594168642804e+01
1.318899999999999961e+00,-1.835800802691385769e+01
1.318200000000000038e+00,-1.852688948916500777e+01
1.317499999999999893e+00,-1.840290702037178860e+01
1.317199999999999926e+00,-1.827683067378120541e+01
1.316899999999999959e+00,-1.878335879355731564e+01
1.316200000000000037e+00,-1.822456573865403229e+01
1.315800000000000081e+00,-1.810992752596428801e+01
1.315499999999999892e+00,-1.876972345841803147e+01
1.315199999999999925e+00,-1.821754464054192724e+01
1.314500000000000002e+00,-1.815132974797698751e+01
1.314200000000000035e+00,-1.832351729697469267e+01
1.313499999999999890e+00,-1.849519300095208152e+01
1.313199999999999923e+00,-1.833611303985890117e+01
1.312799999999999967e+00,-1.825952525638416191e+01
1.312200000000000033e+00,-1.812751223913915766e+01
1.311800000000000077e+00,-1.805031945805637150e+01
1.311399999999999899e+00,-1.818555417672476793e+01
1.310699999999999976e+00,-1.811424925334680225e+01
1.310400000000000009e+00,-1.812367212647926706e+01
1.310100000000000042e+00,-1.824597108995018502e+01
1.309399999999999897e+00,-1.833732284140096169e+01
1.308999999999999941e+00,-1.808960377628083549e+01
1.308400000000000007e+00,-1.822319149330387589e+01
1.308100000000000041e+00,-1.822387738442785121e+01
1.307399999999999896e+00,-1.794366947943473178e+01
1.307099999999999929e+00,-1.822848793655048993e+01
1.306799999999999962e+00,-1.797353344083099458e+01
1.306200000000000028e+00,-1.805519202417202251e+01
1.305900000000000061e+00,-1.836958427457622633e+01
1.305299999999999905e+00,-1.808036309896795402e+01
1.304999999999999938e+00,-1.830141456523547561e+01
1.304699999999999971e+00,-1.818284429075597686e+01
1.304400000000000004e+00,-1.817552320026944201e+01
1.304000000000000048e+00,-1.822920169261363910e+01
1.303700000000000081e+00,-1.850617869814928085e+01
1.303099999999999925e+00,-1.830989271968544685e+01
1.302799999999999958e+00,-1.850379340329277156e+01
1.302400000000000002e+00,-1.890236888474746735e+01
1.302000000000000046e+00,-1.835615949540773784e+01
1.301299999999999901e+00,-1.838053519582212303e+01
1.300999999999999934e+00,-1.845538549737923617e+01
1.300599999999999978e+00,-1.837194374618173498e+01
1.299900000000000055e+00,-1.835938990320095598e+01
1.299600000000000088e+00,-1.836002668253291148e+01
1.298999999999999932e+00,-1.837120246090196218e+01
1.298699999999999966e+00,-1.827109181982131858e+01
1.298300000000000010e+00,-1.800954651644689264e+01
1.297600000000000087e+00,-1.835185608366259657e+01
1.297299999999999898e+00,-1.833170286010561156e+01
1.296999999999999931e+00,-1.836423432796723887e+01
1.296300000000000008e+00,-1.853017519424090764e+01
1.296000000000000041e+00,-1.846152256454094243e+01
1.295299999999999896e+00,-1.837349164674363067e+01
1.294999999999999929e+00,-1.830207005650520458e+01
1.294300000000000006e+00,-1.849439728789483084e+01
1.294000000000000039e+00,-1.861289701476577818e+01
1.293600000000000083e+00,-1.828274729162361112e+01
1.293099999999999916e+00,-1.810946255565246688e+01
1.292799999999999949e+00,-1.837996985000660644e+01
1.292399999999999993e+00,-1.826756608180827612e+01
1.291900000000000048e+00,-1.812897079108140019e+01
1.291600000000000081e+00,-1.840365327349228508e+01
1.290899999999999936e+00,-1.845618574750780994e+01
1.290599999999999969e+00,-1.839913785011523828e+01
1.290200000000000014e+00,-1.819620038737757994e+01
1.289500000000000091e+00,-1.824439693318179678e+01
1.289199999999999902e+00,-1.818654019107722775e+01
1.288799999999999946e+00,-1.834866399509950341e+01
1.288100000000000023e+00,-1.828109237783769814e+01
1.287800000000000056e+00,-1.825333305443986376e+01
1.287400000000000100e+00,-1.828618829680123881e+01
1.286699999999999955e+00,-1.838633480716021751e+01
1.286299999999999999e+00,-1.814837855813274814e+01
1.286000000000000032e+00,-1.815077771622377867e+01
1.285400000000000098e+00,-1.808824546456616744e+01
1.284999999999999920e+00,-1.816653379389308753e+01
1.284699999999999953e+00,-1.840759233977542308e+01
1.284399999999999986e+00,-1.835111821210104566e+01
1.283800000000000052e+00,-1.839685981447677321e+01
1.283500000000000085e+00,-1.844787650858645378e+01
1.283199999999999896e+00,-1.801379350582460148e+01
1.282899999999999929e+00,-1.808192555694020598e+01
1.282599999999999962e+00,-1.827882491171940060e+01
1.281900000000000039e+00,-1.792615542391962080e+01
1.281600000000000072e+00,-1.807563336797151621e+01
1.280899999999999928e+00,-1.819593706070916639e+01
1.280599999999999961e+00,-1.841830775617726346e+01
1.280200000000000005e+00,-1.867741228780751328e+01
1.279500000000000082e+00,-1.860878589083677426e+01
1.279199999999999893e+00,-1.843730483148380728e+01
1.278899999999999926e+00,-1.844815960039161595e+01
1.278200000000000003e+00,-1.838642026940600616e+01
1.277900000000000036e+00,-1.811809789280219363e+01
1.277199999999999891e+00,-1.832187869016143722e+01
1.276899999999999924e+00,-1.813196952269078110e+01
1.276299999999999990e+00,-1.830335428940070841e+01
1.276000000000000023e+00,-1.834269891654500739e+01
1.275600000000000067e+00,-1.824907276839824988e+01
1.274999999999999911e+00,-1.830927575127787676e+01
1.274699999999999944e+00,-1.855181710534604278e+01
1.274000000000000021e+00,-1.857751670637773245e+01
1.273700000000000054e+00,-1.848914549037990440e+01
1.273099999999999898e+00,-1.816334126142466587e+01
1.272799999999999931e+00,-1.801399192597644117e+01
1.272499999999999964e+00,-1.833940184327079592e+01
1.271800000000000042e+00,-1.843070704079202571e+01
1.271500000000000075e+00,-1.850777268499054173e+01
1.271099999999999897e+00,-1.852088878434763330e+01
1.270399999999999974e+00,-1.833988898734101980e+01
1.270199999999999996e+00,-1.843736577310244229e+01
1.269900000000000029e+00,-1.839287358768207170e+01
1.269200000000000106e+00,-1.833715680668078818e+01
1.268799999999999928e+00,-1.809411107760857718e+01
1.268499999999999961e+00,-1.782769588996270116e+01
1.267900000000000027e+00,-1.814282593573458868e+01
1.267500000000000071e+00,-1.817152224470562771e+01
1.267200000000000104e+00,-1.829449275742929615e+01
1.266499999999999959e+00,-1.848952559114114536e+01
1.266199999999999992e+00,-1.852351369409886672e+01
1.265500000000000069e+00,-1.848242150578024123e+01
1.265200000000000102e+00,-1.839569222246676006e+01
1.264799999999999924e+00,-1.812940483150145710e+01
1.264199999999999990e+00,-1.825738757100961251e+01
1.263900000000000023e+00,-1.836263848343962124e+01
1.263600000000000056e+00,-1.824246438545344162e+01
1.263300000000000090e+00,-1.854740205657193997e+01
1.262599999999999945e+00,-1.848776083980337503e+01
1.262299999999999978e+00,-1.905202360352412683e+01
1.262000000000000011e+00,-1.825019054387103878e+01
1.261400000000000077e+00,-1.795700493270129527e+01
1.260999999999999899e+00,-1.804951256596156739e+01
1.260699999999999932e+00,-1.838196363651099219e+01
1.260199999999999987e+00,-1.843593492674841272e+01
1.259900000000000020e+00,-1.838821487641713404e+01
1.259500000000000064e+00,-1.811161523173156951e+01
1.258999999999999897e+00,-1.823458890610769245e+01
1.258699999999999930e+00,-1.829711936930668870e+01
1.258299999999999974e+00,-1.845068982200383445e+01
1.257600000000000051e+00,-1.871920766463204444e+01
1.257200000000000095e+00,-1.857994901573265523e+01
1.256899999999999906e+00,-1.850686006346214896e+01
1.256099999999999994e+00,-1.837274753861044729e+01
1.255800000000000027e+00,-1.850895451076931764e+01
1.255500000000000060e+00,-1.853240175055028516e+01
1.254799999999999915e+00,-1.873531995109428294e+01
1.254599999999999937e+00,-1.851690924626037571e+01
1.254199999999999982e+00,-1.817492204670787714e+01
1.253600000000000048e+00,-1.829029727366906499e+01
1.253200000000000092e+00,-1.817614280898351709e+01
1.252899999999999903e+00,-1.819403394331853363e+01
1.252199999999999980e+00,-1.840107322298874593e+01
1.251800000000000024e+00,-1.844852851330684729e+01
1.251500000000000057e+00,-1.847855722824651536e+01
1.250899999999999901e+00,-1.840361823506443884e+01
1.250499999999999945e+00,-1.837201548484808811e+01
1.250199999999999978e+00,-1.838387497282759497e+01
1.249600000000000044e+00,-1.841249839813208311e+01
1.249300000000000077e+00,-1.808991531033862898e+01
1.249000000000000110e+00,-1.819826147583365028e+01
1.248399999999999954e+00,-1.796359956232995714e+01
1.248099999999999987e+00,-1.812522748792697413e+01
1.247400000000000064e+00,-1.837817069994598995e+01
1.247100000000000097e+00,-1.857048898257097136e+01
1.246799999999999908e+00,-1.854333522629670838e+01
1.246199999999999974e+00,-1.870138850269724884e+01
1.245800000000000018e+00,-1.854467741421797555e+01
1.245400000000000063e+00,-1.835775160641448522e+01
1.244799999999999907e+00,-1.848670283653920876e+01
1.244499999999999940e+00,-1.841407958592155225e+01
1.243800000000000017e+00,-1.830000587058943040e+01
1.243400000000000061e+00,-1.863826967625969644e+01
1.242799999999999905e+00,-1.860094985667685918e+01
1.242399999999999949e+00,-1.846139079994821586e+01
1.241999999999999993e+00,-1.834627624914485722e+01
1.241300000000000070e+00,-1.849925708956325465e+01
1.241000000000000103e+00,-1.851536010486721651e+01
1.240699999999999914e+00,-1.831419029190090342e+01
1.240099999999999980e+00,-1.800306248576702473e+01
1.239800000000000013e+00,-1.826487076391591913e+01
1.239400000000000057e+00,-1.809077131474452926e+01
1.238799999999999901e+00,-1.825620768489068269e+01
1.238499999999999934e+00,-1.821029647616051861e+01
1.237900000000000000e+00,-1.814395800027205752e+01
1.237600000000000033e+00,-1.810859988735833426e+01
1.237300000000000066e+00,-1.805880856824665059e+01
1.236900000000000110e+00,-1.824114017287751821e+01
1.236199999999999966e+00,-1.793400288385860719e+01
1.235899999999999999e+00,-1.805424050603330599e+01
1.235600000000000032e+00,-1.807709046801097230e+01
1.234799999999999898e+00,-1.801013075822342202e+01
1.234499999999999931e+00,-1.825404850579813143e+01
1.234199999999999964e+00,-1.808894638693227819e+01
1.233600000000000030e+00,-1.807977421502005555e+01
1.233200000000000074e+00,-1.828888564475096601e+01
1.232900000000000107e+00,-1.828148472244025058e+01
1.232299999999999951e+00,-1.855207991167295845e+01
1.231999999999999984e+00,-1.825135889531627598e+01
1.231600000000000028e+00,-1.817624142417739463e+01
1.230900000000000105e+00,-1.828126995727969017e+01
1.230599999999999916e+00,-1.831908094061677161e+01
1.230299999999999949e+00,-1.814595822708080775e+01
1.229600000000000026e+00,-1.819849857512146585e+01
1.229300000000000059e+00,-1.804428601036370239e+01
1.229000000000000092e+00,-1.802867064158598254e+01
1.228399999999999936e+00,-1.810567417255453293e+01
1.228099999999999969e+00,-1.802900223911748867e+01
1.227800000000000002e+00,-1.799197428902412454e+01
1.227100000000000080e+00,-1.824479442969254706e+01
1.226799999999999891e+00,-1.811086407963020051e+01
1.226099999999999968e+00,-1.814323700459943112e+01
1.225700000000000012e+00,-1.787779583668916672e+01
1.225400000000000045e+00,-1.792194860910337439e+01
1.224800000000000111e+00,-1.787536586813969919e+01
1.224399999999999933e+00,-1.806822808418191428e+01
1.224099999999999966e+00,-1.813777354904631522e+01
1.223400000000000043e+00,-1.822746008529967554e+01
1.223100000000000076e+00,-1.812167763931248032e+01
1.222699999999999898e+00,-1.815584556535405625e+01
1.221999999999999975e+00,-1.787883349806682531e+01
1.221799999999999997e+00,-1.803593934550369582e+01
1.221400000000000041e+00,-1.804712529305612279e+01
1.220800000000000107e+00,-1.828312444980607410e+01
1.220399999999999929e+00,-1.803621232392498541e+01
1.219799999999999995e+00,-1.824834898432512276e+01
1.219400000000000039e+00,-1.799739863736528278e+01
1.218800000000000106e+00,-1.808765343096160194e+01
1.218499999999999917e+00,-1.804638254262001240e+01
1.218099999999999961e+00,-1.795295423401748280e+01
1.217500000000000027e+00,-1.823184220401288513e+01
1.217200000000000060e+00,-1.823886355002998627e+01
1.216900000000000093e+00,-1.840364339671715044e+01
1.216199999999999948e+00,-1.841416433693500565e+01
1.215799999999999992e+00,-1.817053480188909376e+01
1.215100000000000069e+00,-1.834597032093921598e+01
1.214699999999999891e+00,-1.915370856543463418e+01
1.213999999999999968e+00,-1.839627041740747160e+01
1.213700000000000001e+00,-1.824601273202313578e+01
1.212699999999999889e+00,-1.858136842298936031e+01
1.212399999999999922e+00,-1.879379951194395559e+01
1.212099999999999955e+00,-1.851319104245415659e+01
1.211500000000000021e+00,-1.845973882648776154e+01
1.210900000000000087e+00,-1.832822158941028334e+01
1.210499999999999909e+00,-1.814314843184669712e+01
1.210199999999999942e+00,-1.820395040654809193e+01
1.209899999999999975e+00,-1.806876546132079397e+01
1.209200000000000053e+00,-1.787221272117152182e+01
1.208900000000000086e+00,-1.804990045538310284e+01
1.208199999999999941e+00,-1.844802269521691684e+01
1.207799999999999985e+00,-1.828885049377257133e+01
1.207200000000000051e+00,-1.825130951284442204e+01
1.206900000000000084e+00,-1.810852157166126375e+01
1.206499999999999906e+00,-1.814045826906860981e+01
1.205899999999999972e+00,-1.830443354078922624e+01
1.205600000000000005e+00,-1.828510764688793344e+01
1.204900000000000082e+00,-1.835901882529093143e+01
1.204599999999999893e+00,-1.861349093128729493e+01
1.204299999999999926e+00,-1.827728403269398427e+01
1.203600000000000003e+00,-1.826433247478411559e+01
1.203300000000000036e+00,-1.839173695713323298e+01
1.202900000000000080e+00,-1.826840298645489824e+01
1.202399999999999913e+00,-1.818465007672061873e+01
1.201999999999999957e+00,-1.822578448896555514e+01
1.201400000000000023e+00,-1.827338547380186640e+01
1.201100000000000056e+00,-1.827132287025132484e+01
1.200399999999999912e+00,-1.806704769087437867e+01
1.200099999999999945e+00,-1.837722208177052963e+01
1.199699999999999989e+00,-1.824521193408003228e+01
1.199000000000000066e+00,-1.816296732883443354e+01
1.198600000000000110e+00,-1.799773769234716170e+01
1.198299999999999921e+00,-1.807272294343819752e+01
1.197599999999999998e+00,-1.779831804291208996e+01
1.197300000000000031e+00,-1.826312975563991614e+01
1.196600000000000108e+00,-1.817093000594854502e+01
1.196299999999999919e+00,-1.831309138668451553e+01
1.195999999999999952e+00,-1.805811886369883723e+01
1.195400000000000018e+00,-1.807493315192976979e+01
1.195100000000000051e+00,-1.821275281425399228e+01
1.194900000000000073e+00,-1.840302265140852356e+01
1.194199999999999928e+00,-1.813962895037333922e+01
1.193999999999999950e+00,-1.817833331867876367e+01
1.193599999999999994e+00,-1.830920555716706843e+01
1.192900000000000071e+00,-1.835603082856059487e+01
1.192499999999999893e+00,-1.815643170073560597e+01
1.192199999999999926e+00,-1.781137414587361434e+01
1.191500000000000004e+00,-1.810865023369112237e+01
1.191200000000000037e+00,-1.801701477900010673e+01
1.190800000000000081e+00,-1.792102720866478904e+01
1.190099999999999936e+00,-1.779308561939071964e+01
1.189799999999999969e+00,-1.791255497778495709e+01
1.189200000000000035e+00,-1.810694907944548504e+01
1.188800000000000079e+00,-1.825800703413186099e+01
1.188499999999999890e+00,-1.830394769915919184e+01
1.187899999999999956e+00,-1.815093918184651045e+01
1.187500000000000000e+00,-1.803509963057723908e+01
1.187000000000000055e+00,-1.797669436877234972e+01
1.186700000000000088e+00,-1.793880743481768647e+01
1.186299999999999910e+00,-1.817985798955217192e+01
1.185599999999999987e+00,-1.796961627608625278e+01
1.185300000000000020e+00,-1.832578736993832891e+01
1.184600000000000097e+00,-1.815238400673046115e+01
1.184199999999999919e+00,-1.836448589916201968e+01
1.183899999999999952e+00,-1.806248832883143507e+01
1.183200000000000029e+00,-1.817373172049111574e+01
1.183000000000000052e+00,-1.846695058372979759e+01
1.182700000000000085e+00,-1.843861425474720050e+01
1.181999999999999940e+00,-1.812558476301131805e+01
1.181699999999999973e+00,-1.824722842478283269e+01
1.181499999999999995e+00,-1.828435446200632697e+01
1.180800000000000072e+00,-1.805192012154861914e+01
1.180500000000000105e+00,-1.810515088143277040e+01
1.180099999999999927e+00,-1.830408778081735832e+01
1.179499999999999993e+00,-1.840341814356304440e+01
1.179100000000000037e+00,-1.826924780342622867e+01
1.178700000000000081e+00,-1.826818524930627774e+01
1.178099999999999925e+00,-1.832566786885737997e+01
1.177699999999999969e+00,-1.806864223220945931e+01
1.177400000000000002e+00,-1.821869347447698573e+01
1.176700000000000079e+00,-1.803762824475578341e+01
1.176500000000000101e+00,-1.821353740216530070e+01
1.176099999999999923e+00,-1.821153281586249051e+01
1.175400000000000000e+00,-1.845953158420197227e+01
1.175100000000000033e+00,-1.834937589756833631e+01
1.174800000000000066e+00,-1.810078714802360267e+01
1.174199999999999910e+00,-1.800565003314225976e+01
1.173899999999999944e+00,-1.797117702363615876e+01
1.173200000000000021e+00,-1.801616614498908220e+01
1.172900000000000054e+00,-1.794851013024261377e+01
1.172600000000000087e+00,-1.782198924926681727e+01
1.171899999999999942e+00,-1.806157318821632529e+01
1.171599999999999975e+00,-1.799561117715557756e+01
1.171200000000000019e+00,-1.817456355939577506e+01
1.170500000000000096e+00,-1.838986923410803342e+01
1.170199999999999907e+00,-1.844867198989865287e+01
1.169899999999999940e+00,-1.807396403100836579e+01
1.169200000000000017e+00,-1.787113670427922330e+01
1.168900000000000050e+00,-1.815281421285522256e+01
1.168299999999999894e+00,-1.828667983222150539e+01
1.167999999999999927e+00,-1.821598451227511717e+01
1.167599999999999971e+00,-1.840818375544966656e+01
1.166900000000000048e+00,-1.819032589536052669e+01
1.166600000000000081e+00,-1.817617073029769514e+01
1.166299999999999892e+00,-1.846590252895892093e+01
1.165599999999999969e+00,-1.817018511572660344e+01
1.165300000000000002e+00,-1.814839888673739310e+01
1.165000000000000036e+00,-1.796799094834619126e+01
1.164400000000000102e+00,-1.806516684786717164e+01
1.163999999999999924e+00,-1.776257717670199199e+01
1.163399999999999990e+00,-1.796208337398299193e+01
1.163000000000000034e+00,-1.807480069837387759e+01
1.162600000000000078e+00,-1.822671551896882036e+01
1.162300000000000111e+00,-1.825248561944858494e+01
1.161699999999999955e+00,-1.768152060017589378e+01
1.161399999999999988e+00,-1.793005816556852849e+01
1.161100000000000021e+00,-1.778060945046506092e+01
1.160400000000000098e+00,-1.776459738346532546e+01
1.159699999999999953e+00,-1.791393432374623629e+01
1.159299999999999997e+00,-1.793018777720757129e+01
1.159000000000000030e+00,-1.771245973718220057e+01
1.158400000000000096e+00,-1.785277215603461443e+01
1.157999999999999918e+00,-1.794713763187257882e+01
1.157699999999999951e+00,-1.826120873214130924e+01
1.157399999999999984e+00,-1.814434308393042272e+01
1.156800000000000050e+00,-1.816478712341950796e+01
1.156400000000000095e+00,-1.807988600931345502e+01
1.156099999999999905e+00,-1.795103703549753504e+01
1.155399999999999983e+00,-1.804396738538929412e+01
1.155100000000000016e+00,-1.827134303018711137e+01
1.154800000000000049e+00,-1.816676099671825995e+01
1.154099999999999904e+00,-1.806007833351345582e+01
1.153499999999999970e+00,-1.770497530859012514e+01
1.153200000000000003e+00,-1.766268959981715270e+01
1.152800000000000047e+00,-1.775328366132684721e+01
1.152099999999999902e+00,-1.803491566041812177e+01
1.151799999999999935e+00,-1.796731787560073812e+01
1.151399999999999979e+00,-1.809042841351888598e+01
1.150700000000000056e+00,-1.802347124582174587e+01
1.150400000000000089e+00,-1.785273300514049666e+01
1.150099999999999900e+00,-1.795652440754478008e+01
1.149399999999999977e+00,-1.792985511365630913e+01
1.149100000000000010e+00,-1.786188152300745813e+01
1.148500000000000076e+00,-1.809981043061127082e+01
1.148200000000000109e+00,-1.790716885641287348e+01
1.147899999999999920e+00,-1.782594539746769158e+01
1.147199999999999998e+00,-1.815144956348203209e+01
1.146800000000000042e+00,-1.800969611112077828e+01
1.146500000000000075e+00,-1.831238150395860487e+01
1.145699999999999941e+00,-1.833229717736620756e+01
1.145399999999999974e+00,-1.806626760574845747e+01
1.145100000000000007e+00,-1.775148752724961199e+01
1.144400000000000084e+00,-1.802899601736204360e+01
1.144099999999999895e+00,-1.791300123811586076e+01
1.143499999999999961e+00,-1.795831956355013759e+01
1.143199999999999994e+00,-1.809360307791214595e+01
1.142900000000000027e+00,-1.808464872313335192e+01
1.142099999999999893e+00,-1.828997893366336314e+01
1.141799999999999926e+00,-1.809247824537847649e+01
1.141499999999999959e+00,-1.807389784471594041e+01
1.140700000000000047e+00,-1.807116922635876577e+01
1.140400000000000080e+00,-1.825361694877025798e+01
1.140099999999999891e+00,-1.799170576367086838e+01
1.139399999999999968e+00,-1.800357673190444885e+01
1.139100000000000001e+00,-1.775358711076230378e+01
1.138700000000000045e+00,-1.772340190779623725e+01
1.138099999999999890e+00,-1.801483023298761665e+01
1.137799999999999923e+00,-1.794032470211434216e+01
1.137399999999999967e+00,-1.804210831109925195e+01
1.136800000000000033e+00,-1.783323045409933627e+01
1.136500000000000066e+00,-1.777265886228505565e+01
1.135899999999999910e+00,-1.788014935981425424e+01
1.135499999999999954e+00,-1.799278445451320607e+01
1.135199999999999987e+00,-1.803775810718119743e+01
1.134600000000000053e+00,-1.793025959520360857e+01
1.134200000000000097e+00,-1.773629080667692648e+01
1.133899999999999908e+00,-1.771308222693356882e+01
1.133199999999999985e+00,-1.776519220747967509e+01
1.132900000000000018e+00,-1.789667278215170398e+01
1.132600000000000051e+00,-1.804758575617592697e+01
1.131899999999999906e+00,-1.802807589539327893e+01
1.131599999999999939e+00,-1.787551134212841575e+01
1.130900000000000016e+00,-1.808187603097870522e+01
1.130600000000000049e+00,-1.793738835401386567e+01
1.130200000000000093e+00,-1.801402742570051885e+01
1.129599999999999937e+00,-1.799003808822191885e+01
1.129199999999999982e+00,-1.817128086371803164e+01
1.128900000000000015e+00,-1.783145394935225170e+01
1.128300000000000081e+00,-1.786943586562072284e+01
1.127899999999999903e+00,-1.806022344565749904e+01
1.127599999999999936e+00,-1.779406700503464833e+01
1.126900000000000013e+00,-1.785225120934431331e+01
1.126600000000000046e+00,-1.774611333184160600e+01
1.126300000000000079e+00,-1.792832241697978901e+01
1.125599999999999934e+00,-1.830372773464310043e+01
1.125299999999999967e+00,-1.834216367200209064e+01
1.124600000000000044e+00,-1.784990253073112854e+01
1.124300000000000077e+00,-1.800546250229065137e+01
1.123899999999999899e+00,-1.857185581952648334e+01
1.123199999999999976e+00,-1.776635288751339914e+01
1.122900000000000009e+00,-1.779154503007258015e+01
1.122600000000000042e+00,-1.801655212583037979e+01
1.122000000000000108e+00,-1.808933460049969000e+01
1.121699999999999919e+00,-1.797877077968964343e+01
1.121399999999999952e+00,-1.811325525035213246e+01
1.120800000000000018e+00,-1.798307590847631232e+01
1.120400000000000063e+00,-1.760755527774222884e+01
1.120100000000000096e+00,-1.775921745346353120e+01
1.119499999999999940e+00,-1.775410405629057209e+01
1.119099999999999984e+00,-1.759493584207933736e+01
1.118800000000000017e+00,-1.750741752628232462e+01
1.118200000000000083e+00,-1.752456881572729941e+01
1.117899999999999894e+00,-1.765485092610303752e+01
1.117199999999999971e+00,-1.790974367722607496e+01
1.116900000000000004e+00,-1.831987764544821573e+01
1.116600000000000037e+00,-1.797775589237409477e+01
1.116200000000000081e+00,-1.811479873839584442e+01
1.115599999999999925e+00,-1.781045748503809634e+01
1.115199999999999969e+00,-1.765797616888743704e+01
1.114900000000000002e+00,-1.778818092449605004e+01
1.114200000000000079e+00,-1.758389454567972621e+01
1.113899999999999890e+00,-1.768892441400236848e+01
1.113599999999999923e+00,-1.759229258263767193e+01
1.112900000000000000e+00,-1.782588049692168752e+01
1.112500000000000044e+00,-1.778935795780315487e+01
1.112200000000000077e+00,-1.796364429595665513e+01
1.111599999999999921e+00,-1.786690159489389984e+01
1.111199999999999966e+00,-1.785895779942187289e+01
1.110899999999999999e+00,-1.770241702009058926e+01
1.110200000000000076e+00,-1.805116661692143509e+01
1.109900000000000109e+00,-1.783131547087638680e+01
1.109599999999999920e+00,-1.793017472911106935e+01
1.108999999999999986e+00,-1.792290731190567499e+01
1.108700000000000019e+00,-1.793093461977938574e+01
1.107599999999999918e+00,-1.780858229160327610e+01
1.107299999999999951e+00,-1.776516199897436010e+01
1.106700000000000017e+00,-1.769836855762063976e+01
1.106300000000000061e+00,-1.801595740224233921e+01
1.105699999999999905e+00,-1.805785133279055898e+01
1.105399999999999938e+00,-1.772059518315906956e+01
1.104999999999999982e+00,-1.787694118587394598e+01
1.104400000000000048e+00,-1.788272613662241284e+01
1.104000000000000092e+00,-1.797902357433792275e+01
1.103699999999999903e+00,-1.820013321837677012e+01
1.103099999999999969e+00,-1.804890008005933666e+01
1.102800000000000002e+00,-1.782943220176172971e+01
1.102500000000000036e+00,-1.775966662500533033e+01
1.101799999999999891e+00,-1.779775989551898618e+01
1.101599999999999913e+00,-1.788514033129211001e+01
1.100899999999999990e+00,-1.771292313826711151e+01
1.100500000000000034e+00,-1.779100800893486678e+01
1.100200000000000067e+00,-1.795837325414915142e+01
1.099900000000000100e+00,-1.764572488181649490e+01
1.099199999999999955e+00,-1.741181112856018487e+01
1.098899999999999988e+00,-1.754738953636736198e+01
1.098600000000000021e+00,-1.791067373849539379e+01
1.098000000000000087e+00,-1.810944972328379521e+01
1.097699999999999898e+00,-1.824387206897583624e+01
1.097399999999999931e+00,-1.817710053073733079e+01
1.096700000000000008e+00,-1.795087387617077113e+01
1.096300000000000052e+00,-1.786229402459724724e+01
1.096000000000000085e+00,-1.770833419659622621e+01
1.095399999999999929e+00,-1.684281047438745915e+01
1.095099999999999962e+00,-1.751055641877269764e+01
1.094700000000000006e+00,-1.773284023741431525e+01
1.094100000000000072e+00,-1.768081947101057594e+01
1.093699999999999894e+00,-1.790933582511140543e+01
1.093399999999999928e+00,-1.809565921811937628e+01
1.092799999999999994e+00,-1.794035887001071927e+01
1.092400000000000038e+00,-1.786312132827437438e+01
1.092100000000000071e+00,-1.771361972255029116e+01
1.091499999999999915e+00,-1.767295164933082319e+01
1.091099999999999959e+00,-1.756272623884757778e+01
1.090799999999999992e+00,-1.766047846843833469e+01
1.090100000000000069e+00,-1.794938196232102001e+01
1.089800000000000102e+00,-1.785278564586652195e+01
1.089399999999999924e+00,-1.780620058953251217e+01
1.088799999999999990e+00,-1.785769952329994936e+01
1.088500000000000023e+00,-1.767601523387481421e+01
1.088200000000000056e+00,-1.786229600719709509e+01
1.087599999999999900e+00,-1.788479877642430083e+01
1.087199999999999944e+00,-1.804122880416170460e+01
1.086899999999999977e+00,-1.775163620667671438e+01
1.086300000000000043e+00,-1.761104084596182773e+01
1.085900000000000087e+00,-1.783542960421572943e+01
1.085599999999999898e+00,-1.728282167022879179e+01
1.084899999999999975e+00,-1.737876014272993430e+01
1.084600000000000009e+00,-1.756873916821158943e+01
1.083900000000000086e+00,-1.746244469190056847e+01
1.083299999999999930e+00,-1.742433561035035794e+01
1.082899999999999974e+00,-1.744333234837960589e+01
1.082600000000000007e+00,-1.759406645768300592e+01
1.082000000000000073e+00,-1.768777912777852634e+01
1.081599999999999895e+00,-1.762715658221525672e+01
1.080999999999999961e+00,-1.763189650669963271e+01
1.080699999999999994e+00,-1.752028569474524033e+01
1.080400000000000027e+00,-1.779830675086246217e+01
1.080000000000000071e+00,-1.792666045328430258e+01
1.079399999999999915e+00,-1.752992268978614732e+01
1.078799999999999981e+00,-1.757232568946323426e+01
1.078400000000000025e+00,-1.756087284994043074e+01
1.078100000000000058e+00,-1.752691932817508658e+01
1.077499999999999902e+00,-1.782689833731664208e+01
1.077199999999999935e+00,-1.750862710291137248e+01
1.076799999999999979e+00,-1.769504097388382746e+01
1.076100000000000056e+00,-1.750034775548688870e+01
1.075800000000000090e+00,-1.700940067268144062e+01
1.075499999999999901e+00,-1.760129468818811915e+01
1.074899999999999967e+00,-1.742415428629584540e+01
1.074500000000000011e+00,-1.753940273420506557e+01
1.073900000000000077e+00,-1.746917168748201732e+01
1.073600000000000110e+00,-1.765797460524451523e+01
1.073299999999999921e+00,-1.768976609839707592e+01
1.072599999999999998e+00,-1.761512350523871007e+01
1.072300000000000031e+00,-1.752894746783321622e+01
1.071900000000000075e+00,-1.766577486334275804e+01
1.071299999999999919e+00,-1.763374929588941242e+01
1.070899999999999963e+00,-1.753326162862310866e+01
1.070599999999999996e+00,-1.745880981203948679e+01
1.070300000000000029e+00,-1.770551081890421230e+01
1.069600000000000106e+00,-1.766758210283432362e+01
1.069299999999999917e+00,-1.772191895719199550e+01
1.068599999999999994e+00,-1.765445810278853500e+01
1.068300000000000027e+00,-1.792544248713800670e+01
1.068000000000000060e+00,-1.811398246159157921e+01
1.067299999999999915e+00,-1.770531096534620374e+01
1.066999999999999948e+00,-1.785771036954988844e+01
1.066599999999999993e+00,-1.796718997154975739e+01
1.066000000000000059e+00,-1.790062846377489336e+01
1.065700000000000092e+00,-1.806613392336181079e+01
1.065399999999999903e+00,-1.797291081876706187e+01
1.064799999999999969e+00,-1.788382189984948667e+01
1.064500000000000002e+00,-1.759968614276036192e+01
1.064100000000000046e+00,-1.759988670970574631e+01
1.063499999999999890e+00,-1.758136831620563711e+01
1.063099999999999934e+00,-1.736988932679738085e+01
1.062799999999999967e+00,-1.741133782034291144e+01
1.062100000000000044e+00,-1.738970351497569311e+01
1.061800000000000077e+00,-1.744241865355789400e+01
1.061500000000000110e+00,-1.745697492217097135e+01
1.060799999999999965e+00,-1.750304352501385097e+01
1.060499999999999998e+00,-1.765248352989454261e+01
1.060200000000000031e+00,-1.749663809994953212e+01
1.059600000000000097e+00,-1.750660531999038838e+01
1.059299999999999908e+00,-1.744310887950391020e+01
1.058599999999999985e+00,-1.743163127962020198e+01
1.058300000000000018e+00,-1.767543729849713685e+01
1.057900000000000063e+00,-1.766131537253453132e+01
1.057500000000000107e+00,-1.764505800988264994e+01
1.056799999999999962e+00,-1.792610437731357109e+01
1.056499999999999995e+00,-1.777455995124080346e+01
1.056100000000000039e+00,-1.766807997846332867e+01
1.055399999999999894e+00,-1.768716693765419379e+01
1.055099999999999927e+00,-1.744407879235754422e+01
1.054799999999999960e+00,-1.748924177858274831e+01
1.054200000000000026e+00,-1.791237998280035271e+01
1.053800000000000070e+00,-1.764926246478775695e+01
1.053500000000000103e+00,-1.775425395845455867e+01
1.052799999999999958e+00,-1.760036243538204914e+01
1.052499999999999991e+00,-1.754409142266304045e+01
1.052100000000000035e+00,-1.760426703693342176e+01
1.051500000000000101e+00,-1.781645705208668318e+01
1.051199999999999912e+00,-1.785784320959679405e+01
1.050799999999999956e+00,-1.786367609898447384e+01
1.050200000000000022e+00,-1.772475927938397788e+01
1.049900000000000055e+00,-1.777524480375868521e+01
1.049600000000000088e+00,-1.761839500287721094e+01
1.048899999999999944e+00,-1.725945314538079245e+01
1.048599999999999977e+00,-1.758613931825275856e+01
1.048000000000000043e+00,-1.748334402915485697e+01
1.047600000000000087e+00,-1.757157847914006155e+01
1.047299999999999898e+00,-1.742313233091285696e+01
1.046699999999999964e+00,-1.762106595561293076e+01
1.046300000000000008e+00,-1.795673614404980256e+01
1.046000000000000041e+00,-1.806782133339465091e+01
1.045199999999999907e+00,-1.770553354122658618e+01
1.044899999999999940e+00,-1.730949555583481114e+01
1.044200000000000017e+00,-1.780888951422835120e+01
1.043900000000000050e+00,-1.721117212984913891e+01
1.043199999999999905e+00,-1.755312807939653652e+01
1.042899999999999938e+00,-1.762908817774292558e+01
1.042599999999999971e+00,-1.751315228512356370e+01
1.041800000000000059e+00,-1.743478064124915150e+01
1.041500000000000092e+00,-1.761908637824128832e+01
1.041199999999999903e+00,-1.745941788285705698e+01
1.040699999999999958e+00,-1.724198550089096216e+01
1.040300000000000002e+00,-1.732164044742460973e+01
1.040000000000000036e+00,-1.763425887586545926e+01
1.039400000000000102e+00,-1.743033663167141611e+01
1.039099999999999913e+00,-1.738989829969733236e+01
1.038399999999999990e+00,-1.786325843292332038e+01
1.038100000000000023e+00,-1.761622074681256933e+01
1.037700000000000067e+00,-1.773494281407448980e+01
1.037400000000000100e+00,-1.782526362744552628e+01
1.036699999999999955e+00,-1.776339758721850970e+01
1.036299999999999999e+00,-1.753116977850875813e+01
1.036000000000000032e+00,-1.772982963129210177e+01
1.035300000000000109e+00,-1.770151352102964992e+01
1.034999999999999920e+00,-1.788656728575720223e+01
1.034299999999999997e+00,-1.755927802291738260e+01
1.034000000000000030e+00,-1.758188664571472515e+01
1.033600000000000074e+00,-1.757939941802767692e+01
1.032999999999999918e+00,-1.742294147603620402e+01
1.032599999999999962e+00,-1.735121189552413057e+01
1.032299999999999995e+00,-1.751926938855035232e+01
1.031600000000000072e+00,-1.766644350629131921e+01
1.031300000000000106e+00,-1.760810458258702482e+01
1.030999999999999917e+00,-1.763065089526757845e+01
1.030299999999999994e+00,-1.765605113662116210e+01
1.030000000000000027e+00,-1.775539394822927264e+01
1.029400000000000093e+00,-1.765488521575106873e+01
1.029099999999999904e+00,-1.772691239467862800e+01
1.028699999999999948e+00,-1.787716892484455045e+01
1.028000000000000025e+00,-1.781849392069045734e+01
1.027600000000000069e+00,-1.768482057928843076e+01
1.026999999999999913e+00,-1.761298960658470847e+01
1.026699999999999946e+00,-1.745674632401732396e+01
1.026299999999999990e+00,-1.753339632845369422e+01
1.025700000000000056e+00,-1.752781227080746618e+01
1.025300000000000100e+00,-1.745596404255410761e+01
1.024999999999999911e+00,-1.751767243183474676e+01
1.024399999999999977e+00,-1.755120935001512450e+01
1.024000000000000021e+00,-1.752933163603081468e+01
1.023700000000000054e+00,-1.756146618442215157e+01
1.022999999999999909e+00,-1.752702084578602992e+01
1.022699999999999942e+00,-1.756544922742239123e+01
1.022399999999999975e+00,-1.763985149815056985e+01
1.021700000000000053e+00,-1.766903754462940412e+01
1.021300000000000097e+00,-1.746348598481916881e+01
1.020999999999999908e+00,-1.737191702324619413e+01
1.020299999999999985e+00,-1.757528753975395475e+01
1.020000000000000018e+00,-1.730612236168727947e+01
1.019700000000000051e+00,-1.707269388920070696e+01
1.018999999999999906e+00,-1.743283015132406533e+01
1.018699999999999939e+00,-1.740280294263434158e+01
1.018100000000000005e+00,-1.732431467126598079e+01
1.017800000000000038e+00,-1.741414398973334698e+01
1.017099999999999893e+00,-1.754973976933575486e+01
1.016799999999999926e+00,-1.750703301347101970e+01
1.016499999999999959e+00,-1.745570717310634734e+01
1.016100000000000003e+00,-1.751313891165100856e+01
1.015400000000000080e+00,-1.750138275183310910e+01
1.015099999999999891e+00,-1.754558015666686543e+01
1.014699999999999935e+00,-1.753222577593671261e+01
1.014100000000000001e+00,-1.730953372345127406e+01
1.013700000000000045e+00,-1.766651902139412655e+01
1.013300000000000090e+00,-1.780128600039300224e+01
1.012699999999999934e+00,-1.788249166005699209e+01
1.012399999999999967e+00,-1.814734998116214726e+01
1.012100000000000000e+00,-1.780567011237725339e+01
1.011500000000000066e+00,-1.756689032993397603e+01
1.011100000000000110e+00,-1.741029339139832288e+01
1.010799999999999921e+00,-1.743740285015293878e+01
1.010199999999999987e+00,-1.744319079924842342e+01
1.009800000000000031e+00,-1.733554697990209092e+01
1.009400000000000075e+00,-1.751798872819047759e+01
1.008699999999999930e+00,-1.659511933476834855e+01
1.008399999999999963e+00,-1.693837602683673182e+01
1.008000000000000007e+00,-1.738682353469656405e+01
1.007400000000000073e+00,-1.783405846603777434e+01
1.007100000000000106e+00,-1.729844059942227830e+01
1.006799999999999917e+00,-1.741965036721531845e+01
1.006099999999999994e+00,-1.745416331025545986e+01
1.005800000000000027e+00,-1.757862351055776173e+01
1.005100000000000104e+00,-1.723993766247831871e+01
1.004699999999999926e+00,-1.752603972990972636e+01
1.004000000000000004e+00,-1.766048055013846962e+01
1.003700000000000037e+00,-1.769416921656419817e+01
1.003300000000000081e+00,-1.775868887044038757e+01
1.002699999999999925e+00,-1.770623862667178017e+01
1.002399999999999958e+00,-1.733711016201977984e+01
1.001800000000000024e+00,-1.725575583184173567e+01
1.001400000000000068e+00,-1.739600730460387368e+01
1.001100000000000101e+00,-1.747850415680070668e+01
1.000399999999999956e+00,-1.750498864138876343e+01
1.000099999999999989e+00,-1.769796396959185003e+01
9.993999999999999551e-01,-1.745608967582547066e+01
9.990999999999999881e-01,-1.736781500605048478e+01
9.988000000000000211e-01,-1.738425809704015634e+01
9.981999999999999762e-01,-1.731094346369582126e+01
9.978000000000000203e-01,-1.708665967434250632e+01
9.970999999999999863e-01,-1.710297549977831011e+01
9.967000000000000304e-01,-1.726281280201220270e+01
9.963999999999999524e-01,-1.713463512629065377e+01
9.957000000000000295e-01,-1.738861256739602368e+01
9.953999999999999515e-01,-1.719474484670820402e+01
9.950999999999999845e-01,-1.729357915512498067e+01
9.945000000000000506e-01,-1.710614907509881633e+01
9.941999999999999726e-01,-1.727696515931424415e+01
9.938000000000000167e-01,-1.719541137728992908e+01
9.931999999999999718e-01,-1.707413923094968311e+01
9.928000000000000158e-01,-1.750071716917819131e+01
9.925000000000000488e-01,-1.759701126414427463e+01
9.918000000000000149e-01,-1.755829412796285283e+01
9.915000000000000480e-01,-1.749600011376611874e+01
9.909000000000000030e-01,-1.745997868994502156e+01
9.906000000000000361e-01,-1.733158370762618716e+01
9.901999999999999691e-01,-1.749531539944333502e+01
9.895000000000000462e-01,-1.761577676683166516e+01
9.891999999999999682e-01,-1.726906592199972579e+01
9.889000000000000012e-01,-1.722632318556329878e+01
9.882999999999999563e-01,-1.718396221793766188e+01
9.879000000000000004e-01,-1.711919883930390895e+01
9.871999999999999664e-01,-1.744611804858037019e+01
9.868999999999999995e-01,-1.752017446820103430e+01
9.866000000000000325e-01,-1.748971376638896658e+01
9.861999999999999655e-01,-1.728732151318780552e+01
9.856000000000000316e-01,-1.747947833938387774e+01
9.851999999999999647e-01,-1.750052457727383270e+01
9.846000000000000307e-01,-1.753381765686279081e+01
9.842999999999999527e-01,-1.747744906820604527e+01
9.838999999999999968e-01,-1.739447884485747409e+01
9.831999999999999629e-01,-1.738917738556898485e+01
9.828999999999999959e-01,-1.773103930207244261e+01
9.825000000000000400e-01,-1.759142926998566381e+01
9.818999999999999950e-01,-1.747067959613178445e+01
9.816000000000000281e-01,-1.761060642393647768e+01
9.811999999999999611e-01,-1.752663693724639060e+01
9.806000000000000272e-01,-1.746029162221912756e+01
9.802999999999999492e-01,-1.745016296966382185e+01
9.798999999999999932e-01,-1.758358577881699603e+01
9.792999999999999483e-01,-1.764827458657809700e+01
9.789999999999999813e-01,-1.756107755194950570e+01
9.786000000000000254e-01,-1.729225085630534764e+01
9.779999999999999805e-01,-1.734804584921085890e+01
9.776000000000000245e-01,-1.727806618454885523e+01
9.768999999999999906e-01,-1.722338975898808400e+01
9.766000000000000236e-01,-1.714585067822686781e+01
9.762999999999999456e-01,-1.726742587233225379e+01
9.757000000000000117e-01,-1.717518554653191742e+01
9.752999999999999448e-01,-1.748462264721407067e+01
9.747000000000000108e-01,-1.725647426982783728e+01
9.744000000000000439e-01,-1.712352386491413014e+01
9.736000000000000210e-01,-1.728689662268733329e+01
9.733000000000000540e-01,-1.734012892262789052e+01
9.729999999999999760e-01,-1.758460326930842399e+01
9.727999999999999980e-01,-1.765154757960431198e+01
9.720999999999999641e-01,-1.820219354416508750e+01
9.717999999999999972e-01,-1.748895274577364489e+01
9.716000000000000192e-01,-1.771137686501270636e+01
9.709999999999999742e-01,-1.766370368026597504e+01
9.706000000000000183e-01,-1.753350986997384808e+01
9.699999999999999734e-01,-1.725862597851081048e+01
9.697000000000000064e-01,-1.702562207352336188e+01
9.694000000000000394e-01,-1.745690691687335416e+01
9.687000000000000055e-01,-1.725306106253412608e+01
9.684000000000000385e-01,-1.727022985535580091e+01
9.680999999999999606e-01,-1.751493144250700595e+01
9.674000000000000377e-01,-1.801113555970029623e+01
9.669999999999999707e-01,-1.753379298229311090e+01
9.667000000000000037e-01,-1.741602257625878991e+01
9.660999999999999588e-01,-1.716932392639052196e+01
9.657999999999999918e-01,-1.718166631084847751e+01
9.651999999999999469e-01,-1.748085239717650907e+01
9.647999999999999909e-01,-1.727972888266068807e+01
9.645000000000000240e-01,-1.719570106304257351e+01
9.638999999999999790e-01,-1.728217094696237766e+01
9.635000000000000231e-01,-1.723806881024493265e+01
9.628999999999999782e-01,-1.712352227938069049e+01
9.626000000000000112e-01,-1.714695923980126224e+01
9.623000000000000442e-01,-1.710795183962579813e+01
9.618999999999999773e-01,-1.723318357588119554e+01
9.613000000000000433e-01,-1.717130320363592233e+01
9.609999999999999654e-01,-1.717887838582699445e+01
9.606000000000000094e-01,-1.694871514695815051e+01
9.598999999999999755e-01,-1.734756551035263072e+01
9.596000000000000085e-01,-1.719276355287508196e+01
9.593000000000000416e-01,-1.731481389395032622e+01
9.586000000000000076e-01,-1.747305495240192741e+01
9.583000000000000407e-01,-1.747744864395452780e+01
9.578999999999999737e-01,-1.730235880086816991e+01
9.573000000000000398e-01,-1.741398494084110382e+01
9.569999999999999618e-01,-1.708229937947072941e+01
9.564000000000000279e-01,-1.726555876115283183e+01
9.559999999999999609e-01,-1.732199870582455148e+01
9.556999999999999940e-01,-1.739253716365883662e+01
9.549999999999999600e-01,-1.740850289234162318e+01
9.546999999999999931e-01,-1.729241574910562917e+01
9.543000000000000371e-01,-1.735827705749066396e+01
9.536999999999999922e-01,-1.713292008853868964e+01
9.534000000000000252e-01,-1.713411590531085693e+01
9.529999999999999583e-01,-1.725403739928411539e+01
9.524000000000000243e-01,-1.724155171792655494e+01
9.519999999999999574e-01,-1.744906225158693758e+01
9.516999999999999904e-01,-1.745446298931172535e+01
9.510999999999999455e-01,-1.812797421182430568e+01
9.506999999999999895e-01,-1.765164041585319765e+01
9.500999999999999446e-01,-1.815211302333818466e+01
9.497999999999999776e-01,-1.793287273597391618e+01
9.495000000000000107e-01,-1.748356924702234494e+01
9.487999999999999767e-01,-1.732393743864102831e+01
9.485000000000000098e-01,-1.729351536746757745e+01
9.482000000000000428e-01,-1.718328593981665975e+01
9.475000000000000089e-01,-1.719778381236410425e+01
9.472000000000000419e-01,-1.705459879217468355e+01
9.465000000000000080e-01,-1.729482913866609195e+01
9.462000000000000410e-01,-1.741992468649411308e+01
9.458999999999999631e-01,-1.742167326532783633e+01
9.452000000000000401e-01,-1.746366925064186759e+01
9.448999999999999622e-01,-1.739666400080610842e+01
9.445999999999999952e-01,-1.728192360538551142e+01
9.438999999999999613e-01,-1.728007215825336118e+01
9.435999999999999943e-01,-1.709324453804425303e+01
9.428999999999999604e-01,-1.704922369501768742e+01
9.425999999999999934e-01,-1.719928831689986026e+01
9.423000000000000265e-01,-1.705637798092521962e+01
9.415999999999999925e-01,-1.726255302842314876e+01
9.413000000000000256e-01,-1.722101195981763055e+01
9.409999999999999476e-01,-1.710786995786877895e+01
9.403000000000000247e-01,-1.730128512154303522e+01
9.399999999999999467e-01,-1.731931805869220398e+01
9.396999999999999797e-01,-1.697543814858839539e+01
9.394000000000000128e-01,-1.688134500721686493e+01
9.386999999999999789e-01,-1.704343821199022457e+01
9.384000000000000119e-01,-1.707412794692943692e+01
9.377999999999999670e-01,-1.711939501130008878e+01
9.374000000000000110e-01,-1.649202278224512597e+01
9.371000000000000441e-01,-1.693330676177345850e+01
9.364000000000000101e-01,-1.703175536652201316e+01
9.361000000000000432e-01,-1.716674257999329711e+01
9.354000000000000092e-01,-1.677285349261752145e+01
9.352000000000000313e-01,-1.703318230484108042e+01
9.344999999999999973e-01,-1.707507637181402771e+01
9.342000000000000304e-01,-1.679629501162346017e+01
9.337999999999999634e-01,-1.694987558615865453e+01
9.331000000000000405e-01,-1.711736489389816995e+01
9.327999999999999625e-01,-1.709921415279304568e+01
9.324999999999999956e-01,-1.714351487394224094e+01
9.317999999999999616e-01,-1.705554110050184136e+01
9.314000000000000057e-01,-1.716947056421718898e+01
9.307999999999999607e-01,-1.708165225764966877e+01
9.304999999999999938e-01,-1.729135550716165071e+01
9.301000000000000378e-01,-1.725866054246580816e+01
9.294999999999999929e-01,-1.725382026627791987e+01
9.292000000000000259e-01,-1.712608340230037740e+01
9.287999999999999590e-01,-1.714988885482332037e+01
9.282000000000000250e-01,-1.720872287729563155e+01
9.278999999999999471e-01,-1.729669136700338328e+01
9.275999999999999801e-01,-1.706011721773672463e+01
9.268999999999999462e-01,-1.695823749727934171e+01
9.265999999999999792e-01,-1.708629497931455177e+01
9.263000000000000123e-01,-1.700290923934079501e+01
9.255999999999999783e-01,-1.696352644755538819e+01
9.253000000000000114e-01,-1.706391999506148593e+01
9.245999999999999774e-01,-1.717443087154778070e+01
9.243000000000000105e-01,-1.719957032488370885e+01
9.240000000000000435e-01,-1.724274633743364760e+01
9.233000000000000096e-01,-1.721214909281582806e+01
9.230000000000000426e-01,-1.712727348310485453e+01
9.223000000000000087e-01,-1.708509099901610995e+01
9.220000000000000417e-01,-1.687742873952790390e+01
9.215999999999999748e-01,-1.689104189412475421e+01
9.210000000000000409e-01,-1.716930701118031877e+01
9.206999999999999629e-01,-1.753968690913968942e+01
9.203000000000000069e-01,-1.750871261323124628e+01
9.196999999999999620e-01,-1.729684981470773053e+01
9.193000000000000060e-01,-1.730570606422866575e+01
9.186999999999999611e-01,-1.718712314577723177e+01
9.183999999999999941e-01,-1.700087660069689477e+01
9.180000000000000382e-01,-1.716393823031981114e+01
9.173999999999999932e-01,-1.696654290819239108e+01
9.171000000000000263e-01,-1.679282343665529709e+01
9.167999999999999483e-01,-1.687504481374642751e+01
9.161000000000000254e-01,-1.715871641104114076e+01
9.157999999999999474e-01,-1.715642019928117179e+01
9.154999999999999805e-01,-1.712165891814862206e+01
9.147999999999999465e-01,-1.694420999939334038e+01
9.144999999999999796e-01,-1.726913306361005240e+01
9.137999999999999456e-01,-1.716399899670591722e+01
9.134999999999999787e-01,-1.703469869617354604e+01
9.131000000000000227e-01,-1.714538673566949356e+01
9.123999999999999888e-01,-1.756070765773845466e+01
9.118000000000000549e-01,-1.758107234211712466e+01
9.113999999999999879e-01,-1.696189851459000408e+01
9.111000000000000210e-01,-1.739152077999657919e+01
9.104999999999999760e-01,-1.732408414378810235e+01
9.102000000000000091e-01,-1.755289669805866382e+01
9.098000000000000531e-01,-1.706420754627015413e+01
9.092000000000000082e-01,-1.699173143038107270e+01
9.089000000000000412e-01,-1.694799330193442444e+01
9.084999999999999742e-01,-1.706036243276994213e+01
9.079000000000000403e-01,-1.701456018165627526e+01
9.074999999999999734e-01,-1.702263941684182669e+01
9.072000000000000064e-01,-1.666338161549376906e+01
9.065999999999999615e-01,-1.673258635686496021e+01
9.062000000000000055e-01,-1.685714262707649524e+01
9.059000000000000385e-01,-1.694848248336116825e+01
9.052000000000000046e-01,-1.712493063207569932e+01
9.049000000000000377e-01,-1.714445964635055120e+01
9.044999999999999707e-01,-1.734214876501581060e+01
9.038000000000000478e-01,-1.720497813914217033e+01
9.034999999999999698e-01,-1.731537057692352732e+01
9.028000000000000469e-01,-1.715048514069356855e+01
9.024999999999999689e-01,-1.713643796759016169e+01
9.022000000000000020e-01,-1.725749973153496697e+01
9.014999999999999680e-01,-1.732788850526789659e+01
9.012000000000000011e-01,-1.713653458308306909e+01
9.004999999999999671e-01,-1.723196402875163713e+01
9.002000000000000002e-01,-1.709933372988766820e+01
8.998000000000000442e-01,-1.630778742728899644e+01
8.994999999999999662e-01,-1.709211369299644190e+01
8.988000000000000433e-01,-1.706174174424027612e+01
8.984999999999999654e-01,-1.711956933542423798e+01
8.981999999999999984e-01,-1.714563812014128530e+01
8.975999999999999535e-01,-1.680495444017693174e+01
8.972999999999999865e-01,-1.682449748035435633e+01
8.969000000000000306e-01,-1.690785423139216448e+01
8.961999999999999966e-01,-1.692294620026747509e+01
8.959000000000000297e-01,-1.694243855133378673e+01
8.954999999999999627e-01,-1.691344875110424084e+01
8.948000000000000398e-01,-1.725395361184935439e+01
8.944999999999999618e-01,-1.696300112100919222e+01
8.941999999999999948e-01,-1.693777522879706865e+01
8.935999999999999499e-01,-1.697144090100207947e+01
8.931999999999999940e-01,-1.716332003470575529e+01
8.929000000000000270e-01,-1.714795175872785649e+01
8.921999999999999931e-01,-1.712014431225795974e+01
8.919000000000000261e-01,-1.707609940375651902e+01
8.914999999999999591e-01,-1.700272606458136337e+01
8.908000000000000362e-01,-1.702341060535101747e+01
8.904999999999999583e-01,-1.670325560755854255e+01
8.899000000000000243e-01,-1.664501834559269611e+01
8.894999999999999574e-01,-1.675976086036035184e+01
8.891999999999999904e-01,-1.659971207237077095e+01
8.885999999999999455e-01,-1.677847035303522816e+01
8.882999999999999785e-01,-1.710234787006062618e+01
8.879000000000000226e-01,-1.696389189408814602e+01
8.872999999999999776e-01,-1.694177686938943950e+01
8.870000000000000107e-01,-1.695336800661118559e+01
8.866000000000000547e-01,-1.715970909370572528e+01
8.860000000000000098e-01,-1.699517774831496908e+01
8.857000000000000428e-01,-1.617308784701647895e+01
8.852999999999999758e-01,-1.628042434544847694e+01
8.850000000000000089e-01,-1.705166627451125905e+01
8.842999999999999750e-01,-1.699100312323258777e+01
8.840000000000000080e-01,-1.698089817182553318e+01
8.836000000000000520e-01,-1.706339328633333352e+01
8.830000000000000071e-01,-1.698176090843654507e+01
8.826000000000000512e-01,-1.680098464052663942e+01
8.822999999999999732e-01,-1.678555619304398405e+01
8.816000000000000503e-01,-1.702274451660600718e+01
8.812999999999999723e-01,-1.689899366355811949e+01
8.810000000000000053e-01,-1.674059983073541247e+01
8.802999999999999714e-01,-1.660301112073095808e+01
8.800000000000000044e-01,-1.664568359255459384e+01
8.797000000000000375e-01,-1.621639617785577414e+01
8.790000000000000036e-01,-1.680102385557551159e+01
8.787000000000000366e-01,-1.619622117845364073e+01
8.780000000000000027e-01,-1.676571703128730562e+01
8.777000000000000357e-01,-1.660904367827998485e+01
8.773999999999999577e-01,-1.678381986807762871e+01
8.770999999999999908e-01,-1.668590083572473048e+01
8.763999999999999568e-01,-1.688346174234965247e+01
8.760999999999999899e-01,-1.701178508409684298e+01
8.757000000000000339e-01,-1.711053172988637883e+01
8.750999999999999890e-01,-1.684075936971333221e+01
8.747000000000000330e-01,-1.689806001583162853e+01
8.743999999999999551e-01,-1.712256530408237865e+01
8.737000000000000322e-01,-1.694340983126249611e+01
8.733999999999999542e-01,-1.710269168388382610e+01
8.729999999999999982e-01,-1.715986494318718059e+01
8.723999999999999533e-01,-1.682378805233411967e+01
8.719999999999999973e-01,-1.674686793173870925e+01
8.717000000000000304e-01,-1.684622527096191646e+01
8.710999999999999854e-01,-1.679317497784395030e+01
8.708000000000000185e-01,-1.589092160631231643e+01
8.705000000000000515e-01,-1.665504580785422206e+01
8.698000000000000176e-01,-1.597653095840481541e+01
8.695000000000000506e-01,-1.661012123333172497e+01
8.690999999999999837e-01,-1.688970153432690680e+01
8.683999999999999497e-01,-1.681858761782314815e+01
8.680999999999999828e-01,-1.709082904285301652e+01
8.675000000000000488e-01,-1.693922153943690034e+01
8.670999999999999819e-01,-1.665358222998846571e+01
8.665000000000000480e-01,-1.669590216366355762e+01
8.661999999999999700e-01,-1.648856572650072039e+01
8.659000000000000030e-01,-1.658846546580615211e+01
8.651999999999999691e-01,-1.650043637447377520e+01
8.648000000000000131e-01,-1.662084296926735405e+01
8.641999999999999682e-01,-1.657869850708449988e+01
8.639000000000000012e-01,-1.637362209102699495e+01
8.635000000000000453e-01,-1.642131806803949701e+01
8.631999999999999673e-01,-1.650505847414608951e+01
8.625000000000000444e-01,-1.653285985738403951e+01
8.621999999999999664e-01,-1.665116810164553129e+01
8.618999999999999995e-01,-1.641515614108492116e+01
8.610999999999999766e-01,-1.636123295827986013e+01
8.608000000000000096e-01,-1.629709509247574672e+01
8.605000000000000426e-01,-1.618014437471709854e+01
8.598000000000000087e-01,-1.627392286284580436e+01
8.595000000000000417e-01,-1.640424359258085829e+01
8.588999999999999968e-01,-1.641261889578533939e+01
8.585000000000000409e-01,-1.621240232719338792e+01
8.581999999999999629e-01,-1.617008796898507583e+01
8.575000000000000400e-01,-1.606997327950679377e+01
8.571999999999999620e-01,-1.609302149004478011e+01
8.568000000000000060e-01,-1.597312474391635462e+01
8.561999999999999611e-01,-1.592705677535173692e+01
8.558999999999999941e-01,-1.598969055948062667e+01
8.551999999999999602e-01,-1.550308498761239129e+01
8.548999999999999932e-01,-1.545753092999091471e+01
8.546000000000000263e-01,-1.561448746707602808e+01
8.538999999999999924e-01,-1.526329849913230774e+01
8.536000000000000254e-01,-1.557676938381486309e+01
8.528999999999999915e-01,-1.555159576996380721e+01
8.526000000000000245e-01,-1.543014310301190584e+01
8.521999999999999575e-01,-1.517175372820365631e+01
8.515000000000000346e-01,-1.506805742777471480e+01
8.511999999999999567e-01,-1.522856634765938111e+01
8.505000000000000338e-01,-1.507520235483166005e+01
8.501999999999999558e-01,-1.520545713354620077e+01
8.496000000000000218e-01,-1.500780256592794970e+01
8.493000000000000549e-01,-1.504833040239348030e+01
8.488999999999999879e-01,-1.429112227480499442e+01
8.483000000000000540e-01,-1.480800642833690794e+01
8.479999999999999760e-01,-1.442537104400657277e+01
8.477000000000000091e-01,-1.432326223970983570e+01
8.469999999999999751e-01,-1.400394346565969528e+01
8.467000000000000082e-01,-1.452814099012970672e+01
8.463000000000000522e-01,-1.385182825059450806e+01
8.457000000000000073e-01,-1.439812573506412896e+01
8.453000000000000513e-01,-1.433837974711355301e+01
8.447000000000000064e-01,-1.446785248301113036e+01
8.443000000000000504e-01,-1.439789743153422741e+01
8.439999999999999725e-01,-1.419306705558796722e+01
8.433000000000000496e-01,-1.421398166177641897e+01
8.429999999999999716e-01,-1.402255676608509560e+01
8.427000000000000046e-01,-1.377490910933866886e+01
8.419999999999999707e-01,-1.440104627565747819e+01
8.417000000000000037e-01,-1.408036751945778775e+01
8.413000000000000478e-01,-1.445912799677173233e+01
8.407000000000000028e-01,-1.441391091213939291e+01
8.404000000000000359e-01,-1.438022545227797622e+01
8.397000000000000020e-01,-1.475069995957954028e+01
8.393000000000000460e-01,-1.413836053862360664e+01
8.389999999999999680e-01,-1.385523323930953765e+01
8.387000000000000011e-01,-1.415834591786090080e+01
8.379999999999999671e-01,-1.389467210901173466e+01
8.376000000000000112e-01,-1.365514115911339488e+01
8.373000000000000442e-01,-1.365404446168798636e+01
8.366999999999999993e-01,-1.369188736227784808e+01
8.363000000000000433e-01,-1.353282558377469158e+01
8.359999999999999654e-01,-1.374539610924413680e+01
8.354000000000000314e-01,-1.368662775001194731e+01
8.349999999999999645e-01,-1.351111574562986917e+01
8.346999999999999975e-01,-1.342155797628896430e+01
8.340999999999999526e-01,-1.351347879445835787e+01
8.336999999999999966e-01,-1.336746335656802387e+01
8.334000000000000297e-01,-1.349413649044581831e+01
8.326999999999999957e-01,-1.353076297026830943e+01
8.324000000000000288e-01,-1.322049996701317376e+01
8.316999999999999948e-01,-1.308473029613434235e+01
8.314000000000000279e-01,-1.323457000548975948e+01
8.309999999999999609e-01,-1.373993841417295592e+01
8.304000000000000270e-01,-1.368771914303833626e+01
8.299999999999999600e-01,-1.339944958134234376e+01
8.294000000000000261e-01,-1.289461118811805385e+01
8.289999999999999591e-01,-1.332744468686532535e+01
8.286999999999999922e-01,-1.300852869338675610e+01
8.280999999999999472e-01,-1.298943699107354810e+01
8.277999999999999803e-01,-1.333163892975712450e+01
8.275000000000000133e-01,-1.300196134292027139e+01
8.267999999999999794e-01,-1.290724617825449627e+01
8.264000000000000234e-01,-1.284845813550577276e+01
8.260999999999999455e-01,-1.288997307208662235e+01
8.254000000000000226e-01,-1.256449918626673679e+01
8.250999999999999446e-01,-1.264668979058928677e+01
8.247999999999999776e-01,-1.279696103009255914e+01
8.241000000000000547e-01,-1.281540131207420252e+01
8.237999999999999767e-01,-1.264989203726106481e+01
8.232000000000000428e-01,-1.180060981104511164e+01
8.227999999999999758e-01,-1.220618833687315963e+01
8.225000000000000089e-01,-1.245292245748101045e+01
8.218999999999999639e-01,-1.237719634454635553e+01
8.215999999999999970e-01,-1.246148018376617017e+01
8.212000000000000410e-01,-1.262046536153090059e+01
8.205999999999999961e-01,-1.326238334685698916e+01
8.203000000000000291e-01,-1.271450721733137179e+01
8.198999999999999622e-01,-1.271373892710913189e+01
8.192000000000000393e-01,-1.270507887084285059e+01
8.188999999999999613e-01,-1.256621512585685174e+01
8.185999999999999943e-01,-1.258412199685388444e+01
8.178999999999999604e-01,-1.267435699959674267e+01
8.175999999999999934e-01,-1.249377518751986926e+01
8.172000000000000375e-01,-1.176037096379443092e+01
8.165999999999999925e-01,-1.228214253783856869e+01
8.162000000000000366e-01,-1.224390044338398020e+01
8.155999999999999917e-01,-1.213936992985678565e+01
8.152000000000000357e-01,-1.270606003768246595e+01
8.148999999999999577e-01,-1.209052371509708834e+01
8.143000000000000238e-01,-1.184855737175489310e+01
8.138999999999999568e-01,-1.223063374749039056e+01
8.135999999999999899e-01,-1.216784543663865925e+01
8.128999999999999559e-01,-1.225929526943859749e+01
8.125999999999999890e-01,-1.211721039817759937e+01
8.123000000000000220e-01,-1.228240929204860876e+01
8.115999999999999881e-01,-1.154109753023603879e+01
8.112000000000000322e-01,-1.242118915395899315e+01
8.108999999999999542e-01,-1.175415334128660483e+01
8.103000000000000203e-01,-1.148321571993325918e+01
8.100000000000000533e-01,-1.180763177513355977e+01
8.093000000000000194e-01,-1.157273730439992754e+01
8.090000000000000524e-01,-1.131696380236449784e+01
8.084000000000000075e-01,-1.124386127283609582e+01
8.081000000000000405e-01,-1.131945088689266576e+01
8.076999999999999735e-01,-1.138482683179756449e+01
8.071000000000000396e-01,-1.141156924709726184e+01
8.067999999999999616e-01,-1.140761122637571745e+01
8.064000000000000057e-01,-1.177046683058444110e+01
8.057999999999999607e-01,-1.128039419120005071e+01
8.054999999999999938e-01,-1.105065447542692780e+01
8.051000000000000378e-01,-1.139978176637229801e+01
8.047999999999999599e-01,-1.145116277157178075e+01
8.041000000000000369e-01,-1.156273081087495491e+01
8.037999999999999590e-01,-1.144928061108090667e+01
8.034000000000000030e-01,-1.203173216427545178e+01
8.026999999999999691e-01,-1.069557911416297991e+01
8.024000000000000021e-01,-1.136692078196662514e+01
8.021000000000000352e-01,-1.122930163641485990e+01
8.014000000000000012e-01,-1.105421807587742045e+01
8.011000000000000343e-01,-1.164697733805160063e+01
8.007999999999999563e-01,-1.109225890795948466e+01
8.002000000000000224e-01,-1.103304001356594810e+01
7.997999999999999554e-01,-1.165595709395560675e+01
7.992000000000000215e-01,-1.165810833924966161e+01
7.989000000000000545e-01,-1.113878615017376816e+01
7.984999999999999876e-01,-1.112210839146416141e+01
7.979000000000000536e-01,-1.110984000149963968e+01
7.975999999999999757e-01,-1.105139515334809275e+01
7.972000000000000197e-01,-1.123549299206164775e+01
7.965999999999999748e-01,-1.102007892696791025e+01
7.963000000000000078e-01,-1.076129760446300843e+01
7.959000000000000519e-01,-1.004681104743517217e+01
7.953000000000000069e-01,-1.045386114321639504e+01
7.949000000000000510e-01,-1.076774837056441569e+01
7.945999999999999730e-01,-1.091861791773836998e+01
7.940000000000000391e-01,-1.069209951389889390e+01
7.935999999999999721e-01,-1.047201472862257354e+01
7.933000000000000052e-01,-1.061495326672321937e+01
7.926999999999999602e-01,-1.074393038721847660e+01
7.923000000000000043e-01,-1.050867634721586441e+01
7.920000000000000373e-01,-1.056108346714351676e+01
7.913000000000000034e-01,-1.060869501918553404e+01
7.910000000000000364e-01,-1.053673642293050072e+01
7.906999999999999584e-01,-1.036713084723631617e+01
7.900000000000000355e-01,-1.108689465329120161e+01
7.896999999999999575e-01,-1.110591927315951644e+01
7.891000000000000236e-01,-1.110655838775275228e+01
7.886999999999999567e-01,-1.116941910188546672e+01
7.883999999999999897e-01,-9.721543647329012217e+00
7.880000000000000338e-01,-1.035293874336921149e+01
7.873999999999999888e-01,-1.031555999958851721e+01
7.871000000000000218e-01,-1.029282807896493068e+01
7.863999999999999879e-01,-1.029938963631239268e+01
7.861000000000000210e-01,-1.034473893709304626e+01
7.858000000000000540e-01,-1.020431828863870294e+01
7.851000000000000201e-01,-1.020226707873338867e+01
7.846999999999999531e-01,-9.902398615560873196e+00
7.843999999999999861e-01,-1.053477100102749553e+01
7.836999999999999522e-01,-1.053986222778391024e+01
7.833999999999999853e-01,-1.069987683561235947e+01
7.831000000000000183e-01,-9.998126578246880669e+00
7.823999999999999844e-01,-1.042055662576766117e+01
7.821000000000000174e-01,-1.035078185363130210e+01
7.814999999999999725e-01,-1.046999085918790229e+01
7.812000000000000055e-01,-1.000586128569003108e+01
7.808000000000000496e-01,-9.933625393997603581e+00
7.801000000000000156e-01,-9.956377440265701040e+00
7.798000000000000487e-01,-9.168592538783730816e+00
7.793999999999999817e-01,-1.015089096790752698e+01
7.788000000000000478e-01,-9.925396358401085806e+00
7.783999999999999808e-01,-9.759467107654101525e+00
7.781000000000000139e-01,-9.927642841077314984e+00
7.774999999999999689e-01,-9.550221254962277584e+00
7.772000000000000020e-01,-9.454944985267093926e+00
7.764999999999999680e-01,-9.077099292887281123e+00
7.761000000000000121e-01,-9.152371379355685121e+00
7.758000000000000451e-01,-8.947862867060129233e+00
7.751000000000000112e-01,-9.657487132986361189e+00
7.748000000000000442e-01,-9.462375114370610518e+00
7.744999999999999662e-01,-1.010746328595174326e+01
7.738000000000000433e-01,-9.409667088072998453e+00
7.734999999999999654e-01,-9.332316937465250817e+00
7.731999999999999984e-01,-8.819531462435792335e+00
7.724999999999999645e-01,-9.441742107837557185e+00
7.721999999999999975e-01,-1.001168085262575858e+01
7.714999999999999636e-01,-9.968758310484110652e+00
7.711999999999999966e-01,-9.265864326559164255e+00
7.709000000000000297e-01,-8.621019958442470710e+00
7.701999999999999957e-01,-9.145794957643536449e+00
7.699000000000000288e-01,-9.084567589791184616e+00
7.694999999999999618e-01,-9.951660233428576419e+00
7.689000000000000279e-01,-1.002016900148229084e+01
7.685999999999999499e-01,-9.284894064441390427e+00
7.681999999999999940e-01,-9.161101138865316074e+00
7.675999999999999490e-01,-9.329186210691462477e+00
7.672999999999999821e-01,-8.352524210706192775e+00
7.665999999999999481e-01,-8.737682422320629527e+00
7.662999999999999812e-01,-9.174699613332965242e+00
7.659000000000000252e-01,-9.261591328617486241e+00
7.651999999999999913e-01,-9.560040679810642317e+00
7.649000000000000243e-01,-9.765021110547458250e+00
7.641999999999999904e-01,-9.633862622470063641e+00
7.639000000000000234e-01,-9.405411725549013724e+00
7.635999999999999455e-01,-9.518178557433317977e+00
7.631999999999999895e-01,-9.406827628895319648e+00
7.625999999999999446e-01,-9.362244084858748039e+00
7.622999999999999776e-01,-9.218676198023299406e+00
7.619000000000000217e-01,-9.374089994941851245e+00
7.612999999999999767e-01,-9.343542432457136115e+00
7.609000000000000208e-01,-9.639885721903201699e+00
7.606000000000000538e-01,-9.548490693412921004e+00
7.600000000000000089e-01,-9.593750506696084202e+00
7.596000000000000529e-01,-9.502226722084587962e+00
7.592999999999999750e-01,-8.098904491106971193e+00
7.587000000000000410e-01,-8.327093905326687917e+00
7.583999999999999631e-01,-8.495495039281559357e+00
7.580000000000000071e-01,-9.112220563506486570e+00
7.572999999999999732e-01,-8.415114012706466085e+00
7.570000000000000062e-01,-8.626679396748311746e+00
7.562999999999999723e-01,-8.458527679939576771e+00
7.560000000000000053e-01,-8.288877948844355359e+00
7.552999999999999714e-01,-8.463602753413200119e+00
7.550000000000000044e-01,-7.929530650105159673e+00
7.543999999999999595e-01,-7.844123095576433613e+00
7.540000000000000036e-01,-7.568116809763105302e+00
7.537000000000000366e-01,-7.838024780295206106e+00
7.530000000000000027e-01,-8.174335390099011889e+00
7.527000000000000357e-01,-7.790439190708941197e+00
7.523999999999999577e-01,-8.205072691330967061e+00
7.518000000000000238e-01,-8.853260005571875979e+00
7.513999999999999568e-01,-8.157780388653828041e+00
7.510999999999999899e-01,-8.353454273133525732e+00
7.504999999999999449e-01,-9.018899825211089905e+00
7.501999999999999780e-01,-8.738590917464371444e+00
7.498000000000000220e-01,-8.317559071672206983e+00
7.491999999999999771e-01,-8.710826149827205711e+00
7.489000000000000101e-01,-8.759501172780080225e+00
7.481999999999999762e-01,-8.163615815584991608e+00
7.479000000000000092e-01,-7.515558129941651622e+00
7.475000000000000533e-01,-8.061398444832688526e+00
7.469000000000000083e-01,-8.208335797719318094e+00
7.465000000000000524e-01,-8.252311109857537019e+00
7.461999999999999744e-01,-8.178021484740034097e+00
7.455000000000000515e-01,-8.833321859667321974e+00
7.451999999999999735e-01,-8.854574468749936145e+00
7.449000000000000066e-01,-8.694814714402992806e+00
7.441999999999999726e-01,-8.672806537274443173e+00
7.439000000000000057e-01,-7.926120876672110072e+00
7.436000000000000387e-01,-8.063394032040150705e+00
7.429999999999999938e-01,-8.091881429970506190e+00
7.426000000000000378e-01,-7.954840252329337780e+00
7.419999999999999929e-01,-8.128703618672135534e+00
7.417000000000000259e-01,-7.919191782090494236e+00
7.412999999999999590e-01,-7.892487706703072980e+00
7.407000000000000250e-01,-7.950923821326049357e+00
7.403999999999999471e-01,-8.110077870123127752e+00
7.400999999999999801e-01,-8.635415476935127899e+00
7.393999999999999462e-01,-8.572220327098760251e+00
7.390999999999999792e-01,-8.079944853748179057e+00
7.388000000000000123e-01,-8.499307226095698553e+00
7.381999999999999673e-01,-8.277100837848989201e+00
7.378000000000000114e-01,-8.364965678113108538e+00
7.375000000000000444e-01,-8.216547194403975851e+00
7.368000000000000105e-01,-8.476561630699771754e+00
7.365000000000000435e-01,-7.595262056245148052e+00
7.360999999999999766e-01,-8.106179436972745123e+00
7.355000000000000426e-01,-8.102879228991197280e+00
7.351999999999999647e-01,-8.264489225145478457e+00
7.348000000000000087e-01,-8.164166049055365804e+00
7.341999999999999638e-01,-7.964241020537877525e+00
7.338999999999999968e-01,-7.649689788715449801e+00
7.335000000000000409e-01,-7.905555701154341364e+00
7.328999999999999959e-01,-8.254590558747940676e+00
7.325000000000000400e-01,-7.699674245980952847e+00
7.321999999999999620e-01,-8.221343374193150311e+00
7.316000000000000281e-01,-8.215719183444830875e+00
7.312999999999999501e-01,-8.030906879350190763e+00
7.309999999999999831e-01,-7.917550585017806064e+00
7.302999999999999492e-01,-7.198915821024975514e+00
7.299999999999999822e-01,-7.275934584452438791e+00
7.296000000000000263e-01,-8.035904686507855388e+00
7.288999999999999924e-01,-8.039083250646573475e+00
7.286000000000000254e-01,-8.041165402927589412e+00
7.282999999999999474e-01,-7.892213746513816020e+00
7.276000000000000245e-01,-7.335561435047001311e+00
7.272999999999999465e-01,-7.267239215732936408e+00
7.267000000000000126e-01,-7.434230739406400446e+00
7.264000000000000457e-01,-7.415915092293329458e+00
7.260999999999999677e-01,-7.589692564630113658e+00
7.254000000000000448e-01,-8.056942473978063290e+00
7.250999999999999668e-01,-7.867169538866179757e+00
7.247000000000000108e-01,-7.482741892809053219e+00
7.240999999999999659e-01,-7.974999127576855251e+00
7.237000000000000099e-01,-7.779448396326351656e+00
7.234000000000000430e-01,-6.371863196154856190e+00
7.227000000000000091e-01,-7.248939787497539200e+00
7.224000000000000421e-01,-7.310571511763737540e+00
7.217999999999999972e-01,-6.784117733638723280e+00
7.215000000000000302e-01,-6.600718078764817420e+00
7.210999999999999632e-01,-7.805139948474865363e+00
7.205000000000000293e-01,-7.673505091307462500e+00
7.198999999999999844e-01,-7.214346360254371149e+00
7.193000000000000504e-01,-7.797771568029054912e+00
7.188999999999999835e-01,-7.311887075973216632e+00
7.186000000000000165e-01,-7.783973751058701041e+00
7.183000000000000496e-01,-8.003825126048782934e+00
7.176000000000000156e-01,-7.739226458966562916e+00
7.171999999999999487e-01,-7.852224578921984666e+00
7.168999999999999817e-01,-7.085270179233316590e+00
7.161999999999999478e-01,-7.840971172810287548e+00
7.158999999999999808e-01,-7.830840753060043902e+00
7.156000000000000139e-01,-7.847773890928572804e+00
7.148999999999999799e-01,-7.555757803485909641e+00
7.146000000000000130e-01,-6.866338213812849034e+00
7.141999999999999460e-01,-6.902801658291782161e+00
7.136000000000000121e-01,-6.939216797683181781e+00
7.131999999999999451e-01,-6.954740716483016172e+00
7.128999999999999782e-01,-6.761076112209337019e+00
7.122000000000000552e-01,-7.420546378604509385e+00
7.118999999999999773e-01,-7.774329025034666607e+00
7.116000000000000103e-01,-6.303902724556385451e+00
7.108999999999999764e-01,-6.127368034729860469e+00
7.106000000000000094e-01,-7.144410765239864958e+00
7.103000000000000425e-01,-8.032482610120361244e+00
7.096000000000000085e-01,-7.599967892609219788e+00
7.093000000000000416e-01,-7.646255358904376465e+00
7.089999999999999636e-01,-7.542866132242282085e+00
7.083000000000000407e-01,-7.295623199190821140e+00
7.079999999999999627e-01,-7.480495447892508309e+00
7.076999999999999957e-01,-7.552699836620115015e+00
7.069999999999999618e-01,-7.526266080201855502e+00
7.066000000000000059e-01,-6.917594870394427886e+00
7.063000000000000389e-01,-7.137590075335020323e+00
7.056000000000000050e-01,-7.289119289356770892e+00
7.053000000000000380e-01,-6.235681856952071556e+00
7.046000000000000041e-01,-6.445183354806095721e+00
7.043000000000000371e-01,-7.228163255211311089e+00
7.038999999999999702e-01,-7.201321712506110195e+00
7.033000000000000362e-01,-7.371545818924199800e+00
7.028999999999999693e-01,-7.385353301506440538e+00
7.023000000000000353e-01,-6.468792723839447589e+00
7.019999999999999574e-01,-7.022564990853208400e+00
7.016000000000000014e-01,-7.206153087192107343e+00
7.009999999999999565e-01,-7.059862102405884521e+00
7.006000000000000005e-01,-6.453881369204239604e+00
7.003000000000000336e-01,-6.611109893352520750e+00
6.996999999999999886e-01,-6.619405875219787738e+00
6.993000000000000327e-01,-5.893825017053936577e+00
6.989999999999999547e-01,-7.003525824057082794e+00
6.983000000000000318e-01,-7.081556223220665025e+00
6.979999999999999538e-01,-7.108720106950962681e+00
6.973000000000000309e-01,-6.955210115549506966e+00
6.968999999999999639e-01,-6.938139930826340951e+00
6.965999999999999970e-01,-6.766761238611012530e+00
6.959999999999999520e-01,-7.241906623089815476e+00
6.955999999999999961e-01,-7.092045469302447280e+00
6.953000000000000291e-01,-6.962077904331277267e+00
6.945999999999999952e-01,-7.032351432814101244e+00
6.943000000000000282e-01,-6.364042488202779069e+00
6.938999999999999613e-01,-6.184127256348478596e+00
6.932000000000000384e-01,-6.758396731717727590e+00
6.928999999999999604e-01,-6.144341784971490306e+00
6.925999999999999934e-01,-7.026056992192599715e+00
6.918999999999999595e-01,-6.462751122224708489e+00
6.915000000000000036e-01,-6.336406321638112793e+00
6.912000000000000366e-01,-6.267420071339076415e+00
6.905999999999999917e-01,-6.127699229595187091e+00
6.902000000000000357e-01,-6.311759353761630997e+00
6.895999999999999908e-01,-6.173734023737567966e+00
6.893000000000000238e-01,-6.868889663715202154e+00
6.888999999999999568e-01,-6.310200682921405679e+00
6.882000000000000339e-01,-5.636988227491774417e+00
6.878999999999999559e-01,-6.783109167855490895e+00
6.872000000000000330e-01,-6.104847659619758282e+00
6.867999999999999661e-01,-5.710319382713378467e+00
6.864999999999999991e-01,-6.978657788800097350e+00
6.857999999999999652e-01,-6.126250006497323319e+00
6.854999999999999982e-01,-6.768330301319854136e+00
6.852000000000000313e-01,-6.857149658870105746e+00
6.844999999999999973e-01,-6.714493715929579665e+00
6.842000000000000304e-01,-6.007537268116472262e+00
6.837999999999999634e-01,-5.493645599211625097e+00
6.831000000000000405e-01,-5.892563519548305706e+00
6.827999999999999625e-01,-6.849498897978793188e+00
6.821000000000000396e-01,-6.666067563148051711e+00
6.817999999999999616e-01,-6.575516169907451136e+00
6.814000000000000057e-01,-6.589746968833996021e+00
6.807999999999999607e-01,-5.976361321627160272e+00
6.804999999999999938e-01,-6.094856328158621217e+00
6.801000000000000378e-01,-6.528676271144989052e+00
6.794999999999999929e-01,-6.653005763336333089e+00
6.791000000000000369e-01,-6.567551537447427812e+00
6.787999999999999590e-01,-6.669084873883127429e+00
6.781000000000000361e-01,-6.616210065226021619e+00
6.777999999999999581e-01,-6.670638411775423826e+00
6.771000000000000352e-01,-6.718910756378692284e+00
6.767999999999999572e-01,-6.612777764335382003e+00
6.761000000000000343e-01,-6.805072349269072340e+00
6.757999999999999563e-01,-6.474751646798424964e+00
6.754000000000000004e-01,-6.560532365203686211e+00
6.747999999999999554e-01,-6.528131939890569058e+00
6.743999999999999995e-01,-5.913347530376797501e+00
6.736999999999999655e-01,-5.921404853453156925e+00
6.733999999999999986e-01,-5.808064913861554324e+00
6.730000000000000426e-01,-6.087252860988416892e+00
6.723999999999999977e-01,-6.100778985621739814e+00
6.720000000000000417e-01,-6.084365795697459056e+00
6.716999999999999638e-01,-6.485487217740845800e+00
6.710000000000000409e-01,-5.961911458893416338e+00
6.706999999999999629e-01,-6.752693328241927695e+00
6.700000000000000400e-01,-6.460112565032831711e+00
6.695999999999999730e-01,-5.797423877450854413e+00
6.693000000000000060e-01,-5.724440038636438466e+00
6.685999999999999721e-01,-5.637398335449914200e+00
6.683000000000000052e-01,-5.020181758081309731e+00
6.679000000000000492e-01,-5.191311567705843011e+00
6.673000000000000043e-01,-5.734605377947805671e+00
6.669000000000000483e-01,-5.631279510127669141e+00
6.665999999999999703e-01,-5.799568309856071302e+00
6.660000000000000364e-01,-6.402204933818842925e+00
6.655999999999999694e-01,-6.633477763674354932e+00
6.653000000000000025e-01,-6.712583920744520150e+00
6.645999999999999686e-01,-6.458993488299511476e+00
6.643000000000000016e-01,-6.262677197962701392e+00
6.640000000000000346e-01,-6.144070666724539720e+00
6.633000000000000007e-01,-5.614047333404436735e+00
6.629000000000000448e-01,-6.092472044249034546e+00
6.625999999999999668e-01,-6.143842669998527128e+00
6.619000000000000439e-01,-6.028424445976999557e+00
6.615999999999999659e-01,-6.198274766409028302e+00
6.609000000000000430e-01,-6.083355169892540992e+00
6.604999999999999760e-01,-5.039551979031057449e+00
6.602000000000000091e-01,-5.535905241869530258e+00
6.594999999999999751e-01,-5.895525632318692644e+00
6.592000000000000082e-01,-6.282048525371383363e+00
6.588000000000000522e-01,-6.055999085997042286e+00
6.582000000000000073e-01,-6.097451616821937925e+00
6.579000000000000403e-01,-5.866195978492146246e+00
6.574999999999999734e-01,-6.015743745751934490e+00
6.568000000000000504e-01,-5.248963137913015053e+00
6.564999999999999725e-01,-5.392838368401074334e+00
6.558000000000000496e-01,-5.925943540652971464e+00
6.553999999999999826e-01,-5.714064820329031846e+00
6.548000000000000487e-01,-6.016702658489863964e+00
6.544999999999999707e-01,-5.303419877091941181e+00
6.538000000000000478e-01,-5.537139102312036876e+00
6.534999999999999698e-01,-5.190503244701175412e+00
6.528000000000000469e-01,-5.035380627930411634e+00
6.524999999999999689e-01,-5.178213412293303008e+00
6.522000000000000020e-01,-5.227013085670534132e+00
6.518000000000000460e-01,-5.433799438037079987e+00
6.511000000000000121e-01,-5.569869502117978932e+00
6.508000000000000451e-01,-5.817631083534667624e+00
6.501000000000000112e-01,-5.641766744709543424e+00
6.498000000000000442e-01,-5.587800059564168365e+00
6.493999999999999773e-01,-5.406573675155283532e+00
6.491000000000000103e-01,-5.216027388699456147e+00
6.484999999999999654e-01,-5.746420184702012435e+00
6.481999999999999984e-01,-6.180755733325906220e+00
6.474999999999999645e-01,-5.339844957857756924e+00
6.471999999999999975e-01,-4.840576392849778031e+00
6.469000000000000306e-01,-4.595519286333020759e+00
6.461000000000000076e-01,-5.981403090041552240e+00
6.458000000000000407e-01,-5.368823024778055952e+00
6.454999999999999627e-01,-5.244815709121424696e+00
6.448000000000000398e-01,-5.912048735866749283e+00
6.444999999999999618e-01,-5.999508043096199117e+00
6.439000000000000279e-01,-5.446954921027331586e+00
6.435999999999999499e-01,-5.223663903495666894e+00
6.429000000000000270e-01,-5.122948439234336959e+00
6.425999999999999490e-01,-4.500470693920245679e+00
6.419000000000000261e-01,-5.104568669314027751e+00
6.415999999999999481e-01,-4.717408805896385005e+00
6.409000000000000252e-01,-5.194367775126574216e+00
6.405999999999999472e-01,-5.833403779706858749e+00
6.402999999999999803e-01,-5.872753654670870738e+00
6.400000000000000133e-01,-5.351363583028755144e+00
6.392999999999999794e-01,-5.667645423988254549e+00
6.390000000000000124e-01,-5.494423257107039049e+00
6.383999999999999675e-01,-5.745858281467697282e+00
6.381000000000000005e-01,-5.143429456167880609e+00
6.373999999999999666e-01,-5.624497494760398730e+00
6.371999999999999886e-01,-5.598007618696056120e+00
6.369000000000000217e-01,-5.890964757878768943e+00
6.361999999999999877e-01,-5.856401147967581267e+00
6.359000000000000208e-01,-5.735898051761456173e+00
6.357000000000000428e-01,-5.708785028249105054e+00
6.350999999999999979e-01,-5.688954623955409851e+00
6.348000000000000309e-01,-5.681709240419304585e+00
6.343999999999999639e-01,-5.693909781476561349e+00
6.340000000000000080e-01,-5.690212202378750916e+00
6.336000000000000520e-01,-5.764111050114099299e+00
6.330000000000000071e-01,-5.500237852482841028e+00
6.327000000000000401e-01,-5.833389850675840371e+00
6.323999999999999622e-01,-5.396937589470431895e+00
6.318000000000000282e-01,-5.589570372293390932e+00
6.313999999999999613e-01,-5.651476659891685017e+00
6.310999999999999943e-01,-5.448044204753614395e+00
6.309000000000000163e-01,-4.961969031196545643e+00
6.302999999999999714e-01,-5.480591383424633811e+00
6.299000000000000155e-01,-5.724104746300875846e+00
6.292999999999999705e-01,-5.536231967105242013e+00
6.290000000000000036e-01,-5.508435921315830264e+00
6.287000000000000366e-01,-5.412619455253667056e+00
6.280000000000000027e-01,-5.431489853594288597e+00
6.278000000000000247e-01,-5.468186769106526235e+00
6.274999999999999467e-01,-4.826870659862744439e+00
6.269000000000000128e-01,-5.605439626752643179e+00
6.266000000000000458e-01,-5.636508384397002303e+00
6.262999999999999678e-01,-5.509934512733716261e+00
6.253999999999999559e-01,-5.299544948770282815e+00
6.250000000000000000e-01,-5.496695257601940554e+00
6.243999999999999551e-01,-5.480661278739907161e+00
6.240999999999999881e-01,-5.202497919535404414e+00
6.239000000000000101e-01,-4.606095882983855638e+00
6.231999999999999762e-01,-4.832825420044047249e+00
6.229000000000000092e-01,-5.308328375630728679e+00
6.226000000000000423e-01,-4.737736392450850431e+00
6.220999999999999863e-01,-5.283441245220593885e+00
6.218000000000000194e-01,-4.502360546507211403e+00
6.215000000000000524e-01,-4.721488652704563194e+00
6.209000000000000075e-01,-5.233376405492382588e+00
6.206000000000000405e-01,-5.261319636815780854e+00
6.202999999999999625e-01,-5.312745065662706878e+00
6.198000000000000176e-01,-5.271149168539897900e+00
6.193999999999999506e-01,-5.209889022119059021e+00
6.190999999999999837e-01,-5.183621911122958004e+00
6.186000000000000387e-01,-4.824698078949090529e+00
6.181999999999999718e-01,-4.454221823052074036e+00
6.176000000000000378e-01,-4.685666394075183483e+00
6.172999999999999599e-01,-5.443949964822891729e+00
6.169999999999999929e-01,-5.524714997274431383e+00
6.163999999999999480e-01,-5.430969532331562988e+00
6.160999999999999810e-01,-4.882590916189914587e+00
6.158000000000000140e-01,-4.941204391516055061e+00
6.151999999999999691e-01,-4.804666917883251287e+00
6.149000000000000021e-01,-4.736092246871966616e+00
6.146000000000000352e-01,-5.250325611234289092e+00
6.139999999999999902e-01,-4.125891190015106069e+00
6.137000000000000233e-01,-4.262622739497268221e+00
6.133999999999999453e-01,-4.724235548955214803e+00
6.128000000000000114e-01,-4.700481775567243226e+00
6.125000000000000444e-01,-4.546762210792419268e+00
6.118999999999999995e-01,-4.653319586512627559e+00
6.117000000000000215e-01,-4.706936310326561568e+00
6.114000000000000545e-01,-5.157192117375688944e+00
6.108000000000000096e-01,-4.529554370265006291e+00
6.105000000000000426e-01,-4.590752410282318507e+00
6.098999999999999977e-01,-5.071836449994752805e+00
6.096000000000000307e-01,-4.399929113264996694e+00
6.089999999999999858e-01,-3.762651564073391075e+00
6.087000000000000188e-01,-5.032770481247418992e+00
6.084000000000000519e-01,-5.110269425372647056e+00
6.078000000000000069e-01,-3.762245049723864643e+00
6.075000000000000400e-01,-3.738591808702569796e+00
6.068999999999999950e-01,-3.987692886496876810e+00
6.066000000000000281e-01,-5.025113518191239415e+00
6.062999999999999501e-01,-4.859329140795851210e+00
6.057000000000000162e-01,-4.328089538550503157e+00
6.054000000000000492e-01,-3.689081183829746813e+00
6.049999999999999822e-01,-4.525965718211533151e+00
6.045000000000000373e-01,-5.203482496386572898e+00
6.038000000000000034e-01,-4.471247219653678329e+00
6.035000000000000364e-01,-5.006890026148765216e+00
6.032999999999999474e-01,-4.908343788631889915e+00
6.026000000000000245e-01,-4.262533731830449035e+00
6.022999999999999465e-01,-4.326568485016031751e+00
6.017000000000000126e-01,-4.286035359747208062e+00
6.014000000000000457e-01,-4.194548102059254546e+00
6.007000000000000117e-01,-4.812715268305697514e+00
6.004000000000000448e-01,-4.237773137684506253e+00
5.997999999999999998e-01,-3.893085163590107811e+00
5.995000000000000329e-01,-4.933348450247018846e+00
5.988999999999999879e-01,-4.796091764885978215e+00
5.986000000000000210e-01,-4.832626890318011625e+00
5.981999999999999540e-01,-5.102482034075343620e+00
5.976000000000000201e-01,-4.921406321157801855e+00
5.973000000000000531e-01,-4.044903321845719546e+00
5.968999999999999861e-01,-4.655897609302794393e+00
5.963000000000000522e-01,-4.769977902628576238e+00
5.958999999999999853e-01,-4.269869712299114717e+00
5.956000000000000183e-01,-4.198231848707251856e+00
5.949999999999999734e-01,-4.618797359957037330e+00
5.946000000000000174e-01,-4.916141372754163186e+00
5.943000000000000504e-01,-4.364449839568736778e+00
5.937000000000000055e-01,-4.350619242687436383e+00
5.933000000000000496e-01,-4.220384568831819116e+00
5.929999999999999716e-01,-4.164281285889797068e+00
5.923000000000000487e-01,-3.983575983724976233e+00
5.919999999999999707e-01,-3.866216692042807157e+00
5.916000000000000147e-01,-4.925093045698297978e+00
5.908999999999999808e-01,-4.198847465778634991e+00
5.906000000000000139e-01,-4.378119507410368705e+00
5.903000000000000469e-01,-4.285006379076312655e+00
5.895000000000000240e-01,-4.595645202106662275e+00
5.891999999999999460e-01,-4.227872737770773881e+00
5.887999999999999901e-01,-4.059630098307694723e+00
5.880999999999999561e-01,-4.249081618597173815e+00
5.877999999999999892e-01,-4.316021212338698732e+00
5.874000000000000332e-01,-4.195069375833313075e+00
5.866999999999999993e-01,-4.891852777455691914e+00
5.864000000000000323e-01,-4.946781143886280319e+00
5.859999999999999654e-01,-4.858178079866553922e+00
5.853000000000000425e-01,-4.152232771038357306e+00
5.848999999999999755e-01,-3.955979265907877185e+00
5.845000000000000195e-01,-3.976639309777102227e+00
5.837999999999999856e-01,-4.474855025247146401e+00
5.834000000000000297e-01,-4.665779886588996561e+00
5.826999999999999957e-01,-4.408035420748165123e+00
5.823000000000000398e-01,-3.483437790611230156e+00
5.818999999999999728e-01,-3.769934430263629288e+00
5.810999999999999499e-01,-3.967383715076369111e+00
5.807999999999999829e-01,-4.248421282179769776e+00
5.803000000000000380e-01,-4.603700408098605479e+00
5.795000000000000151e-01,-4.666787543560228180e+00
5.790999999999999481e-01,-4.542174354865268882e+00
5.784000000000000252e-01,-3.847045230953973327e+00
5.778999999999999693e-01,-4.219679059059687987e+00
5.772000000000000464e-01,-4.025997480138800100e+00
5.767999999999999794e-01,-3.676848314866209222e+00
5.759999999999999565e-01,-3.257654422901849589e+00
5.755000000000000115e-01,-3.977285288953936071e+00
5.750999999999999446e-01,-4.101193369836654057e+00
5.743000000000000327e-01,-3.996383570571086175e+00
5.738999999999999657e-01,-4.148078904391396371e+00
5.731000000000000538e-01,-4.021783044037612775e+00
5.726999999999999869e-01,-4.023891714664698860e+00
5.723000000000000309e-01,-3.880150719834905892e+00
5.717999999999999750e-01,-3.769392337851134034e+00
5.709999999999999520e-01,-3.307635482574988295e+00
5.705000000000000071e-01,-3.245795396773862862e+00
5.701000000000000512e-01,-3.897162548641965873e+00
5.692000000000000393e-01,-3.882516846464732385e+00
5.686999999999999833e-01,-4.536413054811094803e+00
5.683000000000000274e-01,-4.247629057062881408e+00
5.674000000000000155e-01,-4.289671122773138556e+00
5.668999999999999595e-01,-3.554778457571638128e+00
5.665000000000000036e-01,-3.406890162871217598e+00
5.655999999999999917e-01,-3.510231863206513925e+00
5.651000000000000467e-01,-3.512175301086583712e+00
5.646999999999999797e-01,-3.652252344590964928e+00
5.636999999999999789e-01,-3.054057175004261548e+00
5.633000000000000229e-01,-3.664405010042138144e+00
5.627999999999999670e-01,-3.023641886636205811e+00
5.618999999999999551e-01,-2.977963603242438584e+00
5.614999999999999991e-01,-3.845081730141121312e+00
5.605999999999999872e-01,-3.808230377191652138e+00
5.601000000000000423e-01,-4.000150851661684825e+00
5.595999999999999863e-01,-3.812416805721576818e+00
5.585999999999999854e-01,-3.625974693258942061e+00
5.582000000000000295e-01,-4.324334658516648666e+00
5.576999999999999735e-01,-3.643640274377576205e+00
5.572000000000000286e-01,-4.052296815735233260e+00
5.562000000000000277e-01,-4.099668419880759807e+00
5.556999999999999718e-01,-3.604354536600271608e+00
5.553000000000000158e-01,-3.221069659290311638e+00
5.543000000000000149e-01,-3.684917493465295735e+00
5.537999999999999590e-01,-3.117162102302551752e+00
5.533000000000000140e-01,-3.709284495575192242e+00
5.523000000000000131e-01,-3.805812907405623502e+00
5.517999999999999572e-01,-3.757013792730565349e+00
5.513000000000000123e-01,-2.866457513821078606e+00
5.503000000000000114e-01,-3.730774575963361261e+00
5.497999999999999554e-01,-3.694505714397621432e+00
5.493000000000000105e-01,-3.831085254871668511e+00
5.483000000000000096e-01,-3.831919467114659028e+00
5.477999999999999536e-01,-3.281303980944526355e+00
5.467999999999999527e-01,-3.410784910540904935e+00
5.463000000000000078e-01,-3.756153597562215118e+00
5.453000000000000069e-01,-3.512773316661057077e+00
5.447999999999999510e-01,-3.132052254814715830e+00
5.443000000000000060e-01,-2.898157399453243244e+00
5.433000000000000052e-01,-3.404818277397570814e+00
5.427999999999999492e-01,-3.346312602660848956e+00
5.419000000000000483e-01,-3.581771859402461455e+00
5.417999999999999483e-01,-3.956877630229048926e+00
5.416999999999999593e-01,-4.329091759894309277e+00
5.415999999999999703e-01,-3.596654282773470879e+00
5.414999999999999813e-01,-4.208139658605806410e+00
5.413999999999999924e-01,-3.728731867054914773e+00
5.413000000000000034e-01,-4.079889416323898566e+00
5.412000000000000144e-01,-3.571525731485775346e+00
5.411000000000000254e-01,-3.497647416395499143e+00
5.410000000000000364e-01,-3.360901533454307977e+00
5.409000000000000474e-01,-3.423717840888651942e+00
5.407999999999999474e-01,-3.624063134460928648e+00
5.406999999999999584e-01,-3.575937314050266380e+00
5.404999999999999805e-01,-4.230402438811561083e+00
5.402000000000000135e-01,-3.542874033587561033e+00
5.400000000000000355e-01,-3.910919926919040446e+00
5.397999999999999465e-01,-3.719191572007984448e+00
5.394999999999999796e-01,-3.891452357099268511e+00
5.393000000000000016e-01,-2.980559788022529855e+00
5.392000000000000126e-01,-3.926313736077454930e+00
5.391000000000000236e-01,-3.076374454628536093e+00
5.389000000000000457e-01,-3.990492223339805022e+00
5.387999999999999456e-01,-2.909255759880359449e+00
5.383999999999999897e-01,-4.081179493455391771e+00
5.383000000000000007e-01,-3.616792867497170327e+00
5.381000000000000227e-01,-4.091233439989855114e+00
5.377999999999999448e-01,-3.180363220583494410e+00
5.376999999999999558e-01,-3.798525823813653446e+00
5.372999999999999998e-01,-3.313451629548703536e+00
5.372000000000000108e-01,-4.226948062856966004e+00
5.371000000000000218e-01,-3.926791341117607193e+00
5.366999999999999549e-01,-3.271602476438272511e+00
5.363999999999999879e-01,-3.467688774751046310e+00
5.362000000000000099e-01,-3.169253034471025465e+00
5.361000000000000210e-01,-3.925166045458047925e+00
5.360000000000000320e-01,-3.985429474697614882e+00
5.354999999999999760e-01,-3.168116677268678849e+00
5.352999999999999980e-01,-3.188221511090218563e+00
5.349000000000000421e-01,-3.243675761845825622e+00
5.348000000000000531e-01,-3.320071838045597357e+00
5.344999999999999751e-01,-4.262990490155232237e+00
5.342999999999999972e-01,-3.305670961358452953e+00
5.341000000000000192e-01,-4.013616273237713195e+00
5.336999999999999522e-01,-3.346305683173903756e+00
5.334999999999999742e-01,-3.201473217400883531e+00
5.332000000000000073e-01,-3.110592797964020217e+00
5.329000000000000403e-01,-3.646605292848946966e+00
5.328000000000000513e-01,-3.062275226989449539e+00
5.326999999999999513e-01,-4.006855989605690560e+00
5.324999999999999734e-01,-3.414531591218417983e+00
5.322999999999999954e-01,-3.092898419728915105e+00
5.321000000000000174e-01,-2.946198688929570153e+00
5.312999999999999945e-01,-2.963199514018251435e+00
5.311000000000000165e-01,-3.986587127119065155e+00
5.308000000000000496e-01,-2.705856963796391401e+00
5.303999999999999826e-01,-3.316823186878424146e+00
5.302999999999999936e-01,-3.338856873879398890e+00
5.302000000000000046e-01,-3.899520824801735674e+00
5.294999999999999707e-01,-4.025543822402033456e+00
5.293999999999999817e-01,-3.396897197972120530e+00
5.291000000000000147e-01,-3.458085998247041992e+00
5.289000000000000368e-01,-2.722135248161899668e+00
5.286999999999999478e-01,-3.482886826665192004e+00
5.283999999999999808e-01,-2.918397360459485057e+00
5.282000000000000028e-01,-3.975141336881593546e+00
5.278000000000000469e-01,-4.036913915714127832e+00
5.273999999999999799e-01,-2.336611442451362652e+00
5.272999999999999909e-01,-3.781691875467301234e+00
5.272000000000000020e-01,-3.888026122865614553e+00
5.270000000000000240e-01,-3.156283967571281046e+00
5.269000000000000350e-01,-2.473744202314068108e+00
5.264999999999999680e-01,-3.867916627320420186e+00
5.260000000000000231e-01,-3.670799732886876665e+00
5.255999999999999561e-01,-3.011287816939538065e+00
5.251000000000000112e-01,-3.180154404712780103e+00
5.250000000000000222e-01,-3.588699744728465202e+00
5.247000000000000552e-01,-3.184724142142603132e+00
5.242999999999999883e-01,-3.813233310865282277e+00
5.238000000000000433e-01,-2.942309435429108166e+00
5.233999999999999764e-01,-3.788274214208339874e+00
5.232999999999999874e-01,-3.039297555848833987e+00
5.229000000000000314e-01,-3.157907529975504168e+00
5.225999999999999535e-01,-3.746043174036178591e+00
5.224999999999999645e-01,-3.623006526376785885e+00
5.221000000000000085e-01,-3.652145529234882559e+00
5.220000000000000195e-01,-3.046407261298464952e+00
5.215999999999999526e-01,-3.971226414740611332e+00
5.214999999999999636e-01,-3.011417443076576106e+00
5.211000000000000076e-01,-3.247301561393276526e+00
5.208000000000000407e-01,-3.641591441463964074e+00
5.203999999999999737e-01,-2.916317950715741958e+00
5.202999999999999847e-01,-3.182387359468297205e+00
5.199000000000000288e-01,-3.291261620877970806e+00
5.194999999999999618e-01,-2.716807529236408225e+00
5.193999999999999728e-01,-3.384524391122044396e+00
5.191000000000000059e-01,-2.817668123966709182e+00
5.185999999999999499e-01,-4.102764445730426424e+00
5.184999999999999609e-01,-3.672768018589791073e+00
5.182999999999999829e-01,-2.696200471144971189e+00
5.181999999999999940e-01,-3.410209491889202305e+00
5.178000000000000380e-01,-3.247886232237914950e+00
5.171000000000000041e-01,-3.307254795097353206e+00
5.170000000000000151e-01,-3.238269544199008809e+00
5.169000000000000261e-01,-2.442622939683456451e+00
5.165999999999999481e-01,-3.756224195362130036e+00
5.162999999999999812e-01,-3.292609500554115609e+00
5.158000000000000362e-01,-3.296227288644704156e+00
5.154999999999999583e-01,-3.919431940330175834e+00
5.153999999999999693e-01,-3.274282358011869842e+00
5.151000000000000023e-01,-3.168918498214472912e+00
5.148000000000000353e-01,-3.197562272463580602e+00
5.147000000000000464e-01,-3.062995388146937170e+00
5.143999999999999684e-01,-3.710619047951916993e+00
5.141000000000000014e-01,-3.137185446477029682e+00
5.140000000000000124e-01,-3.702290188854024944e+00
5.137000000000000455e-01,-3.819287475470816595e+00
5.132999999999999785e-01,-3.925295877879250828e+00
5.130000000000000115e-01,-3.916569025254074798e+00
5.125999999999999446e-01,-3.565712157361546009e+00
5.124999999999999556e-01,-3.245853505769516367e+00
5.122999999999999776e-01,-3.702255327160978826e+00
5.121999999999999886e-01,-3.572692937630706389e+00
5.119000000000000217e-01,-3.044554895503728265e+00
5.116000000000000547e-01,-3.723560759035567713e+00
5.112999999999999767e-01,-3.650839134044939538e+00
5.111999999999999877e-01,-3.026815058849042561e+00
5.110000000000000098e-01,-3.757278360725551103e+00
5.109000000000000208e-01,-3.089628432129207791e+00
5.108000000000000318e-01,-3.002872410559761729e+00
5.106000000000000538e-01,-3.160222623847450230e+00
5.103999999999999648e-01,-3.957398605573597461e+00
5.102999999999999758e-01,-3.140260558666049917e+00
5.100999999999999979e-01,-3.149294112871894313e+00
5.098000000000000309e-01,-2.931627485848681491e+00
5.097000000000000419e-01,-3.759075874215991764e+00
5.093999999999999639e-01,-3.586911708535834187e+00
5.092999999999999750e-01,-2.854865352376828813e+00
5.090000000000000080e-01,-2.894441554427036767e+00
5.089000000000000190e-01,-3.161424048556474187e+00
5.088000000000000300e-01,-2.902297623346480115e+00
5.086000000000000520e-01,-2.974752085561351844e+00
5.083999999999999631e-01,-3.103168265672839432e+00
5.081999999999999851e-01,-2.778030483509014825e+00
5.080000000000000071e-01,-3.091715369083142484e+00
5.079000000000000181e-01,-3.275053266963865894e+00
5.076000000000000512e-01,-2.986718606331952852e+00
5.074999999999999512e-01,-3.146985590723279103e+00
5.073999999999999622e-01,-3.160389761251410246e+00
5.072999999999999732e-01,-2.977289542701678116e+00
5.070000000000000062e-01,-3.169937014785729534e+00
5.068000000000000282e-01,-2.887269484886517468e+00
5.066000000000000503e-01,-3.019396193105691850e+00
5.063999999999999613e-01,-2.999178212141975663e+00
5.061999999999999833e-01,-3.564620236544413512e+00
5.060000000000000053e-01,-3.625538035165144279e+00
5.059000000000000163e-01,-3.682763217283590684e+00
5.058000000000000274e-01,-3.662758209606320481e+00
5.057000000000000384e-01,-3.456572561794795995e+00
5.056000000000000494e-01,-2.684363623620036332e+00
5.054999999999999494e-01,-2.860710086574234534e+00
5.053999999999999604e-01,-3.031976388821874480e+00
5.052999999999999714e-01,-3.729607404707059093e+00
5.051999999999999824e-01,-3.173768202937698124e+00
5.050000000000000044e-01,-3.529352350086899737e+00
5.049000000000000155e-01,-3.342871468790375111e+00
5.048000000000000265e-01,-3.121794056893225200e+00
5.047000000000000375e-01,-3.493047194062532501e+00
5.046000000000000485e-01,-3.044740561482239816e+00
5.044999999999999485e-01,-3.560665096378600403e+00
5.043999999999999595e-01,-3.774030270876004955e+00
5.042999999999999705e-01,-3.152416136601365437e+00
5.041999999999999815e-01,-3.811986774877483164e+00
5.040999999999999925e-01,-3.458739611091878885e+00
5.040000000000000036e-01,-3.500571691474139158e+00
5.039000000000000146e-01,-3.595367451444866358e+00
5.038000000000000256e-01,-2.670936475404313448e+00
5.001999999999999780e-01,-2.585847367204529235e+00
4.984000000000000097e-01,-2.592832452565866586e+00
4.948000000000000176e-01,-2.597605413277122022e+00
4.929999999999999938e-01,-2.643537408649442089e+00
4.910999999999999810e-01,-2.453278811351440769e+00
4.873000000000000109e-01,-2.457062169832282983e+00
4.853999999999999981e-01,-2.892514877537392337e+00
4.833999999999999964e-01,-2.323695328259201887e+00
4.792000000000000148e-01,-3.089767529257597900e+00
4.769999999999999796e-01,-3.228354127602197199e+00
4.747999999999999998e-01,-2.334120138254959897e+00
4.701000000000000179e-01,-2.340922345148545691e+00
4.677000000000000046e-01,-2.242561367152111185e+00
4.652999999999999914e-01,-2.807010496967254021e+00
4.603999999999999759e-01,-2.700728052810108082e+00
4.578999999999999737e-01,-2.499829374943887128e+00
4.529000000000000248e-01,-2.117167397826117181e+00
4.504000000000000226e-01,-2.145531856180983077e+00
4.452999999999999736e-01,-2.166761475027451311e+00
4.428000000000000269e-01,-2.790485906817210537e+00
4.401999999999999802e-01,-2.069367636855926396e+00
4.348000000000000198e-01,-2.329340227704996380e+00
4.319999999999999951e-01,-2.309650994607127306e+00
4.289999999999999925e-01,-2.251373284624033744e+00
4.228000000000000091e-01,-2.547378247233023529e+00
4.193999999999999950e-01,-2.057518531305277065e+00
4.119999999999999774e-01,-1.590038081549210336e+00
4.079999999999999738e-01,-1.690387969159861559e+00
4.037000000000000033e-01,-2.487938206914043437e+00
3.991999999999999993e-01,-1.764328392382490174e+00
3.891999999999999904e-01,-1.512686056301653537e+00
3.837999999999999745e-01,-1.398672453049691677e+00
3.781999999999999806e-01,-1.339281384027217525e+00
3.664999999999999925e-01,-1.445733287688214741e+00
3.603999999999999981e-01,-1.153945552670714747e+00
3.484999999999999765e-01,-1.194147662163507650e+00
3.427000000000000046e-01,-1.259239323281357015e+00
3.322999999999999843e-01,-1.243745814947377903e+00
3.276999999999999913e-01,-1.140061652410082171e+00
3.202999999999999736e-01,-1.192099121980275012e+00
3.174000000000000155e-01,-1.011363443564590847e+00
3.150999999999999912e-01,-8.686961568443295478e-01
3.119999999999999996e-01,-1.241208855778767939e+00
3.109000000000000097e-01,-1.308988141476537637e+00
3.101999999999999758e-01,-1.326485312104930925e+00
3.091999999999999749e-01,-1.432095026533382720e+00
3.089000000000000079e-01,-1.524960374250494022e+00
3.086999999999999744e-01,-1.100214339616774284e+00
3.084000000000000075e-01,-1.241429013986578012e+00
3.083000000000000185e-01,-1.201794091324837499e+00
3.080999999999999850e-01,-2.003350027868612937e+00
3.079999999999999960e-01,-1.249403868657872785e+00
3.079000000000000070e-01,-1.199565868660904977e+00
3.078000000000000180e-01,-1.055796046327403204e+00
3.076999999999999735e-01,-1.050843185793244539e+00
3.075999999999999845e-01,-1.249830561026767040e+00
3.074999999999999956e-01,-1.439653680153796911e+00
3.074000000000000066e-01,-1.219943456168053997e+00
3.073000000000000176e-01,-2.058928439603504579e+00
3.071999999999999731e-01,-1.986183101034466159e+00
3.070999999999999841e-01,-1.945150974322785276e+00
3.069999999999999951e-01,-1.198224806390427943e+00
3.069000000000000061e-01,-1.443322491012080322e+00
3.068000000000000171e-01,-1.307660719734914379e+00
3.066999999999999726e-01,-9.322168498065303011e-01
3.064999999999999947e-01,-1.121011476987610722e+00
3.064000000000000057e-01,-1.666503533743471044e+00
3.063000000000000167e-01,-8.902921337955015391e-01
3.062000000000000277e-01,-1.940600194510512466e+00
3.060999999999999832e-01,-1.491322286817017950e+00
3.059999999999999942e-01,-1.664622096135721874e+00
3.059000000000000052e-01,-1.017722525995141902e+00
3.058000000000000163e-01,-8.572120549988921923e-01
3.057000000000000273e-01,-1.224150712696549625e+00
3.055999999999999828e-01,-1.204950416307335681e+00
3.054999999999999938e-01,-1.643456481445829009e+00
3.054000000000000048e-01,-1.609229825335440900e+00
3.053000000000000158e-01,-1.179818635297595009e+00
3.052000000000000268e-01,-1.103164224196132359e+00
3.050999999999999823e-01,-1.216758691420819938e+00
3.049999999999999933e-01,-8.509304466739007200e-01
3.049000000000000044e-01,-1.119799384997032021e+00
3.048000000000000154e-01,-1.311928899472031951e+00
3.047000000000000264e-01,-1.376485464063461395e+00
3.045999999999999819e-01,-1.222509354195221887e+00
3.044999999999999929e-01,-1.319426715375073611e+00
3.044000000000000039e-01,-1.295680734551265756e+00
3.043000000000000149e-01,-1.237632618756147718e+00
3.042000000000000259e-01,-1.189466225695167578e+00
3.040999999999999814e-01,-1.496177971342096624e+00
3.039999999999999925e-01,-1.834908467369901208e+00
3.039000000000000035e-01,-1.206590456949126589e+00
3.038000000000000145e-01,-1.321426725429388993e+00
3.037000000000000255e-01,-1.850721704854110472e+00
3.035999999999999810e-01,-1.254636431258443929e+00
3.034999999999999920e-01,-1.026412991816114451e+00
3.034000000000000030e-01,-1.431676035003716763e+00
3.033000000000000140e-01,-1.349135946026322808e+00
3.032000000000000250e-01,-1.254455204233216881e+00
3.030999999999999805e-01,-1.236275986822360062e+00
3.029999999999999916e-01,-1.386616514651491716e+00
3.029000000000000026e-01,-1.091734168911844938e+00
3.028000000000000136e-01,-1.482657822117266599e+00
3.027000000000000246e-01,-1.918050268559122085e+00
3.025999999999999801e-01,-1.127866919882957841e+00
3.024999999999999911e-01,-1.285352879795004233e+00
3.024000000000000021e-01,-1.275313346510431600e+00
3.023000000000000131e-01,-1.086389495829568563e+00
3.022000000000000242e-01,-9.598995541947908938e-01
3.020999999999999797e-01,-9.280039102063132317e-01
3.019999999999999907e-01,-1.141611747542369049e+00
3.019000000000000017e-01,-1.200626985305803807e+00
3.018000000000000127e-01,-1.631139528691059937e+00
3.017000000000000237e-01,-1.401126278463256769e+00
3.015999999999999792e-01,-9.863084578488455767e-01
3.014999999999999902e-01,-9.987722682692264931e-01
3.014000000000000012e-01,-1.095912576340235089e+00
3.013000000000000123e-01,-1.274441825839522924e+00
3.012000000000000233e-01,-1.206215869632102589e+00
3.010999999999999788e-01,-1.199866589647255566e+00
3.009999999999999898e-01,-1.150666026831625333e+00
3.009000000000000008e-01,-1.066542212184527161e+00
3.008000000000000118e-01,-1.203972070823759344e+00
3.007000000000000228e-01,-1.322520377419105220e+00
3.005999999999999783e-01,-1.571430066463815667e+00
3.004999999999999893e-01,-1.065588652392375435e+00
3.004000000000000004e-01,-1.397484726620634277e+00
3.003000000000000114e-01,-1.237829401429723752e+00
3.002000000000000224e-01,-1.154590683087163727e+00
3.000999999999999779e-01,-1.381032557263651039e+00
2.999999999999999889e-01,-1.122492560846205523e+00
2.998999999999999999e-01,-1.063509306785826558e+00
2.998000000000000109e-01,-1.352930417874639968e+00
