# T (K), dc/c (x 1e-5)
2.514100000000000001e+00,-7.540851528359591160e-01
2.513799999999999812e+00,-9.015884834997285324e-01
2.513700000000000045e+00,-6.679633617530253975e-01
2.513500000000000068e+00,-4.849312156711329536e-01
2.513300000000000090e+00,-3.922981426410503403e-01
2.513199999999999878e+00,-3.176465720784125146e-01
2.513100000000000112e+00,-2.054589747169403569e-01
2.512999999999999901e+00,-1.849081424660072304e-01
2.512799999999999923e+00,-1.640692058022230060e-01
2.512700000000000156e+00,-1.808091191491767169e-01
2.512599999999999945e+00,-2.512048180600872094e-01
2.512500000000000178e+00,-2.915943647500144342e-01
2.512399999999999967e+00,-1.521107901562645248e-01
2.512300000000000200e+00,-1.219200707645287513e-01
2.512100000000000222e+00,-5.618405585129269617e-03
2.512000000000000011e+00,9.827573208981595088e-02
2.511800000000000033e+00,1.215371341938600303e-01
2.511699999999999822e+00,-8.046363912169005039e-02
2.511299999999999866e+00,-1.792229467247941910e-01
2.511200000000000099e+00,-3.667268754244747408e-01
2.511099999999999888e+00,-4.599246696008812418e-01
2.511000000000000121e+00,-4.936478332900516297e-01
2.510800000000000143e+00,-4.053598812690090147e-01
2.510699999999999932e+00,-3.532811909275421214e-01
2.510600000000000165e+00,-3.119594144700935656e-01
2.510499999999999954e+00,-2.595738627650954200e-01
2.510299999999999976e+00,-2.622372742619065167e-01
2.510200000000000209e+00,-2.325675536184672876e-01
2.509999999999999787e+00,-2.385418630196194101e-01
2.509799999999999809e+00,-2.476153693474117956e-01
2.509700000000000042e+00,-4.697008347142526685e-01
2.509599999999999831e+00,-4.018671011463543774e-01
2.509500000000000064e+00,-5.035144377005403848e-01
2.509399999999999853e+00,-5.523987131403876871e-01
2.509300000000000086e+00,-4.292335168499308296e-01
2.509199999999999875e+00,-2.902791284530487070e-01
2.509100000000000108e+00,-2.565468427310612087e-01
2.508999999999999897e+00,-1.839948236162009809e-01
2.508900000000000130e+00,-3.439180547754798478e-02
2.508799999999999919e+00,-1.379487510029173414e-01
2.508599999999999941e+00,-8.381773798419504817e-02
2.508500000000000174e+00,-1.238543459572953309e-01
2.508399999999999963e+00,-1.685617407847043170e-01
2.508300000000000196e+00,-2.568843132076133462e-01
2.508100000000000218e+00,-1.795910798098483974e-01
2.508000000000000007e+00,-2.709356890202093138e-01
2.507899999999999796e+00,-2.846582970587770989e-01
2.507699999999999818e+00,-2.147333527746213833e-01
2.507499999999999840e+00,-3.301627559667056344e-01
2.507299999999999862e+00,-4.518680692151534339e-01
2.507200000000000095e+00,-4.051267620729456786e-01
2.507099999999999884e+00,-4.429781524192074049e-01
2.506699999999999928e+00,-4.821644821295287819e-01
2.506600000000000161e+00,-3.882140801991502688e-01
2.506499999999999950e+00,-3.031298871934874906e-01
2.506400000000000183e+00,-3.391756036217279946e-01
2.506299999999999972e+00,-2.777621487486987562e-01
2.506200000000000205e+00,-1.227349927843086469e-01
2.506099999999999994e+00,-2.534066076083287267e-01
2.505999999999999783e+00,-3.704495932811999737e-01
2.505700000000000038e+00,-3.555062332190692120e-01
2.505500000000000060e+00,-4.184641901036325051e-01
2.505399999999999849e+00,-4.812129814439332076e-01
2.505199999999999871e+00,-2.874970330993763534e-01
2.504999999999999893e+00,-1.184259677545714956e-01
2.504799999999999915e+00,-9.289816815243696901e-02
2.504700000000000149e+00,-2.539110635071332653e-02
2.504599999999999937e+00,7.432991105582457958e-02
2.504399999999999959e+00,7.464363656647866885e-02
2.504300000000000193e+00,-4.366225464190183307e-03
2.504199999999999982e+00,2.929372971094152192e-02
2.504000000000000004e+00,2.264613615370297470e-02
2.503899999999999793e+00,-1.122643900970519415e-01
2.503800000000000026e+00,-1.633036693871612044e-01
2.503699999999999815e+00,-1.977896227183759681e-01
2.503600000000000048e+00,-3.419132378182761500e-01
2.503400000000000070e+00,-4.475684363981638492e-01
2.503299999999999859e+00,-4.430175845145285507e-01
2.503200000000000092e+00,-4.887305179139301292e-01
2.503099999999999881e+00,-4.101500060260047653e-01
2.502899999999999903e+00,-3.926937590656242039e-01
2.502800000000000136e+00,-2.500944725462010410e-01
2.502699999999999925e+00,-2.507262400387033630e-01
2.502499999999999947e+00,-1.794987517894007512e-01
2.502400000000000180e+00,-1.968209226050585403e-01
2.502299999999999969e+00,-1.282148390638771507e-01
2.501999999999999780e+00,-2.169547240620244011e-01
2.501900000000000013e+00,-2.773674615250186770e-01
2.501700000000000035e+00,-3.434934811349107942e-01
2.501500000000000057e+00,-3.801362414566867853e-01
2.501399999999999846e+00,-4.375572604690892708e-01
2.501300000000000079e+00,-6.076266244935254468e-01
2.501199999999999868e+00,-6.358026422715592485e-01
2.501100000000000101e+00,-6.502885096364348083e-01
2.500999999999999890e+00,-5.823132290788592957e-01
2.500900000000000123e+00,-4.292789580397907145e-01
2.500799999999999912e+00,-2.003525488213228067e-01
2.500500000000000167e+00,-2.673163338281646095e-01
2.500399999999999956e+00,-3.038048089985898592e-01
2.500300000000000189e+00,-4.402705627023638657e-01
2.500000000000000000e+00,-5.435042668511420594e-01
2.499899999999999789e+00,-5.556785009067295444e-01
2.499800000000000022e+00,-4.745512517176408429e-01
2.499699999999999811e+00,-4.335344349985716383e-01
2.499600000000000044e+00,-2.786035671843299921e-01
2.499400000000000066e+00,-2.289514971061975823e-01
2.499299999999999855e+00,-2.466014753449343733e-01
2.499200000000000088e+00,-1.610022225577195931e-01
2.499000000000000110e+00,-9.193746198788961543e-02
2.498899999999999899e+00,-2.231277416500231370e-01
2.498800000000000132e+00,-3.277119660790921984e-01
2.498699999999999921e+00,-4.963704857517052260e-01
2.498499999999999943e+00,-5.413203847476214525e-01
2.498299999999999965e+00,-5.684020556997428919e-01
2.498000000000000220e+00,-5.429183914357139651e-01
2.497799999999999798e+00,-4.968179110076300642e-01
2.497700000000000031e+00,-2.982339308244550402e-01
2.497599999999999820e+00,-3.572034513114452081e-01
2.497300000000000075e+00,-3.461587561925710821e-01
2.497199999999999864e+00,-2.499055583177808293e-01
2.497100000000000097e+00,-3.494170015403427754e-01
2.496999999999999886e+00,-5.084043006360269290e-01
2.496900000000000119e+00,-5.213012812815137620e-01
2.496700000000000141e+00,-5.890804156943939551e-01
2.496500000000000163e+00,-6.829787350571929760e-01
2.496300000000000185e+00,-5.017175020776473149e-01
2.495999999999999996e+00,-4.956584828162127754e-01
2.495800000000000018e+00,-4.859905990833011669e-01
2.495699999999999807e+00,-4.711118449972622746e-01
2.495600000000000041e+00,-4.739208187681071549e-01
2.495400000000000063e+00,-5.520400689455078336e-01
2.495299999999999851e+00,-3.961979193723395576e-01
2.495200000000000085e+00,-3.642737851133990290e-01
2.495000000000000107e+00,-2.609282594484606532e-01
2.494899999999999896e+00,-1.591334781573335022e-01
2.494800000000000129e+00,-5.928123586577158100e-02
2.494499999999999940e+00,3.063439911714024508e-02
2.494299999999999962e+00,6.608542862658108030e-02
2.494000000000000217e+00,-3.909639010328015696e-02
2.493900000000000006e+00,-1.064678653019991844e-01
2.493799999999999795e+00,-1.925230724302169905e-01
2.493599999999999817e+00,-4.869854424154984596e-01
2.493500000000000050e+00,-6.680122137811919103e-01
2.493399999999999839e+00,-6.826305406598373038e-01
2.493300000000000072e+00,-6.691840867172288432e-01
2.493199999999999861e+00,-6.702359428706230471e-01
2.493100000000000094e+00,-6.075126834886563909e-01
2.492999999999999883e+00,-4.197366845526644963e-01
2.492900000000000116e+00,-3.205704323565815583e-01
2.492599999999999927e+00,-1.812912635719790000e-01
2.492399999999999949e+00,-5.003662708928267866e-02
2.492300000000000182e+00,1.218285918058508999e-01
2.491899999999999782e+00,1.139194623667291878e-01
2.491800000000000015e+00,1.401215532005227193e-01
2.491699999999999804e+00,5.543797636615391961e-03
2.491600000000000037e+00,-1.329880270548229049e-01
2.491499999999999826e+00,-2.707110656213762567e-01
2.491200000000000081e+00,-2.463314127831026379e-01
2.491000000000000103e+00,-3.143602407920708108e-01
2.490899999999999892e+00,-3.010851283904493192e-01
2.490699999999999914e+00,-2.705306898945778471e-01
2.490600000000000147e+00,-2.152699883333853148e-01
2.490499999999999936e+00,-1.923753926675610404e-01
2.490400000000000169e+00,-1.713985818930108818e-01
2.490200000000000191e+00,-1.536621579392065673e-01
2.490000000000000213e+00,-2.435067947980772696e-01
2.489700000000000024e+00,-2.745527949488818509e-01
2.489500000000000046e+00,-2.432179708025108411e-01
2.489399999999999835e+00,-2.043252296115411482e-01
2.489100000000000090e+00,-7.853885848560461513e-02
2.488900000000000112e+00,1.257960043002447070e-01
2.488700000000000134e+00,1.692694512654365768e-01
2.488500000000000156e+00,2.042167057124334995e-01
2.488399999999999945e+00,2.900591089118813026e-01
2.488300000000000178e+00,2.996436997403139069e-01
2.488100000000000200e+00,2.159182217043227325e-01
2.487999999999999989e+00,2.718858378488570593e-01
2.487800000000000011e+00,2.218594755186800438e-01
2.487600000000000033e+00,1.871045740888107878e-01
2.487400000000000055e+00,7.244121872284833841e-02
2.487299999999999844e+00,3.121273554887102342e-02
2.487200000000000077e+00,-1.273575016125260695e-01
2.487000000000000099e+00,-2.697437307316841726e-01
2.486899999999999888e+00,-4.642902716974687816e-01
2.486800000000000122e+00,-6.876832775216057403e-01
2.486600000000000144e+00,-8.405331945378476943e-01
2.486499999999999932e+00,-8.018235182553662410e-01
2.486000000000000210e+00,-7.149903099889945990e-01
2.485899999999999999e+00,-7.212654963627144200e-01
2.485799999999999788e+00,-6.442555388144451944e-01
2.485599999999999810e+00,-5.720433778674426373e-01
2.485399999999999832e+00,-6.113470281377116899e-01
2.485300000000000065e+00,-6.326148845653434272e-01
2.485199999999999854e+00,-6.686529983676602340e-01
2.485100000000000087e+00,-7.391687391720014322e-01
2.484900000000000109e+00,-7.341562150039462331e-01
2.484799999999999898e+00,-7.027988668425306784e-01
2.484700000000000131e+00,-7.519997186698356151e-01
2.484500000000000153e+00,-6.688098353967967258e-01
2.484399999999999942e+00,-5.720652374410556407e-01
2.484300000000000175e+00,-6.000436429671194283e-01
2.483999999999999986e+00,-5.482136625498297278e-01
2.483900000000000219e+00,-6.699915569170008522e-01
2.483800000000000008e+00,-7.327793702285303468e-01
2.483600000000000030e+00,-7.745244032890246100e-01
2.483400000000000052e+00,-7.958888581531303741e-01
2.483299999999999841e+00,-9.765294332364613528e-01
2.483000000000000096e+00,-9.497261809044191816e-01
2.482899999999999885e+00,-8.251387936016822966e-01
2.482699999999999907e+00,-7.780787244243474454e-01
2.482499999999999929e+00,-6.361878625591051994e-01
2.482200000000000184e+00,-5.056016574090218541e-01
2.482099999999999973e+00,-4.460066251563317152e-01
2.481799999999999784e+00,-6.113555616086185918e-01
2.481700000000000017e+00,-7.315962938801690019e-01
2.481500000000000039e+00,-7.496385961022039579e-01
2.481300000000000061e+00,-7.663464276887449467e-01
2.481199999999999850e+00,-8.471475233035823393e-01
2.480900000000000105e+00,-7.784444699593211503e-01
2.480799999999999894e+00,-5.804885914818770365e-01
2.480700000000000127e+00,-5.439598640289127207e-01
2.480599999999999916e+00,-4.610251826177844681e-01
2.480500000000000149e+00,-3.042191997972682471e-01
2.480300000000000171e+00,-1.498407303353386788e-01
2.480100000000000193e+00,-2.506732619827014563e-01
2.479800000000000004e+00,-3.061171979176226521e-01
2.479499999999999815e+00,-2.936856042411281620e-01
2.479400000000000048e+00,-2.228081369456827721e-01
2.479299999999999837e+00,-2.798391282962989779e-01
2.479200000000000070e+00,-2.205640006490124372e-01
2.479099999999999859e+00,-3.081940422997226925e-01
2.479000000000000092e+00,-4.246246405516024280e-01
2.478600000000000136e+00,-4.961161671459624056e-01
2.478499999999999925e+00,-5.949236732296887542e-01
2.478400000000000158e+00,-6.928411500349498375e-01
2.478200000000000180e+00,-7.551499431156564190e-01
2.478099999999999969e+00,-6.814592513492648829e-01
2.478000000000000203e+00,-7.691388435849362271e-01
2.477799999999999780e+00,-6.893722331368441480e-01
2.477700000000000014e+00,-6.459456944185159033e-01
2.477599999999999802e+00,-5.053132426052656667e-01
2.477399999999999824e+00,-4.927522530681454072e-01
2.477199999999999847e+00,-4.065144046942986700e-01
2.476999999999999869e+00,-4.136936572313783533e-01
2.476799999999999891e+00,-4.227984060745917927e-01
2.476599999999999913e+00,-4.549265251852451231e-01
2.476399999999999935e+00,-3.917697269575091124e-01
2.476199999999999957e+00,-3.375107564912373515e-01
2.476100000000000190e+00,-3.417517175669155804e-01
2.475999999999999979e+00,-2.909750775680974844e-01
2.475900000000000212e+00,-2.170171834441026737e-01
2.475800000000000001e+00,-3.357442921612182052e-01
2.475699999999999790e+00,-4.889663977853667132e-01
2.475499999999999812e+00,-4.988969679131736168e-01
2.475299999999999834e+00,-5.281355483400477224e-01
2.475000000000000089e+00,-6.127579525781138292e-01
2.474899999999999878e+00,-5.691437822038614147e-01
2.474800000000000111e+00,-4.282334734760552819e-01
2.474499999999999922e+00,-4.280569266505067638e-01
2.474400000000000155e+00,-2.999024706954183106e-01
2.474299999999999944e+00,-1.590374720717986357e-01
2.474200000000000177e+00,-1.299144005715061612e-01
2.474000000000000199e+00,-1.648042170835435916e-01
2.473899999999999988e+00,-1.934565184610924637e-01
2.473500000000000032e+00,-2.965598909408307393e-01
2.473399999999999821e+00,-3.821114275079058875e-01
2.473199999999999843e+00,-3.040915753790775500e-01
2.473100000000000076e+00,-2.316639198387052123e-01
2.472999999999999865e+00,-1.872711235044563771e-01
2.472799999999999887e+00,-1.435184674046258990e-01
2.472599999999999909e+00,-6.621242551482863122e-03
2.472399999999999931e+00,3.560593004134403328e-02
2.472100000000000186e+00,1.019961411901802381e-02
2.471999999999999975e+00,3.526577731203812266e-03
2.471799999999999997e+00,-1.178532819185482000e-01
2.471699999999999786e+00,-3.151556759084929160e-01
2.471600000000000019e+00,-4.986013666979645098e-01
2.471499999999999808e+00,-5.904261294921940850e-01
2.471299999999999830e+00,-5.639361472534881736e-01
2.471200000000000063e+00,-4.913321788043876759e-01
2.471099999999999852e+00,-3.722148953197185750e-01
2.471000000000000085e+00,-3.224410422044549085e-01
2.470800000000000107e+00,-3.065788217662896442e-01
2.470600000000000129e+00,-2.942929225798916471e-01
2.470499999999999918e+00,-3.028281278494825424e-01
2.470400000000000151e+00,-3.788941380696193573e-01
2.470299999999999940e+00,-3.305697464269039543e-01
2.470099999999999962e+00,-3.343667481707805478e-01
2.470000000000000195e+00,-4.259601354087046432e-01
2.469800000000000217e+00,-4.114655160664202338e-01
2.469500000000000028e+00,-5.475993811528567790e-01
2.469399999999999817e+00,-6.108236608119319566e-01
2.469300000000000050e+00,-6.948583622629154188e-01
2.469100000000000072e+00,-7.614592816536976949e-01
2.468999999999999861e+00,-8.068325906584322693e-01
2.468900000000000095e+00,-7.105720356751811240e-01
2.468700000000000117e+00,-8.664456370143349684e-01
2.468599999999999905e+00,-9.136909772585430911e-01
2.468300000000000161e+00,-9.288548723866089096e-01
2.468100000000000183e+00,-1.062722512923464535e+00
2.467999999999999972e+00,-1.147024369801147969e+00
2.467699999999999783e+00,-1.074052155702752476e+00
2.467600000000000016e+00,-9.895587327671002686e-01
2.467499999999999805e+00,-8.629408506358443587e-01
2.467299999999999827e+00,-7.115071803492261093e-01
2.467200000000000060e+00,-6.143490762934882277e-01
2.467099999999999849e+00,-5.281992362389172913e-01
2.466800000000000104e+00,-4.853948343423861167e-01
2.466699999999999893e+00,-4.957884611477523795e-01
2.466600000000000126e+00,-4.268825030965140988e-01
2.466400000000000148e+00,-3.863365751037182161e-01
2.466200000000000170e+00,-4.186785431735656204e-01
2.466099999999999959e+00,-3.211413680542308247e-01
2.465800000000000214e+00,-1.888952366185803200e-01
2.465700000000000003e+00,-1.216601696955909029e-01
2.465500000000000025e+00,-1.399034891623289478e-01
2.465199999999999836e+00,-1.080116162413676945e-01
2.465100000000000069e+00,-1.726214495739470667e-01
2.464999999999999858e+00,-3.070339427216914330e-01
2.464900000000000091e+00,-3.343342721679083973e-01
2.464799999999999880e+00,-1.318287591862890018e-01
2.464700000000000113e+00,-4.675770877269128101e-02
2.464500000000000135e+00,1.127872022917315864e-01
2.464399999999999924e+00,1.120711118421727076e-01
2.464300000000000157e+00,7.384521067021598828e-02
2.463999999999999968e+00,-3.245799795823563899e-02
2.463900000000000201e+00,-7.526652999066599237e-02
2.463699999999999779e+00,-1.196996716363143004e-01
2.463600000000000012e+00,-2.382600262221647447e-01
2.463499999999999801e+00,-3.149591081516925350e-01
2.463299999999999823e+00,-3.361886644227037868e-01
2.463000000000000078e+00,-3.939840143763048141e-01
2.462899999999999867e+00,-4.855281752292727737e-01
2.462499999999999911e+00,-3.890414225071270327e-01
2.462299999999999933e+00,-3.630599915305059433e-01
2.462200000000000166e+00,-3.420537380138116701e-01
2.462099999999999955e+00,-1.878012036644546856e-01
2.462000000000000188e+00,-1.763818766261672499e-01
2.461899999999999977e+00,-9.823407243812407041e-02
2.461699999999999999e+00,3.259056573226819936e-02
2.461599999999999788e+00,5.865485805265669567e-02
2.461300000000000043e+00,-8.199815007560971869e-03
2.461199999999999832e+00,-7.812295651218621739e-02
2.461100000000000065e+00,-1.290231400088688862e-01
2.460999999999999854e+00,-2.534288965549188477e-01
2.460799999999999876e+00,-3.990786283062817685e-01
2.460599999999999898e+00,-5.298409341209083800e-01
2.460300000000000153e+00,-5.525311869306351875e-01
2.460100000000000176e+00,-6.340038219519771312e-01
2.459999999999999964e+00,-6.412008089808247657e-01
2.459900000000000198e+00,-5.832933045513783998e-01
2.459700000000000220e+00,-4.706225513575936215e-01
2.459499999999999797e+00,-3.917432219138544114e-01
2.459000000000000075e+00,-3.051085588575081498e-01
2.458899999999999864e+00,-2.784007103780400394e-01
2.458800000000000097e+00,-3.148988525736046706e-01
2.458600000000000119e+00,-3.558917327124581087e-01
2.458400000000000141e+00,-3.476090286865484158e-01
2.458299999999999930e+00,-2.637225435692678310e-01
2.458099999999999952e+00,-2.536641300049423675e-01
2.458000000000000185e+00,-2.375981538692284734e-01
2.457800000000000207e+00,-1.846642275389956400e-01
2.457699999999999996e+00,-2.330683697160601808e-01
2.457599999999999785e+00,-2.181429202785696575e-01
2.457399999999999807e+00,-1.666184010595079534e-01
2.457199999999999829e+00,-8.921978603964632326e-02
2.457100000000000062e+00,-2.315094626481736251e-01
2.456799999999999873e+00,-2.677547439965599629e-01
2.456700000000000106e+00,-3.672238150565984571e-01
2.456500000000000128e+00,-5.122136341704661699e-01
2.456399999999999917e+00,-6.270172101496178652e-01
2.456199999999999939e+00,-5.934373337949808702e-01
2.456100000000000172e+00,-4.977060876550347679e-01
2.455799999999999983e+00,-4.066053318483057732e-01
2.455700000000000216e+00,-3.460928896061292726e-01
2.455400000000000027e+00,-2.695134712201851523e-01
2.455299999999999816e+00,-1.297203947779861921e-01
2.455000000000000071e+00,-1.490372466775259086e-01
2.454899999999999860e+00,-1.322587195132750304e-01
2.454800000000000093e+00,-1.074334603983276432e-01
2.454699999999999882e+00,-2.031939869282222560e-02
2.454600000000000115e+00,-8.404673849138430408e-02
2.454299999999999926e+00,-6.408131042973194691e-02
2.454000000000000181e+00,-2.196171003634355134e-01
2.453800000000000203e+00,-4.107907682931490334e-01
2.453599999999999781e+00,-5.409419260300187826e-01
2.453500000000000014e+00,-5.163176683652300758e-01
2.453300000000000036e+00,-5.988101539148009689e-01
2.453100000000000058e+00,-4.532921167451275934e-01
2.452999999999999847e+00,-2.622990529924053016e-01
2.452700000000000102e+00,-2.890018677867249863e-01
2.452599999999999891e+00,-4.053256684727985504e-01
2.452500000000000124e+00,-3.948923399214876451e-01
2.451999999999999957e+00,-5.069335600686730725e-01
2.451900000000000190e+00,-5.527771379592889556e-01
2.451799999999999979e+00,-5.175498890098128024e-01
2.451600000000000001e+00,-5.913302169728616997e-01
2.451400000000000023e+00,-6.230711045416723604e-01
2.451200000000000045e+00,-7.766007655162421308e-01
2.451000000000000068e+00,-8.789165289998027708e-01
2.450899999999999856e+00,-1.100777676724838283e+00
2.450800000000000090e+00,-1.011949247764773796e+00
2.450600000000000112e+00,-1.138027905428018904e+00
2.450499999999999901e+00,-1.048317506673578148e+00
2.450299999999999923e+00,-9.568219545838225759e-01
2.450000000000000178e+00,-7.707045050496172944e-01
2.449899999999999967e+00,-7.074551275466043343e-01
2.449800000000000200e+00,-5.353946920774341756e-01
2.449699999999999989e+00,-3.725485399398579256e-01
2.449600000000000222e+00,-3.551414172597204821e-01
2.449399999999999800e+00,-3.117904368726788222e-01
2.449300000000000033e+00,-4.009199824976488191e-01
2.448999999999999844e+00,-4.676255656551426831e-01
2.448799999999999866e+00,-6.140930846482021144e-01
2.448700000000000099e+00,-5.762026002140673286e-01
2.448399999999999910e+00,-4.778427851440028018e-01
2.448300000000000143e+00,-2.597816524459043430e-01
2.448199999999999932e+00,-1.987183753179551648e-01
2.447799999999999976e+00,-1.445840510750891483e-01
2.447700000000000209e+00,-8.205898894895861939e-02
2.447599999999999998e+00,-1.878762219268206857e-01
2.447499999999999787e+00,-2.196279171581003720e-01
2.447299999999999809e+00,-8.297236318182463211e-02
2.447200000000000042e+00,5.816842842474265890e-02
2.447000000000000064e+00,-8.544329838741475391e-02
2.446800000000000086e+00,-2.295842824457262343e-01
2.446499999999999897e+00,-5.213497892403483602e-01
2.446299999999999919e+00,-6.956949396644783734e-01
2.446099999999999941e+00,-9.772391822483869062e-01
2.446000000000000174e+00,-1.053344813177373052e+00
2.445699999999999985e+00,-1.013349113957642045e+00
2.445600000000000218e+00,-8.987786109591281436e-01
2.445500000000000007e+00,-8.811503127068019969e-01
2.445399999999999796e+00,-7.283706995684811059e-01
2.444900000000000073e+00,-5.313145697001270262e-01
2.444799999999999862e+00,-3.466757684979487331e-01
2.444700000000000095e+00,-2.017990861452427509e-01
2.444399999999999906e+00,-2.056143715127448368e-01
2.444300000000000139e+00,-3.175662210837433275e-01
2.444199999999999928e+00,-4.010473529586587316e-01
2.444100000000000161e+00,-4.775536325158985518e-01
2.443799999999999972e+00,-4.463714979963725460e-01
2.443700000000000205e+00,-3.813792704096107822e-01
2.443499999999999783e+00,-2.149859365338730455e-01
2.443400000000000016e+00,-2.492937184324752198e-01
2.443299999999999805e+00,-2.267056431737041744e-01
2.443200000000000038e+00,-4.968401055824344104e-01
2.443000000000000060e+00,-6.113800001802255357e-01
2.442699999999999871e+00,-8.283310944850412749e-01
2.442600000000000104e+00,-1.041170597625836969e+00
2.442499999999999893e+00,-1.275221356501422987e+00
2.442400000000000126e+00,-1.313546295165475941e+00
2.442200000000000149e+00,-1.366898291790359155e+00
2.441899999999999959e+00,-1.307367238250569663e+00
2.441800000000000193e+00,-1.098328068848950956e+00
2.441600000000000215e+00,-8.725103074688419502e-01
2.441399999999999793e+00,-6.324627376775964205e-01
2.441199999999999815e+00,-5.752611604347562801e-01
2.440999999999999837e+00,-5.566384489428307658e-01
2.440799999999999859e+00,-5.177265086678739525e-01
2.440500000000000114e+00,-4.996764969163831616e-01
2.440399999999999903e+00,-4.379476390328068680e-01
2.440300000000000136e+00,-3.415580348835236535e-01
2.440100000000000158e+00,-3.493192639917285236e-01
2.439999999999999947e+00,-4.712822195389841928e-01
2.439700000000000202e+00,-7.542258544272761878e-01
2.439599999999999991e+00,-1.069122240832881987e+00
2.439499999999999780e+00,-1.167731438826368429e+00
2.439200000000000035e+00,-1.087513654089529158e+00
2.439000000000000057e+00,-1.056192584705673676e+00
2.438800000000000079e+00,-8.867497192495931158e-01
2.438699999999999868e+00,-7.147547324706446936e-01
2.438499999999999890e+00,-6.340241120803826735e-01
2.438400000000000123e+00,-6.771084554586499493e-01
2.438299999999999912e+00,-6.078514636296975526e-01
2.438200000000000145e+00,-6.536040520775405760e-01
2.438000000000000167e+00,-7.463168832480115977e-01
2.437800000000000189e+00,-8.276241806481204888e-01
2.437699999999999978e+00,-7.217509467957522462e-01
2.437500000000000000e+00,-6.106707434954794511e-01
2.437300000000000022e+00,-5.390095734882777156e-01
2.437100000000000044e+00,-5.859179282967190705e-01
2.436900000000000066e+00,-5.314906550903628624e-01
2.436799999999999855e+00,-6.690124176161882374e-01
2.436700000000000088e+00,-8.553085052585492898e-01
2.436399999999999899e+00,-8.782128469857382047e-01
2.436199999999999921e+00,-6.385709070318330571e-01
2.435999999999999943e+00,-5.580277573077451203e-01
2.435799999999999965e+00,-4.477324601970169571e-01
2.435599999999999987e+00,-2.339059948392331056e-01
2.435500000000000220e+00,-6.425169047730681926e-02
2.435400000000000009e+00,-1.458993982892623498e-01
2.435299999999999798e+00,-1.837221166284437601e-01
2.435000000000000053e+00,-1.901399129825530332e-01
2.434899999999999842e+00,-3.101982244615129614e-01
2.434800000000000075e+00,-3.902696601493400586e-01
2.434600000000000097e+00,-2.960607567393039319e-01
2.434400000000000119e+00,-3.005535620572742928e-01
2.434200000000000141e+00,-5.099462527087105235e-01
2.434099999999999930e+00,-5.566333017117258697e-01
2.434000000000000163e+00,-6.470722794141726686e-01
2.433699999999999974e+00,-6.753982663279534115e-01
2.433499999999999996e+00,-7.163646634794542667e-01
2.433100000000000041e+00,-5.235730858354961104e-01
2.432700000000000085e+00,-4.931682562459450136e-01
2.432599999999999874e+00,-3.736181747486782556e-01
2.432399999999999896e+00,-3.966427652558369710e-01
2.432199999999999918e+00,-2.718957610171185424e-01
2.432100000000000151e+00,-1.250970321619876979e-01
2.431999999999999940e+00,-3.332684056954297869e-02
2.431900000000000173e+00,-7.867949293428530555e-02
2.431700000000000195e+00,-1.419414395619020830e-01
2.431400000000000006e+00,-3.614576408842145594e-01
2.431200000000000028e+00,-5.846272827109665338e-01
2.430899999999999839e+00,-6.461755434840690260e-01
2.430800000000000072e+00,-7.123826688203334090e-01
2.430699999999999861e+00,-6.859426591710425791e-01
2.430499999999999883e+00,-4.244264248039891774e-01
2.430299999999999905e+00,-2.448808845266665923e-01
2.430099999999999927e+00,-1.304691054775618253e-01
2.430000000000000160e+00,-4.785890181533725835e-02
2.429899999999999949e+00,5.862609201615943955e-02
2.429699999999999971e+00,-1.097123113589539151e-01
2.429600000000000204e+00,-3.798345077579354245e-01
2.429300000000000015e+00,-6.775887024879859721e-01
2.429199999999999804e+00,-8.165348531025909962e-01
2.428999999999999826e+00,-9.963531081792330601e-01
2.428799999999999848e+00,-1.092849101734932882e+00
2.428500000000000103e+00,-1.038666498413224559e+00
2.428399999999999892e+00,-8.738035829524738451e-01
2.428100000000000147e+00,-7.537854623303458235e-01
2.427999999999999936e+00,-8.552396494852092523e-01
2.427900000000000169e+00,-8.779051010210804362e-01
2.427700000000000191e+00,-8.180672846660759223e-01
2.427500000000000213e+00,-7.823163523841720757e-01
2.427299999999999791e+00,-7.712056937573228410e-01
2.426899999999999835e+00,-6.351673560073354263e-01
2.426800000000000068e+00,-5.527776307753112794e-01
2.426699999999999857e+00,-5.333126538682384510e-01
2.426499999999999879e+00,-4.700289808104267109e-01
2.426400000000000112e+00,-3.965318618482250312e-01
2.426200000000000134e+00,-3.161919178843591860e-01
2.426000000000000156e+00,-2.646170129471173138e-01
2.425899999999999945e+00,-2.237147299303295644e-01
2.425699999999999967e+00,-3.531138385209127706e-01
2.425600000000000200e+00,-3.870932091679275544e-01
2.425300000000000011e+00,-5.391672016888739982e-01
2.425199999999999800e+00,-6.245004763863470920e-01
2.425100000000000033e+00,-7.202537430999346180e-01
2.424799999999999844e+00,-7.670189298501772779e-01
2.424599999999999866e+00,-9.568091257030479913e-01
2.424500000000000099e+00,-8.977780980471121719e-01
2.424300000000000122e+00,-8.146872056259083505e-01
2.423999999999999932e+00,-8.443196663674227276e-01
2.423799999999999955e+00,-8.524237803563157190e-01
2.423700000000000188e+00,-8.727860297765271946e-01
2.423500000000000210e+00,-9.392345979323570848e-01
2.423399999999999999e+00,-1.014284579311987899e+00
2.423299999999999788e+00,-8.960816895944510030e-01
2.423200000000000021e+00,-8.171152599531494864e-01
2.422899999999999832e+00,-6.696867736959242201e-01
2.422800000000000065e+00,-6.026146523555910850e-01
2.422699999999999854e+00,-5.782448000119475573e-01
2.422400000000000109e+00,-5.882013298062587214e-01
2.422200000000000131e+00,-5.446735674039838715e-01
2.422099999999999920e+00,-4.515586370668067673e-01
2.421800000000000175e+00,-3.016669381114382431e-01
2.421600000000000197e+00,-2.302010274265239020e-01
2.421400000000000219e+00,-2.872622323254852006e-01
2.421100000000000030e+00,-3.267689557517449717e-01
2.420900000000000052e+00,-4.225677610039321741e-01
2.420700000000000074e+00,-6.052388483780440920e-01
2.420500000000000096e+00,-6.287533170383323711e-01
2.420300000000000118e+00,-7.979198906273802239e-01
2.420199999999999907e+00,-8.437392318038153816e-01
2.420100000000000140e+00,-8.318121162470722973e-01
2.419999999999999929e+00,-8.423071895499733008e-01
2.419700000000000184e+00,-9.488615703735249207e-01
2.419599999999999973e+00,-7.105598380692697003e-01
2.419399999999999995e+00,-6.601963776302778308e-01
2.419200000000000017e+00,-6.861738780572155250e-01
2.419000000000000039e+00,-4.801232158431131825e-01
2.418800000000000061e+00,-4.237760477796957970e-01
2.418600000000000083e+00,-5.393482965171132459e-01
2.418299999999999894e+00,-6.365421027192380565e-01
2.418200000000000127e+00,-6.496691975636185168e-01
2.418000000000000149e+00,-7.759993149840729298e-01
2.417699999999999960e+00,-8.027347242542045569e-01
2.417499999999999982e+00,-6.871941752452718211e-01
2.417300000000000004e+00,-5.569058718640687022e-01
2.417199999999999793e+00,-5.324308326078337483e-01
2.417100000000000026e+00,-4.723673591498691038e-01
2.416900000000000048e+00,-3.844479845876470625e-01
2.416700000000000070e+00,-3.836704662125035026e-01
2.416599999999999859e+00,-3.656666821925252941e-01
2.416399999999999881e+00,-4.259140847157148468e-01
2.416300000000000114e+00,-5.650743838237372030e-01
2.415999999999999925e+00,-7.388109795177822958e-01
2.415900000000000158e+00,-8.850091041023941951e-01
2.415799999999999947e+00,-9.884770399392045492e-01
2.415700000000000180e+00,-1.036144563172193944e+00
2.415399999999999991e+00,-9.467271594543278379e-01
2.415200000000000014e+00,-8.621327760796171358e-01
2.414899999999999824e+00,-8.909929278290775745e-01
2.414699999999999847e+00,-9.420523703522042380e-01
2.414499999999999869e+00,-7.886199232908733814e-01
2.414299999999999891e+00,-7.914090731640007759e-01
2.414200000000000124e+00,-6.604044866806608738e-01
2.414099999999999913e+00,-5.895284882040038310e-01
2.413899999999999935e+00,-4.219745390442435906e-01
2.413800000000000168e+00,-4.833243931864905085e-01
2.413499999999999979e+00,-4.778907866712176489e-01
2.413400000000000212e+00,-5.323196537932156636e-01
2.413100000000000023e+00,-4.773986502848784341e-01
2.412900000000000045e+00,-5.838438338793845439e-01
2.412599999999999856e+00,-6.241304359678231384e-01
2.412500000000000089e+00,-6.839556747881108123e-01
2.412399999999999878e+00,-6.910049909439071048e-01
2.412100000000000133e+00,-6.441157412640733382e-01
2.411900000000000155e+00,-5.176614698208965581e-01
2.411700000000000177e+00,-4.014615118564778262e-01
2.411500000000000199e+00,-3.303455377984265695e-01
2.411399999999999988e+00,-2.398151688506443835e-01
2.411300000000000221e+00,-2.573341563305401869e-01
2.411000000000000032e+00,-3.418583707515305825e-01
2.410899999999999821e+00,-2.513406191715153448e-01
2.410800000000000054e+00,-2.315036795502972145e-01
2.410499999999999865e+00,-2.853681254862995287e-01
2.410400000000000098e+00,-3.891832043660582996e-01
2.410200000000000120e+00,-4.233926238920993068e-01
2.410099999999999909e+00,-5.758564339369137697e-01
2.410000000000000142e+00,-6.883752409057777299e-01
2.409899999999999931e+00,-7.161124911927996273e-01
2.409800000000000164e+00,-5.807920244582567282e-01
2.409600000000000186e+00,-5.165592315253385580e-01
2.409499999999999975e+00,-5.146099537129723567e-01
2.409400000000000208e+00,-5.875803682140346984e-01
2.408999999999999808e+00,-7.294362935240938928e-01
2.408900000000000041e+00,-8.726000387990900942e-01
2.408500000000000085e+00,-9.388406995574413161e-01
2.408300000000000107e+00,-9.648293578752662469e-01
2.408100000000000129e+00,-9.448044393128590679e-01
2.407900000000000151e+00,-9.834120823580365656e-01
2.407599999999999962e+00,-1.027967074538937098e+00
2.407399999999999984e+00,-1.072243366005663834e+00
2.407200000000000006e+00,-1.032413438276404083e+00
2.407000000000000028e+00,-9.487663163057145077e-01
2.406800000000000050e+00,-8.558304886841037185e-01
2.406499999999999861e+00,-7.251509280566982296e-01
2.406400000000000095e+00,-7.915393307380592658e-01
2.406299999999999883e+00,-8.546849360490608172e-01
2.406000000000000139e+00,-9.253770061991121176e-01
2.405800000000000161e+00,-8.943387951282182335e-01
2.405699999999999950e+00,-8.667546768732162787e-01
2.405600000000000183e+00,-6.560528428197105466e-01
2.405400000000000205e+00,-5.119545243490591924e-01
2.405299999999999994e+00,-4.321161977429051615e-01
2.405199999999999783e+00,-3.885512854638704106e-01
2.405100000000000016e+00,-4.277664008877756774e-01
2.404799999999999827e+00,-4.586089596835506432e-01
2.404700000000000060e+00,-5.106764960066417780e-01
2.404300000000000104e+00,-6.092239676553680150e-01
2.404100000000000126e+00,-6.292219064542651230e-01
2.403999999999999915e+00,-7.153910695426035637e-01
2.403700000000000170e+00,-7.294890889525222910e-01
2.403500000000000192e+00,-7.307686455072619491e-01
2.403300000000000214e+00,-6.656708848543514412e-01
2.403099999999999792e+00,-6.834705429375077523e-01
2.403000000000000025e+00,-5.954654004207068363e-01
2.402699999999999836e+00,-5.000018865393071055e-01
2.402600000000000069e+00,-4.569038212814350297e-01
2.402400000000000091e+00,-3.096995773041802402e-01
2.402099999999999902e+00,-2.720912263570913758e-01
2.402000000000000135e+00,-2.330091783559525842e-01
2.401699999999999946e+00,-4.045764705470043521e-01
2.401499999999999968e+00,-5.483322074637669852e-01
2.401299999999999990e+00,-7.422699095759478505e-01
2.401199999999999779e+00,-7.980745127757031820e-01
2.400900000000000034e+00,-8.784439616056800570e-01
2.400700000000000056e+00,-8.202775132710483641e-01
2.400500000000000078e+00,-8.230826766629073532e-01
2.400300000000000100e+00,-8.318580856787796129e-01
2.400199999999999889e+00,-8.393466425767396322e-01
2.399999999999999911e+00,-8.514273686336358837e-01
2.399799999999999933e+00,-8.856048769172695234e-01
2.399700000000000166e+00,-9.052707051455336495e-01
2.399599999999999955e+00,-8.479387874006216741e-01
2.399300000000000210e+00,-8.363826842923589577e-01
2.399199999999999999e+00,-8.123722520121060553e-01
2.399099999999999788e+00,-7.381330040951999960e-01
2.399000000000000021e+00,-6.014802781573701518e-01
2.398800000000000043e+00,-5.966753117467652467e-01
2.398600000000000065e+00,-4.648996229949554637e-01
2.398400000000000087e+00,-3.727062705762094197e-01
2.398099999999999898e+00,-4.442297301507792118e-01
2.397800000000000153e+00,-5.406735046599702166e-01
2.397600000000000176e+00,-4.948967635567610990e-01
2.397400000000000198e+00,-5.883447954337182040e-01
2.397100000000000009e+00,-6.893476761477348447e-01
2.396900000000000031e+00,-6.016246464069300304e-01
2.396799999999999820e+00,-7.099165685059503073e-01
2.396700000000000053e+00,-7.880666184300211263e-01
2.396599999999999842e+00,-8.194824325849330293e-01
2.396500000000000075e+00,-8.285619928191916284e-01
2.396199999999999886e+00,-8.463106834582806437e-01
2.395999999999999908e+00,-6.907399446977497970e-01
2.395700000000000163e+00,-5.463747528342519644e-01
2.395599999999999952e+00,-5.576200438039101703e-01
2.395300000000000207e+00,-6.220597901801863117e-01
2.395000000000000018e+00,-8.078917162688321607e-01
2.394899999999999807e+00,-7.972595435138968289e-01
2.394499999999999851e+00,-8.366196023838670115e-01
2.394299999999999873e+00,-7.807499427140481840e-01
2.394200000000000106e+00,-6.769999431017591496e-01
2.394000000000000128e+00,-4.822324840590697104e-01
2.393800000000000150e+00,-6.122114320832819923e-01
2.393499999999999961e+00,-6.368275738330605451e-01
2.393299999999999983e+00,-7.046420648997541170e-01
2.393100000000000005e+00,-7.811287385114071835e-01
2.392999999999999794e+00,-8.474823650693290578e-01
2.392700000000000049e+00,-7.037837803329332065e-01
2.392500000000000071e+00,-6.319055548753820251e-01
2.392399999999999860e+00,-5.618316235845091100e-01
2.392300000000000093e+00,-5.453412543135471857e-01
2.392199999999999882e+00,-5.627864046871874359e-01
2.391900000000000137e+00,-7.234294055693309966e-01
2.391599999999999948e+00,-9.123076260962158512e-01
2.391099999999999781e+00,-1.137652432662370705e+00
2.390899999999999803e+00,-1.181612445471527995e+00
2.390699999999999825e+00,-1.149194609769118136e+00
2.390400000000000080e+00,-9.939711373483425261e-01
2.390299999999999869e+00,-8.716184590181179637e-01
2.390200000000000102e+00,-7.915681215176634256e-01
2.389899999999999913e+00,-8.423321794715725730e-01
2.389800000000000146e+00,-9.531361193532671416e-01
2.389499999999999957e+00,-1.104681254093372811e+00
2.389299999999999979e+00,-1.175921154764614229e+00
2.389100000000000001e+00,-1.043375400059786573e+00
2.388900000000000023e+00,-9.073766142551290548e-01
2.388799999999999812e+00,-8.998710595844484628e-01
2.388700000000000045e+00,-8.487896836914445853e-01
2.388500000000000068e+00,-8.276219603996910479e-01
2.388300000000000090e+00,-8.496632174272416016e-01
2.388100000000000112e+00,-8.667603134253093478e-01
2.387700000000000156e+00,-7.001905998788373608e-01
2.387599999999999945e+00,-5.861039212646037555e-01
2.387399999999999967e+00,-5.310312404892703064e-01
2.387100000000000222e+00,-4.084749331492287250e-01
2.386800000000000033e+00,-2.756661873088046555e-01
2.386600000000000055e+00,-3.843208855242464250e-01
2.386400000000000077e+00,-3.962641155916876157e-01
2.386000000000000121e+00,-5.078348073099536730e-01
2.385899999999999910e+00,-6.466970992302212284e-01
2.385699999999999932e+00,-7.224780547323769175e-01
2.385600000000000165e+00,-6.969646908600979351e-01
2.385499999999999954e+00,-8.862700444705468028e-01
2.385299999999999976e+00,-9.297958917313561278e-01
2.384900000000000020e+00,-8.499341233160657705e-01
2.384799999999999809e+00,-8.993811391078827544e-01
2.384599999999999831e+00,-9.504301362047232749e-01
2.384100000000000108e+00,-9.029723573899909317e-01
2.383900000000000130e+00,-8.244156221717032773e-01
2.383700000000000152e+00,-9.308825329766914347e-01
2.383599999999999941e+00,-8.745202423765963129e-01
2.383399999999999963e+00,-8.021089292444948393e-01
2.383100000000000218e+00,-6.268922213837918589e-01
2.382800000000000029e+00,-6.475206386427883043e-01
2.382400000000000073e+00,-6.522960306984231238e-01
2.382299999999999862e+00,-7.414218038331431559e-01
2.382099999999999884e+00,-7.523280538383140259e-01
2.381899999999999906e+00,-8.186449187838704677e-01
2.381800000000000139e+00,-7.635186733718611896e-01
2.381600000000000161e+00,-6.974696799253234936e-01
2.381400000000000183e+00,-5.778905527949704801e-01
2.381299999999999972e+00,-5.887218226831043566e-01
2.381099999999999994e+00,-6.554297580450840766e-01
2.380799999999999805e+00,-6.785256582022419769e-01
2.380599999999999827e+00,-6.421249565836690820e-01
2.380199999999999871e+00,-7.702558079548341707e-01
2.380100000000000104e+00,-7.313257229251551861e-01
2.379999999999999893e+00,-7.368583150866355735e-01
2.379700000000000149e+00,-7.811325950176674082e-01
2.379599999999999937e+00,-8.553079612092039374e-01
2.379300000000000193e+00,-7.464064038392986822e-01
2.379100000000000215e+00,-7.365399554574211249e-01
2.379000000000000004e+00,-7.338775221744746613e-01
2.378800000000000026e+00,-7.533886659559855259e-01
2.378600000000000048e+00,-7.787972764639397028e-01
2.378400000000000070e+00,-9.237315933339866891e-01
2.378099999999999881e+00,-1.067416795597787127e+00
2.378000000000000114e+00,-1.137892389194688381e+00
2.377899999999999903e+00,-1.184998259001028620e+00
2.377499999999999947e+00,-1.112044077028004896e+00
2.377299999999999969e+00,-1.050689920006394384e+00
2.377200000000000202e+00,-1.055455655351415833e+00
2.376999999999999780e+00,-9.223680596716181679e-01
2.376799999999999802e+00,-7.666047446204526938e-01
2.376700000000000035e+00,-8.426827215876793176e-01
2.376500000000000057e+00,-7.636583869846321759e-01
2.376399999999999846e+00,-7.471707836272274417e-01
2.376199999999999868e+00,-8.488865640094571674e-01
2.376100000000000101e+00,-8.028392324151145676e-01
2.375999999999999890e+00,-8.522338666703230814e-01
2.375500000000000167e+00,-8.390064797490770498e-01
2.375399999999999956e+00,-8.016820412342327007e-01
2.375300000000000189e+00,-8.201360721747478211e-01
2.375100000000000211e+00,-1.023937071782006436e+00
2.374699999999999811e+00,-9.866517051354897205e-01
2.374499999999999833e+00,-1.114897336728162713e+00
2.374400000000000066e+00,-1.089701090958537844e+00
2.374099999999999877e+00,-9.394873252265532049e-01
2.373899999999999899e+00,-7.234492891551070892e-01
2.373800000000000132e+00,-6.499463044321897032e-01
2.373699999999999921e+00,-6.588175580862949410e-01
2.373499999999999943e+00,-7.122113770671560928e-01
2.373299999999999965e+00,-8.206239277412478161e-01
2.373200000000000198e+00,-9.384004596237581763e-01
2.372799999999999798e+00,-1.022407003221856181e+00
2.372599999999999820e+00,-1.019338385723281171e+00
2.372500000000000053e+00,-1.033840046878748531e+00
2.372300000000000075e+00,-1.058625904910449167e+00
2.372100000000000097e+00,-1.010739225899993210e+00
2.371900000000000119e+00,-9.977256468520282473e-01
2.371599999999999930e+00,-9.010667193503838490e-01
2.371500000000000163e+00,-7.622491915186719869e-01
2.371300000000000185e+00,-8.010583296481390558e-01
2.370999999999999996e+00,-9.413433053904323167e-01
2.370800000000000018e+00,-8.765574387489121211e-01
2.370600000000000041e+00,-8.233460971803462369e-01
2.370299999999999851e+00,-8.046604106305178528e-01
2.370099999999999874e+00,-6.356427291379432853e-01
2.370000000000000107e+00,-4.963172512380785717e-01
2.369800000000000129e+00,-5.696013659372243243e-01
2.369600000000000151e+00,-7.128346528522538916e-01
2.369400000000000173e+00,-9.081802367888296423e-01
2.369099999999999984e+00,-9.848632631658839065e-01
2.368900000000000006e+00,-1.003743994073841961e+00
2.368500000000000050e+00,-9.667499193256358092e-01
2.368199999999999861e+00,-9.561085787119192325e-01
2.367999999999999883e+00,-9.025181417799191808e-01
2.367900000000000116e+00,-8.307250272859140194e-01
2.367500000000000160e+00,-7.734026068196773185e-01
2.367300000000000182e+00,-7.443907834739533769e-01
2.367100000000000204e+00,-7.292963885786006850e-01
2.366800000000000015e+00,-7.177183037013028510e-01
2.366499999999999826e+00,-8.409855103745992322e-01
2.366299999999999848e+00,-9.811569959842710853e-01
2.366000000000000103e+00,-1.122342307209346579e+00
2.365899999999999892e+00,-1.205873968071827118e+00
2.365499999999999936e+00,-1.277931975583179725e+00
2.365299999999999958e+00,-1.290625296895171692e+00
2.364799999999999791e+00,-1.255767041349123314e+00
2.364500000000000046e+00,-1.029962861780614469e+00
2.364399999999999835e+00,-9.332731930763310535e-01
2.364300000000000068e+00,-7.264645201911223982e-01
2.363799999999999901e+00,-6.719158394278939017e-01
2.363700000000000134e+00,-6.212931637623875236e-01
2.363500000000000156e+00,-6.896824779984920273e-01
2.363199999999999967e+00,-6.678123838148656288e-01
2.363100000000000200e+00,-8.423173329728285141e-01
2.362899999999999778e+00,-8.610773237512775458e-01
2.362800000000000011e+00,-8.485352521342242049e-01
2.362499999999999822e+00,-8.425561726993837652e-01
2.362099999999999866e+00,-8.139531989339795492e-01
2.362000000000000099e+00,-7.220902555481190088e-01
2.361800000000000122e+00,-7.755967701888502042e-01
2.361699999999999910e+00,-9.898266460287713508e-01
2.361400000000000166e+00,-1.098432704547194660e+00
2.361299999999999955e+00,-1.124431658367560427e+00
2.361099999999999977e+00,-1.028706485451773345e+00
2.360799999999999788e+00,-7.840760633652000822e-01
2.360300000000000065e+00,-5.894929261600692083e-01
2.360100000000000087e+00,-6.109093017244749957e-01
2.359799999999999898e+00,-5.853649012840453913e-01
2.359599999999999920e+00,-5.852310252923292877e-01
2.359399999999999942e+00,-7.900430252891915694e-01
2.359300000000000175e+00,-7.927554457757418627e-01
2.359100000000000197e+00,-7.057969323748420898e-01
2.358900000000000219e+00,-8.120957301914304427e-01
2.358600000000000030e+00,-8.774108148662183027e-01
2.358299999999999841e+00,-7.838768561323552486e-01
2.358000000000000096e+00,-7.812515843211471633e-01
2.357800000000000118e+00,-6.493528386348688120e-01
2.357699999999999907e+00,-5.730225996860432991e-01
2.357299999999999951e+00,-5.911916295660984977e-01
2.357200000000000184e+00,-5.454089431943496269e-01
2.357099999999999973e+00,-5.618301504580271999e-01
2.356799999999999784e+00,-7.093173535828966036e-01
2.356700000000000017e+00,-7.860288219135348475e-01
2.356399999999999828e+00,-8.832710552441127572e-01
2.356300000000000061e+00,-9.945655213461358501e-01
2.356199999999999850e+00,-9.066777927734317455e-01
2.355900000000000105e+00,-7.157267921952328305e-01
2.355700000000000127e+00,-5.716071121779526809e-01
2.355500000000000149e+00,-5.111389134341768337e-01
2.355399999999999938e+00,-4.432300068664234427e-01
2.355199999999999960e+00,-5.273112776873513097e-01
2.354800000000000004e+00,-6.828088893565988915e-01
2.354699999999999793e+00,-8.466663085847195847e-01
2.354400000000000048e+00,-8.971987222840086540e-01
2.354200000000000070e+00,-9.865497486867027543e-01
2.354000000000000092e+00,-9.421760913370242907e-01
2.353800000000000114e+00,-9.050462948009471154e-01
2.353400000000000158e+00,-7.269792687179984503e-01
2.353200000000000180e+00,-5.928750204780772748e-01
2.352899999999999991e+00,-5.649992284195715087e-01
2.352799999999999780e+00,-6.305619038612410021e-01
2.352700000000000014e+00,-7.733422388690043281e-01
2.352300000000000058e+00,-9.553155558908454914e-01
2.352199999999999847e+00,-9.350463230993304453e-01
2.351900000000000102e+00,-9.055078103049202243e-01
2.351399999999999935e+00,-8.923924502917193191e-01
2.351300000000000168e+00,-7.803463422617619161e-01
2.351199999999999957e+00,-6.819835442572856898e-01
2.350800000000000001e+00,-6.453979453544845812e-01
2.350600000000000023e+00,-6.682658751390110341e-01
2.350499999999999812e+00,-6.012249896451826725e-01
2.350400000000000045e+00,-6.945325457168027850e-01
2.350200000000000067e+00,-6.823039389129877952e-01
2.349800000000000111e+00,-6.839713000758238515e-01
2.349699999999999900e+00,-6.103045253294006045e-01
2.349499999999999922e+00,-5.433099390925177907e-01
2.349299999999999944e+00,-4.023118266391865760e-01
2.349200000000000177e+00,-3.343942652451331599e-01
2.348899999999999988e+00,-4.847288966728334203e-01
2.348599999999999799e+00,-6.931593800449907805e-01
2.348399999999999821e+00,-9.160495315425377649e-01
2.348300000000000054e+00,-9.801512698655313605e-01
2.347999999999999865e+00,-1.068071068801232260e+00
2.347700000000000120e+00,-1.095473536352198352e+00
2.347599999999999909e+00,-9.274369907148055647e-01
2.347500000000000142e+00,-8.256456166785309803e-01
2.347300000000000164e+00,-8.582549030916770683e-01
2.347100000000000186e+00,-9.178305228744499944e-01
2.346799999999999997e+00,-9.781729559906435778e-01
2.346699999999999786e+00,-1.089881116412040551e+00
2.346200000000000063e+00,-1.181109427945900459e+00
2.346000000000000085e+00,-1.207295695713518580e+00
2.345800000000000107e+00,-1.275226404550324766e+00
2.345600000000000129e+00,-1.237852288825218361e+00
2.345400000000000151e+00,-1.124663653133302521e+00
2.345000000000000195e+00,-1.053851599773832914e+00
2.344599999999999795e+00,-9.541640742447705659e-01
2.344500000000000028e+00,-7.594492223944420140e-01
2.344300000000000050e+00,-5.381269716794000457e-01
2.343999999999999861e+00,-4.183291715547342582e-01
2.343799999999999883e+00,-3.471373687910679906e-01
2.343700000000000117e+00,-3.139292153880695047e-01
2.343500000000000139e+00,-2.430383493029833475e-01
2.343300000000000161e+00,-3.093630342913301634e-01
2.343100000000000183e+00,-3.931867355260257324e-01
2.342999999999999972e+00,-5.079688627387946021e-01
2.342699999999999783e+00,-6.214742067310596862e-01
2.342499999999999805e+00,-7.764907877022033666e-01
2.341899999999999871e+00,-7.666084982930337910e-01
2.341800000000000104e+00,-8.193197490836446883e-01
2.341600000000000126e+00,-7.082438465550942031e-01
2.341200000000000170e+00,-6.619194664975006637e-01
2.341099999999999959e+00,-6.450566163525989216e-01
2.341000000000000192e+00,-7.960844352801997870e-01
2.340899999999999981e+00,-9.676220841883277357e-01
2.340800000000000214e+00,-1.217263385628348349e+00
2.340300000000000047e+00,-1.451794306834806925e+00
2.339900000000000091e+00,-1.576007319773354398e+00
2.339700000000000113e+00,-1.572535651752377861e+00
2.339100000000000179e+00,-1.444664949004602406e+00
2.338900000000000201e+00,-1.329542654499287657e+00
2.338799999999999990e+00,-1.102581141112380481e+00
2.338600000000000012e+00,-1.041243951989713423e+00
2.338499999999999801e+00,-9.411497474094524529e-01
2.338299999999999823e+00,-7.792860218590672572e-01
2.338200000000000056e+00,-7.695960514573704225e-01
2.338099999999999845e+00,-8.090016420955401522e-01
2.338000000000000078e+00,-8.335474036023742261e-01
2.337699999999999889e+00,-9.462107452704384691e-01
2.337400000000000144e+00,-1.111220764421459783e+00
2.337200000000000166e+00,-1.080537292513037650e+00
2.337000000000000188e+00,-1.094365925304197740e+00
2.336699999999999999e+00,-1.044245938349661174e+00
2.336500000000000021e+00,-9.267669968446474726e-01
2.336300000000000043e+00,-9.075392097371640654e-01
2.336100000000000065e+00,-8.694055301386102164e-01
2.335900000000000087e+00,-8.228128483085163092e-01
2.335700000000000109e+00,-8.010661874535349725e-01
2.335300000000000153e+00,-9.023750246792658913e-01
2.335199999999999942e+00,-8.542353798763127060e-01
2.335100000000000176e+00,-9.079855120955153680e-01
2.334999999999999964e+00,-1.028941772901245111e+00
2.334799999999999986e+00,-1.056678857006745131e+00
2.334499999999999797e+00,-1.083161881611401034e+00
2.334400000000000031e+00,-1.166371754830804797e+00
2.333899999999999864e+00,-1.202207468184931960e+00
2.333699999999999886e+00,-1.216179143904289051e+00
2.333499999999999908e+00,-1.297180285934635524e+00
2.333299999999999930e+00,-1.228119792823917367e+00
2.333000000000000185e+00,-1.095752853306000585e+00
2.332899999999999974e+00,-9.821468934273839269e-01
2.332800000000000207e+00,-8.315417237326692135e-01
2.332699999999999996e+00,-6.465043516354699316e-01
2.332399999999999807e+00,-5.604037703857770447e-01
2.332199999999999829e+00,-6.944853952903229377e-01
2.331999999999999851e+00,-6.920467132285647027e-01
2.331599999999999895e+00,-7.317686911646054115e-01
2.331300000000000150e+00,-7.685536765596016062e-01
2.331199999999999939e+00,-7.538630816522617906e-01
2.330799999999999983e+00,-5.913786458633731868e-01
2.330700000000000216e+00,-6.304981934967917034e-01
2.330499999999999794e+00,-7.181961915594080592e-01
2.330400000000000027e+00,-7.336014011086535724e-01
2.330000000000000071e+00,-8.258287175545546699e-01
2.329800000000000093e+00,-9.901439738253630107e-01
2.329499999999999904e+00,-9.551468088102484932e-01
2.329200000000000159e+00,-7.580864643806812797e-01
2.329099999999999948e+00,-8.627200739893572390e-01
2.328899999999999970e+00,-9.071849805537997025e-01
2.328699999999999992e+00,-8.054225363695981521e-01
2.328500000000000014e+00,-8.987612444580004301e-01
2.328199999999999825e+00,-1.048853472359958960e+00
2.328100000000000058e+00,-9.819752890201892681e-01
2.327900000000000080e+00,-1.006064225665508127e+00
2.327500000000000124e+00,-1.015401354850422599e+00
2.327300000000000146e+00,-8.456523802436929360e-01
2.326900000000000190e+00,-8.011526731568561210e-01
2.326700000000000212e+00,-8.108974979826286678e-01
2.326600000000000001e+00,-7.945332976392119884e-01
2.326299999999999812e+00,-9.298999816373214600e-01
2.326099999999999834e+00,-9.878616511301875347e-01
2.326000000000000068e+00,-9.999035947986025796e-01
2.325699999999999878e+00,-1.044126568905644259e+00
2.325499999999999901e+00,-1.013732731464499937e+00
2.325400000000000134e+00,-9.253423827279041447e-01
2.325200000000000156e+00,-9.754134716978383191e-01
2.325099999999999945e+00,-9.322004158466254964e-01
2.324899999999999967e+00,-8.662603261464126847e-01
2.324500000000000011e+00,-7.579589151840080419e-01
2.324399999999999800e+00,-6.978795112904354614e-01
2.324199999999999822e+00,-6.586793045319609963e-01
2.323799999999999866e+00,-7.641752056561714745e-01
2.323500000000000121e+00,-8.203499746742629606e-01
2.323100000000000165e+00,-8.927739141881795293e-01
2.322999999999999954e+00,-8.498406093614649937e-01
2.322599999999999998e+00,-8.325875689454975692e-01
2.322400000000000020e+00,-6.964901152408179419e-01
2.322299999999999809e+00,-7.543464631921265040e-01
2.322200000000000042e+00,-7.909135830098945608e-01
2.322000000000000064e+00,-8.763086794776920874e-01
2.321699999999999875e+00,-9.181266556862986983e-01
2.321499999999999897e+00,-8.876965841813493352e-01
2.321200000000000152e+00,-7.404698769983633078e-01
2.321099999999999941e+00,-7.861547346944137704e-01
2.321000000000000174e+00,-7.967339983544139415e-01
2.320699999999999985e+00,-9.111594566057861222e-01
2.320600000000000218e+00,-1.067988707825363148e+00
2.320500000000000007e+00,-1.215904349290905628e+00
2.320399999999999796e+00,-1.234567492503380715e+00
2.319999999999999840e+00,-1.312300826697230471e+00
2.319799999999999862e+00,-1.356970331200819224e+00
2.319399999999999906e+00,-1.405714249628365442e+00
2.319300000000000139e+00,-1.396293839435354567e+00
2.318999999999999950e+00,-1.349124924472193454e+00
2.318599999999999994e+00,-1.306911869215672706e+00
2.318499999999999783e+00,-1.207344765012923649e+00
2.318400000000000016e+00,-1.143211020795988020e+00
2.318099999999999827e+00,-1.077615295250796468e+00
2.318000000000000060e+00,-1.076802597833135478e+00
2.317800000000000082e+00,-1.063092483131970134e+00
2.317600000000000104e+00,-1.087229699338817968e+00
2.317400000000000126e+00,-9.980735037568021495e-01
2.316899999999999959e+00,-8.737766619077574903e-01
2.316699999999999982e+00,-8.695176617178924650e-01
2.316399999999999793e+00,-8.801329009854204077e-01
2.316199999999999815e+00,-8.412454817387226003e-01
2.315700000000000092e+00,-8.481683419786154587e-01
2.315300000000000136e+00,-9.622940838260699570e-01
2.315100000000000158e+00,-1.005892568220253525e+00
2.314999999999999947e+00,-1.067452960870143963e+00
2.314900000000000180e+00,-1.198179394049335489e+00
2.314700000000000202e+00,-1.228524079831625482e+00
2.314400000000000013e+00,-1.286591670874477566e+00
2.314099999999999824e+00,-1.364068097835964499e+00
2.313800000000000079e+00,-1.319709364283432107e+00
2.313600000000000101e+00,-1.221240502295144914e+00
2.313000000000000167e+00,-1.249477295872953420e+00
2.312800000000000189e+00,-1.071286707393648285e+00
2.312699999999999978e+00,-9.353936625541673378e-01
2.312199999999999811e+00,-9.187534935830264926e-01
2.311999999999999833e+00,-8.847000369966405708e-01
2.311799999999999855e+00,-7.584870974398049137e-01
2.311399999999999899e+00,-8.145754551541241062e-01
2.311199999999999921e+00,-8.192348633221171461e-01
2.310999999999999943e+00,-7.273295977596599959e-01
2.310599999999999987e+00,-6.962740016433835999e-01
2.310400000000000009e+00,-8.378407135150103269e-01
2.310099999999999820e+00,-9.058909881137257036e-01
2.309800000000000075e+00,-8.046405468514586934e-01
2.309600000000000097e+00,-7.880285947350211817e-01
2.309400000000000119e+00,-8.019604537717190951e-01
2.309299999999999908e+00,-7.604162696175920111e-01
2.308800000000000185e+00,-6.392437140942224261e-01
2.308699999999999974e+00,-6.447746907822620166e-01
2.308499999999999996e+00,-6.406265716338636063e-01
2.308399999999999785e+00,-5.671535560906881823e-01
2.308300000000000018e+00,-6.432575520055883178e-01
2.307799999999999851e+00,-7.505767803829034301e-01
2.307700000000000085e+00,-9.346126555860591045e-01
2.307399999999999896e+00,-9.687990039567404565e-01
2.307300000000000129e+00,-1.102262674885657434e+00
2.307100000000000151e+00,-9.512600715720285205e-01
2.306799999999999962e+00,-7.561079820899221371e-01
2.306500000000000217e+00,-6.215656243741333187e-01
2.306200000000000028e+00,-6.186772057615794740e-01
2.305899999999999839e+00,-5.164198637485489796e-01
2.305600000000000094e+00,-4.920321294923750144e-01
2.305400000000000116e+00,-6.762754423142794957e-01
2.305000000000000160e+00,-8.505009830010039629e-01
2.304800000000000182e+00,-9.549880789650605495e-01
2.304399999999999782e+00,-1.049696536256656376e+00
2.304300000000000015e+00,-1.250336064606890618e+00
2.304100000000000037e+00,-1.291885061138961621e+00
2.303900000000000059e+00,-1.196114471312802907e+00
2.303700000000000081e+00,-1.201868180644005024e+00
2.303500000000000103e+00,-1.014189622595123463e+00
2.303300000000000125e+00,-7.577603638845610279e-01
2.303100000000000147e+00,-5.824704500488435688e-01
2.302799999999999958e+00,-4.601941129551631593e-01
2.302599999999999980e+00,-2.869878479064453813e-01
2.302200000000000024e+00,-3.149470862257551240e-01
2.302000000000000046e+00,-3.853431292246550788e-01
2.301800000000000068e+00,-6.260923750826818956e-01
2.301499999999999879e+00,-8.286809683742678567e-01
2.301299999999999901e+00,-1.087403378087145711e+00
2.301000000000000156e+00,-1.337911658114993685e+00
2.300899999999999945e+00,-1.508337408891672560e+00
2.300699999999999967e+00,-1.367692531808323286e+00
2.300399999999999778e+00,-1.196859324045594031e+00
2.300199999999999800e+00,-1.075527053350042950e+00
2.300100000000000033e+00,-7.934874822057396138e-01
2.299900000000000055e+00,-6.460028597431166641e-01
2.298900000000000166e+00,-6.431698763320441437e-01
2.298799999999999955e+00,-7.095354942133341725e-01
2.298399999999999999e+00,-7.462113292855919733e-01
2.298099999999999810e+00,-9.748245632647257741e-01
2.298000000000000043e+00,-1.081858970920883234e+00
2.297800000000000065e+00,-1.189747463578912923e+00
2.297699999999999854e+00,-1.285101486246924996e+00
2.297400000000000109e+00,-1.334456648616373586e+00
2.297299999999999898e+00,-1.253160904487737870e+00
2.297099999999999920e+00,-1.269020309545044967e+00
2.296800000000000175e+00,-1.217561153516004246e+00
2.296400000000000219e+00,-1.221903509189617543e+00
2.296199999999999797e+00,-1.243568645961819152e+00
2.295999999999999819e+00,-1.281752110435657732e+00
2.295599999999999863e+00,-1.338355499247278368e+00
2.295300000000000118e+00,-1.438431297331611125e+00
2.295100000000000140e+00,-1.275239273213039759e+00
2.294999999999999929e+00,-1.209687702954289401e+00
2.294700000000000184e+00,-1.181951100437256263e+00
2.294500000000000206e+00,-9.964332733752856441e-01
2.294099999999999806e+00,-8.516400700267664492e-01
2.293899999999999828e+00,-8.673631302379656294e-01
2.293600000000000083e+00,-7.292706231453762733e-01
2.293400000000000105e+00,-7.794480180853443629e-01
2.293200000000000127e+00,-1.003492144890163917e+00
2.293000000000000149e+00,-1.037784393416868456e+00
2.292800000000000171e+00,-1.221448072968069232e+00
2.292699999999999960e+00,-1.391498471251355395e+00
2.292600000000000193e+00,-1.496764583715469499e+00
2.292499999999999982e+00,-1.473671510275019303e+00
2.292100000000000026e+00,-1.527015290539203374e+00
2.291900000000000048e+00,-1.417739809552124308e+00
2.291700000000000070e+00,-1.328598251354538240e+00
2.291300000000000114e+00,-1.195206843422110587e+00
2.291199999999999903e+00,-1.197725914606120101e+00
2.290999999999999925e+00,-1.255966804531421399e+00
2.290799999999999947e+00,-1.279319414919481535e+00
2.290700000000000180e+00,-1.361179828170289818e+00
2.290500000000000203e+00,-1.294327011250925086e+00
2.290099999999999802e+00,-1.151989817157993201e+00
2.289899999999999824e+00,-9.851600190186742267e-01
2.289699999999999847e+00,-9.925266537366520536e-01
2.289400000000000102e+00,-8.350821126378720205e-01
2.289200000000000124e+00,-8.588901053267414820e-01
2.288899999999999935e+00,-8.467348928190358004e-01
2.288800000000000168e+00,-8.037425911975107917e-01
2.288699999999999957e+00,-7.242157478379828150e-01
2.288600000000000190e+00,-8.011297367740978226e-01
2.288400000000000212e+00,-8.431153535501909602e-01
2.288100000000000023e+00,-9.557923861108069685e-01
2.287900000000000045e+00,-1.216996221104545750e+00
2.287700000000000067e+00,-1.334532271788195557e+00
2.287399999999999878e+00,-1.334578227784200655e+00
2.287100000000000133e+00,-1.305798590963969108e+00
2.286799999999999944e+00,-1.167087627435489550e+00
2.286500000000000199e+00,-8.619724342353619617e-01
2.286300000000000221e+00,-6.309429110236408622e-01
2.286099999999999799e+00,-7.135154773946390527e-01
2.285800000000000054e+00,-7.379894632461060366e-01
2.285499999999999865e+00,-8.265796957843304371e-01
2.285400000000000098e+00,-9.372662479674442881e-01
2.284899999999999931e+00,-8.756110985790738210e-01
2.284699999999999953e+00,-8.216642986228970269e-01
2.284400000000000208e+00,-8.634214731636017381e-01
2.284199999999999786e+00,-9.510531680169929114e-01
2.283900000000000041e+00,-1.041913782385758935e+00
2.283700000000000063e+00,-1.298699438403751127e+00
2.283199999999999896e+00,-1.291444925261252319e+00
2.283100000000000129e+00,-1.280737881264784050e+00
2.282900000000000151e+00,-1.193554669214162534e+00
2.282399999999999984e+00,-1.162595988517620693e+00
2.282300000000000217e+00,-1.060479844757714840e+00
2.281899999999999817e+00,-1.031748600303118879e+00
2.281699999999999839e+00,-1.104336534810956838e+00
2.281400000000000095e+00,-1.213429886135607871e+00
2.281299999999999883e+00,-1.278617057038685445e+00
2.281000000000000139e+00,-1.480954717856600267e+00
2.280699999999999950e+00,-1.483404042799014944e+00
2.280600000000000183e+00,-1.334276066538228500e+00
2.280199999999999783e+00,-1.259414391627973417e+00
2.280100000000000016e+00,-1.134185759620702560e+00
2.279799999999999827e+00,-9.900880937949163574e-01
2.279300000000000104e+00,-1.092990361339328365e+00
2.279100000000000126e+00,-1.131088849047161338e+00
2.278999999999999915e+00,-1.096554212818220853e+00
2.278799999999999937e+00,-1.137390563641406560e+00
2.278599999999999959e+00,-1.153883691335545914e+00
2.278399999999999981e+00,-1.150603398679013400e+00
2.278099999999999792e+00,-1.246611401582338408e+00
2.277899999999999814e+00,-1.234308446685164373e+00
2.277800000000000047e+00,-1.328879090787340900e+00
2.277400000000000091e+00,-1.408177923920700403e+00
2.277200000000000113e+00,-1.428036523799837365e+00
2.276800000000000157e+00,-1.457301618763666484e+00
2.276600000000000179e+00,-1.566620967659720920e+00
2.276299999999999990e+00,-1.559698614658523663e+00
2.275999999999999801e+00,-1.637421155614854573e+00
2.275599999999999845e+00,-1.562913391021485188e+00
2.275500000000000078e+00,-1.322962861745186069e+00
2.275199999999999889e+00,-1.114228185520975467e+00
2.274700000000000166e+00,-1.080084059251924744e+00
2.274500000000000188e+00,-7.633569114384384235e-01
2.274300000000000210e+00,-6.040997303109404415e-01
2.274099999999999788e+00,-5.657207225992499922e-01
2.273899999999999810e+00,-6.203037780987824545e-01
2.273699999999999832e+00,-6.021675075429735458e-01
2.273200000000000109e+00,-6.376184959395320151e-01
2.273000000000000131e+00,-7.068751586730009917e-01
2.272800000000000153e+00,-8.288272966427632227e-01
2.272400000000000198e+00,-8.913813031148631882e-01
2.272100000000000009e+00,-8.712781993875164943e-01
2.271900000000000031e+00,-9.887919766566124480e-01
2.271700000000000053e+00,-1.059474042034471042e+00
2.271500000000000075e+00,-1.128516799996127862e+00
2.271399999999999864e+00,-9.923061392237003675e-01
2.270999999999999908e+00,-8.687509721588480005e-01
2.270799999999999930e+00,-8.895379320872711659e-01
2.270399999999999974e+00,-9.145461732463708859e-01
2.270000000000000018e+00,-9.328590869060736646e-01
2.269600000000000062e+00,-1.038802894803708687e+00
2.269400000000000084e+00,-1.088131244879955606e+00
2.269299999999999873e+00,-1.014400003048893106e+00
2.269000000000000128e+00,-8.476939132223693107e-01
2.268800000000000150e+00,-7.913617497789029454e-01
2.268600000000000172e+00,-9.243371894653713561e-01
2.267999999999999794e+00,-1.022203799631374421e+00
2.267799999999999816e+00,-1.011759076949766856e+00
2.267500000000000071e+00,-1.180378991154223955e+00
2.266999999999999904e+00,-1.128834413965731809e+00
2.266900000000000137e+00,-9.500764180547793814e-01
2.266500000000000181e+00,-9.256263109538518385e-01
2.266399999999999970e+00,-1.002494840755471905e+00
2.266199999999999992e+00,-9.176444962604932698e-01
2.265899999999999803e+00,-8.711888308883877219e-01
2.265800000000000036e+00,-8.634955990761971067e-01
2.265600000000000058e+00,-7.988906646532942801e-01
2.265200000000000102e+00,-7.290457510843173505e-01
2.265000000000000124e+00,-7.349569012025589654e-01
2.264800000000000146e+00,-6.983017820129389097e-01
2.264400000000000190e+00,-7.236594215183702605e-01
2.264299999999999979e+00,-6.508445280324278714e-01
2.263799999999999812e+00,-6.713464564829866310e-01
2.263700000000000045e+00,-6.035430074703349579e-01
2.263500000000000068e+00,-7.048655764513994670e-01
2.263199999999999878e+00,-7.803211238807326033e-01
2.262999999999999901e+00,-9.750708079615116874e-01
2.262900000000000134e+00,-8.574249985648929595e-01
2.262599999999999945e+00,-8.750134000456641914e-01
2.262300000000000200e+00,-8.552579670440332293e-01
2.261899999999999800e+00,-7.387700813224832297e-01
2.261699999999999822e+00,-6.866385048810708103e-01
2.261600000000000055e+00,-7.860563856705928831e-01
2.261299999999999866e+00,-8.940460498989278859e-01
2.261099999999999888e+00,-8.954529462250685468e-01
2.260899999999999910e+00,-9.236956732578197604e-01
2.260499999999999954e+00,-8.759276124097394867e-01
2.260299999999999976e+00,-9.129400264561855494e-01
2.259900000000000020e+00,-7.218536664974767314e-01
2.259700000000000042e+00,-6.657839785307109182e-01
2.259500000000000064e+00,-7.611627966629813669e-01
2.259199999999999875e+00,-7.156971071779413274e-01
2.258999999999999897e+00,-7.388343349755758238e-01
2.258900000000000130e+00,-1.014929010670281739e+00
2.258399999999999963e+00,-1.037796085220296760e+00
2.258199999999999985e+00,-9.712189649760740728e-01
2.258000000000000007e+00,-1.064248585546864856e+00
2.257600000000000051e+00,-1.046448784434578227e+00
2.257400000000000073e+00,-9.175712638060177229e-01
2.257200000000000095e+00,-9.370474802155790428e-01
2.256899999999999906e+00,-8.564597947964199820e-01
2.256699999999999928e+00,-7.540993759282133002e-01
2.256400000000000183e+00,-7.039728597211734051e-01
2.256099999999999994e+00,-6.996214497588526537e-01
2.255900000000000016e+00,-7.530225753018399137e-01
2.255399999999999849e+00,-8.525316422091504531e-01
2.255300000000000082e+00,-9.748538037232522546e-01
2.254799999999999915e+00,-1.077804232937351614e+00
2.254599999999999937e+00,-1.235876121166504138e+00
2.254300000000000193e+00,-1.300574793757190761e+00
2.254100000000000215e+00,-1.202851852681423361e+00
2.253800000000000026e+00,-1.243578249970275884e+00
2.253400000000000070e+00,-1.238897301066715917e+00
2.253299999999999859e+00,-1.123926818458395704e+00
2.253200000000000092e+00,-9.636438372288141929e-01
2.252899999999999903e+00,-9.708599649956018984e-01
2.252600000000000158e+00,-8.411850171095511808e-01
2.252400000000000180e+00,-7.509990679605005326e-01
2.251900000000000013e+00,-7.930563388632710931e-01
2.251599999999999824e+00,-9.136490000851219540e-01
2.251399999999999846e+00,-9.485175538035197640e-01
2.251100000000000101e+00,-9.622042777173225314e-01
2.250900000000000123e+00,-9.944200999301849864e-01
2.250799999999999912e+00,-9.987280015277474332e-01
2.250500000000000167e+00,-9.714379776777291031e-01
2.250300000000000189e+00,-1.236383884984995518e+00
2.250100000000000211e+00,-1.345671861467528929e+00
2.249800000000000022e+00,-1.296240404877711860e+00
2.249600000000000044e+00,-1.223536260354235461e+00
2.249299999999999855e+00,-1.228866270654958681e+00
2.248899999999999899e+00,-1.105939865013762180e+00
2.248699999999999921e+00,-1.073570506671672753e+00
2.248299999999999965e+00,-1.158683286714007332e+00
2.248000000000000220e+00,-1.369265501034618193e+00
2.247799999999999798e+00,-1.450883195179206275e+00
2.247700000000000031e+00,-1.375402344943495114e+00
2.247100000000000097e+00,-1.308672403730060108e+00
2.246900000000000119e+00,-1.309073344420812246e+00
2.246700000000000141e+00,-1.228103889309092756e+00
2.246399999999999952e+00,-1.187904181078544674e+00
2.246199999999999974e+00,-1.144474347924313795e+00
2.245999999999999996e+00,-1.146818490961043491e+00
2.245800000000000018e+00,-1.136276541412982288e+00
2.245499999999999829e+00,-1.062527021871845223e+00
2.245299999999999851e+00,-1.054815470681938372e+00
2.245000000000000107e+00,-1.160378682154676655e+00
2.244699999999999918e+00,-1.218838119212764415e+00
2.244400000000000173e+00,-1.181873121137884564e+00
2.243900000000000006e+00,-1.094686339091939464e+00
2.243799999999999795e+00,-1.101890927668394804e+00
2.243599999999999817e+00,-1.111758403310007859e+00
2.243199999999999861e+00,-1.115084001957790338e+00
2.242900000000000116e+00,-1.175748002966124695e+00
2.242799999999999905e+00,-1.341718640067990354e+00
2.242399999999999949e+00,-1.283795279670256528e+00
2.242100000000000204e+00,-1.198191391279107565e+00
2.241999999999999993e+00,-1.127063560899220551e+00
2.241699999999999804e+00,-1.022114434728570220e+00
2.241499999999999826e+00,-9.178519089374921336e-01
2.241299999999999848e+00,-1.004544542676407026e+00
2.241200000000000081e+00,-1.184031396984155826e+00
2.240800000000000125e+00,-1.242184324560489772e+00
2.240600000000000147e+00,-1.273013074107286258e+00
2.240400000000000169e+00,-1.278243904515308227e+00
2.239900000000000002e+00,-1.196142548535693351e+00
2.239599999999999813e+00,-1.037035619525228380e+00
2.239399999999999835e+00,-9.734597730136005378e-01
2.239199999999999857e+00,-9.614658912684981296e-01
2.238799999999999901e+00,-8.286774895233106619e-01
2.238700000000000134e+00,-7.561794682376526966e-01
2.238300000000000178e+00,-6.145716431573550187e-01
2.237899999999999778e+00,-6.529420962331222711e-01
2.237600000000000033e+00,-7.296609326302994081e-01
2.237400000000000055e+00,-8.823854077192466727e-01
2.236899999999999888e+00,-1.028219191976063929e+00
2.236600000000000144e+00,-1.312547849371438424e+00
2.236499999999999932e+00,-1.455316515494298191e+00
2.236099999999999977e+00,-1.506936869723717098e+00
2.235899999999999999e+00,-1.563804992395084525e+00
2.235599999999999810e+00,-1.604230320786590003e+00
2.235300000000000065e+00,-1.447518293824119562e+00
2.235100000000000087e+00,-1.299028433864139576e+00
2.234500000000000153e+00,-1.299432927141693117e+00
2.234300000000000175e+00,-1.339210111960774219e+00
2.234199999999999964e+00,-1.340747058410467263e+00
2.234100000000000197e+00,-1.483540637162612752e+00
2.233600000000000030e+00,-1.520421101827637456e+00
2.233400000000000052e+00,-1.393111141275611642e+00
2.233200000000000074e+00,-1.281542672862227894e+00
2.232699999999999907e+00,-1.210160489394547456e+00
2.232499999999999929e+00,-1.050697355599178318e+00
2.232299999999999951e+00,-1.039645315973371398e+00
2.231899999999999995e+00,-1.164894409923997287e+00
2.231599999999999806e+00,-1.273722941869219305e+00
2.231300000000000061e+00,-1.199810986560363668e+00
2.231199999999999850e+00,-1.215068075905746614e+00
2.230900000000000105e+00,-1.282768037717991971e+00
2.230300000000000171e+00,-1.317613783036360120e+00
2.230100000000000193e+00,-1.270347939968594186e+00
2.229999999999999982e+00,-1.332729858318677740e+00
2.229499999999999815e+00,-1.382561179312340238e+00
2.229200000000000070e+00,-1.236921649776269394e+00
2.228899999999999881e+00,-1.135656010869817711e+00
2.228699999999999903e+00,-1.169697822359511141e+00
2.228499999999999925e+00,-1.256652002120626888e+00
2.228099999999999969e+00,-1.268547644875661629e+00
2.228000000000000203e+00,-1.462348180028237632e+00
2.227799999999999780e+00,-1.434362565804862877e+00
2.227599999999999802e+00,-1.379072814178504469e+00
2.227300000000000058e+00,-1.264745196446863451e+00
2.226999999999999869e+00,-1.221237522865854741e+00
2.226700000000000124e+00,-1.085303071227880611e+00
2.226399999999999935e+00,-1.074653825465544887e+00
2.225900000000000212e+00,-9.461811454533618493e-01
2.225699999999999790e+00,-9.367805561481464816e-01
2.225499999999999812e+00,-1.005821570020174027e+00
2.225000000000000089e+00,-9.587346096535596107e-01
2.224800000000000111e+00,-1.053343055592466326e+00
2.224600000000000133e+00,-1.251571175924885759e+00
2.224000000000000199e+00,-1.283610354123401853e+00
2.223899999999999988e+00,-1.232401150341802643e+00
2.223800000000000221e+00,-1.308764063307141345e+00
2.223399999999999821e+00,-1.208249094049942851e+00
2.223300000000000054e+00,-1.147234768497096269e+00
2.223100000000000076e+00,-1.216960476930623036e+00
2.222900000000000098e+00,-1.319315817905897248e+00
2.222599999999999909e+00,-1.280589375775298411e+00
2.222100000000000186e+00,-1.250958053811597415e+00
2.221699999999999786e+00,-1.237638734528472062e+00
2.221499999999999808e+00,-1.103638362261946781e+00
2.221099999999999852e+00,-1.014605327756060271e+00
2.220800000000000107e+00,-1.085877601646745294e+00
2.220400000000000151e+00,-1.243035075969428638e+00
2.220099999999999962e+00,-1.192156396816052011e+00
2.220000000000000195e+00,-1.268853309898260173e+00
2.219599999999999795e+00,-1.282123272486820786e+00
2.219300000000000050e+00,-1.241653795325363241e+00
2.219100000000000072e+00,-1.117253553211162931e+00
2.218599999999999905e+00,-1.156557321018505835e+00
2.218300000000000161e+00,-1.131556477072283240e+00
2.217900000000000205e+00,-1.197976754053684090e+00
2.217799999999999994e+00,-1.302120149106744673e+00
2.217600000000000016e+00,-1.411646621469232921e+00
2.217200000000000060e+00,-1.611977928588012476e+00
2.216899999999999871e+00,-1.766773387243160354e+00
2.216800000000000104e+00,-1.765406901892314862e+00
2.216600000000000126e+00,-1.607090974994305865e+00
2.216299999999999937e+00,-1.488255861887138876e+00
2.216000000000000192e+00,-1.406442005869035228e+00
2.215800000000000214e+00,-1.210623421382187148e+00
2.215599999999999792e+00,-1.035591815725378506e+00
2.215500000000000025e+00,-1.036446866578971671e+00
2.214799999999999880e+00,-1.097326582792518268e+00
2.214599999999999902e+00,-8.973198512179925146e-01
2.214199999999999946e+00,-8.421822247638848236e-01
2.213600000000000012e+00,-8.283073224099254395e-01
2.213400000000000034e+00,-7.585541372610166144e-01
2.212800000000000100e+00,-7.858827258813358974e-01
2.212699999999999889e+00,-7.968092722206512324e-01
2.212400000000000144e+00,-8.931460066188487978e-01
2.212099999999999955e+00,-9.691594289702385456e-01
2.212000000000000188e+00,-1.084951801046257769e+00
2.211500000000000021e+00,-1.041478236738537122e+00
2.211300000000000043e+00,-1.094008542055630029e+00
2.210900000000000087e+00,-1.181169321925849891e+00
2.210500000000000131e+00,-1.208044475472618062e+00
2.210399999999999920e+00,-1.274005744996004053e+00
2.210100000000000176e+00,-1.359764741179769754e+00
2.209600000000000009e+00,-1.327278496834442878e+00
2.209299999999999820e+00,-1.273292666377212612e+00
2.209099999999999842e+00,-1.332765762879391191e+00
2.209000000000000075e+00,-1.276506929420683001e+00
2.208800000000000097e+00,-1.119601963806629463e+00
2.208400000000000141e+00,-1.116316797495908730e+00
2.208299999999999930e+00,-1.008120101025702819e+00
2.208000000000000185e+00,-8.696018490136903090e-01
2.207599999999999785e+00,-8.376394485766145426e-01
2.207300000000000040e+00,-8.640419304154280944e-01
2.206900000000000084e+00,-9.294722071166369171e-01
2.206700000000000106e+00,-1.101214093504054858e+00
2.206500000000000128e+00,-1.297497802257609134e+00
2.206199999999999939e+00,-1.423508607818098293e+00
2.205999999999999961e+00,-1.531976353595677853e+00
2.205700000000000216e+00,-1.554392903442142204e+00
2.205499999999999794e+00,-1.462816099845887230e+00
2.204899999999999860e+00,-1.314408332107712463e+00
2.204600000000000115e+00,-1.211506116475351336e+00
2.204200000000000159e+00,-1.214242883626759362e+00
2.204099999999999948e+00,-1.182075325884234029e+00
2.203899999999999970e+00,-1.215364578666458417e+00
2.203699999999999992e+00,-1.274100780918711928e+00
2.203300000000000036e+00,-1.363661218966548239e+00
2.203100000000000058e+00,-1.349173303696327153e+00
2.202500000000000124e+00,-1.401747869281162906e+00
2.202300000000000146e+00,-1.532938498951877504e+00
2.201999999999999957e+00,-1.589354472514674210e+00
2.201600000000000001e+00,-1.702088809097494826e+00
2.201299999999999812e+00,-1.836162820570697018e+00
2.201099999999999834e+00,-1.833992073595781980e+00
2.200800000000000090e+00,-1.801271326095504888e+00
2.200600000000000112e+00,-1.603572182453348649e+00
2.200299999999999923e+00,-1.348415103837250051e+00
2.200000000000000178e+00,-1.078702508927886772e+00
2.199899999999999967e+00,-9.327108825791726732e-01
2.199300000000000033e+00,-7.711413385564844791e-01
2.198999999999999844e+00,-8.937068459468829884e-01
2.198799999999999866e+00,-1.009143306460978495e+00
2.198599999999999888e+00,-1.208931688974207441e+00
2.198199999999999932e+00,-1.324830174740249111e+00
2.197900000000000187e+00,-1.357667161270455169e+00
2.197400000000000020e+00,-1.375494742916517854e+00
2.197200000000000042e+00,-1.438448803827950595e+00
2.196800000000000086e+00,-1.373800604072654474e+00
2.196600000000000108e+00,-1.399096181365910851e+00
2.196099999999999941e+00,-1.369546163276849748e+00
2.196000000000000174e+00,-1.392684805450391972e+00
2.195800000000000196e+00,-1.449237173177450488e+00
2.195500000000000007e+00,-1.607647187391522792e+00
2.195199999999999818e+00,-1.532309298879520831e+00
2.194999999999999840e+00,-1.534270517834779302e+00
2.194799999999999862e+00,-1.562119486437918425e+00
2.194500000000000117e+00,-1.493431748201857978e+00
2.193999999999999950e+00,-1.313534945695735257e+00
2.193700000000000205e+00,-1.324243441945607946e+00
2.193599999999999994e+00,-1.289050099786727355e+00
2.192899999999999849e+00,-1.212408288093699937e+00
2.192699999999999871e+00,-1.081377773803245068e+00
2.192499999999999893e+00,-1.116434086719693353e+00
2.192099999999999937e+00,-1.193244414443781043e+00
2.191899999999999959e+00,-1.321328583883084162e+00
2.191699999999999982e+00,-1.198726354018943230e+00
2.191199999999999815e+00,-1.136512042444470794e+00
2.190900000000000070e+00,-1.028124474024213919e+00
2.190599999999999881e+00,-8.885568968077656171e-01
2.190199999999999925e+00,-7.912848511405083940e-01
2.189999999999999947e+00,-8.624677579576258690e-01
2.189700000000000202e+00,-8.870641153764859954e-01
2.189400000000000013e+00,-8.604766537517390956e-01
2.189200000000000035e+00,-9.976837080824529913e-01
2.189099999999999824e+00,-1.072963341596164355e+00
2.188699999999999868e+00,-1.107827576254071023e+00
2.188499999999999890e+00,-1.168292367288437106e+00
2.188299999999999912e+00,-1.216143061066703224e+00
2.187800000000000189e+00,-1.146661278906453640e+00
2.187500000000000000e+00,-1.156848536413568329e+00
2.187300000000000022e+00,-1.106454019456741600e+00
2.186799999999999855e+00,-1.166767554806498408e+00
2.186599999999999877e+00,-1.139340648164018033e+00
2.186399999999999899e+00,-9.987235368466572671e-01
2.185900000000000176e+00,-8.245952962601665881e-01
2.185599999999999987e+00,-8.700189453535178696e-01
2.185000000000000053e+00,-7.578923548664379117e-01
2.184899999999999842e+00,-9.925318861688999794e-01
2.184699999999999864e+00,-1.149756231135778961e+00
2.184200000000000141e+00,-1.337940551873438633e+00
2.183899999999999952e+00,-1.418119294648405360e+00
2.183800000000000185e+00,-1.554811202481611199e+00
2.183699999999999974e+00,-1.441775148273739759e+00
2.183300000000000018e+00,-1.341671709555111613e+00
2.182999999999999829e+00,-1.260301877467374876e+00
2.182700000000000085e+00,-1.155646936118644108e+00
2.182599999999999874e+00,-1.076510719406620353e+00
2.182399999999999896e+00,-1.107835944495969116e+00
2.181799999999999962e+00,-1.335691312099422712e+00
2.181500000000000217e+00,-1.427445202410483560e+00
2.181200000000000028e+00,-1.470086574294100945e+00
2.180899999999999839e+00,-1.598434341155627436e+00
2.180600000000000094e+00,-1.670595807287053702e+00
2.180000000000000160e+00,-1.651936515887977963e+00
2.179699999999999971e+00,-1.738985076465103585e+00
2.179399999999999782e+00,-1.784696180911204744e+00
2.179100000000000037e+00,-1.611745943035404638e+00
2.178700000000000081e+00,-1.388141373692870717e+00
2.178500000000000103e+00,-1.338088643035341363e+00
2.177999999999999936e+00,-1.252890348709401191e+00
2.177799999999999958e+00,-1.262589230784961991e+00
2.177500000000000213e+00,-1.280192067069120698e+00
2.177000000000000046e+00,-1.263616811816407948e+00
2.176800000000000068e+00,-1.149924066418291035e+00
2.176600000000000090e+00,-1.057344240895652376e+00
2.176400000000000112e+00,-9.832870550099959139e-01
2.176000000000000156e+00,-9.839891260952222662e-01
2.175800000000000178e+00,-1.084559963971040819e+00
2.175300000000000011e+00,-1.141657596839262823e+00
2.175100000000000033e+00,-1.165674556657600558e+00
2.174799999999999844e+00,-1.246393828801956039e+00
2.174500000000000099e+00,-1.347600436209100971e+00
2.174199999999999910e+00,-1.367401283476760154e+00
2.173999999999999932e+00,-1.321980660495269966e+00
2.173799999999999955e+00,-1.291747644636270786e+00
2.173200000000000021e+00,-1.247953398490590837e+00
2.173000000000000043e+00,-1.171325183290591987e+00
2.172800000000000065e+00,-1.153087266893074059e+00
2.172400000000000109e+00,-1.169816800147965852e+00
2.172099999999999920e+00,-1.184274145706390335e+00
2.172000000000000153e+00,-1.132957754720678611e+00
2.171499999999999986e+00,-1.156770851755591023e+00
2.171199999999999797e+00,-1.077176761408831007e+00
2.170900000000000052e+00,-1.029892629241593749e+00
2.170500000000000096e+00,-1.013182314248475713e+00
2.170300000000000118e+00,-1.054513188390865386e+00
2.170100000000000140e+00,-1.046089231372462791e+00
2.169999999999999929e+00,-1.110357251602744899e+00
2.169599999999999973e+00,-1.162514813938357650e+00
2.169399999999999995e+00,-1.137990306381356120e+00
2.169099999999999806e+00,-1.091945973842635365e+00
2.168800000000000061e+00,-1.110334496220201528e+00
2.168400000000000105e+00,-1.130894109401432646e+00
2.168200000000000127e+00,-1.287307526781182654e+00
2.168099999999999916e+00,-1.403280880217308457e+00
2.167899999999999938e+00,-1.461757943845530594e+00
2.167699999999999960e+00,-1.335447508273926553e+00
2.167400000000000215e+00,-1.456403421812579868e+00
2.167300000000000004e+00,-1.234577575117690174e+00
2.167100000000000026e+00,-1.077031607830784887e+00
2.166799999999999837e+00,-1.096003525652457178e+00
2.166599999999999859e+00,-1.222385594647559692e+00
2.165999999999999925e+00,-1.083114395357374971e+00
2.165799999999999947e+00,-1.284945572926701640e+00
2.165599999999999969e+00,-1.479637833173737427e+00
2.165099999999999802e+00,-1.603575922066585724e+00
2.165000000000000036e+00,-1.722159042837865917e+00
2.164899999999999824e+00,-1.906311826830806133e+00
2.164400000000000102e+00,-1.911528350154075184e+00
2.164200000000000124e+00,-1.998658601555722170e+00
2.163899999999999935e+00,-1.998342801337489760e+00
2.163499999999999979e+00,-1.984481736865828738e+00
2.163199999999999790e+00,-1.959508338827825380e+00
2.162900000000000045e+00,-1.945981165115684641e+00
2.162599999999999856e+00,-1.829565182352825392e+00
2.162300000000000111e+00,-1.702639727429837491e+00
2.161799999999999944e+00,-1.731885242574754402e+00
2.161599999999999966e+00,-1.739369620876660250e+00
2.161099999999999799e+00,-1.640075773694203765e+00
2.160899999999999821e+00,-1.722784636188738672e+00
2.160499999999999865e+00,-1.713881572739488268e+00
2.160400000000000098e+00,-1.560720375235365109e+00
2.160099999999999909e+00,-1.440102779532923094e+00
2.159699999999999953e+00,-1.454088706966325084e+00
2.159499999999999975e+00,-1.303266547981914325e+00
2.159199999999999786e+00,-1.390326131445428270e+00
2.158900000000000041e+00,-1.473927857126404284e+00
2.158599999999999852e+00,-1.554234436817111931e+00
2.158399999999999874e+00,-1.576770960220602591e+00
2.158100000000000129e+00,-1.663291860592303051e+00
2.157700000000000173e+00,-1.594378520418972434e+00
2.157000000000000028e+00,-1.556835718249001355e+00
2.156800000000000050e+00,-1.543674212040740956e+00
2.156299999999999883e+00,-1.444582798025943804e+00
2.156200000000000117e+00,-1.392284989187586586e+00
2.156000000000000139e+00,-1.291304163760775836e+00
2.155800000000000161e+00,-1.362696965717356878e+00
2.155499999999999972e+00,-1.228474674361303087e+00
2.155400000000000205e+00,-1.195755124077241272e+00
2.155100000000000016e+00,-1.197289559700769113e+00
2.154599999999999849e+00,-1.266835275838956720e+00
2.154399999999999871e+00,-1.199345239646723460e+00
2.154100000000000126e+00,-1.230456269514061729e+00
2.153599999999999959e+00,-1.311411655351355066e+00
2.153300000000000214e+00,-1.342607900631405338e+00
2.153000000000000025e+00,-1.362468550744032170e+00
2.152499999999999858e+00,-1.352396112599928202e+00
2.152200000000000113e+00,-1.400068306641293114e+00
2.151899999999999924e+00,-1.485219319050205655e+00
2.151400000000000201e+00,-1.511446121058995784e+00
2.151199999999999779e+00,-1.454094063559931094e+00
2.150999999999999801e+00,-1.522550829789887095e+00
2.150500000000000078e+00,-1.653330605834550493e+00
2.150300000000000100e+00,-1.757668380037297196e+00
2.150100000000000122e+00,-1.813737258571992861e+00
2.149999999999999911e+00,-1.932107823226086873e+00
2.149500000000000188e+00,-1.905836854163116101e+00
2.149199999999999999e+00,-1.821566190354784176e+00
2.148800000000000043e+00,-1.720378115374933570e+00
2.148499999999999854e+00,-1.606992038673746404e+00
2.148200000000000109e+00,-1.652296277801362567e+00
2.147800000000000153e+00,-1.616909081106274071e+00
2.147499999999999964e+00,-1.496812700334214430e+00
2.147200000000000220e+00,-1.395644753415733907e+00
2.146500000000000075e+00,-1.413003602665358072e+00
2.146300000000000097e+00,-1.312391773839564957e+00
2.145700000000000163e+00,-1.334684227997269490e+00
2.145500000000000185e+00,-1.511231342611919715e+00
2.145199999999999996e+00,-1.619952096557734977e+00
2.144800000000000040e+00,-1.655093744330621064e+00
2.144699999999999829e+00,-1.665770272738162250e+00
2.144600000000000062e+00,-1.680461301888369618e+00
2.144400000000000084e+00,-1.564269729489413452e+00
2.144299999999999873e+00,-1.526721549572201964e+00
2.144099999999999895e+00,-1.437231080365745983e+00
2.143899999999999917e+00,-1.364875061813028534e+00
2.143800000000000150e+00,-1.374751313687333498e+00
2.143600000000000172e+00,-1.371941687962827006e+00
2.143200000000000216e+00,-1.331249728836088275e+00
2.142999999999999794e+00,-1.487859120891943387e+00
2.142700000000000049e+00,-1.460769250513187290e+00
2.142500000000000071e+00,-1.314522095484452313e+00
2.142399999999999860e+00,-1.207548853407805378e+00
2.142300000000000093e+00,-1.179988866285494709e+00
2.141999999999999904e+00,-1.021560405112357905e+00
2.141700000000000159e+00,-1.112174927961478987e+00
2.141300000000000203e+00,-1.098367081855018634e+00
2.141199999999999992e+00,-1.128988221385310187e+00
2.141000000000000014e+00,-1.194007749130837626e+00
2.140800000000000036e+00,-1.221931767631870391e+00
2.140699999999999825e+00,-1.156819237692965796e+00
2.140299999999999869e+00,-1.289519264846272772e+00
2.140200000000000102e+00,-1.384788662501315493e+00
2.140099999999999891e+00,-1.323079590068339195e+00
2.140000000000000124e+00,-1.395023144606551080e+00
2.139600000000000168e+00,-1.421975808252179396e+00
2.139499999999999957e+00,-1.319676449142263674e+00
2.139400000000000190e+00,-1.361336216122652099e+00
2.139100000000000001e+00,-1.366997731855473797e+00
2.138999999999999790e+00,-1.352051642141520515e+00
2.138900000000000023e+00,-1.414717372595318601e+00
2.138799999999999812e+00,-1.455567138736284072e+00
2.138599999999999834e+00,-1.367541771176463028e+00
2.138300000000000090e+00,-1.442101010502815139e+00
2.138199999999999878e+00,-1.480656130741185628e+00
2.138100000000000112e+00,-1.396748719732221478e+00
2.137999999999999901e+00,-1.410295815362609728e+00
2.137799999999999923e+00,-1.457198497162200290e+00
2.137599999999999945e+00,-1.330657901421235190e+00
2.137500000000000178e+00,-1.106412431245637595e+00
2.137199999999999989e+00,-1.126252126481645854e+00
2.137100000000000222e+00,-1.127943141189281739e+00
2.137000000000000011e+00,-1.209508769997105881e+00
2.136899999999999800e+00,-1.329313999403232360e+00
2.136800000000000033e+00,-1.378908116625894520e+00
2.136699999999999822e+00,-1.349887393830365045e+00
2.136400000000000077e+00,-1.227087560607478700e+00
2.136299999999999866e+00,-1.178385323001643448e+00
2.136200000000000099e+00,-1.217197791567280252e+00
2.135899999999999910e+00,-1.321379794541853503e+00
2.135800000000000143e+00,-1.284840315556728951e+00
2.135400000000000187e+00,-1.483685161739259462e+00
2.135200000000000209e+00,-1.455128662070197088e+00
2.134999999999999787e+00,-1.450286518025236004e+00
2.134900000000000020e+00,-1.555372577397538869e+00
2.134700000000000042e+00,-1.714111362087662682e+00
2.134599999999999831e+00,-1.867544755720755623e+00
2.134500000000000064e+00,-1.949766795690289989e+00
2.134399999999999853e+00,-1.961134060275912416e+00
2.134199999999999875e+00,-1.944292065394412461e+00
2.134100000000000108e+00,-1.943284510434080348e+00
2.133900000000000130e+00,-1.733728142007638695e+00
2.133799999999999919e+00,-1.622601965454578687e+00
2.133599999999999941e+00,-1.558258672783551013e+00
2.133399999999999963e+00,-1.479343194419890928e+00
2.133300000000000196e+00,-1.492545373999211389e+00
2.133199999999999985e+00,-1.592766900621739312e+00
2.133100000000000218e+00,-1.754959018391982539e+00
2.132800000000000029e+00,-1.906904762627482874e+00
2.132699999999999818e+00,-1.959799604141984730e+00
2.132499999999999840e+00,-1.842153989912477474e+00
2.132299999999999862e+00,-1.763932193782416613e+00
2.132200000000000095e+00,-1.643035931110960357e+00
2.132099999999999884e+00,-1.529147811245787469e+00
2.132000000000000117e+00,-1.525107669439647262e+00
2.131800000000000139e+00,-1.595789577019252281e+00
2.131499999999999950e+00,-1.522149486848749289e+00
2.131400000000000183e+00,-1.373548079653744258e+00
2.131099999999999994e+00,-1.312346059653898944e+00
2.130999999999999783e+00,-1.241528506214645278e+00
2.130900000000000016e+00,-1.241121000448985878e+00
2.130500000000000060e+00,-1.139478415399554523e+00
2.130300000000000082e+00,-1.157980508682265874e+00
2.130199999999999871e+00,-1.165286862488297492e+00
2.129999999999999893e+00,-1.195256693374419088e+00
2.129799999999999915e+00,-1.127971620798126740e+00
2.129599999999999937e+00,-1.161756060163686488e+00
2.129399999999999959e+00,-1.206200049423747478e+00
2.129300000000000193e+00,-1.195642796352515580e+00
2.129100000000000215e+00,-1.238952692510022935e+00
2.128899999999999793e+00,-1.396689886106750045e+00
2.128499999999999837e+00,-1.553506648797956080e+00
2.128200000000000092e+00,-1.614219648000785101e+00
2.128000000000000114e+00,-1.603408573930299674e+00
2.127600000000000158e+00,-1.484313310292050048e+00
2.127400000000000180e+00,-1.331249041492815754e+00
2.127299999999999969e+00,-1.292499365582490345e+00
2.127200000000000202e+00,-1.166466551260972206e+00
2.126599999999999824e+00,-1.152917967173518132e+00
2.126399999999999846e+00,-1.130913565273381050e+00
2.126300000000000079e+00,-1.170722406767660262e+00
2.125999999999999890e+00,-1.105318970467880524e+00
2.125799999999999912e+00,-1.183181438931084184e+00
2.125500000000000167e+00,-1.098064187134602188e+00
2.125100000000000211e+00,-1.170558850404242124e+00
2.124299999999999855e+00,-1.136662619730214985e+00
2.123899999999999899e+00,-1.212927256093489170e+00
2.123499999999999943e+00,-1.294188402705155561e+00
2.123299999999999965e+00,-1.422495871726478400e+00
2.122700000000000031e+00,-1.431641271297696916e+00
2.122300000000000075e+00,-1.512318421588512818e+00
2.121900000000000119e+00,-1.513348193915818651e+00
2.121700000000000141e+00,-1.529860230035998248e+00
2.120699999999999807e+00,-1.695332023250901932e+00
2.120499999999999829e+00,-1.845027658830509898e+00
2.120299999999999851e+00,-1.842011515746609485e+00
2.119800000000000129e+00,-1.868462887535879302e+00
2.119499999999999940e+00,-1.948640994168526985e+00
2.118900000000000006e+00,-1.954669734209324439e+00
2.118500000000000050e+00,-2.025861426035898027e+00
2.117999999999999883e+00,-2.049714021106138429e+00
2.117100000000000204e+00,-2.029151295827279267e+00
2.116800000000000015e+00,-1.956536339795707180e+00
2.116600000000000037e+00,-1.783858052505290948e+00
2.116099999999999870e+00,-1.449284675148036605e+00
2.115899999999999892e+00,-1.350811647324069664e+00
2.115600000000000147e+00,-1.309088226558626111e+00
2.115200000000000191e+00,-1.382613383673833685e+00
2.115099999999999980e+00,-1.427856032822673482e+00
2.114799999999999791e+00,-1.639052853539928245e+00
2.114599999999999813e+00,-1.821292027792270618e+00
2.113599999999999923e+00,-1.926150857944480821e+00
2.113300000000000178e+00,-1.800814099897942056e+00
2.112999999999999989e+00,-1.850599189953533230e+00
2.112499999999999822e+00,-1.947217327975675261e+00
2.112299999999999844e+00,-1.873089988226259051e+00
2.111699999999999910e+00,-1.827142996519287577e+00
2.111499999999999932e+00,-1.952149133706594819e+00
2.110899999999999999e+00,-1.956634965873151000e+00
2.110599999999999810e+00,-1.789334531159293862e+00
2.110399999999999832e+00,-1.759618425985348900e+00
2.109999999999999876e+00,-1.796153649650661377e+00
2.109599999999999920e+00,-1.769071282371748044e+00
2.109399999999999942e+00,-1.727995161948936431e+00
2.109300000000000175e+00,-1.801924614267605307e+00
2.108900000000000219e+00,-1.773784788719825922e+00
2.108600000000000030e+00,-1.825167224692933576e+00
2.107899999999999885e+00,-1.859667196229195074e+00
2.107400000000000162e+00,-1.764540106847512169e+00
2.107200000000000184e+00,-1.629626864597943925e+00
2.106500000000000039e+00,-1.613589609324936447e+00
2.106100000000000083e+00,-1.627353834110847774e+00
2.105900000000000105e+00,-1.429639320794720447e+00
2.105500000000000149e+00,-1.608324299016486325e+00
2.104900000000000215e+00,-1.727030768481560674e+00
2.104600000000000026e+00,-1.702889637690760294e+00
2.104299999999999837e+00,-1.613225675500609801e+00
2.104099999999999859e+00,-1.663980874439738411e+00
2.103600000000000136e+00,-1.634481365558673849e+00
2.103499999999999925e+00,-1.471590959466889670e+00
2.103099999999999969e+00,-1.459489911589395561e+00
2.102500000000000036e+00,-1.502447780413126877e+00
2.102399999999999824e+00,-1.677542073725557747e+00
2.102100000000000080e+00,-1.780395782557953055e+00
2.101900000000000102e+00,-1.992295967919305300e+00
2.101599999999999913e+00,-2.064165671297746307e+00
2.101399999999999935e+00,-2.137698300432519627e+00
2.101199999999999957e+00,-2.145618168653482094e+00
2.100900000000000212e+00,-2.058561461444619045e+00
2.100800000000000001e+00,-1.991842109672903538e+00
2.100499999999999812e+00,-1.985593013128297724e+00
2.100400000000000045e+00,-1.926554580882200440e+00
2.099800000000000111e+00,-1.744253645835289301e+00
2.099699999999999900e+00,-1.723173591248322589e+00
2.099600000000000133e+00,-1.635024211411456596e+00
2.099499999999999922e+00,-1.636489625406814419e+00
2.099400000000000155e+00,-1.545957981545359239e+00
2.099099999999999966e+00,-1.696395223748023318e+00
2.099000000000000199e+00,-1.602639826075724638e+00
2.098899999999999988e+00,-1.656960372722685149e+00
2.098800000000000221e+00,-1.613949849452872565e+00
2.098700000000000010e+00,-1.583854390552058344e+00
2.098599999999999799e+00,-1.404204497624933490e+00
2.095899999999999874e+00,-1.522183757006676075e+00
2.095099999999999962e+00,-1.589915608568720717e+00
2.093999999999999861e+00,-1.549108337794425028e+00
2.092400000000000038e+00,-1.628231493993465007e+00
2.089599999999999902e+00,-1.686548076570357324e+00
2.088699999999999779e+00,-1.680897384093646529e+00
2.086699999999999999e+00,-1.637209898048066936e+00
2.080799999999999983e+00,-1.710752769385620597e+00
2.077900000000000080e+00,-1.789259467203721643e+00
2.077599999999999891e+00,-1.798457136336500950e+00
2.074500000000000011e+00,-1.706264593128586915e+00
2.072499999999999787e+00,-1.727599007248781460e+00
2.067800000000000082e+00,-1.742077316616574612e+00
2.067000000000000171e+00,-1.678186924798513502e+00
2.064200000000000035e+00,-1.765297328526413301e+00
2.056700000000000195e+00,-1.700355319844484958e+00
2.056299999999999795e+00,-1.638570032736416771e+00
2.052999999999999936e+00,-1.643823871989094521e+00
2.051099999999999923e+00,-1.585279353474855490e+00
2.050699999999999967e+00,-1.461371809028666480e+00
2.049300000000000122e+00,-1.518409105426693495e+00
2.045799999999999841e+00,-1.499994197495038595e+00
2.045500000000000096e+00,-1.501831553327934277e+00
2.037799999999999834e+00,-1.485690342993076341e+00
2.035099999999999909e+00,-1.468138833803089849e+00
2.033999999999999808e+00,-1.472639755712157328e+00
2.029799999999999827e+00,-1.611445259645308159e+00
2.026600000000000179e+00,-1.517113928966654202e+00
2.024399999999999977e+00,-1.638496416620574436e+00
2.022800000000000153e+00,-1.669820139901107003e+00
2.019200000000000106e+00,-1.704008058817721327e+00
2.018600000000000172e+00,-1.779234532525292289e+00
2.015000000000000124e+00,-2.072742298513258419e+00
2.013700000000000045e+00,-2.088485431984213214e+00
2.013599999999999834e+00,-2.259154394869053561e+00
2.012100000000000222e+00,-2.232147283856497744e+00
2.008799999999999919e+00,-1.997512456379593848e+00
2.008700000000000152e+00,-2.058876155121777796e+00
2.008399999999999963e+00,-2.084670989022929799e+00
2.005399999999999849e+00,-1.897852187528262347e+00
2.003099999999999881e+00,-1.898050935375816817e+00
2.001399999999999846e+00,-1.954676155398252346e+00
2.000700000000000145e+00,-1.775495442305347060e+00
2.000399999999999956e+00,-1.770545192157427339e+00
1.999500000000000055e+00,-1.870999637171508079e+00
1.998899999999999899e+00,-1.828767903992861932e+00
1.998199999999999976e+00,-1.797645663185604148e+00
1.995900000000000007e+00,-1.674780718333435114e+00
1.995300000000000074e+00,-1.537045347835275244e+00
1.994799999999999907e+00,-1.493856704239820976e+00
1.993100000000000094e+00,-1.574286391521420692e+00
1.993000000000000105e+00,-1.593258398471242510e+00
1.992799999999999905e+00,-1.721394620791960595e+00
1.992499999999999938e+00,-1.795423073732705044e+00
1.991500000000000048e+00,-1.891375786354648980e+00
1.987700000000000022e+00,-1.851600244539494788e+00
1.987500000000000044e+00,-2.041403042409087210e+00
1.987200000000000077e+00,-2.075110947800593131e+00
1.986799999999999899e+00,-2.077673373089283793e+00
1.985400000000000054e+00,-2.043007887480227769e+00
1.985100000000000087e+00,-1.937741626810013384e+00
1.983300000000000063e+00,-1.809023015003283330e+00
1.983200000000000074e+00,-1.670651821792101810e+00
1.982799999999999896e+00,-1.432358630266347799e+00
1.981999999999999984e+00,-1.456839611821206137e+00
1.979200000000000070e+00,-1.513772744449193297e+00
1.978900000000000103e+00,-1.477758641289517172e+00
1.978399999999999936e+00,-1.402608315138192951e+00
1.976499999999999924e+00,-1.564436429409704621e+00
1.976299999999999946e+00,-1.447522081106517033e+00
1.974800000000000111e+00,-1.406003649738890582e+00
1.974299999999999944e+00,-1.441806817004537278e+00
1.973899999999999988e+00,-1.652029436688129405e+00
1.971700000000000008e+00,-1.807475322741086687e+00
1.971200000000000063e+00,-1.818319973562881886e+00
1.970699999999999896e+00,-1.852898233537722650e+00
1.970299999999999940e+00,-1.877746992818216221e+00
1.970099999999999962e+00,-1.709633831375734214e+00
1.969899999999999984e+00,-1.563080840700503904e+00
1.968599999999999905e+00,-1.600233203630160750e+00
1.968499999999999917e+00,-1.634849562609855145e+00
1.967300000000000049e+00,-1.555031098792875044e+00
1.966499999999999915e+00,-1.625830786910823056e+00
1.966199999999999948e+00,-1.663426186244223892e+00
1.965600000000000014e+00,-1.760042507077744345e+00
1.964800000000000102e+00,-1.880304865170892459e+00
1.964199999999999946e+00,-1.967168700883898058e+00
1.963200000000000056e+00,-1.890154685097108933e+00
1.962800000000000100e+00,-1.897651784821680065e+00
1.962699999999999889e+00,-1.828864168182189998e+00
1.962399999999999922e+00,-1.841097320860046738e+00
1.961799999999999988e+00,-1.762274091238399842e+00
1.961300000000000043e+00,-1.896942398320750067e+00
1.961200000000000054e+00,-1.873225769829997445e+00
1.961100000000000065e+00,-1.956658001398270397e+00
1.960800000000000098e+00,-1.994014883549347195e+00
1.960299999999999931e+00,-1.970364775815760972e+00
1.960199999999999942e+00,-2.048370688266520911e+00
1.959600000000000009e+00,-2.203968740915537960e+00
1.959500000000000020e+00,-2.198786477732999955e+00
1.959400000000000031e+00,-2.193792921480128388e+00
1.958900000000000086e+00,-2.263519381799846908e+00
1.958700000000000108e+00,-2.203055667610239965e+00
1.958599999999999897e+00,-2.163331400582696240e+00
1.958199999999999941e+00,-2.118334660951362469e+00
1.957500000000000018e+00,-2.143695692215022763e+00
1.957100000000000062e+00,-2.258755544734397436e+00
1.957000000000000073e+00,-2.226933457463442512e+00
1.956900000000000084e+00,-2.114594683350276227e+00
1.956499999999999906e+00,-2.190448208601522229e+00
1.956399999999999917e+00,-2.066819553579804403e+00
1.956299999999999928e+00,-1.973554559998314195e+00
1.955799999999999983e+00,-1.991607924274954478e+00
1.955400000000000027e+00,-2.115834913645128434e+00
1.954700000000000104e+00,-1.964733826672337758e+00
1.954299999999999926e+00,-2.076127887313747422e+00
1.954199999999999937e+00,-2.141752256147807731e+00
1.953799999999999981e+00,-2.191766679378731819e+00
1.953600000000000003e+00,-2.152560054633073872e+00
1.953100000000000058e+00,-2.198577729359482369e+00
1.953000000000000069e+00,-2.254485952832146811e+00
1.952900000000000080e+00,-2.194922166538770814e+00
1.952700000000000102e+00,-2.185433234964118121e+00
1.952499999999999902e+00,-2.236825665736727586e+00
1.952399999999999913e+00,-2.327374812467545073e+00
1.952299999999999924e+00,-2.212389223871028321e+00
1.952199999999999935e+00,-2.237616634205435773e+00
1.952099999999999946e+00,-2.194142445301264122e+00
1.951600000000000001e+00,-2.102639288769983850e+00
1.951100000000000056e+00,-2.000049254250943598e+00
1.949100000000000055e+00,-2.083777719968510134e+00
1.948199999999999932e+00,-2.278051202794506569e+00
1.948099999999999943e+00,-2.210647750696820069e+00
1.946600000000000108e+00,-2.176335099279696816e+00
1.946399999999999908e+00,-2.199080550584417093e+00
1.946299999999999919e+00,-2.071309167744131319e+00
1.945999999999999952e+00,-1.842244374409343521e+00
1.945200000000000040e+00,-1.927715689829384571e+00
1.945000000000000062e+00,-1.883812129885170439e+00
1.944299999999999917e+00,-1.870544385495151563e+00
1.944099999999999939e+00,-1.994545273957468057e+00
1.942199999999999926e+00,-2.167495664624208285e+00
1.939899999999999958e+00,-2.062578326755548641e+00
1.939599999999999991e+00,-2.105314566969718193e+00
1.937999999999999945e+00,-2.238604062796550664e+00
1.937400000000000011e+00,-2.144621962932025117e+00
1.935999999999999943e+00,-1.991747452880845870e+00
1.935599999999999987e+00,-1.990190058254528882e+00
1.934299999999999908e+00,-2.046670042307741078e+00
1.933200000000000029e+00,-2.065729862937085048e+00
1.931200000000000028e+00,-2.180975651154965167e+00
1.931000000000000050e+00,-2.080169419862581748e+00
1.930500000000000105e+00,-2.132490379466514874e+00
1.929799999999999960e+00,-2.104532811466400144e+00
1.928600000000000092e+00,-1.895256220064908570e+00
1.927799999999999958e+00,-1.973600213872675591e+00
1.926500000000000101e+00,-2.056142712424727126e+00
1.926399999999999890e+00,-2.152134477999834150e+00
1.925400000000000000e+00,-2.260416879445309668e+00
1.924099999999999921e+00,-2.350605670668054259e+00
1.923899999999999944e+00,-2.145358926679205691e+00
1.923399999999999999e+00,-2.098075170222923891e+00
1.922700000000000076e+00,-1.897642997830337297e+00
1.922299999999999898e+00,-1.782901676661077905e+00
1.922199999999999909e+00,-1.692399383790704759e+00
1.921200000000000019e+00,-1.612847666831590532e+00
1.919000000000000039e+00,-1.618410454105739582e+00
1.915000000000000036e+00,-1.774690430298222932e+00
1.911799999999999944e+00,-1.909648272572228356e+00
1.909899999999999931e+00,-2.066926626439272052e+00
1.908400000000000096e+00,-2.189577672805850916e+00
1.908199999999999896e+00,-2.389273166279806571e+00
1.907999999999999918e+00,-2.277341653038958302e+00
1.906500000000000083e+00,-2.181322196766616539e+00
1.905899999999999928e+00,-2.022123198220024065e+00
1.904900000000000038e+00,-2.024827671893783876e+00
1.904800000000000049e+00,-2.002701834478912257e+00
1.904500000000000082e+00,-2.182858193890968579e+00
1.903899999999999926e+00,-2.131819899276327313e+00
1.902400000000000091e+00,-2.238516807893803140e+00
1.902300000000000102e+00,-2.229064109115774794e+00
1.902199999999999891e+00,-2.158957691128712497e+00
1.901699999999999946e+00,-2.009628963166449012e+00
1.901499999999999968e+00,-2.168837645656826130e+00
1.901200000000000001e+00,-2.130011127737599708e+00
1.901000000000000023e+00,-2.101947467117240897e+00
1.900700000000000056e+00,-2.070062540932421591e+00
1.900500000000000078e+00,-2.265709387042555534e+00
1.899299999999999988e+00,-2.256300875041264309e+00
1.898400000000000087e+00,-2.354505743130050455e+00
1.896500000000000075e+00,-2.381968379912211109e+00
1.896099999999999897e+00,-2.391032119875291517e+00
1.894500000000000073e+00,-2.219014680789888061e+00
1.892800000000000038e+00,-2.125266780874310424e+00
1.891100000000000003e+00,-2.042832404277050706e+00
1.890200000000000102e+00,-2.172229865274946548e+00
1.887799999999999923e+00,-2.261888939424777867e+00
1.886200000000000099e+00,-2.350049483653970928e+00
1.883000000000000007e+00,-2.485894656497483979e+00
1.881199999999999983e+00,-2.472884610290049245e+00
1.879399999999999959e+00,-2.301522737359964932e+00
1.876100000000000101e+00,-2.388234278833320623e+00
1.875899999999999901e+00,-2.365587574321703634e+00
1.874100000000000099e+00,-2.339190437653793087e+00
1.872300000000000075e+00,-2.408215073740893608e+00
1.868500000000000050e+00,-2.400550050369806954e+00
1.866700000000000026e+00,-2.260353814093965408e+00
1.864700000000000024e+00,-2.321199658426031931e+00
1.863499999999999934e+00,-2.476045494722994622e+00
1.860400000000000054e+00,-2.532736633910903645e+00
1.858200000000000074e+00,-2.656354607066605311e+00
1.857699999999999907e+00,-2.751729445255382434e+00
1.855900000000000105e+00,-2.656402116101227673e+00
1.852300000000000058e+00,-2.463602462273450922e+00
1.851599999999999913e+00,-2.313504625362921896e+00
1.849599999999999911e+00,-2.261639877048707170e+00
1.849499999999999922e+00,-2.041967030756639101e+00
1.847599999999999909e+00,-2.077836988986988764e+00
1.844400000000000039e+00,-2.031281843064489223e+00
1.843099999999999961e+00,-2.090980763010188870e+00
1.841399999999999926e+00,-2.202104688444617153e+00
1.840700000000000003e+00,-2.394078992407691509e+00
1.840000000000000080e+00,-2.499038691454111394e+00
1.839199999999999946e+00,-2.539329927274819543e+00
1.838300000000000045e+00,-2.636145348762219953e+00
1.837399999999999922e+00,-2.586796105170722004e+00
1.837299999999999933e+00,-2.567386526527715152e+00
1.836000000000000076e+00,-2.482334848642811398e+00
1.834999999999999964e+00,-2.422232946497834938e+00
1.833700000000000108e+00,-2.338276184630436294e+00
1.832200000000000051e+00,-2.220775160386434521e+00
1.831499999999999906e+00,-2.211212133744408614e+00
1.830899999999999972e+00,-2.216411155410713540e+00
1.829399999999999915e+00,-2.265966334579483377e+00
1.829299999999999926e+00,-2.268968830801617820e+00
1.829199999999999937e+00,-2.348102526672918522e+00
1.828100000000000058e+00,-2.331080649778729974e+00
1.827800000000000091e+00,-2.340989499043100164e+00
1.827399999999999913e+00,-2.363264172586671208e+00
1.827099999999999946e+00,-2.357719825972770522e+00
1.826400000000000023e+00,-2.475394887688983747e+00
1.823600000000000110e+00,-2.680424546282894838e+00
1.822000000000000064e+00,-2.789233022034223630e+00
1.820500000000000007e+00,-2.929841302721641672e+00
1.818799999999999972e+00,-3.042924564103308249e+00
1.815299999999999914e+00,-3.047847062498457049e+00
1.813499999999999890e+00,-2.841423541055862145e+00
1.809700000000000086e+00,-2.834536703129886259e+00
1.807900000000000063e+00,-2.713498609297968045e+00
1.806200000000000028e+00,-2.670404287322958314e+00
1.804400000000000004e+00,-2.645437125988054028e+00
1.800899999999999945e+00,-2.758510987182563490e+00
1.799099999999999921e+00,-2.681306131356586686e+00
1.797299999999999898e+00,-2.655851567059039464e+00
1.793600000000000083e+00,-2.626227813831844227e+00
1.792799999999999949e+00,-2.435385012947641314e+00
1.792499999999999982e+00,-2.181636365228486696e+00
1.792399999999999993e+00,-2.031890743911316299e+00
1.792100000000000026e+00,-1.907069923332213479e+00
1.791800000000000059e+00,-1.837696473936736741e+00
1.791600000000000081e+00,-1.865257476564019745e+00
1.791199999999999903e+00,-2.029126938274117276e+00
1.790899999999999936e+00,-2.154156431286580187e+00
1.790200000000000014e+00,-2.423035063282841239e+00
1.790100000000000025e+00,-2.341565046092147995e+00
1.789800000000000058e+00,-2.497112048500602199e+00
1.789500000000000091e+00,-2.574744110318202939e+00
1.788899999999999935e+00,-2.582627110868443321e+00
1.788599999999999968e+00,-2.497574175631678273e+00
1.788200000000000012e+00,-2.615597666532701204e+00
1.787700000000000067e+00,-2.622020463581772542e+00
1.787400000000000100e+00,-2.505543036423405034e+00
1.787099999999999911e+00,-2.456737815597839880e+00
1.786999999999999922e+00,-2.343737516664126552e+00
1.786399999999999988e+00,-2.401116608430620136e+00
1.786000000000000032e+00,-2.474416662134951039e+00
1.785700000000000065e+00,-2.531467924495114818e+00
1.785400000000000098e+00,-2.621644120546565038e+00
1.784899999999999931e+00,-2.770597342625566561e+00
1.784599999999999964e+00,-2.813716147766834208e+00
1.783900000000000041e+00,-2.715584633435352835e+00
1.783600000000000074e+00,-2.673330047556696343e+00
1.783199999999999896e+00,-2.625923109209477246e+00
1.783099999999999907e+00,-2.624071645133119191e+00
1.782799999999999940e+00,-2.551250442735728097e+00
1.782399999999999984e+00,-2.496545650272213646e+00
1.782100000000000017e+00,-2.448522576493222580e+00
1.781900000000000039e+00,-2.598325028242420842e+00
1.781800000000000050e+00,-2.532445215175926911e+00
1.781400000000000095e+00,-2.568992964854174943e+00
1.780999999999999917e+00,-2.721545191236435013e+00
1.780799999999999939e+00,-3.008498362955316807e+00
1.780499999999999972e+00,-2.857081791782373426e+00
1.780200000000000005e+00,-2.898493921536446472e+00
1.780000000000000027e+00,-2.882232317907296171e+00
1.779900000000000038e+00,-2.734420883994600704e+00
1.779500000000000082e+00,-2.600258502188021570e+00
1.778999999999999915e+00,-2.769051289698704288e+00
1.778699999999999948e+00,-2.781873281141391985e+00
1.778299999999999992e+00,-2.873519982311070642e+00
1.777900000000000036e+00,-2.938170724086016872e+00
1.777500000000000080e+00,-2.786211796197840762e+00
1.777199999999999891e+00,-2.644088717533299437e+00
1.776899999999999924e+00,-2.522696184903694405e+00
1.776499999999999968e+00,-2.479729625290833184e+00
1.776299999999999990e+00,-2.426547579086682394e+00
1.776100000000000012e+00,-2.383414262237537606e+00
1.775800000000000045e+00,-2.257077741998417153e+00
1.775500000000000078e+00,-2.191019762496845935e+00
1.774899999999999922e+00,-2.180095750164909418e+00
1.774599999999999955e+00,-2.159664438604532943e+00
1.774299999999999988e+00,-2.178207733699866200e+00
1.774199999999999999e+00,-2.277219248314684918e+00
1.773700000000000054e+00,-2.393985959700945187e+00
1.772899999999999920e+00,-2.276284737551606430e+00
1.772599999999999953e+00,-2.189914421504707054e+00
1.772399999999999975e+00,-2.258563168425348433e+00
1.772299999999999986e+00,-2.249264091116476294e+00
1.771900000000000031e+00,-2.257739348004231150e+00
1.771600000000000064e+00,-2.379027039422290546e+00
1.771200000000000108e+00,-2.498940653050881977e+00
1.770799999999999930e+00,-2.503179602144703253e+00
1.770499999999999963e+00,-2.561134289626037841e+00
1.770100000000000007e+00,-2.620412571529423751e+00
1.769800000000000040e+00,-2.662133819615400743e+00
1.769400000000000084e+00,-2.780247048219247841e+00
1.769099999999999895e+00,-2.830555071157286662e+00
1.768599999999999950e+00,-2.952371084327318318e+00
1.768499999999999961e+00,-2.924120517858938673e+00
1.768299999999999983e+00,-2.931103503887311224e+00
1.767800000000000038e+00,-2.834443641665032931e+00
1.767500000000000071e+00,-2.754095095762882028e+00
1.767200000000000104e+00,-2.655263823881786944e+00
1.766599999999999948e+00,-2.611751278362162143e+00
1.766299999999999981e+00,-2.608092148274482103e+00
1.766000000000000014e+00,-2.633799675587148226e+00
1.765600000000000058e+00,-2.793919991898250021e+00
1.765200000000000102e+00,-2.781338916148929030e+00
1.764899999999999913e+00,-2.875929054416206831e+00
1.764599999999999946e+00,-2.890559696656705757e+00
1.764100000000000001e+00,-2.873105149182042517e+00
1.764000000000000012e+00,-2.766897481489422272e+00
1.763700000000000045e+00,-2.743069000583631123e+00
1.763400000000000079e+00,-2.589044719341279777e+00
1.762599999999999945e+00,-2.540349052767912674e+00
1.762299999999999978e+00,-2.472598002166773057e+00
1.762000000000000011e+00,-2.349420490298584241e+00
1.761300000000000088e+00,-2.406045930298112090e+00
1.760999999999999899e+00,-2.405550603240616425e+00
1.760799999999999921e+00,-2.439187316319244125e+00
1.760499999999999954e+00,-2.532393468621108035e+00
1.760199999999999987e+00,-2.614615507751730128e+00
1.759900000000000020e+00,-2.434760485316087131e+00
1.759600000000000053e+00,-2.471236745898580445e+00
1.759300000000000086e+00,-2.449004227453727367e+00
1.758999999999999897e+00,-2.371926501027674217e+00
1.758899999999999908e+00,-2.591333930329759117e+00
1.758699999999999930e+00,-2.717727375806874957e+00
1.758199999999999985e+00,-2.706307380743316671e+00
1.758099999999999996e+00,-2.607309463335469424e+00
1.757800000000000029e+00,-2.708910181468265677e+00
1.757500000000000062e+00,-2.683468903234564884e+00
1.756999999999999895e+00,-2.870237129522223984e+00
1.756899999999999906e+00,-3.095169424718394069e+00
1.756499999999999950e+00,-3.252932483650897044e+00
1.756099999999999994e+00,-3.164315795372296680e+00
1.755400000000000071e+00,-3.006567613775337655e+00
1.755200000000000093e+00,-2.766154421986605438e+00
1.755100000000000104e+00,-2.609052277402698294e+00
1.754399999999999959e+00,-2.456865661218527119e+00
1.754099999999999993e+00,-2.441377564689623192e+00
1.753800000000000026e+00,-2.351264458396798318e+00
1.753200000000000092e+00,-2.426394306735898621e+00
1.752999999999999892e+00,-2.365883775018451374e+00
1.752699999999999925e+00,-2.435891451760680226e+00
1.752299999999999969e+00,-2.389480862589124399e+00
1.752099999999999991e+00,-2.449979889817474721e+00
1.751800000000000024e+00,-2.401114316653851777e+00
1.751400000000000068e+00,-2.430620072217254179e+00
1.751300000000000079e+00,-2.450068540748168378e+00
1.750899999999999901e+00,-2.537842159983233703e+00
1.750699999999999923e+00,-2.571646769446434000e+00
1.749900000000000011e+00,-2.536849544147803837e+00
1.749500000000000055e+00,-2.582012431017466358e+00
1.749400000000000066e+00,-2.563681827256400592e+00
1.748799999999999910e+00,-2.618504187203718470e+00
1.748499999999999943e+00,-2.660259685553501008e+00
1.748099999999999987e+00,-2.838714371706657413e+00
1.747900000000000009e+00,-2.752478867315555355e+00
1.747700000000000031e+00,-2.958125977454220568e+00
1.747200000000000086e+00,-3.000801199495375826e+00
1.747000000000000108e+00,-3.067039147358133100e+00
1.746599999999999930e+00,-2.996849825686598301e+00
1.745800000000000018e+00,-3.027172307345782354e+00
1.745600000000000041e+00,-2.845615644233093100e+00
1.745400000000000063e+00,-2.741774953450640151e+00
1.745200000000000085e+00,-2.751474024453928635e+00
1.744499999999999940e+00,-2.687485497294486603e+00
1.744099999999999984e+00,-2.691528769391618336e+00
1.743800000000000017e+00,-2.708064068479218545e+00
1.743500000000000050e+00,-2.711214477321213678e+00
1.743200000000000083e+00,-2.676093028822837283e+00
1.743000000000000105e+00,-2.731012224530884769e+00
1.742599999999999927e+00,-2.648080815313494707e+00
1.742499999999999938e+00,-2.591430713697190580e+00
1.742099999999999982e+00,-2.540378071371265811e+00
1.741900000000000004e+00,-2.402006572571960152e+00
1.741600000000000037e+00,-2.324517282226920667e+00
1.741300000000000070e+00,-2.477745288888208552e+00
1.741200000000000081e+00,-2.466813249501973004e+00
1.740599999999999925e+00,-2.626621693641653543e+00
1.740299999999999958e+00,-2.842706586297649718e+00
1.739999999999999991e+00,-2.815798025409821381e+00
1.739300000000000068e+00,-2.815657629177889643e+00
1.739000000000000101e+00,-2.679165801502889188e+00
1.738699999999999912e+00,-2.554850684050799625e+00
1.738099999999999978e+00,-2.345643099650393637e+00
1.737800000000000011e+00,-2.442651908623749701e+00
1.737500000000000044e+00,-2.430283170968411177e+00
1.737300000000000066e+00,-2.543596773556880297e+00
1.736799999999999899e+00,-2.529932496296086075e+00
1.736499999999999932e+00,-2.542021847417655245e+00
1.736399999999999944e+00,-2.498165593169052290e+00
1.736099999999999977e+00,-2.465811078483301610e+00
1.735400000000000054e+00,-2.433097056546568382e+00
1.735300000000000065e+00,-2.567222171364972105e+00
1.735000000000000098e+00,-2.650127226016888216e+00
1.734799999999999898e+00,-2.659630456035566581e+00
1.734699999999999909e+00,-2.701539942720140974e+00
1.734099999999999975e+00,-2.835032683006569076e+00
1.733800000000000008e+00,-2.608456656090843317e+00
1.733500000000000041e+00,-2.681690181952495422e+00
1.733200000000000074e+00,-2.806692994466522428e+00
1.732900000000000107e+00,-2.908948413472556282e+00
1.732699999999999907e+00,-2.929038024744312629e+00
1.732499999999999929e+00,-3.137625557935036724e+00
1.732199999999999962e+00,-2.932797149725399510e+00
1.732099999999999973e+00,-2.902835148101412521e+00
1.731899999999999995e+00,-2.748528686294799073e+00
1.731700000000000017e+00,-2.658488630868371949e+00
1.731500000000000039e+00,-2.563344436767728052e+00
1.731400000000000050e+00,-2.814334269103310859e+00
1.731200000000000072e+00,-2.800952819088167622e+00
1.731100000000000083e+00,-2.832053721384536704e+00
1.730399999999999938e+00,-2.794719470001205686e+00
1.730199999999999960e+00,-2.737821563387685231e+00
1.729600000000000026e+00,-2.531302388411177162e+00
1.729200000000000070e+00,-2.396282271740004965e+00
1.728799999999999892e+00,-2.315055766205290411e+00
1.728299999999999947e+00,-2.354254442306844108e+00
1.727999999999999980e+00,-2.386647174137876526e+00
1.727700000000000014e+00,-2.539747276535386789e+00
1.727300000000000058e+00,-2.701982255865625682e+00
1.726699999999999902e+00,-2.817263579460160816e+00
1.726399999999999935e+00,-2.771292482078510755e+00
1.726199999999999957e+00,-2.753382416381608522e+00
1.725500000000000034e+00,-2.681022648802281250e+00
1.725300000000000056e+00,-2.519562611104781080e+00
1.724900000000000100e+00,-2.522199578740072834e+00
1.724199999999999955e+00,-2.537497230487781419e+00
1.723899999999999988e+00,-2.530472332258407508e+00
1.723100000000000076e+00,-2.406390274851399891e+00
1.722900000000000098e+00,-2.502379520480726871e+00
1.722399999999999931e+00,-2.500472890849953167e+00
1.721799999999999997e+00,-2.581775043565062600e+00
1.721400000000000041e+00,-2.680856514886073683e+00
1.721100000000000074e+00,-2.743688356345030943e+00
1.720599999999999907e+00,-2.730501091945045200e+00
1.720199999999999951e+00,-2.723902416825255024e+00
1.719899999999999984e+00,-2.745597865824941586e+00
1.719300000000000050e+00,-2.796448413436708691e+00
1.719000000000000083e+00,-2.933624301508022558e+00
1.718699999999999894e+00,-2.918382137289676770e+00
1.717999999999999972e+00,-2.865901036219892450e+00
1.717700000000000005e+00,-2.916712028168885862e+00
1.717300000000000049e+00,-2.946588862871579728e+00
1.716699999999999893e+00,-2.870365314926806466e+00
1.716299999999999937e+00,-2.870653735388625893e+00
1.715999999999999970e+00,-2.861341004778070296e+00
1.715300000000000047e+00,-2.721014430315041643e+00
1.715000000000000080e+00,-2.591824674376130844e+00
1.714699999999999891e+00,-2.603139848324151462e+00
1.714099999999999957e+00,-2.789765231357641095e+00
1.713799999999999990e+00,-2.966733076933125712e+00
1.713500000000000023e+00,-3.001683352291881324e+00
1.712900000000000089e+00,-3.083867751953184300e+00
1.712599999999999900e+00,-3.159098923748229648e+00
1.711899999999999977e+00,-2.997214060730113427e+00
1.711600000000000010e+00,-2.934240065396720443e+00
1.710800000000000098e+00,-2.917255100071056262e+00
1.710499999999999909e+00,-2.932647688251160734e+00
1.710099999999999953e+00,-2.838490158847406519e+00
1.709500000000000020e+00,-2.917648516503335010e+00
1.709100000000000064e+00,-2.871600527501530387e+00
1.708599999999999897e+00,-2.970332344620560505e+00
1.708199999999999941e+00,-2.792971583646872258e+00
1.707600000000000007e+00,-2.796453204532214798e+00
1.707200000000000051e+00,-2.713128492776578859e+00
1.706900000000000084e+00,-2.619916173525818515e+00
1.706199999999999939e+00,-2.446998436394162812e+00
1.705899999999999972e+00,-2.472500387517353904e+00
1.705600000000000005e+00,-2.388697357830968482e+00
1.705000000000000071e+00,-2.285759056675010115e+00
1.704800000000000093e+00,-2.426373280270191835e+00
1.704499999999999904e+00,-2.615289290903988206e+00
1.703699999999999992e+00,-2.806978170506041259e+00
1.703400000000000025e+00,-3.029477581866571345e+00
1.703100000000000058e+00,-3.280041667599181920e+00
1.702800000000000091e+00,-3.287053603564654924e+00
1.701999999999999957e+00,-3.232313095947944692e+00
1.701699999999999990e+00,-3.117560709991543000e+00
1.701000000000000068e+00,-2.899814065683570252e+00
1.700700000000000101e+00,-2.749184977971011357e+00
1.699999999999999956e+00,-2.701436869962589693e+00
1.699799999999999978e+00,-2.634545824884634957e+00
1.699400000000000022e+00,-2.615425836412846206e+00
1.699100000000000055e+00,-2.706254794138176933e+00
1.698499999999999899e+00,-2.622144447665397671e+00
1.698199999999999932e+00,-2.595099480457510488e+00
1.697799999999999976e+00,-2.570685002471484459e+00
1.697200000000000042e+00,-2.487675679310186183e+00
1.696800000000000086e+00,-2.383997593606093535e+00
1.696099999999999941e+00,-2.475725273933318427e+00
1.695799999999999974e+00,-2.355297392712882409e+00
1.695599999999999996e+00,-2.267849251846865144e+00
1.694900000000000073e+00,-2.343267750319691256e+00
1.694600000000000106e+00,-2.524496250984748169e+00
1.694299999999999917e+00,-2.521754606552919942e+00
1.693699999999999983e+00,-2.655076099116193689e+00
1.693300000000000027e+00,-2.832882583359633166e+00
1.693000000000000060e+00,-2.949003933524346976e+00
1.692299999999999915e+00,-2.750620807583648020e+00
1.691999999999999948e+00,-2.782391541058110374e+00
1.691300000000000026e+00,-2.816588842269110771e+00
1.691000000000000059e+00,-2.857955420003457814e+00
1.690399999999999903e+00,-2.825802521622122754e+00
1.690099999999999936e+00,-2.854996370093149327e+00
1.689400000000000013e+00,-2.656005196856672690e+00
1.689100000000000046e+00,-2.467370015753408641e+00
1.688399999999999901e+00,-2.391620479703857161e+00
1.688099999999999934e+00,-2.352450844477702141e+00
1.687400000000000011e+00,-2.320979276821330650e+00
1.687000000000000055e+00,-2.353812874555036405e+00
1.686700000000000088e+00,-2.375852973855452355e+00
1.685999999999999943e+00,-2.321030689017359094e+00
1.685699999999999976e+00,-2.326906888805366336e+00
1.685200000000000031e+00,-2.437947689231181769e+00
1.684900000000000064e+00,-2.608534917291974509e+00
1.684199999999999919e+00,-2.769455819385743922e+00
1.683899999999999952e+00,-2.893099157405543131e+00
1.683599999999999985e+00,-2.908575871179153172e+00
1.682900000000000063e+00,-2.997994710734128265e+00
1.682500000000000107e+00,-3.105932270692224328e+00
1.682099999999999929e+00,-3.108353273703831299e+00
1.681599999999999984e+00,-3.087552594086551139e+00
1.681300000000000017e+00,-3.071467412193995550e+00
1.681000000000000050e+00,-2.973224523769093963e+00
1.680199999999999916e+00,-2.790081096958052509e+00
1.679899999999999949e+00,-2.776891131640937704e+00
1.679599999999999982e+00,-2.787226683988938802e+00
1.678800000000000070e+00,-2.724590658780834396e+00
1.678500000000000103e+00,-2.669094337773084469e+00
1.678099999999999925e+00,-2.656925612174107165e+00
1.677499999999999991e+00,-2.672322427747300555e+00
1.677200000000000024e+00,-2.633197274356999351e+00
1.676600000000000090e+00,-2.764303416105187594e+00
1.676299999999999901e+00,-2.903949189342752923e+00
1.675999999999999934e+00,-2.888948855451905828e+00
1.675300000000000011e+00,-2.743951967937308112e+00
1.675000000000000044e+00,-2.654313777066194202e+00
1.674700000000000077e+00,-2.485598331784383053e+00
1.673999999999999932e+00,-2.418536280217944867e+00
1.673599999999999977e+00,-2.541091800320679717e+00
1.673000000000000043e+00,-2.691807087449316072e+00
1.672600000000000087e+00,-2.772751078649604572e+00
1.671999999999999931e+00,-2.882368708485086195e+00
1.671699999999999964e+00,-2.954619782393197447e+00
1.671100000000000030e+00,-2.884344933478319550e+00
1.670800000000000063e+00,-2.770953942526632741e+00
1.670199999999999907e+00,-2.680991433751528596e+00
1.669499999999999984e+00,-2.500888020746452778e+00
1.669200000000000017e+00,-2.348569280901935397e+00
1.668800000000000061e+00,-2.341777043015635940e+00
1.667999999999999927e+00,-2.395180427335052986e+00
1.667699999999999960e+00,-2.379625065708143694e+00
1.667399999999999993e+00,-2.470492687903433016e+00
1.666800000000000059e+00,-2.445195132899369295e+00
1.666400000000000103e+00,-2.462611926713348165e+00
1.665799999999999947e+00,-2.459210613812920609e+00
1.665599999999999969e+00,-2.596475462304861814e+00
1.665200000000000014e+00,-2.711602737472465385e+00
1.664900000000000047e+00,-2.866131529878079842e+00
1.664199999999999902e+00,-2.891066940707356814e+00
1.663799999999999946e+00,-2.934604704744256498e+00
1.663200000000000012e+00,-2.884140579449343100e+00
1.662900000000000045e+00,-2.849829782891818653e+00
1.662500000000000089e+00,-2.943943484142383493e+00
1.661699999999999955e+00,-2.943214417640768854e+00
1.661399999999999988e+00,-2.965999004449562548e+00
1.660400000000000098e+00,-2.919282030669628991e+00
1.659999999999999920e+00,-2.886556541005155907e+00
1.659399999999999986e+00,-2.646911896647327733e+00
1.659100000000000019e+00,-2.604967043377259817e+00
1.658800000000000052e+00,-2.432722333090553413e+00
1.658199999999999896e+00,-2.405317173776247319e+00
1.657799999999999940e+00,-2.249131635161591536e+00
1.657100000000000017e+00,-2.222430769372174542e+00
1.656700000000000061e+00,-2.203540973978873829e+00
1.656099999999999905e+00,-2.323104570092354493e+00
1.655799999999999939e+00,-2.367825731891676444e+00
1.655399999999999983e+00,-2.548055242441171764e+00
1.654700000000000060e+00,-2.723913466738114852e+00
1.654400000000000093e+00,-2.909997902912423218e+00
1.653699999999999948e+00,-2.973258817034474255e+00
1.653399999999999981e+00,-3.166147362910626484e+00
1.653000000000000025e+00,-3.306387739767866041e+00
1.652400000000000091e+00,-3.196891072340876327e+00
1.651999999999999913e+00,-3.085633197260003957e+00
1.651399999999999979e+00,-2.998867603372645796e+00
1.651200000000000001e+00,-2.733319815890894233e+00
1.650800000000000045e+00,-2.573316991345136806e+00
1.650199999999999889e+00,-2.682107759912760514e+00
1.649899999999999922e+00,-2.680381828115280030e+00
1.649299999999999988e+00,-2.772410107937800738e+00
1.649000000000000021e+00,-3.002441050324461180e+00
1.648700000000000054e+00,-3.119571084555239349e+00
1.647999999999999909e+00,-3.199176558675992155e+00
1.647699999999999942e+00,-3.174726535725008958e+00
1.647399999999999975e+00,-3.089014372729264934e+00
1.646600000000000064e+00,-2.984838773587433991e+00
1.646200000000000108e+00,-2.824863974605629213e+00
1.645899999999999919e+00,-2.671242278503849210e+00
1.645199999999999996e+00,-2.588224168572905715e+00
1.644900000000000029e+00,-2.681542085909288442e+00
1.644200000000000106e+00,-2.620350558315553968e+00
1.643899999999999917e+00,-2.556704000364340423e+00
1.643599999999999950e+00,-2.614514263833272789e+00
1.642900000000000027e+00,-2.775300656600865334e+00
1.642600000000000060e+00,-2.803515232866204965e+00
1.642300000000000093e+00,-2.833229027552480517e+00
1.641699999999999937e+00,-2.912728213267240740e+00
1.641499999999999959e+00,-2.709297401802674088e+00
1.640900000000000025e+00,-2.474332343901097797e+00
1.640500000000000069e+00,-2.258890539056646052e+00
1.640200000000000102e+00,-2.125858455614415554e+00
1.639599999999999946e+00,-2.121821993145006413e+00
1.639199999999999990e+00,-2.350308952258628459e+00
1.638900000000000023e+00,-2.641678536068892136e+00
1.638200000000000101e+00,-2.815285693037322456e+00
1.637899999999999912e+00,-3.015292846940686999e+00
1.637599999999999945e+00,-3.099494775500310606e+00
1.637199999999999989e+00,-3.059203387122816586e+00
1.636600000000000055e+00,-2.913463124162019025e+00
1.636200000000000099e+00,-2.794087099877301306e+00
1.635599999999999943e+00,-2.805486789839301220e+00
1.635199999999999987e+00,-2.763622870594062420e+00
1.634900000000000020e+00,-2.623462065244053232e+00
1.634600000000000053e+00,-2.595351116565919103e+00
1.633899999999999908e+00,-2.685931646514011728e+00
1.633499999999999952e+00,-2.563820618246698047e+00
1.632900000000000018e+00,-2.528412908216898458e+00
1.632500000000000062e+00,-2.677201563831832498e+00
1.632200000000000095e+00,-2.772495172378569350e+00
1.631599999999999939e+00,-2.735695117787733999e+00
1.631199999999999983e+00,-2.810969056876722050e+00
1.630900000000000016e+00,-2.789353581758441170e+00
1.630200000000000093e+00,-2.725929980848390333e+00
1.629899999999999904e+00,-2.659984140574167544e+00
1.629499999999999948e+00,-2.538205943850846413e+00
1.628800000000000026e+00,-2.449275863376926488e+00
1.628600000000000048e+00,-2.643446567534291081e+00
1.627899999999999903e+00,-2.744791753942765755e+00
1.627599999999999936e+00,-2.601479245316895561e+00
1.627000000000000002e+00,-2.685111850707494696e+00
1.626700000000000035e+00,-2.697908701879414561e+00
1.626400000000000068e+00,-2.593739861682098358e+00
1.626100000000000101e+00,-2.480312020962383013e+00
1.625499999999999945e+00,-2.624277041782113518e+00
1.625099999999999989e+00,-2.665256968433227236e+00
1.624400000000000066e+00,-2.791901332418189607e+00
1.624100000000000099e+00,-2.801682990185988320e+00
1.623399999999999954e+00,-2.862581490140625462e+00
1.623099999999999987e+00,-2.727491746851995469e+00
1.622500000000000053e+00,-2.677599188963541987e+00
1.622300000000000075e+00,-2.601830951477063003e+00
1.622000000000000108e+00,-2.541195705523108472e+00
1.621399999999999952e+00,-2.472543833894752296e+00
1.620999999999999996e+00,-2.521731697080892509e+00
1.620700000000000029e+00,-2.476048794571861222e+00
1.620200000000000085e+00,-2.515873732827911269e+00
1.619799999999999907e+00,-2.564400498523550009e+00
1.619199999999999973e+00,-2.619560756512012922e+00
1.618900000000000006e+00,-2.746180876725401454e+00
1.618600000000000039e+00,-2.802715464604588202e+00
1.618000000000000105e+00,-2.714263970078900634e+00
1.617599999999999927e+00,-2.656878773807797245e+00
1.617299999999999960e+00,-2.738507122981848063e+00
1.616500000000000048e+00,-2.783034168116066187e+00
1.616200000000000081e+00,-2.916922845642017315e+00
1.615599999999999925e+00,-3.040429040230968383e+00
1.615199999999999969e+00,-3.255460554074107726e+00
1.614900000000000002e+00,-3.339861261077575527e+00
1.614600000000000035e+00,-3.294118806558693713e+00
1.614000000000000101e+00,-3.188521834396051524e+00
1.613599999999999923e+00,-3.128864861313557455e+00
1.612900000000000000e+00,-2.828537362347394168e+00
1.612600000000000033e+00,-2.625798548460955839e+00
1.612300000000000066e+00,-2.626526690531899799e+00
1.611599999999999921e+00,-2.644502749621080451e+00
1.611299999999999955e+00,-2.646330704576399295e+00
1.610999999999999988e+00,-2.800878019988267464e+00
1.610400000000000054e+00,-2.927148065359347129e+00
1.610100000000000087e+00,-2.925317775320373848e+00
1.609799999999999898e+00,-2.899113869084396722e+00
1.609199999999999964e+00,-2.966987993166386506e+00
1.608899999999999997e+00,-2.948406994034286299e+00
1.608600000000000030e+00,-2.879609766648638658e+00
1.607900000000000107e+00,-2.855681909388618767e+00
1.607499999999999929e+00,-2.934719385611628262e+00
1.607199999999999962e+00,-2.956936273293409023e+00
1.606500000000000039e+00,-3.043246935511834117e+00
1.606100000000000083e+00,-3.122654896845766803e+00
1.605699999999999905e+00,-3.141075859572072915e+00
1.605099999999999971e+00,-2.998525602646850974e+00
1.604400000000000048e+00,-2.776902030099670515e+00
1.604100000000000081e+00,-2.551060166859770106e+00
1.603900000000000103e+00,-2.373277891371261550e+00
1.603099999999999969e+00,-2.322876401350260078e+00
1.602800000000000002e+00,-2.399084926199557266e+00
1.602500000000000036e+00,-2.467963546445156808e+00
1.601799999999999891e+00,-2.521231938044099508e+00
1.601499999999999924e+00,-2.483506316221379073e+00
1.601299999999999946e+00,-2.436111376658694816e+00
1.600899999999999990e+00,-2.358729080607913087e+00
1.600300000000000056e+00,-2.418791900736655620e+00
1.600000000000000089e+00,-2.459690872903125047e+00
1.599699999999999900e+00,-2.524705762983331159e+00
1.598899999999999988e+00,-2.530548471796900678e+00
1.598500000000000032e+00,-2.599427812899623991e+00
1.598200000000000065e+00,-2.546722518435712068e+00
1.597599999999999909e+00,-2.534020033086725743e+00
1.597299999999999942e+00,-2.572549267784995930e+00
1.596700000000000008e+00,-2.585802329950204204e+00
1.596400000000000041e+00,-2.676085563137198253e+00
1.595699999999999896e+00,-2.835612767941170009e+00
1.595299999999999940e+00,-2.796761386719831766e+00
1.594700000000000006e+00,-2.675825711248719596e+00
1.594400000000000039e+00,-2.715143182557833157e+00
1.593699999999999894e+00,-2.632344463621011155e+00
1.593399999999999928e+00,-2.554577218608355960e+00
1.593099999999999961e+00,-2.589811321543761480e+00
1.592500000000000027e+00,-2.772276854332983209e+00
1.592200000000000060e+00,-2.789262924453722814e+00
1.591599999999999904e+00,-2.870835343980332244e+00
1.591299999999999937e+00,-2.856490339210454366e+00
1.590899999999999981e+00,-2.960884948050718002e+00
1.590200000000000058e+00,-3.010061510477501923e+00
1.589900000000000091e+00,-3.110141898144819450e+00
1.589499999999999913e+00,-3.121410426594612098e+00
1.588899999999999979e+00,-3.104928822550284462e+00
1.588600000000000012e+00,-3.013428214729691135e+00
1.588300000000000045e+00,-2.903205655779422578e+00
1.587699999999999889e+00,-2.828530116904259817e+00
1.587299999999999933e+00,-2.848162623923233827e+00
1.586600000000000010e+00,-2.932264415784202605e+00
1.586300000000000043e+00,-3.172868389928334754e+00
1.585599999999999898e+00,-3.264572659872483573e+00
1.585199999999999942e+00,-3.304457627139046227e+00
1.584899999999999975e+00,-3.270824891730417239e+00
1.584200000000000053e+00,-3.246504960699447828e+00
1.583900000000000086e+00,-3.056533587482145986e+00
1.583299999999999930e+00,-2.966764827298379092e+00
1.582999999999999963e+00,-2.786775954091713636e+00
1.582600000000000007e+00,-2.578817135553551410e+00
1.582000000000000073e+00,-2.336880829729715003e+00
1.581800000000000095e+00,-2.096768883566718866e+00
1.581399999999999917e+00,-2.063274365057821136e+00
1.580999999999999961e+00,-2.167170185005395933e+00
1.580400000000000027e+00,-2.325488326681279805e+00
1.580100000000000060e+00,-2.576404450111286160e+00
1.579700000000000104e+00,-2.837252128253392680e+00
1.579099999999999948e+00,-2.963238948689855601e+00
1.578799999999999981e+00,-2.994794132371441986e+00
1.578500000000000014e+00,-3.056140716145850256e+00
1.577800000000000091e+00,-2.933379011171993955e+00
1.577399999999999913e+00,-2.833748725400153656e+00
1.577099999999999946e+00,-2.730613571968881548e+00
1.576400000000000023e+00,-2.673637945385942682e+00
1.576100000000000056e+00,-2.468677190310269776e+00
1.575499999999999901e+00,-2.499356339330793819e+00
1.575099999999999945e+00,-2.503618961966353140e+00
1.574500000000000011e+00,-2.422879299788932350e+00
1.574100000000000055e+00,-2.352979760145007315e+00
1.573800000000000088e+00,-2.408735931086758431e+00
1.573099999999999943e+00,-2.530518565407313680e+00
1.572899999999999965e+00,-2.566531995705778613e+00
1.572599999999999998e+00,-2.558903323433975530e+00
1.571900000000000075e+00,-2.545365366399265916e+00
1.571700000000000097e+00,-2.591112800159611762e+00
1.571399999999999908e+00,-2.381615407072712465e+00
1.570699999999999985e+00,-2.362968094926920504e+00
1.570400000000000018e+00,-2.429758645880741863e+00
1.570000000000000062e+00,-2.451454353528253804e+00
1.569399999999999906e+00,-2.426315880139084946e+00
1.569099999999999939e+00,-2.490132218542218112e+00
1.568799999999999972e+00,-2.496294113650126878e+00
1.568100000000000049e+00,-2.536964862094037709e+00
1.567700000000000093e+00,-2.633516092365312478e+00
1.567299999999999915e+00,-2.674591086602728929e+00
1.566599999999999993e+00,-2.738135853385531782e+00
1.566200000000000037e+00,-2.824365246071880442e+00
1.565900000000000070e+00,-2.893312549788751298e+00
1.565199999999999925e+00,-2.871871817355098333e+00
1.564999999999999947e+00,-3.007384835386484045e+00
1.564699999999999980e+00,-3.015007276303827144e+00
1.564100000000000046e+00,-2.999690326697668219e+00
1.563700000000000090e+00,-3.035197700901743012e+00
1.563399999999999901e+00,-3.149337450770450797e+00
1.562799999999999967e+00,-3.229584388453054622e+00
1.562400000000000011e+00,-3.342130424455469928e+00
1.562100000000000044e+00,-3.378429828616718922e+00
1.561500000000000110e+00,-3.335189391611980803e+00
1.561099999999999932e+00,-3.306512889204304972e+00
1.560499999999999998e+00,-3.100720548245422314e+00
1.560100000000000042e+00,-2.953916885420904137e+00
1.559800000000000075e+00,-2.879951751731668619e+00
1.559099999999999930e+00,-2.784552915713750743e+00
1.558699999999999974e+00,-2.731866101378377376e+00
1.558000000000000052e+00,-2.679975987384120018e+00
1.557700000000000085e+00,-2.721932414024852420e+00
1.557299999999999907e+00,-2.804628187926955007e+00
1.556799999999999962e+00,-2.899855577437326914e+00
1.556499999999999995e+00,-3.040034369641564371e+00
1.556200000000000028e+00,-3.131798948449448616e+00
1.555500000000000105e+00,-3.056992011863240766e+00
1.555299999999999905e+00,-2.965713159815974720e+00
1.554899999999999949e+00,-2.916968644562229152e+00
1.554200000000000026e+00,-2.836360679480537605e+00
1.553900000000000059e+00,-2.840017502150349316e+00
1.553199999999999914e+00,-2.925013610878685277e+00
1.552899999999999947e+00,-2.996886880716198576e+00
1.552599999999999980e+00,-3.018459205853529781e+00
1.552000000000000046e+00,-2.987916353137526126e+00
1.551700000000000079e+00,-3.037002880372091429e+00
1.551299999999999901e+00,-3.064107309118102140e+00
1.550999999999999934e+00,-3.021120511419034038e+00
1.550300000000000011e+00,-3.044561619292562860e+00
1.550000000000000044e+00,-3.075043650511838145e+00
1.549199999999999910e+00,-3.046953532937352271e+00
1.548899999999999944e+00,-3.018074483958077536e+00
1.548699999999999966e+00,-3.012954546978835690e+00
1.548000000000000043e+00,-3.022726590347774245e+00
1.547600000000000087e+00,-3.141172600046731933e+00
1.547299999999999898e+00,-3.306022823751503470e+00
1.546699999999999964e+00,-3.437821174857718987e+00
1.546399999999999997e+00,-3.472214066116697140e+00
1.546100000000000030e+00,-3.497076121274367733e+00
1.545400000000000107e+00,-3.376142342321752476e+00
1.545099999999999918e+00,-3.222806377370795783e+00
1.544399999999999995e+00,-3.128366134963339373e+00
1.544100000000000028e+00,-3.157571374540618425e+00
1.543700000000000072e+00,-3.075057139610148926e+00
1.542999999999999927e+00,-2.923289687952607352e+00
1.542699999999999960e+00,-2.806102873716687096e+00
1.542300000000000004e+00,-2.770134658526546279e+00
1.541600000000000081e+00,-2.733355809580589657e+00
1.541299999999999892e+00,-2.856544478934686104e+00
1.540999999999999925e+00,-2.948559695563623961e+00
1.540499999999999980e+00,-3.075261328218253709e+00
1.540100000000000025e+00,-3.129979064939725220e+00
1.539500000000000091e+00,-3.195717521390500693e+00
1.539199999999999902e+00,-3.122971977105176933e+00
1.538899999999999935e+00,-3.075094297227409790e+00
1.538200000000000012e+00,-2.993232998793754707e+00
1.537800000000000056e+00,-2.917623987730155743e+00
1.537500000000000089e+00,-2.729309274689534437e+00
1.536899999999999933e+00,-2.524710683350639417e+00
1.536499999999999977e+00,-2.503769430064195500e+00
1.536200000000000010e+00,-2.493673402916007920e+00
1.535600000000000076e+00,-2.489939003510050153e+00
1.535300000000000109e+00,-2.543805166942969542e+00
1.534599999999999964e+00,-2.702186975993142504e+00
1.534200000000000008e+00,-2.771396673089121521e+00
1.534000000000000030e+00,-2.858510236043443342e+00
1.533400000000000096e+00,-2.920378777193366471e+00
1.532999999999999918e+00,-3.046133494391256580e+00
1.532699999999999951e+00,-3.049309437813535251e+00
1.532100000000000017e+00,-3.105389003666969128e+00
1.531700000000000061e+00,-3.005568555418391963e+00
1.531300000000000106e+00,-2.962312045368953317e+00
1.530599999999999961e+00,-2.811788785206381647e+00
1.530299999999999994e+00,-2.735947032416197189e+00
1.530000000000000027e+00,-2.636216174427691517e+00
1.529300000000000104e+00,-2.684013380483130096e+00
1.528899999999999926e+00,-2.744556306820411518e+00
1.528699999999999948e+00,-2.842633153653379097e+00
1.528299999999999992e+00,-2.973377896570428280e+00
1.527700000000000058e+00,-3.063267026674060034e+00
1.527300000000000102e+00,-3.034837536093348831e+00
1.526699999999999946e+00,-3.027398630727900830e+00
1.526399999999999979e+00,-2.945355220678874453e+00
1.525700000000000056e+00,-2.820765018830273529e+00
1.525300000000000100e+00,-2.767116408664838101e+00
1.524699999999999944e+00,-2.753012839377955157e+00
1.524399999999999977e+00,-2.733053483737063249e+00
1.524000000000000021e+00,-2.754154352035825593e+00
1.523400000000000087e+00,-2.817629332677179743e+00
1.523099999999999898e+00,-2.852479658446011257e+00
1.522799999999999931e+00,-2.845224620928454851e+00
1.522100000000000009e+00,-2.834878458575912585e+00
1.521800000000000042e+00,-2.968607333956319039e+00
1.521200000000000108e+00,-3.019400933189919645e+00
1.520799999999999930e+00,-3.096277273634956195e+00
1.520499999999999963e+00,-3.150375317323844460e+00
1.520100000000000007e+00,-3.163350117210555812e+00
1.519500000000000073e+00,-3.121343362662703846e+00
1.519200000000000106e+00,-3.138662515130286490e+00
1.518799999999999928e+00,-3.046071774027575341e+00
1.518199999999999994e+00,-3.086354054851470075e+00
1.517900000000000027e+00,-3.025417577690869830e+00
1.517600000000000060e+00,-2.982477112820763665e+00
1.516799999999999926e+00,-2.942171317078523529e+00
1.516499999999999959e+00,-2.936170426246775822e+00
1.516100000000000003e+00,-2.994836129471406316e+00
1.515400000000000080e+00,-3.148734360468724347e+00
1.515099999999999891e+00,-3.202210226603552368e+00
1.514499999999999957e+00,-3.230732436837330024e+00
1.514199999999999990e+00,-3.160637291748646938e+00
1.513900000000000023e+00,-3.053852041890043001e+00
1.512999999999999901e+00,-2.900005809137740087e+00
1.512699999999999934e+00,-2.827991409340285589e+00
1.512000000000000011e+00,-2.883885029588972859e+00
1.511700000000000044e+00,-2.891733069022711433e+00
1.511300000000000088e+00,-2.786785714142675285e+00
1.510999999999999899e+00,-2.745326248127649471e+00
1.510299999999999976e+00,-2.736135241313553124e+00
1.510000000000000009e+00,-2.633314501723910350e+00
1.509700000000000042e+00,-2.764125258473137947e+00
1.508899999999999908e+00,-2.898309734356008249e+00
1.508599999999999941e+00,-2.881097543263183791e+00
1.508000000000000007e+00,-2.847929397516990591e+00
1.507600000000000051e+00,-2.909130387924868444e+00
1.506799999999999917e+00,-2.850442178129741766e+00
1.506499999999999950e+00,-2.889595921366644227e+00
1.506099999999999994e+00,-3.058150619224958788e+00
1.505300000000000082e+00,-3.204289524490894436e+00
1.505100000000000104e+00,-3.279760936501507462e+00
1.504799999999999915e+00,-3.306214435266907614e+00
1.504199999999999982e+00,-3.263891515715572567e+00
1.503900000000000015e+00,-3.213233351424399586e+00
1.503600000000000048e+00,-3.180644655956522016e+00
1.502999999999999892e+00,-3.052335423927576841e+00
1.502699999999999925e+00,-3.080818538773455462e+00
1.502299999999999969e+00,-3.131166357197844974e+00
1.501700000000000035e+00,-3.125830804862200996e+00
1.501400000000000068e+00,-3.032199751326070114e+00
1.500999999999999890e+00,-2.949104608234442981e+00
1.500399999999999956e+00,-2.822169152669889769e+00
1.500099999999999989e+00,-2.666747021833476783e+00
1.499800000000000022e+00,-2.513008705670727316e+00
1.499100000000000099e+00,-2.576465093364205483e+00
1.498699999999999921e+00,-2.712295429997263252e+00
1.497999999999999998e+00,-2.758192518556856765e+00
1.497800000000000020e+00,-2.809869198972386961e+00
1.497400000000000064e+00,-2.820547261774969172e+00
1.496799999999999908e+00,-2.768774493227127653e+00
1.496599999999999930e+00,-2.732201749072598940e+00
1.495999999999999996e+00,-2.708088834470906647e+00
1.495600000000000041e+00,-2.736588120642036159e+00
1.495200000000000085e+00,-2.832890393306835897e+00
1.494599999999999929e+00,-2.934808987172660366e+00
1.494199999999999973e+00,-3.016092290000077725e+00
1.493900000000000006e+00,-3.104195128014325622e+00
1.493200000000000083e+00,-3.098929543023237976e+00
1.492899999999999894e+00,-2.937500717186125598e+00
1.492599999999999927e+00,-2.793494720162575717e+00
1.491900000000000004e+00,-2.700489266587169368e+00
1.491500000000000048e+00,-2.665572988238135377e+00
1.491100000000000092e+00,-2.729113652343850838e+00
1.490399999999999947e+00,-2.954758780851773903e+00
1.490099999999999980e+00,-3.069259156718295856e+00
1.489800000000000013e+00,-2.856235935633915979e+00
1.489200000000000079e+00,-2.630735434634573267e+00
1.488899999999999890e+00,-2.412631835542883518e+00
1.488599999999999923e+00,-2.281137068551319924e+00
1.487999999999999989e+00,-2.223610182566782001e+00
1.487600000000000033e+00,-2.545202295089060929e+00
1.487200000000000077e+00,-2.854565971018990567e+00
1.486499999999999932e+00,-3.071552721818915810e+00
1.486199999999999966e+00,-3.195959270588383472e+00
1.485800000000000010e+00,-3.192043307104208694e+00
1.485100000000000087e+00,-3.134453045531143456e+00
1.484699999999999909e+00,-3.012714938250005137e+00
1.484399999999999942e+00,-2.922522027920260168e+00
1.483899999999999997e+00,-2.932819780337159177e+00
1.483500000000000041e+00,-2.839127394534401994e+00
1.483000000000000096e+00,-2.735385916753929614e+00
1.482699999999999907e+00,-2.761746513655072288e+00
1.482399999999999940e+00,-2.771873342981429289e+00
1.481899999999999995e+00,-2.746548903971857136e+00
1.481600000000000028e+00,-2.881502346712832896e+00
1.481200000000000072e+00,-3.066738113571276791e+00
1.480599999999999916e+00,-3.221549899880271628e+00
1.480199999999999960e+00,-3.273752428990944985e+00
1.479800000000000004e+00,-3.295862738045967966e+00
1.479100000000000081e+00,-3.372360255773227067e+00
1.478699999999999903e+00,-3.226018906207494652e+00
1.478399999999999936e+00,-3.088327948270880086e+00
1.477800000000000002e+00,-3.045454258219226773e+00
1.477500000000000036e+00,-3.135356223068069603e+00
1.477100000000000080e+00,-3.062498718269385023e+00
1.476599999999999913e+00,-3.062949730237574109e+00
1.476199999999999957e+00,-3.026847470162658205e+00
1.475800000000000001e+00,-2.976765460332015056e+00
1.475200000000000067e+00,-2.801137723141971847e+00
1.474900000000000100e+00,-2.749090177590340911e+00
1.474199999999999955e+00,-2.692642870428113788e+00
1.473700000000000010e+00,-2.648815432801376879e+00
1.473500000000000032e+00,-2.497418547037083325e+00
1.472800000000000109e+00,-2.433949988551453725e+00
1.472499999999999920e+00,-2.452249250176202988e+00
1.471799999999999997e+00,-2.525141885731524649e+00
1.471500000000000030e+00,-2.580911125190238575e+00
1.470900000000000096e+00,-2.779990424008338401e+00
1.470599999999999907e+00,-2.869303852273824784e+00
1.470199999999999951e+00,-2.945470764727092572e+00
1.469899999999999984e+00,-3.069105608122235651e+00
1.469300000000000050e+00,-3.222375107893165946e+00
1.469000000000000083e+00,-3.236148442729291919e+00
1.468699999999999894e+00,-3.099036161435114956e+00
1.467999999999999972e+00,-2.925494288051194491e+00
1.467700000000000005e+00,-2.696134524252796538e+00
1.467400000000000038e+00,-2.458475416095284860e+00
1.466699999999999893e+00,-2.429314979762314586e+00
1.466399999999999926e+00,-2.475926635266134657e+00
1.465999999999999970e+00,-2.517827429755342461e+00
1.465400000000000036e+00,-2.481141547386739532e+00
1.465100000000000069e+00,-2.520313629756770535e+00
1.464800000000000102e+00,-2.518877785698536709e+00
1.464199999999999946e+00,-2.637488208912103449e+00
1.463799999999999990e+00,-2.597727238723701593e+00
1.463500000000000023e+00,-2.641969223798751099e+00
1.462800000000000100e+00,-2.692166372506299421e+00
1.462499999999999911e+00,-2.730471766809599909e+00
1.462199999999999944e+00,-2.724448226466696710e+00
1.461500000000000021e+00,-2.804524119933288429e+00
1.461100000000000065e+00,-2.905895926697266152e+00
1.460800000000000098e+00,-2.855553986184505622e+00
1.460199999999999942e+00,-2.671241256393258823e+00
1.459799999999999986e+00,-2.465452890019620202e+00
1.459400000000000031e+00,-2.456575991359316369e+00
1.458800000000000097e+00,-2.417036976613828880e+00
1.458499999999999908e+00,-2.527222588026845074e+00
1.458199999999999941e+00,-2.664700631630489980e+00
1.457600000000000007e+00,-2.937931010126570985e+00
1.457200000000000051e+00,-2.985445887585258529e+00
1.456900000000000084e+00,-3.002202817144195013e+00
1.456199999999999939e+00,-2.875810039619369540e+00
1.455899999999999972e+00,-2.842913641871585906e+00
1.455500000000000016e+00,-2.675844150932943144e+00
1.454900000000000082e+00,-2.579090644825448919e+00
1.454599999999999893e+00,-2.500123267157872142e+00
1.453899999999999970e+00,-2.491277449301609881e+00
1.453600000000000003e+00,-2.422459306113816879e+00
1.453300000000000036e+00,-2.388056368776286575e+00
1.452800000000000091e+00,-2.419887383735414232e+00
1.452399999999999913e+00,-2.423909317029460109e+00
1.452099999999999946e+00,-2.432745607600234283e+00
1.451500000000000012e+00,-2.507077694011705660e+00
1.451200000000000045e+00,-2.448955047162776122e+00
1.450499999999999901e+00,-2.429485444687546014e+00
1.450199999999999934e+00,-2.480827572825111904e+00
1.449899999999999967e+00,-2.609273225384900474e+00
1.449200000000000044e+00,-2.699243154264951983e+00
1.448900000000000077e+00,-2.767457942379203395e+00
1.448299999999999921e+00,-2.812063147438065513e+00
1.447899999999999965e+00,-2.772564940898558650e+00
1.447599999999999998e+00,-2.626041224528391727e+00
1.447000000000000064e+00,-2.434123605897925646e+00
1.446600000000000108e+00,-2.476253274848322583e+00
1.446299999999999919e+00,-2.477044125245159378e+00
1.445599999999999996e+00,-2.556964737050887670e+00
1.445300000000000029e+00,-2.536647327436025723e+00
1.445000000000000062e+00,-2.596841307135888677e+00
1.444299999999999917e+00,-2.495617149151224901e+00
1.443999999999999950e+00,-2.489743666175270320e+00
1.443599999999999994e+00,-2.351767476251875877e+00
1.442900000000000071e+00,-2.270417080913467167e+00
1.442600000000000104e+00,-2.274346978836800037e+00
1.441899999999999959e+00,-2.336928384428782479e+00
1.441599999999999993e+00,-2.242239703645620974e+00
1.441300000000000026e+00,-2.299772180762438278e+00
1.440700000000000092e+00,-2.440560253589296735e+00
1.440399999999999903e+00,-2.494109982730391639e+00
1.439999999999999947e+00,-2.576874173822046643e+00
1.439400000000000013e+00,-2.652540381253842838e+00
1.439100000000000046e+00,-2.713095055846548309e+00
1.438800000000000079e+00,-2.706798683065475775e+00
1.438199999999999923e+00,-2.653267599661834897e+00
1.437899999999999956e+00,-2.623933064089256639e+00
1.437300000000000022e+00,-2.532145855384943189e+00
1.437000000000000055e+00,-2.376675905434444402e+00
1.436199999999999921e+00,-2.419426963878312797e+00
1.435899999999999954e+00,-2.483487571923737036e+00
1.435499999999999998e+00,-2.465825267611992722e+00
1.435200000000000031e+00,-2.521383386525355430e+00
1.434500000000000108e+00,-2.771435363501106863e+00
1.434199999999999919e+00,-2.806856875362251369e+00
1.433899999999999952e+00,-2.808199446449888281e+00
1.433400000000000007e+00,-2.777601968261406373e+00
1.433100000000000041e+00,-2.771984520082704240e+00
1.432800000000000074e+00,-2.657633456050884302e+00
1.432099999999999929e+00,-2.516512807807929963e+00
1.431799999999999962e+00,-2.426022979402225666e+00
1.431100000000000039e+00,-2.367397415408978301e+00
1.430700000000000083e+00,-2.321754428618871824e+00
1.430399999999999894e+00,-2.333212667836731757e+00
1.429699999999999971e+00,-2.398096704757102238e+00
1.429400000000000004e+00,-2.518067941163909751e+00
1.429000000000000048e+00,-2.529017642426967249e+00
1.428399999999999892e+00,-2.480095860399739394e+00
1.427999999999999936e+00,-2.264805293151067822e+00
1.427699999999999969e+00,-2.108000446939262140e+00
1.427100000000000035e+00,-1.870218526281580917e+00
1.426700000000000079e+00,-1.814084779093727562e+00
1.426299999999999901e+00,-1.976906329032024345e+00
1.425799999999999956e+00,-2.121905375385285897e+00
1.425499999999999989e+00,-2.295903581244207459e+00
1.425200000000000022e+00,-2.467474730785401693e+00
1.424500000000000099e+00,-2.648690193480240929e+00
1.424199999999999910e+00,-2.577654074505248083e+00
1.423899999999999944e+00,-2.554104875239076922e+00
1.423200000000000021e+00,-2.642150050400637884e+00
1.422800000000000065e+00,-2.660220870631113677e+00
1.422500000000000098e+00,-2.655325315651102525e+00
1.421899999999999942e+00,-2.641528273276405603e+00
1.421599999999999975e+00,-2.540598156307860567e+00
1.421200000000000019e+00,-2.198780248213183519e+00
1.420600000000000085e+00,-2.016720035402652655e+00
1.420199999999999907e+00,-1.961777724771018860e+00
1.419399999999999995e+00,-1.868192089047732152e+00
1.419100000000000028e+00,-1.877525678292274458e+00
1.418700000000000072e+00,-2.022131402076021711e+00
1.418099999999999916e+00,-2.164844677285254537e+00
1.417699999999999960e+00,-2.098358132866517956e+00
1.417200000000000015e+00,-2.098784093019639752e+00
1.416800000000000059e+00,-2.164767948822782007e+00
1.416500000000000092e+00,-2.234836020166969472e+00
1.415799999999999947e+00,-2.126988546654745349e+00
1.415499999999999980e+00,-2.051398700163298283e+00
1.415200000000000014e+00,-2.040713402656907594e+00
1.414500000000000091e+00,-2.002652839313001643e+00
1.414199999999999902e+00,-1.941002769177551990e+00
1.413899999999999935e+00,-2.078529553461716528e+00
1.413599999999999968e+00,-2.225486975444973758e+00
1.412900000000000045e+00,-2.355410722694878611e+00
1.412600000000000078e+00,-2.386124666722555521e+00
1.411799999999999944e+00,-2.311815686378698498e+00
1.411499999999999977e+00,-2.275700088687909961e+00
1.411200000000000010e+00,-2.217244440347737822e+00
1.410500000000000087e+00,-2.199580201433515292e+00
1.410199999999999898e+00,-2.212662146801602780e+00
1.409899999999999931e+00,-2.369856580195922380e+00
1.409299999999999997e+00,-2.327875552317754337e+00
1.409000000000000030e+00,-2.405880529147558011e+00
1.408600000000000074e+00,-2.461992761211423186e+00
1.407999999999999918e+00,-2.632071081221099007e+00
1.407599999999999962e+00,-2.585216465962742127e+00
1.407299999999999995e+00,-2.598816166760747670e+00
1.406600000000000072e+00,-2.628459401153027120e+00
1.406300000000000106e+00,-2.512085912010769473e+00
1.405999999999999917e+00,-2.259570664597948753e+00
1.405299999999999994e+00,-2.200365107179746982e+00
1.405000000000000027e+00,-2.225381532775932758e+00
1.404700000000000060e+00,-2.073533062023763751e+00
1.403999999999999915e+00,-1.963011173902462492e+00
1.403699999999999948e+00,-2.033646637958491876e+00
1.403399999999999981e+00,-2.104194871479919460e+00
1.402700000000000058e+00,-2.156782175665450385e+00
1.402400000000000091e+00,-2.090793809369634104e+00
1.401999999999999913e+00,-2.130121426838216259e+00
1.401399999999999979e+00,-2.311389092398419276e+00
1.401100000000000012e+00,-2.336915379487769506e+00
1.400400000000000089e+00,-2.213682553964257949e+00
1.400099999999999900e+00,-2.315651310532407248e+00
1.399699999999999944e+00,-2.480834322865776986e+00
1.399000000000000021e+00,-2.346687664264019091e+00
1.398400000000000087e+00,-2.285081341279748823e+00
1.397999999999999909e+00,-2.287984514754287879e+00
1.397299999999999986e+00,-2.249861458545887594e+00
1.397000000000000020e+00,-2.124320294252524111e+00
1.396700000000000053e+00,-2.100940025465542149e+00
1.395999999999999908e+00,-2.198246171863926790e+00
1.395599999999999952e+00,-2.365512576934930333e+00
1.395299999999999985e+00,-2.522539154359154434e+00
1.394700000000000051e+00,-2.627411148700686816e+00
1.394400000000000084e+00,-2.551056664753248437e+00
1.394099999999999895e+00,-2.357455993189649934e+00
1.393499999999999961e+00,-2.170959392260169096e+00
1.393199999999999994e+00,-2.211197526621605292e+00
1.392800000000000038e+00,-2.191643878844545590e+00
1.392200000000000104e+00,-2.257179367080447197e+00
1.391799999999999926e+00,-2.450676555998676509e+00
1.391100000000000003e+00,-2.636272324146732071e+00
1.390800000000000036e+00,-2.590703891146850513e+00
1.390400000000000080e+00,-2.586387032595255597e+00
1.389699999999999935e+00,-2.665077569681956415e+00
1.389399999999999968e+00,-2.533970932911133733e+00
1.388700000000000045e+00,-2.497030404030597950e+00
1.388400000000000079e+00,-2.494388386388435297e+00
1.388099999999999890e+00,-2.583642015305393169e+00
1.387499999999999956e+00,-2.536269261912693640e+00
1.387199999999999989e+00,-2.515935971131311177e+00
1.386600000000000055e+00,-2.425350728494923835e+00
1.386200000000000099e+00,-2.237017975570549044e+00
1.385599999999999943e+00,-2.047507892393995999e+00
1.385299999999999976e+00,-2.176353855304486107e+00
1.384900000000000020e+00,-2.299490413786575704e+00
1.384600000000000053e+00,-2.301700095151959502e+00
1.383999999999999897e+00,-2.356691184303566722e+00
1.383699999999999930e+00,-2.428735657053482377e+00
1.383399999999999963e+00,-2.226853374350107551e+00
1.382700000000000040e+00,-2.136218049606370073e+00
1.382400000000000073e+00,-2.098273551537216175e+00
1.381699999999999928e+00,-2.116410148320785112e+00
1.381299999999999972e+00,-2.021232620331714358e+00
1.381000000000000005e+00,-1.946444207398395410e+00
1.380300000000000082e+00,-1.928236191817422895e+00
1.379999999999999893e+00,-1.896462958240474839e+00
1.379299999999999971e+00,-1.920211862900117472e+00
1.378900000000000015e+00,-2.039171962701091800e+00
1.378300000000000081e+00,-2.152169086900717954e+00
1.377999999999999892e+00,-2.226795914536672250e+00
1.377499999999999947e+00,-2.244772857682431066e+00
1.376800000000000024e+00,-2.248518477217103850e+00
1.376500000000000057e+00,-2.276390491246227388e+00
1.376200000000000090e+00,-2.323428666674842713e+00
1.375499999999999945e+00,-2.392594007490506325e+00
1.375099999999999989e+00,-2.451896854897550604e+00
1.374800000000000022e+00,-2.483299253229348302e+00
1.374500000000000055e+00,-2.472120119716980646e+00
1.373899999999999899e+00,-2.363495209277699516e+00
1.373499999999999943e+00,-2.146246484261843168e+00
1.372900000000000009e+00,-2.019050232316549121e+00
1.372500000000000053e+00,-1.922913566005240993e+00
1.372200000000000086e+00,-1.744662346221809379e+00
1.371599999999999930e+00,-1.815819671926455436e+00
1.371199999999999974e+00,-1.935455219121279269e+00
1.370900000000000007e+00,-2.063398483573703146e+00
1.370200000000000085e+00,-2.031682724498717896e+00
1.370000000000000107e+00,-2.051016279311090873e+00
1.369699999999999918e+00,-1.945349190981132681e+00
1.368999999999999995e+00,-1.840200901673527678e+00
1.368700000000000028e+00,-1.824192725132650628e+00
1.368000000000000105e+00,-1.928533937593374104e+00
1.367799999999999905e+00,-2.112985094917668505e+00
1.367399999999999949e+00,-2.269353232304399448e+00
1.366800000000000015e+00,-2.442241178085974518e+00
1.366500000000000048e+00,-2.464029366286563327e+00
1.365799999999999903e+00,-2.420544508471150991e+00
1.365499999999999936e+00,-2.357889338052976402e+00
1.364900000000000002e+00,-2.311097495318326089e+00
1.364500000000000046e+00,-2.163738367588346811e+00
1.364200000000000079e+00,-2.145735464653963920e+00
1.363699999999999912e+00,-2.151144937604099194e+00
1.363299999999999956e+00,-2.167595938129679656e+00
1.362999999999999989e+00,-2.287585112596274062e+00
1.362200000000000077e+00,-2.379998990807013826e+00
1.361900000000000110e+00,-2.421233048413712563e+00
1.361299999999999955e+00,-2.505682011640641971e+00
1.360999999999999988e+00,-2.582377719997919208e+00
1.360300000000000065e+00,-2.533035638737219042e+00
1.360000000000000098e+00,-2.608988755655738956e+00
1.359799999999999898e+00,-2.663730615599657625e+00
1.359099999999999975e+00,-2.571967441614003480e+00
1.358700000000000019e+00,-2.484431564226674549e+00
1.358000000000000096e+00,-2.452340983270240304e+00
1.357699999999999907e+00,-2.361295690300052819e+00
1.357299999999999951e+00,-2.399533797159680848e+00
1.356600000000000028e+00,-2.549607721647889402e+00
1.356200000000000072e+00,-2.706679980096493576e+00
1.355599999999999916e+00,-2.872142250075482295e+00
1.355299999999999949e+00,-2.958297397346598689e+00
1.354600000000000026e+00,-2.920265870354627147e+00
1.354300000000000059e+00,-2.791770793148518059e+00
1.354000000000000092e+00,-2.603747943853984559e+00
1.353399999999999936e+00,-2.307079786992294324e+00
1.353099999999999969e+00,-2.109936409785268197e+00
1.352400000000000047e+00,-1.947376606398349086e+00
1.352000000000000091e+00,-1.956966545902938392e+00
1.351699999999999902e+00,-1.941072843211349985e+00
1.351399999999999935e+00,-2.022744256297143384e+00
1.350700000000000012e+00,-2.103145958236157576e+00
1.350300000000000056e+00,-2.315372641127494191e+00
1.350000000000000089e+00,-2.464645605630144676e+00
1.349399999999999933e+00,-2.537124471744672594e+00
1.349099999999999966e+00,-2.547375697420778629e+00
1.348700000000000010e+00,-2.579438674845530244e+00
1.348000000000000087e+00,-2.518118609055180812e+00
1.347699999999999898e+00,-2.549970525527051279e+00
1.347399999999999931e+00,-2.499520806530375339e+00
1.346700000000000008e+00,-2.463039347691681424e+00
1.346400000000000041e+00,-2.505469058764475676e+00
1.345800000000000107e+00,-2.447447452090106612e+00
1.345499999999999918e+00,-2.298642787452592540e+00
1.344899999999999984e+00,-2.347523026458437023e+00
1.344600000000000017e+00,-2.334972877409275061e+00
1.344200000000000061e+00,-2.296552253272798882e+00
1.343900000000000095e+00,-2.221516236742826500e+00
1.343199999999999950e+00,-2.173348561862048278e+00
1.342899999999999983e+00,-2.166812926872041523e+00
1.342200000000000060e+00,-2.243518179046999350e+00
1.341900000000000093e+00,-2.261142629789575587e+00
1.341599999999999904e+00,-2.478370462304924082e+00
1.340999999999999970e+00,-2.476679837875306323e+00
1.340600000000000014e+00,-2.485416238955512558e+00
1.340300000000000047e+00,-2.463730718745282822e+00
1.339599999999999902e+00,-2.513903734242123100e+00
1.339199999999999946e+00,-2.465800381892535587e+00
1.338600000000000012e+00,-2.618091558056895085e+00
1.338200000000000056e+00,-2.751060395936311131e+00
1.337599999999999900e+00,-2.894778740304832176e+00
1.337199999999999944e+00,-2.917673150766020296e+00
1.336899999999999977e+00,-2.835277584040257981e+00
1.336300000000000043e+00,-2.778347872655490214e+00
1.336000000000000076e+00,-2.750746001133896890e+00
1.335299999999999931e+00,-2.646828045206189639e+00
1.334999999999999964e+00,-2.627327639449783536e+00
1.334699999999999998e+00,-2.587976982389300851e+00
1.334000000000000075e+00,-2.466834842109882686e+00
1.333800000000000097e+00,-2.332724087259901768e+00
1.333399999999999919e+00,-2.208742168604838074e+00
1.332799999999999985e+00,-2.037036803769765037e+00
1.332500000000000018e+00,-2.061087984583237720e+00
1.332200000000000051e+00,-2.176238720758699507e+00
1.331800000000000095e+00,-2.189362341727258077e+00
1.331099999999999950e+00,-2.319699803854796905e+00
1.330899999999999972e+00,-2.369122122102135464e+00
1.330200000000000049e+00,-2.453919862674263985e+00
1.329800000000000093e+00,-2.347237602687290980e+00
1.329499999999999904e+00,-2.416831713311501151e+00
1.328899999999999970e+00,-2.380099905047450282e+00
1.328600000000000003e+00,-2.510459787651297958e+00
1.328300000000000036e+00,-2.501631043205776450e+00
1.327599999999999891e+00,-2.535087134909463913e+00
1.327299999999999924e+00,-2.364277713806511638e+00
1.326999999999999957e+00,-2.427018585043350107e+00
1.326300000000000034e+00,-2.399665008507301245e+00
1.326000000000000068e+00,-2.409959489052676762e+00
1.325599999999999890e+00,-2.495853485793564364e+00
1.324899999999999967e+00,-2.761471373021046283e+00
1.324500000000000011e+00,-2.858937466345274014e+00
1.324300000000000033e+00,-2.861922106128650167e+00
1.323600000000000110e+00,-2.713550166435763078e+00
1.323299999999999921e+00,-2.690848524364575223e+00
1.322999999999999954e+00,-2.587648998736979955e+00
1.322300000000000031e+00,-2.518673896978323778e+00
1.322000000000000064e+00,-2.511813513896565819e+00
1.321299999999999919e+00,-2.632557294185572605e+00
1.320999999999999952e+00,-2.580178555342538260e+00
1.320599999999999996e+00,-2.409524395888540393e+00
1.319900000000000073e+00,-2.208087130721875457e+00
1.319600000000000106e+00,-2.186931780058104291e+00
1.318999999999999950e+00,-2.212929820333553455e+00
1.318699999999999983e+00,-2.301233642761774334e+00
1.318000000000000060e+00,-2.500458859827497715e+00
1.317600000000000104e+00,-2.796935410953465873e+00
1.317299999999999915e+00,-2.904330595652066194e+00
1.316699999999999982e+00,-2.728951321207262470e+00
1.316400000000000015e+00,-2.562921127177292036e+00
1.316100000000000048e+00,-2.394626605747435022e+00
1.315499999999999892e+00,-2.162812650355755650e+00
1.315199999999999925e+00,-2.111513215680843381e+00
1.314799999999999969e+00,-2.187983085575745168e+00
1.314100000000000046e+00,-2.191017933403927032e+00
1.313800000000000079e+00,-2.266929972343512123e+00
1.313099999999999934e+00,-2.318341466698570219e+00
1.312799999999999967e+00,-2.309724158347237211e+00
1.312500000000000000e+00,-2.283526180681533457e+00
1.311900000000000066e+00,-2.357760828387289731e+00
1.311600000000000099e+00,-2.213654117432239943e+00
1.311199999999999921e+00,-2.280014540463476180e+00
1.310599999999999987e+00,-2.202719391012214700e+00
1.310200000000000031e+00,-2.308540958328997306e+00
1.309900000000000064e+00,-2.391392696493160663e+00
1.309199999999999919e+00,-2.638273962808357354e+00
1.308799999999999963e+00,-2.482375519860247071e+00
1.308499999999999996e+00,-2.552102337918943586e+00
1.307900000000000063e+00,-2.548233660554233282e+00
1.307500000000000107e+00,-2.524448559947240156e+00
1.307099999999999929e+00,-2.494499133124938872e+00
1.306499999999999995e+00,-2.599905687474951321e+00
1.306100000000000039e+00,-2.522764966966656086e+00
1.305800000000000072e+00,-2.452041174886426589e+00
1.305099999999999927e+00,-2.428316164788807185e+00
1.304699999999999971e+00,-2.328820746718140988e+00
1.304200000000000026e+00,-2.340031236388318003e+00
1.303800000000000070e+00,-2.388181089385127187e+00
1.303500000000000103e+00,-2.442171165627227136e+00
1.302899999999999947e+00,-2.357620473079496737e+00
1.302499999999999991e+00,-2.520581913559166498e+00
1.301900000000000057e+00,-2.550912163891833284e+00
1.301500000000000101e+00,-2.589813975440308447e+00
1.301199999999999912e+00,-2.576859069542414282e+00
1.300499999999999989e+00,-2.580993609609116834e+00
1.300200000000000022e+00,-2.243075620232959366e+00
1.299600000000000088e+00,-2.074820580412612081e+00
1.299299999999999899e+00,-1.971675353095586614e+00
1.298999999999999932e+00,-1.847532256537831596e+00
1.298300000000000010e+00,-1.896284192174496619e+00
1.298000000000000043e+00,-2.159519290740180786e+00
1.297299999999999898e+00,-2.247964368907451327e+00
1.296999999999999931e+00,-2.345616326015071085e+00
1.296699999999999964e+00,-2.466135031776311770e+00
1.296100000000000030e+00,-2.420922174882489397e+00
1.295700000000000074e+00,-2.304619331112700564e+00
1.295400000000000107e+00,-2.404670027467414872e+00
1.294699999999999962e+00,-2.425863922861648536e+00
1.294000000000000039e+00,-2.493032316462362452e+00
1.293700000000000072e+00,-2.630624161436695196e+00
1.293099999999999916e+00,-2.693621534891887936e+00
1.292699999999999960e+00,-2.608093081463286556e+00
1.292100000000000026e+00,-2.672114415177839764e+00
1.291800000000000059e+00,-2.697880027684868232e+00
1.291500000000000092e+00,-2.668643002527726349e+00
1.290899999999999936e+00,-2.680711257150858451e+00
1.290599999999999969e+00,-2.585161490077647617e+00
1.290200000000000014e+00,-2.460381947922280155e+00
1.289500000000000091e+00,-2.386052589439663141e+00
1.289199999999999902e+00,-2.418912519726590382e+00
1.288799999999999946e+00,-2.462545051813286090e+00
1.288200000000000012e+00,-2.610236912574948054e+00
1.287900000000000045e+00,-2.602494213548717461e+00
1.287600000000000078e+00,-2.589987475726668542e+00
1.286999999999999922e+00,-2.585356430431784425e+00
1.286699999999999955e+00,-2.551596081185186993e+00
1.286000000000000032e+00,-2.557498050410056400e+00
1.285600000000000076e+00,-2.611408077621419022e+00
1.284899999999999931e+00,-2.621760121818417222e+00
1.284599999999999964e+00,-2.603978927602918159e+00
1.283900000000000041e+00,-2.620004044097540508e+00
1.283600000000000074e+00,-2.656335775807622035e+00
1.282999999999999918e+00,-2.593523599141167590e+00
1.282599999999999962e+00,-2.530526951161765403e+00
1.282200000000000006e+00,-2.416723276677939847e+00
1.281700000000000061e+00,-2.327732392122666916e+00
1.281400000000000095e+00,-2.257446720323047273e+00
1.281099999999999905e+00,-2.414916443805037449e+00
1.280399999999999983e+00,-2.639359392653390035e+00
1.280100000000000016e+00,-2.840116688668376188e+00
1.279400000000000093e+00,-2.928894842041951385e+00
1.278999999999999915e+00,-2.939359046829903566e+00
1.278399999999999981e+00,-2.887280644091744453e+00
1.278000000000000025e+00,-2.696453567347933955e+00
1.277700000000000058e+00,-2.575617436644805913e+00
1.277099999999999902e+00,-2.546805034829707992e+00
1.276699999999999946e+00,-2.465262977552757029e+00
1.276399999999999979e+00,-2.373433739730340886e+00
1.275700000000000056e+00,-2.458688722248025815e+00
1.275400000000000089e+00,-2.396894365200019639e+00
1.274999999999999911e+00,-2.352615832235394056e+00
1.274399999999999977e+00,-2.449198487016884584e+00
1.274100000000000010e+00,-2.411947932610125633e+00
1.273800000000000043e+00,-2.387350561214307554e+00
1.273099999999999898e+00,-2.471706984142341135e+00
1.272899999999999920e+00,-2.497443303483282140e+00
1.272599999999999953e+00,-2.463594345534225738e+00
1.271900000000000031e+00,-2.414266689950705924e+00
1.271600000000000064e+00,-2.390106243756601412e+00
1.271200000000000108e+00,-2.424609951201528446e+00
1.270599999999999952e+00,-2.589774735300004682e+00
1.270299999999999985e+00,-2.530614349697535292e+00
1.269700000000000051e+00,-2.605294217060821982e+00
1.269400000000000084e+00,-2.501232334787828471e+00
1.268999999999999906e+00,-2.444402579499100003e+00
1.268699999999999939e+00,-2.279901959902075337e+00
1.267900000000000027e+00,-2.429393978021915146e+00
1.267600000000000060e+00,-2.549889027381041284e+00
1.266899999999999915e+00,-2.709309296196199313e+00
1.266499999999999959e+00,-2.638949136491014702e+00
1.266299999999999981e+00,-2.626146142490903834e+00
1.265600000000000058e+00,-2.484433720450762717e+00
1.265300000000000091e+00,-2.388983410838430022e+00
1.264999999999999902e+00,-2.244412154459723752e+00
1.264299999999999979e+00,-2.298568725424277037e+00
1.264000000000000012e+00,-2.334960934951141542e+00
1.263600000000000056e+00,-2.340550600346963606e+00
1.263200000000000101e+00,-2.306981030370663710e+00
1.262599999999999945e+00,-2.317385940616423223e+00
1.262299999999999978e+00,-2.245839206214267136e+00
1.262000000000000011e+00,-2.239900474634709315e+00
1.261300000000000088e+00,-2.266215741755783775e+00
1.260999999999999899e+00,-2.285937683242783791e+00
1.260699999999999932e+00,-2.317676119148043057e+00
1.260299999999999976e+00,-2.375827266065527521e+00
1.259700000000000042e+00,-2.394252440356126055e+00
1.259300000000000086e+00,-2.441325417513739993e+00
1.258999999999999897e+00,-2.389915863868774526e+00
1.258699999999999930e+00,-2.347562739235947937e+00
1.258099999999999996e+00,-2.397560095260264923e+00
1.257700000000000040e+00,-2.243198167420773714e+00
1.257400000000000073e+00,-2.152534978967918455e+00
1.256699999999999928e+00,-2.053847434373978764e+00
1.256299999999999972e+00,-2.045956341728272232e+00
1.255900000000000016e+00,-1.908309196664292884e+00
1.255300000000000082e+00,-1.947599174530467714e+00
1.254999999999999893e+00,-1.963827197570822136e+00
1.254399999999999959e+00,-2.076172313281582582e+00
1.254099999999999993e+00,-2.018284132314918100e+00
1.253400000000000070e+00,-2.126458997610686463e+00
1.253100000000000103e+00,-2.144387156152310681e+00
1.252799999999999914e+00,-2.116166628511189973e+00
1.252099999999999991e+00,-1.919085100574730030e+00
1.251800000000000024e+00,-1.969074728263297880e+00
1.251400000000000068e+00,-1.894398904824651231e+00
1.250799999999999912e+00,-1.994767261610380649e+00
1.250399999999999956e+00,-2.023772694397518723e+00
1.250099999999999989e+00,-2.219666903038874928e+00
1.249400000000000066e+00,-2.274473587472875202e+00
1.249100000000000099e+00,-2.292317388213477081e+00
1.248799999999999910e+00,-2.169161517101558800e+00
1.248199999999999976e+00,-2.176301457084556468e+00
1.247800000000000020e+00,-2.236685338627142361e+00
1.247500000000000053e+00,-2.267304717416818161e+00
1.246799999999999908e+00,-2.386539558360684321e+00
1.246499999999999941e+00,-2.487167127061123750e+00
1.245700000000000029e+00,-2.447032916046282480e+00
1.245400000000000063e+00,-2.376864668602318709e+00
1.244699999999999918e+00,-2.240235716141208755e+00
1.244399999999999951e+00,-2.024623017971571848e+00
1.243999999999999995e+00,-2.016017047378887206e+00
1.243400000000000061e+00,-2.149992117043280970e+00
1.243000000000000105e+00,-2.085417938887806688e+00
1.242699999999999916e+00,-2.156031246244999533e+00
1.242099999999999982e+00,-2.361506554080378351e+00
1.241700000000000026e+00,-2.403925902809966875e+00
1.241100000000000092e+00,-2.363652283158407030e+00
1.240799999999999903e+00,-2.518127582998158420e+00
1.240499999999999936e+00,-2.706927661590419198e+00
1.239800000000000013e+00,-2.642522239945515938e+00
1.239500000000000046e+00,-2.580936747625384164e+00
1.239100000000000090e+00,-2.557320075581431595e+00
1.238399999999999945e+00,-2.465031832976360970e+00
1.238099999999999978e+00,-2.292606083780651893e+00
1.237700000000000022e+00,-2.376998620232800619e+00
1.237500000000000044e+00,-2.472421149039977450e+00
1.236799999999999899e+00,-2.457267428602610604e+00
1.236499999999999932e+00,-2.426098033127821463e+00
1.236099999999999977e+00,-2.375274593022364211e+00
1.235500000000000043e+00,-2.256402829237807772e+00
1.235200000000000076e+00,-2.165658068704889860e+00
1.234799999999999898e+00,-2.219532248779604089e+00
1.234099999999999975e+00,-2.303633701288554381e+00
1.233800000000000008e+00,-2.494497401038242579e+00
1.233100000000000085e+00,-2.497231377244363060e+00
1.232799999999999896e+00,-2.517761446572952533e+00
1.232399999999999940e+00,-2.441638136089912869e+00
1.231800000000000006e+00,-2.430374376995447783e+00
1.231500000000000039e+00,-2.305693036739331347e+00
1.231100000000000083e+00,-2.225876249538766505e+00
1.230499999999999927e+00,-2.190736779350415997e+00
1.230099999999999971e+00,-2.149562809368593896e+00
1.229800000000000004e+00,-2.033779940503327222e+00
1.229100000000000081e+00,-1.976631928417571515e+00
1.228699999999999903e+00,-2.000431834682236953e+00
1.228299999999999947e+00,-1.937869975229822295e+00
1.227700000000000014e+00,-1.975364771686360932e+00
1.227400000000000047e+00,-2.058178041054320229e+00
1.227100000000000080e+00,-2.001681124662729960e+00
1.226499999999999924e+00,-1.985580458852970187e+00
1.226199999999999957e+00,-2.049183658367065064e+00
1.225600000000000023e+00,-2.028170145472879771e+00
1.225200000000000067e+00,-2.114395703826654760e+00
1.224499999999999922e+00,-2.256840720711028592e+00
1.224199999999999955e+00,-2.428531451880849623e+00
1.223600000000000021e+00,-2.387025571681383518e+00
1.223200000000000065e+00,-2.343289364732381586e+00
1.222599999999999909e+00,-2.170306764637530694e+00
1.222199999999999953e+00,-2.081069622427988985e+00
1.221899999999999986e+00,-2.047461695222352329e+00
1.221200000000000063e+00,-2.231130983781637322e+00
1.220900000000000096e+00,-2.265489125983649377e+00
1.220499999999999918e+00,-2.432689264696280773e+00
1.219799999999999995e+00,-2.585240665999022358e+00
1.219400000000000039e+00,-2.590741479065600483e+00
1.219000000000000083e+00,-2.472670688216243917e+00
1.218299999999999939e+00,-2.468634902514088569e+00
1.217999999999999972e+00,-2.383437862354398362e+00
1.217300000000000049e+00,-2.236441254655912925e+00
1.216900000000000093e+00,-2.189547045955281046e+00
1.216699999999999893e+00,-2.160642972816595453e+00
1.216099999999999959e+00,-2.232394969306078281e+00
1.215799999999999992e+00,-2.241638844311250267e+00
1.215400000000000036e+00,-2.339093340527065301e+00
1.214800000000000102e+00,-2.504906365789483225e+00
1.214399999999999924e+00,-2.644165321594032836e+00
1.214099999999999957e+00,-2.786146685305606940e+00
1.213400000000000034e+00,-2.925934611367753124e+00
1.213100000000000067e+00,-3.043740856293053465e+00
1.212499999999999911e+00,-2.948552652962399545e+00
1.212199999999999944e+00,-2.933421226567894724e+00
1.211799999999999988e+00,-2.750656231623738179e+00
1.211100000000000065e+00,-2.642227805063346313e+00
1.210900000000000087e+00,-2.426319391464759612e+00
1.210499999999999909e+00,-2.330054952136145552e+00
1.209899999999999975e+00,-2.218445856345535372e+00
1.209500000000000020e+00,-2.233816148923539746e+00
1.208900000000000086e+00,-2.252818037999232192e+00
1.208599999999999897e+00,-2.328616208468331727e+00
1.208299999999999930e+00,-2.316970981439125943e+00
1.207600000000000007e+00,-2.374392072851949642e+00
1.207300000000000040e+00,-2.594567090903887596e+00
1.206599999999999895e+00,-2.680067670382952016e+00
1.206299999999999928e+00,-2.772591962414277855e+00
1.205699999999999994e+00,-2.921414613325929110e+00
1.205500000000000016e+00,-2.944853224506049916e+00
1.204900000000000082e+00,-2.833393325871458313e+00
1.204599999999999893e+00,-2.724908276082599556e+00
1.204299999999999926e+00,-2.513046766165483170e+00
1.203999999999999959e+00,-2.369953312073846963e+00
1.203300000000000036e+00,-2.283157617510994886e+00
1.203000000000000069e+00,-2.160207327933649779e+00
1.202299999999999924e+00,-2.081842509609050040e+00
1.201899999999999968e+00,-2.131730836510275839e+00
1.201500000000000012e+00,-2.088350698863234101e+00
1.200900000000000079e+00,-2.072387430462618862e+00
1.200599999999999890e+00,-2.020387185166921729e+00
1.200299999999999923e+00,-2.110473033212212357e+00
1.199699999999999989e+00,-2.194627525871767570e+00
1.199400000000000022e+00,-2.243249277227021832e+00
1.199100000000000055e+00,-2.330222423368444318e+00
1.198399999999999910e+00,-2.418161272684099750e+00
1.198099999999999943e+00,-2.424397062846805895e+00
1.197699999999999987e+00,-2.364679419610410616e+00
1.197000000000000064e+00,-2.373949724101681369e+00
1.196700000000000097e+00,-2.345321295200430978e+00
1.196399999999999908e+00,-2.309270206638514011e+00
1.195699999999999985e+00,-2.359947805208178817e+00
1.195400000000000018e+00,-2.407499224800907722e+00
1.195100000000000051e+00,-2.490952879109359142e+00
1.194499999999999895e+00,-2.472421919471196272e+00
1.194099999999999939e+00,-2.410489971734486314e+00
1.193500000000000005e+00,-2.142556656800076453e+00
1.193200000000000038e+00,-2.091669409711311101e+00
1.192800000000000082e+00,-1.973301409501776460e+00
1.192099999999999937e+00,-1.855598604481312419e+00
1.191799999999999971e+00,-1.769687697249361591e+00
1.191500000000000004e+00,-1.892942598389485420e+00
1.190900000000000070e+00,-1.883168143072128098e+00
1.190600000000000103e+00,-1.907581607557828907e+00
1.189899999999999958e+00,-1.962486201157464860e+00
1.189599999999999991e+00,-2.240757213728544972e+00
1.188900000000000068e+00,-2.337548251323262605e+00
1.188600000000000101e+00,-2.501252660450647980e+00
1.187899999999999956e+00,-2.651091799853594555e+00
1.187599999999999989e+00,-2.789832809992343066e+00
1.187200000000000033e+00,-2.715371020310525019e+00
1.186600000000000099e+00,-2.670111954231613183e+00
1.186299999999999910e+00,-2.542582819617805967e+00
1.185899999999999954e+00,-2.405137205181290039e+00
1.185200000000000031e+00,-2.250071484520693943e+00
1.184900000000000064e+00,-2.215606849634010889e+00
1.184500000000000108e+00,-2.173112151681727333e+00
1.184199999999999919e+00,-2.150013159581548816e+00
1.183599999999999985e+00,-2.211586211028904181e+00
1.183300000000000018e+00,-2.333578896870358577e+00
1.182900000000000063e+00,-2.460574272690196906e+00
1.182299999999999907e+00,-2.544333906129570000e+00
1.181999999999999940e+00,-2.515506945583445564e+00
1.181400000000000006e+00,-2.433496282271269351e+00
1.181000000000000050e+00,-2.332854300307052320e+00
1.180700000000000083e+00,-2.122076511526099551e+00
1.180099999999999927e+00,-2.142793248006841011e+00
1.179799999999999960e+00,-2.236724323558675565e+00
1.179499999999999993e+00,-2.184595427337371110e+00
1.178800000000000070e+00,-2.295406251180964752e+00
1.178500000000000103e+00,-2.345583206930929254e+00
1.178199999999999914e+00,-2.240645139960778742e+00
1.177599999999999980e+00,-2.134677314094279854e+00
1.177200000000000024e+00,-2.164911418733733495e+00
1.176900000000000057e+00,-2.097034532266978335e+00
1.176199999999999912e+00,-2.300483477298415291e+00
1.175899999999999945e+00,-2.468361578259747890e+00
1.175499999999999989e+00,-2.545745045769709503e+00
1.174900000000000055e+00,-2.636326582137332508e+00
1.174500000000000099e+00,-2.632826146783534327e+00
1.174199999999999910e+00,-2.528126813678144291e+00
1.173599999999999977e+00,-2.320574965483379604e+00
1.173200000000000021e+00,-2.217450817193766799e+00
1.172900000000000054e+00,-2.183200899433107356e+00
1.172299999999999898e+00,-2.199869285225836357e+00
1.171899999999999942e+00,-2.073294083950738553e+00
1.171200000000000019e+00,-2.204925065375229476e+00
1.170800000000000063e+00,-2.324352155918113727e+00
1.170199999999999907e+00,-2.206303157500366652e+00
1.169899999999999940e+00,-2.166950921624610782e+00
1.169200000000000017e+00,-2.290805148998653618e+00
1.168900000000000050e+00,-2.159405087084204311e+00
1.168299999999999894e+00,-2.207399756322253381e+00
1.167899999999999938e+00,-2.243514464466411784e+00
1.167599999999999971e+00,-2.183829539978143774e+00
1.167000000000000037e+00,-2.201689057111655412e+00
1.166600000000000081e+00,-2.353318979394780630e+00
1.165999999999999925e+00,-2.385387077804279610e+00
1.165599999999999969e+00,-2.572502686792599302e+00
1.165300000000000002e+00,-2.605358696026876864e+00
1.164700000000000069e+00,-2.644155754269322589e+00
1.164299999999999891e+00,-2.642581765032875118e+00
1.164099999999999913e+00,-2.638093849068323671e+00
1.163399999999999990e+00,-2.514746220363406337e+00
1.163100000000000023e+00,-2.571136411230884544e+00
1.162800000000000056e+00,-2.526776289946131016e+00
1.162099999999999911e+00,-2.445345366378221197e+00
1.161799999999999944e+00,-2.319471173898857153e+00
1.161499999999999977e+00,-2.267725209537524655e+00
1.160800000000000054e+00,-2.281798834751491700e+00
1.160500000000000087e+00,-2.196493821387396572e+00
1.160199999999999898e+00,-2.141587393825611585e+00
1.159599999999999964e+00,-2.132694663474349106e+00
1.159200000000000008e+00,-2.148881240544853188e+00
1.158600000000000074e+00,-2.219919814247517387e+00
1.158300000000000107e+00,-2.125750976359613631e+00
1.157999999999999918e+00,-2.096557643994356734e+00
1.157299999999999995e+00,-2.088250258875795407e+00
1.157000000000000028e+00,-2.187236494770872230e+00
1.156600000000000072e+00,-2.075266801677133621e+00
1.155899999999999928e+00,-2.257390959997662705e+00
1.155599999999999961e+00,-2.372125476235859232e+00
1.155200000000000005e+00,-2.511891327985626976e+00
1.154500000000000082e+00,-2.479812711706081085e+00
1.154199999999999893e+00,-2.524954180432026352e+00
1.153599999999999959e+00,-2.453877479933058936e+00
1.153299999999999992e+00,-2.566093440852374119e+00
1.152700000000000058e+00,-2.583406537077642451e+00
1.152400000000000091e+00,-2.677348687246394743e+00
1.151699999999999946e+00,-2.695752618505076192e+00
1.151399999999999979e+00,-2.738558946305535979e+00
1.150700000000000056e+00,-2.637296300445485464e+00
1.150400000000000089e+00,-2.618575280004808992e+00
1.149999999999999911e+00,-2.560807383733820775e+00
1.149299999999999988e+00,-2.521999690147242124e+00
1.149000000000000021e+00,-2.525082077307477579e+00
1.148800000000000043e+00,-2.607461195976157331e+00
1.148099999999999898e+00,-2.601947415776240113e+00
1.147799999999999931e+00,-2.532517077256518423e+00
1.147499999999999964e+00,-2.506238045409253878e+00
1.146900000000000031e+00,-2.456032719224399141e+00
1.146500000000000075e+00,-2.365391020350410045e+00
1.146200000000000108e+00,-2.328756961778866152e+00
1.145499999999999963e+00,-2.322147421495030173e+00
1.145199999999999996e+00,-2.359504190678068714e+00
1.144800000000000040e+00,-2.356857251550464660e+00
1.144200000000000106e+00,-2.360773311563118870e+00
1.143799999999999928e+00,-2.415604693849493501e+00
1.143199999999999994e+00,-2.597546490594460078e+00
1.142800000000000038e+00,-2.766386977970658467e+00
1.142500000000000071e+00,-2.892834045718911895e+00
1.141899999999999915e+00,-3.005672933626968302e+00
1.141599999999999948e+00,-3.026015445044966334e+00
1.141000000000000014e+00,-2.994154080200456036e+00
1.140700000000000047e+00,-2.957540258656521370e+00
1.140400000000000080e+00,-2.819642139826050720e+00
1.139699999999999935e+00,-2.779398414114730986e+00
1.139399999999999968e+00,-2.710674829971282396e+00
1.139100000000000001e+00,-2.661438654825015959e+00
1.138400000000000079e+00,-2.553361467325792944e+00
1.138099999999999890e+00,-2.538834629739611604e+00
1.137399999999999967e+00,-2.516213213761136824e+00
1.137100000000000000e+00,-2.504225403478499423e+00
1.136700000000000044e+00,-2.469333287239972030e+00
1.136100000000000110e+00,-2.388394343418171140e+00
1.135699999999999932e+00,-2.377282988550582843e+00
1.135399999999999965e+00,-2.297033460531422655e+00
1.134800000000000031e+00,-2.243050374872851638e+00
1.134400000000000075e+00,-2.329807061381000466e+00
1.133799999999999919e+00,-2.567945590148668078e+00
1.133399999999999963e+00,-2.731394164130207525e+00
1.132700000000000040e+00,-2.922099366928637920e+00
1.132400000000000073e+00,-3.096097127488067535e+00
1.132100000000000106e+00,-3.110131839300644963e+00
1.131399999999999961e+00,-2.993237122450448151e+00
1.131099999999999994e+00,-2.967678419171920989e+00
1.130800000000000027e+00,-2.844578568637345928e+00
1.130200000000000093e+00,-2.725404665564895801e+00
1.129799999999999915e+00,-2.615280161201438691e+00
1.129199999999999982e+00,-2.606113617461547349e+00
1.128800000000000026e+00,-2.597608692117836515e+00
1.128100000000000103e+00,-2.648959479459450872e+00
1.127799999999999914e+00,-2.756489792342942113e+00
1.127499999999999947e+00,-2.951577948927530670e+00
1.126900000000000013e+00,-3.088589603390534233e+00
1.126600000000000046e+00,-3.036992792703890665e+00
1.126300000000000079e+00,-3.016591487241121250e+00
1.125599999999999934e+00,-3.008314630781744548e+00
1.125299999999999967e+00,-2.950981228946603085e+00
1.124600000000000044e+00,-2.784094061462488501e+00
1.124200000000000088e+00,-2.697106632312262775e+00
1.123899999999999899e+00,-2.562536936997067638e+00
1.123499999999999943e+00,-2.339602317631000794e+00
1.122800000000000020e+00,-2.162782238544352698e+00
1.122400000000000064e+00,-2.171208959041853959e+00
1.122100000000000097e+00,-2.339918127758494837e+00
1.121399999999999952e+00,-2.526052118404647828e+00
1.120999999999999996e+00,-2.647869148502818071e+00
1.120700000000000029e+00,-2.618731706446053575e+00
1.120100000000000096e+00,-2.630144924070793255e+00
1.119799999999999907e+00,-2.609494204710016696e+00
1.119499999999999940e+00,-2.548896328018051882e+00
1.118800000000000017e+00,-2.534457637276554820e+00
1.118500000000000050e+00,-2.598245384709124473e+00
1.117799999999999905e+00,-2.584151304640264435e+00
1.117499999999999938e+00,-2.571147335251738664e+00
1.117099999999999982e+00,-2.542129289079542165e+00
1.116500000000000048e+00,-2.513075151122784678e+00
1.116200000000000081e+00,-2.588885125818923605e+00
1.115899999999999892e+00,-2.609550538181654389e+00
1.115199999999999969e+00,-2.638536973658400786e+00
1.114900000000000002e+00,-2.683815999895977633e+00
1.114600000000000035e+00,-2.746302701812502800e+00
1.113899999999999890e+00,-2.693023021592411137e+00
1.113499999999999934e+00,-2.738653808754543117e+00
1.113099999999999978e+00,-2.609545973170090960e+00
1.112400000000000055e+00,-2.478608834413920103e+00
1.112100000000000088e+00,-2.512116664638713637e+00
1.111799999999999899e+00,-2.429222418666582506e+00
1.111199999999999966e+00,-2.426541377468643734e+00
1.110899999999999999e+00,-2.418405945989881900e+00
1.110600000000000032e+00,-2.420004482927978540e+00
1.109900000000000109e+00,-2.259231086295249380e+00
1.109599999999999920e+00,-2.328326528365648684e+00
1.109199999999999964e+00,-2.243584135774578936e+00
1.108600000000000030e+00,-2.333973258247940219e+00
1.108200000000000074e+00,-2.369404183421713661e+00
1.107900000000000107e+00,-2.405243461568590035e+00
1.107199999999999962e+00,-2.378468695967972391e+00
1.106600000000000028e+00,-2.388334102065708731e+00
1.106200000000000072e+00,-2.290398639933494351e+00
1.105499999999999927e+00,-2.375447507438899208e+00
1.105199999999999960e+00,-2.400115296290472600e+00
1.104899999999999993e+00,-2.457509135225105723e+00
1.104200000000000070e+00,-2.503424159232825463e+00
1.103900000000000103e+00,-2.664869778795930788e+00
1.103599999999999914e+00,-2.686896394309412628e+00
1.103199999999999958e+00,-2.787743659168756327e+00
1.102500000000000036e+00,-2.710821183062872564e+00
1.102200000000000069e+00,-2.573126720887553009e+00
1.101900000000000102e+00,-2.466262382887773885e+00
1.101199999999999957e+00,-2.418978886411238260e+00
1.100899999999999990e+00,-2.400448940128863118e+00
1.100500000000000034e+00,-2.533580759142006755e+00
1.099900000000000100e+00,-2.775619090554515278e+00
1.099599999999999911e+00,-2.869276247619845233e+00
1.099299999999999944e+00,-2.883600654786655504e+00
1.098700000000000010e+00,-2.816936757138177594e+00
1.098300000000000054e+00,-2.678203869338480203e+00
1.097699999999999898e+00,-2.494965339531474147e+00
1.097399999999999931e+00,-2.385684064180049191e+00
1.097099999999999964e+00,-2.317171778079274436e+00
1.096400000000000041e+00,-2.327716133276036548e+00
1.096100000000000074e+00,-2.317995039800013757e+00
1.095699999999999896e+00,-2.271887722589960301e+00
1.095099999999999962e+00,-2.264847412066228749e+00
1.094700000000000006e+00,-2.191327672373122315e+00
1.094300000000000050e+00,-2.240126457058733145e+00
1.093599999999999905e+00,-2.278530161816949562e+00
1.093299999999999939e+00,-2.375007488253644272e+00
1.092999999999999972e+00,-2.385822403230819511e+00
1.092300000000000049e+00,-2.498453606382122771e+00
1.092000000000000082e+00,-2.492123614903918316e+00
1.091699999999999893e+00,-2.615475096376107533e+00
1.091099999999999959e+00,-2.700868034757886171e+00
1.090700000000000003e+00,-2.849072941855379515e+00
1.090100000000000069e+00,-2.942547895984359840e+00
1.089800000000000102e+00,-3.073609687769263576e+00
1.088999999999999968e+00,-3.093432290124931150e+00
1.088700000000000001e+00,-3.017183788922017662e+00
1.088300000000000045e+00,-2.874620381426995497e+00
1.087699999999999889e+00,-2.778038388897563493e+00
1.087399999999999922e+00,-2.649216454355118877e+00
1.087099999999999955e+00,-2.566033502683640055e+00
1.086500000000000021e+00,-2.573619443225760861e+00
1.086100000000000065e+00,-2.536345141812834658e+00
1.085499999999999909e+00,-2.450545311606100451e+00
1.085199999999999942e+00,-2.363724708199232971e+00
1.084899999999999975e+00,-2.360100312430724045e+00
1.084200000000000053e+00,-2.452925740037414926e+00
1.083800000000000097e+00,-2.526170261534788075e+00
1.083199999999999941e+00,-2.585438416448093690e+00
1.082899999999999974e+00,-2.680876341233928706e+00
1.082600000000000007e+00,-2.606867920102728942e+00
1.081900000000000084e+00,-2.348985505701284282e+00
1.081299999999999928e+00,-2.299497725800347947e+00
1.080899999999999972e+00,-2.388688984015507888e+00
1.080600000000000005e+00,-2.401254559631083030e+00
1.080000000000000071e+00,-2.437453639008435591e+00
1.079599999999999893e+00,-2.607202046798762218e+00
1.079299999999999926e+00,-2.648046637406253900e+00
1.078600000000000003e+00,-2.562911296270509176e+00
1.078300000000000036e+00,-2.494003387657206527e+00
1.077900000000000080e+00,-2.480090601004736328e+00
1.077199999999999935e+00,-2.488594215596384718e+00
1.076899999999999968e+00,-2.465644138139044816e+00
1.076300000000000034e+00,-2.545503098138612863e+00
1.075900000000000079e+00,-2.577302746661902511e+00
1.075599999999999890e+00,-2.577771999426603511e+00
1.074999999999999956e+00,-2.416593313642190211e+00
1.074600000000000000e+00,-2.418542036907167514e+00
1.074300000000000033e+00,-2.282594196046094925e+00
1.073700000000000099e+00,-2.184448648298864537e+00
1.073299999999999921e+00,-2.171006377828799128e+00
1.072999999999999954e+00,-2.352208266266642145e+00
1.072400000000000020e+00,-2.451123851165970535e+00
1.072000000000000064e+00,-2.587071042121080744e+00
1.071700000000000097e+00,-2.700981919809830600e+00
1.071099999999999941e+00,-2.788682335832515236e+00
1.070699999999999985e+00,-2.875993716394686928e+00
1.070100000000000051e+00,-2.877408384300561561e+00
1.069800000000000084e+00,-2.823580602413222618e+00
1.069499999999999895e+00,-2.758299175299738781e+00
1.068799999999999972e+00,-2.766225875709404924e+00
1.068500000000000005e+00,-2.674405798540335777e+00
1.068200000000000038e+00,-2.759231243871507200e+00
1.067499999999999893e+00,-2.831863205318418952e+00
1.067199999999999926e+00,-2.910466047302551207e+00
1.066500000000000004e+00,-2.896786835040743302e+00
1.066200000000000037e+00,-2.928281351099737417e+00
1.065600000000000103e+00,-2.894086449060639943e+00
1.065299999999999914e+00,-2.870638878365860958e+00
1.064599999999999991e+00,-2.920978252264894159e+00
1.064200000000000035e+00,-2.857032165706485660e+00
1.063900000000000068e+00,-2.794447001453204127e+00
1.063199999999999923e+00,-2.723551058232409616e+00
1.062899999999999956e+00,-2.854681618889576278e+00
1.062200000000000033e+00,-2.960162672141219975e+00
1.061900000000000066e+00,-3.083330253883798555e+00
1.061600000000000099e+00,-3.184306057781582933e+00
1.061199999999999921e+00,-3.289160990337658408e+00
1.060499999999999998e+00,-3.280521551892179755e+00
1.060200000000000031e+00,-3.220864077699003403e+00
1.059800000000000075e+00,-3.265948984923772613e+00
1.059199999999999919e+00,-3.235814615162313501e+00
1.058899999999999952e+00,-3.229307965005034475e+00
1.058599999999999985e+00,-3.159062689939151625e+00
1.058000000000000052e+00,-3.176657360348666970e+00
1.057700000000000085e+00,-3.178388647217533780e+00
1.056999999999999940e+00,-3.263555719988653347e+00
1.056699999999999973e+00,-3.212163910939757727e+00
1.056300000000000017e+00,-3.156627137950451800e+00
1.055700000000000083e+00,-3.080382595066488705e+00
1.055399999999999894e+00,-2.975132278340564262e+00
1.054999999999999938e+00,-2.810129744757472459e+00
1.054400000000000004e+00,-2.738994981342224300e+00
1.054000000000000048e+00,-2.751717319932345251e+00
1.053399999999999892e+00,-2.718703865283167431e+00
1.053099999999999925e+00,-2.603104440211390092e+00
1.052699999999999969e+00,-2.531373862532382280e+00
1.052100000000000035e+00,-2.537734611404995899e+00
1.051800000000000068e+00,-2.581313248155303608e+00
1.051500000000000101e+00,-2.568038668737115948e+00
1.050799999999999956e+00,-2.664630191530625858e+00
1.050400000000000000e+00,-2.833081840299123133e+00
1.050100000000000033e+00,-2.829295616374738476e+00
1.049400000000000110e+00,-2.730149727667163795e+00
1.049099999999999921e+00,-2.730243392891906762e+00
1.048699999999999966e+00,-2.692166269753770713e+00
1.048100000000000032e+00,-2.542262561991415204e+00
1.047800000000000065e+00,-2.471862970499227874e+00
1.047099999999999920e+00,-2.626840462203461346e+00
1.046799999999999953e+00,-2.730621336699823321e+00
1.046499999999999986e+00,-2.769931762947597242e+00
1.045800000000000063e+00,-2.856207118714093607e+00
1.045500000000000096e+00,-2.881147848555198898e+00
1.045199999999999907e+00,-2.760506913521698635e+00
1.044599999999999973e+00,-2.691561893764515823e+00
1.044200000000000017e+00,-2.742734456207540639e+00
1.043900000000000050e+00,-2.851593316225142782e+00
1.043199999999999905e+00,-3.059455804453603545e+00
1.042899999999999938e+00,-3.246441059195359635e+00
1.042300000000000004e+00,-3.269869813526948832e+00
1.041900000000000048e+00,-3.328395069439327170e+00
1.041299999999999892e+00,-3.234863403685228622e+00
1.040899999999999936e+00,-3.070251468492712910e+00
1.040599999999999969e+00,-2.940050347403910802e+00
1.040000000000000036e+00,-3.008774221963383955e+00
1.039600000000000080e+00,-2.950049549415023620e+00
1.039299999999999891e+00,-3.057423299356598623e+00
1.038699999999999957e+00,-3.018574517031635818e+00
1.038399999999999990e+00,-3.011062814460840897e+00
1.038000000000000034e+00,-2.793797163242184300e+00
1.037300000000000111e+00,-2.724066176864325950e+00
1.036999999999999922e+00,-2.704602992720239740e+00
1.036299999999999999e+00,-2.863377317761095497e+00
1.036000000000000032e+00,-2.927889434496122600e+00
1.035700000000000065e+00,-2.969858543844794418e+00
1.035400000000000098e+00,-2.800332480079326114e+00
1.034699999999999953e+00,-2.550359004042934696e+00
1.034399999999999986e+00,-2.335941822251275113e+00
1.034100000000000019e+00,-2.222552688143364374e+00
1.033400000000000096e+00,-2.268142424872998664e+00
1.033099999999999907e+00,-2.418424732799628885e+00
1.032399999999999984e+00,-2.615272161800297201e+00
1.032100000000000017e+00,-2.717523563393886565e+00
1.031800000000000050e+00,-2.676851884494402256e+00
1.031099999999999905e+00,-2.612786569638758660e+00
1.030699999999999950e+00,-2.754704638028293573e+00
1.030399999999999983e+00,-2.920564960277038935e+00
1.029700000000000060e+00,-3.119645226704603758e+00
1.029400000000000093e+00,-3.364760073689687658e+00
1.028799999999999937e+00,-3.528112572966369154e+00
1.028499999999999970e+00,-3.454609101584404929e+00
1.028100000000000014e+00,-3.160160016002222072e+00
1.027700000000000058e+00,-2.987956693464854929e+00
1.027099999999999902e+00,-2.862818317051762929e+00
1.026799999999999935e+00,-2.865589421804926040e+00
1.026100000000000012e+00,-3.019380961321593837e+00
1.025800000000000045e+00,-3.270863660082001800e+00
1.025099999999999900e+00,-3.381651601126467011e+00
1.024799999999999933e+00,-3.398725645502587600e+00
1.024399999999999977e+00,-3.358406725247065072e+00
1.023800000000000043e+00,-3.231092597670015554e+00
1.023500000000000076e+00,-2.950242026217020364e+00
1.023200000000000109e+00,-2.702468708639382822e+00
1.022499999999999964e+00,-2.510234971906111223e+00
1.022100000000000009e+00,-2.432661271898339805e+00
1.021800000000000042e+00,-2.369470064464695991e+00
1.021200000000000108e+00,-2.401566513434982841e+00
1.020799999999999930e+00,-2.430169871407150683e+00
1.020499999999999963e+00,-2.458895937115790353e+00
1.019800000000000040e+00,-2.387491811439435008e+00
1.019500000000000073e+00,-2.279375010927897627e+00
1.019200000000000106e+00,-2.174413016493570439e+00
1.018499999999999961e+00,-2.154005183221952002e+00
1.018100000000000005e+00,-2.205471174668294232e+00
1.017500000000000071e+00,-2.337831103809417943e+00
1.017200000000000104e+00,-2.432484870052153969e+00
1.016499999999999959e+00,-2.630355542558304727e+00
1.016199999999999992e+00,-2.656488070935936197e+00
1.015900000000000025e+00,-2.562685803902675641e+00
1.015099999999999891e+00,-2.428643612011338604e+00
1.014799999999999924e+00,-2.500582162395237340e+00
1.014100000000000001e+00,-2.490123441932778903e+00
1.013800000000000034e+00,-2.514933629269022752e+00
1.013200000000000101e+00,-2.590942167578214050e+00
1.012799999999999923e+00,-2.715615690305761554e+00
1.012199999999999989e+00,-2.744133932031933565e+00
1.011800000000000033e+00,-2.766106633292908512e+00
1.011200000000000099e+00,-2.752569922791769930e+00
1.010799999999999921e+00,-2.742952985611279981e+00
1.010499999999999954e+00,-2.727792026061548469e+00
1.009900000000000020e+00,-2.687802112754100747e+00
1.009600000000000053e+00,-2.782491279547938401e+00
1.008899999999999908e+00,-2.909873015431718724e+00
1.008599999999999941e+00,-2.985372687756837617e+00
1.008299999999999974e+00,-2.918209546762529083e+00
1.007900000000000018e+00,-2.919446471309206093e+00
1.007200000000000095e+00,-2.864146321742144785e+00
1.006899999999999906e+00,-2.905246765593505476e+00
1.006599999999999939e+00,-2.955379489174014829e+00
1.005800000000000027e+00,-2.985282461359928252e+00
1.005500000000000060e+00,-2.931627542016035370e+00
1.005200000000000093e+00,-2.794400384066031418e+00
1.004599999999999937e+00,-2.638385648000007855e+00
1.004299999999999971e+00,-2.396643254649055699e+00
1.004000000000000004e+00,-2.375375313483363282e+00
1.003300000000000081e+00,-2.361299886021461791e+00
1.002999999999999892e+00,-2.405893280890969432e+00
1.002599999999999936e+00,-2.422018471411047091e+00
1.002000000000000002e+00,-2.488653630604020783e+00
1.001600000000000046e+00,-2.481592180486325017e+00
1.001300000000000079e+00,-2.488660892570326855e+00
1.000999999999999890e+00,-2.489890844591946539e+00
1.000299999999999967e+00,-2.472087616105789198e+00
9.999000000000000110e-01,-2.616579645293992673e+00
9.991999999999999771e-01,-2.793932675940469235e+00
9.989000000000000101e-01,-2.877430669297742494e+00
9.986000000000000432e-01,-2.997236122286583981e+00
9.979000000000000092e-01,-3.099869484540773712e+00
9.976000000000000423e-01,-3.053836709152879525e+00
9.969999999999999973e-01,-2.971776272158166421e+00
9.967000000000000304e-01,-2.946865415464627880e+00
9.962999999999999634e-01,-2.921602310023696525e+00
9.957000000000000295e-01,-2.840527799877201609e+00
9.953999999999999515e-01,-2.951732241062154927e+00
9.949999999999999956e-01,-2.836151537305986459e+00
9.943999999999999506e-01,-2.693322786211926889e+00
9.939999999999999947e-01,-2.557865626185984453e+00
9.937000000000000277e-01,-2.608199920252629589e+00
9.929999999999999938e-01,-2.538794767827645682e+00
9.927000000000000268e-01,-2.686542012956538716e+00
9.923999999999999488e-01,-2.845020804496944944e+00
9.917000000000000259e-01,-3.028528309583500278e+00
9.913999999999999480e-01,-2.966422807570145981e+00
9.909999999999999920e-01,-2.883104008873371704e+00
9.902999999999999581e-01,-2.724285585168073620e+00
9.899999999999999911e-01,-2.610143935147801741e+00
9.893999999999999462e-01,-2.492864947412909427e+00
9.890999999999999792e-01,-2.652996547334862676e+00
9.883999999999999453e-01,-2.669597200387618940e+00
9.880999999999999783e-01,-2.661761439766430204e+00
9.878000000000000114e-01,-2.649028071156911412e+00
9.875000000000000444e-01,-2.704373524430314646e+00
9.868000000000000105e-01,-2.653675642504960130e+00
9.864000000000000545e-01,-2.734779284246091624e+00
9.860999999999999766e-01,-2.861177663748826205e+00
9.858000000000000096e-01,-2.920999972403914846e+00
9.850999999999999757e-01,-2.860112370064171738e+00
9.848000000000000087e-01,-2.813154116796112714e+00
9.844000000000000528e-01,-2.886669555835497114e+00
9.838000000000000078e-01,-2.801099911964033407e+00
9.835000000000000409e-01,-2.763162437789401515e+00
9.830999999999999739e-01,-2.692929508690267149e+00
9.825000000000000400e-01,-2.689126954860399099e+00
9.821999999999999620e-01,-2.442658163071820265e+00
9.815000000000000391e-01,-2.430234072286763247e+00
9.812999999999999501e-01,-2.420542647032786210e+00
9.808999999999999941e-01,-2.444205215832717659e+00
9.802999999999999492e-01,-2.468016125756755663e+00
9.799999999999999822e-01,-2.629154205731898397e+00
9.792999999999999483e-01,-2.609387093154835746e+00
9.789999999999999813e-01,-2.750825465302475514e+00
9.782999999999999474e-01,-2.837849689449334356e+00
9.778999999999999915e-01,-2.778090208790662263e+00
9.771999999999999575e-01,-2.760130141060412878e+00
9.768999999999999906e-01,-2.940601820410615463e+00
9.766000000000000236e-01,-3.013913462725781311e+00
9.758999999999999897e-01,-3.011673914583568035e+00
9.756000000000000227e-01,-3.108010960213291707e+00
9.752999999999999448e-01,-3.005914041668000802e+00
9.747000000000000108e-01,-2.967833144741083284e+00
9.744000000000000439e-01,-2.785604748988257384e+00
9.740999999999999659e-01,-2.765839987474150163e+00
9.734000000000000430e-01,-2.652419813370943125e+00
9.730999999999999650e-01,-2.686512322352951898e+00
9.727999999999999980e-01,-2.687306755471130515e+00
9.719999999999999751e-01,-2.894049344794313861e+00
9.717000000000000082e-01,-2.892065260063636511e+00
9.713000000000000522e-01,-2.944911914225800675e+00
9.707000000000000073e-01,-2.964559239741204610e+00
9.703000000000000513e-01,-2.779858106417842922e+00
9.699999999999999734e-01,-2.479097255335405148e+00
9.694000000000000394e-01,-2.281468747023507326e+00
9.690999999999999615e-01,-2.232331011205734850e+00
9.684000000000000385e-01,-2.282430783532574115e+00
9.680999999999999606e-01,-2.477354958597965950e+00
9.675000000000000266e-01,-2.544047511893188229e+00
9.671999999999999487e-01,-2.710069157343952817e+00
9.665000000000000258e-01,-2.799110652010050604e+00
9.660999999999999588e-01,-2.812144158422236195e+00
9.655000000000000249e-01,-2.747503718225074998e+00
9.651999999999999469e-01,-2.900365862891218782e+00
9.647999999999999909e-01,-2.932566735104613631e+00
9.640999999999999570e-01,-2.847758194735594550e+00
9.637999999999999901e-01,-2.747656274881549177e+00
9.635000000000000231e-01,-2.682619086093740446e+00
9.628999999999999782e-01,-2.627217014616045621e+00
9.626000000000000112e-01,-2.686254269055610155e+00
9.619999999999999662e-01,-2.836603209438182116e+00
9.616000000000000103e-01,-2.971646381005610404e+00
9.613000000000000433e-01,-3.085875559717398797e+00
9.606000000000000094e-01,-3.139856881751446060e+00
9.603000000000000425e-01,-3.154289476246518564e+00
9.596000000000000085e-01,-3.179666996214747243e+00
9.593000000000000416e-01,-3.155214754641533226e+00
9.589999999999999636e-01,-3.167983325686186014e+00
9.583000000000000407e-01,-3.115709169125013833e+00
9.579999999999999627e-01,-3.043076595315719057e+00
9.576999999999999957e-01,-2.898793753691175645e+00
9.569999999999999618e-01,-2.771760398111722257e+00
9.566999999999999948e-01,-2.665821100760468187e+00
9.564000000000000279e-01,-2.548108032460194572e+00
9.560999999999999499e-01,-2.521224729182813817e+00
9.554000000000000270e-01,-2.568803920194873136e+00
9.550999999999999490e-01,-2.594939188255429574e+00
9.545000000000000151e-01,-2.679781051626028976e+00
9.540999999999999481e-01,-2.900329560223680048e+00
9.537999999999999812e-01,-2.993537576022331503e+00
9.530999999999999472e-01,-3.010015964502732455e+00
9.527999999999999803e-01,-3.035188530623456060e+00
9.524000000000000243e-01,-3.002271960365066050e+00
9.517999999999999794e-01,-2.806310485040375280e+00
9.515000000000000124e-01,-2.637981189018423489e+00
9.512000000000000455e-01,-2.555897734831669155e+00
9.506000000000000005e-01,-2.695000032651162503e+00
9.503000000000000336e-01,-2.817310005497342118e+00
9.499999999999999556e-01,-2.926461106512734389e+00
9.493000000000000327e-01,-3.120792605898481398e+00
9.489999999999999547e-01,-3.199385319341274680e+00
9.483000000000000318e-01,-3.045837264465667271e+00
9.475999999999999979e-01,-2.920387626126341729e+00
9.473000000000000309e-01,-2.802496944344368135e+00
9.465999999999999970e-01,-2.693167968104426269e+00
9.463000000000000300e-01,-2.785571241752937688e+00
9.455999999999999961e-01,-2.987883317581430109e+00
9.454000000000000181e-01,-3.044937346077525309e+00
9.449999999999999512e-01,-3.174110224123394719e+00
9.443000000000000282e-01,-3.252088036897748502e+00
9.439999999999999503e-01,-3.007596053760941412e+00
9.433000000000000274e-01,-2.858527158970669557e+00
9.429999999999999494e-01,-2.874415370711647100e+00
9.425999999999999934e-01,-2.876260894963955650e+00
9.418999999999999595e-01,-2.917548558179494655e+00
9.415999999999999925e-01,-2.981748414353224685e+00
9.408999999999999586e-01,-3.056089817708163014e+00
9.405999999999999917e-01,-3.041852340258943688e+00
9.403000000000000247e-01,-3.003123540440411077e+00
9.399999999999999467e-01,-2.840927748029298261e+00
9.394000000000000128e-01,-2.922397864767722897e+00
9.389999999999999458e-01,-2.791570326961811954e+00
9.386999999999999789e-01,-2.679812420307015053e+00
9.379999999999999449e-01,-2.567811031286837409e+00
9.376999999999999780e-01,-2.546993536044483974e+00
9.373000000000000220e-01,-2.416079632593659543e+00
9.365999999999999881e-01,-2.454497877678873952e+00
9.363000000000000211e-01,-2.576072039247589984e+00
9.358999999999999542e-01,-2.777076509578313424e+00
9.353000000000000203e-01,-2.969000346683126068e+00
9.345999999999999863e-01,-3.168319199082225701e+00
9.343000000000000194e-01,-3.197167920804822039e+00
9.340000000000000524e-01,-3.202305014733120014e+00
9.336999999999999744e-01,-3.283206215684842277e+00
9.330000000000000515e-01,-3.331056768437479221e+00
9.326999999999999735e-01,-3.322783227265035944e+00
9.324000000000000066e-01,-3.403385639718370381e+00
9.316999999999999726e-01,-3.367701389423438663e+00
9.314000000000000057e-01,-3.176647000192045489e+00
9.310000000000000497e-01,-3.000991670502606290e+00
9.304000000000000048e-01,-2.831413845907349014e+00
9.301000000000000378e-01,-2.657507522078605966e+00
9.296999999999999709e-01,-2.775023167110590716e+00
9.290000000000000480e-01,-2.959318214349748732e+00
9.287999999999999590e-01,-3.120920177422381148e+00
9.284000000000000030e-01,-3.274764636740090218e+00
9.276999999999999691e-01,-3.350194036135512032e+00
9.274000000000000021e-01,-3.294690305268022090e+00
9.271000000000000352e-01,-3.086926175270287676e+00
9.264000000000000012e-01,-3.002743206924896047e+00
9.260000000000000453e-01,-2.966987708239443577e+00
9.256999999999999673e-01,-3.013972686345400831e+00
9.251000000000000334e-01,-2.980623413069427574e+00
9.246999999999999664e-01,-3.071977503747713723e+00
9.243999999999999995e-01,-2.971104200320262567e+00
9.236999999999999655e-01,-2.982686071630880065e+00
9.231000000000000316e-01,-3.080962011393906241e+00
9.227999999999999536e-01,-3.066495492942133971e+00
9.221000000000000307e-01,-3.104364131997494169e+00
9.217999999999999527e-01,-3.294405299832103839e+00
9.214999999999999858e-01,-3.308948566576597194e+00
9.207999999999999519e-01,-3.297063709128411624e+00
9.204999999999999849e-01,-3.275205444749074157e+00
9.197999999999999510e-01,-3.316383249070687267e+00
9.193999999999999950e-01,-3.282427695815159918e+00
9.191000000000000281e-01,-3.259770637905334834e+00
9.184999999999999831e-01,-3.177301937178356628e+00
9.181000000000000272e-01,-3.266415501439468461e+00
9.177999999999999492e-01,-3.101050010705652671e+00
9.171000000000000263e-01,-2.939961467458562794e+00
9.167999999999999483e-01,-2.759565333792790565e+00
9.163999999999999924e-01,-2.646317185808211292e+00
9.157999999999999474e-01,-2.608591281207939261e+00
9.154999999999999805e-01,-2.702400335965193801e+00
9.147999999999999465e-01,-2.835276676077247426e+00
9.144999999999999796e-01,-3.167779542355420030e+00
9.142000000000000126e-01,-3.311614399919282636e+00
9.135999999999999677e-01,-3.306187815068085012e+00
9.132000000000000117e-01,-3.247396670236213367e+00
9.129000000000000448e-01,-3.164808396788621359e+00
9.122000000000000108e-01,-2.980104964735441619e+00
9.119000000000000439e-01,-2.898097475063365902e+00
9.112000000000000099e-01,-2.876017679029341245e+00
9.109000000000000430e-01,-2.879535530973253987e+00
9.104999999999999760e-01,-2.929426233825027648e+00
9.098000000000000531e-01,-2.916852573275063865e+00
9.094999999999999751e-01,-2.965203937720650718e+00
9.092000000000000082e-01,-2.981530854501701633e+00
9.084999999999999742e-01,-2.951313125070520460e+00
9.082000000000000073e-01,-2.987648644180995738e+00
9.074999999999999734e-01,-3.032916465544321927e+00
9.072000000000000064e-01,-3.071742865398130462e+00
9.068000000000000504e-01,-3.048190151151430882e+00
9.064999999999999725e-01,-3.195884000904702926e+00
9.058000000000000496e-01,-3.180032624433837718e+00
9.054999999999999716e-01,-3.141827658918738830e+00
9.048000000000000487e-01,-3.080408848128434851e+00
9.043999999999999817e-01,-3.141635943298970446e+00
9.041000000000000147e-01,-2.972244729612938396e+00
9.034999999999999698e-01,-2.820379927593874569e+00
9.032000000000000028e-01,-2.805625599403283044e+00
9.029000000000000359e-01,-2.741669134718460743e+00
9.025999999999999579e-01,-2.644371832587755211e+00
9.019000000000000350e-01,-2.762769433603817770e+00
9.015999999999999570e-01,-2.896186872850814442e+00
9.009000000000000341e-01,-2.885649622650365842e+00
9.004999999999999671e-01,-2.907980285231925865e+00
9.002000000000000002e-01,-2.813460355735042384e+00
8.994999999999999662e-01,-2.625117783049690789e+00
8.991999999999999993e-01,-2.546287906604327578e+00
8.989000000000000323e-01,-2.684137245353712675e+00
8.981999999999999984e-01,-2.650795193006871830e+00
8.979000000000000314e-01,-2.650745252385233730e+00
8.974999999999999645e-01,-2.806182888664410235e+00
8.969000000000000306e-01,-2.843487686224610567e+00
8.964999999999999636e-01,-2.697568830715701971e+00
8.961999999999999966e-01,-2.670795797981573294e+00
8.954999999999999627e-01,-2.741941065053099535e+00
8.951999999999999957e-01,-2.745760384335049764e+00
8.944999999999999618e-01,-2.763565941593659758e+00
8.941999999999999948e-01,-2.823029674759447438e+00
8.939000000000000279e-01,-2.914724876520446983e+00
8.931999999999999940e-01,-2.998400931109312939e+00
8.929000000000000270e-01,-3.013853226749851899e+00
8.921999999999999931e-01,-3.002082335196443186e+00
8.919000000000000261e-01,-3.045656014525055522e+00
8.914999999999999591e-01,-3.160003380939802042e+00
8.908000000000000362e-01,-3.105327150718095730e+00
8.904999999999999583e-01,-3.169515898392150088e+00
8.898000000000000353e-01,-3.307567794752775292e+00
8.894999999999999574e-01,-3.415312277263438112e+00
8.889000000000000234e-01,-3.382100986817071497e+00
8.885999999999999455e-01,-3.485394047799683648e+00
8.881999999999999895e-01,-3.433501967890494999e+00
8.874999999999999556e-01,-3.364796816811843616e+00
8.870999999999999996e-01,-3.162253864819886129e+00
8.868000000000000327e-01,-3.161667786149291448e+00
8.860999999999999988e-01,-3.161747371063228229e+00
8.858000000000000318e-01,-3.162874937300552691e+00
8.853999999999999648e-01,-2.993924897763122761e+00
8.848000000000000309e-01,-2.972120104458852996e+00
8.844999999999999529e-01,-2.793886866660488799e+00
8.841999999999999860e-01,-2.675537500757274589e+00
8.834999999999999520e-01,-2.579178300022300085e+00
8.830999999999999961e-01,-2.478219850493290632e+00
8.828000000000000291e-01,-2.448800036528309132e+00
8.823999999999999622e-01,-2.555444759590741466e+00
8.818000000000000282e-01,-2.465574239390588840e+00
8.813999999999999613e-01,-2.495414839357446013e+00
8.810000000000000053e-01,-2.764366007129148706e+00
8.803999999999999604e-01,-2.883200202281055446e+00
8.800999999999999934e-01,-2.877151078591044797e+00
8.793999999999999595e-01,-2.902775282486447228e+00
8.790999999999999925e-01,-2.808198312317933265e+00
8.788000000000000256e-01,-2.629911460559075653e+00
8.780999999999999917e-01,-2.569465500577017281e+00
8.778000000000000247e-01,-2.535162266768253847e+00
8.771999999999999797e-01,-2.687099622814548283e+00
8.769000000000000128e-01,-2.847859720154777285e+00
8.766000000000000458e-01,-3.105883801084452944e+00
8.759000000000000119e-01,-3.147036256830604284e+00
8.756000000000000449e-01,-3.275697950629596900e+00
8.751999999999999780e-01,-3.313456922519886216e+00
8.746000000000000441e-01,-3.257743260037526234e+00
8.741999999999999771e-01,-3.125350886010180851e+00
8.739000000000000101e-01,-3.127249546952815429e+00
8.732999999999999652e-01,-3.219068297450888405e+00
8.729999999999999982e-01,-3.129236568830684462e+00
8.723999999999999533e-01,-3.175058113809303695e+00
8.720999999999999863e-01,-3.247600241836900992e+00
8.715000000000000524e-01,-3.255486578790933727e+00
8.710999999999999854e-01,-3.178319524493322668e+00
8.705000000000000515e-01,-3.299659145317712650e+00
8.701999999999999735e-01,-3.198691626342953231e+00
8.695000000000000506e-01,-3.145132404580864183e+00
8.690999999999999837e-01,-3.198288175318698023e+00
8.683999999999999497e-01,-3.189830089622147646e+00
8.680999999999999828e-01,-3.179297977763951177e+00
8.678000000000000158e-01,-3.247566294095616257e+00
8.670999999999999819e-01,-3.178717589341073513e+00
8.668000000000000149e-01,-3.078334285920858893e+00
8.665000000000000480e-01,-3.016101995867159768e+00
8.659000000000000030e-01,-2.882469490568251302e+00
8.655000000000000471e-01,-2.823111277324430457e+00
8.652999999999999581e-01,-2.830105056575160649e+00
8.646000000000000352e-01,-2.964949657972282271e+00
8.642999999999999572e-01,-2.993612098042552905e+00
8.637000000000000233e-01,-2.987152901187950516e+00
8.632999999999999563e-01,-3.045545474734956404e+00
8.629999999999999893e-01,-3.147146204674489134e+00
8.626000000000000334e-01,-3.138289634964375185e+00
8.618999999999999995e-01,-3.131877747672707102e+00
8.616000000000000325e-01,-3.159060353444543168e+00
8.612999999999999545e-01,-3.092212536339455919e+00
8.607000000000000206e-01,-2.915702695139577028e+00
8.599999999999999867e-01,-2.771003949287864643e+00
8.597000000000000197e-01,-2.650220730397723212e+00
8.594000000000000528e-01,-2.648652586690336541e+00
8.589999999999999858e-01,-2.745569976854989047e+00
8.584000000000000519e-01,-2.793218589552393105e+00
8.579999999999999849e-01,-2.798374783613277739e+00
8.577000000000000179e-01,-2.750069389658715835e+00
8.569999999999999840e-01,-2.674005911604548924e+00
8.567000000000000171e-01,-2.666343162570083969e+00
8.559999999999999831e-01,-2.852067164973159930e+00
8.557000000000000162e-01,-2.821493636153693529e+00
8.554000000000000492e-01,-2.985918686576050085e+00
8.548000000000000043e-01,-3.123627062147082523e+00
8.544000000000000483e-01,-3.186380049795545677e+00
8.540999999999999703e-01,-3.207038699944986249e+00
8.535000000000000364e-01,-3.504923294769534792e+00
8.530999999999999694e-01,-3.661033507646738183e+00
8.528000000000000025e-01,-3.699503251271829551e+00
8.521999999999999575e-01,-3.615414014888074234e+00
8.518999999999999906e-01,-3.522580053431922931e+00
8.511999999999999567e-01,-3.346307819623861590e+00
8.508999999999999897e-01,-3.159501160219235771e+00
8.506000000000000227e-01,-3.041978521675647862e+00
8.498999999999999888e-01,-2.948062008613916429e+00
8.496000000000000218e-01,-2.767281903304219526e+00
8.493000000000000549e-01,-2.637672488072506649e+00
8.487000000000000099e-01,-2.581504317052119024e+00
8.484000000000000430e-01,-2.551877744415287363e+00
8.479999999999999760e-01,-2.633288421357293796e+00
8.474000000000000421e-01,-2.677299859250859004e+00
8.470999999999999641e-01,-2.743288752985739709e+00
8.467000000000000082e-01,-2.847598053402899954e+00
8.459999999999999742e-01,-2.912663244775959281e+00
8.456000000000000183e-01,-2.932245104037833894e+00
8.453000000000000513e-01,-2.876354721204898990e+00
8.446000000000000174e-01,-2.966344567724155112e+00
8.443000000000000504e-01,-2.976456661698823059e+00
8.436000000000000165e-01,-2.997267209985388092e+00
8.433000000000000496e-01,-3.077576397105818984e+00
8.426000000000000156e-01,-3.269129932942649752e+00
8.423000000000000487e-01,-3.284591246131285391e+00
8.417000000000000037e-01,-3.312540970761002068e+00
8.413000000000000478e-01,-3.320584073488730414e+00
8.407000000000000028e-01,-3.249300724660064699e+00
8.404000000000000359e-01,-3.200578514972185040e+00
8.400999999999999579e-01,-3.127714696123939930e+00
8.394000000000000350e-01,-2.999323466445491526e+00
8.389999999999999680e-01,-2.843994508815173017e+00
8.387000000000000011e-01,-2.887603965374130333e+00
8.383000000000000451e-01,-2.955936933844161008e+00
8.377000000000000002e-01,-2.948952272367744154e+00
8.374000000000000332e-01,-3.070774695686229183e+00
8.369999999999999662e-01,-3.296701409673252758e+00
8.363000000000000433e-01,-3.253004035119466231e+00
8.359999999999999654e-01,-3.217316301701855785e+00
8.353000000000000425e-01,-3.304733988016839152e+00
8.349999999999999645e-01,-3.367279860662930613e+00
8.343000000000000416e-01,-3.360619204695047380e+00
8.339999999999999636e-01,-3.437370848914655941e+00
8.336999999999999966e-01,-3.427859004839494794e+00
8.329999999999999627e-01,-3.344967703607926168e+00
8.326999999999999957e-01,-3.323210311382551740e+00
8.324000000000000288e-01,-3.268867163611910431e+00
8.317999999999999838e-01,-3.189186834247626390e+00
8.315000000000000169e-01,-3.232479801654752904e+00
8.312000000000000499e-01,-3.280886667469673057e+00
8.306000000000000050e-01,-3.144843084287862744e+00
8.302000000000000490e-01,-3.146426081439279709e+00
8.298999999999999710e-01,-3.093438455731289949e+00
8.292000000000000481e-01,-3.053875233156033708e+00
8.288999999999999702e-01,-3.010468005624489241e+00
8.285000000000000142e-01,-3.057850957045027407e+00
8.277999999999999803e-01,-3.040434501255795396e+00
8.274000000000000243e-01,-3.214106402059935252e+00
8.267999999999999794e-01,-3.310374736468224555e+00
8.265000000000000124e-01,-3.353102041507849851e+00
8.257999999999999785e-01,-3.312127903925820682e+00
8.255000000000000115e-01,-3.188850165158907402e+00
8.248999999999999666e-01,-2.934134586256298416e+00
8.245999999999999996e-01,-2.908516137395955603e+00
8.243000000000000327e-01,-2.875443409082467650e+00
8.235999999999999988e-01,-2.819225997544583251e+00
8.233000000000000318e-01,-2.967136124453206847e+00
8.225999999999999979e-01,-3.119789278652196352e+00
8.223000000000000309e-01,-3.124108679657400689e+00
8.219999999999999529e-01,-3.220802402561506739e+00
8.213000000000000300e-01,-3.375240955270364385e+00
8.209999999999999520e-01,-3.244447776652447768e+00
8.205999999999999961e-01,-3.132022626457508618e+00
8.198999999999999622e-01,-2.957722822495567616e+00
8.195999999999999952e-01,-2.794359804417778648e+00
8.193000000000000282e-01,-2.674874273366489863e+00
8.185999999999999943e-01,-2.749757410893949316e+00
8.183000000000000274e-01,-2.850498966963377345e+00
8.179999999999999494e-01,-2.870890742223686232e+00
8.173000000000000265e-01,-2.935228490882901831e+00
8.169999999999999485e-01,-2.943439749524268123e+00
8.166999999999999815e-01,-2.993301814459004007e+00
8.159999999999999476e-01,-2.951871140000894567e+00
8.156999999999999806e-01,-2.999694077872316900e+00
8.151000000000000467e-01,-3.012382417342529539e+00
8.146999999999999797e-01,-3.042478314818353180e+00
8.144000000000000128e-01,-3.035030561878149236e+00
8.141000000000000458e-01,-3.126387120567508671e+00
8.135000000000000009e-01,-3.196245651457541470e+00
8.132000000000000339e-01,-3.348129413715816405e+00
8.125000000000000000e-01,-3.452950819372302416e+00
8.122000000000000330e-01,-3.549563976451564073e+00
8.114999999999999991e-01,-3.499539548806884781e+00
8.112000000000000322e-01,-3.395809065642740876e+00
8.107999999999999652e-01,-3.189369742850056699e+00
8.101000000000000423e-01,-3.082169048749805018e+00
8.097999999999999643e-01,-2.978073917035695128e+00
8.094999999999999973e-01,-3.072627944503136810e+00
8.087999999999999634e-01,-3.186873897420006152e+00
8.084999999999999964e-01,-3.281235123566705880e+00
8.081000000000000405e-01,-3.317212523004653413e+00
8.074999999999999956e-01,-3.250466081192449508e+00
8.072000000000000286e-01,-3.114591635004215764e+00
8.067999999999999616e-01,-2.897691303052063461e+00
8.062000000000000277e-01,-2.681600414059792659e+00
8.058999999999999497e-01,-2.728036898525798559e+00
8.052000000000000268e-01,-2.888853527168167012e+00
8.048999999999999488e-01,-3.016805276422618309e+00
8.042000000000000259e-01,-3.277552215768808175e+00
8.038999999999999480e-01,-3.569252275882617287e+00
8.034999999999999920e-01,-3.520001292123542846e+00
8.028999999999999471e-01,-3.552687537005938090e+00
8.024999999999999911e-01,-3.580660165111715365e+00
8.022000000000000242e-01,-3.544496171744293544e+00
8.014999999999999902e-01,-3.598484662241385745e+00
8.012000000000000233e-01,-3.684244744215913858e+00
8.004999999999999893e-01,-3.491063656408666116e+00
8.002000000000000224e-01,-3.271960166047749308e+00
7.999000000000000554e-01,-3.057802408252263682e+00
7.992000000000000215e-01,-2.760703389322327617e+00
7.989000000000000545e-01,-2.626724938988300728e+00
7.984999999999999876e-01,-2.527629852279722478e+00
7.982000000000000206e-01,-2.505240110876327808e+00
7.974999999999999867e-01,-2.620491716050221687e+00
7.972000000000000197e-01,-2.851288457612621841e+00
7.969000000000000528e-01,-2.990434326106405916e+00
7.962000000000000188e-01,-3.214476015576672285e+00
7.959000000000000519e-01,-3.439481807987476714e+00
7.952000000000000179e-01,-3.579478203421526672e+00
7.949000000000000510e-01,-3.551587789373256587e+00
7.945999999999999730e-01,-3.486897682049572733e+00
7.939000000000000501e-01,-3.394680598334254285e+00
7.935999999999999721e-01,-3.296411107674701579e+00
7.932000000000000162e-01,-3.167317721645690032e+00
7.925999999999999712e-01,-3.060531134720656521e+00
7.922000000000000153e-01,-3.060364843846807847e+00
7.919000000000000483e-01,-3.153386379080302948e+00
7.913000000000000034e-01,-3.160265603950607183e+00
7.910000000000000364e-01,-3.057149871366904303e+00
7.906999999999999584e-01,-3.059733301743472467e+00
7.900000000000000355e-01,-3.110405419363415636e+00
7.895999999999999686e-01,-2.996302676388784558e+00
7.893000000000000016e-01,-3.002053735628174014e+00
7.886999999999999567e-01,-3.125381027509754883e+00
7.883000000000000007e-01,-3.241054830799561692e+00
7.876999999999999558e-01,-3.130719801083259313e+00
7.873999999999999888e-01,-3.182089648442465446e+00
7.866999999999999549e-01,-3.180591580440317756e+00
7.862999999999999989e-01,-3.242804545334764921e+00
7.855999999999999650e-01,-3.197955172362376253e+00
7.852999999999999980e-01,-3.293498779850245750e+00
7.850000000000000311e-01,-3.287975321554503783e+00
7.842999999999999972e-01,-3.396273233911006884e+00
7.840000000000000302e-01,-3.468463221245332129e+00
7.832999999999999963e-01,-3.578477711269623107e+00
7.830000000000000293e-01,-3.424644962452816355e+00
7.825999999999999623e-01,-3.434076651907258526e+00
7.820000000000000284e-01,-3.339058622881252880e+00
7.816999999999999504e-01,-3.237275963144659485e+00
7.810000000000000275e-01,-3.103428618062842315e+00
7.805999999999999606e-01,-3.229618478086393463e+00
7.802999999999999936e-01,-3.324699227220118125e+00
7.795999999999999597e-01,-3.387522145709143118e+00
7.792999999999999927e-01,-3.323604947794989162e+00
7.789000000000000368e-01,-3.237532562034018291e+00
7.782999999999999918e-01,-3.238737031249494080e+00
7.780000000000000249e-01,-3.051098377513106197e+00
7.775999999999999579e-01,-2.957547315992625769e+00
7.770000000000000240e-01,-2.910993133772021846e+00
7.766999999999999460e-01,-2.921804061697674815e+00
7.760000000000000231e-01,-2.760811668736373736e+00
7.756999999999999451e-01,-2.835997943240187169e+00
7.753999999999999782e-01,-2.773060051849962626e+00
7.747000000000000552e-01,-2.885270477751833429e+00
7.743999999999999773e-01,-2.884592249264017472e+00
7.738000000000000433e-01,-2.908036266047742124e+00
7.733999999999999764e-01,-2.898507645610337580e+00
7.727000000000000535e-01,-2.924665178321295134e+00
7.723999999999999755e-01,-2.860374399372977994e+00
7.718000000000000416e-01,-2.985703502122738495e+00
7.711000000000000076e-01,-3.221340304813136157e+00
7.708000000000000407e-01,-3.389152603937573449e+00
7.704999999999999627e-01,-3.491060188509642614e+00
7.698000000000000398e-01,-3.532136963854681788e+00
7.694999999999999618e-01,-3.463855933650838548e+00
7.691000000000000059e-01,-3.290154244624809987e+00
7.684999999999999609e-01,-3.073877710954020515e+00
7.681000000000000050e-01,-2.975296239544344967e+00
7.678000000000000380e-01,-2.983892024065459836e+00
7.671000000000000041e-01,-2.985893295950614590e+00
7.668000000000000371e-01,-2.915888721672921235e+00
7.664999999999999591e-01,-2.935156427410767765e+00
7.658000000000000362e-01,-2.871962656428306282e+00
7.654999999999999583e-01,-2.721549174258541814e+00
7.651999999999999913e-01,-2.706752249601318550e+00
7.645999999999999464e-01,-2.735844130307696354e+00
7.642999999999999794e-01,-2.857989299744623235e+00
7.639000000000000234e-01,-2.960899476637801619e+00
7.632999999999999785e-01,-3.026010521727240388e+00
7.629000000000000226e-01,-3.033928514074024640e+00
7.625999999999999446e-01,-3.118910729106305180e+00
7.619000000000000217e-01,-3.109162566674040118e+00
7.616000000000000547e-01,-3.214127840539259928e+00
7.609000000000000208e-01,-3.278554271959888133e+00
7.606000000000000538e-01,-3.297370789651088430e+00
7.602999999999999758e-01,-3.333524578202073929e+00
7.596000000000000529e-01,-3.226159927552374462e+00
7.592999999999999750e-01,-3.114443283103729421e+00
7.590000000000000080e-01,-3.057304878061051223e+00
7.582999999999999741e-01,-3.082408859746422092e+00
7.580000000000000071e-01,-3.082791585710953353e+00
7.577000000000000401e-01,-3.245064507556016942e+00
7.570000000000000062e-01,-3.307982738706138903e+00
7.567000000000000393e-01,-3.467625274781449551e+00
7.560999999999999943e-01,-3.428987846789688376e+00
7.558000000000000274e-01,-3.464571943588290015e+00
7.554999999999999494e-01,-3.461483257600483920e+00
7.548000000000000265e-01,-3.507737816414724374e+00
7.543999999999999595e-01,-3.552415648933882064e+00
7.537000000000000366e-01,-3.721485077492758364e+00
7.533999999999999586e-01,-3.767353748455326556e+00
7.527000000000000357e-01,-3.784458469314466722e+00
7.523999999999999577e-01,-3.613082305005399508e+00
7.518000000000000238e-01,-3.473650012983108937e+00
7.514999999999999458e-01,-3.299016854922121045e+00
7.510999999999999899e-01,-3.230655621148936785e+00
7.504999999999999449e-01,-3.258782467265298077e+00
7.500999999999999890e-01,-3.404335102250022338e+00
7.495000000000000551e-01,-3.531136057675077211e+00
7.491999999999999771e-01,-3.667441070686893845e+00
7.488000000000000211e-01,-3.825673825552100560e+00
7.481999999999999762e-01,-3.693467871628552945e+00
7.479000000000000092e-01,-3.660394430067826388e+00
7.476000000000000423e-01,-3.598676972908221305e+00
7.472999999999999643e-01,-3.634209308665814486e+00
7.466000000000000414e-01,-3.473377160479740322e+00
7.462999999999999634e-01,-3.550251772180546439e+00
7.456000000000000405e-01,-3.587562678713795528e+00
7.452999999999999625e-01,-3.558546778593962845e+00
7.449000000000000066e-01,-3.347259774162114621e+00
7.446000000000000396e-01,-3.310227399962173411e+00
7.439000000000000057e-01,-3.143621759266190807e+00
7.436000000000000387e-01,-3.140098045989192066e+00
7.432999999999999607e-01,-3.119694628637981193e+00
7.427000000000000268e-01,-3.056451852912201339e+00
7.423999999999999488e-01,-2.954931323062015558e+00
7.417000000000000259e-01,-3.003020830419644849e+00
7.413999999999999480e-01,-2.799876197200623640e+00
7.409999999999999920e-01,-2.742174625388615894e+00
7.407000000000000250e-01,-2.859044303897828598e+00
7.399000000000000021e-01,-2.958637054273904887e+00
7.396000000000000352e-01,-3.099918442367455285e+00
7.392999999999999572e-01,-3.238288123171562116e+00
7.386000000000000343e-01,-3.343501165798679065e+00
7.382999999999999563e-01,-3.430361556148175950e+00
7.376000000000000334e-01,-3.435690102971123316e+00
7.374000000000000554e-01,-3.388554794206132925e+00
7.370999999999999774e-01,-3.406229124673643138e+00
7.364000000000000545e-01,-3.317174512422471633e+00
7.360999999999999766e-01,-3.194224923271093974e+00
7.358000000000000096e-01,-3.216947502250322000e+00
7.351999999999999647e-01,-3.258164855081124411e+00
7.348999999999999977e-01,-3.258687898248235459e+00
7.345000000000000417e-01,-3.324675205077509688e+00
7.338000000000000078e-01,-3.394665430851984578e+00
7.335000000000000409e-01,-3.317167639529106093e+00
7.331999999999999629e-01,-3.224075479387467080e+00
7.325000000000000400e-01,-3.352467989259644732e+00
7.321999999999999620e-01,-3.499850371343482536e+00
7.318999999999999950e-01,-3.467796525630784110e+00
7.311999999999999611e-01,-3.564900833877282516e+00
7.308999999999999941e-01,-3.453300714802709503e+00
7.306000000000000272e-01,-3.306744278478712662e+00
7.298000000000000043e-01,-3.248060069716562914e+00
7.295000000000000373e-01,-3.329494843886393607e+00
7.291999999999999593e-01,-3.378767275823146843e+00
7.285000000000000364e-01,-3.562861101110426088e+00
7.281999999999999584e-01,-3.744898146649244808e+00
7.275000000000000355e-01,-3.780242007695999273e+00
7.271999999999999575e-01,-3.714818340080083825e+00
7.265000000000000346e-01,-3.578090785238130511e+00
7.261999999999999567e-01,-3.525398305724014580e+00
7.256000000000000227e-01,-3.346693101706488260e+00
7.252999999999999448e-01,-3.220725140886948168e+00
7.248999999999999888e-01,-3.238953920530196928e+00
7.241999999999999549e-01,-3.249872044992219156e+00
7.238999999999999879e-01,-3.109156010892288879e+00
7.236000000000000210e-01,-3.049454091796632849e+00
7.228999999999999870e-01,-2.965649141288828616e+00
7.226000000000000201e-01,-2.918692959643087725e+00
7.221999999999999531e-01,-2.975496065809879465e+00
7.216000000000000192e-01,-3.091423545097394143e+00
7.213000000000000522e-01,-3.106585027466135518e+00
7.206000000000000183e-01,-3.058638973251481818e+00
7.203000000000000513e-01,-3.069255106540047517e+00
7.197000000000000064e-01,-2.982510704763741138e+00
7.193000000000000504e-01,-2.845321963148295108e+00
7.189999999999999725e-01,-2.735638333028755920e+00
7.183000000000000496e-01,-2.818038412561452155e+00
7.179999999999999716e-01,-2.813593290644234024e+00
7.173000000000000487e-01,-2.946482097973546210e+00
7.169999999999999707e-01,-3.181149312876108137e+00
7.163000000000000478e-01,-3.346043619933680269e+00
7.159999999999999698e-01,-3.241005335374302909e+00
7.157000000000000028e-01,-3.198832692700992464e+00
7.149999999999999689e-01,-2.992340016749472920e+00
7.147000000000000020e-01,-2.896016049523941760e+00
7.144000000000000350e-01,-2.837760789761722968e+00
7.139999999999999680e-01,-2.969192211978166629e+00
7.134000000000000341e-01,-3.009729771885349958e+00
7.129999999999999671e-01,-3.091609484408008424e+00
7.124000000000000332e-01,-3.125412306656249584e+00
7.120999999999999552e-01,-3.059336115121825017e+00
7.114000000000000323e-01,-2.986752715141427483e+00
7.109999999999999654e-01,-2.957509086370102569e+00
7.104000000000000314e-01,-3.156657401288121001e+00
7.099999999999999645e-01,-3.246083319863591221e+00
7.093000000000000416e-01,-3.380122680697872806e+00
7.089999999999999636e-01,-3.598195330154485561e+00
7.086999999999999966e-01,-3.727038872213262355e+00
7.079999999999999627e-01,-3.725659620781029968e+00
7.076999999999999957e-01,-3.731497128184324552e+00
7.070999999999999508e-01,-3.859788465151725134e+00
7.066999999999999948e-01,-3.816361232410470539e+00
7.064000000000000279e-01,-3.870783856896598429e+00
7.057999999999999829e-01,-3.800427055747068295e+00
7.055000000000000160e-01,-3.676394185835873962e+00
7.050999999999999490e-01,-3.441301798774165643e+00
7.045000000000000151e-01,-3.371156819188536158e+00
7.040999999999999481e-01,-3.183633564301513452e+00
7.037999999999999812e-01,-3.119957072212353744e+00
7.030999999999999472e-01,-3.158142712828548859e+00
7.027999999999999803e-01,-3.142482559037595991e+00
7.020999999999999464e-01,-3.095882524800641633e+00
7.017999999999999794e-01,-3.140970106204898471e+00
7.010999999999999455e-01,-3.197140865181525182e+00
7.007999999999999785e-01,-3.081773716983315925e+00
7.004000000000000226e-01,-3.173536923794240128e+00
6.997999999999999776e-01,-3.209899570898456123e+00
6.995000000000000107e-01,-3.191307025705580447e+00
6.991000000000000547e-01,-3.209559743821421840e+00
6.984000000000000208e-01,-3.343241834402599366e+00
6.981000000000000538e-01,-3.407965627048314960e+00
6.977999999999999758e-01,-3.465234127377758711e+00
6.971000000000000529e-01,-3.541716468538346874e+00
6.967999999999999750e-01,-3.590884885935063942e+00
6.961000000000000520e-01,-3.657231644055570108e+00
6.957999999999999741e-01,-3.767506242214335721e+00
6.955000000000000071e-01,-3.734932015946324402e+00
6.947999999999999732e-01,-3.675768217700214890e+00
6.944000000000000172e-01,-3.478277997615852879e+00
6.936999999999999833e-01,-3.373792483149784971e+00
6.934000000000000163e-01,-3.272395712640430165e+00
6.931000000000000494e-01,-3.189484731332126177e+00
6.924000000000000155e-01,-3.149916560139798261e+00
6.921000000000000485e-01,-3.335969076951051271e+00
6.914000000000000146e-01,-3.338370172525362278e+00
6.909999999999999476e-01,-3.296829889381514000e+00
6.906999999999999806e-01,-3.276610313664163332e+00
6.899999999999999467e-01,-3.324561613706755736e+00
6.896999999999999797e-01,-3.219568474806810965e+00
6.889999999999999458e-01,-3.184393102839966794e+00
6.886999999999999789e-01,-3.242121186438906122e+00
6.879999999999999449e-01,-3.307657756363158619e+00
6.876999999999999780e-01,-3.208915798783296580e+00
6.873000000000000220e-01,-3.147461729071654446e+00
6.866999999999999771e-01,-3.114067823203336971e+00
6.863000000000000211e-01,-3.128479937222761187e+00
6.856999999999999762e-01,-3.222335613004001509e+00
6.853000000000000203e-01,-3.391182996967668117e+00
6.848999999999999533e-01,-3.528356920061981317e+00
6.843000000000000194e-01,-3.654534984763035954e+00
6.838999999999999524e-01,-3.699719882852003927e+00
6.833000000000000185e-01,-3.761478327259371479e+00
6.830000000000000515e-01,-3.714187238971211613e+00
6.825999999999999845e-01,-3.685936312787796876e+00
6.820000000000000506e-01,-3.564182345059119683e+00
6.816999999999999726e-01,-3.502173824726506624e+00
6.810000000000000497e-01,-3.366767343582766081e+00
6.806999999999999718e-01,-3.362690095315978844e+00
6.803000000000000158e-01,-3.444777146781319299e+00
6.800000000000000488e-01,-3.525587941801134217e+00
6.793000000000000149e-01,-3.489172634653648242e+00
6.788999999999999480e-01,-3.454375360586736221e+00
6.785999999999999810e-01,-3.374839998064038671e+00
6.778999999999999471e-01,-3.197246889641014000e+00
6.775999999999999801e-01,-3.092984871381210255e+00
6.772000000000000242e-01,-3.084577807380972647e+00
6.764999999999999902e-01,-3.154571618716461856e+00
6.762000000000000233e-01,-3.255648366959351669e+00
6.754999999999999893e-01,-3.374483821210472190e+00
6.752000000000000224e-01,-3.558701364906602382e+00
6.749000000000000554e-01,-3.594199893747762609e+00
6.742000000000000215e-01,-3.532275755069314016e+00
6.737999999999999545e-01,-3.481541269384491599e+00
6.734999999999999876e-01,-3.367476365713773401e+00
6.727999999999999536e-01,-3.247810022255492868e+00
6.724999999999999867e-01,-3.150587742908050881e+00
6.721000000000000307e-01,-3.165259211564130926e+00
6.713999999999999968e-01,-3.166885580201672656e+00
6.711000000000000298e-01,-3.171540416062323953e+00
6.707999999999999519e-01,-3.284862348782446873e+00
6.701000000000000290e-01,-3.464338976157665950e+00
6.697999999999999510e-01,-3.409644600043116203e+00
6.693999999999999950e-01,-3.357983262958774695e+00
6.686999999999999611e-01,-3.416016593542070101e+00
6.683999999999999941e-01,-3.305516212053217107e+00
6.676999999999999602e-01,-3.209641510313610002e+00
6.673000000000000043e-01,-3.281684634768855080e+00
6.666999999999999593e-01,-3.413801117564674303e+00
6.663999999999999924e-01,-3.466703931700731545e+00
6.656999999999999584e-01,-3.515442358072162765e+00
6.653999999999999915e-01,-3.561944941184169711e+00
6.646999999999999575e-01,-3.536973492300198973e+00
6.643999999999999906e-01,-3.488618894987860042e+00
6.640000000000000346e-01,-3.461222236334771107e+00
6.636999999999999567e-01,-3.495513726100019536e+00
6.630000000000000338e-01,-3.368526490181433797e+00
6.626999999999999558e-01,-3.479534070300882131e+00
6.620000000000000329e-01,-3.504100393514342215e+00
6.616999999999999549e-01,-3.400665255109958096e+00
6.612999999999999989e-01,-3.164354551321301834e+00
6.610000000000000320e-01,-3.216604466576566956e+00
6.602999999999999980e-01,-3.128141442547971440e+00
6.600000000000000311e-01,-2.929908870092923223e+00
6.592999999999999972e-01,-2.831856573969060431e+00
6.590000000000000302e-01,-2.954748102238502483e+00
6.582999999999999963e-01,-2.990587024539193006e+00
6.580000000000000293e-01,-3.091682651837346363e+00
6.575999999999999623e-01,-3.203912491364924620e+00
6.570000000000000284e-01,-3.331431790244143709e+00
6.565999999999999615e-01,-3.411445742680097037e+00
6.562999999999999945e-01,-3.352400696158829962e+00
6.556999999999999496e-01,-3.180190473385524630e+00
6.552999999999999936e-01,-3.134920550631192793e+00
6.550000000000000266e-01,-3.090650780222525373e+00
6.542999999999999927e-01,-2.994241541009468044e+00
6.540000000000000258e-01,-2.969607252579498091e+00
6.532999999999999918e-01,-2.939775552610601750e+00
6.530000000000000249e-01,-3.017846923161482398e+00
6.526999999999999469e-01,-3.096413280318788264e+00
6.520000000000000240e-01,-3.194845251317801615e+00
6.516999999999999460e-01,-3.283372188413180570e+00
6.513999999999999790e-01,-3.408472102185144958e+00
6.508000000000000451e-01,-3.390098803736641297e+00
6.503999999999999782e-01,-3.459038957079052068e+00
6.501000000000000112e-01,-3.391253302690854898e+00
6.493999999999999773e-01,-3.228800877917714640e+00
6.491000000000000103e-01,-3.054086428962987654e+00
6.488000000000000433e-01,-2.877911601895932758e+00
6.481000000000000094e-01,-2.791945398654682720e+00
6.478000000000000425e-01,-2.897509290538669013e+00
6.474999999999999645e-01,-2.989177109500029683e+00
6.469000000000000306e-01,-3.068120382771211574e+00
6.464999999999999636e-01,-3.183581571054305837e+00
6.459000000000000297e-01,-3.221763644757624778e+00
6.455999999999999517e-01,-3.207215989399214262e+00
6.452999999999999847e-01,-3.328934976121189493e+00
6.445999999999999508e-01,-3.493115121742107476e+00
6.442999999999999838e-01,-3.636439142407632552e+00
6.439000000000000279e-01,-3.663958933809718932e+00
6.432999999999999829e-01,-3.518928430723822665e+00
6.430000000000000160e-01,-3.246873219241164232e+00
6.425999999999999490e-01,-3.012758071581356223e+00
6.420000000000000151e-01,-2.894103281941839967e+00
6.417000000000000481e-01,-2.740421308054519223e+00
6.411000000000000032e-01,-2.807717102768503281e+00
6.407000000000000473e-01,-3.036949471750260976e+00
6.401000000000000023e-01,-3.159812080118229449e+00
6.398000000000000353e-01,-3.273784850449101391e+00
6.394999999999999574e-01,-3.384564626019160194e+00
6.389000000000000234e-01,-3.455612753873182452e+00
6.385999999999999455e-01,-3.389997195147320674e+00
6.382999999999999785e-01,-3.385582669623576457e+00
6.377000000000000446e-01,-3.366703618031818834e+00
6.372999999999999776e-01,-3.315681893926447632e+00
6.370000000000000107e-01,-3.252869252173550940e+00
6.363999999999999657e-01,-3.281393837667178737e+00
6.360000000000000098e-01,-3.292549756627183744e+00
6.357000000000000428e-01,-3.286699518808278153e+00
6.350999999999999979e-01,-3.266141125229382602e+00
6.348000000000000309e-01,-3.103055891953420797e+00
6.344999999999999529e-01,-2.987239007689324044e+00
6.339000000000000190e-01,-2.973426606416862406e+00
6.336000000000000520e-01,-3.023524856239356851e+00
6.331999999999999851e-01,-3.123634157262966671e+00
6.326000000000000512e-01,-3.323011899399320068e+00
6.322999999999999732e-01,-3.506587527493387313e+00
6.317000000000000393e-01,-3.567348025524663679e+00
6.313999999999999613e-01,-3.551732654481221108e+00
6.310999999999999943e-01,-3.582975732438764993e+00
6.304999999999999494e-01,-3.667075075825532160e+00
6.301999999999999824e-01,-3.755785584400872512e+00
6.299000000000000155e-01,-3.830881282961274170e+00
6.292999999999999705e-01,-3.776273099992677906e+00
6.290000000000000036e-01,-3.822086903356170406e+00
6.287000000000000366e-01,-3.790214215949883059e+00
6.280999999999999917e-01,-3.746911674277763726e+00
6.278000000000000247e-01,-3.649034772729153886e+00
6.271999999999999797e-01,-3.706986409526269455e+00
6.269000000000000128e-01,-3.624549697278934168e+00
6.266000000000000458e-01,-3.551313430686098727e+00
6.262999999999999678e-01,-3.295799932990506331e+00
6.257000000000000339e-01,-3.144066300104220169e+00
6.253999999999999559e-01,-2.927746920177998202e+00
6.248000000000000220e-01,-2.850613692153836087e+00
6.245000000000000551e-01,-2.820414789466429983e+00
6.241999999999999771e-01,-2.961743075539924330e+00
6.236000000000000432e-01,-3.086744724346834889e+00
6.232999999999999652e-01,-3.143651854079221764e+00
6.229999999999999982e-01,-3.124903799063271759e+00
6.223999999999999533e-01,-3.069627548359377567e+00
6.220999999999999863e-01,-3.064884218201558319e+00
6.218000000000000194e-01,-3.185183717418770932e+00
6.211999999999999744e-01,-3.333405223629459790e+00
6.209000000000000075e-01,-3.458791715631737151e+00
6.206000000000000405e-01,-3.638702986396846306e+00
6.199999999999999956e-01,-3.662528067577830448e+00
6.197000000000000286e-01,-3.462916092467350104e+00
6.193999999999999506e-01,-3.310043517000260227e+00
6.188000000000000167e-01,-3.178464813618497864e+00
6.186000000000000387e-01,-3.042518880618794164e+00
6.179999999999999938e-01,-3.024600350421957629e+00
6.177000000000000268e-01,-3.118597352745611229e+00
6.173999999999999488e-01,-3.155192369135584318e+00
6.168000000000000149e-01,-3.283524852016051376e+00
6.165000000000000480e-01,-3.306668825637237852e+00
6.159000000000000030e-01,-3.289658191256428221e+00
6.156000000000000361e-01,-3.276279829052819448e+00
6.152999999999999581e-01,-3.220639436445071890e+00
6.147000000000000242e-01,-3.000638541560685102e+00
6.143999999999999462e-01,-2.963603038117490485e+00
6.139000000000000012e-01,-3.056880047567489544e+00
6.136000000000000343e-01,-3.079682932568827525e+00
6.132999999999999563e-01,-3.096184308362670556e+00
6.127000000000000224e-01,-3.138258161866358087e+00
6.124000000000000554e-01,-3.213435814065634499e+00
6.118000000000000105e-01,-3.166682755832150864e+00
6.115000000000000435e-01,-3.123443086731902962e+00
6.111999999999999655e-01,-3.217378126477987710e+00
6.107000000000000206e-01,-3.223868686455522159e+00
6.104000000000000536e-01,-3.183772329600487172e+00
6.100999999999999757e-01,-3.062320947852247954e+00
6.097000000000000197e-01,-2.962180511823231388e+00
6.090999999999999748e-01,-2.903249085187131762e+00
6.088000000000000078e-01,-2.989154763871071374e+00
6.085000000000000409e-01,-2.930775861534340443e+00
6.078999999999999959e-01,-3.055713668520532167e+00
6.076000000000000290e-01,-3.270745161089994024e+00
6.069999999999999840e-01,-3.307169012218003523e+00
6.067000000000000171e-01,-3.305565489491457676e+00
6.064000000000000501e-01,-3.242970128120026274e+00
6.058000000000000052e-01,-3.126623452768539924e+00
6.055000000000000382e-01,-3.139114839885437380e+00
6.051999999999999602e-01,-3.204429636065320164e+00
6.046000000000000263e-01,-3.272518297273985244e+00
6.042999999999999483e-01,-3.415485220508995390e+00
6.037000000000000144e-01,-3.543586446109192600e+00
6.034000000000000474e-01,-3.444805149795393984e+00
6.030999999999999694e-01,-3.474638950406450100e+00
6.025000000000000355e-01,-3.434750762001392843e+00
6.021999999999999575e-01,-3.583704636107021280e+00
6.015000000000000346e-01,-3.643920552876267926e+00
6.011999999999999567e-01,-3.663600525989074708e+00
6.008999999999999897e-01,-3.683783128384521266e+00
5.999999999999999778e-01,-3.759967675442676516e+00
5.997000000000000108e-01,-3.632082397945490815e+00
5.989999999999999769e-01,-3.563384735644492984e+00
5.987000000000000099e-01,-3.445863103725965715e+00
5.984000000000000430e-01,-3.246555423943309204e+00
5.977999999999999980e-01,-3.156168039789852831e+00
5.974000000000000421e-01,-3.171910541119316029e+00
5.967999999999999972e-01,-3.111840496109186560e+00
5.964000000000000412e-01,-3.173435888897124801e+00
5.960999999999999632e-01,-3.347061391095473404e+00
5.954000000000000403e-01,-3.224204147837250733e+00
5.949999999999999734e-01,-3.041913932492756878e+00
5.947000000000000064e-01,-3.086833120623244664e+00
5.939999999999999725e-01,-3.052449240130983288e+00
5.937999999999999945e-01,-2.922188840892292472e+00
5.934000000000000385e-01,-3.016630807728959418e+00
5.930999999999999606e-01,-2.972755982882380188e+00
5.924000000000000377e-01,-2.861380990188122642e+00
5.920999999999999597e-01,-2.913765240986632143e+00
5.914000000000000368e-01,-3.016988363759021130e+00
5.909999999999999698e-01,-3.005229462092751103e+00
5.907000000000000028e-01,-3.071435935130817363e+00
5.899999999999999689e-01,-3.045086419835307812e+00
5.896000000000000130e-01,-3.042004811109610962e+00
5.891999999999999460e-01,-2.933478151937174427e+00
5.888999999999999790e-01,-2.936191960968004278e+00
5.880999999999999561e-01,-2.991162580393280646e+00
5.877999999999999892e-01,-3.157426145906916393e+00
5.874000000000000332e-01,-3.228346434903939244e+00
5.866999999999999993e-01,-3.287604382543330317e+00
5.859999999999999654e-01,-3.215955913788149267e+00
5.856000000000000094e-01,-3.225386458827750324e+00
5.853000000000000425e-01,-3.195688858838863222e+00
5.845000000000000195e-01,-3.166923883753114399e+00
5.840999999999999526e-01,-3.103381533897109357e+00
5.833000000000000407e-01,-3.180481860976802633e+00
5.828999999999999737e-01,-3.207549769381479177e+00
5.825000000000000178e-01,-3.157260117583327030e+00
5.817999999999999838e-01,-3.045620776173374455e+00
5.814000000000000279e-01,-3.063835456301178262e+00
5.809999999999999609e-01,-3.048246866080850381e+00
5.802000000000000490e-01,-2.978880938342143292e+00
5.797999999999999821e-01,-2.983440304492879225e+00
5.789999999999999591e-01,-3.042822950603818466e+00
5.786000000000000032e-01,-2.989479144512308117e+00
5.782000000000000473e-01,-2.958826335980602185e+00
5.777999999999999803e-01,-3.001695287421224378e+00
5.769999999999999574e-01,-2.931649106079070588e+00
5.765000000000000124e-01,-2.885404746355013650e+00
5.760999999999999455e-01,-2.946718888734434216e+00
5.753000000000000336e-01,-3.078036062209299040e+00
5.747999999999999776e-01,-3.199547972238536708e+00
5.738999999999999657e-01,-3.394504901699790800e+00
5.735000000000000098e-01,-3.469612902189944670e+00
5.731000000000000538e-01,-3.685342085715248572e+00
5.722000000000000419e-01,-3.784736908201968397e+00
5.717999999999999750e-01,-3.689018104553742905e+00
5.714000000000000190e-01,-3.552230810130452276e+00
5.705000000000000071e-01,-3.587135813626907144e+00
5.701000000000000512e-01,-3.482842371943517534e+00
5.692000000000000393e-01,-3.389938319621199181e+00
5.686999999999999833e-01,-3.338430962740168262e+00
5.683000000000000274e-01,-3.278224219437630982e+00
5.674000000000000155e-01,-3.178741374060267688e+00
5.668999999999999595e-01,-3.171875052902228820e+00
5.664000000000000146e-01,-3.111504078350535440e+00
5.655000000000000027e-01,-3.153372137843224898e+00
5.651000000000000467e-01,-3.307923077386920596e+00
5.645999999999999908e-01,-3.343652913846140162e+00
5.636999999999999789e-01,-3.183267139595380435e+00
5.632000000000000339e-01,-3.025588933533163161e+00
5.623000000000000220e-01,-2.980768515616072367e+00
5.613000000000000211e-01,-2.884960518183543599e+00
5.607999999999999652e-01,-2.969285605548266371e+00
5.598999999999999533e-01,-3.122823163232147259e+00
5.594000000000000083e-01,-3.324341619591609120e+00
5.584000000000000075e-01,-3.457057385633510727e+00
5.578999999999999515e-01,-3.418974345706926599e+00
5.574000000000000066e-01,-3.381974828587652748e+00
5.564999999999999947e-01,-3.422674387544011321e+00
5.554999999999999938e-01,-3.379343827974168324e+00
5.550000000000000488e-01,-3.197107172468460323e+00
5.545999999999999819e-01,-3.198780151890956436e+00
5.535999999999999810e-01,-3.179135852321157252e+00
5.531000000000000361e-01,-3.110898103858839470e+00
5.525999999999999801e-01,-3.192987044663697649e+00
5.515999999999999792e-01,-3.393519576993797138e+00
5.511000000000000343e-01,-3.457001424189976468e+00
5.505999999999999783e-01,-3.458337366421815773e+00
5.495999999999999774e-01,-3.540127060927544811e+00
5.491000000000000325e-01,-3.524050713464010887e+00
5.481000000000000316e-01,-3.463128947938931113e+00
5.475999999999999757e-01,-3.591215211173059974e+00
5.465999999999999748e-01,-3.638830511938361933e+00
5.461000000000000298e-01,-3.600972327282569996e+00
5.455999999999999739e-01,-3.649394628152113462e+00
5.445999999999999730e-01,-3.622642796971553558e+00
5.441000000000000281e-01,-3.501991817620176306e+00
5.435999999999999721e-01,-3.462206294242708982e+00
5.425999999999999712e-01,-3.487811328430068247e+00
5.423999999999999932e-01,-3.506723994099458341e+00
5.423000000000000043e-01,-3.588882341702681611e+00
5.422000000000000153e-01,-3.698712766922462869e+00
5.421000000000000263e-01,-3.719789282194129854e+00
5.419000000000000483e-01,-3.618689228034322358e+00
5.417999999999999483e-01,-3.499131146195988418e+00
5.416999999999999593e-01,-3.439482456877585026e+00
5.415999999999999703e-01,-3.375795176925044938e+00
5.414999999999999813e-01,-3.377570149271369893e+00
5.413999999999999924e-01,-3.374930459652258907e+00
5.413000000000000034e-01,-3.386809099201193440e+00
5.407999999999999474e-01,-3.434053872760079340e+00
5.405999999999999694e-01,-3.422886856997153782e+00
5.404999999999999805e-01,-3.328915272788889990e+00
5.403999999999999915e-01,-3.382423737584849821e+00
5.401000000000000245e-01,-3.428065705179672129e+00
5.399000000000000465e-01,-3.332586365014655883e+00
5.395999999999999686e-01,-3.365829661604591738e+00
5.394999999999999796e-01,-3.420396935992220389e+00
5.393000000000000016e-01,-3.462901864602074387e+00
5.390000000000000346e-01,-3.463712070570779122e+00
5.386999999999999567e-01,-3.458950057665943767e+00
5.385999999999999677e-01,-3.472662242060553517e+00
5.383999999999999897e-01,-3.520188619091091375e+00
5.381000000000000227e-01,-3.400116077617032495e+00
5.377999999999999448e-01,-3.404714903212091581e+00
5.375999999999999668e-01,-3.485573837622990556e+00
5.374999999999999778e-01,-3.533740152915354482e+00
5.371000000000000218e-01,-3.534305051320629776e+00
5.370000000000000329e-01,-3.622173845893861710e+00
5.365999999999999659e-01,-3.597149407091326800e+00
5.364999999999999769e-01,-3.553392850490777466e+00
5.363999999999999879e-01,-3.487006612043764164e+00
5.360000000000000320e-01,-3.663030544968082225e+00
5.359000000000000430e-01,-3.698888438758984432e+00
5.355999999999999650e-01,-3.737248589522068620e+00
5.352999999999999980e-01,-3.908199323285344029e+00
5.352000000000000091e-01,-3.840430252685933965e+00
5.351000000000000201e-01,-3.764567555627762019e+00
5.349000000000000421e-01,-3.835791909154728785e+00
5.345999999999999641e-01,-3.864924372515288198e+00
5.344999999999999751e-01,-3.763278227651156715e+00
5.338000000000000522e-01,-3.791610038442472685e+00
5.336999999999999522e-01,-3.693839121271802917e+00
5.335999999999999632e-01,-3.572320512235660495e+00
5.332999999999999963e-01,-3.452293986734300102e+00
5.331000000000000183e-01,-3.376711504685381726e+00
5.330000000000000293e-01,-3.439058492276381163e+00
5.329000000000000403e-01,-3.373119638054034031e+00
5.325999999999999623e-01,-3.343152988201925080e+00
5.324999999999999734e-01,-3.236582963256073420e+00
5.322000000000000064e-01,-3.344088611357820096e+00
5.316999999999999504e-01,-3.129830981562498060e+00
5.315999999999999615e-01,-3.140544576644144215e+00
5.312999999999999945e-01,-3.055934196347642740e+00
5.312000000000000055e-01,-3.242850520681628268e+00
5.306999999999999496e-01,-3.127905926843533191e+00
5.303999999999999826e-01,-3.201274159374545736e+00
5.300000000000000266e-01,-3.175341969667011544e+00
5.296999999999999487e-01,-3.203257799211656653e+00
5.294999999999999707e-01,-3.136636549186389011e+00
5.292999999999999927e-01,-3.065377028055871200e+00
5.291000000000000147e-01,-3.104726899311183175e+00
5.288000000000000478e-01,-2.977199219693082988e+00
5.286999999999999478e-01,-3.173201027109328720e+00
5.282999999999999918e-01,-3.338526834386069009e+00
5.279000000000000359e-01,-3.295437327649753279e+00
5.273999999999999799e-01,-3.264176108844496937e+00
5.270000000000000240e-01,-3.397361165362877689e+00
5.264999999999999680e-01,-3.267496312464312602e+00
5.262999999999999901e-01,-2.873461092238460690e+00
5.261000000000000121e-01,-3.013767704914405154e+00
5.256999999999999451e-01,-2.984606843070836124e+00
5.255999999999999561e-01,-3.085082612867828811e+00
5.251000000000000112e-01,-2.958061935107170193e+00
5.249000000000000332e-01,-3.131170852644638014e+00
5.247000000000000552e-01,-3.058005279530373599e+00
5.243999999999999773e-01,-3.214682232782206661e+00
5.242999999999999883e-01,-3.156134083671657375e+00
5.239000000000000323e-01,-3.322677607562884550e+00
5.235999999999999543e-01,-3.378697129608199567e+00
5.231999999999999984e-01,-3.505204244833859395e+00
5.231000000000000094e-01,-3.397086659671921804e+00
5.227000000000000535e-01,-3.342223798528664691e+00
5.222999999999999865e-01,-3.298018687856174580e+00
5.219000000000000306e-01,-3.309425266993514914e+00
5.215999999999999526e-01,-3.221735100284450759e+00
5.214999999999999636e-01,-3.261724975657520620e+00
5.213999999999999746e-01,-3.239904875374510773e+00
5.211999999999999966e-01,-3.377686121830147492e+00
5.207000000000000517e-01,-3.592919280679673921e+00
5.202999999999999847e-01,-3.748097221520085398e+00
5.201000000000000068e-01,-3.717195913253146244e+00
5.198000000000000398e-01,-3.769119454518077728e+00
5.194999999999999618e-01,-3.725363404537829215e+00
5.191000000000000059e-01,-3.493385898254430799e+00
5.187000000000000499e-01,-3.301390993264430751e+00
5.182999999999999829e-01,-3.379643175136781696e+00
5.179000000000000270e-01,-3.392029186383149764e+00
5.175999999999999490e-01,-3.393351115144327856e+00
5.174999999999999600e-01,-3.568217094507830645e+00
5.172999999999999821e-01,-3.596941309740586679e+00
5.171999999999999931e-01,-3.533251231407907866e+00
5.168000000000000371e-01,-3.519865834651081382e+00
5.163999999999999702e-01,-3.512572322952600246e+00
5.161000000000000032e-01,-3.346308348864956983e+00
5.160000000000000142e-01,-3.447377666581929567e+00
5.158000000000000362e-01,-3.465081887268905980e+00
5.153999999999999693e-01,-3.526381856615301569e+00
5.152999999999999803e-01,-3.536684768933873180e+00
5.150000000000000133e-01,-3.611254496290184246e+00
5.147000000000000464e-01,-3.557791728212855720e+00
5.145999999999999464e-01,-3.637259368894640854e+00
5.143999999999999684e-01,-3.591551647990631757e+00
5.141999999999999904e-01,-3.527469985252495999e+00
5.140000000000000124e-01,-3.475252307470755309e+00
5.137000000000000455e-01,-3.520683836932825272e+00
5.133999999999999675e-01,-3.459345043455297919e+00
5.132999999999999785e-01,-3.633276541905871682e+00
5.130000000000000115e-01,-3.691663450215431741e+00
5.127000000000000446e-01,-3.733358738619019235e+00
5.125999999999999446e-01,-3.710664971083855068e+00
5.123999999999999666e-01,-3.707450755896235073e+00
5.120999999999999996e-01,-3.606269383016614150e+00
5.118000000000000327e-01,-3.501556375158365153e+00
5.117000000000000437e-01,-3.461354874820243843e+00
5.116000000000000547e-01,-3.497565990736029473e+00
5.112999999999999767e-01,-3.390016772444326421e+00
5.111999999999999877e-01,-3.387630349829528598e+00
5.109000000000000208e-01,-3.324445994888347133e+00
5.107000000000000428e-01,-3.319747651555072121e+00
5.106000000000000538e-01,-3.220707234019292819e+00
5.104999999999999538e-01,-3.241392545577648221e+00
5.100999999999999979e-01,-3.258464311408360015e+00
5.100000000000000089e-01,-3.265994519566495669e+00
5.099000000000000199e-01,-3.250419770982059919e+00
5.097000000000000419e-01,-3.255355621202271177e+00
5.096000000000000529e-01,-3.260788222111676404e+00
5.094999999999999529e-01,-3.127756939151626892e+00
5.092999999999999750e-01,-3.223275139331293726e+00
5.090000000000000080e-01,-3.236256351587252222e+00
5.089000000000000190e-01,-3.160821940314805900e+00
5.088000000000000300e-01,-3.144869740316080797e+00
5.086000000000000520e-01,-3.177980590572393016e+00
5.083999999999999631e-01,-3.109738191358901283e+00
5.081999999999999851e-01,-3.094806897751267716e+00
5.080000000000000071e-01,-3.233423494839737788e+00
5.078000000000000291e-01,-3.363302521842970183e+00
5.076000000000000512e-01,-3.406880214137097962e+00
5.074999999999999512e-01,-3.586837578702650742e+00
5.073999999999999622e-01,-3.622946452130071382e+00
5.072999999999999732e-01,-3.708188814768864638e+00
5.070000000000000062e-01,-3.739718507387301827e+00
5.068000000000000282e-01,-3.772215674061052404e+00
5.067000000000000393e-01,-3.709039509278699853e+00
5.064999999999999503e-01,-3.777797675555138568e+00
5.063999999999999613e-01,-3.759319629470236457e+00
5.062999999999999723e-01,-3.751934400058332120e+00
5.061999999999999833e-01,-3.804860456650682732e+00
5.060999999999999943e-01,-3.850263222328342838e+00
5.060000000000000053e-01,-3.762117966539524350e+00
5.059000000000000163e-01,-3.742720966537771865e+00
5.058000000000000274e-01,-3.654308911344439359e+00
5.057000000000000384e-01,-3.683633668583596865e+00
5.056000000000000494e-01,-3.655863269043102104e+00
5.054999999999999494e-01,-3.788782615345154259e+00
5.053999999999999604e-01,-3.850119661352457534e+00
5.024999999999999467e-01,-3.909817787233482722e+00
5.008000000000000229e-01,-3.933430350189226488e+00
4.974000000000000088e-01,-3.936092861926143716e+00
4.956999999999999740e-01,-3.779467650553147706e+00
4.939999999999999947e-01,-3.556365181237586270e+00
4.905999999999999805e-01,-3.577023574343474177e+00
4.888000000000000123e-01,-3.448298057003029715e+00
4.849999999999999867e-01,-3.520460130458646919e+00
4.829999999999999849e-01,-3.623828863318634408e+00
4.809999999999999831e-01,-3.771460238247426489e+00
4.767000000000000126e-01,-3.684342470055834262e+00
4.744999999999999774e-01,-3.633792056261520020e+00
4.698999999999999844e-01,-3.531627766585331951e+00
4.676000000000000156e-01,-3.519951064497595095e+00
4.627999999999999892e-01,-3.447407974214999893e+00
4.603999999999999759e-01,-3.458380840138941092e+00
4.580000000000000182e-01,-3.505212072537344792e+00
4.531999999999999917e-01,-3.443436444188485712e+00
4.507999999999999785e-01,-3.422204749977952432e+00
4.460000000000000075e-01,-3.509146548008879485e+00
4.435000000000000053e-01,-3.482156341884090178e+00
4.410000000000000031e-01,-3.502496046396407881e+00
4.359000000000000097e-01,-3.529138033550038855e+00
4.331999999999999740e-01,-3.519525954169544502e+00
4.304000000000000048e-01,-3.509726349639197718e+00
4.244999999999999885e-01,-3.614985634062817255e+00
4.213000000000000078e-01,-3.649393321710492355e+00
4.178999999999999937e-01,-3.603910250795927084e+00
4.106000000000000205e-01,-3.563639580005384833e+00
4.066000000000000170e-01,-3.507925488956398663e+00
3.976000000000000090e-01,-3.513001499660939331e+00
3.926999999999999935e-01,-3.534739678233700833e+00
3.875000000000000111e-01,-3.703641498016830180e+00
3.764000000000000123e-01,-3.817203138933577655e+00
3.704999999999999960e-01,-3.915944424996987028e+00
3.644999999999999907e-01,-3.880401227429886468e+00
3.524999999999999800e-01,-3.851529274273568504e+00
3.466000000000000192e-01,-3.736592207806699761e+00
3.408999999999999808e-01,-3.615948774677025135e+00
3.306999999999999940e-01,-3.435370887211186108e+00
3.262999999999999790e-01,-3.410104298728899863e+00
3.191999999999999837e-01,-3.390794195831936975e+00
3.165999999999999925e-01,-3.400578392479536305e+00
3.144000000000000128e-01,-3.338844807066199571e+00
3.115999999999999881e-01,-3.435534899075554538e+00
3.106999999999999762e-01,-3.407592751776544748e+00
3.099999999999999978e-01,-3.348290984082069599e+00
3.091999999999999749e-01,-3.437901586445524238e+00
3.089000000000000079e-01,-3.571732627202228727e+00
3.086999999999999744e-01,-3.683976411431311604e+00
3.084999999999999964e-01,-3.732525228892779712e+00
3.083000000000000185e-01,-3.704374965604051440e+00
3.081999999999999740e-01,-3.521282658625057849e+00
3.079999999999999960e-01,-3.472112072142874428e+00
3.079000000000000070e-01,-3.412596066519335114e+00
3.076999999999999735e-01,-3.307171314432255649e+00
3.075999999999999845e-01,-3.308356577952364930e+00
3.074999999999999956e-01,-3.387533189329050121e+00
3.074000000000000066e-01,-3.483453853194429239e+00
3.071999999999999731e-01,-3.557283864538685059e+00
3.069999999999999951e-01,-3.640061987877363237e+00
3.069000000000000061e-01,-3.601046136135766407e+00
3.068000000000000171e-01,-3.615349492043506974e+00
3.066999999999999726e-01,-3.568884719588050203e+00
3.065999999999999837e-01,-3.441272841142317240e+00
3.064999999999999947e-01,-3.534906887844857515e+00
3.064000000000000057e-01,-3.641793556926065545e+00
3.063000000000000167e-01,-3.669363323101360042e+00
3.062000000000000277e-01,-3.590367847836062332e+00
3.060999999999999832e-01,-3.650072988073683078e+00
3.059999999999999942e-01,-3.477861755900035323e+00
3.059000000000000052e-01,-3.457536787739301953e+00
3.058000000000000163e-01,-3.403296256434262812e+00
3.057000000000000273e-01,-3.472601102284811336e+00
3.055999999999999828e-01,-3.515543650100815931e+00
3.054999999999999938e-01,-3.631240170794691746e+00
3.054000000000000048e-01,-3.685431554811824384e+00
3.053000000000000158e-01,-3.717750614669613096e+00
3.052000000000000268e-01,-3.694612026448606645e+00
3.050999999999999823e-01,-3.642145985905675953e+00
3.049999999999999933e-01,-3.608910549697530445e+00
3.049000000000000044e-01,-3.572368944084747255e+00
3.048000000000000154e-01,-3.606372539323998705e+00
3.047000000000000264e-01,-3.628388228245904568e+00
3.045999999999999819e-01,-3.538672646748730610e+00
3.044999999999999929e-01,-3.569378621480212121e+00
3.044000000000000039e-01,-3.673556570828739876e+00
3.043000000000000149e-01,-3.738880838264069695e+00
3.042000000000000259e-01,-3.915186246159496619e+00
3.040999999999999814e-01,-4.009080623203487015e+00
3.039999999999999925e-01,-3.936280722406093613e+00
3.039000000000000035e-01,-3.881536713337685462e+00
3.038000000000000145e-01,-3.754864980500261407e+00
3.037000000000000255e-01,-3.545116668574044283e+00
3.035999999999999810e-01,-3.385695753100880889e+00
3.034999999999999920e-01,-3.341250267840933930e+00
3.034000000000000030e-01,-3.190592016521220931e+00
3.033000000000000140e-01,-3.183236843601055632e+00
3.032000000000000250e-01,-3.181711847069779608e+00
3.030999999999999805e-01,-3.306340314792322044e+00
3.029999999999999916e-01,-3.357328846417817481e+00
3.029000000000000026e-01,-3.399408531576108672e+00
3.028000000000000136e-01,-3.469775862867118921e+00
3.027000000000000246e-01,-3.467155639587382598e+00
3.025999999999999801e-01,-3.287431618419212054e+00
3.024999999999999911e-01,-3.331176314756711943e+00
3.024000000000000021e-01,-3.388374324148624162e+00
3.023000000000000131e-01,-3.262070764445401672e+00
3.022000000000000242e-01,-3.253573921006835956e+00
3.020999999999999797e-01,-3.505980280535392346e+00
3.019999999999999907e-01,-3.535230621827534225e+00
3.019000000000000017e-01,-3.349383802147276601e+00
3.018000000000000127e-01,-3.389976033751628925e+00
3.017000000000000237e-01,-3.290187873239980298e+00
3.015999999999999792e-01,-3.186207471020663817e+00
3.014999999999999902e-01,-3.205649854564618373e+00
3.014000000000000012e-01,-3.428697752733134152e+00
3.013000000000000123e-01,-3.582834462405037446e+00
3.012000000000000233e-01,-3.694839441909514299e+00
3.010999999999999788e-01,-3.789178529131909556e+00
3.009999999999999898e-01,-3.745457458171619347e+00
3.009000000000000008e-01,-3.707670128745566007e+00
3.008000000000000118e-01,-3.631676282506712816e+00
3.007000000000000228e-01,-3.701734882344543287e+00
3.005999999999999783e-01,-3.604790008339409102e+00
3.004999999999999893e-01,-3.629670875943403097e+00
3.004000000000000004e-01,-3.633418960800050002e+00
3.003000000000000114e-01,-3.578881898190500177e+00
3.002000000000000224e-01,-3.558153039114331673e+00
3.000999999999999779e-01,-3.605623991932704886e+00
2.999999999999999889e-01,-3.574606734230434846e+00
2.998999999999999999e-01,-3.514373030928941599e+00
2.998000000000000109e-01,-3.501817670911733238e+00
