# T (K), dc/c (x 1e-5)
1.699699999999999989e+00,-1.361253419001357656e+00
1.699300000000000033e+00,-1.471612787045401660e+00
1.698800000000000088e+00,-1.505952039913757590e+00
1.698499999999999899e+00,-1.642111951140941883e+00
1.697799999999999976e+00,-1.590757235691523608e+00
1.697500000000000009e+00,-1.551001592791784178e+00
1.697200000000000042e+00,-1.411718951077368889e+00
1.696900000000000075e+00,-1.496622541209517765e+00
1.696199999999999930e+00,-1.606263857575011222e+00
1.695899999999999963e+00,-1.878779522650510403e+00
1.695599999999999996e+00,-1.949253474381219764e+00
1.694900000000000073e+00,-1.955587748776396850e+00
1.694600000000000106e+00,-1.841641356513413985e+00
1.693899999999999961e+00,-1.927730508786713148e+00
1.693500000000000005e+00,-1.937155281991568279e+00
1.692800000000000082e+00,-2.117625653064170166e+00
1.692499999999999893e+00,-2.273803149219350228e+00
1.691799999999999971e+00,-2.266816643410364485e+00
1.691500000000000004e+00,-1.994179414148249174e+00
1.691200000000000037e+00,-1.663813398696863732e+00
1.690499999999999892e+00,-1.355814890400125483e+00
1.690199999999999925e+00,-1.170448765437336114e+00
1.689899999999999958e+00,-9.566835822359155417e-01
1.689300000000000024e+00,-9.888559492762447611e-01
1.689000000000000057e+00,-1.044534205054906684e+00
1.688600000000000101e+00,-1.016727727587134922e+00
1.688099999999999934e+00,-9.616919734243764006e-01
1.687699999999999978e+00,-1.035048833198902507e+00
1.687100000000000044e+00,-9.455165452006488724e-01
1.686800000000000077e+00,-9.959902883376754446e-01
1.686399999999999899e+00,-1.164812971917988271e+00
1.685899999999999954e+00,-1.351123047686770384e+00
1.685499999999999998e+00,-1.256801484680481584e+00
1.685200000000000031e+00,-1.300901888148364050e+00
1.684500000000000108e+00,-1.360029163928466733e+00
1.684199999999999919e+00,-1.292469300748378513e+00
1.683799999999999963e+00,-1.242644819199490547e+00
1.683000000000000052e+00,-1.362609774389726747e+00
1.682700000000000085e+00,-1.429877662921207104e+00
1.681999999999999940e+00,-1.372974355575012906e+00
1.681799999999999962e+00,-1.232474539328530572e+00
1.681499999999999995e+00,-9.896467600001290776e-01
1.680900000000000061e+00,-9.780728904813622560e-01
1.680600000000000094e+00,-9.241788518418377896e-01
1.680299999999999905e+00,-9.085510451788298969e-01
1.679599999999999982e+00,-1.103397769132378414e+00
1.679200000000000026e+00,-1.303047147512437887e+00
1.678500000000000103e+00,-1.465417075186565388e+00
1.678199999999999914e+00,-1.580663697990820848e+00
1.677799999999999958e+00,-1.610934029308060733e+00
1.677400000000000002e+00,-1.631195601448243826e+00
1.676700000000000079e+00,-1.679633211944479232e+00
1.676399999999999890e+00,-1.735894454217671967e+00
1.676099999999999923e+00,-1.739623520978245796e+00
1.675499999999999989e+00,-1.846283992701682086e+00
1.675200000000000022e+00,-1.767010311546010515e+00
1.674500000000000099e+00,-1.716329527854543846e+00
1.674099999999999921e+00,-1.645129721032367875e+00
1.673799999999999955e+00,-1.653788349080011155e+00
1.673100000000000032e+00,-1.671957369843990238e+00
1.672800000000000065e+00,-1.767751635209924066e+00
1.672199999999999909e+00,-1.751848986930107266e+00
1.671799999999999953e+00,-1.749906959814875984e+00
1.671599999999999975e+00,-1.775690783325754696e+00
1.670900000000000052e+00,-1.701014221994895381e+00
1.670700000000000074e+00,-1.720757040788480241e+00
1.670400000000000107e+00,-1.678981865704913368e+00
1.669599999999999973e+00,-1.617571163117295541e+00
1.669300000000000006e+00,-1.604596743567388240e+00
1.669000000000000039e+00,-1.594901740945564361e+00
1.668299999999999894e+00,-1.438245147588612660e+00
1.667899999999999938e+00,-1.444551753141190442e+00
1.667200000000000015e+00,-1.445466671375905676e+00
1.666900000000000048e+00,-1.287423530137131511e+00
1.666600000000000081e+00,-1.250493278115404117e+00
1.665999999999999925e+00,-1.302907509352704940e+00
1.665699999999999958e+00,-1.322823285872451571e+00
1.665399999999999991e+00,-1.389910531519565673e+00
1.664800000000000058e+00,-1.493875374135138268e+00
1.664400000000000102e+00,-1.532156241777146821e+00
1.664099999999999913e+00,-1.606815047996978940e+00
1.663399999999999990e+00,-1.776543450552961589e+00
1.663100000000000023e+00,-1.757548389264215638e+00
1.662800000000000056e+00,-1.674401700229102730e+00
1.662199999999999900e+00,-1.643819089776204834e+00
1.661899999999999933e+00,-1.618384713326856295e+00
1.661599999999999966e+00,-1.526704467966766066e+00
1.660900000000000043e+00,-1.587777526149900087e+00
1.660600000000000076e+00,-1.844197893257730536e+00
1.660199999999999898e+00,-1.924213111130120168e+00
1.659599999999999964e+00,-1.843957187504206896e+00
1.659200000000000008e+00,-1.735985605782926378e+00
1.658900000000000041e+00,-1.618605681777060656e+00
1.658199999999999896e+00,-1.380759821422751443e+00
1.657899999999999929e+00,-1.246293260302039352e+00
1.657599999999999962e+00,-1.172221868323969352e+00
1.656800000000000050e+00,-1.097055254721569728e+00
1.656600000000000072e+00,-9.729264392695224917e-01
1.655999999999999917e+00,-1.003286500344293009e+00
1.655599999999999961e+00,-1.109406008583530001e+00
1.654900000000000038e+00,-1.393241865676533964e+00
1.654600000000000071e+00,-1.633505088442233300e+00
1.654300000000000104e+00,-1.819844935073977377e+00
1.653599999999999959e+00,-1.766103613730883648e+00
1.653299999999999992e+00,-1.572188062045378087e+00
1.653000000000000025e+00,-1.350219218007597810e+00
1.652700000000000058e+00,-1.153233782672374863e+00
1.652199999999999891e+00,-1.026452574449734811e+00
1.651799999999999935e+00,-1.107432117849367570e+00
1.651499999999999968e+00,-1.276099923350551446e+00
1.650900000000000034e+00,-1.317872278375487038e+00
1.650600000000000067e+00,-1.251963485654865371e+00
1.649799999999999933e+00,-1.312716955607362568e+00
1.649399999999999977e+00,-1.314495851815651539e+00
1.649000000000000021e+00,-1.287572502890535375e+00
1.648400000000000087e+00,-1.262993534037574861e+00
1.647999999999999909e+00,-1.312483992064149341e+00
1.647299999999999986e+00,-1.304203963440261793e+00
1.647000000000000020e+00,-1.337576984484258213e+00
1.646400000000000086e+00,-1.381243033168541690e+00
1.645999999999999908e+00,-1.334287568479780584e+00
1.645699999999999941e+00,-1.348308243047414923e+00
1.645100000000000007e+00,-1.180561361157003830e+00
1.644700000000000051e+00,-1.006650424737222327e+00
1.644400000000000084e+00,-9.744616551097401436e-01
1.643699999999999939e+00,-9.784438136576159017e-01
1.643399999999999972e+00,-1.013405468677473831e+00
1.642800000000000038e+00,-1.181136515333719439e+00
1.642400000000000082e+00,-1.293353107776097577e+00
1.642099999999999893e+00,-1.292135625077864391e+00
1.641799999999999926e+00,-1.402299466427212149e+00
1.641299999999999981e+00,-1.393827207216702391e+00
1.640900000000000025e+00,-1.436167593868616033e+00
1.640300000000000091e+00,-1.372067090947559631e+00
1.639999999999999902e+00,-1.285183319651682421e+00
1.639599999999999946e+00,-1.137843309521082036e+00
1.638900000000000023e+00,-1.172201988944090889e+00
1.638400000000000079e+00,-1.237351403008853046e+00
1.637799999999999923e+00,-1.458285796712734061e+00
1.637399999999999967e+00,-1.649304355334536787e+00
1.636800000000000033e+00,-1.804700177144950901e+00
1.636600000000000055e+00,-1.838484540703198888e+00
1.636200000000000099e+00,-1.787888615507361667e+00
1.635599999999999943e+00,-1.607322623403024897e+00
1.635199999999999987e+00,-1.610258007900336574e+00
1.634900000000000020e+00,-1.667761801815749401e+00
1.634500000000000064e+00,-1.801097568442516783e+00
1.633899999999999908e+00,-1.949775579196469488e+00
1.633599999999999941e+00,-2.219732592483349087e+00
1.633199999999999985e+00,-2.293512610016743114e+00
1.632700000000000040e+00,-2.302067031655294027e+00
1.632300000000000084e+00,-2.303015822014038871e+00
1.631599999999999939e+00,-2.144169746593135528e+00
1.631299999999999972e+00,-1.827636253920253528e+00
1.631000000000000005e+00,-1.663511203080780598e+00
1.630400000000000071e+00,-1.489339795697243396e+00
1.629999999999999893e+00,-1.467222208294399755e+00
1.629699999999999926e+00,-1.661731519943567159e+00
1.629099999999999993e+00,-1.906127263929559223e+00
1.628800000000000026e+00,-2.046242255783099928e+00
1.628500000000000059e+00,-2.264200648304931285e+00
1.627799999999999914e+00,-2.156279062023279458e+00
1.627499999999999947e+00,-2.022943265915511102e+00
1.626800000000000024e+00,-1.930403730384770755e+00
1.626400000000000068e+00,-1.814153334375560922e+00
1.625799999999999912e+00,-1.623771183364361548e+00
1.625499999999999945e+00,-1.590552710256446067e+00
1.625199999999999978e+00,-1.471944056861684835e+00
1.624600000000000044e+00,-1.395045092645041951e+00
1.624200000000000088e+00,-1.307240099723376625e+00
1.623899999999999899e+00,-1.335771148177136602e+00
1.623199999999999976e+00,-1.317775168116867901e+00
1.622800000000000020e+00,-1.429971430818091527e+00
1.622000000000000108e+00,-1.501204161982738761e+00
1.621699999999999919e+00,-1.594588292181779776e+00
1.621399999999999952e+00,-1.628079528584388980e+00
1.620800000000000018e+00,-1.702469242083129553e+00
1.620500000000000052e+00,-1.637003895686266253e+00
1.620200000000000085e+00,-1.598577052035511814e+00
1.619499999999999940e+00,-1.504713568068610785e+00
1.619099999999999984e+00,-1.547764970168605370e+00
1.618500000000000050e+00,-1.654052243225852425e+00
1.618200000000000083e+00,-1.683371923552612337e+00
1.617799999999999905e+00,-1.642634009605438594e+00
1.617199999999999971e+00,-1.755986119128284617e+00
1.616900000000000004e+00,-1.788790508651209921e+00
1.616600000000000037e+00,-1.686863017574327550e+00
1.616100000000000092e+00,-1.608647510794522617e+00
1.615799999999999903e+00,-1.687546216244776964e+00
1.615099999999999980e+00,-1.580137767893813106e+00
1.614800000000000013e+00,-1.438460808130502588e+00
1.614100000000000090e+00,-1.408179580639663753e+00
1.613699999999999912e+00,-1.415045277166661286e+00
1.613399999999999945e+00,-1.285726347966566374e+00
1.612700000000000022e+00,-1.373590897653098608e+00
1.612300000000000066e+00,-1.570369317004105536e+00
1.612000000000000099e+00,-1.626327617871084374e+00
1.611299999999999955e+00,-1.661103771042060639e+00
1.611099999999999977e+00,-1.672082064398950019e+00
1.610700000000000021e+00,-1.691212649336283569e+00
1.610000000000000098e+00,-1.630178005998621060e+00
1.609699999999999909e+00,-1.688645995800708288e+00
1.609399999999999942e+00,-1.897353820768249433e+00
1.608800000000000008e+00,-2.068271733245835797e+00
1.608400000000000052e+00,-2.049336973267944284e+00
1.608100000000000085e+00,-1.970094539316021187e+00
1.607399999999999940e+00,-1.800239218521238138e+00
1.607099999999999973e+00,-1.411425407945830823e+00
1.606400000000000050e+00,-1.149987115968281737e+00
1.606100000000000083e+00,-1.138856233930292339e+00
1.605799999999999894e+00,-1.117443058725360538e+00
1.605299999999999949e+00,-1.272221725654165692e+00
1.604999999999999982e+00,-1.475983472318982637e+00
1.604600000000000026e+00,-1.680437002151528914e+00
1.604000000000000092e+00,-1.742798498433582921e+00
1.603699999999999903e+00,-1.875920159703017731e+00
1.603399999999999936e+00,-1.792883910392804925e+00
1.602700000000000014e+00,-1.762250399119577704e+00
1.602400000000000047e+00,-1.814638125276803349e+00
1.602000000000000091e+00,-1.826091404562163234e+00
1.601299999999999946e+00,-1.871967807234552028e+00
1.600899999999999990e+00,-1.805264110101463482e+00
1.600500000000000034e+00,-1.831652469251356052e+00
1.599800000000000111e+00,-1.886561413844169088e+00
1.599499999999999922e+00,-1.897090106957495470e+00
1.599199999999999955e+00,-1.788025241987525993e+00
1.598600000000000021e+00,-1.946952500367984840e+00
1.598300000000000054e+00,-2.038714645465969255e+00
1.598100000000000076e+00,-2.019819388184261655e+00
1.597499999999999920e+00,-2.150037716164391988e+00
1.597099999999999964e+00,-2.130907105599572304e+00
1.596799999999999997e+00,-2.153178770619816440e+00
1.596100000000000074e+00,-2.157436088824002507e+00
1.595800000000000107e+00,-2.144658483942754490e+00
1.595199999999999951e+00,-2.074567288274514532e+00
1.594899999999999984e+00,-2.083353369918099052e+00
1.594200000000000061e+00,-1.985631339786603222e+00
1.593900000000000095e+00,-2.013886187228475233e+00
1.593499999999999917e+00,-1.975731688634053906e+00
1.592799999999999994e+00,-1.952655251970733641e+00
1.592400000000000038e+00,-2.064314830999523842e+00
1.592100000000000071e+00,-2.214699696165938203e+00
1.591399999999999926e+00,-2.282349683133087836e+00
1.591099999999999959e+00,-2.224267044751010669e+00
1.590799999999999992e+00,-2.089797035103868605e+00
1.590200000000000058e+00,-1.911461183520743345e+00
1.589900000000000091e+00,-1.699525550419508813e+00
1.589499999999999913e+00,-1.597666366269893778e+00
1.588899999999999979e+00,-1.729173671878095231e+00
1.588600000000000012e+00,-1.867593217685682649e+00
1.588200000000000056e+00,-1.867378739352498762e+00
1.587599999999999900e+00,-2.033295338818817743e+00
1.587199999999999944e+00,-2.092802705724941426e+00
1.586999999999999966e+00,-2.030718694833143267e+00
1.586300000000000043e+00,-1.889119132561962955e+00
1.586000000000000076e+00,-1.992691843187982537e+00
1.585599999999999898e+00,-1.922936424559179569e+00
1.584999999999999964e+00,-1.876543112397932367e+00
1.584699999999999998e+00,-1.803481001973541886e+00
1.584000000000000075e+00,-1.766111649439475073e+00
1.583800000000000097e+00,-1.653160072525861057e+00
1.583399999999999919e+00,-1.580059626024484132e+00
1.582699999999999996e+00,-1.373504478469275814e+00
1.582400000000000029e+00,-1.258267201243827627e+00
1.582100000000000062e+00,-1.268976367056126708e+00
1.581499999999999906e+00,-1.423822055898332772e+00
1.581099999999999950e+00,-1.523103832268037028e+00
1.580799999999999983e+00,-1.749087133012735995e+00
1.580200000000000049e+00,-2.116508202224947954e+00
1.579800000000000093e+00,-2.307991047465693502e+00
1.579399999999999915e+00,-2.234499281222671385e+00
1.578799999999999981e+00,-2.181700782710703557e+00
1.578500000000000014e+00,-1.929164726487790693e+00
1.578100000000000058e+00,-1.561822382906662199e+00
1.577399999999999913e+00,-1.339147138659096958e+00
1.577099999999999946e+00,-1.310964187701546546e+00
1.576699999999999990e+00,-1.404512452726561111e+00
1.576000000000000068e+00,-1.671663532615934367e+00
1.575700000000000101e+00,-2.016750417763099712e+00
1.574999999999999956e+00,-2.233334635877263885e+00
1.574699999999999989e+00,-2.278606099574316701e+00
1.574400000000000022e+00,-2.226657172794757944e+00
1.574100000000000055e+00,-2.084396997857340672e+00
1.573499999999999899e+00,-1.773803501524430448e+00
1.573199999999999932e+00,-1.452883162330678823e+00
1.572999999999999954e+00,-1.312815340427306410e+00
1.572300000000000031e+00,-1.227774212059114411e+00
1.572000000000000064e+00,-1.345754116652830845e+00
1.571700000000000097e+00,-1.622832916333624809e+00
1.570899999999999963e+00,-1.943392234136365415e+00
1.570500000000000007e+00,-2.182781406937714497e+00
1.569900000000000073e+00,-2.276464721874156716e+00
1.569600000000000106e+00,-2.340859285497737474e+00
1.569299999999999917e+00,-2.196264954778468059e+00
1.568599999999999994e+00,-2.092704355270390337e+00
1.568400000000000016e+00,-1.979585176516106326e+00
1.568000000000000060e+00,-1.926845938586205342e+00
1.567299999999999915e+00,-1.694071003152213040e+00
1.566599999999999993e+00,-1.605449096202214765e+00
1.565900000000000070e+00,-1.475342703032879399e+00
1.565700000000000092e+00,-1.402116864031091481e+00
1.565299999999999914e+00,-1.337865836430820909e+00
1.564699999999999980e+00,-1.319723169099264126e+00
1.564400000000000013e+00,-1.316495748240817276e+00
1.563800000000000079e+00,-1.403668744774031030e+00
1.563499999999999890e+00,-1.378848356991605018e+00
1.563099999999999934e+00,-1.427094445947199475e+00
1.562400000000000011e+00,-1.557080216164942410e+00
1.562000000000000055e+00,-1.635239756200904226e+00
1.561700000000000088e+00,-1.730059896964571298e+00
1.560899999999999954e+00,-1.793389238523429796e+00
1.560599999999999987e+00,-1.865972347737769654e+00
1.560200000000000031e+00,-1.933638350843508436e+00
1.559600000000000097e+00,-1.814005272754056097e+00
1.559299999999999908e+00,-1.581207591954368663e+00
1.558599999999999985e+00,-1.557288468381767821e+00
1.558300000000000018e+00,-1.461906134145075864e+00
1.558000000000000052e+00,-1.299945017988399121e+00
1.557299999999999907e+00,-1.354603958030817346e+00
1.556999999999999940e+00,-1.434791512494211441e+00
1.556699999999999973e+00,-1.527650019315443419e+00
1.556200000000000028e+00,-1.588748348403806965e+00
1.555800000000000072e+00,-1.731073148844332277e+00
1.555500000000000105e+00,-1.880765738516039454e+00
1.554899999999999949e+00,-1.920540610091357792e+00
1.554499999999999993e+00,-1.887798178565672114e+00
1.553900000000000059e+00,-1.800408597469153715e+00
1.553600000000000092e+00,-1.694509837243639128e+00
1.553199999999999914e+00,-1.486990160847884157e+00
1.552599999999999980e+00,-1.475038765450312095e+00
1.552200000000000024e+00,-1.429768099740942544e+00
1.551900000000000057e+00,-1.441837057042372194e+00
1.551500000000000101e+00,-1.340555832375599277e+00
1.550899999999999945e+00,-1.378459775764929951e+00
1.550599999999999978e+00,-1.448236187243691520e+00
1.549900000000000055e+00,-1.544054070321092098e+00
1.549600000000000088e+00,-1.583831089660148184e+00
1.549299999999999899e+00,-1.654936092679304416e+00
1.548599999999999977e+00,-1.550163353472438832e+00
1.548200000000000021e+00,-1.411023173937958619e+00
1.547900000000000054e+00,-1.227775840521201589e+00
1.547199999999999909e+00,-1.136684181251707004e+00
1.546899999999999942e+00,-1.042177872339101974e+00
1.546499999999999986e+00,-1.237637543864932077e+00
1.545900000000000052e+00,-1.355516246018054094e+00
1.545600000000000085e+00,-1.447154645750833968e+00
1.545299999999999896e+00,-1.549543219268208150e+00
1.544799999999999951e+00,-1.778268830493756614e+00
1.544399999999999995e+00,-1.620175521479701342e+00
1.544100000000000028e+00,-1.396327778546008203e+00
1.543400000000000105e+00,-1.292074033664505794e+00
1.543099999999999916e+00,-1.238564552349316727e+00
1.542499999999999982e+00,-1.033316866816125223e+00
1.542200000000000015e+00,-1.059400626125181599e+00
1.541500000000000092e+00,-1.363132510091742855e+00
1.541099999999999914e+00,-1.520560526496392395e+00
1.540799999999999947e+00,-1.538430053788300444e+00
1.540200000000000014e+00,-1.687570595799020579e+00
1.539700000000000069e+00,-1.785056222330973164e+00
1.539400000000000102e+00,-1.787947125212983712e+00
1.539099999999999913e+00,-1.885587651609364812e+00
1.538399999999999990e+00,-2.048417343159386839e+00
1.538100000000000023e+00,-2.056470986446269578e+00
1.537400000000000100e+00,-2.127523001083410303e+00
1.537099999999999911e+00,-2.065544055340762242e+00
1.536799999999999944e+00,-1.922749791071834302e+00
1.536100000000000021e+00,-1.838044076781196523e+00
1.535800000000000054e+00,-1.809813901991960794e+00
1.535500000000000087e+00,-1.761475421854161283e+00
1.534899999999999931e+00,-1.739201435932251405e+00
1.534499999999999975e+00,-1.640249675834183574e+00
1.533900000000000041e+00,-1.540028871700495294e+00
1.533500000000000085e+00,-1.546442523210969533e+00
1.533300000000000107e+00,-1.614838313081547350e+00
1.532599999999999962e+00,-1.754789692433832204e+00
1.532299999999999995e+00,-1.953260937958036125e+00
1.531700000000000061e+00,-2.058632783136019384e+00
1.531400000000000095e+00,-2.076455722330103448e+00
1.531099999999999905e+00,-2.020796801100489759e+00
1.530399999999999983e+00,-1.905714589160549588e+00
1.530100000000000016e+00,-1.867360995558426051e+00
1.529700000000000060e+00,-1.826951556395915777e+00
1.529099999999999904e+00,-1.936896643400555451e+00
1.528799999999999937e+00,-2.001950120538547040e+00
1.528499999999999970e+00,-2.097697275507022230e+00
1.528100000000000014e+00,-2.183799730242214299e+00
1.527400000000000091e+00,-2.295375773550996090e+00
1.527099999999999902e+00,-2.201312179354458554e+00
1.526399999999999979e+00,-2.117520780128001601e+00
1.526000000000000023e+00,-1.920476318423049111e+00
1.525300000000000100e+00,-1.916286771060891736e+00
1.524999999999999911e+00,-1.986010861820368456e+00
1.524699999999999944e+00,-2.006572062506275955e+00
1.524199999999999999e+00,-2.083471384352192146e+00
1.523900000000000032e+00,-2.129366906610738575e+00
1.523500000000000076e+00,-1.937726617062540679e+00
1.522899999999999920e+00,-1.688911256734967781e+00
1.522599999999999953e+00,-1.611946456122892446e+00
1.522199999999999998e+00,-1.535965436590853939e+00
1.521600000000000064e+00,-1.597436325763077036e+00
1.521300000000000097e+00,-1.671284340505584165e+00
1.520899999999999919e+00,-1.748131429969088213e+00
1.520199999999999996e+00,-1.807080409608405436e+00
1.519900000000000029e+00,-1.732882582901121404e+00
1.519300000000000095e+00,-1.736237274403903852e+00
1.518999999999999906e+00,-1.913973418120537451e+00
1.518599999999999950e+00,-1.956655690632628897e+00
1.518299999999999983e+00,-1.841305517333233110e+00
1.517800000000000038e+00,-1.924537555724088689e+00
1.517500000000000071e+00,-1.841354321229262014e+00
1.517200000000000104e+00,-1.645876231850078142e+00
1.516499999999999959e+00,-1.542423125917812055e+00
1.516199999999999992e+00,-1.554098722909742936e+00
1.515600000000000058e+00,-1.287712904790745627e+00
1.515200000000000102e+00,-1.192073929340495386e+00
1.514799999999999924e+00,-1.074608300074379796e+00
1.514199999999999990e+00,-9.666415344538117349e-01
1.513900000000000023e+00,-9.228964624967070929e-01
1.513600000000000056e+00,-1.129653183375017855e+00
1.512899999999999912e+00,-1.422328528181103557e+00
1.512499999999999956e+00,-1.708424552392673101e+00
1.512199999999999989e+00,-2.008897485753433187e+00
1.511500000000000066e+00,-2.215070605704576145e+00
1.511200000000000099e+00,-2.287907418446095686e+00
1.510799999999999921e+00,-2.166020075483228613e+00
1.510099999999999998e+00,-1.992806008458205991e+00
1.509800000000000031e+00,-1.861813968531966790e+00
1.509500000000000064e+00,-1.878968521642696121e+00
1.508899999999999908e+00,-1.830210998709953962e+00
1.508599999999999941e+00,-1.767988528377922863e+00
1.508000000000000007e+00,-1.807345263552841086e+00
1.507700000000000040e+00,-1.771376359640600029e+00
1.507400000000000073e+00,-1.712676879871803726e+00
1.506799999999999917e+00,-1.640568683477505951e+00
1.506399999999999961e+00,-1.693663856817164026e+00
1.505700000000000038e+00,-1.649750916105432896e+00
1.505400000000000071e+00,-1.650342903116441606e+00
1.504999999999999893e+00,-1.557630522317603239e+00
1.504399999999999959e+00,-1.640659821145924901e+00
1.504000000000000004e+00,-1.610932076287867165e+00
1.503600000000000048e+00,-1.609945807777638072e+00
1.503100000000000103e+00,-1.620532430796697732e+00
1.502799999999999914e+00,-1.646487159219153895e+00
1.502499999999999947e+00,-1.707891279943626772e+00
1.501900000000000013e+00,-1.760830302454975627e+00
1.501600000000000046e+00,-1.925168080518860458e+00
1.501300000000000079e+00,-2.038518672300114520e+00
1.500599999999999934e+00,-1.991207747986910359e+00
1.500199999999999978e+00,-1.950075834487620341e+00
1.499900000000000011e+00,-1.990905093042886875e+00
1.499200000000000088e+00,-1.896502559825541390e+00
1.498899999999999899e+00,-1.791424934512314771e+00
1.498299999999999965e+00,-1.827460411475308355e+00
1.497900000000000009e+00,-1.638980302940753919e+00
1.497300000000000075e+00,-1.529578050129334787e+00
1.496899999999999897e+00,-1.460634949192844756e+00
1.496599999999999930e+00,-1.495527574716798425e+00
1.495999999999999996e+00,-1.509545007564727648e+00
1.495700000000000029e+00,-1.645433088166038837e+00
1.495300000000000074e+00,-1.669244896160930525e+00
1.494699999999999918e+00,-1.723352491249281915e+00
1.494399999999999951e+00,-1.808344275513115829e+00
1.494099999999999984e+00,-1.894602049255025733e+00
1.493400000000000061e+00,-1.999696321078533900e+00
1.493100000000000094e+00,-2.140447128670119881e+00
1.492799999999999905e+00,-2.119166547569148573e+00
1.492099999999999982e+00,-1.961426711364864905e+00
1.491800000000000015e+00,-1.858587710929192394e+00
1.491500000000000048e+00,-1.707871439231844812e+00
1.490899999999999892e+00,-1.421255851678515647e+00
1.490499999999999936e+00,-1.286962931486175687e+00
1.490199999999999969e+00,-1.260194883133114452e+00
1.489500000000000046e+00,-1.304255366485693290e+00
1.489200000000000079e+00,-1.336982634449410234e+00
1.488799999999999901e+00,-1.547166469261472610e+00
1.488099999999999978e+00,-1.675122703199173779e+00
1.487800000000000011e+00,-1.738027096499159097e+00
1.487100000000000088e+00,-1.721919064787275300e+00
1.486699999999999910e+00,-1.850682416331405955e+00
1.486399999999999944e+00,-1.845361771041498233e+00
1.485700000000000021e+00,-1.835775960850050126e+00
1.485500000000000043e+00,-1.771246546994689641e+00
1.485200000000000076e+00,-1.751740096757256504e+00
1.484499999999999931e+00,-1.551957912755384639e+00
1.484199999999999964e+00,-1.499527530269863185e+00
1.483500000000000041e+00,-1.448050415437073024e+00
1.483100000000000085e+00,-1.674447332796584531e+00
1.482799999999999896e+00,-1.716364331875545934e+00
1.482199999999999962e+00,-1.815223567099462310e+00
1.481899999999999995e+00,-1.705290788460156470e+00
1.481600000000000028e+00,-1.755193986559856922e+00
1.481100000000000083e+00,-1.468983682762978304e+00
1.480799999999999894e+00,-1.345116827738933374e+00
1.480399999999999938e+00,-1.257848551941137538e+00
1.479800000000000004e+00,-1.356418966805411630e+00
1.479400000000000048e+00,-1.325462507108104981e+00
1.479100000000000081e+00,-1.467036409522996854e+00
1.478299999999999947e+00,-1.709232665313593857e+00
1.478099999999999969e+00,-1.759958098552470540e+00
1.477400000000000047e+00,-1.674617431699186643e+00
1.477100000000000080e+00,-1.577765410059363438e+00
1.476799999999999891e+00,-1.419105166126054307e+00
1.476099999999999968e+00,-1.111418371121108972e+00
1.475800000000000001e+00,-1.114524102560285446e+00
1.475500000000000034e+00,-1.214962107637489019e+00
1.474800000000000111e+00,-1.294421055834764411e+00
1.474399999999999933e+00,-1.509396260067907836e+00
1.474099999999999966e+00,-1.815573433766835887e+00
1.473400000000000043e+00,-1.891453359331683792e+00
1.472900000000000098e+00,-1.922206645486590482e+00
1.472599999999999909e+00,-2.064957296719488244e+00
1.471999999999999975e+00,-2.118369093575822593e+00
1.471600000000000019e+00,-2.065043252554958908e+00
1.471100000000000074e+00,-2.161582758749246214e+00
1.470699999999999896e+00,-2.186408962302453851e+00
1.470199999999999951e+00,-2.040913661329815554e+00
1.469500000000000028e+00,-1.812973416005780880e+00
1.469200000000000061e+00,-1.651355675429712511e+00
1.468900000000000095e+00,-1.458246269971583020e+00
1.468199999999999950e+00,-1.378448453825189990e+00
1.467899999999999983e+00,-1.421999579493266053e+00
1.467500000000000027e+00,-1.613096414326310679e+00
1.466800000000000104e+00,-1.674770407354142732e+00
1.466499999999999915e+00,-1.772583825697393589e+00
1.466099999999999959e+00,-1.957647283705628238e+00
1.465600000000000014e+00,-2.021158026239249228e+00
1.465200000000000058e+00,-1.933724692923591393e+00
1.465000000000000080e+00,-1.901574358821878086e+00
1.464299999999999935e+00,-1.750178709205435501e+00
1.463899999999999979e+00,-1.619378056825424128e+00
1.463600000000000012e+00,-1.561140139564598739e+00
1.462900000000000089e+00,-1.522633818027210761e+00
1.462599999999999900e+00,-1.482253750526088654e+00
1.462299999999999933e+00,-1.492481647988666449e+00
1.461699999999999999e+00,-1.364100275767152315e+00
1.461300000000000043e+00,-1.236711091380793270e+00
1.460700000000000109e+00,-1.181567246000617022e+00
1.460299999999999931e+00,-1.255046835499720626e+00
1.459699999999999998e+00,-1.391307431069244149e+00
1.459400000000000031e+00,-1.506689190629989517e+00
1.459100000000000064e+00,-1.519316656466707105e+00
1.458399999999999919e+00,-1.555633187153848906e+00
1.457999999999999963e+00,-1.403186188892457942e+00
1.457699999999999996e+00,-1.185847634533193640e+00
1.457000000000000073e+00,-1.103891104095797271e+00
1.456599999999999895e+00,-1.226176899686154398e+00
1.456299999999999928e+00,-1.376772796267203169e+00
1.455699999999999994e+00,-1.593907584426720758e+00
1.455400000000000027e+00,-1.833188538000393608e+00
1.455100000000000060e+00,-1.866133657497728970e+00
1.454399999999999915e+00,-1.947275905881118430e+00
1.454099999999999948e+00,-1.918303072826962996e+00
1.453699999999999992e+00,-1.933608530280614524e+00
1.453100000000000058e+00,-1.849001161613184063e+00
1.452800000000000091e+00,-1.898055538863199665e+00
1.452399999999999913e+00,-1.872885480108110956e+00
1.451699999999999990e+00,-1.780219142027417378e+00
1.451400000000000023e+00,-1.663424227868748329e+00
1.451100000000000056e+00,-1.711435282681014636e+00
1.450399999999999912e+00,-1.652270437843827988e+00
1.449999999999999956e+00,-1.537310858782739320e+00
1.449400000000000022e+00,-1.582956679915328735e+00
1.449100000000000055e+00,-1.627106397487434908e+00
1.448700000000000099e+00,-1.561624648573761709e+00
1.448099999999999943e+00,-1.552850943845885068e+00
1.447799999999999976e+00,-1.541814545563680028e+00
1.447100000000000053e+00,-1.576963911567516474e+00
1.446900000000000075e+00,-1.609368200569602392e+00
1.446499999999999897e+00,-1.633624584120932255e+00
1.446199999999999930e+00,-1.658101991109592444e+00
1.445500000000000007e+00,-1.649793555019221536e+00
1.445100000000000051e+00,-1.434767570351047627e+00
1.444499999999999895e+00,-1.276713812777482859e+00
1.444099999999999939e+00,-1.310511103349496054e+00
1.443799999999999972e+00,-1.250022067629807943e+00
1.443100000000000049e+00,-1.223200575246746746e+00
1.442800000000000082e+00,-1.345059495590911203e+00
1.442099999999999937e+00,-1.333356973939325840e+00
1.441799999999999971e+00,-1.236513421237483978e+00
1.441500000000000004e+00,-1.316095801691188782e+00
1.440800000000000081e+00,-1.304659648117545423e+00
1.440399999999999903e+00,-1.237942720668655516e+00
1.440099999999999936e+00,-1.217946473437564459e+00
1.439200000000000035e+00,-1.156485812196864194e+00
1.438800000000000079e+00,-1.031245692011475867e+00
1.438299999999999912e+00,-1.142659312158636364e+00
1.437899999999999956e+00,-1.162375554200345551e+00
1.437200000000000033e+00,-1.290207398262355198e+00
1.436900000000000066e+00,-1.548485106712682580e+00
1.436500000000000110e+00,-1.648123818408647745e+00
1.435899999999999954e+00,-1.618522467936103881e+00
1.435499999999999998e+00,-1.741833828961397712e+00
1.435200000000000031e+00,-1.808595411749713833e+00
1.434900000000000064e+00,-1.658881045179180891e+00
1.434299999999999908e+00,-1.591428034418140847e+00
1.433999999999999941e+00,-1.638127305119765786e+00
1.433300000000000018e+00,-1.612710557835489222e+00
1.432900000000000063e+00,-1.654200943751460429e+00
1.432199999999999918e+00,-1.836399454435769352e+00
1.431899999999999951e+00,-1.994814344693715658e+00
1.431200000000000028e+00,-2.052484440437860158e+00
1.430900000000000061e+00,-2.064959812831043351e+00
1.430700000000000083e+00,-2.027053721132057618e+00
1.429999999999999938e+00,-1.926246221143137927e+00
1.429699999999999971e+00,-1.881109692681986800e+00
1.429400000000000004e+00,-1.839021587198702568e+00
1.428800000000000070e+00,-1.901910172767209861e+00
1.428500000000000103e+00,-1.802118083679624005e+00
1.428099999999999925e+00,-1.701474404422059772e+00
1.427400000000000002e+00,-1.667675198509452228e+00
1.427100000000000035e+00,-1.454098896679079100e+00
1.426399999999999890e+00,-1.378535595813676462e+00
1.426099999999999923e+00,-1.483360767580432782e+00
1.425699999999999967e+00,-1.490923524313722437e+00
1.425100000000000033e+00,-1.439015214596897518e+00
1.424800000000000066e+00,-1.559605364535726402e+00
1.424199999999999910e+00,-1.397781593854910298e+00
1.423899999999999944e+00,-1.284855028237802399e+00
1.423599999999999977e+00,-1.267509124201968262e+00
1.423000000000000043e+00,-1.263107066937843470e+00
1.422800000000000065e+00,-1.344836862788717502e+00
1.422500000000000098e+00,-1.464353252426942031e+00
1.422199999999999909e+00,-1.688551411054214801e+00
1.421499999999999986e+00,-1.883496649468172190e+00
1.421200000000000019e+00,-1.968124461182718665e+00
1.420800000000000063e+00,-1.892303756218655097e+00
1.420099999999999918e+00,-1.825982015275714909e+00
1.419699999999999962e+00,-1.613348681883536084e+00
1.419100000000000028e+00,-1.603104777815056670e+00
1.418700000000000072e+00,-1.620251792928684154e+00
1.418400000000000105e+00,-1.685052299349870664e+00
1.417799999999999949e+00,-1.840372330598888384e+00
1.417499999999999982e+00,-1.907900846368284942e+00
1.416900000000000048e+00,-1.889398416984530815e+00
1.416500000000000092e+00,-1.816510168476670684e+00
1.415799999999999947e+00,-1.634818583010830384e+00
1.415499999999999980e+00,-1.471987890662718179e+00
1.415200000000000014e+00,-1.311766979774017905e+00
1.414500000000000091e+00,-1.084781799168613059e+00
1.414199999999999902e+00,-1.042286081654880681e+00
1.413899999999999935e+00,-1.088749214332856985e+00
1.413200000000000012e+00,-1.180477500041104966e+00
1.412900000000000045e+00,-1.163296974264899086e+00
1.412600000000000078e+00,-1.227915654299846615e+00
1.412300000000000111e+00,-1.203149751073662177e+00
1.411699999999999955e+00,-1.364395153501396507e+00
1.411399999999999988e+00,-1.375049798004249091e+00
1.411000000000000032e+00,-1.364712445548199593e+00
1.410400000000000098e+00,-1.317108916086620729e+00
1.410099999999999909e+00,-1.354912449381961981e+00
1.409499999999999975e+00,-1.208819020895451901e+00
1.409200000000000008e+00,-1.084384621345760413e+00
1.408500000000000085e+00,-1.115643201217916713e+00
1.408199999999999896e+00,-1.143434674997362288e+00
1.407899999999999929e+00,-1.055959440674283822e+00
1.407200000000000006e+00,-9.566304199579156453e-01
1.406900000000000039e+00,-1.062701811702995824e+00
1.406500000000000083e+00,-1.100504716393252425e+00
1.405899999999999928e+00,-1.128476613950768481e+00
1.405599999999999961e+00,-1.214200291424008649e+00
1.404900000000000038e+00,-1.370636820001575051e+00
1.404600000000000071e+00,-1.256448353306460763e+00
1.403999999999999915e+00,-1.213330930474945557e+00
1.403699999999999948e+00,-1.130530271400212339e+00
1.403000000000000025e+00,-1.067490500369846940e+00
1.402600000000000069e+00,-9.609813264856853499e-01
1.402300000000000102e+00,-1.109139110309492748e+00
1.401699999999999946e+00,-1.278875193287676293e+00
1.401399999999999979e+00,-1.488377338054111654e+00
1.401100000000000012e+00,-1.526184080804446452e+00
1.400400000000000089e+00,-1.581155687718632574e+00
1.400099999999999900e+00,-1.558144657790791587e+00
1.399799999999999933e+00,-1.502507291833016234e+00
1.399100000000000010e+00,-1.262909235904136063e+00
1.398800000000000043e+00,-1.271900364665443206e+00
1.398099999999999898e+00,-1.261145815590683616e+00
1.397799999999999931e+00,-1.274571633468821297e+00
1.397100000000000009e+00,-1.307562947039028867e+00
1.396800000000000042e+00,-1.332823913804404015e+00
1.396400000000000086e+00,-1.363742551525396030e+00
1.395799999999999930e+00,-1.310989666495135264e+00
1.395499999999999963e+00,-1.091289626412098146e+00
1.395199999999999996e+00,-9.566970428109833335e-01
1.394500000000000073e+00,-9.104576939671094049e-01
1.394200000000000106e+00,-9.985198803214023755e-01
1.393899999999999917e+00,-1.186397078362030788e+00
1.393100000000000005e+00,-1.338518139082159220e+00
1.392800000000000038e+00,-1.419339054305676529e+00
1.392500000000000071e+00,-1.489227846604504579e+00
1.391899999999999915e+00,-1.390285957199310918e+00
1.391599999999999948e+00,-1.170500972862906330e+00
1.391299999999999981e+00,-1.119882931119031699e+00
1.390700000000000047e+00,-9.842741237345298266e-01
1.390400000000000080e+00,-1.010544749958999899e+00
1.389999999999999902e+00,-9.722365341117976678e-01
1.389399999999999968e+00,-1.038561108624574958e+00
1.389100000000000001e+00,-1.007915418729590673e+00
1.388400000000000079e+00,-1.092671153104865400e+00
1.388099999999999890e+00,-1.143395490487281174e+00
1.387799999999999923e+00,-1.228620210591488293e+00
1.387100000000000000e+00,-1.216819894999943141e+00
1.386600000000000055e+00,-1.343824504706075951e+00
1.386300000000000088e+00,-1.311223206150111231e+00
1.385599999999999943e+00,-1.166504906163351452e+00
1.385299999999999976e+00,-1.026064418403610512e+00
1.384700000000000042e+00,-1.021614449634722366e+00
1.384300000000000086e+00,-9.651729965231420350e-01
1.384100000000000108e+00,-1.010975399075783487e+00
1.383399999999999963e+00,-1.124114238071141525e+00
1.383099999999999996e+00,-1.159327615065097739e+00
1.382700000000000040e+00,-1.192097097703070929e+00
1.382100000000000106e+00,-1.119764733190156791e+00
1.381699999999999928e+00,-1.201695992746054653e+00
1.381399999999999961e+00,-1.212630989155943917e+00
1.380700000000000038e+00,-1.201375409990782073e+00
1.380400000000000071e+00,-1.180604362922832440e+00
1.380100000000000104e+00,-1.223213924988475476e+00
1.379399999999999959e+00,-1.112179621215944492e+00
1.379099999999999993e+00,-1.052031001722991688e+00
1.378400000000000070e+00,-1.078232841512996698e+00
1.378100000000000103e+00,-1.114186002930048325e+00
1.377699999999999925e+00,-1.075501355628713407e+00
1.377099999999999991e+00,-1.163147997313429549e+00
1.376500000000000057e+00,-1.235821405312642618e+00
1.376100000000000101e+00,-1.266512366200067685e+00
1.375499999999999945e+00,-1.237456785198876030e+00
1.375199999999999978e+00,-1.372883798785792919e+00
1.374900000000000011e+00,-1.229061054989349921e+00
1.374200000000000088e+00,-1.228031190402684159e+00
1.373899999999999899e+00,-1.199780326829533283e+00
1.373499999999999943e+00,-1.182777468721821323e+00
1.372900000000000009e+00,-1.029992574293620011e+00
1.372500000000000053e+00,-1.090650942823095937e+00
1.372200000000000086e+00,-1.060164463421719994e+00
1.371399999999999952e+00,-1.134942632375901539e+00
1.371099999999999985e+00,-1.189221322345570986e+00
1.370800000000000018e+00,-1.151254220128697270e+00
1.370100000000000096e+00,-9.560076124566495581e-01
1.369799999999999907e+00,-7.938469844828015543e-01
1.369099999999999984e+00,-7.501918864829398848e-01
1.368800000000000017e+00,-7.539642796776380163e-01
1.368500000000000050e+00,-7.215584809966424373e-01
1.367799999999999905e+00,-1.023019933892033162e+00
1.367399999999999949e+00,-1.126936830150443436e+00
1.367099999999999982e+00,-1.012665290078332392e+00
1.366400000000000059e+00,-8.843345889786301539e-01
1.366100000000000092e+00,-7.593252772196412703e-01
1.365399999999999947e+00,-4.988345296398633555e-01
1.365099999999999980e+00,-4.617452479680622668e-01
1.364800000000000013e+00,-5.324636716181468943e-01
1.364100000000000090e+00,-6.621190925929637539e-01
1.363799999999999901e+00,-9.992722065675642140e-01
1.363499999999999934e+00,-1.137749007731406303e+00
1.362800000000000011e+00,-1.073783903677988372e+00
1.362500000000000044e+00,-9.739981307758938112e-01
1.362100000000000088e+00,-9.354310436249235750e-01
1.361499999999999932e+00,-9.051742129467105213e-01
1.361099999999999977e+00,-9.474976370886513122e-01
1.360500000000000043e+00,-1.168436243066117708e+00
1.360100000000000087e+00,-1.103590409221727464e+00
1.359499999999999931e+00,-9.573987111349824275e-01
1.359099999999999975e+00,-8.123334930719428026e-01
1.358800000000000008e+00,-7.384771524056310543e-01
1.358200000000000074e+00,-6.657535958239091389e-01
1.357499999999999929e+00,-7.004374849287758886e-01
1.357099999999999973e+00,-8.057545980428432175e-01
1.356700000000000017e+00,-8.990006318129738494e-01
1.356400000000000050e+00,-9.672397799755094727e-01
1.355699999999999905e+00,-1.071753704333100465e+00
1.355399999999999938e+00,-1.105689355295966347e+00
1.354999999999999982e+00,-1.145243466627934970e+00
1.354400000000000048e+00,-1.157343381280248718e+00
1.354100000000000081e+00,-1.072710617889619078e+00
1.353799999999999892e+00,-8.759622268984801341e-01
1.353099999999999969e+00,-8.997234836131268176e-01
1.352800000000000002e+00,-7.810448353091915541e-01
1.352500000000000036e+00,-7.357243208450103822e-01
1.351799999999999891e+00,-8.206826706625564016e-01
1.351499999999999924e+00,-9.566095247907219212e-01
1.351099999999999968e+00,-9.241197407437728994e-01
1.350500000000000034e+00,-9.422685848863022740e-01
1.350200000000000067e+00,-8.106586295872353354e-01
1.349800000000000111e+00,-5.924855802863504550e-01
1.349199999999999955e+00,-4.133590413520765727e-01
1.348799999999999999e+00,-4.063405582529349691e-01
1.348500000000000032e+00,-4.575055779357239949e-01
1.347800000000000109e+00,-5.422101374348564651e-01
1.347399999999999931e+00,-7.288134268840923413e-01
1.347199999999999953e+00,-8.329902935279297482e-01
1.346400000000000041e+00,-8.350227130691362243e-01
1.346100000000000074e+00,-8.436662817047634322e-01
1.345800000000000107e+00,-9.208086575930585216e-01
1.345199999999999951e+00,-9.514441123730650318e-01
1.344899999999999984e+00,-9.921800454242707401e-01
1.344300000000000050e+00,-1.089215149721184384e+00
1.344000000000000083e+00,-1.121050155055355768e+00
1.343599999999999905e+00,-1.035851315805066841e+00
1.342899999999999983e+00,-8.678690626474222514e-01
1.342500000000000027e+00,-7.012556934882924198e-01
1.341900000000000093e+00,-6.388795278847864134e-01
1.341499999999999915e+00,-4.804136602890723418e-01
1.341099999999999959e+00,-3.884516307854634642e-01
1.340400000000000036e+00,-4.708717666668249535e-01
1.340200000000000058e+00,-3.972035720731236785e-01
1.339800000000000102e+00,-2.008058053908773344e-01
1.339099999999999957e+00,-1.784356005296583447e-01
1.338799999999999990e+00,-1.915073154910851283e-01
1.338400000000000034e+00,2.144070717823021166e-02
1.337900000000000089e+00,1.065968309756082366e-01
1.337499999999999911e+00,-2.654174262789466346e-02
1.337199999999999944e+00,-1.686247990324851731e-01
1.336500000000000021e+00,-2.928687730036072523e-01
1.336200000000000054e+00,-5.294154623512736801e-01
1.335900000000000087e+00,-7.367301945869486612e-01
1.335199999999999942e+00,-7.052597886077899281e-01
1.334899999999999975e+00,-6.421941155563409831e-01
1.334300000000000042e+00,-6.374490201687538216e-01
1.333900000000000086e+00,-6.593755258744310455e-01
1.333599999999999897e+00,-7.890118552543458064e-01
1.332899999999999974e+00,-8.348943523679708267e-01
1.332600000000000007e+00,-8.135509714069650844e-01
1.332300000000000040e+00,-6.930778169170898062e-01
1.331599999999999895e+00,-7.596713160227391848e-01
1.331399999999999917e+00,-6.756541575540786493e-01
1.330699999999999994e+00,-7.078089944256155119e-01
1.330400000000000027e+00,-8.760162324385893928e-01
1.330000000000000071e+00,-1.125600299705306506e+00
1.329299999999999926e+00,-9.901585908803772762e-01
1.329099999999999948e+00,-1.012571847382806478e+00
1.328300000000000036e+00,-9.435562034548067301e-01
1.327900000000000080e+00,-8.733096822994418362e-01
1.327599999999999891e+00,-6.317498032940710440e-01
1.326899999999999968e+00,-5.897047693134704893e-01
1.326600000000000001e+00,-4.366151591226469786e-01
1.326200000000000045e+00,-3.619725356141662020e-01
1.325700000000000101e+00,-2.347151602632297218e-01
1.325399999999999912e+00,-2.450509479279272540e-01
1.324799999999999978e+00,-1.770349018873768054e-01
1.324500000000000011e+00,-2.273010208197340232e-01
1.324100000000000055e+00,-3.818341442917566608e-01
1.323700000000000099e+00,-3.738108394853861816e-01
1.322999999999999954e+00,-3.194569263575974816e-01
1.322699999999999987e+00,-2.107118673404934361e-01
1.322400000000000020e+00,-1.010704589796823788e-01
1.321700000000000097e+00,6.176121648417132876e-02
1.321399999999999908e+00,-8.954227156757199602e-03
1.320799999999999974e+00,-1.375617275881785284e-01
1.320500000000000007e+00,-3.846506464550563664e-01
1.320200000000000040e+00,-6.177683107903841897e-01
1.319499999999999895e+00,-8.814974859644443272e-01
1.319199999999999928e+00,-9.505839230015967756e-01
1.318599999999999994e+00,-9.968850941887569261e-01
1.318300000000000027e+00,-1.114986355603281298e+00
1.318000000000000060e+00,-1.137049169537690529e+00
1.317299999999999915e+00,-1.126549918739894185e+00
1.316999999999999948e+00,-1.001238619288552512e+00
1.316699999999999982e+00,-8.908500210746962411e-01
1.316000000000000059e+00,-6.856105976079523989e-01
1.315700000000000092e+00,-6.195842467939666198e-01
1.314999999999999947e+00,-5.206147947894868011e-01
1.314599999999999991e+00,-5.441787492203170595e-01
1.313900000000000068e+00,-4.576099731334881127e-01
1.313600000000000101e+00,-3.738079879005151707e-01
1.313299999999999912e+00,-1.637616405115310814e-01
1.312599999999999989e+00,-9.845449376967572996e-02
1.312300000000000022e+00,-6.174974952047329602e-02
1.311900000000000066e+00,-1.106529943264294991e-01
1.311299999999999910e+00,-5.319592833695485634e-02
1.310899999999999954e+00,-6.628487656465399148e-03
1.310599999999999987e+00,-4.249500002488637573e-02
1.310200000000000031e+00,3.089148015791853396e-03
1.309600000000000097e+00,1.207079442810954500e-01
1.309299999999999908e+00,-9.229434683594162081e-03
1.308599999999999985e+00,-2.789239940357429726e-01
1.308300000000000018e+00,-3.630622700448449258e-01
1.307900000000000063e+00,-4.617440291883324055e-01
1.307399999999999896e+00,-5.145199002224570828e-01
1.306999999999999940e+00,-5.230950870261513730e-01
1.306300000000000017e+00,-4.718419154335629639e-01
1.306000000000000050e+00,-4.484030388090393116e-01
1.305700000000000083e+00,-4.384297899083511307e-01
1.305099999999999927e+00,-5.464982462737716373e-01
1.304699999999999971e+00,-6.008985353762180681e-01
1.304400000000000004e+00,-6.606219614748581881e-01
1.303700000000000081e+00,-6.710818586806027719e-01
1.303399999999999892e+00,-6.728049698102867016e-01
1.302799999999999958e+00,-6.902566083818312270e-01
1.302400000000000002e+00,-6.444766798085338477e-01
1.302100000000000035e+00,-6.326944655771216119e-01
1.301500000000000101e+00,-6.492011305758021988e-01
1.300899999999999945e+00,-7.252507842390315540e-01
1.300499999999999989e+00,-6.751586008905963165e-01
1.300200000000000022e+00,-6.610249338630247440e-01
1.299600000000000088e+00,-4.836021843102749629e-01
1.299299999999999899e+00,-3.503920041487973425e-01
1.298699999999999966e+00,-2.069190810183308138e-01
1.298300000000000010e+00,-1.574577391729586884e-01
1.297700000000000076e+00,-7.694506159887370966e-02
1.297400000000000109e+00,1.150262807975144241e-02
1.297099999999999920e+00,7.001755818122901154e-03
1.296399999999999997e+00,-1.132759615748990534e-01
1.296000000000000041e+00,-2.753986212814668599e-01
1.295700000000000074e+00,-4.734171390997216067e-01
1.294999999999999929e+00,-4.153206297760614341e-01
1.294699999999999962e+00,-3.269350318701319535e-01
1.294100000000000028e+00,-1.749236037461993076e-01
1.293800000000000061e+00,-6.525475371083055975e-02
1.293400000000000105e+00,7.578469596161707678e-02
1.292899999999999938e+00,-1.482093595239070138e-01
1.292599999999999971e+00,-1.640785952290030325e-01
1.292200000000000015e+00,-1.145597996189684636e-01
1.291600000000000081e+00,-5.787938062322417476e-02
1.291199999999999903e+00,-2.237651591727174427e-03
1.290599999999999969e+00,6.734035075277311488e-02
1.290300000000000002e+00,-1.151997420547473672e-01
1.289600000000000080e+00,-2.569692129269357528e-01
1.289199999999999902e+00,-3.603658043938029465e-01
1.288899999999999935e+00,-3.712517496057277100e-01
1.288599999999999968e+00,-3.002938922720688186e-01
1.288000000000000034e+00,-7.316447605841547297e-02
1.287600000000000078e+00,-1.459889574908362908e-01
1.286999999999999922e+00,-3.626226960408429623e-02
1.286699999999999955e+00,-2.989709545646313318e-02
1.286399999999999988e+00,-1.039992950616075440e-01
1.285700000000000065e+00,-1.543189549103873848e-01
1.285400000000000098e+00,2.388082921161993610e-02
1.284799999999999942e+00,1.180959794876840357e-01
1.284499999999999975e+00,2.217468937782546556e-01
1.283800000000000052e+00,3.553906985669097462e-01
1.283500000000000085e+00,5.179351827384187645e-01
1.283099999999999907e+00,5.435819229681476683e-01
1.282499999999999973e+00,4.080894914937349682e-01
1.282200000000000006e+00,3.000929380183453565e-01
1.281800000000000050e+00,2.948916282677349621e-01
1.281199999999999894e+00,9.194156954675514193e-02
1.280899999999999928e+00,-5.926578677060979211e-02
1.280499999999999972e+00,-9.124642840620256212e-02
1.279900000000000038e+00,-1.904798777123406506e-01
1.279300000000000104e+00,-4.170609986455658946e-01
1.278999999999999915e+00,-4.304087090216401901e-01
1.278599999999999959e+00,-3.536772947764638131e-01
1.278299999999999992e+00,-3.389910013468222516e-01
1.277700000000000058e+00,-2.615002355835227554e-01
1.277300000000000102e+00,-1.164207021087798472e-01
1.276999999999999913e+00,-2.347127296437045985e-02
1.276299999999999990e+00,-4.630263110677601546e-02
1.276000000000000023e+00,-5.490414975467538400e-02
1.275700000000000056e+00,-5.197767346906689151e-02
1.275099999999999900e+00,-4.728125090183721291e-02
1.274799999999999933e+00,-7.445477485372442583e-02
1.274199999999999999e+00,2.747102812991620083e-02
1.273900000000000032e+00,3.520984573006369356e-02
1.273500000000000076e+00,8.083874084671704985e-02
1.272799999999999931e+00,2.754224427533452646e-01
1.272499999999999964e+00,3.398794321201464852e-01
1.272199999999999998e+00,3.862591996509067704e-01
1.271400000000000086e+00,5.340796561321276004e-01
1.271200000000000108e+00,5.932400150930605687e-01
1.270799999999999930e+00,4.467498620999016401e-01
1.270199999999999996e+00,3.687911262371251775e-01
1.269900000000000029e+00,2.078328645263582686e-01
1.269500000000000073e+00,2.135810076305671712e-01
1.268899999999999917e+00,1.446186808824745373e-01
1.268599999999999950e+00,7.996310808312812046e-02
1.268299999999999983e+00,1.597141635856225150e-01
1.267600000000000060e+00,1.974398080879790907e-01
1.267200000000000104e+00,1.383878541946770291e-01
1.266899999999999915e+00,9.685608391790669069e-02
1.266199999999999992e+00,9.451284930933612216e-03
1.265800000000000036e+00,-1.250451348776965288e-01
1.265200000000000102e+00,-7.816427578688500688e-02
1.264899999999999913e+00,5.417184895960269753e-02
1.264499999999999957e+00,4.683893936645311395e-02
1.263900000000000023e+00,9.383689283312679486e-02
1.263500000000000068e+00,1.320148405532101110e-01
1.262899999999999912e+00,1.886649481998292632e-01
1.262599999999999945e+00,1.084887921760924051e-01
1.262299999999999978e+00,1.619331145292363106e-01
1.261600000000000055e+00,2.017098939585681983e-01
1.261300000000000088e+00,3.617774482431862504e-01
1.260899999999999910e+00,2.921672273662606623e-01
1.260199999999999987e+00,2.265492330195267856e-01
1.259900000000000020e+00,2.580897601767162541e-01
1.259600000000000053e+00,3.430358721900894636e-01
1.258999999999999897e+00,2.628614166536036301e-01
1.258599999999999941e+00,1.562881170635160855e-01
1.258000000000000007e+00,1.265783744949788847e-01
1.257700000000000040e+00,6.751478083225070925e-02
1.257300000000000084e+00,-7.185763730654937120e-02
1.256699999999999928e+00,-2.305132571216172710e-01
1.256399999999999961e+00,-2.238170574927339507e-01
1.255700000000000038e+00,-2.146482134717658807e-01
1.255400000000000071e+00,-1.934063126525498166e-01
1.254999999999999893e+00,-1.682684962437536180e-01
1.254399999999999959e+00,-9.949797748085022209e-02
1.254000000000000004e+00,4.380544972010236293e-02
1.253400000000000070e+00,2.462386080433892344e-01
1.252999999999999892e+00,3.278018492250400762e-01
1.252699999999999925e+00,4.131878991129462331e-01
1.252000000000000002e+00,5.947328021779774154e-01
1.251700000000000035e+00,7.727654051947753233e-01
1.251100000000000101e+00,7.071061619175894597e-01
1.250799999999999912e+00,7.360288235531281531e-01
1.250099999999999989e+00,7.201982718171850983e-01
1.249800000000000022e+00,5.761583120791197166e-01
1.249400000000000066e+00,3.237391875087619608e-01
1.249100000000000099e+00,1.380270592900995075e-01
1.248299999999999965e+00,-9.316688173506559867e-02
1.247999999999999998e+00,-1.893285171623848573e-01
1.247400000000000064e+00,-2.148223871615423664e-01
1.246699999999999919e+00,-9.886788406299196197e-02
1.246399999999999952e+00,1.440781299510279778e-01
1.246099999999999985e+00,2.819335310227932823e-01
1.245400000000000063e+00,4.295666108971446517e-01
1.245100000000000096e+00,5.709082485189087564e-01
1.244799999999999907e+00,5.430051348491449215e-01
1.244099999999999984e+00,4.593985985876236633e-01
1.243700000000000028e+00,5.388877156205229557e-01
1.243400000000000061e+00,6.088902593742034908e-01
1.242799999999999905e+00,5.743118643650180211e-01
1.242499999999999938e+00,5.239601908728352964e-01
1.242099999999999982e+00,4.242819418814187116e-01
1.241500000000000048e+00,4.210132227380064540e-01
1.241100000000000092e+00,2.328304325495411387e-01
1.240399999999999947e+00,2.378427662610288762e-01
1.240099999999999980e+00,2.994033725343958618e-01
1.239700000000000024e+00,4.153512595880120561e-01
1.239100000000000090e+00,2.802660305104009986e-01
1.238699999999999912e+00,3.306630818414313389e-01
1.238499999999999934e+00,3.713398893258335054e-01
1.238099999999999978e+00,3.781451689281734030e-01
1.237600000000000033e+00,2.979656173836275901e-01
1.237200000000000077e+00,3.567014339005830648e-01
1.236599999999999921e+00,4.363324642565891143e-01
1.236199999999999966e+00,4.045291276407597669e-01
1.235800000000000010e+00,5.644774357031756562e-01
1.235500000000000043e+00,6.310608064732936562e-01
1.234799999999999898e+00,7.425994556464060592e-01
1.234499999999999931e+00,7.471901741411268727e-01
1.233800000000000008e+00,7.579710950042506390e-01
1.233500000000000041e+00,7.826279701346472439e-01
1.233200000000000074e+00,8.012524068172488523e-01
1.232499999999999929e+00,7.133517870907407632e-01
1.232099999999999973e+00,7.337659467566287619e-01
1.231800000000000006e+00,6.982334613347962460e-01
1.231100000000000083e+00,4.525755921866436160e-01
1.230799999999999894e+00,4.023728931324549452e-01
1.230499999999999927e+00,3.847227468213587076e-01
1.229800000000000004e+00,3.580866449807984520e-01
1.229400000000000048e+00,3.832169941343777086e-01
1.228699999999999903e+00,5.185303527315693328e-01
1.228499999999999925e+00,5.830734246617397254e-01
1.228199999999999958e+00,6.957742720148374360e-01
1.227500000000000036e+00,8.146980670852704831e-01
1.227200000000000069e+00,9.547099620349498439e-01
1.226900000000000102e+00,9.052480874883332973e-01
1.226599999999999913e+00,9.028366040464419484e-01
1.225899999999999990e+00,8.378082783790097299e-01
1.225500000000000034e+00,7.776931656446051111e-01
1.224800000000000111e+00,5.731121146963780166e-01
1.224499999999999922e+00,6.456517548451834454e-01
1.224199999999999955e+00,6.687854406245419270e-01
1.223600000000000021e+00,8.367216020302437052e-01
1.223300000000000054e+00,8.296884269303611559e-01
1.222599999999999909e+00,8.966822263212909094e-01
1.222299999999999942e+00,8.505946886578491517e-01
1.221999999999999975e+00,8.375964313855899235e-01
1.221400000000000041e+00,7.115839875556501104e-01
1.221000000000000085e+00,8.321979817706159910e-01
1.220599999999999907e+00,9.752356327748235021e-01
1.219999999999999973e+00,1.068073086943968519e+00
1.219600000000000017e+00,1.147391720767720891e+00
1.219000000000000083e+00,1.204045381389545755e+00
1.218599999999999905e+00,9.253787397704023032e-01
1.218299999999999939e+00,7.501787820201472057e-01
1.217600000000000016e+00,7.098093114671355508e-01
1.217300000000000049e+00,5.523445463952864065e-01
1.216699999999999893e+00,4.640335797077843605e-01
1.216399999999999926e+00,4.601870532675717551e-01
1.215700000000000003e+00,4.533880532178735656e-01
1.215400000000000036e+00,3.724027496953413729e-01
1.215100000000000069e+00,4.639032709058410475e-01
1.214800000000000102e+00,6.187151796976930740e-01
1.214199999999999946e+00,6.997717477989773283e-01
1.213799999999999990e+00,8.168086786718846692e-01
1.213500000000000023e+00,7.676219500797609729e-01
1.212900000000000089e+00,7.152526793897245883e-01
1.212499999999999911e+00,5.490935904364779852e-01
1.211899999999999977e+00,4.510114343053011621e-01
1.211500000000000021e+00,3.305027228653334426e-01
1.210900000000000087e+00,4.247416595676289930e-01
1.210599999999999898e+00,4.252059566474397090e-01
1.210299999999999931e+00,4.893585465647054544e-01
1.209500000000000020e+00,5.649262113195663293e-01
1.209200000000000053e+00,6.140711455360214899e-01
1.208900000000000086e+00,5.458201386417810275e-01
1.208099999999999952e+00,6.138978359061797452e-01
1.207799999999999985e+00,6.587356530824567402e-01
1.207500000000000018e+00,7.384715829922283703e-01
1.206800000000000095e+00,7.278062279267999424e-01
1.206499999999999906e+00,8.276468302249874176e-01
1.205799999999999983e+00,8.412832875269449229e-01
1.205500000000000016e+00,6.510098971033301263e-01
1.204800000000000093e+00,4.991240404312453083e-01
1.204499999999999904e+00,4.352609067424795253e-01
1.204199999999999937e+00,2.314738623442058607e-01
1.203600000000000003e+00,4.134296082390631621e-02
1.203200000000000047e+00,6.529440067334912889e-02
1.202900000000000080e+00,1.149601624051560522e-01
1.202299999999999924e+00,6.313675210589675402e-02
1.201899999999999968e+00,1.229973675053591814e-01
1.201600000000000001e+00,1.809414131837688844e-01
1.200900000000000079e+00,2.362381269057494959e-01
1.200599999999999890e+00,3.729620119913984455e-01
1.200299999999999923e+00,4.862778395942762844e-01
1.199600000000000000e+00,5.562891471828923518e-01
1.199300000000000033e+00,5.590357213872826359e-01
1.199100000000000055e+00,5.882757769571506090e-01
1.198399999999999910e+00,5.565326981100265913e-01
1.198099999999999943e+00,5.746860750158871989e-01
1.197699999999999987e+00,7.018054606567486475e-01
1.197100000000000053e+00,7.514033824999183375e-01
1.196800000000000086e+00,6.981692560399654912e-01
1.196099999999999941e+00,7.236014130170692615e-01
1.195799999999999974e+00,8.340003445184847042e-01
1.195100000000000051e+00,8.862240993517261911e-01
1.194800000000000084e+00,1.092483640740757433e+00
1.194499999999999895e+00,1.336883418250472966e+00
1.193799999999999972e+00,1.369388318848210773e+00
1.193400000000000016e+00,1.436282668824187425e+00
1.193100000000000049e+00,1.294849066142480964e+00
1.192399999999999904e+00,1.188247998787639315e+00
1.192099999999999937e+00,1.022634700359251081e+00
1.191400000000000015e+00,1.077568442718404462e+00
1.191100000000000048e+00,1.044406749669407608e+00
1.190800000000000081e+00,1.140710743829514984e+00
1.190199999999999925e+00,1.197604334522775593e+00
1.189899999999999958e+00,1.319568547010832482e+00
1.189500000000000002e+00,1.318301898765652957e+00
1.188900000000000068e+00,1.330976807293882125e+00
1.188499999999999890e+00,1.389522970102405441e+00
1.188199999999999923e+00,1.447613137816675222e+00
1.187599999999999989e+00,1.478664493989451101e+00
1.187200000000000033e+00,1.365241085154594858e+00
1.186900000000000066e+00,1.278584972445109713e+00
1.186299999999999910e+00,1.195334624329302819e+00
1.185999999999999943e+00,1.124915459503605941e+00
1.185599999999999987e+00,1.088912226495097890e+00
1.184900000000000064e+00,1.128882675067305330e+00
1.184600000000000097e+00,1.176994690166091484e+00
1.184299999999999908e+00,1.124802128012331037e+00
1.183599999999999985e+00,1.088999938733820061e+00
1.183300000000000018e+00,1.117594669881247338e+00
1.182700000000000085e+00,1.125517103548467901e+00
1.182399999999999896e+00,9.873744676098388240e-01
1.181999999999999940e+00,9.731417571955809365e-01
1.181400000000000006e+00,9.169269877203066743e-01
1.181100000000000039e+00,7.853598260716686541e-01
1.180700000000000083e+00,7.943951235351438545e-01
1.179999999999999938e+00,8.622410895991334812e-01
1.179699999999999971e+00,9.827851100960988129e-01
1.179100000000000037e+00,1.037285181773248244e+00
1.178800000000000070e+00,1.103503274010875224e+00
1.178500000000000103e+00,1.136930552430234664e+00
1.177899999999999947e+00,1.148482616099219422e+00
1.177499999999999991e+00,9.621112211730814545e-01
1.177200000000000024e+00,9.248195727813020017e-01
1.176500000000000101e+00,1.021279947026609847e+00
1.176199999999999912e+00,1.029515754545420769e+00
1.175899999999999945e+00,1.120076974947051385e+00
1.175300000000000011e+00,1.212481331961598574e+00
1.175000000000000044e+00,1.290550917291480415e+00
1.174299999999999899e+00,1.185377882190266741e+00
1.173999999999999932e+00,1.112746157242786138e+00
1.173599999999999977e+00,1.035561117475811033e+00
1.173300000000000010e+00,9.748611127575328439e-01
1.172700000000000076e+00,7.848570781623237513e-01
1.172299999999999898e+00,7.834869515566112996e-01
1.171999999999999931e+00,8.442354802178086981e-01
1.171699999999999964e+00,7.971709763725937092e-01
1.171000000000000041e+00,9.211442432408706305e-01
1.170700000000000074e+00,1.095145730277968799e+00
1.169999999999999929e+00,1.083377017237832529e+00
1.169699999999999962e+00,1.109845215019750198e+00
1.169399999999999995e+00,9.701259306723470921e-01
1.168800000000000061e+00,8.882297149209739118e-01
1.168500000000000094e+00,8.520122063168655835e-01
1.168199999999999905e+00,9.215964394376079394e-01
1.167499999999999982e+00,9.999253744296526802e-01
1.167200000000000015e+00,1.273347571152105839e+00
1.166800000000000059e+00,1.355600462346340240e+00
1.166099999999999914e+00,1.254329082478050639e+00
1.165799999999999947e+00,1.280531169082013587e+00
1.165399999999999991e+00,1.125814470603683670e+00
1.164900000000000047e+00,1.157014596536720674e+00
1.164600000000000080e+00,1.106156523516185652e+00
1.163899999999999935e+00,1.170055575242592738e+00
1.163599999999999968e+00,1.049143607115554655e+00
1.163300000000000001e+00,1.022278567675560801e+00
1.163000000000000034e+00,8.650237628136242529e-01
1.162300000000000111e+00,9.113171231364681768e-01
1.161999999999999922e+00,9.296140972947508629e-01
1.161299999999999999e+00,9.354225119289488743e-01
1.161000000000000032e+00,1.045932734745624870e+00
1.160700000000000065e+00,1.178768382705530637e+00
1.159999999999999920e+00,1.219444400913580306e+00
1.159699999999999953e+00,1.277377613508601240e+00
1.159100000000000019e+00,1.289898227153640775e+00
1.158800000000000052e+00,1.358083719515887244e+00
1.158400000000000096e+00,1.361249701443828508e+00
1.157699999999999951e+00,1.315099324538798742e+00
1.157399999999999984e+00,1.418234662826159287e+00
1.157100000000000017e+00,1.522534714748571938e+00
1.156500000000000083e+00,1.409094385478315559e+00
1.156099999999999905e+00,1.310947662817724124e+00
1.155499999999999972e+00,1.301523700618298252e+00
1.155200000000000005e+00,1.243540338132231859e+00
1.154600000000000071e+00,1.150376681359269071e+00
1.154300000000000104e+00,1.178143482093787942e+00
1.153599999999999959e+00,1.264339228177202568e+00
1.153299999999999992e+00,1.319866057682486549e+00
1.153000000000000025e+00,1.323982237348767077e+00
1.152400000000000091e+00,1.295275812142476779e+00
1.152099999999999902e+00,1.271843388248178330e+00
1.151799999999999935e+00,1.329525993650840343e+00
1.151399999999999979e+00,1.375925343767708808e+00
1.150800000000000045e+00,1.211481405721664961e+00
1.150500000000000078e+00,1.368907770687016745e+00
1.150099999999999900e+00,1.545296128366013821e+00
1.149399999999999977e+00,1.727135025830425885e+00
1.149100000000000010e+00,1.754861091913251014e+00
1.148800000000000043e+00,1.912669434170344296e+00
1.148099999999999898e+00,1.802272255891981922e+00
1.147799999999999931e+00,1.728324749284623874e+00
1.147499999999999964e+00,1.488096415454206900e+00
1.147199999999999998e+00,1.391095464813099758e+00
1.146500000000000075e+00,1.405264063483041559e+00
1.146099999999999897e+00,1.330718507734571121e+00
1.145799999999999930e+00,1.260989136449494730e+00
1.145499999999999963e+00,1.319136858626765330e+00
1.144800000000000040e+00,1.521581310722566638e+00
1.144500000000000073e+00,1.510530822936007045e+00
1.144099999999999895e+00,1.605074665591149641e+00
1.143499999999999961e+00,1.609557165179742677e+00
1.143199999999999994e+00,1.554086488817912892e+00
1.142900000000000027e+00,1.472130292514556293e+00
1.142600000000000060e+00,1.548017702278359220e+00
1.141899999999999915e+00,1.624814976811592260e+00
1.141599999999999948e+00,1.646840262305923730e+00
1.141000000000000014e+00,1.655159126100688827e+00
1.140700000000000047e+00,1.606453696786844132e+00
1.140300000000000091e+00,1.463408337568708362e+00
1.139599999999999946e+00,1.315167633572575268e+00
1.139299999999999979e+00,1.272096419069612683e+00
1.139000000000000012e+00,1.217333314343163497e+00
1.138300000000000090e+00,1.063304949746393557e+00
1.137899999999999912e+00,9.840152506795234455e-01
1.137299999999999978e+00,1.109793770827788295e+00
1.137000000000000011e+00,1.239087456734594417e+00
1.136400000000000077e+00,1.429812882023720588e+00
1.135999999999999899e+00,1.518436390541694214e+00
1.135399999999999965e+00,1.718342804020098313e+00
1.135099999999999998e+00,1.635144175667902156e+00
1.134700000000000042e+00,1.402079862466848459e+00
1.134400000000000075e+00,1.144311618876264758e+00
1.133799999999999919e+00,1.063260774619434468e+00
1.133399999999999963e+00,9.685692770577264410e-01
1.133099999999999996e+00,9.362071057551074604e-01
1.132500000000000062e+00,1.036773600073745527e+00
1.132100000000000106e+00,1.170970463896942038e+00
1.131799999999999917e+00,1.165012889955407971e+00
1.131099999999999994e+00,1.171043881736250070e+00
1.130800000000000027e+00,1.222673078905764266e+00
1.130400000000000071e+00,1.263877839099217137e+00
1.129699999999999926e+00,1.222352669656284752e+00
1.129399999999999959e+00,1.314769018212064156e+00
1.129099999999999993e+00,1.285257160092770468e+00
1.128400000000000070e+00,1.400081261207567040e+00
1.128100000000000103e+00,1.452963542382182283e+00
1.127399999999999958e+00,1.453998030168379696e+00
1.127099999999999991e+00,1.581701556803982500e+00
1.126700000000000035e+00,1.730841299145344125e+00
1.126400000000000068e+00,1.537664264103025147e+00
1.125699999999999923e+00,1.247966452716242625e+00
1.125399999999999956e+00,1.106816810361177517e+00
1.125000000000000000e+00,9.552140966415101353e-01
1.124400000000000066e+00,7.589997621929717164e-01
1.124100000000000099e+00,7.465751990995417309e-01
1.123399999999999954e+00,8.337728956855916529e-01
1.123099999999999987e+00,1.009415588829609689e+00
1.122800000000000020e+00,9.747846067589827079e-01
1.122100000000000097e+00,1.058854259069069714e+00
1.121799999999999908e+00,1.201244805323978371e+00
1.121399999999999952e+00,1.420856575963039381e+00
1.120800000000000018e+00,1.426751218469232807e+00
1.120500000000000052e+00,1.446970207685110976e+00
1.120100000000000096e+00,1.327132145924198037e+00
1.119499999999999940e+00,1.284982827836969488e+00
1.119099999999999984e+00,1.136526949246374762e+00
1.118800000000000017e+00,1.043004340944772457e+00
1.118100000000000094e+00,1.111044911626321685e+00
1.117799999999999905e+00,1.325440085232012954e+00
1.117399999999999949e+00,1.450869280263042294e+00
1.116700000000000026e+00,1.563829771753510789e+00
1.116400000000000059e+00,1.731789387408519509e+00
1.115799999999999903e+00,1.832074328806526653e+00
1.115499999999999936e+00,1.782857677103677263e+00
1.114800000000000013e+00,1.735800877894696947e+00
1.114400000000000057e+00,1.665468668070185565e+00
1.114100000000000090e+00,1.443178512293627591e+00
1.113399999999999945e+00,1.243354828195930573e+00
1.112999999999999989e+00,1.169548896797004245e+00
1.112700000000000022e+00,9.867583930258522207e-01
1.112300000000000066e+00,9.280741436747813600e-01
1.111699999999999910e+00,1.041925982761746194e+00
1.111399999999999944e+00,1.229151611833664948e+00
1.110999999999999988e+00,1.348859805891458707e+00
1.110400000000000054e+00,1.395878202473874286e+00
1.110100000000000087e+00,1.433366255869719552e+00
1.109799999999999898e+00,1.374081315214797927e+00
1.109099999999999975e+00,1.218902956266615378e+00
1.108800000000000008e+00,9.913751819794203168e-01
1.108400000000000052e+00,9.921812287334853542e-01
1.107699999999999907e+00,1.088415611104273539e+00
1.107299999999999951e+00,1.098701230878643020e+00
1.106600000000000028e+00,1.072900470853246802e+00
1.106300000000000061e+00,1.101875513373207216e+00
1.105900000000000105e+00,1.104778557566854502e+00
1.105199999999999960e+00,9.888030508781175953e-01
1.104600000000000026e+00,1.172942104996424373e+00
1.104200000000000070e+00,1.352915372164822827e+00
1.103599999999999914e+00,1.497421674811760806e+00
1.103299999999999947e+00,1.622700016134029255e+00
1.102899999999999991e+00,1.685032206692332890e+00
1.102600000000000025e+00,1.655434020889426261e+00
1.101900000000000102e+00,1.654550381538083537e+00
1.101599999999999913e+00,1.661394497247253632e+00
1.101199999999999957e+00,1.577101122485144336e+00
1.100600000000000023e+00,1.697694426640236509e+00
1.100200000000000067e+00,1.593227680630401988e+00
1.099499999999999922e+00,1.621411929366572968e+00
1.099199999999999955e+00,1.633011438694973005e+00
1.098799999999999999e+00,1.709176770994594419e+00
1.098200000000000065e+00,1.584296262116396736e+00
1.097900000000000098e+00,1.625636955140605355e+00
1.097499999999999920e+00,1.552828100124040045e+00
1.096799999999999997e+00,1.526493767480679997e+00
1.096500000000000030e+00,1.600574267916488047e+00
1.095900000000000096e+00,1.652815156999651203e+00
1.095199999999999951e+00,1.486857292662055574e+00
1.094899999999999984e+00,1.348582277234666726e+00
1.094600000000000017e+00,1.304239779084392925e+00
1.094000000000000083e+00,1.276986487649747648e+00
1.093599999999999905e+00,1.150697112256918064e+00
1.092999999999999972e+00,1.403830772543288141e+00
1.092700000000000005e+00,1.538694869474624305e+00
1.092400000000000038e+00,1.659643096639032311e+00
1.091800000000000104e+00,1.551971850103778250e+00
1.091399999999999926e+00,1.599955013781087620e+00
1.091099999999999959e+00,1.402739697462795920e+00
1.090400000000000036e+00,1.329357390658925109e+00
1.090100000000000069e+00,1.272175028151981246e+00
1.089499999999999913e+00,1.289339630909588807e+00
1.089199999999999946e+00,1.140490985801004387e+00
1.088899999999999979e+00,1.148321668331883760e+00
1.088300000000000045e+00,1.161216262252906528e+00
1.087900000000000089e+00,1.192498892975957236e+00
1.087499999999999911e+00,1.147870051707439165e+00
1.086799999999999988e+00,1.374355663868870314e+00
1.086200000000000054e+00,1.369960219896604325e+00
1.085900000000000087e+00,1.320387588487625941e+00
1.085499999999999909e+00,1.186187627500306929e+00
1.085099999999999953e+00,1.108413719452042034e+00
1.084500000000000020e+00,1.002111687802426099e+00
1.084100000000000064e+00,1.138890661375735469e+00
1.083499999999999908e+00,1.255114375860177933e+00
1.083199999999999941e+00,1.459337859709072704e+00
1.082899999999999974e+00,1.703550567883211020e+00
1.082100000000000062e+00,1.877211387483757044e+00
1.081499999999999906e+00,1.941547326470491441e+00
1.081099999999999950e+00,1.970946326652587954e+00
1.080699999999999994e+00,1.871388273410740100e+00
1.080000000000000071e+00,1.678693626817780338e+00
1.079700000000000104e+00,1.544018998929988395e+00
1.079399999999999915e+00,1.336812054197229704e+00
1.078699999999999992e+00,1.197594969000945087e+00
1.078400000000000025e+00,1.156373032919141730e+00
1.078100000000000058e+00,1.196128168979883277e+00
1.077499999999999902e+00,1.365110127295523945e+00
1.077099999999999946e+00,1.594711439116651253e+00
1.076799999999999979e+00,1.779176860760775636e+00
1.076200000000000045e+00,1.963927383388936132e+00
1.075900000000000079e+00,2.082482771865977522e+00
1.075599999999999890e+00,2.080118235779013336e+00
1.074899999999999967e+00,2.120915799373388033e+00
1.074600000000000000e+00,2.109989123864342009e+00
1.074200000000000044e+00,1.933002426568672272e+00
1.073499999999999899e+00,1.923046907402609307e+00
1.073199999999999932e+00,1.825205386795578200e+00
1.072500000000000009e+00,1.719418992576250638e+00
1.072200000000000042e+00,1.829750992196586878e+00
1.071800000000000086e+00,2.029709764977093212e+00
1.071099999999999941e+00,2.044085377624210942e+00
1.070799999999999974e+00,2.092408648755351930e+00
1.070500000000000007e+00,2.151073459843305891e+00
1.069800000000000084e+00,2.033009142691395432e+00
1.069499999999999895e+00,1.765636573031296841e+00
1.069199999999999928e+00,1.666500965923772837e+00
1.068500000000000005e+00,1.544775135872769711e+00
1.068200000000000038e+00,1.347945618810526769e+00
1.067900000000000071e+00,1.329006917626211592e+00
1.067199999999999926e+00,1.373646462730603091e+00
1.066899999999999959e+00,1.458526660513235873e+00
1.066599999999999993e+00,1.500186174950846052e+00
1.066000000000000059e+00,1.504301608088107312e+00
1.065700000000000092e+00,1.363772578863269080e+00
1.065399999999999903e+00,1.298341402427329205e+00
1.064799999999999969e+00,1.111326398338073673e+00
1.064400000000000013e+00,1.146235435808551362e+00
1.063700000000000090e+00,1.187023959605161494e+00
1.063399999999999901e+00,1.331431488991209777e+00
1.063099999999999934e+00,1.553381325648702127e+00
1.062400000000000011e+00,1.869652016894089774e+00
1.062000000000000055e+00,1.865488111982629871e+00
1.061700000000000088e+00,1.892679771801873745e+00
1.060999999999999943e+00,1.816857251324133227e+00
1.060699999999999976e+00,1.620153877276812926e+00
1.060300000000000020e+00,1.489084462809389775e+00
1.059700000000000086e+00,1.496251066806404628e+00
1.059299999999999908e+00,1.371563068933747020e+00
1.058699999999999974e+00,1.393186621091863087e+00
1.058400000000000007e+00,1.281402077408372309e+00
1.058100000000000041e+00,1.151000028285394050e+00
1.057700000000000085e+00,1.087923925086331511e+00
1.057099999999999929e+00,1.217246447129151532e+00
1.056799999999999962e+00,1.291926694831670330e+00
1.056400000000000006e+00,1.606386321895136859e+00
1.055800000000000072e+00,1.692231423157802839e+00
1.055500000000000105e+00,1.674454153834034509e+00
1.055199999999999916e+00,1.574175786764539398e+00
1.054499999999999993e+00,1.381279495388416878e+00
1.054200000000000026e+00,1.170168483782714652e+00
1.053900000000000059e+00,1.090792499683114425e+00
1.053199999999999914e+00,1.131408277627379722e+00
1.052799999999999958e+00,1.402232703358839760e+00
1.052499999999999991e+00,1.600663742965212410e+00
1.051800000000000068e+00,1.718064383629189340e+00
1.051500000000000101e+00,1.834483088382562910e+00
1.051199999999999912e+00,1.887275515348903143e+00
1.050499999999999989e+00,1.622720637230387508e+00
1.050200000000000022e+00,1.376684686551811421e+00
1.049600000000000088e+00,1.216210673756108696e+00
1.049199999999999910e+00,1.286863043201934120e+00
1.048599999999999977e+00,1.367796962552791928e+00
1.048300000000000010e+00,1.704973414328458725e+00
1.047600000000000087e+00,1.887595077791869080e+00
1.047299999999999898e+00,2.099437647576432475e+00
1.046899999999999942e+00,2.054271328599636792e+00
1.046300000000000008e+00,1.941242725396197244e+00
1.045900000000000052e+00,1.688745434258141609e+00
1.045600000000000085e+00,1.563326658964338423e+00
1.044999999999999929e+00,1.426179667883588298e+00
1.044699999999999962e+00,1.401439715264241048e+00
1.044399999999999995e+00,1.510293412660505874e+00
1.043700000000000072e+00,1.632326546629585318e+00
1.043400000000000105e+00,1.841865912627117741e+00
1.043099999999999916e+00,1.879070177155349519e+00
1.042399999999999993e+00,1.804929836683629052e+00
1.042100000000000026e+00,1.654933217610891960e+00
1.041400000000000103e+00,1.486014339149230423e+00
1.041099999999999914e+00,1.387507976171840962e+00
1.040799999999999947e+00,1.442241334192323476e+00
1.040100000000000025e+00,1.466092454004558343e+00
1.039800000000000058e+00,1.358724211521916692e+00
1.039500000000000091e+00,1.445850516333634150e+00
1.038799999999999946e+00,1.502162639312430770e+00
1.038499999999999979e+00,1.365775380770088754e+00
1.038200000000000012e+00,1.359790784311032397e+00
1.037500000000000089e+00,1.459550011694808580e+00
1.037099999999999911e+00,1.499779271454566798e+00
1.036799999999999944e+00,1.592881511335540790e+00
1.036200000000000010e+00,1.764966833297486160e+00
1.035500000000000087e+00,1.791366905972528789e+00
1.035199999999999898e+00,1.861956419981457334e+00
1.034899999999999931e+00,1.775205269399088293e+00
1.034299999999999997e+00,1.690071075728730277e+00
1.034000000000000030e+00,1.803289678935157569e+00
1.033300000000000107e+00,1.889388596727735514e+00
1.032999999999999918e+00,1.928944280612209017e+00
1.032699999999999951e+00,1.856457822356841092e+00
1.032000000000000028e+00,1.691758231055357165e+00
1.031700000000000061e+00,1.443195248973308420e+00
1.031099999999999905e+00,1.301389919955639574e+00
1.030699999999999950e+00,1.184228069484351220e+00
1.030399999999999983e+00,1.296870031586051741e+00
1.029700000000000060e+00,1.437394344542368474e+00
1.029400000000000093e+00,1.427628599966965339e+00
1.029099999999999904e+00,1.490273384152883462e+00
1.028399999999999981e+00,1.581718056753341095e+00
1.028100000000000014e+00,1.572859535117418606e+00
1.027500000000000080e+00,1.574001886285175678e+00
1.027199999999999891e+00,1.782345400844001615e+00
1.026899999999999924e+00,1.824274624860414251e+00
1.026599999999999957e+00,1.778846852654516919e+00
1.026000000000000023e+00,1.765966762875201379e+00
1.025600000000000067e+00,1.702172265398461892e+00
1.025300000000000100e+00,1.602350460124489562e+00
1.024599999999999955e+00,1.498899120363356152e+00
1.024299999999999988e+00,1.498928843866320637e+00
1.023700000000000054e+00,1.479768927508985588e+00
1.023300000000000098e+00,1.465468702637508391e+00
1.022999999999999909e+00,1.355748309851863231e+00
1.022399999999999975e+00,1.486019863830498222e+00
1.022000000000000020e+00,1.480160179657234787e+00
1.021400000000000086e+00,1.402615858168351881e+00
1.020999999999999908e+00,1.509258766036504662e+00
1.020699999999999941e+00,1.635921525439711255e+00
1.020100000000000007e+00,1.548980473876360398e+00
1.019700000000000051e+00,1.558868499181680134e+00
1.019400000000000084e+00,1.577987779288088310e+00
1.018799999999999928e+00,1.403982695431238437e+00
1.018399999999999972e+00,1.325909861694014813e+00
1.018100000000000005e+00,1.331038840629503062e+00
1.017500000000000071e+00,1.397711443829607880e+00
1.017200000000000104e+00,1.498961359140786431e+00
1.016799999999999926e+00,1.727027611315538946e+00
1.016199999999999992e+00,1.869387205230415905e+00
1.015800000000000036e+00,1.979264677567718733e+00
1.015500000000000069e+00,1.984382930115685673e+00
1.014899999999999913e+00,1.888523128985991839e+00
1.014299999999999979e+00,1.754052488493508477e+00
1.013900000000000023e+00,1.661208512403547388e+00
1.013600000000000056e+00,1.653989529192996688e+00
1.012899999999999912e+00,1.638513002181207545e+00
1.012599999999999945e+00,1.817556793315133756e+00
1.012199999999999989e+00,1.815189128587073375e+00
1.011600000000000055e+00,1.798843780063917652e+00
1.011300000000000088e+00,1.729134330596543423e+00
1.010599999999999943e+00,1.625504285949069816e+00
1.010299999999999976e+00,1.438691742457962164e+00
1.009900000000000020e+00,1.247541433693766244e+00
1.009300000000000086e+00,1.251915563628830386e+00
1.008899999999999908e+00,1.275297683647272473e+00
1.008599999999999941e+00,1.392723381503265134e+00
1.007900000000000018e+00,1.546461754970696267e+00
1.007600000000000051e+00,1.758338592971128822e+00
1.006899999999999906e+00,1.561103499094391944e+00
1.006599999999999939e+00,1.469496958771028705e+00
1.006199999999999983e+00,1.472979449641496963e+00
1.005600000000000049e+00,1.515771612948524361e+00
1.005200000000000093e+00,1.469080788827209494e+00
1.004599999999999937e+00,1.676688941626217177e+00
1.004299999999999971e+00,1.697018552793486013e+00
1.004000000000000004e+00,1.636821234532598535e+00
1.003300000000000081e+00,1.486951985904504170e+00
1.002999999999999892e+00,1.585357073195653221e+00
1.002299999999999969e+00,1.602428119298233922e+00
1.002000000000000002e+00,1.748027555292658075e+00
1.001300000000000079e+00,1.894753307968670253e+00
1.000999999999999890e+00,1.993555847180847218e+00
1.000299999999999967e+00,1.907435160350793968e+00
1.000000000000000000e+00,1.876691782556373589e+00
9.997000000000000330e-01,1.718818970850993777e+00
9.989999999999999991e-01,1.443530401256491791e+00
9.988000000000000211e-01,1.367990832611375218e+00
9.983999999999999542e-01,1.418776319332508473e+00
9.977000000000000313e-01,1.540635720535116215e+00
9.973999999999999533e-01,1.712179808449794338e+00
9.970999999999999863e-01,1.921280429263878764e+00
9.963999999999999524e-01,2.050296375999474563e+00
9.959999999999999964e-01,1.983424696439771262e+00
9.953999999999999515e-01,1.820283628989304070e+00
9.949999999999999956e-01,1.680547254983566718e+00
9.942999999999999616e-01,1.478595398978696629e+00
9.939999999999999947e-01,1.380164970036963812e+00
9.932999999999999607e-01,1.437383186525427625e+00
9.929999999999999938e-01,1.470236101689149866e+00
9.922999999999999599e-01,1.436422219679815759e+00
9.919999999999999929e-01,1.732391689832739390e+00
9.917000000000000259e-01,1.764173744311717362e+00
9.909999999999999920e-01,1.690874390354937695e+00
9.907000000000000250e-01,1.701493364791827112e+00
9.897000000000000242e-01,1.692723950884322814e+00
9.892999999999999572e-01,1.428082340887530499e+00
9.889999999999999902e-01,1.364580893457277400e+00
9.882999999999999563e-01,1.325208663692373223e+00
9.879999999999999893e-01,1.304043177210688409e+00
9.877000000000000224e-01,1.437922609629424420e+00
9.870999999999999774e-01,1.558277570997759653e+00
9.868000000000000105e-01,1.518366478631856475e+00
9.861999999999999655e-01,1.699259832597943554e+00
9.858000000000000096e-01,1.806315136271864796e+00
9.855000000000000426e-01,1.690643802870414714e+00
9.848000000000000087e-01,1.620090999248160912e+00
9.845000000000000417e-01,1.639518449827806590e+00
9.840999999999999748e-01,1.465112729487696885e+00
9.835000000000000409e-01,1.171750656779151134e+00
9.830999999999999739e-01,1.151756270311964148e+00
9.827000000000000179e-01,1.136956643557930580e+00
9.820999999999999730e-01,1.024947085034935812e+00
9.817000000000000171e-01,9.846747255722391179e-01
9.814000000000000501e-01,1.162348691154356572e+00
9.807000000000000162e-01,1.226520706054667897e+00
9.804000000000000492e-01,1.332887420954047331e+00
9.798000000000000043e-01,1.615631693899499677e+00
9.794000000000000483e-01,1.831355897476856454e+00
9.790999999999999703e-01,2.129025327913744547e+00
9.784000000000000474e-01,2.205766895693878293e+00
9.780999999999999694e-01,2.236389572173834495e+00
9.774000000000000465e-01,2.009794861927705067e+00
9.770999999999999686e-01,1.731678244117907051e+00
9.767000000000000126e-01,1.407411449644117907e+00
9.760999999999999677e-01,1.193922842461295097e+00
9.758000000000000007e-01,1.011852582992536886e+00
9.755000000000000338e-01,9.700503169959158178e-01
9.747999999999999998e-01,1.087099803119863317e+00
9.745000000000000329e-01,1.041607893650306593e+00
9.741999999999999549e-01,1.149976612750541749e+00
9.735000000000000320e-01,1.304059145716754520e+00
9.731999999999999540e-01,1.462775890622366903e+00
9.727999999999999980e-01,1.524417507052650000e+00
9.721999999999999531e-01,1.630957251321125900e+00
9.718999999999999861e-01,1.707692002713874668e+00
9.715000000000000302e-01,1.676676821118147753e+00
9.708999999999999853e-01,1.764626095626491198e+00
9.706000000000000183e-01,1.891103008875814728e+00
9.698999999999999844e-01,1.940834975233604487e+00
9.695000000000000284e-01,1.881758945163902963e+00
9.691999999999999504e-01,1.731604000838812718e+00
9.686000000000000165e-01,1.547120133822861510e+00
9.681999999999999496e-01,1.447368575472410157e+00
9.676000000000000156e-01,1.394385745421729217e+00
9.673000000000000487e-01,1.456408137553572013e+00
9.668999999999999817e-01,1.654197337159664549e+00
9.663000000000000478e-01,1.814635243503927464e+00
9.659999999999999698e-01,1.695520726702065328e+00
9.657000000000000028e-01,1.623131251140240483e+00
9.649999999999999689e-01,1.469867988328592334e+00
9.646000000000000130e-01,1.267869639044461039e+00
9.643000000000000460e-01,1.050644292194154339e+00
9.636000000000000121e-01,1.031397353239392523e+00
9.631999999999999451e-01,1.053186177983958416e+00
9.626000000000000112e-01,1.082938130887514561e+00
9.623000000000000442e-01,1.073271135152188638e+00
9.618999999999999773e-01,1.111264188524418994e+00
9.613000000000000433e-01,1.176561084080263164e+00
9.609999999999999654e-01,1.037180121287589740e+00
9.603000000000000425e-01,9.483854106315942056e-01
9.599999999999999645e-01,1.072087038887746591e+00
9.596000000000000085e-01,1.232162132316985792e+00
9.589999999999999636e-01,1.113790876583649281e+00
9.586000000000000076e-01,1.250497562236725591e+00
9.578999999999999737e-01,1.319374276884804909e+00
9.576000000000000068e-01,1.401446176904838747e+00
9.573000000000000398e-01,1.468793840153949315e+00
9.566000000000000059e-01,1.694437245750753052e+00
9.563000000000000389e-01,1.876965745352538129e+00
9.559999999999999609e-01,2.031396529400299134e+00
9.553000000000000380e-01,1.965517893384102877e+00
9.549999999999999600e-01,1.753622543917213061e+00
9.546000000000000041e-01,1.729726539838744026e+00
9.539999999999999591e-01,1.642090847558189015e+00
9.536999999999999922e-01,1.588931135251200999e+00
9.534000000000000252e-01,1.612640207651790059e+00
9.526999999999999913e-01,1.790613071270888312e+00
9.524000000000000243e-01,1.834443164685888084e+00
9.520999999999999464e-01,1.776008068290514608e+00
9.514000000000000234e-01,1.863276426816613984e+00
9.510999999999999455e-01,1.810132624832615278e+00
9.504000000000000226e-01,1.703031586027942135e+00
9.499999999999999556e-01,1.606645063645210980e+00
9.496999999999999886e-01,1.514339186156066219e+00
9.491000000000000547e-01,1.352170283468144607e+00
9.484000000000000208e-01,1.451278712900350154e+00
9.481000000000000538e-01,1.479103174174614566e+00
9.477999999999999758e-01,1.480014082526972974e+00
9.474000000000000199e-01,1.699883626089630839e+00
9.467999999999999750e-01,1.790043772317006843e+00
9.464000000000000190e-01,1.748956883266227003e+00
9.461000000000000520e-01,1.868420410674198395e+00
9.455000000000000071e-01,2.062665028417648649e+00
9.452000000000000401e-01,1.973431851780143909e+00
9.448999999999999622e-01,1.938660626027745471e+00
9.443000000000000282e-01,2.012069915994612046e+00
9.438999999999999613e-01,1.921729364805085716e+00
9.432000000000000384e-01,1.847319354264624458e+00
9.428999999999999604e-01,1.935264905461794749e+00
9.425000000000000044e-01,2.165746331220484766e+00
9.418999999999999595e-01,2.276771200523351801e+00
9.415999999999999925e-01,2.421696366116943278e+00
9.412000000000000366e-01,2.349407350076548884e+00
9.405999999999999917e-01,2.166247582831327900e+00
9.403000000000000247e-01,1.963813269172109965e+00
9.393000000000000238e-01,1.626536292431597808e+00
9.386999999999999789e-01,1.401532272228382725e+00
9.384000000000000119e-01,1.472055101765512575e+00
9.376999999999999780e-01,1.618806177697170057e+00
9.374000000000000110e-01,1.533726189953607433e+00
9.371000000000000441e-01,1.709348629922516238e+00
9.364999999999999991e-01,1.631344663741949974e+00
9.362000000000000322e-01,1.505310133712856047e+00
9.358999999999999542e-01,1.509745724758565499e+00
9.355999999999999872e-01,1.693614067239772369e+00
9.348999999999999533e-01,1.672303205388949054e+00
9.341000000000000414e-01,1.746415635107551045e+00
9.337999999999999634e-01,1.863204845420352029e+00
9.334000000000000075e-01,1.746567924938262406e+00
9.327999999999999625e-01,1.516547263637410659e+00
9.324999999999999956e-01,1.416833759197502651e+00
9.321000000000000396e-01,1.365726934432071049e+00
9.317999999999999616e-01,1.169527768118301614e+00
9.312000000000000277e-01,1.136125129308426684e+00
9.308999999999999497e-01,1.143872486499101893e+00
9.303000000000000158e-01,1.165111842589584779e+00
9.300000000000000488e-01,1.190406730763003740e+00
9.296999999999999709e-01,1.317846610604939128e+00
9.290000000000000480e-01,1.348518117324642995e+00
9.286999999999999700e-01,1.487493414094459565e+00
9.284000000000000030e-01,1.502252249840595244e+00
9.276999999999999691e-01,1.462801542953598544e+00
9.274000000000000021e-01,1.348824887375220438e+00
9.266999999999999682e-01,1.273465786806905697e+00
9.263000000000000123e-01,1.163346684840832479e+00
9.260000000000000453e-01,1.075540171251131216e+00
9.253000000000000114e-01,1.100398260907541115e+00
9.250000000000000444e-01,1.053591893474641106e+00
9.246999999999999664e-01,1.107661684677171854e+00
9.243999999999999995e-01,1.123790628625442878e+00
9.236999999999999655e-01,1.271055758636993493e+00
9.233999999999999986e-01,1.282935448067914930e+00
9.231000000000000316e-01,1.458668531246348765e+00
9.223999999999999977e-01,1.603529057124380763e+00
9.221000000000000307e-01,1.732067796137853888e+00
9.213999999999999968e-01,1.662323843543769719e+00
9.210000000000000409e-01,1.758598331240181167e+00
9.206999999999999629e-01,1.810141239449412742e+00
9.200000000000000400e-01,1.694019472598465192e+00
9.196999999999999620e-01,1.571529001445429286e+00
9.193999999999999950e-01,1.580228876423179996e+00
9.186999999999999611e-01,1.608495086395933527e+00
9.183999999999999941e-01,1.567237915265778936e+00
9.177999999999999492e-01,1.657256542136990696e+00
9.174999999999999822e-01,1.786541188735571328e+00
9.172000000000000153e-01,1.746103806912584266e+00
9.164999999999999813e-01,1.714991331581948497e+00
9.162000000000000144e-01,1.690021948789824480e+00
9.154999999999999805e-01,1.684679847484930937e+00
9.152000000000000135e-01,1.522517070792137162e+00
9.147999999999999465e-01,1.473884001296256407e+00
9.142000000000000126e-01,1.353688601840666417e+00
9.139000000000000457e-01,1.317065713593024157e+00
9.134999999999999787e-01,1.157509798908815002e+00
9.132000000000000117e-01,1.184565216336176618e+00
9.125999999999999668e-01,1.356350079960537247e+00
9.122000000000000108e-01,1.439100365543157123e+00
9.119000000000000439e-01,1.533889430020800138e+00
9.112000000000000099e-01,1.574910150475769433e+00
9.109000000000000430e-01,1.709230648924073392e+00
9.102000000000000091e-01,1.716086247709226686e+00
9.099000000000000421e-01,1.671688637643088615e+00
9.094999999999999751e-01,1.493332523446189164e+00
9.089000000000000412e-01,1.556043868562867694e+00
9.085999999999999632e-01,1.488625438553804914e+00
9.082999999999999963e-01,1.348311973440041722e+00
9.075999999999999623e-01,1.409597922410153803e+00
9.072999999999999954e-01,1.434431798436226702e+00
9.065999999999999615e-01,1.517762166445661753e+00
9.062999999999999945e-01,1.470374547093908246e+00
9.055999999999999606e-01,1.500768044977382587e+00
9.052999999999999936e-01,1.437413665339275282e+00
9.045999999999999597e-01,1.419252092569635249e+00
9.042999999999999927e-01,1.323171437297085307e+00
9.040000000000000258e-01,1.350195197741613118e+00
9.032999999999999918e-01,1.261426491170024367e+00
9.030000000000000249e-01,1.369529359923557399e+00
9.025999999999999579e-01,1.448615470079559042e+00
9.020000000000000240e-01,1.374971455882084692e+00
9.015999999999999570e-01,1.377154278328698966e+00
9.010000000000000231e-01,1.484656453387203756e+00
9.005999999999999561e-01,1.392492166895631378e+00
9.002999999999999892e-01,1.318875088626783709e+00
8.995999999999999552e-01,1.331212623192010058e+00
8.992999999999999883e-01,1.323867066580844520e+00
8.989000000000000323e-01,1.356122161731976306e+00
8.982999999999999874e-01,1.420534365119581421e+00
8.979000000000000314e-01,1.575229005248875325e+00
8.975999999999999535e-01,1.660546956807548824e+00
8.970000000000000195e-01,1.593137057670952705e+00
8.965999999999999526e-01,1.564229295459885982e+00
8.959000000000000297e-01,1.471955446707487569e+00
8.955999999999999517e-01,1.343035381062805733e+00
8.952999999999999847e-01,1.201108396927733191e+00
8.945999999999999508e-01,1.197295454205098197e+00
8.942999999999999838e-01,1.172470368331554491e+00
8.937000000000000499e-01,1.273806936646811216e+00
8.932999999999999829e-01,1.279644230681199701e+00
8.925999999999999490e-01,1.270438401630609615e+00
8.922999999999999821e-01,1.186513027767663209e+00
8.920000000000000151e-01,1.108122825425883473e+00
8.912999999999999812e-01,9.546922799550521255e-01
8.910000000000000142e-01,9.024907017516834440e-01
8.902999999999999803e-01,9.753823816752508202e-01
8.900000000000000133e-01,1.022415734976064750e+00
8.897000000000000464e-01,1.080738096565989181e+00
8.890000000000000124e-01,1.171114442534947120e+00
8.887000000000000455e-01,1.167944524676500784e+00
8.883999999999999675e-01,1.147914281475585607e+00
8.878000000000000336e-01,1.252980935144802688e+00
8.873999999999999666e-01,1.339656104224554056e+00
8.870999999999999996e-01,1.307518744759587959e+00
8.863999999999999657e-01,1.475643885199516392e+00
8.860000000000000098e-01,1.584159903507513345e+00
8.857000000000000428e-01,1.544911314652584799e+00
8.850000000000000089e-01,1.515395087412739317e+00
8.847000000000000419e-01,1.561062269055009555e+00
8.842999999999999750e-01,1.423947897156406350e+00
8.837000000000000410e-01,1.384487177477251807e+00
8.833999999999999631e-01,1.399227890191701018e+00
8.830000000000000071e-01,1.367599340519401352e+00
8.822999999999999732e-01,1.296006495376915479e+00
8.820000000000000062e-01,1.347093788291696459e+00
8.817000000000000393e-01,1.332693372624906170e+00
8.810999999999999943e-01,1.396702431515455034e+00
8.807000000000000384e-01,1.551978179717937500e+00
8.800999999999999934e-01,1.545996857446815698e+00
8.797000000000000375e-01,1.430106176901445370e+00
8.793999999999999595e-01,1.274162897816968787e+00
8.787000000000000366e-01,1.227172506025435483e+00
8.783999999999999586e-01,1.108348908614928519e+00
8.780000000000000027e-01,1.245085444582343159e+00
8.773999999999999577e-01,1.345119075022542576e+00
8.770999999999999908e-01,1.577653574587750684e+00
8.763999999999999568e-01,1.649928670616751303e+00
8.760999999999999899e-01,1.634846921867924463e+00
8.757000000000000339e-01,1.526478250423041416e+00
8.750999999999999890e-01,1.493101559446353921e+00
8.748000000000000220e-01,1.388079847320193627e+00
8.743999999999999551e-01,1.305617333855271678e+00
8.737000000000000322e-01,1.338486505401761839e+00
8.733999999999999542e-01,1.356027963536170278e+00
8.730999999999999872e-01,1.398296778878371782e+00
8.723999999999999533e-01,1.437137961904227934e+00
8.720999999999999863e-01,1.566015730912993842e+00
8.718000000000000194e-01,1.552913027780093769e+00
8.711999999999999744e-01,1.546251477113728789e+00
8.708000000000000185e-01,1.490840893437414660e+00
8.705000000000000515e-01,1.555910945769921172e+00
8.698000000000000176e-01,1.488759891898894239e+00
8.693999999999999506e-01,1.425407212247396638e+00
8.690999999999999837e-01,1.450240436388430920e+00
8.683999999999999497e-01,1.452078013422959613e+00
8.680999999999999828e-01,1.304268714516568339e+00
8.678000000000000158e-01,1.237325654852884593e+00
8.671999999999999709e-01,1.325013668338481665e+00
8.669000000000000039e-01,1.299731551521569939e+00
8.666000000000000369e-01,1.534295704499199831e+00
8.659000000000000030e-01,1.528605287387588385e+00
8.656000000000000361e-01,1.581932162452517776e+00
8.651999999999999691e-01,1.513143071926146943e+00
8.645000000000000462e-01,1.545223706838627864e+00
8.641999999999999682e-01,1.451889415573850872e+00
8.639000000000000012e-01,1.657766773496445634e+00
8.631999999999999673e-01,1.677931905865979845e+00
8.629000000000000004e-01,1.742522778224835145e+00
8.626000000000000334e-01,1.776331316716041275e+00
8.618999999999999995e-01,1.761914053491735022e+00
8.616000000000000325e-01,1.772579458259662566e+00
8.612999999999999545e-01,1.704655537358469530e+00
8.609999999999999876e-01,1.523967879637697198e+00
8.602999999999999536e-01,1.561934620555455178e+00
8.599999999999999867e-01,1.687492035938806145e+00
8.597000000000000197e-01,1.607568017703911334e+00
8.589999999999999858e-01,1.596166842469520786e+00
8.587000000000000188e-01,1.734509554906990436e+00
8.582999999999999519e-01,1.609531209176041866e+00
8.577000000000000179e-01,1.462304319929594199e+00
8.574000000000000510e-01,1.601803404731490188e+00
8.569999999999999840e-01,1.756711890054767133e+00
8.564000000000000501e-01,1.782960793301514801e+00
8.560999999999999721e-01,1.885783655173125961e+00
8.557000000000000162e-01,1.866065475639999915e+00
8.550999999999999712e-01,1.732587235491918509e+00
8.547000000000000153e-01,1.640547801887020984e+00
8.544000000000000483e-01,1.765433798294226309e+00
8.537000000000000144e-01,1.796914283147509117e+00
8.534000000000000474e-01,1.787323214098996083e+00
8.529999999999999805e-01,1.707000513898656369e+00
8.524000000000000465e-01,1.698044791482774318e+00
8.520999999999999686e-01,1.556385395909462011e+00
8.517000000000000126e-01,1.497831372348386259e+00
8.510999999999999677e-01,1.452580810805941702e+00
8.507000000000000117e-01,1.502143712852153090e+00
8.504000000000000448e-01,1.448234385220993570e+00
8.497000000000000108e-01,1.519233486580833015e+00
8.494000000000000439e-01,1.536323801833126890e+00
8.490999999999999659e-01,1.679406908799974119e+00
8.484000000000000430e-01,1.716711806591959100e+00
8.480999999999999650e-01,1.748383558826671624e+00
8.477999999999999980e-01,1.735438438912849435e+00
8.470999999999999641e-01,1.744395678607430167e+00
8.467999999999999972e-01,1.717482086837796684e+00
8.464000000000000412e-01,1.655695994373981295e+00
8.457000000000000073e-01,1.569619937010231059e+00
8.454000000000000403e-01,1.420371081807068059e+00
8.450999999999999623e-01,1.239027543767628359e+00
8.444000000000000394e-01,1.083700639282827893e+00
8.440999999999999615e-01,1.042301151804713610e+00
8.437999999999999945e-01,1.066572599543041955e+00
8.430999999999999606e-01,1.132420444405948023e+00
8.427999999999999936e-01,1.244975573984133277e+00
8.420999999999999597e-01,1.302855922112790887e+00
8.417999999999999927e-01,1.407905781446467497e+00
8.414000000000000368e-01,1.490632754545077931e+00
8.407999999999999918e-01,1.576041795209332630e+00
8.405000000000000249e-01,1.490570020555564312e+00
8.401999999999999469e-01,1.334075548506240994e+00
8.395000000000000240e-01,1.178837337860675349e+00
8.391999999999999460e-01,1.196067658729600636e+00
8.387999999999999901e-01,1.320521929493601698e+00
8.381999999999999451e-01,1.565095466500993071e+00
8.377999999999999892e-01,1.694380936198332854e+00
8.375000000000000222e-01,1.732668247145068063e+00
8.367999999999999883e-01,1.712779494167301797e+00
8.365000000000000213e-01,1.614975354550587827e+00
8.362000000000000544e-01,1.417598073594605212e+00
8.355000000000000204e-01,1.474010301908135201e+00
8.352000000000000535e-01,1.395674341369401050e+00
8.346000000000000085e-01,1.229628206131198942e+00
8.343000000000000416e-01,1.133893452348599951e+00
8.339999999999999636e-01,1.207395069045633873e+00
8.333000000000000407e-01,1.189351065401522689e+00
8.329999999999999627e-01,1.254125634468587158e+00
8.326000000000000068e-01,1.191932048198157013e+00
8.319999999999999618e-01,1.066718358916276310e+00
8.316000000000000059e-01,1.022538637186192645e+00
8.313000000000000389e-01,9.607213476281288855e-01
8.306000000000000050e-01,1.066543697541624924e+00
8.303000000000000380e-01,1.257243831890506147e+00
8.296000000000000041e-01,1.373597449523169534e+00
8.293000000000000371e-01,1.267020463864461544e+00
8.289999999999999591e-01,1.207613908614842968e+00
8.286999999999999922e-01,1.120183888142205930e+00
8.279999999999999583e-01,1.181624325928484653e+00
8.276999999999999913e-01,1.248311166594674004e+00
8.274000000000000243e-01,1.416716622111378276e+00
8.267999999999999794e-01,1.622874943760926891e+00
8.264000000000000234e-01,1.684178228481616912e+00
8.260999999999999455e-01,1.612318151642394559e+00
8.257999999999999785e-01,1.477675860088820681e+00
8.250999999999999446e-01,1.418356345330804569e+00
8.247999999999999776e-01,1.298394962804712227e+00
8.241000000000000547e-01,1.308051321781081855e+00
8.236999999999999877e-01,1.462040862940557018e+00
8.234000000000000208e-01,1.536548368241529738e+00
8.227999999999999758e-01,1.570002890418364716e+00
8.225000000000000089e-01,1.590626649117798719e+00
8.222000000000000419e-01,1.520853571087502853e+00
8.215999999999999970e-01,1.504142946972732986e+00
8.213000000000000300e-01,1.607206636329572280e+00
8.208999999999999631e-01,1.580434740174399444e+00
8.203000000000000291e-01,1.577655795200229472e+00
8.198999999999999622e-01,1.655175763608448980e+00
8.192000000000000393e-01,1.594433780166132353e+00
8.187999999999999723e-01,1.505269621836554661e+00
8.185000000000000053e-01,1.486087115545632553e+00
8.177999999999999714e-01,1.385182599907552881e+00
8.175000000000000044e-01,1.283484605038420101e+00
8.172000000000000375e-01,1.229210004899342845e+00
8.168999999999999595e-01,1.191704446513296878e+00
8.162000000000000366e-01,1.325626741459692282e+00
8.158999999999999586e-01,1.515941964790618712e+00
8.155999999999999917e-01,1.582296936144689914e+00
8.148999999999999577e-01,1.630082229577660469e+00
8.145999999999999908e-01,1.629921593297185112e+00
8.138999999999999568e-01,1.544272299422392303e+00
8.135999999999999899e-01,1.439566811151492987e+00
8.133000000000000229e-01,1.416539748313200953e+00
8.125999999999999890e-01,1.354852491826704641e+00
8.123000000000000220e-01,1.380881845382576856e+00
8.115999999999999881e-01,1.385747751333418876e+00
8.113000000000000211e-01,1.496840688557845356e+00
8.110000000000000542e-01,1.389871467662000315e+00
8.103000000000000203e-01,1.425550250910689210e+00
8.100000000000000533e-01,1.457873000500556238e+00
8.096999999999999753e-01,1.445556691185498455e+00
8.090000000000000524e-01,1.406394962359010181e+00
8.086999999999999744e-01,1.499499919804317516e+00
8.080000000000000515e-01,1.601441714816145723e+00
8.076999999999999735e-01,1.701540483149983185e+00
8.066999999999999726e-01,1.769060654283078460e+00
8.063000000000000167e-01,1.748274329241208180e+00
8.060000000000000497e-01,1.832623884076688636e+00
8.053000000000000158e-01,1.709863651634217829e+00
8.050000000000000488e-01,1.651049403930907822e+00
8.046999999999999709e-01,1.622860307047280237e+00
8.041000000000000369e-01,1.606007418843286239e+00
8.037999999999999590e-01,1.625906571561391845e+00
8.034999999999999920e-01,1.726595424628059483e+00
8.027999999999999581e-01,1.620517075978135324e+00
8.024999999999999911e-01,1.463037659629462528e+00
8.017999999999999572e-01,1.368924021887402143e+00
8.014999999999999902e-01,1.223861344126792705e+00
8.011000000000000343e-01,1.091464370185351473e+00
8.004999999999999893e-01,1.064497364555543113e+00
8.001000000000000334e-01,1.057380524510046715e+00
7.994999999999999885e-01,1.031161417395995317e+00
7.992000000000000215e-01,1.096074946395960481e+00
7.987999999999999545e-01,1.134839831660808152e+00
7.982000000000000206e-01,1.139884098839763382e+00
7.977999999999999536e-01,1.250409891621669933e+00
7.974999999999999867e-01,1.398631125263394281e+00
7.969000000000000528e-01,1.512838690075641424e+00
7.965999999999999748e-01,1.544908157781951896e+00
7.962000000000000188e-01,1.709163244287999150e+00
7.955999999999999739e-01,1.708989704573143920e+00
7.953000000000000069e-01,1.582935948631330358e+00
7.949000000000000510e-01,1.454910725826128681e+00
7.943000000000000060e-01,1.383336963965021260e+00
7.939000000000000501e-01,1.328071202432480780e+00
7.933000000000000052e-01,1.442754865722383650e+00
7.930000000000000382e-01,1.561076494741124421e+00
7.926999999999999602e-01,1.539742126866090688e+00
7.920000000000000373e-01,1.594427623863459820e+00
7.916999999999999593e-01,1.630889360665910059e+00
7.910000000000000364e-01,1.492835664322587963e+00
7.905999999999999694e-01,1.410396211328508009e+00
7.903000000000000025e-01,1.455203363010578510e+00
7.896999999999999575e-01,1.448317642226172541e+00
7.893999999999999906e-01,1.384548175130065895e+00
7.886999999999999567e-01,1.470786592233999546e+00
7.883999999999999897e-01,1.481165105945893901e+00
7.880000000000000338e-01,1.505512779319800210e+00
7.873999999999999888e-01,1.496495132429862540e+00
7.870000000000000329e-01,1.419145867778276449e+00
7.866999999999999549e-01,1.329578106092268230e+00
7.860000000000000320e-01,1.373525881860748088e+00
7.856999999999999540e-01,1.323659111620995033e+00
7.852999999999999980e-01,1.388324726995602276e+00
7.846999999999999531e-01,1.511677466731961683e+00
7.843999999999999861e-01,1.525123329843402376e+00
7.840000000000000302e-01,1.483808037330732077e+00
7.833999999999999853e-01,1.404517829028326226e+00
7.831000000000000183e-01,1.338314929383872087e+00
7.828000000000000513e-01,1.164866161902696540e+00
7.821000000000000174e-01,1.221605339804584300e+00
7.818000000000000504e-01,1.297740875723183640e+00
7.811000000000000165e-01,1.427143833510197135e+00
7.808000000000000496e-01,1.439828274792526175e+00
7.801000000000000156e-01,1.560075722860793102e+00
7.798000000000000487e-01,1.731566229323123318e+00
7.793999999999999817e-01,1.828981534918276530e+00
7.788000000000000478e-01,1.882207569928323831e+00
7.784999999999999698e-01,1.980701502411301496e+00
7.781000000000000139e-01,2.106011682821585573e+00
7.774999999999999689e-01,2.088648662405129031e+00
7.771000000000000130e-01,2.026106829339028081e+00
7.768000000000000460e-01,2.086544115551865808e+00
7.763999999999999790e-01,1.967343021787026913e+00
7.756999999999999451e-01,1.812712120929406368e+00
7.753999999999999782e-01,1.630103984788106031e+00
7.750000000000000222e-01,1.545620360381121827e+00
7.747000000000000552e-01,1.383478624268977164e+00
7.740000000000000213e-01,1.415581662022099563e+00
7.737000000000000544e-01,1.431393605436578786e+00
7.733999999999999764e-01,1.484749710088210994e+00
7.727000000000000535e-01,1.489189575971973323e+00
7.723999999999999755e-01,1.583125660838454740e+00
7.720000000000000195e-01,1.600582417779633726e+00
7.712999999999999856e-01,1.598485350817503647e+00
7.710000000000000187e-01,1.557495316205463443e+00
7.707000000000000517e-01,1.534891889641218476e+00
7.700000000000000178e-01,1.446952372447067425e+00
7.697000000000000508e-01,1.303574296486250672e+00
7.692999999999999838e-01,1.314246420599431753e+00
7.690000000000000169e-01,1.350031674040123919e+00
7.682999999999999829e-01,1.434830746666563517e+00
7.679000000000000270e-01,1.370372542035345420e+00
7.675999999999999490e-01,1.421059127428118796e+00
7.669000000000000261e-01,1.528730364360568528e+00
7.665999999999999481e-01,1.427220739796727367e+00
7.662999999999999812e-01,1.289087571541194022e+00
7.657000000000000473e-01,1.333729337130145520e+00
7.652999999999999803e-01,1.373785864506819054e+00
7.650000000000000133e-01,1.307759956970626414e+00
7.642999999999999794e-01,1.489927547030662325e+00
7.640000000000000124e-01,1.469948261315738636e+00
7.637000000000000455e-01,1.563820963819042564e+00
7.630000000000000115e-01,1.617840902306058481e+00
7.625999999999999446e-01,1.654899528404571551e+00
7.622999999999999776e-01,1.482126846806437914e+00
7.616000000000000547e-01,1.524782710210902836e+00
7.612999999999999767e-01,1.411385971251451821e+00
7.610000000000000098e-01,1.400173857592432292e+00
7.602999999999999758e-01,1.427891871839861215e+00
7.600000000000000089e-01,1.523174278440109886e+00
7.592999999999999750e-01,1.610007581778778007e+00
7.590000000000000080e-01,1.633157189273453991e+00
7.586000000000000520e-01,1.494461532736187426e+00
7.582999999999999741e-01,1.264455742886819278e+00
7.577000000000000401e-01,1.096816030363312988e+00
7.573999999999999622e-01,1.068914032865287522e+00
7.570999999999999952e-01,9.429657181389897724e-01
7.564999999999999503e-01,8.867498681237353519e-01
7.561999999999999833e-01,8.993555536437534137e-01
7.559000000000000163e-01,9.563480606182215293e-01
7.551999999999999824e-01,9.175317877643460740e-01
7.549000000000000155e-01,1.064513715001349503e+00
7.546000000000000485e-01,1.153615087778978809e+00
7.539000000000000146e-01,1.154651970144884077e+00
7.536000000000000476e-01,1.155214977967816026e+00
7.532999999999999696e-01,1.232722477587135046e+00
7.526000000000000467e-01,1.280175420936610076e+00
7.522999999999999687e-01,1.338080533296332586e+00
7.516000000000000458e-01,1.380345796994538077e+00
7.512999999999999678e-01,1.315281405407514592e+00
7.510000000000000009e-01,1.274990049165720229e+00
7.502999999999999670e-01,1.266951992978069930e+00
7.500000000000000000e-01,1.127374105446971031e+00
7.496000000000000441e-01,1.089428286337786655e+00
7.489999999999999991e-01,1.158445284677560361e+00
7.486000000000000432e-01,1.118835335321439306e+00
7.479999999999999982e-01,1.018876210463290910e+00
7.477000000000000313e-01,1.103910107598596424e+00
7.473999999999999533e-01,1.213375444022290361e+00
7.467000000000000304e-01,1.336249323926671284e+00
7.463999999999999524e-01,1.383871624781179976e+00
7.459999999999999964e-01,1.547597060287866144e+00
7.453999999999999515e-01,1.738366238577190970e+00
7.449999999999999956e-01,1.698597108638882247e+00
7.442999999999999616e-01,1.597683490162007169e+00
7.439999999999999947e-01,1.568026743596923733e+00
7.437000000000000277e-01,1.550035375198905108e+00
7.430999999999999828e-01,1.399966113454637062e+00
7.428000000000000158e-01,1.422094811086190180e+00
7.423999999999999488e-01,1.454813202672652128e+00
7.418000000000000149e-01,1.495518546294118734e+00
7.415000000000000480e-01,1.500040160274454415e+00
7.410999999999999810e-01,1.487937929797161107e+00
7.405000000000000471e-01,1.343395725713087518e+00
7.401999999999999691e-01,1.119407283561475674e+00
7.399000000000000021e-01,9.219326430700766073e-01
7.391999999999999682e-01,7.177067732672993694e-01
7.389000000000000012e-01,6.755059734926855963e-01
7.381999999999999673e-01,7.092939831899494063e-01
7.378000000000000114e-01,8.447903201166776510e-01
7.375000000000000444e-01,9.159178422358388305e-01
7.368999999999999995e-01,1.066401681054946593e+00
7.365000000000000435e-01,1.093464732774690473e+00
7.361999999999999655e-01,1.164691054450078811e+00
7.356000000000000316e-01,1.290390835628763000e+00
7.352999999999999536e-01,1.277552063037798336e+00
7.347000000000000197e-01,1.062992143529856826e+00
7.342999999999999527e-01,8.279523768222989411e-01
7.337000000000000188e-01,6.900348619039327058e-01
7.332999999999999519e-01,5.673564095918549599e-01
7.329999999999999849e-01,6.889299039032625860e-01
7.324000000000000510e-01,8.845296383815439700e-01
7.319999999999999840e-01,1.180876276616112941e+00
7.317000000000000171e-01,1.313521945867056395e+00
7.309999999999999831e-01,1.228813597679862646e+00
7.307000000000000162e-01,1.098328966538230533e+00
7.304000000000000492e-01,1.032413055349588937e+00
7.297000000000000153e-01,9.883009943199155822e-01
7.294000000000000483e-01,1.048448554265557497e+00
7.290999999999999703e-01,1.207799150499365481e+00
7.284000000000000474e-01,1.271157623195292574e+00
7.280999999999999694e-01,1.355590047284679800e+00
7.277000000000000135e-01,1.411495891221262067e+00
7.269999999999999796e-01,1.379541733421843830e+00
7.267000000000000126e-01,1.286814947763581740e+00
7.264000000000000457e-01,1.290889087234891042e+00
7.257000000000000117e-01,1.236172727555381101e+00
7.254000000000000448e-01,1.193053511119364973e+00
7.247000000000000108e-01,1.167768615357800632e+00
7.244000000000000439e-01,1.144850303301395478e+00
7.240999999999999659e-01,1.099217590397414623e+00
7.234000000000000430e-01,1.094691050487414774e+00
7.230999999999999650e-01,9.999898872164493246e-01
7.227999999999999980e-01,1.016706516946564554e+00
7.224000000000000421e-01,1.015774229630485248e+00
7.217000000000000082e-01,1.083928506705068129e+00
7.214000000000000412e-01,1.149888337327997112e+00
7.207999999999999963e-01,1.211512159785569809e+00
7.204000000000000403e-01,1.213667004134506788e+00
7.197999999999999954e-01,1.237124425346328493e+00
7.195000000000000284e-01,1.256196693898382399e+00
7.190999999999999615e-01,1.229381912111115804e+00
7.185000000000000275e-01,1.172026367911088274e+00
7.180999999999999606e-01,1.191733419408915973e+00
7.175000000000000266e-01,1.186106590763671642e+00
7.170999999999999597e-01,1.127392893556138365e+00
7.167999999999999927e-01,1.055177295971226004e+00
7.160999999999999588e-01,1.153330503275316499e+00
7.155000000000000249e-01,1.110421083765382066e+00
7.150999999999999579e-01,1.277777130662752114e+00
7.147999999999999909e-01,1.319576639383351235e+00
7.145000000000000240e-01,1.413304343223292570e+00
7.137999999999999901e-01,1.450494769029350817e+00
7.135000000000000231e-01,1.537561760730100202e+00
7.127999999999999892e-01,1.412212139094053409e+00
7.125000000000000222e-01,1.402081645325309989e+00
7.120999999999999552e-01,1.351501902165713309e+00
7.115000000000000213e-01,1.253815183324081817e+00
7.110999999999999543e-01,1.251036217716520627e+00
7.107999999999999874e-01,1.265890538026375634e+00
7.102000000000000535e-01,1.329859527581687573e+00
7.095000000000000195e-01,1.322574918666639121e+00
7.092000000000000526e-01,1.369752852669343213e+00
7.085000000000000187e-01,1.377717128197685659e+00
7.082000000000000517e-01,1.431238385771523847e+00
7.078999999999999737e-01,1.317863215055149695e+00
7.072000000000000508e-01,1.297416080507755698e+00
7.068999999999999728e-01,1.261671231047737152e+00
7.062000000000000499e-01,1.180608991301866473e+00
7.058999999999999719e-01,1.105594348437561436e+00
7.055000000000000160e-01,1.235826057985663917e+00
7.047999999999999821e-01,1.303251751537037650e+00
7.045000000000000151e-01,1.338731515021429175e+00
7.042000000000000481e-01,1.282953580292517159e+00
7.035000000000000142e-01,1.205507788039819062e+00
7.032000000000000473e-01,9.902505039929496711e-01
7.027999999999999803e-01,7.880732543975432769e-01
7.022000000000000464e-01,7.294338057018453503e-01
7.017999999999999794e-01,7.676249491031517103e-01
7.015000000000000124e-01,7.799589167784611865e-01
7.007999999999999785e-01,8.147265228806986892e-01
7.005000000000000115e-01,9.339428363500622554e-01
7.002000000000000446e-01,9.565785089903512395e-01
6.995000000000000107e-01,9.156653975473521001e-01
6.991000000000000547e-01,1.012838573968190881e+00
6.987999999999999767e-01,1.249111019025602953e+00
6.982000000000000428e-01,1.192501885143842255e+00
6.977999999999999758e-01,1.080619441980821493e+00
6.971000000000000529e-01,1.009241572036507772e+00
6.967999999999999750e-01,1.078058122767362015e+00
6.965000000000000080e-01,1.045104537719570015e+00
6.957999999999999741e-01,1.157831904821616797e+00
6.954000000000000181e-01,1.367644469831772014e+00
6.951000000000000512e-01,1.547669446317328390e+00
6.944000000000000172e-01,1.588909307692325967e+00
6.941000000000000503e-01,1.542820697950728626e+00
6.937999999999999723e-01,1.620821489859356035e+00
6.931000000000000494e-01,1.551804423674018274e+00
6.926999999999999824e-01,1.391801359680979289e+00
6.924000000000000155e-01,1.171403125924362687e+00
6.916999999999999815e-01,1.135268225238633244e+00
6.914000000000000146e-01,1.022396902242801442e+00
6.909999999999999476e-01,9.122377534355897710e-01
6.904000000000000137e-01,1.155523042523304733e+00
6.899999999999999467e-01,1.307601864142795778e+00
6.896999999999999797e-01,1.298519349093628872e+00
6.891000000000000458e-01,1.311396600141142788e+00
6.886999999999999789e-01,1.434029617946950497e+00
6.884000000000000119e-01,1.190292449580986123e+00
6.876999999999999780e-01,1.091383508833405624e+00
6.874000000000000110e-01,1.031845710082867518e+00
6.870000000000000551e-01,1.046325943751423182e+00
6.864000000000000101e-01,9.080264001256037609e-01
6.860000000000000542e-01,9.370729035629472570e-01
6.856999999999999762e-01,1.083906363768573300e+00
6.850000000000000533e-01,1.159873880630024168e+00
6.845999999999999863e-01,1.128535436712117868e+00
6.843000000000000194e-01,1.298155504093710055e+00
6.835999999999999854e-01,1.453946641527268158e+00
6.833000000000000185e-01,1.403994867970091986e+00
6.830000000000000515e-01,1.450123574550351124e+00
6.823000000000000176e-01,1.501724717886633309e+00
6.818999999999999506e-01,1.506787305066764171e+00
6.815999999999999837e-01,1.472461344422552498e+00
6.808999999999999497e-01,1.595907196013050200e+00
6.805999999999999828e-01,1.597849383609736273e+00
6.802000000000000268e-01,1.675101527771833299e+00
6.795999999999999819e-01,1.618172197473200180e+00
6.793000000000000149e-01,1.534456567730572596e+00
6.785999999999999810e-01,1.297840968206842582e+00
6.783000000000000140e-01,1.167776520024392140e+00
6.775999999999999801e-01,1.008622701699950719e+00
6.773000000000000131e-01,1.025790006910559438e+00
6.768999999999999462e-01,1.071547144889843928e+00
6.762000000000000233e-01,1.282383438406409892e+00
6.758999999999999453e-01,1.388826539089216938e+00
6.755999999999999783e-01,1.474296492261573333e+00
6.749000000000000554e-01,1.466066403119385297e+00
6.744999999999999885e-01,1.456959072291810431e+00
6.742000000000000215e-01,1.369778544754929106e+00
6.735999999999999766e-01,1.264764665797135867e+00
6.732000000000000206e-01,1.274189283249496984e+00
6.729000000000000536e-01,1.309298622223084241e+00
6.723000000000000087e-01,1.299886482062544424e+00
6.719000000000000528e-01,1.250765222135371779e+00
6.713000000000000078e-01,1.268171430053137483e+00
6.709000000000000519e-01,1.265781561095007834e+00
6.705999999999999739e-01,1.317151165713915661e+00
6.699000000000000510e-01,1.404760972377461226e+00
6.695999999999999730e-01,1.471881266783634512e+00
6.689000000000000501e-01,1.590242418829362236e+00
6.684999999999999831e-01,1.662273753625862049e+00
6.682000000000000162e-01,1.596440347466287824e+00
6.674999999999999822e-01,1.444810705202789869e+00
6.672000000000000153e-01,1.283447391137214622e+00
6.664999999999999813e-01,1.207322056558336243e+00
6.662000000000000144e-01,1.113946453542083326e+00
6.654999999999999805e-01,1.151136688807181896e+00
6.652000000000000135e-01,1.396720350119113219e+00
6.644999999999999796e-01,1.650063820758983502e+00
6.642000000000000126e-01,1.711482334925667148e+00
6.634999999999999787e-01,1.673766406348397684e+00
6.632000000000000117e-01,1.536196208707556465e+00
6.627999999999999448e-01,1.354493536563214029e+00
6.621000000000000218e-01,1.183849482245449058e+00
6.618000000000000549e-01,1.022036436415119764e+00
6.614999999999999769e-01,8.793541825664886735e-01
6.608000000000000540e-01,8.071304485416427310e-01
6.604999999999999760e-01,8.901136349777523105e-01
6.598000000000000531e-01,9.150512631038529854e-01
6.594999999999999751e-01,1.017419328867034567e+00
6.588000000000000522e-01,1.146810040544210096e+00
6.584999999999999742e-01,1.190137415892148054e+00
6.582000000000000073e-01,1.036481073422501398e+00
6.574999999999999734e-01,9.192703556134933507e-01
6.572000000000000064e-01,8.186034878110514112e-01
6.568000000000000504e-01,8.952390191460396496e-01
6.562000000000000055e-01,1.137738981596752907e+00
6.559000000000000385e-01,1.278548179608450353e+00
6.549000000000000377e-01,1.394315312061465306e+00
6.545999999999999597e-01,1.387017263887991181e+00
6.539000000000000368e-01,1.313247713140902162e+00
6.535999999999999588e-01,1.099768753455311998e+00
6.530000000000000249e-01,1.105948419204681121e+00
6.525999999999999579e-01,9.803174309260714869e-01
6.520000000000000240e-01,1.062304145669945799e+00
6.516999999999999460e-01,1.096867980482870708e+00
6.510000000000000231e-01,1.199798110756763458e+00
6.506999999999999451e-01,1.134064849159879262e+00
6.502999999999999892e-01,1.319940363694307672e+00
6.495999999999999552e-01,1.341759511606479105e+00
6.492999999999999883e-01,1.366553598501538680e+00
6.490000000000000213e-01,1.243666470475330632e+00
6.482999999999999874e-01,1.224374170159491015e+00
6.480000000000000204e-01,1.133215401507643882e+00
6.477000000000000535e-01,1.142711552619851245e+00
6.470000000000000195e-01,1.115427442327306284e+00
6.467000000000000526e-01,1.256479741022077379e+00
6.461000000000000076e-01,1.354403303181609619e+00
6.457000000000000517e-01,1.413109378807773542e+00
6.453999999999999737e-01,1.421055202290985253e+00
6.448000000000000398e-01,1.548300790700928298e+00
6.443999999999999728e-01,1.561275284504863192e+00
6.438000000000000389e-01,1.534588029385121066e+00
6.434999999999999609e-01,1.590911294073473314e+00
6.429000000000000270e-01,1.714372398881696569e+00
6.424999999999999600e-01,1.628756235144833475e+00
6.421999999999999931e-01,1.608669703609256985e+00
6.414999999999999591e-01,1.574171951468908093e+00
6.411999999999999922e-01,1.402750007147481881e+00
6.409000000000000252e-01,1.330575756616049876e+00
6.401999999999999913e-01,1.360884215066428649e+00
6.399000000000000243e-01,1.374457931929357279e+00
6.391999999999999904e-01,1.337936007667563265e+00
6.390000000000000124e-01,1.511340806478540966e+00
6.385999999999999455e-01,1.565810399928352359e+00
6.380000000000000115e-01,1.484771496709129668e+00
6.377000000000000446e-01,1.464642757661423600e+00
6.370999999999999996e-01,1.497458465775968195e+00
6.368000000000000327e-01,1.304613070532340879e+00
6.364999999999999547e-01,1.243818021377692151e+00
6.358000000000000318e-01,1.352461114636012596e+00
6.354999999999999538e-01,1.328827535058318965e+00
6.351999999999999869e-01,1.314754933934595860e+00
6.344999999999999529e-01,1.365118127974766393e+00
6.341999999999999860e-01,1.403932510707483372e+00
6.339000000000000190e-01,1.504810472265001087e+00
6.332999999999999741e-01,1.686125875420348086e+00
6.329000000000000181e-01,1.858658819621217262e+00
6.322999999999999732e-01,1.917730607570726553e+00
6.320000000000000062e-01,1.703290281194038247e+00
6.313999999999999613e-01,1.360294719846737443e+00
6.310999999999999943e-01,1.046163019980056896e+00
6.308000000000000274e-01,7.661666475587084468e-01
6.304999999999999494e-01,6.771229632804949272e-01
6.299000000000000155e-01,8.505751238138290482e-01
6.296000000000000485e-01,1.087917023309425524e+00
6.290000000000000036e-01,1.301392651202452289e+00
6.286000000000000476e-01,1.479020154147763222e+00
6.280000000000000027e-01,1.605085380925850069e+00
6.277000000000000357e-01,1.564024441205319471e+00
6.270999999999999908e-01,1.604180614051915255e+00
6.268000000000000238e-01,1.619548687491674022e+00
6.264999999999999458e-01,1.464862059206775591e+00
6.259000000000000119e-01,1.227320661655460832e+00
6.256000000000000449e-01,1.075979673065196707e+00
6.252999999999999670e-01,8.578136867354443362e-01
6.247000000000000330e-01,5.908769686434898194e-01
6.243999999999999551e-01,5.168838230899114317e-01
6.238000000000000211e-01,5.572313041830173619e-01
6.235000000000000542e-01,6.610085209421194818e-01
6.231999999999999762e-01,6.941678453762810674e-01
6.226000000000000423e-01,8.320708706115695907e-01
6.222999999999999643e-01,8.814702866708890028e-01
6.216000000000000414e-01,9.845749095144544771e-01
6.212999999999999634e-01,9.933270011745070072e-01
6.207000000000000295e-01,1.052838791462929358e+00
6.200999999999999845e-01,1.088453844117023284e+00
6.198000000000000176e-01,1.227182410340759144e+00
6.195000000000000506e-01,1.377145678818411101e+00
6.189000000000000057e-01,1.495897115272894595e+00
6.186000000000000387e-01,1.577618111929515177e+00
6.182999999999999607e-01,1.687576567602957489e+00
6.177000000000000268e-01,1.723709924946808858e+00
6.173999999999999488e-01,1.607311547647579664e+00
6.170999999999999819e-01,1.595576620171993421e+00
6.165000000000000480e-01,1.560383159157170185e+00
6.161999999999999700e-01,1.519093007005625218e+00
6.159000000000000030e-01,1.425030724864974729e+00
6.152999999999999581e-01,1.384589109205275337e+00
6.149999999999999911e-01,1.184920376638607387e+00
6.143999999999999462e-01,9.912651814393633742e-01
6.140999999999999792e-01,8.505868738748681990e-01
6.138000000000000123e-01,8.683778031784264995e-01
6.131999999999999673e-01,9.907431467246515799e-01
6.129000000000000004e-01,1.144633636244822839e+00
6.125000000000000444e-01,1.346064631990782745e+00
6.119999999999999885e-01,1.371177896601454060e+00
6.116000000000000325e-01,1.473785654594243821e+00
6.109999999999999876e-01,1.437559623308211298e+00
6.107000000000000206e-01,1.398536329740888373e+00
6.101999999999999647e-01,1.333378240441049467e+00
6.098000000000000087e-01,1.395096404506463994e+00
6.095000000000000417e-01,1.334611086776099631e+00
6.088999999999999968e-01,1.185964131549164247e+00
6.086000000000000298e-01,1.108761516240169387e+00
6.082999999999999519e-01,1.088892523477325902e+00
6.077000000000000179e-01,8.851205350549951056e-01
6.074000000000000510e-01,8.770997308000270110e-01
6.070999999999999730e-01,9.340810072817808951e-01
6.065000000000000391e-01,8.103878476456829461e-01
6.061999999999999611e-01,6.660005770167285455e-01
6.058999999999999941e-01,7.552535495348078332e-01
6.052999999999999492e-01,7.583293155830430621e-01
6.047000000000000153e-01,8.517186902781410662e-01
6.044000000000000483e-01,1.066586621773662591e+00
6.040999999999999703e-01,1.039934094412670484e+00
6.035000000000000364e-01,9.885018472843299930e-01
6.031999999999999584e-01,9.734919779157830133e-01
6.028999999999999915e-01,8.716944205706240734e-01
6.022999999999999465e-01,8.569279862567130701e-01
6.019999999999999796e-01,9.807662425338650181e-01
6.017000000000000126e-01,1.048673286896105061e+00
6.014000000000000457e-01,1.136116548071280263e+00
6.008000000000000007e-01,1.222058549043645304e+00
6.005000000000000338e-01,1.252498452473027157e+00
6.000999999999999668e-01,1.368027918385216202e+00
5.995000000000000329e-01,1.410902439152915688e+00
5.991999999999999549e-01,1.328022224977726040e+00
5.985000000000000320e-01,1.196182324684301745e+00
5.981999999999999540e-01,1.130692429373856278e+00
5.978999999999999870e-01,1.140014098663619579e+00
5.971999999999999531e-01,1.214674568366079344e+00
5.968999999999999861e-01,1.270763294150625722e+00
5.963000000000000522e-01,1.376208804976002620e+00
5.958999999999999853e-01,1.469923732333278998e+00
5.956000000000000183e-01,1.499463496350363911e+00
5.948999999999999844e-01,1.538270670102839910e+00
5.946000000000000174e-01,1.525099975693544829e+00
5.943000000000000504e-01,1.627067364885399714e+00
5.936000000000000165e-01,1.607857074018897103e+00
5.933000000000000496e-01,1.521031595404433112e+00
5.926000000000000156e-01,1.450004431042055675e+00
5.923000000000000487e-01,1.400759111706116000e+00
5.918999999999999817e-01,1.265106137321051039e+00
5.911999999999999478e-01,1.174321071636876379e+00
5.908999999999999808e-01,1.268648177223495432e+00
5.901999999999999469e-01,1.222398457856400000e+00
5.898999999999999799e-01,1.114757288808051472e+00
5.895000000000000240e-01,1.048513395472824739e+00
5.887999999999999901e-01,1.126844476663283690e+00
5.885000000000000231e-01,8.962375906301962569e-01
5.880999999999999561e-01,8.820186249087167418e-01
5.875000000000000222e-01,9.825739966576659823e-01
5.870999999999999552e-01,1.154226858908729225e+00
5.867999999999999883e-01,1.106504194077216230e+00
5.860999999999999543e-01,1.123007310151029170e+00
5.856999999999999984e-01,1.010957958029737425e+00
5.853000000000000425e-01,1.004872545200200973e+00
5.846000000000000085e-01,8.799605168371310571e-01
5.842000000000000526e-01,9.009672351500568332e-01
5.838999999999999746e-01,1.166979725088870934e+00
5.830999999999999517e-01,1.395818543210309848e+00
5.827999999999999847e-01,1.471772678699083015e+00
5.824000000000000288e-01,1.541646125407773571e+00
5.816000000000000059e-01,1.583086983258800595e+00
5.813000000000000389e-01,1.394632540942918109e+00
5.808999999999999719e-01,1.207400365533142450e+00
5.802000000000000490e-01,1.123634481817505915e+00
5.797999999999999821e-01,1.114345354703625945e+00
5.789999999999999591e-01,1.055131109938071798e+00
5.786000000000000032e-01,1.111060009513682445e+00
5.782000000000000473e-01,1.164321294820088060e+00
5.774000000000000243e-01,1.105946995305502334e+00
5.769999999999999574e-01,1.005053323637927098e+00
5.766000000000000014e-01,9.109449473746942250e-01
5.757999999999999785e-01,8.116516284275817616e-01
5.754000000000000226e-01,8.454624272854101008e-01
5.749999999999999556e-01,9.733121472665793306e-01
5.745999999999999996e-01,1.173097754626556855e+00
5.737999999999999767e-01,1.272084559046890773e+00
5.734000000000000208e-01,1.151130352643438215e+00
5.725999999999999979e-01,1.084820096054057936e+00
5.721000000000000529e-01,9.697641167558805897e-01
5.716999999999999860e-01,7.997063394355147237e-01
5.708999999999999631e-01,9.115841441505385667e-01
5.704000000000000181e-01,1.193603042943280235e+00
5.699999999999999512e-01,1.378187150590970633e+00
5.691000000000000503e-01,1.514051510750021867e+00
5.686999999999999833e-01,1.536779844021956665e+00
5.682000000000000384e-01,1.300835367242313856e+00
5.674000000000000155e-01,1.104060984169492388e+00
5.668999999999999595e-01,1.000513234195271384e+00
5.665000000000000036e-01,8.571227092487709864e-01
5.655999999999999917e-01,7.262440885706319404e-01
5.652000000000000357e-01,8.577853070702986527e-01
5.643000000000000238e-01,9.131157588626895860e-01
5.637999999999999678e-01,8.965053908950603168e-01
5.634000000000000119e-01,9.737470066141896696e-01
5.625000000000000000e-01,1.225625283867717297e+00
5.620000000000000551e-01,1.227486461539561757e+00
5.611000000000000432e-01,1.391829860906896421e+00
5.605999999999999872e-01,1.508212141056695987e+00
5.596999999999999753e-01,1.501532525405885776e+00
5.592000000000000304e-01,1.264638479197222276e+00
5.583000000000000185e-01,1.177250876600487661e+00
5.577999999999999625e-01,1.068661283158453212e+00
5.567999999999999616e-01,1.027973990984380803e+00
5.563000000000000167e-01,1.085644610432749735e+00
5.557999999999999607e-01,1.317991992578512406e+00
5.548999999999999488e-01,1.507541780645686336e+00
5.544000000000000039e-01,1.660212632438656355e+00
5.538999999999999480e-01,1.679741925443265949e+00
5.528999999999999471e-01,1.701681798449957261e+00
5.524000000000000021e-01,1.674285787972528361e+00
5.510000000000000453e-01,1.594397571191650487e+00
5.500000000000000444e-01,1.578601385859824457e+00
5.494999999999999885e-01,1.492461312019054853e+00
5.490000000000000435e-01,1.417527948044670305e+00
5.480000000000000426e-01,1.338964898942840875e+00
5.474999999999999867e-01,1.305773333035470829e+00
5.463999999999999968e-01,1.167940381125657678e+00
5.460000000000000409e-01,1.195324853863483971e+00
5.454999999999999849e-01,1.150665500776074213e+00
5.444999999999999840e-01,1.116912383045628454e+00
5.440000000000000391e-01,1.166407721411295784e+00
5.434999999999999831e-01,1.170255312756508514e+00
5.431000000000000272e-01,1.023305752243862221e+00
5.430000000000000382e-01,9.240936236689918371e-01
5.427999999999999492e-01,9.166688205182678129e-01
5.426999999999999602e-01,9.172825727515203642e-01
5.425999999999999712e-01,7.785596002370565039e-01
5.424999999999999822e-01,6.687393036572875094e-01
5.423999999999999932e-01,7.933969649615923991e-01
5.422000000000000153e-01,8.412559975785471877e-01
5.421000000000000263e-01,8.336253936247440821e-01
5.420000000000000373e-01,9.061243140077155367e-01
5.419000000000000483e-01,1.098906931097619388e+00
5.416999999999999593e-01,1.170602566897970043e+00
5.413999999999999924e-01,1.131817211662575318e+00
5.412000000000000144e-01,1.019001317831759845e+00
5.411000000000000254e-01,1.092674575928931802e+00
5.410000000000000364e-01,1.064308851927795674e+00
5.409000000000000474e-01,8.764701951182178874e-01
5.404999999999999805e-01,8.157428140641037606e-01
5.403999999999999915e-01,8.433033958695584920e-01
5.401000000000000245e-01,7.729566759450269275e-01
5.400000000000000355e-01,6.885035012956126632e-01
5.399000000000000465e-01,8.959740515043606024e-01
5.394999999999999796e-01,9.616826054831533188e-01
5.392000000000000126e-01,1.023847060097294648e+00
5.389000000000000457e-01,9.873171629086290313e-01
5.387999999999999456e-01,1.174391035580302001e+00
5.384999999999999787e-01,1.064409868941802673e+00
5.383999999999999897e-01,9.639408095613120064e-01
5.382000000000000117e-01,8.205405000266240423e-01
5.379000000000000448e-01,8.881531471908185038e-01
5.377999999999999448e-01,6.833983122276612310e-01
5.374999999999999778e-01,7.252661907399460262e-01
5.369000000000000439e-01,8.041523130855642298e-01
5.366999999999999549e-01,9.736361712330563467e-01
5.363999999999999879e-01,9.584971780766818883e-01
5.362999999999999989e-01,1.172722864905000328e+00
5.361000000000000210e-01,1.137114049515534742e+00
5.359000000000000430e-01,1.109564275511149001e+00
5.354999999999999760e-01,1.146626538646327687e+00
5.353999999999999870e-01,1.148629992121807497e+00
5.351000000000000201e-01,1.130318182326873089e+00
5.349000000000000421e-01,1.011654721918219479e+00
5.343999999999999861e-01,1.077164081885401359e+00
5.342999999999999972e-01,8.887705284267490846e-01
5.339000000000000412e-01,8.463018876114867250e-01
5.338000000000000522e-01,8.314336412394881526e-01
5.334999999999999742e-01,9.766433411575581314e-01
5.333999999999999853e-01,9.521665190185971683e-01
5.330000000000000293e-01,1.094339235492669316e+00
5.329000000000000403e-01,1.218517562266117737e+00
5.325999999999999623e-01,1.250257364895524637e+00
5.323999999999999844e-01,1.202979406028049647e+00
5.321000000000000174e-01,1.250492671283410573e+00
5.319000000000000394e-01,1.267471177649947878e+00
5.316999999999999504e-01,1.265613172573036183e+00
5.310000000000000275e-01,1.187198741883915831e+00
5.306999999999999496e-01,1.151479142560479563e+00
5.304999999999999716e-01,1.180047956651163688e+00
5.302999999999999936e-01,8.765580309461930009e-01
5.302000000000000046e-01,8.527933643902178007e-01
5.300000000000000266e-01,9.203104701950397537e-01
5.298000000000000487e-01,9.406954851451593269e-01
5.292000000000000037e-01,9.239605577063183528e-01
5.290000000000000258e-01,1.186546304434796806e+00
5.289000000000000368e-01,1.065014418338938507e+00
5.284999999999999698e-01,1.156564728592920810e+00
5.283999999999999808e-01,1.133753410605224499e+00
5.275999999999999579e-01,1.137352175687193379e+00
5.274999999999999689e-01,9.614382054726287041e-01
5.271000000000000130e-01,1.077245302456586007e+00
5.270000000000000240e-01,9.231680665562105315e-01
5.266999999999999460e-01,9.868984014242211389e-01
5.265999999999999570e-01,9.759382633098625526e-01
5.259000000000000341e-01,1.199835478464961858e+00
5.256999999999999451e-01,1.221997679540383963e+00
5.252999999999999892e-01,1.260243486294514437e+00
5.252000000000000002e-01,1.259645787977038855e+00
5.248000000000000442e-01,1.195267225156827040e+00
5.243999999999999773e-01,1.117789622408415839e+00
5.239000000000000323e-01,1.198750974138401926e+00
5.238000000000000433e-01,1.124000407173994187e+00
5.234999999999999654e-01,1.096571749075463176e+00
5.233999999999999764e-01,1.194118839211656846e+00
5.229000000000000314e-01,1.239158061717730464e+00
5.225999999999999535e-01,1.124511741097699691e+00
5.221000000000000085e-01,1.213050177012132691e+00
5.220000000000000195e-01,1.072184451366281488e+00
5.217000000000000526e-01,1.077470235614722549e+00
5.215999999999999526e-01,9.445901042663598091e-01
5.211999999999999966e-01,8.570681965580466688e-01
5.207000000000000517e-01,9.233850556113675223e-01
5.202999999999999847e-01,1.024148013171201965e+00
5.199000000000000288e-01,1.050479757140161174e+00
5.194999999999999618e-01,1.288942865370150903e+00
5.192999999999999838e-01,1.388791214461241541e+00
5.185999999999999499e-01,1.360072721831025122e+00
5.181999999999999940e-01,1.390583779159260347e+00
5.178000000000000380e-01,1.345821123041055278e+00
5.173999999999999710e-01,1.192830295138622487e+00
5.170000000000000151e-01,1.157490708339156127e+00
5.169000000000000261e-01,9.621538348138095609e-01
5.164999999999999591e-01,8.802729139090192945e-01
5.161999999999999922e-01,9.450649957936253509e-01
5.158000000000000362e-01,1.033559162152571487e+00
5.153999999999999693e-01,1.096054972192475718e+00
5.150000000000000133e-01,1.209626778110269862e+00
5.148000000000000353e-01,1.424311175603669932e+00
5.147000000000000464e-01,1.303442197301925010e+00
5.142999999999999794e-01,1.283981208210073222e+00
5.135999999999999455e-01,1.309689142521418326e+00
5.134999999999999565e-01,1.434831208123477753e+00
5.132999999999999785e-01,1.300180448936434585e+00
5.131999999999999895e-01,1.403094276427145681e+00
5.131000000000000005e-01,1.451568182620375680e+00
5.129000000000000226e-01,1.450872224050322457e+00
5.123999999999999666e-01,1.495694114581136880e+00
5.121999999999999886e-01,1.592567010245196535e+00
5.120999999999999996e-01,1.610099982172676913e+00
5.119000000000000217e-01,1.516121561207168122e+00
5.117000000000000437e-01,1.593622389460605637e+00
5.116000000000000547e-01,1.433183521531346871e+00
5.114999999999999547e-01,1.409826866148296665e+00
5.110999999999999988e-01,1.419145316656047040e+00
5.109000000000000208e-01,1.383974491087685665e+00
5.107000000000000428e-01,1.348707811865196060e+00
5.106000000000000538e-01,1.331674548913771794e+00
5.102999999999999758e-01,1.415035560102242629e+00
5.100999999999999979e-01,1.345822901490508983e+00
5.098000000000000309e-01,1.467554215097222281e+00
5.096000000000000529e-01,1.462300538320089549e+00
5.094999999999999529e-01,1.501993911981053254e+00
5.091999999999999860e-01,1.296546531746748165e+00
5.090000000000000080e-01,1.273717193202928311e+00
5.087000000000000410e-01,1.110530462089505788e+00
5.083999999999999631e-01,9.780874620543469344e-01
5.081999999999999851e-01,9.695774461684295575e-01
5.080999999999999961e-01,9.714082540208252015e-01
5.079000000000000181e-01,9.330729519054815624e-01
5.076000000000000512e-01,9.414462522440523173e-01
5.073999999999999622e-01,8.198488959208771742e-01
5.071999999999999842e-01,7.374664998677661343e-01
5.070000000000000062e-01,7.850525607984957244e-01
5.067000000000000393e-01,6.224769581758115011e-01
5.066000000000000503e-01,7.239703669322666846e-01
5.064999999999999503e-01,7.758910998439515483e-01
5.063999999999999613e-01,7.600131781212732252e-01
5.061999999999999833e-01,9.470998655997617810e-01
5.060000000000000053e-01,1.087828601536739548e+00
5.059000000000000163e-01,1.094571315456470684e+00
5.058000000000000274e-01,1.122017415999603918e+00
5.057000000000000384e-01,1.136443471703189489e+00
5.054999999999999494e-01,9.867804721900955700e-01
5.053999999999999604e-01,1.003108344624714876e+00
5.052999999999999714e-01,1.011275075691164149e+00
5.051999999999999824e-01,1.073345853005907014e+00
5.050999999999999934e-01,1.131651283325469715e+00
5.050000000000000044e-01,1.136244826998892732e+00
5.049000000000000155e-01,1.035412722603700431e+00
5.048000000000000265e-01,9.248661772383749424e-01
5.047000000000000375e-01,1.018997539558334386e+00
5.046000000000000485e-01,1.072519817144311549e+00
5.044999999999999485e-01,1.074877922311789691e+00
5.043999999999999595e-01,1.185701747096566061e+00
5.041999999999999815e-01,1.204323005163585147e+00
5.040999999999999925e-01,1.121722436411669355e+00
5.040000000000000036e-01,1.077171136279969854e+00
5.030000000000000027e-01,9.429732940947724851e-01
5.012999999999999678e-01,9.417936633225424403e-01
4.995999999999999885e-01,8.511140892807339542e-01
4.963000000000000189e-01,8.339304246146941324e-01
4.944999999999999951e-01,9.409925203911987390e-01
4.928000000000000158e-01,1.011010839872747313e+00
4.892000000000000237e-01,1.073938363703426768e+00
4.873000000000000109e-01,1.143236907244042699e+00
4.853999999999999981e-01,9.816852915869953566e-01
4.813000000000000056e-01,7.702180773969200533e-01
4.792000000000000148e-01,7.084727646357313890e-01
4.769999999999999796e-01,6.108381769506266989e-01
4.724999999999999756e-01,6.621128917443791506e-01
4.702000000000000068e-01,7.785377800921273739e-01
4.653999999999999804e-01,8.767285172228082013e-01
4.631000000000000116e-01,1.006430981244756495e+00
4.583999999999999742e-01,1.087310654033744939e+00
4.560000000000000164e-01,1.158665447929937642e+00
4.536000000000000032e-01,1.210114743803811788e+00
4.489000000000000212e-01,1.154849980592115744e+00
4.440999999999999948e-01,1.173480365029089700e+00
4.416999999999999815e-01,1.146807920221698973e+00
4.390999999999999903e-01,1.066756634040058493e+00
4.364999999999999991e-01,1.107807912270495798e+00
4.310999999999999832e-01,1.190182091545983978e+00
4.280999999999999805e-01,1.166248162329389437e+00
4.249999999999999889e-01,1.070736737076175338e+00
4.183000000000000052e-01,9.849334635424374929e-01
4.147000000000000131e-01,8.177997538865235949e-01
4.107000000000000095e-01,6.827915391669890921e-01
4.018999999999999795e-01,5.864081257100048905e-01
3.970000000000000195e-01,5.805807963988902642e-01
3.917999999999999816e-01,5.650803273176460140e-01
3.805999999999999939e-01,6.721782914530064490e-01
3.745999999999999885e-01,7.623722240234117598e-01
3.684000000000000052e-01,7.769249950798778892e-01
3.558000000000000052e-01,8.724632385625954445e-01
3.496000000000000218e-01,1.008255540903739922e+00
3.435000000000000275e-01,1.025797233530911790e+00
3.325000000000000178e-01,8.928415759350185610e-01
3.277999999999999803e-01,9.399694856125369036e-01
3.200999999999999956e-01,8.419011486747884909e-01
3.170999999999999930e-01,7.757128518851801324e-01
3.130000000000000004e-01,7.332844465392923672e-01
3.116999999999999771e-01,9.126941757303490554e-01
3.099999999999999978e-01,9.862961505470100310e-01
3.094999999999999973e-01,1.127966245284203861e+00
3.090999999999999859e-01,1.141947912485291372e+00
3.088000000000000189e-01,1.135707866206257410e+00
3.084999999999999964e-01,1.218209106650059992e+00
3.083000000000000185e-01,1.266138779736558195e+00
3.081999999999999740e-01,1.306955272511291621e+00
3.079999999999999960e-01,1.383468046816747066e+00
3.079000000000000070e-01,1.451539959260702117e+00
3.076999999999999735e-01,1.378174333979765187e+00
3.075999999999999845e-01,1.198299349870922015e+00
3.074000000000000066e-01,1.127018880516658328e+00
3.073000000000000176e-01,1.051366395502743245e+00
3.071999999999999731e-01,9.995329760068786262e-01
3.070999999999999841e-01,9.261499921215526898e-01
3.069999999999999951e-01,9.596308662749782892e-01
3.069000000000000061e-01,8.821735785046694867e-01
3.068000000000000171e-01,8.814994187764448874e-01
3.066999999999999726e-01,8.599815779253976444e-01
3.065999999999999837e-01,8.720406652022988370e-01
3.064999999999999947e-01,9.224865029480983081e-01
3.064000000000000057e-01,9.447106520360514237e-01
3.063000000000000167e-01,9.210327080624424179e-01
3.062000000000000277e-01,1.056800654308624798e+00
3.060999999999999832e-01,9.760056574677037355e-01
3.059999999999999942e-01,8.506464507805274744e-01
3.059000000000000052e-01,8.906396222269162832e-01
3.058000000000000163e-01,9.937978848036533863e-01
3.057000000000000273e-01,9.604973904602486234e-01
3.055999999999999828e-01,1.145360523696244082e+00
3.054999999999999938e-01,1.341095988249907833e+00
3.054000000000000048e-01,1.358956175719168158e+00
3.053000000000000158e-01,1.352995842093798418e+00
3.052000000000000268e-01,1.239574194503668680e+00
3.050999999999999823e-01,1.003761260201649019e+00
3.049999999999999933e-01,8.040864961427178770e-01
3.049000000000000044e-01,7.903297616585446272e-01
3.048000000000000154e-01,8.194422609338666286e-01
3.047000000000000264e-01,8.558057733339032858e-01
3.045999999999999819e-01,9.437619901602259942e-01
3.044999999999999929e-01,1.078022920652762062e+00
3.044000000000000039e-01,1.282279181608649177e+00
3.043000000000000149e-01,1.463676068424171417e+00
3.042000000000000259e-01,1.544209968768212704e+00
3.040999999999999814e-01,1.500130542687362567e+00
3.039999999999999925e-01,1.446948430737955649e+00
3.039000000000000035e-01,1.173696732988411373e+00
3.038000000000000145e-01,8.909060816094521718e-01
3.037000000000000255e-01,9.746962254689877092e-01
3.035999999999999810e-01,1.154197630174316425e+00
3.034999999999999920e-01,1.220618849154938790e+00
3.034000000000000030e-01,1.372791257943130283e+00
3.033000000000000140e-01,1.504975975522163445e+00
3.032000000000000250e-01,1.499408098567583725e+00
3.030999999999999805e-01,1.563637296386590325e+00
3.029999999999999916e-01,1.580174983618872320e+00
3.029000000000000026e-01,1.383638236203185157e+00
3.028000000000000136e-01,1.333165213218273637e+00
3.027000000000000246e-01,1.120965793336469174e+00
3.025999999999999801e-01,9.503627156495688677e-01
3.024999999999999911e-01,7.779689435199327319e-01
3.024000000000000021e-01,9.737906110324906495e-01
3.023000000000000131e-01,9.306815708142509580e-01
3.022000000000000242e-01,9.897617304004991956e-01
3.020999999999999797e-01,1.165965271333743392e+00
3.019999999999999907e-01,1.346878814720208872e+00
3.019000000000000017e-01,1.145437203509602320e+00
3.018000000000000127e-01,1.003045979626254303e+00
3.017000000000000237e-01,1.030182600181275498e+00
3.015999999999999792e-01,8.541722911557803055e-01
3.014999999999999902e-01,7.703745253805073245e-01
3.014000000000000012e-01,9.269560376614413011e-01
3.013000000000000123e-01,1.054387776554307266e+00
3.012000000000000233e-01,1.003967833040978030e+00
3.010999999999999788e-01,9.394117698520790816e-01
3.009999999999999898e-01,9.991102493533878803e-01
3.009000000000000008e-01,8.463191520455184413e-01
3.008000000000000118e-01,9.003525846963591484e-01
3.007000000000000228e-01,8.806127908642883417e-01
3.005999999999999783e-01,9.161908578797680613e-01
3.004999999999999893e-01,1.066372425848486127e+00
3.004000000000000004e-01,1.210408356609946168e+00
3.003000000000000114e-01,1.167038435932119089e+00
3.002000000000000224e-01,1.026702418730086164e+00
3.000999999999999779e-01,1.061458916644802963e+00
2.999999999999999889e-01,8.558274056762182891e-01
2.998999999999999999e-01,7.794719418450190007e-01
2.998000000000000109e-01,6.980460008480793288e-01
