# T (K), alpha_33 (Neper/m)
3.083000000000000185e-01,0.000000000000000000e+00
3.084000000000000075e-01,-3.219211478835859452e-02
3.084999999999999964e-01,-2.080121065757793986e-01
3.085999999999999854e-01,-3.379951666727265547e-01
3.086999999999999744e-01,2.247323559458891395e-01
3.088000000000000189e-01,2.915169292652990407e-01
3.089000000000000079e-01,4.102530006321103428e-01
3.089999999999999969e-01,3.059785218474644353e-01
3.090999999999999859e-01,2.430389135508903564e-01
3.091999999999999749e-01,5.165930843893420388e-01
3.093000000000000194e-01,6.988820324677362805e-01
3.094000000000000083e-01,1.101976884048553984e+00
3.094999999999999973e-01,1.041932431208806520e+00
3.095999999999999863e-01,9.856771074362313811e-01
3.096999999999999753e-01,1.334375173219541466e+00
3.098000000000000198e-01,1.195217105401980007e+00
3.099000000000000088e-01,1.409457786375924115e+00
3.099999999999999978e-01,1.205275100553990342e+00
3.100999999999999868e-01,1.056933446452376302e+00
3.101999999999999758e-01,1.138428845152702706e+00
3.103000000000000203e-01,1.343178283778797777e+00
3.104000000000000092e-01,1.398357266873063054e+00
3.104999999999999982e-01,1.473800275614394195e+00
3.105999999999999872e-01,1.187908360441724653e+00
3.106999999999999762e-01,1.066819542414123134e+00
3.108000000000000207e-01,7.997309149482134671e-01
3.109000000000000097e-01,6.394561681363484240e-01
3.109999999999999987e-01,6.670455669604962168e-01
3.110999999999999877e-01,7.445218290658885962e-01
3.111999999999999766e-01,5.159990137929071352e-01
3.113000000000000211e-01,4.816261014370866178e-01
3.114000000000000101e-01,6.795674970924210356e-01
3.114999999999999991e-01,6.731207333320980979e-01
3.115999999999999881e-01,6.493915648388792761e-01
3.116999999999999771e-01,4.720220164251713868e-01
3.118000000000000216e-01,4.871796438810633845e-01
3.119000000000000106e-01,2.846128279584263510e-01
3.119999999999999996e-01,2.377327635990695853e-01
3.120999999999999885e-01,1.661680587994851521e-01
3.121999999999999775e-01,6.222437034148242674e-02
3.124000000000000110e-01,1.286640589232774801e-01
3.125000000000000000e-01,5.296842574284710281e-02
3.125999999999999890e-01,1.291662067246761580e-01
3.126999999999999780e-01,8.210969495848985389e-03
3.128000000000000225e-01,-2.179707018976841937e-01
3.129000000000000115e-01,-4.526071099876389781e-01
3.130000000000000004e-01,-5.014784024642722216e-01
3.130999999999999894e-01,-3.523134185970775434e-01
3.133000000000000229e-01,7.202151061528638820e-02
3.134000000000000119e-01,4.406728586830013228e-01
3.135000000000000009e-01,5.061827527517834824e-01
3.135999999999999899e-01,7.173240683073345281e-01
3.136999999999999789e-01,3.614280956840048020e-01
3.138000000000000234e-01,3.992726988342383265e-01
3.140000000000000013e-01,5.755824220764225174e-01
3.140999999999999903e-01,4.185985263263773959e-01
3.141999999999999793e-01,2.057996724579425063e-02
3.143000000000000238e-01,-5.663439965837824275e-02
3.144000000000000128e-01,1.889333854023789172e-01
3.145000000000000018e-01,4.340655845289802528e-01
3.145999999999999908e-01,4.475274685441945621e-01
3.146999999999999797e-01,2.706287198225254542e-01
3.148000000000000242e-01,3.260542406726472109e-01
3.149000000000000132e-01,2.193693772717324464e-01
3.150999999999999912e-01,4.838413198444868613e-02
3.151999999999999802e-01,-2.027001365422620438e-02
3.153000000000000247e-01,-8.751504541578469798e-03
3.154000000000000137e-01,-1.171325888244609814e-01
3.155000000000000027e-01,2.387677300764607935e-01
3.155999999999999917e-01,2.556953168675590859e-01
3.156999999999999806e-01,5.090137025442800223e-01
3.158000000000000251e-01,2.498903592277201824e-01
3.159000000000000141e-01,3.106044932719669305e-01
3.160000000000000031e-01,-1.857619753075141489e-01
3.160999999999999921e-01,8.094771395690258942e-03
3.161999999999999811e-01,-2.139527781916967797e-01
3.163000000000000256e-01,-3.308920210604355816e-01
3.164000000000000146e-01,-1.587391013154046959e-01
3.165999999999999925e-01,-3.386355718437243922e-01
3.166999999999999815e-01,-7.037222093183572724e-01
3.169000000000000150e-01,-5.487688673838420073e-01
3.170000000000000040e-01,-3.572074892747423291e-01
3.170999999999999930e-01,-2.048837487961918669e-01
3.171999999999999820e-01,-2.984111747405222559e-01
3.174000000000000155e-01,-7.290234737974969903e-01
3.175000000000000044e-01,-1.038815055834447776e+00
3.175999999999999934e-01,-8.065898753879992000e-01
3.178000000000000269e-01,-1.035139763279858016e+00
3.179000000000000159e-01,-7.720098444206087152e-01
3.180000000000000049e-01,-6.761953774005178275e-01
3.180999999999999939e-01,-5.461379691391812230e-01
3.183000000000000274e-01,-5.914638679814743227e-01
3.184000000000000163e-01,-3.244246570279756270e-01
3.185000000000000053e-01,-3.853653207925162860e-01
3.186999999999999833e-01,-3.314896396971107606e-01
3.187999999999999723e-01,-4.378420574209940241e-01
3.189000000000000168e-01,-4.698435103769043053e-01
3.190999999999999948e-01,-7.757233706363422243e-01
3.191999999999999837e-01,-5.740127620547355036e-01
3.192999999999999727e-01,-5.355643399459495413e-01
3.194000000000000172e-01,-1.324733497415309103e-01
3.195999999999999952e-01,-3.534371043499504594e-01
3.197999999999999732e-01,-8.761736296264643897e-02
3.199000000000000177e-01,4.952893438955925376e-01
3.200000000000000067e-01,8.223204718992747075e-01
3.200999999999999956e-01,6.655776925508689601e-01
3.202999999999999736e-01,8.828646683700753783e-01
3.204000000000000181e-01,1.150690532144835743e+00
3.205000000000000071e-01,1.261271110390907779e+00
3.205999999999999961e-01,1.298108744465025666e+00
3.209000000000000186e-01,1.489597864906272662e+00
3.210000000000000075e-01,1.354859460306670371e+00
3.210999999999999965e-01,1.526390846162939852e+00
3.211999999999999855e-01,1.165360267646292414e+00
3.215000000000000080e-01,1.102178801721493073e+00
3.215999999999999970e-01,1.167573444795152682e+00
3.216999999999999860e-01,1.369689882876855336e+00
3.219000000000000195e-01,1.226446168624988786e+00
3.220000000000000084e-01,1.376722349582450988e+00
3.221999999999999864e-01,1.308577550018299007e+00
3.222999999999999754e-01,1.526561736889107124e+00
3.224000000000000199e-01,1.863942767711932902e+00
3.226999999999999869e-01,2.393434407850463685e+00
3.227999999999999758e-01,2.442476080459073273e+00
3.229000000000000203e-01,2.276086204459033979e+00
3.230000000000000093e-01,2.049088598374282810e+00
3.232999999999999763e-01,2.245786540406697895e+00
3.234000000000000208e-01,1.985966979998238457e+00
3.235000000000000098e-01,1.623786972125117245e+00
3.236999999999999877e-01,1.583287820269788426e+00
3.239000000000000212e-01,1.651092590464713794e+00
3.240999999999999992e-01,1.459387036397401971e+00
3.241999999999999882e-01,1.357275104890277362e+00
3.244000000000000217e-01,1.246519667236952955e+00
3.245999999999999996e-01,1.409724599277524248e+00
3.246999999999999886e-01,1.320429029069828175e+00
3.249000000000000221e-01,1.244907101423905260e+00
3.250000000000000111e-01,1.112284816443889213e+00
3.252999999999999781e-01,1.258709629090390081e+00
3.255000000000000115e-01,1.013204236842739192e+00
3.256000000000000005e-01,9.490425145086192060e-01
3.256999999999999895e-01,1.025771740223035522e+00
3.259000000000000230e-01,1.186531846536809098e+00
3.261999999999999900e-01,9.076208083235997037e-01
3.262999999999999790e-01,1.241793179891146792e+00
3.265000000000000124e-01,1.483131940187604414e+00
3.266000000000000014e-01,1.234843078278572648e+00
3.266999999999999904e-01,8.945104028816786013e-01
3.271000000000000019e-01,1.037573920220211221e+00
3.271999999999999909e-01,1.019964744641583820e+00
3.274000000000000243e-01,1.238895984473401768e+00
3.275000000000000133e-01,1.341929626615865345e+00
3.276999999999999913e-01,1.707881218483407793e+00
3.280000000000000138e-01,1.468452195173313157e+00
3.281000000000000028e-01,1.271796008669525690e+00
3.282999999999999807e-01,1.285126402682863045e+00
3.284000000000000252e-01,1.490240183735295432e+00
3.287999999999999812e-01,1.395793568256522121e+00
3.289000000000000257e-01,1.396838803595983336e+00
3.291000000000000036e-01,1.293303516907371886e+00
3.291999999999999926e-01,1.466582481648856628e+00
3.296000000000000041e-01,1.508277528278767932e+00
3.296999999999999931e-01,1.800360942424504174e+00
3.299000000000000266e-01,1.990860358993131740e+00
3.301000000000000045e-01,2.120534565832485896e+00
3.304000000000000270e-01,1.928366715446600210e+00
3.306000000000000050e-01,2.004191604002471649e+00
3.306999999999999940e-01,2.227106896803888958e+00
3.309000000000000274e-01,2.295310391455132049e+00
3.312999999999999834e-01,1.959115165930370495e+00
3.315000000000000169e-01,1.421625075961628681e+00
3.316000000000000059e-01,1.545351463802717262e+00
3.317999999999999838e-01,1.728780473211827484e+00
3.321999999999999953e-01,1.587872792850021142e+00
3.323999999999999733e-01,1.679285152705460860e+00
3.325000000000000178e-01,1.740442889791211201e+00
3.326999999999999957e-01,1.616934434934137244e+00
3.331000000000000072e-01,1.297619583396908638e+00
3.332999999999999852e-01,1.684269093775355941e+00
3.333999999999999742e-01,1.917432303919667902e+00
3.336000000000000076e-01,1.990360481419656935e+00
3.340000000000000191e-01,1.958697943798824781e+00
3.341999999999999971e-01,2.179994642284782458e+00
3.343999999999999750e-01,2.309619220408649198e+00
3.346000000000000085e-01,2.581614745387014409e+00
3.350000000000000200e-01,2.668704817162051768e+00
3.351999999999999980e-01,2.656428873222012044e+00
3.353999999999999759e-01,2.783526944266213832e+00
3.356000000000000094e-01,2.808313893002605255e+00
3.360000000000000209e-01,2.998097162658496018e+00
3.361999999999999988e-01,3.004733555447046456e+00
3.363999999999999768e-01,2.727590957579423048e+00
3.366000000000000103e-01,2.490906456540869840e+00
3.367999999999999883e-01,2.695086813438365425e+00
3.371999999999999997e-01,2.739285764079113505e+00
3.373999999999999777e-01,3.076228372116702303e+00
3.376000000000000112e-01,3.032525201045928043e+00
3.377999999999999892e-01,2.838745807627901740e+00
3.382000000000000006e-01,2.888434989824645527e+00
3.385000000000000231e-01,2.932778595618174222e+00
3.387000000000000011e-01,2.849483498613835764e+00
3.388999999999999790e-01,3.087215639487567387e+00
3.392999999999999905e-01,3.416196866267910082e+00
3.395000000000000240e-01,3.245816440565704397e+00
3.397000000000000020e-01,3.121484315862971926e+00
3.400000000000000244e-01,3.258827805427927160e+00
3.403999999999999804e-01,3.111786187046391206e+00
3.406000000000000139e-01,2.852204367909280336e+00
3.408999999999999808e-01,2.605420263036648976e+00
3.411000000000000143e-01,2.639140742376639537e+00
3.415000000000000258e-01,2.865955665616411352e+00
3.417999999999999927e-01,3.069679496073831615e+00
3.420000000000000262e-01,2.637317721419549343e+00
3.422000000000000042e-01,2.349893961017642141e+00
3.426000000000000156e-01,2.437797217531624483e+00
3.428999999999999826e-01,2.553219762446587993e+00
3.431000000000000161e-01,2.665032489129544047e+00
3.432999999999999940e-01,2.659085277439771744e+00
3.437999999999999945e-01,2.785913187770347577e+00
3.439999999999999725e-01,2.615760076390188260e+00
3.442000000000000060e-01,2.622437994419215102e+00
3.444999999999999729e-01,2.682334035755729928e+00
3.448999999999999844e-01,2.919841130624718062e+00
3.452000000000000068e-01,3.214234340917073496e+00
3.453999999999999848e-01,3.276486395001029450e+00
3.457000000000000073e-01,3.185467570048786001e+00
3.462000000000000077e-01,3.224536536675486786e+00
3.463999999999999857e-01,2.933412473816133570e+00
3.467000000000000082e-01,2.940719597341512781e+00
3.468999999999999861e-01,2.963111196015688620e+00
3.473999999999999866e-01,3.163347850325180843e+00
3.476000000000000201e-01,3.322770629003343856e+00
3.478999999999999870e-01,3.559109071685952586e+00
3.481000000000000205e-01,3.813065221190527154e+00
3.483999999999999875e-01,3.924454457587216893e+00
3.488999999999999879e-01,3.376115710029580441e+00
3.491000000000000214e-01,3.358465764075162951e+00
3.493999999999999884e-01,3.670758766589869992e+00
3.496000000000000218e-01,4.012452248793124454e+00
3.501000000000000223e-01,3.984581428356023025e+00
3.503999999999999893e-01,4.277976132055982816e+00
3.506000000000000227e-01,4.457044247020576222e+00
3.508999999999999897e-01,4.588259985586319090e+00
3.513999999999999901e-01,4.612713233765362020e+00
3.516000000000000236e-01,4.924939222079274259e+00
3.518999999999999906e-01,4.996563809246026722e+00
3.522000000000000131e-01,4.922994074455573354e+00
3.527000000000000135e-01,4.813851804872683715e+00
3.528999999999999915e-01,4.923643341345950830e+00
3.532000000000000139e-01,4.864136394587831091e+00
3.533999999999999919e-01,5.107022490454482977e+00
3.539999999999999813e-01,5.081451745221556848e+00
3.542000000000000148e-01,5.186529059696113109e+00
3.544999999999999818e-01,5.439878878634999637e+00
3.548000000000000043e-01,5.636602612800970746e+00
3.553000000000000047e-01,5.375451399364692406e+00
3.556000000000000272e-01,5.474622693003311724e+00
3.558000000000000052e-01,5.523703509806409784e+00
3.561000000000000276e-01,5.556057743325027332e+00
3.567000000000000171e-01,5.451886761721425501e+00
3.568999999999999950e-01,5.895538900110068425e+00
3.572000000000000175e-01,5.949211413047351016e+00
3.574999999999999845e-01,5.873120586056757020e+00
3.579999999999999849e-01,5.785029056532948744e+00
3.583000000000000074e-01,5.746490829183812821e+00
3.584999999999999853e-01,5.538911988404151998e+00
3.588000000000000078e-01,5.447676964311085612e+00
3.593999999999999972e-01,5.611633727654862014e+00
3.595999999999999752e-01,5.427328868777976822e+00
3.598999999999999977e-01,5.494372548150977309e+00
3.602000000000000202e-01,5.468992405854805838e+00
3.607000000000000206e-01,5.715669803239507019e+00
3.609999999999999876e-01,5.884798208146548859e+00
3.613000000000000100e-01,5.558066422030833564e+00
3.615999999999999770e-01,5.174103872594059794e+00
3.620999999999999774e-01,5.173027153450220794e+00
3.623999999999999999e-01,4.934863700652158514e+00
3.627000000000000224e-01,4.910293412734517915e+00
3.633000000000000118e-01,4.946214289597264724e+00
3.634999999999999898e-01,5.016204146670361297e+00
3.638000000000000123e-01,4.992118870790136498e+00
3.640999999999999792e-01,4.934923054740920634e+00
3.647000000000000242e-01,4.714600800710968542e+00
3.649999999999999911e-01,4.832474982922121853e+00
3.652000000000000246e-01,4.602517422127675673e+00
3.654999999999999916e-01,4.474100208172785642e+00
3.660999999999999810e-01,4.336174196924275748e+00
3.664000000000000035e-01,4.255047528349905406e+00
3.667000000000000259e-01,4.056794188448293426e+00
3.669999999999999929e-01,4.042986392399370743e+00
3.673000000000000154e-01,4.247303086488727786e+00
3.678000000000000158e-01,4.234772904834017027e+00
3.680999999999999828e-01,4.210091324804579926e+00
3.684000000000000052e-01,4.420188572520601156e+00
3.687000000000000277e-01,4.408688721123326104e+00
3.693000000000000171e-01,4.331976942724622859e+00
3.695999999999999841e-01,4.373816359398915665e+00
3.699000000000000066e-01,4.298177016858971911e+00
3.704999999999999960e-01,4.517283876321471325e+00
3.706999999999999740e-01,5.037014596296558011e+00
3.709999999999999964e-01,5.035001309530116487e+00
3.713000000000000189e-01,5.181614672296745994e+00
3.715999999999999859e-01,5.494159353815120994e+00
3.721999999999999753e-01,5.288594275058358107e+00
3.724999999999999978e-01,5.166752775001441478e+00
3.728000000000000203e-01,5.114289171916652776e+00
3.734000000000000097e-01,5.023804689112239430e+00
3.736999999999999766e-01,5.127645271776373193e+00
3.739000000000000101e-01,4.989154184094786615e+00
3.741999999999999771e-01,5.182434407185837699e+00
3.748000000000000220e-01,5.193685773133438488e+00
3.750999999999999890e-01,5.265303528031381575e+00
3.754000000000000115e-01,5.382814455472043846e+00
3.756999999999999784e-01,5.368079430914576733e+00
3.763000000000000234e-01,5.837930881811416839e+00
3.765999999999999903e-01,5.818072332960582571e+00
3.769000000000000128e-01,5.968400564372586814e+00
3.771999999999999797e-01,5.730913991199031443e+00
3.778000000000000247e-01,5.775128643631205705e+00
3.780999999999999917e-01,5.763968133649086667e+00
3.784000000000000141e-01,5.911459211690498705e+00
3.790000000000000036e-01,5.716354371003944834e+00
3.793000000000000260e-01,5.860843111595158916e+00
3.795999999999999930e-01,5.619691045011450115e+00
3.799000000000000155e-01,5.587734112718180768e+00
3.801999999999999824e-01,5.454476591173715860e+00
3.808000000000000274e-01,5.335278013746346915e+00
3.810999999999999943e-01,5.132751995862690819e+00
3.814000000000000168e-01,5.070191299041880484e+00
3.816999999999999837e-01,5.323337512013722517e+00
3.820000000000000062e-01,5.230748154420552964e+00
3.826999999999999846e-01,5.177472777629418488e+00
3.830000000000000071e-01,5.266147051874668250e+00
3.832999999999999741e-01,5.505388881058479456e+00
3.835999999999999965e-01,5.474795020061719697e+00
3.841999999999999860e-01,5.534635638144891345e+00
3.845000000000000084e-01,5.491429548614860323e+00
3.847999999999999754e-01,5.448913135358225190e+00
3.850999999999999979e-01,5.756465150576104861e+00
3.856999999999999873e-01,5.246067137869204089e+00
3.860000000000000098e-01,5.336966737459533761e+00
3.862999999999999767e-01,5.432010459217281095e+00
3.865999999999999992e-01,5.404919988854999247e+00
3.871999999999999886e-01,5.077795446721893313e+00
3.875000000000000111e-01,5.102813846089020444e+00
3.877999999999999781e-01,5.376232176145776975e+00
3.881000000000000005e-01,5.447408516902669362e+00
3.887999999999999790e-01,5.397137288523026655e+00
3.891000000000000014e-01,5.682852221431403450e+00
3.894000000000000239e-01,5.773009712740076793e+00
3.896999999999999909e-01,5.908395863703617579e+00
3.902999999999999803e-01,6.046752881344445996e+00
3.906000000000000028e-01,6.182181104107030478e+00
3.909000000000000252e-01,6.350584417099298662e+00
3.912999999999999812e-01,6.135548020319220086e+00
3.919000000000000261e-01,6.580250367286680557e+00
3.921999999999999931e-01,6.635697053398189382e+00
3.925000000000000155e-01,6.577537382451964731e+00
3.927999999999999825e-01,6.469607150146885033e+00
3.934000000000000274e-01,6.566606561115122531e+00
3.936999999999999944e-01,6.545862141537554635e+00
3.940000000000000169e-01,6.780054895619059607e+00
3.942999999999999838e-01,6.880044464056481957e+00
3.950000000000000178e-01,7.086259661123222031e+00
3.952999999999999847e-01,7.405873192620674672e+00
3.956000000000000072e-01,7.320289116094045312e+00
3.962999999999999856e-01,7.363634889602735711e+00
3.966000000000000081e-01,7.554960819684993112e+00
3.968999999999999750e-01,7.954029596012105685e+00
3.971999999999999975e-01,8.087665600601667393e+00
3.977999999999999869e-01,7.704640074593044119e+00
3.981000000000000094e-01,8.007973377869575415e+00
3.983999999999999764e-01,8.266569839396652242e+00
3.986999999999999988e-01,8.373142866340685941e+00
3.990000000000000213e-01,8.335034691944883889e+00
3.996000000000000107e-01,8.344366771753129797e+00
4.000000000000000222e-01,8.566192551615813500e+00
4.002999999999999892e-01,8.799027385261979362e+00
4.006000000000000116e-01,9.037999353154646087e+00
4.012000000000000011e-01,9.080487157271363685e+00
4.015000000000000235e-01,8.917190093712179078e+00
4.017999999999999905e-01,9.037669014881430485e+00
4.021000000000000130e-01,8.988599679700200795e+00
4.027999999999999914e-01,8.934393202263890998e+00
4.031000000000000139e-01,9.047703831174430888e+00
4.033999999999999808e-01,9.137155904157225450e+00
4.037000000000000033e-01,9.102419955164350540e+00
4.043999999999999817e-01,9.058888453591634971e+00
4.047000000000000042e-01,8.887533968502793869e+00
4.050000000000000266e-01,8.756702533780753583e+00
4.052999999999999936e-01,8.766781658266836530e+00
4.058999999999999830e-01,8.688447206907085274e+00
4.062000000000000055e-01,8.635774109211979521e+00
4.066000000000000170e-01,8.300121786843192240e+00
4.068999999999999839e-01,8.407221527390220217e+00
4.074999999999999734e-01,8.452994351878032830e+00
4.077999999999999958e-01,8.427899912318252973e+00
4.081000000000000183e-01,7.873087338085497322e+00
4.087999999999999967e-01,7.708101239965344575e+00
4.091000000000000192e-01,7.457973083511205914e+00
4.093999999999999861e-01,7.407012761633041009e+00
4.097000000000000086e-01,7.104652771700330049e+00
4.103999999999999870e-01,6.691765118243210964e+00
4.107000000000000095e-01,6.413831862148072105e+00
4.109999999999999765e-01,6.424566214631340699e+00
4.119999999999999774e-01,6.505022635685463683e+00
4.122999999999999998e-01,6.437836694616862587e+00
4.126000000000000223e-01,6.411782275002678944e+00
4.129999999999999782e-01,6.442846114390704315e+00
4.136000000000000232e-01,6.269365961139328647e+00
4.138999999999999901e-01,6.486404090022688251e+00
4.143000000000000016e-01,6.986248153044925857e+00
4.146000000000000241e-01,7.491287602244028676e+00
4.152000000000000135e-01,7.626779978137619764e+00
4.156000000000000250e-01,7.817960034489715326e+00
4.158999999999999919e-01,7.788400770795760764e+00
4.162000000000000144e-01,7.831545606881491040e+00
4.168000000000000038e-01,8.000101334449936985e+00
4.172000000000000153e-01,8.358025478843728706e+00
4.174999999999999822e-01,8.421712511956911840e+00
4.178000000000000047e-01,8.704339820218365276e+00
4.184999999999999831e-01,8.470784450468727300e+00
4.188000000000000056e-01,8.950352193445041848e+00
4.190999999999999726e-01,8.939160428542663794e+00
4.193999999999999950e-01,9.155042456702403797e+00
4.199999999999999845e-01,9.532435063335242376e+00
4.203999999999999959e-01,1.013680697198697089e+01
4.207000000000000184e-01,1.021161970799516894e+01
4.213000000000000078e-01,1.047433965726963834e+01
4.217000000000000193e-01,1.059400780467990444e+01
4.219999999999999862e-01,1.055282555645067077e+01
4.225999999999999757e-01,1.065498912654084052e+01
4.229999999999999871e-01,1.069324638660259552e+01
4.233000000000000096e-01,1.086932436341157882e+01
4.235999999999999766e-01,1.097248002995934257e+01
4.242000000000000215e-01,1.084449641753644755e+01
4.245999999999999774e-01,1.023901300300576622e+01
4.248999999999999999e-01,9.821929657754708387e+00
4.252000000000000224e-01,9.702740757537185345e+00
4.259000000000000008e-01,9.652647179260156918e+00
4.262000000000000233e-01,9.663295760133451040e+00
4.264999999999999902e-01,9.664763240322599813e+00
4.268000000000000127e-01,9.575787937135601169e+00
4.274999999999999911e-01,9.645051753685947915e+00
4.278000000000000136e-01,9.633689789722893693e+00
4.280999999999999805e-01,9.552477011482324087e+00
4.284000000000000030e-01,9.623040881601355068e+00
4.290999999999999814e-01,9.666888574461609096e+00
4.294000000000000039e-01,9.888692260726429595e+00
4.297000000000000264e-01,1.015652627234544525e+01
4.299999999999999933e-01,1.020964059683228697e+01
4.307000000000000273e-01,9.927756554579445947e+00
4.309999999999999942e-01,9.899454946282503442e+00
4.313000000000000167e-01,1.002432951340188083e+01
4.315999999999999837e-01,1.027373054211693670e+01
4.319999999999999951e-01,1.047408331584392727e+01
4.325999999999999845e-01,1.029004896091487353e+01
4.329000000000000070e-01,1.078735242639390890e+01
4.333000000000000185e-01,1.079085749897831192e+01
4.335999999999999854e-01,1.113665243304058095e+01
4.341999999999999749e-01,1.105008780040043348e+01
4.344999999999999973e-01,1.117808737054201629e+01
4.349000000000000088e-01,1.152322006046028946e+01
4.351999999999999758e-01,1.165071352816380568e+01
4.358000000000000207e-01,1.182661597196215553e+01
4.361999999999999766e-01,1.194475187699981689e+01
4.364999999999999991e-01,1.199683160688005046e+01
4.368000000000000216e-01,1.201956087117741845e+01
4.375000000000000000e-01,1.165954231048203837e+01
4.378000000000000225e-01,1.152950753542791063e+01
4.380999999999999894e-01,1.169303910178336992e+01
4.384000000000000119e-01,1.185865551261895234e+01
4.390999999999999903e-01,1.196863102821362190e+01
4.394000000000000128e-01,1.195978422140910880e+01
4.396999999999999797e-01,1.200267373399537973e+01
4.400000000000000022e-01,1.168681913509226433e+01
4.406999999999999806e-01,1.176541952648403822e+01
4.410000000000000031e-01,1.205006959743991501e+01
4.414000000000000146e-01,1.203457598121099181e+01
4.416999999999999815e-01,1.186749706548380345e+01
4.423000000000000265e-01,1.173728882270597751e+01
4.426999999999999824e-01,1.199968912455915415e+01
4.430000000000000049e-01,1.171385039185383903e+01
4.434000000000000163e-01,1.165074738837506629e+01
4.440000000000000058e-01,1.130578379955341006e+01
4.442999999999999727e-01,1.137736086625341159e+01
4.445999999999999952e-01,1.163551364142654165e+01
4.450000000000000067e-01,1.123670852256668695e+01
4.455999999999999961e-01,1.117268126332874090e+01
4.459000000000000186e-01,1.109847343529304453e+01
4.462999999999999745e-01,1.131193051026411922e+01
4.465999999999999970e-01,1.129283408269475331e+01
4.472999999999999754e-01,1.152681288959661288e+01
4.475999999999999979e-01,1.162264425332386963e+01
4.480000000000000093e-01,1.163460031243243975e+01
4.482999999999999763e-01,1.143184771176152026e+01
4.489000000000000212e-01,1.169888825460998305e+01
4.491999999999999882e-01,1.158632956175324580e+01
4.495999999999999996e-01,1.158645969622511984e+01
4.501999999999999891e-01,1.160866727033840107e+01
4.505000000000000115e-01,1.188584567657881053e+01
4.509000000000000230e-01,1.186724697828481112e+01
4.511999999999999900e-01,1.195716790644178218e+01
4.517999999999999794e-01,1.196983962896933917e+01
4.521999999999999909e-01,1.191014980163163273e+01
4.525000000000000133e-01,1.188127932521706498e+01
4.527999999999999803e-01,1.194000872849210282e+01
4.531999999999999917e-01,1.194648072912559655e+01
4.537999999999999812e-01,1.226504118134926102e+01
4.541000000000000036e-01,1.227280402827273065e+01
4.544000000000000261e-01,1.244699164660846691e+01
4.547999999999999821e-01,1.251627880276373617e+01
4.554000000000000270e-01,1.293711902456561802e+01
4.556999999999999940e-01,1.306158288136793999e+01
4.561000000000000054e-01,1.314872642968975924e+01
4.563999999999999724e-01,1.300012155362605881e+01
4.571000000000000063e-01,1.316369716606777729e+01
4.573999999999999733e-01,1.286657910683402406e+01
4.576999999999999957e-01,1.308446866081771987e+01
4.581000000000000072e-01,1.322461795183107824e+01
4.586999999999999966e-01,1.339506356456513458e+01
4.590000000000000191e-01,1.321062406114970145e+01
4.593999999999999750e-01,1.318417018649824968e+01
4.600000000000000200e-01,1.321182889491046808e+01
4.602999999999999869e-01,1.325914945682711732e+01
4.606999999999999984e-01,1.329644823537410048e+01
4.610000000000000209e-01,1.336870106582728113e+01
4.612999999999999878e-01,1.325099277552885724e+01
4.622999999999999887e-01,1.311614166534241122e+01
4.627000000000000002e-01,1.317566302150680713e+01
4.630000000000000226e-01,1.344155666331948851e+01
4.632999999999999896e-01,1.366701337087170032e+01
4.640000000000000235e-01,1.384796423680359112e+01
4.642999999999999905e-01,1.350380996915237120e+01
4.646000000000000130e-01,1.346300522754631857e+01
4.650000000000000244e-01,1.336143832628818018e+01
4.656000000000000139e-01,1.334903070083555576e+01
4.660000000000000253e-01,1.338943114639459964e+01
4.662999999999999923e-01,1.363137832324696319e+01
4.666000000000000147e-01,1.348385595950503557e+01
4.672999999999999932e-01,1.378076491728620567e+01
4.676000000000000156e-01,1.372075587114977679e+01
4.680000000000000271e-01,1.388483585673111520e+01
4.682999999999999940e-01,1.423845850576844896e+01
4.688999999999999835e-01,1.430708088545793544e+01
4.692999999999999949e-01,1.433169814912798756e+01
4.696000000000000174e-01,1.422782455564220072e+01
4.698999999999999844e-01,1.403331747760739745e+01
4.706000000000000183e-01,1.380666687209827614e+01
4.708999999999999853e-01,1.405489559204511352e+01
4.712000000000000077e-01,1.413681737449678621e+01
4.716000000000000192e-01,1.419329044881942536e+01
4.722999999999999976e-01,1.416052402804803023e+01
4.726000000000000201e-01,1.399215661060725324e+01
4.729999999999999760e-01,1.390069082510854059e+01
4.732999999999999985e-01,1.388511884845070199e+01
4.738999999999999879e-01,1.388690022218247577e+01
4.742999999999999994e-01,1.391965626114256338e+01
4.746000000000000218e-01,1.412725371849001021e+01
4.748999999999999888e-01,1.424231652349430988e+01
4.756000000000000227e-01,1.429442475153337000e+01
4.758999999999999897e-01,1.438168616935809041e+01
4.763000000000000012e-01,1.429384811733120841e+01
4.768999999999999906e-01,1.442466413274610204e+01
4.773000000000000020e-01,1.454710474577927926e+01
4.776000000000000245e-01,1.455527394069554248e+01
4.778999999999999915e-01,1.466489024738984881e+01
4.784999999999999809e-01,1.470724643141238630e+01
4.788999999999999924e-01,1.453880938579527538e+01
4.792000000000000148e-01,1.449014679374363368e+01
4.794999999999999818e-01,1.439256134231777651e+01
4.802000000000000157e-01,1.446111790928262053e+01
4.804999999999999827e-01,1.492584617107377198e+01
4.808999999999999941e-01,1.523353070304005996e+01
4.812000000000000166e-01,1.481478812054001537e+01
4.814999999999999836e-01,1.447302712571081429e+01
4.822000000000000175e-01,1.460757583121039715e+01
4.824999999999999845e-01,1.475103552511154703e+01
4.828999999999999959e-01,1.516888773809387203e+01
4.832000000000000184e-01,1.581350783186235276e+01
4.838999999999999968e-01,1.593019690744768013e+01
4.842000000000000193e-01,1.579592069157592960e+01
4.844999999999999862e-01,1.564359180283940987e+01
4.848000000000000087e-01,1.550991183757992076e+01
4.854999999999999871e-01,1.563011543068296305e+01
4.858000000000000096e-01,1.582699109552618211e+01
4.860999999999999766e-01,1.584568073979767178e+01
4.864999999999999880e-01,1.608982708345365609e+01
4.870999999999999774e-01,1.585550671931559918e+01
4.873999999999999999e-01,1.620514906847120074e+01
4.878000000000000114e-01,1.596239518412585312e+01
4.880999999999999783e-01,1.602374710397998570e+01
4.887000000000000233e-01,1.618573820863116453e+01
4.890999999999999792e-01,1.605110627006934010e+01
4.894000000000000017e-01,1.633864699071477844e+01
4.897000000000000242e-01,1.662198566123106502e+01
4.904000000000000026e-01,1.702746095271982085e+01
4.907000000000000250e-01,1.701950330734462113e+01
4.909999999999999920e-01,1.726311170965641395e+01
4.914000000000000035e-01,1.732859002116333613e+01
4.919999999999999929e-01,1.761903791938175345e+01
4.923000000000000154e-01,1.767585268355173866e+01
4.927000000000000268e-01,1.798964285967144860e+01
4.929999999999999938e-01,1.784584266804358776e+01
4.935999999999999832e-01,1.763964966018875202e+01
4.939999999999999947e-01,1.745563206288238689e+01
4.943000000000000171e-01,1.760200279696118741e+01
4.945999999999999841e-01,1.780829040879575587e+01
4.953000000000000180e-01,1.810198466463202749e+01
4.955999999999999850e-01,1.814264152014834508e+01
4.959000000000000075e-01,1.816772373910271199e+01
4.963000000000000189e-01,1.799506173072586535e+01
4.969000000000000083e-01,1.789904154257123992e+01
4.971999999999999753e-01,1.799432451699135527e+01
4.974999999999999978e-01,1.804018730718848929e+01
4.979000000000000092e-01,1.839151105329597158e+01
4.984999999999999987e-01,1.834188769557704290e+01
4.988000000000000211e-01,1.856807657937724798e+01
4.990999999999999881e-01,1.870102980157548700e+01
4.994999999999999996e-01,1.878383469898449221e+01
5.000999999999999890e-01,1.898937047168806203e+01
5.003999999999999559e-01,1.874408912454941856e+01
5.007000000000000339e-01,1.871379801315447367e+01
5.010000000000000009e-01,1.881637180580946733e+01
5.017000000000000348e-01,1.911616506316909181e+01
5.020000000000000018e-01,1.945022723552960997e+01
5.022999999999999687e-01,1.955344023276325061e+01
5.030000000000000027e-01,1.963170697989130531e+01
5.032999999999999696e-01,1.981466389213892398e+01
5.037000000000000366e-01,1.958496994789879864e+01
5.043999999999999595e-01,1.963560892397731550e+01
5.047000000000000375e-01,1.935950252699853991e+01
5.050000000000000044e-01,1.916811301307029680e+01
5.053999999999999604e-01,1.910011740890536203e+01
5.060000000000000053e-01,1.921790489676618563e+01
5.063999999999999613e-01,1.944667140367641878e+01
5.067000000000000393e-01,1.970833724882663773e+01
5.070000000000000062e-01,1.968550882760632703e+01
5.077000000000000401e-01,1.970211131504015611e+01
5.080000000000000071e-01,1.933319758419156642e+01
5.083999999999999631e-01,1.894326351918471119e+01
5.087000000000000410e-01,1.891034212422755445e+01
5.092999999999999750e-01,1.870453205107901340e+01
5.097000000000000419e-01,1.902737994245444497e+01
5.100000000000000089e-01,1.897344402764201732e+01
5.102999999999999758e-01,1.864290330067478862e+01
5.109000000000000208e-01,1.875275155914209790e+01
5.112999999999999767e-01,1.891222796987949550e+01
5.116000000000000547e-01,1.880221942763978404e+01
5.119000000000000217e-01,1.875544398864008144e+01
5.125999999999999446e-01,1.839400131639285974e+01
5.130000000000000115e-01,1.834042418864760293e+01
5.132999999999999785e-01,1.809520305407431806e+01
5.135999999999999455e-01,1.829006889907850564e+01
5.142999999999999794e-01,1.820596268817985219e+01
5.145999999999999464e-01,1.812285069638141977e+01
5.150000000000000133e-01,1.862855336865618483e+01
5.152999999999999803e-01,1.919428870114688834e+01
5.159000000000000252e-01,1.921144669839372909e+01
5.162999999999999812e-01,1.935440997457340018e+01
5.165999999999999481e-01,1.905740773913657904e+01
5.169000000000000261e-01,1.898891458562775370e+01
5.175999999999999490e-01,1.899210525797889204e+01
5.180000000000000160e-01,1.925770016553087771e+01
5.182999999999999829e-01,1.958981933097561523e+01
5.185999999999999499e-01,2.003925846880497375e+01
5.192999999999999838e-01,2.025291892464474586e+01
5.195999999999999508e-01,2.077149699937740479e+01
5.199000000000000288e-01,2.064012502877244515e+01
5.202999999999999847e-01,2.049540529525097554e+01
5.210000000000000187e-01,2.052911038377510522e+01
5.212999999999999856e-01,2.036155019045077097e+01
5.215999999999999526e-01,2.023409320992618632e+01
5.220000000000000195e-01,2.032870150967710288e+01
5.225999999999999535e-01,2.031725344461597160e+01
5.230000000000000204e-01,2.061673098391111125e+01
5.232999999999999874e-01,2.079806419827241371e+01
5.235999999999999543e-01,2.078887755009554894e+01
5.242999999999999883e-01,2.063318035231168324e+01
5.245999999999999552e-01,2.108584775589611127e+01
5.250000000000000222e-01,2.138829778338049437e+01
5.252999999999999892e-01,2.114200830164554645e+01
5.260000000000000231e-01,2.094691913420524543e+01
5.262999999999999901e-01,2.110811574825288517e+01
5.265999999999999570e-01,2.091719978408150382e+01
5.270000000000000240e-01,2.099702665578774941e+01
5.275999999999999579e-01,2.107954418863369028e+01
5.280000000000000249e-01,2.138962119843085929e+01
5.282999999999999918e-01,2.132928225921659759e+01
5.285999999999999588e-01,2.156785868971815034e+01
5.292999999999999927e-01,2.122872891186011657e+01
5.296999999999999487e-01,2.141155812708871053e+01
5.300000000000000266e-01,2.119418971873096780e+01
5.302999999999999936e-01,2.143707517636198645e+01
5.309000000000000385e-01,2.173753377751654625e+01
5.312000000000000055e-01,2.173915962713044792e+01
5.314999999999999725e-01,2.193638932245971773e+01
5.318000000000000504e-01,2.213873203674529577e+01
5.321000000000000174e-01,2.178113899744312221e+01
5.325999999999999623e-01,2.181353434440870842e+01
5.329000000000000403e-01,2.191866248713063214e+01
5.332999999999999963e-01,2.173318564475721359e+01
5.339000000000000412e-01,2.203826241913452577e+01
5.342000000000000082e-01,2.222784640064651285e+01
5.345999999999999641e-01,2.190616460642036145e+01
5.349000000000000421e-01,2.182090612048477851e+01
5.355999999999999650e-01,2.235515998522009795e+01
5.359000000000000430e-01,2.253087926660873563e+01
5.362999999999999989e-01,2.246939768888250910e+01
5.365999999999999659e-01,2.284589807835595821e+01
5.369000000000000439e-01,2.302190139279900905e+01
5.375999999999999668e-01,2.298496151766016737e+01
5.379000000000000448e-01,2.277167361851979877e+01
5.382000000000000117e-01,2.287289675459464888e+01
5.385999999999999677e-01,2.253820237240029201e+01
5.392000000000000126e-01,2.293110690782987149e+01
5.394999999999999796e-01,2.287612775562524803e+01
5.399000000000000465e-01,2.242608393379691734e+01
5.402000000000000135e-01,2.220758240214740908e+01
5.409000000000000474e-01,2.216189491587897464e+01
5.412000000000000144e-01,2.216972945139013973e+01
5.414999999999999813e-01,2.218983016614060944e+01
5.419000000000000483e-01,2.218385959109491523e+01
5.424999999999999822e-01,2.268374296114052413e+01
5.427999999999999492e-01,2.296725694291490072e+01
5.432000000000000162e-01,2.279512022461017295e+01
5.434999999999999831e-01,2.284734469357135822e+01
5.441000000000000281e-01,2.295168472991531416e+01
5.444999999999999840e-01,2.315532563258170740e+01
5.447999999999999510e-01,2.347124752105423795e+01
5.451000000000000290e-01,2.363891978528545224e+01
5.457999999999999519e-01,2.348832175351867591e+01
5.461000000000000298e-01,2.314834396432343055e+01
5.463999999999999968e-01,2.343598409462924792e+01
5.466999999999999638e-01,2.330682713241526471e+01
5.473999999999999977e-01,2.352283087683099438e+01
5.476999999999999647e-01,2.362577468835024774e+01
5.481000000000000316e-01,2.379818865096399350e+01
5.483999999999999986e-01,2.371615198922540912e+01
5.491000000000000325e-01,2.388401878638387643e+01
5.493999999999999995e-01,2.385795057639688821e+01
5.496999999999999664e-01,2.392644972191396846e+01
5.500000000000000444e-01,2.437748548694162309e+01
5.506999999999999673e-01,2.456059671160960534e+01
5.510000000000000453e-01,2.476699380892523550e+01
5.513000000000000123e-01,2.504013450372235638e+01
5.515999999999999792e-01,2.564538637398004539e+01
5.523000000000000131e-01,2.589179645902686389e+01
5.525999999999999801e-01,2.581787612904054185e+01
5.530000000000000471e-01,2.578339118257372320e+01
5.533000000000000140e-01,2.600125173127480593e+01
5.540000000000000480e-01,2.635558877405901512e+01
5.543000000000000149e-01,2.648248812496854043e+01
5.546999999999999709e-01,2.629077283027777412e+01
5.550000000000000488e-01,2.646549695723888362e+01
5.555999999999999828e-01,2.661847989334933118e+01
5.560000000000000497e-01,2.649549492735604872e+01
5.563000000000000167e-01,2.702215269103840001e+01
5.565999999999999837e-01,2.713095034346179091e+01
5.573000000000000176e-01,2.766952411184297489e+01
5.575999999999999845e-01,2.780694928194589011e+01
5.578999999999999515e-01,2.791113348285875873e+01
5.585999999999999854e-01,2.791530178536868334e+01
5.588999999999999524e-01,2.804043779997346064e+01
5.592000000000000304e-01,2.838773746851097712e+01
5.595999999999999863e-01,2.837477769430915941e+01
5.602000000000000313e-01,2.840403257647722057e+01
5.604999999999999982e-01,2.849855621600727318e+01
5.608999999999999542e-01,2.842654980298334522e+01
5.612000000000000322e-01,2.832467373512895392e+01
5.617999999999999661e-01,2.854770111454854487e+01
5.622000000000000330e-01,2.829965394714122340e+01
5.628999999999999559e-01,2.835200975866246154e+01
5.632000000000000339e-01,2.842843760885489246e+01
5.635000000000000009e-01,2.875614250451531007e+01
5.638999999999999568e-01,2.862561440409353963e+01
5.645999999999999908e-01,2.840788300578674352e+01
5.648999999999999577e-01,2.836996287157035113e+01
5.653000000000000247e-01,2.887086852169795748e+01
5.658999999999999586e-01,2.875255096186151604e+01
5.663000000000000256e-01,2.879965313914431135e+01
5.665999999999999925e-01,2.894121189281554507e+01
5.668999999999999595e-01,2.883374946938101857e+01
5.675999999999999934e-01,2.870226259140486036e+01
5.678999999999999604e-01,2.869351287770291492e+01
5.682000000000000384e-01,2.855062529578071917e+01
5.685999999999999943e-01,2.845877795309957037e+01
5.692000000000000393e-01,2.858256891867335980e+01
5.695000000000000062e-01,2.874717935082708209e+01
5.698999999999999622e-01,2.860405737826795303e+01
5.702000000000000401e-01,2.873371656072527003e+01
5.708999999999999631e-01,2.878119250762483716e+01
5.713000000000000300e-01,2.925303659348014662e+01
5.715999999999999970e-01,2.948305426431079468e+01
5.718999999999999639e-01,2.964122669465109539e+01
5.725999999999999979e-01,2.964044704052821544e+01
5.728999999999999648e-01,2.939615625119972719e+01
5.732000000000000428e-01,2.921121045122117721e+01
5.735999999999999988e-01,2.920953676981116587e+01
5.742000000000000437e-01,2.888282641216369484e+01
5.745000000000000107e-01,2.904553100065527360e+01
5.748999999999999666e-01,2.931231117256174912e+01
5.752000000000000446e-01,2.936054764859568422e+01
5.758999999999999675e-01,2.907514916406216798e+01
5.765000000000000124e-01,2.933942417575235595e+01
5.768999999999999684e-01,2.931029531660692555e+01
5.772000000000000464e-01,2.947165412333993117e+01
5.775000000000000133e-01,2.957681064271559990e+01
5.782000000000000473e-01,2.964538339005980561e+01
5.785000000000000142e-01,2.955783185900395438e+01
5.788999999999999702e-01,2.981878133757231808e+01
5.795000000000000151e-01,3.044370497892805361e+01
5.797999999999999821e-01,3.066810827674544271e+01
5.800999999999999490e-01,3.066001026978915434e+01
5.805000000000000160e-01,3.088712415379677623e+01
5.807999999999999829e-01,3.112541885592236213e+01
5.814000000000000279e-01,3.113721907563717650e+01
5.817999999999999838e-01,3.058242244948837651e+01
5.820999999999999508e-01,3.054895210035351738e+01
5.825000000000000178e-01,3.099942272359703566e+01
5.830999999999999517e-01,3.110419449065079789e+01
5.834000000000000297e-01,3.124608369135489738e+01
5.837999999999999856e-01,3.153048177099981331e+01
5.840999999999999526e-01,3.173286248642216378e+01
5.846999999999999975e-01,3.205817520800246712e+01
5.850999999999999535e-01,3.220544175974282552e+01
5.854000000000000314e-01,3.222105824472578206e+01
5.856999999999999984e-01,3.214508609724430244e+01
5.864000000000000323e-01,3.214227177927477896e+01
5.866999999999999993e-01,3.215163398814593165e+01
5.870999999999999552e-01,3.281119790934235425e+01
5.874000000000000332e-01,3.294102175585203440e+01
5.880999999999999561e-01,3.298669179888634062e+01
5.884000000000000341e-01,3.302366245088364849e+01
5.887999999999999901e-01,3.285495929199464626e+01
5.890999999999999570e-01,3.260057831160929709e+01
5.897999999999999909e-01,3.209390894442071840e+01
5.900999999999999579e-01,3.205674101576414614e+01
5.904000000000000359e-01,3.229957224658892301e+01
5.910999999999999588e-01,3.223638794974613120e+01
5.914000000000000368e-01,3.231315274935423076e+01
5.917000000000000037e-01,3.259753517619537888e+01
5.919999999999999707e-01,3.291513133218700204e+01
5.927000000000000046e-01,3.327895798448662390e+01
5.929999999999999716e-01,3.292624595727033920e+01
5.934000000000000385e-01,3.304973079486944698e+01
5.937000000000000055e-01,3.340698538597871448e+01
5.944000000000000394e-01,3.329851328862105220e+01
5.947000000000000064e-01,3.327043966057908619e+01
5.950999999999999623e-01,3.337739031526461986e+01
5.957000000000000073e-01,3.384682941587834648e+01
5.960999999999999632e-01,3.418404187805208494e+01
5.964000000000000412e-01,3.461987883650886033e+01
5.967000000000000082e-01,3.473840569682624846e+01
5.973000000000000531e-01,3.539899154879344678e+01
5.977000000000000091e-01,3.510275542910403601e+01
5.979999999999999760e-01,3.526668100659003358e+01
5.984000000000000430e-01,3.542052515725799822e+01
5.990999999999999659e-01,3.600333711259258962e+01
5.994000000000000439e-01,3.652428042252745399e+01
5.997000000000000108e-01,3.693834637948521049e+01
6.000999999999999668e-01,3.748240620367437259e+01
6.007000000000000117e-01,3.741028690026337244e+01
6.009999999999999787e-01,3.758516032906459259e+01
6.014000000000000457e-01,3.778996041386585603e+01
6.017000000000000126e-01,3.795909384133483400e+01
6.022999999999999465e-01,3.821454477248903459e+01
6.027000000000000135e-01,3.839323723517554754e+01
6.029999999999999805e-01,3.840435683030841574e+01
6.032999999999999474e-01,3.838858721972633248e+01
6.039999999999999813e-01,3.817716436744876773e+01
6.042999999999999483e-01,3.809728023765796934e+01
6.047000000000000153e-01,3.857742818187193734e+01
6.049999999999999822e-01,3.868310878501483785e+01
6.057000000000000162e-01,3.859528702749139484e+01
6.059999999999999831e-01,3.836047359488179609e+01
6.064000000000000501e-01,3.822547641448886679e+01
6.067000000000000171e-01,3.814609597925300477e+01
6.074000000000000510e-01,3.837454581980796320e+01
6.078000000000000069e-01,3.792016463203549392e+01
6.080999999999999739e-01,3.785656218464691847e+01
6.085000000000000409e-01,3.794789724083807414e+01
6.090999999999999748e-01,3.821429087664205326e+01
6.095000000000000417e-01,3.788653039534779055e+01
6.098000000000000087e-01,3.741106522519339705e+01
6.101999999999999647e-01,3.723246574063045955e+01
6.108000000000000096e-01,3.672670161132896283e+01
6.111999999999999655e-01,3.684218231003933397e+01
6.115000000000000435e-01,3.674422814363811085e+01
6.118000000000000105e-01,3.676447929319192554e+01
6.125000000000000444e-01,3.668127216345828856e+01
6.128000000000000114e-01,3.649547468844070863e+01
6.130999999999999783e-01,3.643938143727564238e+01
6.135000000000000453e-01,3.659735954810139447e+01
6.141999999999999682e-01,3.687342385944180023e+01
6.145000000000000462e-01,3.742495764099271582e+01
6.149000000000000021e-01,3.757426969298353470e+01
6.151999999999999691e-01,3.766472549662194069e+01
6.159000000000000030e-01,3.805715643427538453e+01
6.161999999999999700e-01,3.795896951882377834e+01
6.165000000000000480e-01,3.837657164477013794e+01
6.169000000000000039e-01,3.845190199970465983e+01
6.176000000000000378e-01,3.817121350723527939e+01
6.179000000000000048e-01,3.842406144133974522e+01
6.182999999999999607e-01,3.871380647389423757e+01
6.186000000000000387e-01,3.905773946553676979e+01
6.192999999999999616e-01,3.909968706748645673e+01
6.197000000000000286e-01,3.934359804254222581e+01
6.199999999999999956e-01,3.980687735574520048e+01
6.202999999999999625e-01,4.003181298633307961e+01
6.209999999999999964e-01,3.997568620995821220e+01
6.212999999999999634e-01,4.040255767231997197e+01
6.217000000000000304e-01,4.056794837109941909e+01
6.223999999999999533e-01,4.086031657622402236e+01
6.227000000000000313e-01,4.103497309054455400e+01
6.230999999999999872e-01,4.073546625469089122e+01
6.233999999999999542e-01,4.088559138103596524e+01
6.238000000000000211e-01,4.109777162001660145e+01
6.243999999999999551e-01,4.081538130820922561e+01
6.248000000000000220e-01,4.086431515832623518e+01
6.250999999999999890e-01,4.089978570873108765e+01
6.258000000000000229e-01,4.130203428211825667e+01
6.260999999999999899e-01,4.108456871567500457e+01
6.263999999999999568e-01,4.089186633323515707e+01
6.268000000000000238e-01,4.131729544763652484e+01
6.274999999999999467e-01,4.121777232556792114e+01
6.278000000000000247e-01,4.131285898362489206e+01
6.281999999999999806e-01,4.145724276846476641e+01
6.289000000000000146e-01,4.109840028111079846e+01
6.291999999999999815e-01,4.083188877125462568e+01
6.294999999999999485e-01,4.071864544139452846e+01
6.299000000000000155e-01,4.079615848557295976e+01
6.301999999999999824e-01,4.023952805963540413e+01
6.309000000000000163e-01,4.016616022766766037e+01
6.312999999999999723e-01,4.049381597576871172e+01
6.316000000000000503e-01,4.091628882727786731e+01
6.319000000000000172e-01,4.113293324258370376e+01
6.326000000000000512e-01,4.172451540477777598e+01
6.330000000000000071e-01,4.163303414492133925e+01
6.332999999999999741e-01,4.168057473902786114e+01
6.337000000000000410e-01,4.235866942691814074e+01
6.342999999999999750e-01,4.220336598173912535e+01
6.347000000000000419e-01,4.266389763988763661e+01
6.350000000000000089e-01,4.299573376478815590e+01
6.357000000000000428e-01,4.333772086242402111e+01
6.360999999999999988e-01,4.347753966599907471e+01
6.363999999999999657e-01,4.325375241626261413e+01
6.367000000000000437e-01,4.337907815732251038e+01
6.370999999999999996e-01,4.358963919363191053e+01
6.378000000000000336e-01,4.351621448712626261e+01
6.381000000000000005e-01,4.356354784918221412e+01
6.383999999999999675e-01,4.369869655857996804e+01
6.388000000000000345e-01,4.386760943928925371e+01
6.394999999999999574e-01,4.410972226088142634e+01
6.398000000000000353e-01,4.454679454261645333e+01
6.401999999999999913e-01,4.476820992015495904e+01
6.404999999999999583e-01,4.467768659795842723e+01
6.411999999999999922e-01,4.501133607413817117e+01
6.415999999999999481e-01,4.491596179610314721e+01
6.419000000000000261e-01,4.505569820754431021e+01
6.422999999999999821e-01,4.522319247446216650e+01
6.429000000000000270e-01,4.522320840518182195e+01
6.432999999999999829e-01,4.494385691622460399e+01
6.435999999999999499e-01,4.502978541663105716e+01
6.440000000000000169e-01,4.533485339845719864e+01
6.445999999999999508e-01,4.549561478411055759e+01
6.449000000000000288e-01,4.611399769047466179e+01
6.452999999999999847e-01,4.589551325465754417e+01
6.455999999999999517e-01,4.571474454417102606e+01
6.462999999999999856e-01,4.550235605404918715e+01
6.465999999999999526e-01,4.538382685686656259e+01
6.470000000000000195e-01,4.550011339794104970e+01
6.475999999999999535e-01,4.569207209263186087e+01
6.480000000000000204e-01,4.552193150805510413e+01
6.482999999999999874e-01,4.585833178329471593e+01
6.485999999999999543e-01,4.584217720444507904e+01
6.492999999999999883e-01,4.625349845578170971e+01
6.497000000000000552e-01,4.692449978192530580e+01
6.500000000000000222e-01,4.722739058742490670e+01
6.506999999999999451e-01,4.739389780136025365e+01
6.510000000000000231e-01,4.752138951111783172e+01
6.513999999999999790e-01,4.786536237258656001e+01
6.516999999999999460e-01,4.801041391439002837e+01
6.523999999999999799e-01,4.830981594055151618e+01
6.526999999999999469e-01,4.818341216314775011e+01
6.530000000000000249e-01,4.820054223053352871e+01
6.532999999999999918e-01,4.849101675749966489e+01
6.540000000000000258e-01,4.859065304701425703e+01
6.543999999999999817e-01,4.874204486605913189e+01
6.546999999999999487e-01,4.872714907130421125e+01
6.550000000000000266e-01,4.875281641305628000e+01
6.556999999999999496e-01,4.872597033023112090e+01
6.560000000000000275e-01,4.897634319152871285e+01
6.562999999999999945e-01,4.956568730854633031e+01
6.566999999999999504e-01,4.998198401102058597e+01
6.573999999999999844e-01,5.024059752686139291e+01
6.576999999999999513e-01,5.035651500208496145e+01
6.580000000000000293e-01,5.055864990861346087e+01
6.582999999999999963e-01,5.124010972951737131e+01
6.590000000000000302e-01,5.168658520776057230e+01
6.592999999999999972e-01,5.194723856786458782e+01
6.595999999999999641e-01,5.192007219073570923e+01
6.599000000000000421e-01,5.183049067059732806e+01
6.605999999999999650e-01,5.189806977451053172e+01
6.609000000000000430e-01,5.174220319606570229e+01
6.615999999999999659e-01,5.161105044737655589e+01
6.619000000000000439e-01,5.183914544895492327e+01
6.622000000000000108e-01,5.226540380723031376e+01
6.625999999999999668e-01,5.237989325142666530e+01
6.632000000000000117e-01,5.286488677931220082e+01
6.634999999999999787e-01,5.301255341158457668e+01
6.637999999999999456e-01,5.296390661537839151e+01
6.642000000000000126e-01,5.320406388486935612e+01
6.647999999999999465e-01,5.341457177925121869e+01
6.651000000000000245e-01,5.344490082062043257e+01
6.654999999999999805e-01,5.339487457118207203e+01
6.661000000000000254e-01,5.348354980266844905e+01
6.663999999999999924e-01,5.332723211177813027e+01
6.667999999999999483e-01,5.326798929029337160e+01
6.671000000000000263e-01,5.332024837921562721e+01
6.676999999999999602e-01,5.355092246170352155e+01
6.681000000000000272e-01,5.381791588608371057e+01
6.683999999999999941e-01,5.376944246684411155e+01
6.686999999999999611e-01,5.354486751591048233e+01
6.693000000000000060e-01,5.333727689613783696e+01
6.695999999999999730e-01,5.348567506369408875e+01
6.699000000000000510e-01,5.382742986208018010e+01
6.704999999999999849e-01,5.387420688954375692e+01
6.707999999999999519e-01,5.420045545554921773e+01
6.712000000000000188e-01,5.430690201728793909e+01
6.714999999999999858e-01,5.479171248087868662e+01
6.721000000000000307e-01,5.501552330085269205e+01
6.724999999999999867e-01,5.518221504050507065e+01
6.727999999999999536e-01,5.555375550010444385e+01
6.731000000000000316e-01,5.563848433501289037e+01
6.736999999999999655e-01,5.586013837908603819e+01
6.740000000000000435e-01,5.610862422059494747e+01
6.743000000000000105e-01,5.592620182268524331e+01
6.745999999999999774e-01,5.573844455179028046e+01
6.752000000000000224e-01,5.618125369679387404e+01
6.755999999999999783e-01,5.670712592510699324e+01
6.758999999999999453e-01,5.699682683844321218e+01
6.762000000000000233e-01,5.736417389960229229e+01
6.767999999999999572e-01,5.774264405826306756e+01
6.771000000000000352e-01,5.786132994132321983e+01
6.774000000000000021e-01,5.805006958393573768e+01
6.777999999999999581e-01,5.819502663890102667e+01
6.784000000000000030e-01,5.869558653262652115e+01
6.786999999999999700e-01,5.893077471635501752e+01
6.790000000000000480e-01,5.934271232342553049e+01
6.793000000000000149e-01,5.955040333615806958e+01
6.800000000000000488e-01,5.949926575638551185e+01
6.802000000000000268e-01,5.984049486171647914e+01
6.807999999999999607e-01,6.011642662080203081e+01
6.811000000000000387e-01,6.034213401901729412e+01
6.814000000000000057e-01,6.032741769094218398e+01
6.816999999999999726e-01,6.011983347715067794e+01
6.823000000000000176e-01,6.018755267412598187e+01
6.825999999999999845e-01,6.018391511986237674e+01
6.828999999999999515e-01,6.032560983143025624e+01
6.832000000000000295e-01,6.047164451064736568e+01
6.837999999999999634e-01,6.070850403754229774e+01
6.842000000000000304e-01,6.103729278018886362e+01
6.844999999999999973e-01,6.139189511581525949e+01
6.847999999999999643e-01,6.126742430930221417e+01
6.854000000000000092e-01,6.097185817329409474e+01
6.856999999999999762e-01,6.122098788956373028e+01
6.860000000000000542e-01,6.139946503096462038e+01
6.863000000000000211e-01,6.141786721770859003e+01
6.868999999999999551e-01,6.170335329197541796e+01
6.872000000000000330e-01,6.174649424270000964e+01
6.874000000000000110e-01,6.174559146455681002e+01
6.876999999999999780e-01,6.201336914733246886e+01
6.883000000000000229e-01,6.219734667589159471e+01
6.885999999999999899e-01,6.223127711067172640e+01
6.888999999999999568e-01,6.248027027704029024e+01
6.893000000000000238e-01,6.286087354205756128e+01
6.898999999999999577e-01,6.300980903154436419e+01
6.902000000000000357e-01,6.277762391800251862e+01
6.905000000000000027e-01,6.300883637189122055e+01
6.907999999999999696e-01,6.338599516187059635e+01
6.914000000000000146e-01,6.358310518888947627e+01
6.916999999999999815e-01,6.372261967260578785e+01
6.919999999999999485e-01,6.367010038379771686e+01
6.923000000000000265e-01,6.394277766368554694e+01
6.928999999999999604e-01,6.405513309996763383e+01
6.932000000000000384e-01,6.404463926236348925e+01
6.935000000000000053e-01,6.402646587643039311e+01
6.938999999999999613e-01,6.409983270139628075e+01
6.944000000000000172e-01,6.442787071394923260e+01
6.946999999999999842e-01,6.491633338054839442e+01
6.949999999999999512e-01,6.495245805647414272e+01
6.953000000000000291e-01,6.503699463335055952e+01
6.958999999999999631e-01,6.524340386440235307e+01
6.962000000000000410e-01,6.530518289460064807e+01
6.965000000000000080e-01,6.553433664503700129e+01
6.971000000000000529e-01,6.584865026484453665e+01
6.974000000000000199e-01,6.545748280031807553e+01
6.976999999999999869e-01,6.567226983915293204e+01
6.979999999999999538e-01,6.576408672473598926e+01
6.986999999999999877e-01,6.589772398906029593e+01
6.989999999999999547e-01,6.585210753009846485e+01
6.993000000000000327e-01,6.597412016310931904e+01
6.995999999999999996e-01,6.630179437346032500e+01
7.002000000000000446e-01,6.651917673404523157e+01
7.005000000000000115e-01,6.657793136929353750e+01
7.008999999999999675e-01,6.670878198295099537e+01
7.012000000000000455e-01,6.640830022239333630e+01
7.017999999999999794e-01,6.665143399416660941e+01
7.020999999999999464e-01,6.656115318468960140e+01
7.024000000000000243e-01,6.667699666916587375e+01
7.027999999999999803e-01,6.694491844690605831e+01
7.034000000000000252e-01,6.740191204265897795e+01
7.036999999999999922e-01,6.772739234692608079e+01
7.039999999999999591e-01,6.795409707888234152e+01
7.043000000000000371e-01,6.818294856871671072e+01
7.049999999999999600e-01,6.835348594476658945e+01
7.053000000000000380e-01,6.866854779306072487e+01
7.056000000000000050e-01,6.866497570838055253e+01
7.058999999999999719e-01,6.869220508589614838e+01
7.066000000000000059e-01,6.832510265446467201e+01
7.068999999999999728e-01,6.845517801973232963e+01
7.072000000000000508e-01,6.887354462460803006e+01
7.075000000000000178e-01,6.910734387840352611e+01
7.082000000000000517e-01,6.912886494840699925e+01
7.085000000000000187e-01,6.872258004176637769e+01
7.088999999999999746e-01,6.876178525158411503e+01
7.092000000000000526e-01,6.878077986362586671e+01
7.098999999999999755e-01,6.884057134152590152e+01
7.102000000000000535e-01,6.914658528971676787e+01
7.106000000000000094e-01,6.937854225841556399e+01
7.108999999999999764e-01,6.942438119038206423e+01
7.115000000000000213e-01,6.991651675678053834e+01
7.118999999999999773e-01,7.012999344839909099e+01
7.122000000000000552e-01,7.031173398099099359e+01
7.127999999999999892e-01,7.044119371886563385e+01
7.131999999999999451e-01,7.028844974114758770e+01
7.135000000000000231e-01,7.011768366554019849e+01
7.137999999999999901e-01,7.002918400037310676e+01
7.141999999999999460e-01,6.998590790401408412e+01
7.148999999999999799e-01,6.985734732954961146e+01
7.151999999999999469e-01,6.968274979661418911e+01
7.156000000000000139e-01,6.971328552563863923e+01
7.163000000000000478e-01,7.001432296383404719e+01
7.166000000000000147e-01,7.044022749991358978e+01
7.169999999999999707e-01,7.115917585062993567e+01
7.174000000000000377e-01,7.143451313187574669e+01
7.180999999999999606e-01,7.156629867815604484e+01
7.184000000000000385e-01,7.147010413748421342e+01
7.187000000000000055e-01,7.169591653130214581e+01
7.190999999999999615e-01,7.204795821662264643e+01
7.197999999999999954e-01,7.224719922361168756e+01
7.200999999999999623e-01,7.229955628103766685e+01
7.205000000000000293e-01,7.276137804121913177e+01
7.208999999999999853e-01,7.265788541996130334e+01
7.216000000000000192e-01,7.284899435908732812e+01
7.218999999999999861e-01,7.303349850180757130e+01
7.223000000000000531e-01,7.312289535640934446e+01
7.229999999999999760e-01,7.301132930725088954e+01
7.237000000000000099e-01,7.285250150104252498e+01
7.240999999999999659e-01,7.314180909694368893e+01
7.245000000000000329e-01,7.347419650147867287e+01
7.252999999999999448e-01,7.372559931402292932e+01
7.257000000000000117e-01,7.383274103702251523e+01
7.259999999999999787e-01,7.389772499949867779e+01
7.264000000000000457e-01,7.409189018123993264e+01
7.271999999999999575e-01,7.433424052526447667e+01
7.275000000000000355e-01,7.393728271533927909e+01
7.278999999999999915e-01,7.392674815870100247e+01
7.281999999999999584e-01,7.349089192557357819e+01
7.289999999999999813e-01,7.317601731310787727e+01
7.294000000000000483e-01,7.302604585872222742e+01
7.298000000000000043e-01,7.282138471716280037e+01
7.301999999999999602e-01,7.293368024870028421e+01
7.309999999999999831e-01,7.293237520658612993e+01
7.314000000000000501e-01,7.289396827385962752e+01
7.318000000000000060e-01,7.270837076590601100e+01
7.320999999999999730e-01,7.289320966144282465e+01
7.328999999999999959e-01,7.223914712636928925e+01
7.332999999999999519e-01,7.202688751447203686e+01
7.337000000000000188e-01,7.163825268744699315e+01
7.339999999999999858e-01,7.168193612960362771e+01
7.348999999999999977e-01,7.143121088215343661e+01
7.352999999999999536e-01,7.155898201943568893e+01
7.357000000000000206e-01,7.159154356959470533e+01
7.360999999999999766e-01,7.140134450583923353e+01
7.369999999999999885e-01,7.133878954523447646e+01
7.374000000000000554e-01,7.137525861672315841e+01
7.378000000000000114e-01,7.129362634063886617e+01
7.381999999999999673e-01,7.110279248257370455e+01
7.390999999999999792e-01,7.093345683180928063e+01
7.393999999999999462e-01,7.075746892850111180e+01
7.398000000000000131e-01,7.131235909321549116e+01
7.401999999999999691e-01,7.114003822277504696e+01
7.410999999999999810e-01,7.102080596712607985e+01
7.415000000000000480e-01,7.108891790853090242e+01
7.419000000000000039e-01,7.141196917641173059e+01
7.422999999999999599e-01,7.163065661325322253e+01
7.431999999999999718e-01,7.195407748474940490e+01
7.436000000000000387e-01,7.170650583544011170e+01
7.440999999999999837e-01,7.183109517685329592e+01
7.445000000000000506e-01,7.208996801580497049e+01
7.453999999999999515e-01,7.197711536216752393e+01
7.458000000000000185e-01,7.225637279217335163e+01
7.461999999999999744e-01,7.225232147914562120e+01
7.466000000000000414e-01,7.218684879291072320e+01
7.475000000000000533e-01,7.249053337699933763e+01
7.479000000000000092e-01,7.256189664273711060e+01
7.483999999999999542e-01,7.242088086365924937e+01
7.488000000000000211e-01,7.271179360089081456e+01
7.497000000000000330e-01,7.275007259582366714e+01
7.500999999999999890e-01,7.265850437795006656e+01
7.506000000000000449e-01,7.253739944483345425e+01
7.510999999999999899e-01,7.273984279657906882e+01
7.519000000000000128e-01,7.250112721755363054e+01
7.523999999999999577e-01,7.239190897668913749e+01
7.529000000000000137e-01,7.252238399976135952e+01
7.532999999999999696e-01,7.237276249983551679e+01
7.541999999999999815e-01,7.266831348727646400e+01
7.547000000000000375e-01,7.298501251570155546e+01
7.550999999999999934e-01,7.303460596692957552e+01
7.556000000000000494e-01,7.284266229345666943e+01
7.564999999999999503e-01,7.274496569973621263e+01
7.569000000000000172e-01,7.202788001208773494e+01
7.573999999999999622e-01,7.189412381478791758e+01
7.578000000000000291e-01,7.197049825498106657e+01
7.587000000000000410e-01,7.183277947313354161e+01
7.591999999999999860e-01,7.201575611536600263e+01
7.597000000000000419e-01,7.193205173780415862e+01
7.600999999999999979e-01,7.220688705521843076e+01
7.610999999999999988e-01,7.244534761934733069e+01
7.616000000000000547e-01,7.219560727247244358e+01
7.620000000000000107e-01,7.246049547403322322e+01
7.624999999999999556e-01,7.234402290233606436e+01
7.633999999999999675e-01,7.214523996635534786e+01
7.638000000000000345e-01,7.189859373710328327e+01
7.642999999999999794e-01,7.210262516512739239e+01
7.647000000000000464e-01,7.222667059735590556e+01
7.655999999999999472e-01,7.204895364814638015e+01
7.661000000000000032e-01,7.232794083637395488e+01
7.665999999999999481e-01,7.247037708941115852e+01
7.670000000000000151e-01,7.241159187262155683e+01
7.679000000000000270e-01,7.231223084532848588e+01
7.683999999999999719e-01,7.206400539255901094e+01
7.689000000000000279e-01,7.188452438335139050e+01
7.693999999999999728e-01,7.185609941474353946e+01
7.702999999999999847e-01,7.144076001738403647e+01
7.708000000000000407e-01,7.124877524943281060e+01
7.711999999999999966e-01,7.160174487470840177e+01
7.717000000000000526e-01,7.197442395876350929e+01
7.725999999999999535e-01,7.190791860665399327e+01
7.731000000000000094e-01,7.186904962680500830e+01
7.734999999999999654e-01,7.167255256966882371e+01
7.743999999999999773e-01,7.153040614591168378e+01
7.749000000000000332e-01,7.139610980284601283e+01
7.753999999999999782e-01,7.133553109753142962e+01
7.758000000000000451e-01,7.121460200452452227e+01
7.766999999999999460e-01,7.083120994516843894e+01
7.772000000000000020e-01,7.105851194075512467e+01
7.776999999999999469e-01,7.124414231059336089e+01
7.780000000000000249e-01,7.118596257590888854e+01
7.781000000000000139e-01,7.093594175675161750e+01
7.782000000000000028e-01,7.078306368810331151e+01
7.782999999999999918e-01,7.089948620475092866e+01
7.783999999999999808e-01,7.090116293906430656e+01
7.784999999999999698e-01,7.101313303987694781e+01
7.788000000000000478e-01,7.109866128095632121e+01
7.789000000000000368e-01,7.117266207001375733e+01
7.790000000000000258e-01,7.120345911239473935e+01
7.792000000000000037e-01,7.118011598791190409e+01
7.793999999999999817e-01,7.132001631356047255e+01
7.794999999999999707e-01,7.174971157008053524e+01
7.796999999999999487e-01,7.215187167278691049e+01
7.798000000000000487e-01,7.218199232305596524e+01
7.799000000000000377e-01,7.232971278344484745e+01
7.801000000000000156e-01,7.232063026982564224e+01
7.802999999999999936e-01,7.242204060894641771e+01
7.806999999999999496e-01,7.264873541188626405e+01
7.809000000000000385e-01,7.310790420583657578e+01
7.812000000000000055e-01,7.323822724198180367e+01
7.812999999999999945e-01,7.320526712249238699e+01
7.814999999999999725e-01,7.333959260675328551e+01
7.815999999999999615e-01,7.354312279009468512e+01
7.816999999999999504e-01,7.368603063500677308e+01
7.821000000000000174e-01,7.346593308101614639e+01
7.822000000000000064e-01,7.350163321919012560e+01
7.823999999999999844e-01,7.370521741534776083e+01
7.824999999999999734e-01,7.382439372166254543e+01
7.828000000000000513e-01,7.382753713702049936e+01
7.831000000000000183e-01,7.357681798641760906e+01
7.832999999999999963e-01,7.327656040583929098e+01
7.834999999999999742e-01,7.313725281342135531e+01
7.836999999999999522e-01,7.285007441743482559e+01
7.841000000000000192e-01,7.304461691810956836e+01
7.842999999999999972e-01,7.323590888439866831e+01
7.844999999999999751e-01,7.303314538802214884e+01
7.845999999999999641e-01,7.280830531562878605e+01
7.846999999999999531e-01,7.274791293612884147e+01
7.850000000000000311e-01,7.285215702363484525e+01
7.852000000000000091e-01,7.224405728415786143e+01
7.853999999999999870e-01,7.233895632767325878e+01
7.856999999999999540e-01,7.201477341816962507e+01
7.858000000000000540e-01,7.195243069953494341e+01
7.860000000000000320e-01,7.160498335997772301e+01
7.862000000000000099e-01,7.136050170780367807e+01
7.864999999999999769e-01,7.167492695884038767e+01
7.865999999999999659e-01,7.154192725974326095e+01
7.870000000000000329e-01,7.166309346636035116e+01
7.872999999999999998e-01,7.160790678576768187e+01
7.874999999999999778e-01,7.171155269014843725e+01
7.877999999999999448e-01,7.166225382936386268e+01
7.879000000000000448e-01,7.175219443333526215e+01
7.880000000000000338e-01,7.166940436977165518e+01
7.883000000000000007e-01,7.176151740537216028e+01
7.884999999999999787e-01,7.165931297303382053e+01
7.886999999999999567e-01,7.179405141663937684e+01
7.887999999999999456e-01,7.196364393350859245e+01
7.890000000000000346e-01,7.241712223696731598e+01
7.893000000000000016e-01,7.218634696553658614e+01
7.893999999999999906e-01,7.220032790447794468e+01
7.894999999999999796e-01,7.216299752199279283e+01
7.897999999999999465e-01,7.235521432082373394e+01
7.902000000000000135e-01,7.208453411299001345e+01
7.903000000000000025e-01,7.199180037657924913e+01
7.905999999999999694e-01,7.231191445619992919e+01
7.907999999999999474e-01,7.211858384230367847e+01
7.911000000000000254e-01,7.238944935594895469e+01
7.913000000000000034e-01,7.211403269519291825e+01
7.915999999999999703e-01,7.224697292643804758e+01
7.916999999999999593e-01,7.261586054400731882e+01
7.917999999999999483e-01,7.237004317813762100e+01
7.920000000000000373e-01,7.251855149560810787e+01
7.923999999999999932e-01,7.228709979274503894e+01
7.927999999999999492e-01,7.238173329348865082e+01
7.931000000000000272e-01,7.217666680413503855e+01
7.933000000000000052e-01,7.240753908506803782e+01
7.934999999999999831e-01,7.244647738664616554e+01
7.935999999999999721e-01,7.271999850428869649e+01
7.939000000000000501e-01,7.258231706070910150e+01
7.941000000000000281e-01,7.290508994969741252e+01
7.942000000000000171e-01,7.281210836568106970e+01
7.943000000000000060e-01,7.242320093709236062e+01
7.944999999999999840e-01,7.197398599640655448e+01
7.946999999999999620e-01,7.177193008649351214e+01
7.949000000000000510e-01,7.214515873124082646e+01
7.950000000000000400e-01,7.220256930387768080e+01
7.952000000000000179e-01,7.188938735849433215e+01
7.953999999999999959e-01,7.183178518926001743e+01
7.955999999999999739e-01,7.174276235613228891e+01
7.959000000000000519e-01,7.174276402206351122e+01
7.961000000000000298e-01,7.164979267801368223e+01
7.965999999999999748e-01,7.178790890670575209e+01
7.967999999999999527e-01,7.214420031693953206e+01
7.969000000000000528e-01,7.218564029048388875e+01
7.972000000000000197e-01,7.191545439328274369e+01
7.973000000000000087e-01,7.202644506222759446e+01
7.974999999999999867e-01,7.192096520313270958e+01
7.976999999999999647e-01,7.206176717796552111e+01
7.979000000000000536e-01,7.178863236074539600e+01
7.981000000000000316e-01,7.175293922276432568e+01
7.983999999999999986e-01,7.161717786963299659e+01
7.984999999999999876e-01,7.170733840567254447e+01
7.985999999999999766e-01,7.136794302494467956e+01
7.986999999999999655e-01,7.133635144307481823e+01
7.989000000000000545e-01,7.143267242697265829e+01
7.991000000000000325e-01,7.141579774766432820e+01
7.994999999999999885e-01,7.196549376721691260e+01
7.996999999999999664e-01,7.210516838229455061e+01
8.000000000000000444e-01,7.213107555316037178e+01
8.001000000000000334e-01,7.151099749037257425e+01
8.002000000000000224e-01,7.140830575735503771e+01
8.004000000000000004e-01,7.169018710826730967e+01
8.004999999999999893e-01,7.170972066502281450e+01
8.005999999999999783e-01,7.174924326895938975e+01
8.006999999999999673e-01,7.190304071312039014e+01
8.010000000000000453e-01,7.230036739438037330e+01
8.012000000000000233e-01,7.190629490823675951e+01
8.013000000000000123e-01,7.174622566399352763e+01
8.014999999999999902e-01,7.153057143067212564e+01
8.015999999999999792e-01,7.165011611084651122e+01
8.017999999999999572e-01,7.154796030705051635e+01
8.020000000000000462e-01,7.173818093213458269e+01
8.021000000000000352e-01,7.212158050819493837e+01
8.022000000000000242e-01,7.231655059111494666e+01
8.023000000000000131e-01,7.252618842353308537e+01
8.024000000000000021e-01,7.271681949905314468e+01
8.026999999999999691e-01,7.244274152689808943e+01
8.027999999999999581e-01,7.236829838217431643e+01
8.028999999999999471e-01,7.261093836837653726e+01
8.031000000000000361e-01,7.219524361537037294e+01
8.032000000000000250e-01,7.243775323339946226e+01
8.033000000000000140e-01,7.186069449288038413e+01
8.034999999999999920e-01,7.194232500703265032e+01
8.035999999999999810e-01,7.221582378111042999e+01
8.036999999999999700e-01,7.242067978552745444e+01
8.037999999999999590e-01,7.234261127912645861e+01
8.038999999999999480e-01,7.209727278120089977e+01
8.041000000000000369e-01,7.220300139767323344e+01
8.042000000000000259e-01,7.243254402234424560e+01
8.043000000000000149e-01,7.224218247632688872e+01
8.044999999999999929e-01,7.205198359246560358e+01
8.045999999999999819e-01,7.260138664153600985e+01
8.046999999999999709e-01,7.255025444074726693e+01
8.047999999999999599e-01,7.277131811785716309e+01
8.048999999999999488e-01,7.294518526281422055e+01
8.050000000000000488e-01,7.306758462553102618e+01
8.051000000000000378e-01,7.285916417268299483e+01
8.004999999999999893e-01,7.284369419788549749e+01
8.008999999999999453e-01,7.280996610395231983e+01
8.012000000000000233e-01,7.251157780894277494e+01
8.015999999999999792e-01,7.251777919911978643e+01
8.022000000000000242e-01,7.226176282135270412e+01
8.025999999999999801e-01,7.249193838187352412e+01
8.028999999999999471e-01,7.234414734041638440e+01
8.033000000000000140e-01,7.227343750027216629e+01
8.040000000000000480e-01,7.225688481025122201e+01
8.043000000000000149e-01,7.218899813567259116e+01
8.046999999999999709e-01,7.191456375256370848e+01
8.050000000000000488e-01,7.189908943061459468e+01
8.056999999999999718e-01,7.201797802253713598e+01
8.061000000000000387e-01,7.201945791374737382e+01
8.064000000000000057e-01,7.169135223040211713e+01
8.066999999999999726e-01,7.175086537875904469e+01
8.074000000000000066e-01,7.181934194127529736e+01
8.076999999999999735e-01,7.215093018642937750e+01
8.081000000000000405e-01,7.209253738668485312e+01
8.084000000000000075e-01,7.190673217649896287e+01
8.090000000000000524e-01,7.199922274861455662e+01
8.094000000000000083e-01,7.194894891788567293e+01
8.096999999999999753e-01,7.185381279276180067e+01
8.100000000000000533e-01,7.195821077370624153e+01
8.105999999999999872e-01,7.181713793076778529e+01
8.108999999999999542e-01,7.200692460121786098e+01
8.113000000000000211e-01,7.209332213219454388e+01
8.115999999999999881e-01,7.208076411761999225e+01
8.123000000000000220e-01,7.204202578585682204e+01
8.125999999999999890e-01,7.215258981480587863e+01
8.129999999999999449e-01,7.196914960964772945e+01
8.133000000000000229e-01,7.197949617138215217e+01
8.139999999999999458e-01,7.219010337301733671e+01
8.144000000000000128e-01,7.220019495739097692e+01
8.146999999999999797e-01,7.230796444996235550e+01
8.149999999999999467e-01,7.215894091637892416e+01
8.153000000000000247e-01,7.208237104645672844e+01
8.159999999999999476e-01,7.226802226211134439e+01
8.163000000000000256e-01,7.243849931893487337e+01
8.166999999999999815e-01,7.254983804335779496e+01
8.169999999999999485e-01,7.242389242966737584e+01
8.176999999999999824e-01,7.251117501147518851e+01
8.179999999999999494e-01,7.272972494163400370e+01
8.183000000000000274e-01,7.256458645267252905e+01
8.186999999999999833e-01,7.261365584221630343e+01
8.193000000000000282e-01,7.258038997592370833e+01
8.196999999999999842e-01,7.261659940475215080e+01
8.199999999999999512e-01,7.272325204190997283e+01
8.203000000000000291e-01,7.269613547272592768e+01
8.209999999999999520e-01,7.272857227193730978e+01
8.214000000000000190e-01,7.279294600743310184e+01
8.217999999999999750e-01,7.275751142685612649e+01
8.221000000000000529e-01,7.272811464795813663e+01
8.227999999999999758e-01,7.288912858569369746e+01
8.231000000000000538e-01,7.309100123692041961e+01
8.234000000000000208e-01,7.309254092096671229e+01
8.237999999999999767e-01,7.306944344899238786e+01
8.244000000000000217e-01,7.276639013487579177e+01
8.246999999999999886e-01,7.294798356661772232e+01
8.250999999999999446e-01,7.312945196365330958e+01
8.254000000000000226e-01,7.305042244295896126e+01
8.259999999999999565e-01,7.307620330779900542e+01
8.263000000000000345e-01,7.301954258839100476e+01
8.266000000000000014e-01,7.305640322796966757e+01
8.268999999999999684e-01,7.309599076705490006e+01
8.276000000000000023e-01,7.306641254373084848e+01
8.278999999999999693e-01,7.297265971774322679e+01
8.282000000000000473e-01,7.300176321062463103e+01
8.286000000000000032e-01,7.319624203715216026e+01
8.293000000000000371e-01,7.315896923998798229e+01
8.296000000000000041e-01,7.327960338023103759e+01
8.299999999999999600e-01,7.320340980872720138e+01
8.303000000000000380e-01,7.316494993952642290e+01
8.309999999999999609e-01,7.309960566154177286e+01
8.313000000000000389e-01,7.330814672442352276e+01
8.316000000000000059e-01,7.312537590204010485e+01
8.318999999999999728e-01,7.290762973540540770e+01
8.326000000000000068e-01,7.258216688141533268e+01
8.329999999999999627e-01,7.247130416612912995e+01
8.333000000000000407e-01,7.250380679556838004e+01
8.336000000000000076e-01,7.246278178706847939e+01
8.343000000000000416e-01,7.227814332350817494e+01
8.346000000000000085e-01,7.215250314510035423e+01
8.349999999999999645e-01,7.222675413643446518e+01
8.353000000000000425e-01,7.239783240040264900e+01
8.358999999999999764e-01,7.240040009075732996e+01
8.363000000000000433e-01,7.236019188173668226e+01
8.366000000000000103e-01,7.236518992006153894e+01
8.368999999999999773e-01,7.223943357671237209e+01
8.376000000000000112e-01,7.211092294510308420e+01
8.378999999999999782e-01,7.208976878450334880e+01
8.381999999999999451e-01,7.191770145908662926e+01
8.386000000000000121e-01,7.172374923279130599e+01
8.393000000000000460e-01,7.126677276699774666e+01
8.396000000000000130e-01,7.126145673746782450e+01
8.398999999999999799e-01,7.133008934281974689e+01
8.401999999999999469e-01,7.123890187007918939e+01
8.408999999999999808e-01,7.136769229787591939e+01
8.411999999999999478e-01,7.127210821950416175e+01
8.415000000000000258e-01,7.108792227892399751e+01
8.418999999999999817e-01,7.099104145243040875e+01
8.425000000000000266e-01,7.103897580358739106e+01
8.428999999999999826e-01,7.128923957752840579e+01
8.431999999999999496e-01,7.116556194551367298e+01
8.436000000000000165e-01,7.129590657649532659e+01
8.441999999999999504e-01,7.132256519686052343e+01
8.445000000000000284e-01,7.129522100787585259e+01
8.447999999999999954e-01,7.123607648082384003e+01
8.455000000000000293e-01,7.108088944660107700e+01
8.457999999999999963e-01,7.110624571639777969e+01
8.461999999999999522e-01,7.098785451088770060e+01
8.465000000000000302e-01,7.103181735253747320e+01
8.471999999999999531e-01,7.092139409881633583e+01
8.475000000000000311e-01,7.094977543133268227e+01
8.478999999999999870e-01,7.060900500937555080e+01
8.481999999999999540e-01,7.073490497122838860e+01
8.485000000000000320e-01,7.073947350915841525e+01
8.490999999999999659e-01,7.085439975675967617e+01
8.495000000000000329e-01,7.085780677814477713e+01
8.497999999999999998e-01,7.085020756124140462e+01
8.504000000000000448e-01,7.089847230173609205e+01
8.507000000000000117e-01,7.109157139237936462e+01
8.509999999999999787e-01,7.119077469501485211e+01
8.514000000000000457e-01,7.112577564880916725e+01
8.519999999999999796e-01,7.115787815280918949e+01
8.522999999999999465e-01,7.135319278173119528e+01
8.529999999999999805e-01,7.130070013677323004e+01
8.532999999999999474e-01,7.125221384928886437e+01
8.537000000000000144e-01,7.121691957283042029e+01
8.539999999999999813e-01,7.128819034966727486e+01
8.546000000000000263e-01,7.125644801670409834e+01
8.548999999999999932e-01,7.143048516767885303e+01
8.552999999999999492e-01,7.153954998070685178e+01
8.556000000000000272e-01,7.173947199570670819e+01
8.558999999999999941e-01,7.182416712910480783e+01
8.565000000000000391e-01,7.153955109556977732e+01
8.568999999999999950e-01,7.154532150566069504e+01
8.571999999999999620e-01,7.141852100688697647e+01
8.578999999999999959e-01,7.118226491306995740e+01
8.581999999999999629e-01,7.130754577567427077e+01
8.585000000000000409e-01,7.134639374406970092e+01
8.588999999999999968e-01,7.129983289413348757e+01
8.596000000000000307e-01,7.121357904275487272e+01
8.598999999999999977e-01,7.135512422441229319e+01
8.602999999999999536e-01,7.111819311971044044e+01
8.606000000000000316e-01,7.110623270700875764e+01
8.611999999999999655e-01,7.119422032044235493e+01
8.615000000000000435e-01,7.119928795487930984e+01
8.618000000000000105e-01,7.138580266228950677e+01
8.621999999999999664e-01,7.147386722974329132e+01
8.629000000000000004e-01,7.131409492110674364e+01
8.631999999999999673e-01,7.119340088271860623e+01
8.636000000000000343e-01,7.126928225887672852e+01
8.639000000000000012e-01,7.128580287394424886e+01
8.646000000000000352e-01,7.134937837915344971e+01
8.649000000000000021e-01,7.128031437814206583e+01
8.651999999999999691e-01,7.150190804574958747e+01
8.655000000000000471e-01,7.146461931138605905e+01
8.659000000000000030e-01,7.146448763438229435e+01
8.665000000000000480e-01,7.143230866208182306e+01
8.669000000000000039e-01,7.159639705546874211e+01
8.671999999999999709e-01,7.156373164627439110e+01
8.676000000000000378e-01,7.156520935065191225e+01
8.681999999999999718e-01,7.176318958651245339e+01
8.685000000000000497e-01,7.152391233468506471e+01
8.689000000000000057e-01,7.131483741706324508e+01
8.691999999999999726e-01,7.139962507416930748e+01
8.698000000000000176e-01,7.152550798756851691e+01
8.700999999999999845e-01,7.179784852039142606e+01
8.705000000000000515e-01,7.186967202671644372e+01
8.710999999999999854e-01,7.181498131177932009e+01
8.715000000000000524e-01,7.197686939870322931e+01
8.718000000000000194e-01,7.195811101257413611e+01
8.720999999999999863e-01,7.191897008083037690e+01
8.728000000000000203e-01,7.188384563157887897e+01
8.730999999999999872e-01,7.197663500913608914e+01
8.735000000000000542e-01,7.199805649410541264e+01
8.738000000000000211e-01,7.191939025243482320e+01
8.743999999999999551e-01,7.214762779290754224e+01
8.748000000000000220e-01,7.212599571295868373e+01
8.750999999999999890e-01,7.215868365636993076e+01
8.754999999999999449e-01,7.214856957566075835e+01
8.761999999999999789e-01,7.185580853902933995e+01
8.766000000000000458e-01,7.185566940178819095e+01
8.769000000000000128e-01,7.195570841995504452e+01
8.772999999999999687e-01,7.206830348598737146e+01
8.780000000000000027e-01,7.179952969802980078e+01
8.782999999999999696e-01,7.174176546880471506e+01
8.786000000000000476e-01,7.150883405075137489e+01
8.789000000000000146e-01,7.116009434445732040e+01
8.796000000000000485e-01,7.133842644296078106e+01
8.799000000000000155e-01,7.131417480027153033e+01
8.802999999999999714e-01,7.136758923854654313e+01
8.806000000000000494e-01,7.118533549809217220e+01
8.811999999999999833e-01,7.110694862090599599e+01
8.816000000000000503e-01,7.105652712647429325e+01
8.819000000000000172e-01,7.096369757474008111e+01
8.821999999999999842e-01,7.117718382504381225e+01
8.828000000000000291e-01,7.154482869031335213e+01
8.831999999999999851e-01,7.157801440882462884e+01
8.834999999999999520e-01,7.133356519511858096e+01
8.838000000000000300e-01,7.117295213748434435e+01
8.844999999999999529e-01,7.116683609235769836e+01
8.848000000000000309e-01,7.112665738608188803e+01
8.850999999999999979e-01,7.111356591870276134e+01
8.854999999999999538e-01,7.112042232129465447e+01
8.860999999999999988e-01,7.111971982025283978e+01
8.864999999999999547e-01,7.091198726520383389e+01
8.868000000000000327e-01,7.087171469238091959e+01
8.871999999999999886e-01,7.097035688892196958e+01
8.878000000000000336e-01,7.125758040525693104e+01
8.881999999999999895e-01,7.109326977470618658e+01
8.884999999999999565e-01,7.119744522985274671e+01
8.888000000000000345e-01,7.135496741531392217e+01
8.894999999999999574e-01,7.159331997351682730e+01
8.898000000000000353e-01,7.164778811358110033e+01
8.901999999999999913e-01,7.161099947861362125e+01
8.904999999999999583e-01,7.188635341863118811e+01
8.911999999999999922e-01,7.179106608394499744e+01
8.914999999999999591e-01,7.167124197351949988e+01
8.919000000000000261e-01,7.178689064915965901e+01
8.921999999999999931e-01,7.190549249670425525e+01
8.929000000000000270e-01,7.213707340455584927e+01
8.931999999999999940e-01,7.215428997331036953e+01
8.934999999999999609e-01,7.238428322034155826e+01
8.939000000000000279e-01,7.245496040167495266e+01
8.944999999999999618e-01,7.249463267315150006e+01
8.949000000000000288e-01,7.267412422734037136e+01
8.951999999999999957e-01,7.280258163905659785e+01
8.954999999999999627e-01,7.301959562448746510e+01
8.958000000000000407e-01,7.312147560364542187e+01
8.964999999999999636e-01,7.307223832372551442e+01
8.968000000000000416e-01,7.297351657960530247e+01
8.971999999999999975e-01,7.299832915935394340e+01
8.974999999999999645e-01,7.295851840512318631e+01
8.981000000000000094e-01,7.284724938668500727e+01
8.984999999999999654e-01,7.284210489220413365e+01
8.988000000000000433e-01,7.285895609317071830e+01
8.991000000000000103e-01,7.224098309519899885e+01
8.999000000000000332e-01,7.202316326973232208e+01
9.002000000000000002e-01,7.221175758385061272e+01
9.004999999999999671e-01,7.228163099034418337e+01
9.009000000000000341e-01,7.234412492093838409e+01
9.015999999999999570e-01,7.228138155682677279e+01
9.019000000000000350e-01,7.229402365436976652e+01
9.022000000000000020e-01,7.237324552014911205e+01
9.024999999999999689e-01,7.227439773896912811e+01
9.032000000000000028e-01,7.232924212095531402e+01
9.034999999999999698e-01,7.222813853662660222e+01
9.038000000000000478e-01,7.221727222066101604e+01
9.042000000000000037e-01,7.208946506391953335e+01
9.048000000000000487e-01,7.202236868119075552e+01
9.052000000000000046e-01,7.210546525062954970e+01
9.054999999999999716e-01,7.185428411664179293e+01
9.059000000000000385e-01,7.151078402759003438e+01
9.064999999999999725e-01,7.158360068515617058e+01
9.069000000000000394e-01,7.158764548255567206e+01
9.072000000000000064e-01,7.149773211615820401e+01
9.075999999999999623e-01,7.148075447850123965e+01
9.079000000000000403e-01,7.133530372169775546e+01
9.085999999999999632e-01,7.112468062568655114e+01
9.089000000000000412e-01,7.111382818666015737e+01
9.092000000000000082e-01,7.112497122895865687e+01
9.099000000000000421e-01,7.105736234788059846e+01
9.102000000000000091e-01,7.085727546526322840e+01
9.105999999999999650e-01,7.071011954623236306e+01
9.109000000000000430e-01,7.075177094261584898e+01
9.115999999999999659e-01,7.052126865724994786e+01
9.120000000000000329e-01,7.053255509225846254e+01
9.122999999999999998e-01,7.052667182499271803e+01
9.126999999999999558e-01,7.030679510335176019e+01
9.133999999999999897e-01,7.026069534335260869e+01
9.136999999999999567e-01,7.014924828061339213e+01
9.140000000000000346e-01,7.020045777891505168e+01
9.143999999999999906e-01,7.017737312001850114e+01
9.150000000000000355e-01,7.012317487473342226e+01
9.153999999999999915e-01,7.014973185578560333e+01
9.156999999999999584e-01,7.001429774444977738e+01
9.160000000000000364e-01,7.043058430710084394e+01
9.166999999999999593e-01,7.064711860096281271e+01
9.170000000000000373e-01,7.054618651298073928e+01
9.173999999999999932e-01,7.059385150685398003e+01
9.177999999999999492e-01,7.032969952229609589e+01
9.184999999999999831e-01,7.042626012604887364e+01
9.187999999999999501e-01,7.040303825062437681e+01
9.191000000000000281e-01,7.036836614276239743e+01
9.194999999999999840e-01,7.050996021643936729e+01
9.202000000000000179e-01,7.063141270084747703e+01
9.204999999999999849e-01,7.042362515612467178e+01
9.209000000000000519e-01,7.029020819798302000e+01
9.212000000000000188e-01,7.026452036102273269e+01
9.217999999999999527e-01,7.032093344800364321e+01
9.222000000000000197e-01,7.048487010387907503e+01
9.224999999999999867e-01,7.072032192676988416e+01
9.227999999999999536e-01,7.107157252101887934e+01
9.234999999999999876e-01,7.101847000128327636e+01
9.237999999999999545e-01,7.105828840909953215e+01
9.242000000000000215e-01,7.098429389718648963e+01
9.244999999999999885e-01,7.097680358014031299e+01
9.252000000000000224e-01,7.119363407333571558e+01
9.255999999999999783e-01,7.140895275787192986e+01
9.258999999999999453e-01,7.146306563069083495e+01
9.262000000000000233e-01,7.142127778450230835e+01
9.268999999999999462e-01,7.155813275869445533e+01
9.272000000000000242e-01,7.151575639634825166e+01
9.274999999999999911e-01,7.155219247071499922e+01
9.278999999999999471e-01,7.151885574228799669e+01
9.284999999999999920e-01,7.169419967667636229e+01
9.288999999999999480e-01,7.161508540537170120e+01
9.292000000000000259e-01,7.148931565249063169e+01
9.294999999999999929e-01,7.184344277888726538e+01
9.302000000000000268e-01,7.207125535518139259e+01
9.304999999999999938e-01,7.211772472430448033e+01
9.308999999999999497e-01,7.191477594434240928e+01
9.312000000000000277e-01,7.205539605074295650e+01
9.318999999999999506e-01,7.228379193630962618e+01
9.322000000000000286e-01,7.228238479316200937e+01
9.325999999999999845e-01,7.258062976194037219e+01
9.333000000000000185e-01,7.268996635585062904e+01
9.335999999999999854e-01,7.260293273448905893e+01
9.338999999999999524e-01,7.266223096140151938e+01
9.343000000000000194e-01,7.259290057305906885e+01
9.348999999999999533e-01,7.260441240406794350e+01
9.353000000000000203e-01,7.239767738632349392e+01
9.355999999999999872e-01,7.246937635712515657e+01
9.363000000000000211e-01,7.248234730358672095e+01
9.365999999999999881e-01,7.245753433030768065e+01
9.370000000000000551e-01,7.234583149351374232e+01
9.373000000000000220e-01,7.242241227681938653e+01
9.379999999999999449e-01,7.252077561670876094e+01
9.383000000000000229e-01,7.237800699768558843e+01
9.385999999999999899e-01,7.259522222908412914e+01
9.388999999999999568e-01,7.247575517278596635e+01
9.395999999999999908e-01,7.222700786943755702e+01
9.398999999999999577e-01,7.210018183594070251e+01
9.403000000000000247e-01,7.208041066012083320e+01
9.405999999999999917e-01,7.195937032775691478e+01
9.413000000000000256e-01,7.201822215021093143e+01
9.415999999999999925e-01,7.217224917747512336e+01
9.418999999999999595e-01,7.228845935976573855e+01
9.425999999999999934e-01,7.228716435672686202e+01
9.428999999999999604e-01,7.235062098826006149e+01
9.432000000000000384e-01,7.225315111946974866e+01
9.435999999999999943e-01,7.217066913018197738e+01
9.442000000000000393e-01,7.201147523770782755e+01
9.445999999999999952e-01,7.187356248260903158e+01
9.448999999999999622e-01,7.203281727201965623e+01
9.452000000000000401e-01,7.184829565274253582e+01
9.458999999999999631e-01,7.166171607044952907e+01
9.462000000000000410e-01,7.174002825663615113e+01
9.465999999999999970e-01,7.141335085622699808e+01
9.468999999999999639e-01,7.133573202750835662e+01
9.475000000000000089e-01,7.138448249837824733e+01
9.477999999999999758e-01,7.188620250054373173e+01
9.481000000000000538e-01,7.177036835949843407e+01
9.484000000000000208e-01,7.163647499040666844e+01
9.491000000000000547e-01,7.163280406822877922e+01
9.494000000000000217e-01,7.136226779401044951e+01
9.496999999999999886e-01,7.105379798196213414e+01
9.499999999999999556e-01,7.110525020572094945e+01
9.506999999999999895e-01,7.121672397655629538e+01
9.510999999999999455e-01,7.127403439357135539e+01
9.514000000000000234e-01,7.138242856553256388e+01
9.517999999999999794e-01,7.146879161551328252e+01
9.524000000000000243e-01,7.147446047619882847e+01
9.527999999999999803e-01,7.142103211139760788e+01
9.530999999999999472e-01,7.137064536530965597e+01
9.535000000000000142e-01,7.156343521938401864e+01
9.540999999999999481e-01,7.153460944394305443e+01
9.545000000000000151e-01,7.145731347387618371e+01
9.547999999999999821e-01,7.151338863408159341e+01
9.550999999999999490e-01,7.139220533317848094e+01
9.557999999999999829e-01,7.117235021737133138e+01
9.562000000000000499e-01,7.143121490149496822e+01
9.565000000000000169e-01,7.128293012323979383e+01
9.567999999999999838e-01,7.124445278457574204e+01
9.574000000000000288e-01,7.136200182770107858e+01
9.577999999999999847e-01,7.144500494779049404e+01
9.580999999999999517e-01,7.140784325977278968e+01
9.585000000000000187e-01,7.112561350478063105e+01
9.590999999999999526e-01,7.098025592791805138e+01
9.595000000000000195e-01,7.082800062280580278e+01
9.597999999999999865e-01,7.066818551161986761e+01
9.602000000000000535e-01,7.069850829601477926e+01
9.605000000000000204e-01,7.085815304716084029e+01
9.612000000000000544e-01,7.082428248977953444e+01
9.615000000000000213e-01,7.070531532426093690e+01
9.618999999999999773e-01,7.084028209057146341e+01
9.626000000000000112e-01,7.094945957957975224e+01
9.628999999999999782e-01,7.103373297311327406e+01
9.631999999999999451e-01,7.111538544435029507e+01
9.635000000000000231e-01,7.098632406347155666e+01
9.640999999999999570e-01,7.092845753906726713e+01
9.644000000000000350e-01,7.054520461506172069e+01
9.647000000000000020e-01,7.061695295030222042e+01
9.649999999999999689e-01,7.054531917124245410e+01
9.657000000000000028e-01,7.039320868420622901e+01
9.659999999999999698e-01,7.016626844869892921e+01
9.664000000000000368e-01,7.025751325888995780e+01
9.667000000000000037e-01,7.020466613133180545e+01
9.673000000000000487e-01,6.993512214494830914e+01
9.677000000000000046e-01,6.994128326072086566e+01
9.679999999999999716e-01,7.002806248112324283e+01
9.683000000000000496e-01,7.018961061598224660e+01
9.689999999999999725e-01,7.035651033239400931e+01
9.693000000000000504e-01,7.034854092462182962e+01
9.696000000000000174e-01,7.036975859887161278e+01
9.698999999999999844e-01,7.026284197366771878e+01
9.706000000000000183e-01,7.061853070295614998e+01
9.708999999999999853e-01,7.063023981916921912e+01
9.711999999999999522e-01,7.071160707051603822e+01
9.715000000000000302e-01,7.053989511406257407e+01
9.721999999999999531e-01,7.047857887462441795e+01
9.726000000000000201e-01,7.046283621316979406e+01
9.728999999999999870e-01,7.048033744042481885e+01
9.731999999999999540e-01,7.021468446883795878e+01
9.738999999999999879e-01,7.032130575940686867e+01
9.741999999999999549e-01,7.015597042699073427e+01
9.746000000000000218e-01,6.996011833720103823e+01
9.748999999999999888e-01,7.010063391447033609e+01
9.756000000000000227e-01,6.996155159984914462e+01
9.758999999999999897e-01,7.002591220735780553e+01
9.761999999999999567e-01,7.019798886009220951e+01
9.765000000000000346e-01,7.008651000844974988e+01
9.771999999999999575e-01,7.007959027671449803e+01
9.775000000000000355e-01,7.018291901756742845e+01
9.778999999999999915e-01,7.032272585231544326e+01
9.781999999999999584e-01,7.025368765868915943e+01
9.788000000000000034e-01,7.039886284691010587e+01
9.791999999999999593e-01,7.040949136064591585e+01
9.795000000000000373e-01,7.053599236110881066e+01
9.798999999999999932e-01,7.051603321935249369e+01
9.805000000000000382e-01,7.054520387858360664e+01
9.808000000000000052e-01,7.062024596567925983e+01
9.811999999999999611e-01,7.059251774409062818e+01
9.815000000000000391e-01,7.075317703662881286e+01
9.820999999999999730e-01,7.080773861704369665e+01
9.825000000000000400e-01,7.105580246109025211e+01
9.827000000000000179e-01,7.113066181410545141e+01
9.830999999999999739e-01,7.147484985929190771e+01
9.837000000000000188e-01,7.159860176804204457e+01
9.839999999999999858e-01,7.149934349573891268e+01
9.844000000000000528e-01,7.168694012992045828e+01
9.847000000000000197e-01,7.152364178112907211e+01
9.854000000000000536e-01,7.141865034565989845e+01
9.857000000000000206e-01,7.149141203344765927e+01
9.860999999999999766e-01,7.138799462439919807e+01
9.864000000000000545e-01,7.132567546799987213e+01
9.869999999999999885e-01,7.087959074932587100e+01
9.874000000000000554e-01,7.104098157781845657e+01
9.877000000000000224e-01,7.102562528949192711e+01
9.879999999999999893e-01,7.110248214037119396e+01
9.887000000000000233e-01,7.129747378279421355e+01
9.889999999999999902e-01,7.111667601929934790e+01
9.892999999999999572e-01,7.115595510803836987e+01
9.897000000000000242e-01,7.154648984551158719e+01
9.903999999999999471e-01,7.147338842919998569e+01
9.907000000000000250e-01,7.141883224824414356e+01
9.909999999999999920e-01,7.161305586261869394e+01
9.913999999999999480e-01,7.157304281222604914e+01
9.920999999999999819e-01,7.186326725560206796e+01
9.923999999999999488e-01,7.173479723560581078e+01
9.927000000000000268e-01,7.178027422720765571e+01
9.930999999999999828e-01,7.201813396623333574e+01
9.938000000000000167e-01,7.199977601489945300e+01
9.940999999999999837e-01,7.211917722013754428e+01
9.945000000000000506e-01,7.211914865520520834e+01
9.951999999999999735e-01,7.212938579825413399e+01
9.955000000000000515e-01,7.194569457631291698e+01
9.958000000000000185e-01,7.186121261584776221e+01
9.961999999999999744e-01,7.190386573793807656e+01
9.969000000000000083e-01,7.188257649715956177e+01
9.971999999999999753e-01,7.195315444348807432e+01
9.975000000000000533e-01,7.205558349469652057e+01
9.979000000000000092e-01,7.176463668719361522e+01
9.986000000000000432e-01,7.182468565286103512e+01
9.989999999999999991e-01,7.196513075827829198e+01
9.992999999999999661e-01,7.192102392767992569e+01
1.000000000000000000e+00,7.179888781473709969e+01
1.000299999999999967e+00,7.165859904410740455e+01
1.000599999999999934e+00,7.173671103381047942e+01
1.000899999999999901e+00,7.186190423095104052e+01
1.001600000000000046e+00,7.165725916240330662e+01
1.001900000000000013e+00,7.172313414030213607e+01
1.002299999999999969e+00,7.164224864632546996e+01
1.002599999999999936e+00,7.170262175389075310e+01
1.003300000000000081e+00,7.204581984461242428e+01
1.003700000000000037e+00,7.198736813060668283e+01
1.004000000000000004e+00,7.208673251640720991e+01
1.004299999999999971e+00,7.193593019741092576e+01
1.004999999999999893e+00,7.176542494011073359e+01
1.005300000000000082e+00,7.171478232690560617e+01
1.006000000000000005e+00,7.146772120872469714e+01
1.006399999999999961e+00,7.146967391767975641e+01
1.006799999999999917e+00,7.158898730209762107e+01
1.007100000000000106e+00,7.138013811501878081e+01
1.007800000000000029e+00,7.117843465712348916e+01
1.008099999999999996e+00,7.109294590957438231e+01
1.008399999999999963e+00,7.107591611120574271e+01
1.008799999999999919e+00,7.118528832635342951e+01
1.009400000000000075e+00,7.107631270692650105e+01
1.009800000000000031e+00,7.105831679042171345e+01
1.010099999999999998e+00,7.117159142926539062e+01
1.010499999999999954e+00,7.095286863323258331e+01
1.011200000000000099e+00,7.110391421495432951e+01
1.011600000000000055e+00,7.093185751932173844e+01
1.011900000000000022e+00,7.072493067400500877e+01
1.012199999999999989e+00,7.055249207193696748e+01
1.012899999999999912e+00,7.064844606203701005e+01
1.013200000000000101e+00,7.074921527147967026e+01
1.013600000000000056e+00,7.074404534954078372e+01
1.014299999999999979e+00,7.092174687639771946e+01
1.014599999999999946e+00,7.104920089082293089e+01
1.014899999999999913e+00,7.093472620618263136e+01
1.015300000000000091e+00,7.135600344652038984e+01
1.016000000000000014e+00,7.125730574788030935e+01
1.016299999999999981e+00,7.119911695868199786e+01
1.016599999999999948e+00,7.121146344796716221e+01
1.017300000000000093e+00,7.145448117012119837e+01
1.017600000000000060e+00,7.126585901875955642e+01
1.018000000000000016e+00,7.140422908752657349e+01
1.018299999999999983e+00,7.144260365758532316e+01
1.018899999999999917e+00,7.127415725659079726e+01
1.019300000000000095e+00,7.134896733003392910e+01
1.019600000000000062e+00,7.135936146839958383e+01
1.020299999999999985e+00,7.128188921140235834e+01
1.020599999999999952e+00,7.110003877054396071e+01
1.020899999999999919e+00,7.105317999262319972e+01
1.021600000000000064e+00,7.104324345345798974e+01
1.021900000000000031e+00,7.087066893036671900e+01
1.022199999999999998e+00,7.095059869196688851e+01
1.022599999999999953e+00,7.086819616689308532e+01
1.023200000000000109e+00,7.098674663296401377e+01
1.023500000000000076e+00,7.091456309149930348e+01
1.023900000000000032e+00,7.061727071325731231e+01
1.024199999999999999e+00,7.071135823458166669e+01
1.024899999999999922e+00,7.097288999144643640e+01
1.025300000000000100e+00,7.129510791531492941e+01
1.025600000000000067e+00,7.115926385608463534e+01
1.026000000000000023e+00,7.122600164848108761e+01
1.026699999999999946e+00,7.125870318153602057e+01
1.026999999999999913e+00,7.131896829368042745e+01
1.027300000000000102e+00,7.115366526906586842e+01
1.027600000000000069e+00,7.109318903639655218e+01
1.028299999999999992e+00,7.103264511035945361e+01
1.028599999999999959e+00,7.128238777602518894e+01
1.028899999999999926e+00,7.154100519327175789e+01
1.029199999999999893e+00,7.171485735474129797e+01
1.029900000000000038e+00,7.146834941348492976e+01
1.030200000000000005e+00,7.163012229965966071e+01
1.030599999999999961e+00,7.148267656394023106e+01
1.031199999999999894e+00,7.156081596939316114e+01
1.031600000000000072e+00,7.147312581090227468e+01
1.031900000000000039e+00,7.159405342608647516e+01
1.032200000000000006e+00,7.140848118154531221e+01
1.032899999999999929e+00,7.151181387695692138e+01
1.033199999999999896e+00,7.154998181304404170e+01
1.033600000000000074e+00,7.154996723834619843e+01
1.033900000000000041e+00,7.128277800658679553e+01
1.034599999999999964e+00,7.133552261857971644e+01
1.034899999999999931e+00,7.107349895491938696e+01
1.035199999999999898e+00,7.100946277637694948e+01
1.035600000000000076e+00,7.123218731625661349e+01
1.036200000000000010e+00,7.097438009726306518e+01
1.036599999999999966e+00,7.094259091568369513e+01
1.036899999999999933e+00,7.092388211797651820e+01
1.037199999999999900e+00,7.081289331745779236e+01
1.037900000000000045e+00,7.085590750165715690e+01
1.038200000000000012e+00,7.105694810727572985e+01
1.038499999999999979e+00,7.116073468435047289e+01
1.038799999999999946e+00,7.122641620550280095e+01
1.039500000000000091e+00,7.116063193666491316e+01
1.039800000000000058e+00,7.127308633526990889e+01
1.040200000000000014e+00,7.148545050957909552e+01
1.040599999999999969e+00,7.148959420845335444e+01
1.040899999999999936e+00,7.152992420763916925e+01
1.041600000000000081e+00,7.145176995193310177e+01
1.041900000000000048e+00,7.141509685303753940e+01
1.042200000000000015e+00,7.156281156334284788e+01
1.042599999999999971e+00,7.149514799477037741e+01
1.043199999999999905e+00,7.141510036249383120e+01
1.043600000000000083e+00,7.128108637214609189e+01
1.043900000000000050e+00,7.131755327870337169e+01
1.044200000000000017e+00,7.142716383737706565e+01
1.044999999999999929e+00,7.148149360040406464e+01
1.045299999999999896e+00,7.123504322545340983e+01
1.045600000000000085e+00,7.109370051770679311e+01
1.046000000000000041e+00,7.093734081525326474e+01
1.046599999999999975e+00,7.107317691320054109e+01
1.046999999999999931e+00,7.068521267910682582e+01
1.047299999999999898e+00,7.070183731122369863e+01
1.047600000000000087e+00,7.056851505273220937e+01
1.048300000000000010e+00,7.024487417884370188e+01
1.048599999999999977e+00,6.997155317347937853e+01
1.048999999999999932e+00,7.011676378841934820e+01
1.049299999999999899e+00,7.003049567155971999e+01
1.049900000000000055e+00,6.984341333714974098e+01
1.050300000000000011e+00,6.970682362930824638e+01
1.050599999999999978e+00,6.961881682007083327e+01
1.050899999999999945e+00,6.978013755866982137e+01
1.051600000000000090e+00,6.965450012019573478e+01
1.051900000000000057e+00,6.986138481798548128e+01
1.052300000000000013e+00,6.978680171561859424e+01
1.052999999999999936e+00,7.004576925014112021e+01
1.053299999999999903e+00,7.011708767629897920e+01
1.053600000000000092e+00,7.018014360395454787e+01
1.053900000000000059e+00,7.007807987948604023e+01
1.054499999999999993e+00,7.005885578919401269e+01
1.054899999999999949e+00,6.975366159199461435e+01
1.055199999999999916e+00,6.983314082543802215e+01
1.055800000000000072e+00,6.977589495664437891e+01
1.056200000000000028e+00,6.995407003397554035e+01
1.056499999999999995e+00,6.981174597702192841e+01
1.056899999999999951e+00,6.994361624310681691e+01
1.057500000000000107e+00,7.012218218219209120e+01
1.057800000000000074e+00,7.017289577242195264e+01
1.058200000000000029e+00,7.013696489967833259e+01
1.058499999999999996e+00,7.019196097152735092e+01
1.059199999999999919e+00,7.007515863507728682e+01
1.059500000000000108e+00,7.019567750157284536e+01
1.059900000000000064e+00,7.020080206057014038e+01
1.060200000000000031e+00,7.025911807076045079e+01
1.060799999999999965e+00,7.016991760035011794e+01
1.061199999999999921e+00,7.002896100851216943e+01
1.061500000000000110e+00,6.985340736452917554e+01
1.061900000000000066e+00,6.976562214304431109e+01
1.062500000000000000e+00,6.968121397927598082e+01
1.062799999999999967e+00,6.991675493128559538e+01
1.063099999999999934e+00,7.010995330729497255e+01
1.063399999999999901e+00,7.010319502425113569e+01
1.064100000000000046e+00,7.000994964694109512e+01
1.064400000000000013e+00,7.007459319468330250e+01
1.064799999999999969e+00,7.019389606708864449e+01
1.065099999999999936e+00,7.052812853295313289e+01
1.065800000000000081e+00,7.050307999728670438e+01
1.066100000000000048e+00,7.068886161912655552e+01
1.066500000000000004e+00,7.096951488942568176e+01
1.066799999999999971e+00,7.098824689289745038e+01
1.067399999999999904e+00,7.098900321778342004e+01
1.067700000000000093e+00,7.085563292873985120e+01
1.068000000000000060e+00,7.101205225104195051e+01
1.068400000000000016e+00,7.067118288866913645e+01
1.068999999999999950e+00,7.043215912761365871e+01
1.069299999999999917e+00,7.039936887477961136e+01
1.069700000000000095e+00,7.048340224256230613e+01
1.070000000000000062e+00,7.053265385092663564e+01
1.070699999999999985e+00,7.080654320735925467e+01
1.070999999999999952e+00,7.078206949468426501e+01
1.071399999999999908e+00,7.097759294610432335e+01
1.072000000000000064e+00,7.092949909319145263e+01
1.072400000000000020e+00,7.101892722594061524e+01
1.072699999999999987e+00,7.094360063835483743e+01
1.073399999999999910e+00,7.105287450540777172e+01
1.073700000000000099e+00,7.069688046945225324e+01
1.074000000000000066e+00,7.074972128916260772e+01
1.074400000000000022e+00,7.073034424180355018e+01
1.074999999999999956e+00,7.096188040165429811e+01
1.075399999999999912e+00,7.068705841377800425e+01
1.076000000000000068e+00,7.083332105429576586e+01
1.076300000000000034e+00,7.063475480149941177e+01
1.076699999999999990e+00,7.073190255391386927e+01
1.077299999999999924e+00,7.083296086292671134e+01
1.077700000000000102e+00,7.114637334103895228e+01
1.078000000000000069e+00,7.117281287917126065e+01
1.078300000000000036e+00,7.105834639305680867e+01
1.079099999999999948e+00,7.107174634220268672e+01
1.079399999999999915e+00,7.123426308572948074e+01
1.079700000000000104e+00,7.118393567062889815e+01
1.080000000000000071e+00,7.101170236686448334e+01
1.080699999999999994e+00,7.106413249925685705e+01
1.080999999999999961e+00,7.126289165224147837e+01
1.081399999999999917e+00,7.117089055054088931e+01
1.081700000000000106e+00,7.124720465268910630e+01
1.082400000000000029e+00,7.123371978330396814e+01
1.082799999999999985e+00,7.103046552656883250e+01
1.083099999999999952e+00,7.078823671596319400e+01
1.083399999999999919e+00,7.088890627067735295e+01
1.084100000000000064e+00,7.111205123508557335e+01
1.084400000000000031e+00,7.131596692635639556e+01
1.084799999999999986e+00,7.127496035999342894e+01
1.085099999999999953e+00,7.141136657746233141e+01
1.085800000000000098e+00,7.146526436605927302e+01
1.086100000000000065e+00,7.168555193300562678e+01
1.086400000000000032e+00,7.136634931038565810e+01
1.086799999999999988e+00,7.130453302828095730e+01
1.087099999999999955e+00,7.098078849261355572e+01
1.087800000000000100e+00,7.068442986763989211e+01
1.088100000000000067e+00,7.078966607500774444e+01
1.088400000000000034e+00,7.094307879650000359e+01
1.088799999999999990e+00,7.110649771847965894e+01
1.089399999999999924e+00,7.100389917213897206e+01
1.089699999999999891e+00,7.109853217543991377e+01
1.090100000000000069e+00,7.121546802258080788e+01
1.090400000000000036e+00,7.130021694717424907e+01
1.091099999999999959e+00,7.126293623936794575e+01
1.091399999999999926e+00,7.096472261525195790e+01
1.091800000000000104e+00,7.087085054332123946e+01
1.092500000000000027e+00,7.090449255687849472e+01
1.092799999999999994e+00,7.069798598617057905e+01
1.093199999999999950e+00,7.066756416060229640e+01
1.093499999999999917e+00,7.042191643938849666e+01
1.094300000000000050e+00,7.034250413151880821e+01
1.094600000000000017e+00,7.021346108433067457e+01
1.094899999999999984e+00,7.019095860678203280e+01
1.095199999999999951e+00,7.026517746628223904e+01
1.095900000000000096e+00,7.044039766878563569e+01
1.096300000000000052e+00,7.049313716001779540e+01
1.096600000000000019e+00,7.044539812131984036e+01
1.096899999999999986e+00,7.041031090741012122e+01
1.097599999999999909e+00,7.036386157112860928e+01
1.098000000000000087e+00,7.001744065438833786e+01
1.098300000000000054e+00,6.990134226163354469e+01
1.098999999999999977e+00,6.972822573432199533e+01
1.099299999999999944e+00,6.954450169997721787e+01
1.099699999999999900e+00,6.956603444385541479e+01
1.100100000000000078e+00,6.968623218741709024e+01
1.100700000000000012e+00,6.940191187983577947e+01
1.101099999999999968e+00,6.953357805880227716e+01
1.101399999999999935e+00,6.961381348119311951e+01
1.101699999999999902e+00,6.946293542008356781e+01
1.102400000000000047e+00,6.933873445615608944e+01
1.102700000000000014e+00,6.926503492583719890e+01
1.102999999999999980e+00,6.923755604554162346e+01
1.103599999999999914e+00,6.944866851552365006e+01
1.103900000000000103e+00,6.956789541178591207e+01
1.104200000000000070e+00,6.977315612554525615e+01
1.104600000000000026e+00,6.981811499795139753e+01
1.105199999999999960e+00,6.983797272285869440e+01
1.105599999999999916e+00,6.970203453316776177e+01
1.106000000000000094e+00,6.953913699830150108e+01
1.106300000000000061e+00,6.954283199288624928e+01
1.106700000000000017e+00,6.932515470307976102e+01
1.107299999999999951e+00,6.891218633527591919e+01
1.107699999999999907e+00,6.878892716564428156e+01
1.108000000000000096e+00,6.879314016999410342e+01
1.108300000000000063e+00,6.880136236267139793e+01
1.108600000000000030e+00,6.868774003643034121e+01
1.109299999999999953e+00,6.876672356472545289e+01
1.109699999999999909e+00,6.886072397428074510e+01
1.110000000000000098e+00,6.895479075885805287e+01
1.110400000000000054e+00,6.909682752303046982e+01
1.111099999999999977e+00,6.907804541287919164e+01
1.111499999999999932e+00,6.898071581416729714e+01
1.111799999999999899e+00,6.907251327049880274e+01
1.112200000000000077e+00,6.922118120615346015e+01
1.112500000000000044e+00,6.913690053768664256e+01
1.113099999999999978e+00,6.884409614353648976e+01
1.113399999999999945e+00,6.890477839602817767e+01
1.113699999999999912e+00,6.882795098007613888e+01
1.114300000000000068e+00,6.893524978814389215e+01
1.114600000000000035e+00,6.887602877074823482e+01
1.114900000000000002e+00,6.871222536659774960e+01
1.115199999999999969e+00,6.886282939706438810e+01
1.115799999999999903e+00,6.874357771489735569e+01
1.116200000000000081e+00,6.884952204658611663e+01
1.116600000000000037e+00,6.881084705361126908e+01
1.116900000000000004e+00,6.868436828975541175e+01
1.117499999999999938e+00,6.827828426754990687e+01
1.117899999999999894e+00,6.813336975932315909e+01
1.118200000000000083e+00,6.848446924009317627e+01
1.118600000000000039e+00,6.850959554593282519e+01
1.119299999999999962e+00,6.865681410091201542e+01
1.119599999999999929e+00,6.848140734527692075e+01
1.119899999999999896e+00,6.854560552954649211e+01
1.120700000000000029e+00,6.847382573243658044e+01
1.120999999999999996e+00,6.831187368256928494e+01
1.121299999999999963e+00,6.839734980798516517e+01
1.121599999999999930e+00,6.848724427795241354e+01
1.122400000000000064e+00,6.834680087791480219e+01
1.122700000000000031e+00,6.840606735195456167e+01
1.122999999999999998e+00,6.823448270904327728e+01
1.123299999999999965e+00,6.835732957617574357e+01
1.124100000000000099e+00,6.858555476263131823e+01
1.124400000000000066e+00,6.873341578460963319e+01
1.124700000000000033e+00,6.862496636035348274e+01
1.125099999999999989e+00,6.876537760893552331e+01
1.125699999999999923e+00,6.873344291511898518e+01
1.126100000000000101e+00,6.874509151474762803e+01
1.126400000000000068e+00,6.885589446007929837e+01
1.126700000000000035e+00,6.885487921179014847e+01
1.127399999999999958e+00,6.891193229215423344e+01
1.127699999999999925e+00,6.900064257428016390e+01
1.127999999999999892e+00,6.888252665067989255e+01
1.128400000000000070e+00,6.869048731365910498e+01
1.129099999999999993e+00,6.852775593247929464e+01
1.129499999999999948e+00,6.834934849493879483e+01
1.129799999999999915e+00,6.834294175840182106e+01
1.130200000000000093e+00,6.837752662492425770e+01
1.130800000000000027e+00,6.843682098585850326e+01
1.131199999999999983e+00,6.834151021670982118e+01
1.131499999999999950e+00,6.862122095260269816e+01
1.131899999999999906e+00,6.893045912246884654e+01
1.132500000000000062e+00,6.897863724593048573e+01
1.132800000000000029e+00,6.906555646209017141e+01
1.133199999999999985e+00,6.894835141730004580e+01
1.133499999999999952e+00,6.876359466545250143e+01
1.134200000000000097e+00,6.893154735875282313e+01
1.134500000000000064e+00,6.897948653777552863e+01
1.134800000000000031e+00,6.909600357949238969e+01
1.135199999999999987e+00,6.890452687055062597e+01
1.135799999999999921e+00,6.900187227160631664e+01
1.136100000000000110e+00,6.880780821582743556e+01
1.136400000000000077e+00,6.898385343846598516e+01
1.136800000000000033e+00,6.906307010404270841e+01
1.137499999999999956e+00,6.886825300399641492e+01
1.137799999999999923e+00,6.912097541847469984e+01
1.138200000000000101e+00,6.923082814157669418e+01
1.138600000000000056e+00,6.894380250295353108e+01
1.139199999999999990e+00,6.904076804280475699e+01
1.139499999999999957e+00,6.878088015468529193e+01
1.139799999999999924e+00,6.882868882837215097e+01
1.140200000000000102e+00,6.884151512131052186e+01
1.140900000000000025e+00,6.895805292120644481e+01
1.141199999999999992e+00,6.888795227682408040e+01
1.141499999999999959e+00,6.898448018791827963e+01
1.141899999999999915e+00,6.884181787074044223e+01
1.142500000000000071e+00,6.878108750923274783e+01
1.142800000000000038e+00,6.871805373436495756e+01
1.143199999999999994e+00,6.869083568077030577e+01
1.143499999999999961e+00,6.862639794501433244e+01
1.144200000000000106e+00,6.854062165592767997e+01
1.144500000000000073e+00,6.861615902529297273e+01
1.144900000000000029e+00,6.878517470689689617e+01
1.145299999999999985e+00,6.900336369207798271e+01
1.145999999999999908e+00,6.908147944626830395e+01
1.146300000000000097e+00,6.923603553231077967e+01
1.146600000000000064e+00,6.934253267574081292e+01
1.147000000000000020e+00,6.921130975264100016e+01
1.147599999999999953e+00,6.929240927094792823e+01
1.147899999999999920e+00,6.960161961686526411e+01
1.148200000000000109e+00,6.951871578079158098e+01
1.148500000000000076e+00,6.950011331582641105e+01
1.149199999999999999e+00,6.946009483987427302e+01
1.149499999999999966e+00,6.931229278198884458e+01
1.149899999999999922e+00,6.926266528789847143e+01
1.150199999999999889e+00,6.928481393442916669e+01
1.150900000000000034e+00,6.924409051171232932e+01
1.151200000000000001e+00,6.924508979684173937e+01
1.151499999999999968e+00,6.900058753634061759e+01
1.151899999999999924e+00,6.897914099133777199e+01
1.152500000000000080e+00,6.880940533695252270e+01
1.152900000000000036e+00,6.893458084596045410e+01
1.153200000000000003e+00,6.886191274289012654e+01
1.153499999999999970e+00,6.862219327555931159e+01
1.154199999999999893e+00,6.870719692678380852e+01
1.154500000000000082e+00,6.861616142635898541e+01
1.154900000000000038e+00,6.839863403824119814e+01
1.155200000000000005e+00,6.864569741534501190e+01
1.155899999999999928e+00,6.861819782224915798e+01
1.156199999999999894e+00,6.897982619441313545e+01
1.156500000000000083e+00,6.911372820917017634e+01
1.156900000000000039e+00,6.914823865716311957e+01
1.157599999999999962e+00,6.902968091953516705e+01
1.157899999999999929e+00,6.895201568843754103e+01
1.158199999999999896e+00,6.875707503884768812e+01
1.158600000000000074e+00,6.890522740858568795e+01
1.159299999999999997e+00,6.913639306307732113e+01
1.159599999999999964e+00,6.919681740412920590e+01
1.159899999999999931e+00,6.924794416965892196e+01
1.160300000000000109e+00,6.924717877177022274e+01
1.161000000000000032e+00,6.916673758253887172e+01
1.161299999999999999e+00,6.921627309719769983e+01
1.161599999999999966e+00,6.926131206541754182e+01
1.162500000000000089e+00,6.894132485794102649e+01
1.162800000000000056e+00,6.883328237417595119e+01
1.163200000000000012e+00,6.883182282983761979e+01
1.163499999999999979e+00,6.896009435502787710e+01
1.164199999999999902e+00,6.893680190390864482e+01
1.164500000000000091e+00,6.911696232578674426e+01
1.164800000000000058e+00,6.892206768377650405e+01
1.165200000000000014e+00,6.895806742684658275e+01
1.165499999999999980e+00,6.882505543191655306e+01
1.166199999999999903e+00,6.887135098964631652e+01
1.166500000000000092e+00,6.911077118291723309e+01
1.166800000000000059e+00,6.918289288894015954e+01
1.167100000000000026e+00,6.927019867150079335e+01
1.167799999999999949e+00,6.943153171462904538e+01
1.168099999999999916e+00,6.956895182050493531e+01
1.168400000000000105e+00,6.965225097086954520e+01
1.168700000000000072e+00,6.967840390048650079e+01
1.169399999999999995e+00,6.952472464450829648e+01
1.169699999999999962e+00,6.966642015825914314e+01
1.169999999999999929e+00,6.973080449054691599e+01
1.170299999999999896e+00,6.959344552832612862e+01
1.171000000000000041e+00,6.955342849110456882e+01
1.171300000000000008e+00,6.948320064043355160e+01
1.171699999999999964e+00,6.955041762150790419e+01
1.172299999999999898e+00,6.919768074431181049e+01
1.172600000000000087e+00,6.920918029614699662e+01
1.173000000000000043e+00,6.895408804718613283e+01
1.173300000000000010e+00,6.908475837076980497e+01
1.173999999999999932e+00,6.924996087452586835e+01
1.174299999999999899e+00,6.936220190541780539e+01
1.174700000000000077e+00,6.953929191481279304e+01
1.175000000000000044e+00,6.973654343042721848e+01
1.175599999999999978e+00,6.965291388351897695e+01
1.175899999999999945e+00,6.942426774652403765e+01
1.176299999999999901e+00,6.946511648620207779e+01
1.176600000000000090e+00,6.947085094255589865e+01
1.177200000000000024e+00,6.957404224814808913e+01
1.177599999999999980e+00,6.957738618393636898e+01
1.177999999999999936e+00,6.944850791407952784e+01
1.178299999999999903e+00,6.916972473841587998e+01
1.179000000000000048e+00,6.927109671883954434e+01
1.179300000000000015e+00,6.933488755264988868e+01
1.179599999999999982e+00,6.932895496035189353e+01
1.179899999999999949e+00,6.913305633950949414e+01
1.180600000000000094e+00,6.923669616963456974e+01
1.180900000000000061e+00,6.896634394149737091e+01
1.181200000000000028e+00,6.877720887202735867e+01
1.181599999999999984e+00,6.872605592842887745e+01
1.182199999999999918e+00,6.882174868836727910e+01
1.182600000000000096e+00,6.872413968212640611e+01
1.182900000000000063e+00,6.859322295467563890e+01
1.183300000000000018e+00,6.857793128254547810e+01
1.183999999999999941e+00,6.853169844551439382e+01
1.184299999999999908e+00,6.828818786489273407e+01
1.184600000000000097e+00,6.837257074425428982e+01
1.184900000000000064e+00,6.842176006909426178e+01
1.185599999999999987e+00,6.836540689138200833e+01
1.185899999999999954e+00,6.853765147135550251e+01
1.186099999999999932e+00,6.854568561953919925e+01
1.186399999999999899e+00,6.847557179765271940e+01
1.186800000000000077e+00,6.861405064723658143e+01
1.187500000000000000e+00,6.892806286768018253e+01
1.187799999999999967e+00,6.897020038440086864e+01
1.188199999999999923e+00,6.898858559708310167e+01
1.188900000000000068e+00,6.931205368003998046e+01
1.189200000000000035e+00,6.935858543644849306e+01
1.189599999999999991e+00,6.942195492474570528e+01
1.189899999999999958e+00,6.923809799419677802e+01
1.190499999999999892e+00,6.910522345604113070e+01
1.190800000000000081e+00,6.905075377702451078e+01
1.191100000000000048e+00,6.897535002129575332e+01
1.191799999999999971e+00,6.898841549331996248e+01
1.192099999999999937e+00,6.899444292131079237e+01
1.192399999999999904e+00,6.898141478094476042e+01
1.192800000000000082e+00,6.892333790945554028e+01
1.193500000000000005e+00,6.882438349444851156e+01
1.193799999999999972e+00,6.846322900705695247e+01
1.194099999999999939e+00,6.856689797728745361e+01
1.194399999999999906e+00,6.851321983550883488e+01
1.195000000000000062e+00,6.854688259172689868e+01
1.195300000000000029e+00,6.863555811103856286e+01
1.195599999999999996e+00,6.860536683062514385e+01
1.195999999999999952e+00,6.850529303298526429e+01
1.196299999999999919e+00,6.873003443528864409e+01
1.197000000000000064e+00,6.878541812061303062e+01
1.197500000000000009e+00,6.882172974213449379e+01
1.197799999999999976e+00,6.909193882109093465e+01
1.198399999999999910e+00,6.917701511026098160e+01
1.198700000000000099e+00,6.935745643444101916e+01
1.199100000000000055e+00,6.930058140594474025e+01
1.199500000000000011e+00,6.953342245633689345e+01
1.199999999999999956e+00,6.956687903152055696e+01
1.200299999999999923e+00,6.976972280288305228e+01
1.200700000000000101e+00,6.992807575159667977e+01
1.201000000000000068e+00,6.982818502400027683e+01
1.201600000000000001e+00,6.984598609507520450e+01
1.202299999999999924e+00,6.996219972445828716e+01
1.202700000000000102e+00,6.982584805943042738e+01
1.203000000000000069e+00,6.965380744700519244e+01
1.203300000000000036e+00,6.958231819434286081e+01
1.203999999999999959e+00,6.970488179396329542e+01
1.204299999999999926e+00,6.932890761710427796e+01
1.204700000000000104e+00,6.910917999233788578e+01
1.205000000000000071e+00,6.911065856030177201e+01
1.205699999999999994e+00,6.887711545223578469e+01
1.205999999999999961e+00,6.891050714437574243e+01
1.206299999999999928e+00,6.893141918422611525e+01
1.206599999999999895e+00,6.903044085227156756e+01
1.207200000000000051e+00,6.894236071756313322e+01
1.207600000000000007e+00,6.883758495062784277e+01
1.207999999999999963e+00,6.876371132663189201e+01
1.208299999999999930e+00,6.855769423240985816e+01
1.208599999999999897e+00,6.872451092671099104e+01
1.209400000000000031e+00,6.873251766064640833e+01
1.209699999999999998e+00,6.868773345292288468e+01
1.210099999999999953e+00,6.869376463543585487e+01
1.210399999999999920e+00,6.897801355628030251e+01
1.211100000000000065e+00,6.887689415390332215e+01
1.211400000000000032e+00,6.873648499334672124e+01
1.211699999999999999e+00,6.903142400053752681e+01
1.212399999999999922e+00,6.906328182545689742e+01
1.212699999999999889e+00,6.889591203040185974e+01
1.213100000000000067e+00,6.891664687652814791e+01
1.213400000000000034e+00,6.872145083571513169e+01
1.214099999999999957e+00,6.842834610228169367e+01
1.214399999999999924e+00,6.851991507820048355e+01
1.214699999999999891e+00,6.850713246090299435e+01
1.215000000000000080e+00,6.845387742261368658e+01
1.215700000000000003e+00,6.827316933692623024e+01
1.215999999999999970e+00,6.828488899181093075e+01
1.216299999999999937e+00,6.795268719643786426e+01
1.216699999999999893e+00,6.799529884140201830e+01
1.217400000000000038e+00,6.774521197224225944e+01
1.217700000000000005e+00,6.765829648146609543e+01
1.217999999999999972e+00,6.754562440301947390e+01
1.218299999999999939e+00,6.750943789140296758e+01
1.219000000000000083e+00,6.742742479638400255e+01
1.219300000000000050e+00,6.744885801950431414e+01
1.219700000000000006e+00,6.737392302415537415e+01
1.219999999999999973e+00,6.732895759338703101e+01
1.220800000000000107e+00,6.733284016850370790e+01
1.221100000000000074e+00,6.747277000837925698e+01
1.221500000000000030e+00,6.783777177749857401e+01
1.222099999999999964e+00,6.800729675188631518e+01
1.222399999999999931e+00,6.805716052941716043e+01
1.222800000000000109e+00,6.814864565332391066e+01
1.223100000000000076e+00,6.807893883494398324e+01
1.223799999999999999e+00,6.797890902463541352e+01
1.224199999999999955e+00,6.785722067007304759e+01
1.224499999999999922e+00,6.791752938392301076e+01
1.224800000000000111e+00,6.808885283464769600e+01
1.225500000000000034e+00,6.829579136550160001e+01
1.225800000000000001e+00,6.809643121095564311e+01
1.226199999999999957e+00,6.811019283506743704e+01
1.226799999999999891e+00,6.820025257763177251e+01
1.227100000000000080e+00,6.802624919126242276e+01
1.227500000000000036e+00,6.782897857219654725e+01
1.227700000000000014e+00,6.780050897311161862e+01
1.228399999999999936e+00,6.790178820033747797e+01
1.228699999999999903e+00,6.766429713953243663e+01
1.229000000000000092e+00,6.765561397173883051e+01
1.229400000000000048e+00,6.787278226376952261e+01
1.230099999999999971e+00,6.780733771003292532e+01
1.230499999999999927e+00,6.784602984420916982e+01
1.230799999999999894e+00,6.820046241770455708e+01
1.231100000000000083e+00,6.826613812217692612e+01
1.231800000000000006e+00,6.817290829272678820e+01
1.232099999999999973e+00,6.836438816223949289e+01
1.232399999999999940e+00,6.829847488103405340e+01
1.232799999999999896e+00,6.832310270192533608e+01
1.233500000000000041e+00,6.859148691284212873e+01
1.233800000000000008e+00,6.846463041431707097e+01
1.234099999999999975e+00,6.862145665296543484e+01
1.234499999999999931e+00,6.862483506545390810e+01
1.234799999999999898e+00,6.867066187952150358e+01
1.235500000000000043e+00,6.866870193763611496e+01
1.235800000000000010e+00,6.857360510188595981e+01
1.236099999999999977e+00,6.853661511757377411e+01
1.236499999999999932e+00,6.853099783650100107e+01
1.237200000000000077e+00,6.861393439538505845e+01
1.237500000000000044e+00,6.871334334286370904e+01
1.237900000000000000e+00,6.854495208451248800e+01
1.238199999999999967e+00,6.857001391124640577e+01
1.238899999999999890e+00,6.840814921517585390e+01
1.239200000000000079e+00,6.834584967097475783e+01
1.239500000000000046e+00,6.811306508161783313e+01
1.239900000000000002e+00,6.813015993974840967e+01
1.240499999999999936e+00,6.822205231497491695e+01
1.240899999999999892e+00,6.835458519232201979e+01
1.241300000000000070e+00,6.816409312051678171e+01
1.241900000000000004e+00,6.790102703432057751e+01
1.242199999999999971e+00,6.765575938721144666e+01
1.242499999999999938e+00,6.770492765815424718e+01
1.242899999999999894e+00,6.750275797367066843e+01
1.243500000000000050e+00,6.743533921605398973e+01
1.243800000000000017e+00,6.766281446522771148e+01
1.244199999999999973e+00,6.770794279327810727e+01
1.244899999999999896e+00,6.771111649127419696e+01
1.245200000000000085e+00,6.775528702704900752e+01
1.245500000000000052e+00,6.803009084967629860e+01
1.245900000000000007e+00,6.794468595681678380e+01
1.246599999999999930e+00,6.801974867772514699e+01
1.246899999999999897e+00,6.807552839176923953e+01
1.247200000000000086e+00,6.814569342849267741e+01
1.247600000000000042e+00,6.806502980104846756e+01
1.248299999999999965e+00,6.800130837934989358e+01
1.248599999999999932e+00,6.787512291539883336e+01
1.249300000000000077e+00,6.775066282616899116e+01
1.249600000000000044e+00,6.787022453934628174e+01
1.250000000000000000e+00,6.803790977556923281e+01
1.250299999999999967e+00,6.781289474179925492e+01
1.250999999999999890e+00,6.785460178690686917e+01
1.251300000000000079e+00,6.770798948599690448e+01
1.251600000000000046e+00,6.760094836921621209e+01
1.252199999999999980e+00,6.781035665326476192e+01
1.252499999999999947e+00,6.771693549579208593e+01
1.252799999999999914e+00,6.772177136078676085e+01
1.253100000000000103e+00,6.797837418262338360e+01
1.253800000000000026e+00,6.810836816084770362e+01
1.254199999999999982e+00,6.822292448768121176e+01
1.254499999999999948e+00,6.807613304759570383e+01
1.254799999999999915e+00,6.820798617392279084e+01
1.255500000000000060e+00,6.801557484779482365e+01
1.255900000000000016e+00,6.799457706970133586e+01
1.256199999999999983e+00,6.816528054300420081e+01
1.256599999999999939e+00,6.820543003615898670e+01
1.257300000000000084e+00,6.812377144449123989e+01
1.257600000000000051e+00,6.822585910435736878e+01
1.257900000000000018e+00,6.810081274842809762e+01
1.258199999999999985e+00,6.818359435386219047e+01
1.258899999999999908e+00,6.834715048131033654e+01
1.259200000000000097e+00,6.829367056604678510e+01
1.259500000000000064e+00,6.826561130671029787e+01
1.259800000000000031e+00,6.841618609595320777e+01
1.260499999999999954e+00,6.826423568175368928e+01
1.260899999999999910e+00,6.807013207873524152e+01
1.261200000000000099e+00,6.812127373529801844e+01
1.261500000000000066e+00,6.819958603166014655e+01
1.262199999999999989e+00,6.827042982072293853e+01
1.262599999999999945e+00,6.808483205745437772e+01
1.262899999999999912e+00,6.819207031433893462e+01
1.263300000000000090e+00,6.810352523882602327e+01
1.264000000000000012e+00,6.811160405247210292e+01
1.264299999999999979e+00,6.804361678834970917e+01
1.264599999999999946e+00,6.804456865027736967e+01
1.264999999999999902e+00,6.785931787901063217e+01
1.265600000000000058e+00,6.786583479943647035e+01
1.265900000000000025e+00,6.783619953492166132e+01
1.266199999999999992e+00,6.766824509528669296e+01
1.266499999999999959e+00,6.740233582617224783e+01
1.267200000000000104e+00,6.742337662341742544e+01
1.267500000000000071e+00,6.741759373628724461e+01
1.267800000000000038e+00,6.732882083546564900e+01
1.268199999999999994e+00,6.722699718738863339e+01
1.268499999999999961e+00,6.701740866811451269e+01
1.269200000000000106e+00,6.700682818000632324e+01
1.269500000000000073e+00,6.712097486946004210e+01
1.269800000000000040e+00,6.683403823996627580e+01
1.270499999999999963e+00,6.693712281068292214e+01
1.270799999999999930e+00,6.700117206661229829e+01
1.271200000000000108e+00,6.697584728856304537e+01
1.271500000000000075e+00,6.689124714590570875e+01
1.272299999999999986e+00,6.692621968148000633e+01
1.272599999999999953e+00,6.682895836682723711e+01
1.272899999999999920e+00,6.668513983771413223e+01
1.273700000000000054e+00,6.667928788289850672e+01
1.274000000000000021e+00,6.689402673236759256e+01
1.274299999999999988e+00,6.666281583484237672e+01
1.274599999999999955e+00,6.664059368499283664e+01
1.275199999999999889e+00,6.671855543747506090e+01
1.275600000000000067e+00,6.665999863662727876e+01
1.275900000000000034e+00,6.684642168544655760e+01
1.276200000000000001e+00,6.676164342991978629e+01
1.276899999999999924e+00,6.675045712290307165e+01
1.277300000000000102e+00,6.687940889206220163e+01
1.277900000000000036e+00,6.687897295954599031e+01
1.278299999999999992e+00,6.705146616702404572e+01
1.278899999999999926e+00,6.700851472292993094e+01
1.279199999999999893e+00,6.680186268240640857e+01
1.279500000000000082e+00,6.672216134735344895e+01
1.279800000000000049e+00,6.695936498879882492e+01
1.280399999999999983e+00,6.692579730180295883e+01
1.280799999999999939e+00,6.695957140021914711e+01
1.281500000000000083e+00,6.694025601852194995e+01
1.281900000000000039e+00,6.693777137125584886e+01
1.282200000000000006e+00,6.719539800018969800e+01
1.282999999999999918e+00,6.744803204355253001e+01
1.283300000000000107e+00,6.731890079152503858e+01
1.284000000000000030e+00,6.722181919595891486e+01
1.284299999999999997e+00,6.730950452601973666e+01
1.284599999999999964e+00,6.730145543866524349e+01
1.284999999999999920e+00,6.719937625183229102e+01
1.285600000000000076e+00,6.715840243667321374e+01
1.286000000000000032e+00,6.728944389309458529e+01
1.286299999999999999e+00,6.702204993317559456e+01
1.286999999999999922e+00,6.703988326410035370e+01
1.287300000000000111e+00,6.691089984422274028e+01
1.287600000000000078e+00,6.720330430077592609e+01
1.287900000000000045e+00,6.717030389518913580e+01
1.288499999999999979e+00,6.721626477198879002e+01
1.288899999999999935e+00,6.732134317496525000e+01
1.289199999999999902e+00,6.741992578733902519e+01
1.289600000000000080e+00,6.733227674640215810e+01
1.290300000000000002e+00,6.733514208614792551e+01
1.290599999999999969e+00,6.750574155782078378e+01
1.290999999999999925e+00,6.753305057445982129e+01
1.291299999999999892e+00,6.753545789748159223e+01
1.291900000000000048e+00,6.743801694899298127e+01
1.292300000000000004e+00,6.746364604087284533e+01
1.292599999999999971e+00,6.736876830114488257e+01
1.292999999999999927e+00,6.733317875065108638e+01
1.293700000000000072e+00,6.732423683411184356e+01
1.294000000000000039e+00,6.716490857075405074e+01
1.294300000000000006e+00,6.708745405557988306e+01
1.294699999999999962e+00,6.707101547582283274e+01
1.295299999999999896e+00,6.716315423280889263e+01
1.295600000000000085e+00,6.688427226323824470e+01
1.295900000000000052e+00,6.676141895500904866e+01
1.296300000000000008e+00,6.679931316072315894e+01
1.296899999999999942e+00,6.683680988867263295e+01
1.297500000000000098e+00,6.656316694203269435e+01
1.297900000000000054e+00,6.674401304451021133e+01
1.298300000000000010e+00,6.680244933235667304e+01
1.298899999999999944e+00,6.658777146399211233e+01
1.299299999999999899e+00,6.642520686726061285e+01
1.299700000000000077e+00,6.611532596748293145e+01
1.300300000000000011e+00,6.586318023112107767e+01
1.300699999999999967e+00,6.585795651347575586e+01
1.300999999999999934e+00,6.596835317984664471e+01
1.301299999999999901e+00,6.602436655495989726e+01
1.302000000000000046e+00,6.603864681593108799e+01
1.302200000000000024e+00,6.636305886379409458e+01
1.302499999999999991e+00,6.662036430783768992e+01
1.302899999999999947e+00,6.674118647979776142e+01
1.303600000000000092e+00,6.685768150214994421e+01
1.303900000000000059e+00,6.676312240779361673e+01
1.304200000000000026e+00,6.679258161915208802e+01
1.304599999999999982e+00,6.663479770191906937e+01
1.305299999999999905e+00,6.654561357202896943e+01
1.305600000000000094e+00,6.643020633694686694e+01
1.305900000000000061e+00,6.629851064976969610e+01
1.306200000000000028e+00,6.635301290636857630e+01
1.306799999999999962e+00,6.648365407356027390e+01
1.307199999999999918e+00,6.635383702387775884e+01
1.307500000000000107e+00,6.598458999740387299e+01
1.307800000000000074e+00,6.587769680138876538e+01
1.308499999999999996e+00,6.569538631703903775e+01
1.308899999999999952e+00,6.575701951085784458e+01
1.309199999999999919e+00,6.580122818797099171e+01
1.309600000000000097e+00,6.582190753467580180e+01
1.310200000000000031e+00,6.598502486759525709e+01
1.310499999999999998e+00,6.594415598172190585e+01
1.310799999999999965e+00,6.633623866953848847e+01
1.311199999999999921e+00,6.646362810975847424e+01
1.311800000000000077e+00,6.652454146650120492e+01
1.312100000000000044e+00,6.638470040093375246e+01
1.312400000000000011e+00,6.654558650067042436e+01
1.312799999999999967e+00,6.679921438085580121e+01
1.313499999999999890e+00,6.675442138878133846e+01
1.313800000000000079e+00,6.667637616502315723e+01
1.314200000000000035e+00,6.667142532377465614e+01
1.314500000000000002e+00,6.660135959062449729e+01
1.315199999999999925e+00,6.656887951089743183e+01
1.315600000000000103e+00,6.684479428999316042e+01
1.315900000000000070e+00,6.689325649805095964e+01
1.316300000000000026e+00,6.691804265085806946e+01
1.316599999999999993e+00,6.695080274360225303e+01
1.317299999999999915e+00,6.697284866733684794e+01
1.317600000000000104e+00,6.703284828302412279e+01
1.317900000000000071e+00,6.682408599720065467e+01
1.318300000000000027e+00,6.700740871903690277e+01
1.318999999999999950e+00,6.674282860601510947e+01
1.319299999999999917e+00,6.658522947633605327e+01
1.319700000000000095e+00,6.637472895059477196e+01
1.320000000000000062e+00,6.646470660987984047e+01
1.320599999999999996e+00,6.672787338063790230e+01
1.320899999999999963e+00,6.679216238055801114e+01
1.321199999999999930e+00,6.678172038373736541e+01
1.321600000000000108e+00,6.675620914490855284e+01
1.322200000000000042e+00,6.663824833673857029e+01
1.322500000000000009e+00,6.663393936742068036e+01
1.322899999999999965e+00,6.664449090367838835e+01
1.323199999999999932e+00,6.643602653842390282e+01
1.323900000000000077e+00,6.670440334682780303e+01
1.324200000000000044e+00,6.708870318794356535e+01
1.324500000000000011e+00,6.724664998033972552e+01
1.324899999999999967e+00,6.728750885968770490e+01
1.325599999999999890e+00,6.731124303245883311e+01
1.325900000000000079e+00,6.737926992807047100e+01
1.326200000000000045e+00,6.753949330128239126e+01
1.326600000000000001e+00,6.745030696698654538e+01
1.327299999999999924e+00,6.749768312515652724e+01
1.327599999999999891e+00,6.727444599110594936e+01
1.327900000000000080e+00,6.736154712420398027e+01
1.328200000000000047e+00,6.713602637191502254e+01
1.328899999999999970e+00,6.726755734800099162e+01
1.329199999999999937e+00,6.726728635171161841e+01
1.329499999999999904e+00,6.715383800383847301e+01
1.329900000000000082e+00,6.723144961843922829e+01
1.330500000000000016e+00,6.723425623093930881e+01
1.330899999999999972e+00,6.731090875413929098e+01
1.331199999999999939e+00,6.728794799615138800e+01
1.331499999999999906e+00,6.720661106390616624e+01
1.332100000000000062e+00,6.705228831016415825e+01
1.332400000000000029e+00,6.677712439650645138e+01
1.332799999999999985e+00,6.680317056307535495e+01
1.333499999999999908e+00,6.703407667881538146e+01
1.333800000000000097e+00,6.702182924141379772e+01
1.334100000000000064e+00,6.683869102328753797e+01
1.334500000000000020e+00,6.692908287946329438e+01
1.335199999999999942e+00,6.680592543503007619e+01
1.335499999999999909e+00,6.699590885549991981e+01
1.335900000000000087e+00,6.693384628909848288e+01
1.336200000000000054e+00,6.716472929396400104e+01
1.336899999999999977e+00,6.728618059448626809e+01
1.337299999999999933e+00,6.719401042628305731e+01
1.337599999999999900e+00,6.714284819163572138e+01
1.337900000000000089e+00,6.714672299359654062e+01
1.338600000000000012e+00,6.730465136791303848e+01
1.338899999999999979e+00,6.751411340047343401e+01
1.339199999999999946e+00,6.761817553487344412e+01
1.339499999999999913e+00,6.740887727839140098e+01
1.340200000000000058e+00,6.733557896424758837e+01
1.340500000000000025e+00,6.725757360690477071e+01
1.340799999999999992e+00,6.715710036912196301e+01
1.341199999999999948e+00,6.721379998698103009e+01
1.341800000000000104e+00,6.711535364272276638e+01
1.342100000000000071e+00,6.711092365869990317e+01
1.342500000000000027e+00,6.684928976012588464e+01
1.342799999999999994e+00,6.688879588192071424e+01
1.343499999999999917e+00,6.712933265919991754e+01
1.343900000000000095e+00,6.706602405495209496e+01
1.344200000000000061e+00,6.699963675007893471e+01
1.344899999999999984e+00,6.691161982875041758e+01
1.345299999999999940e+00,6.718271440529929350e+01
1.345599999999999907e+00,6.712925283037316149e+01
1.345900000000000096e+00,6.703642858238163171e+01
1.346500000000000030e+00,6.719176345650771509e+01
1.346899999999999986e+00,6.704394524001259015e+01
1.347199999999999953e+00,6.707951869318935678e+01
1.347499999999999920e+00,6.699371424183914314e+01
1.348200000000000065e+00,6.689455132683929151e+01
1.348500000000000032e+00,6.707934100326815496e+01
1.348799999999999999e+00,6.726100720860267757e+01
1.349199999999999955e+00,6.757863165807634687e+01
1.349800000000000111e+00,6.773832730086724041e+01
1.350200000000000067e+00,6.747011325638004564e+01
1.350500000000000034e+00,6.766046984667627839e+01
1.350899999999999990e+00,6.774336258288667523e+01
1.351499999999999924e+00,6.777421982008240775e+01
1.351799999999999891e+00,6.782245806536366217e+01
1.352100000000000080e+00,6.782341238040680764e+01
1.352500000000000036e+00,6.811171733524383853e+01
1.353199999999999958e+00,6.795865382395413690e+01
1.353499999999999925e+00,6.797278575733503203e+01
1.353799999999999892e+00,6.797248640790780883e+01
1.354100000000000081e+00,6.789862173936990075e+01
1.354800000000000004e+00,6.785302589702610021e+01
1.355199999999999960e+00,6.768235786766013007e+01
1.355499999999999927e+00,6.763529456552782904e+01
1.356100000000000083e+00,6.764319530266061520e+01
1.356400000000000050e+00,6.780536109054651206e+01
1.356800000000000006e+00,6.764575218720551675e+01
1.357099999999999973e+00,6.759352670115617912e+01
1.357799999999999896e+00,6.749939268470484421e+01
1.358100000000000085e+00,6.720702820857263760e+01
1.358500000000000041e+00,6.729158322279545246e+01
1.358800000000000008e+00,6.706007888269800787e+01
1.359499999999999931e+00,6.713327692602024399e+01
1.359799999999999898e+00,6.688304696520049220e+01
1.360200000000000076e+00,6.663878266894448643e+01
1.360500000000000043e+00,6.681353575325761085e+01
1.361099999999999977e+00,6.677796265298229628e+01
1.361399999999999944e+00,6.703982429315078662e+01
1.362000000000000099e+00,6.696629025057632134e+01
1.362300000000000066e+00,6.702801695788934921e+01
1.362600000000000033e+00,6.703385340421664296e+01
1.362999999999999989e+00,6.685713805853583835e+01
1.363599999999999923e+00,6.703138680729739463e+01
1.363899999999999890e+00,6.701400265068946283e+01
1.364700000000000024e+00,6.701306652013886378e+01
1.364999999999999991e+00,6.686555460932868300e+01
1.365299999999999958e+00,6.664100796514389913e+01
1.365699999999999914e+00,6.662738737079052953e+01
1.366300000000000070e+00,6.668132386882052742e+01
1.366600000000000037e+00,6.669179844732138918e+01
1.366900000000000004e+00,6.682145595733732080e+01
1.367199999999999971e+00,6.681504641134961275e+01
1.367799999999999905e+00,6.695772867483742630e+01
1.368200000000000083e+00,6.703100577459395026e+01
1.368500000000000050e+00,6.684411022573908667e+01
1.369199999999999973e+00,6.654627894013378864e+01
1.369599999999999929e+00,6.639414563378522871e+01
1.369899999999999896e+00,6.647371394256333588e+01
1.370300000000000074e+00,6.634386939224054913e+01
1.370999999999999996e+00,6.616053634350396351e+01
1.371299999999999963e+00,6.610696811391244410e+01
1.371699999999999919e+00,6.606070662396223270e+01
1.372000000000000108e+00,6.611207773456544601e+01
1.372300000000000075e+00,6.617034115681167350e+01
1.372999999999999998e+00,6.597497512483232640e+01
1.373299999999999965e+00,6.583999977311327712e+01
1.373599999999999932e+00,6.612904260695654557e+01
1.374000000000000110e+00,6.611232447940119528e+01
1.374700000000000033e+00,6.608497887378757696e+01
1.375000000000000000e+00,6.634473761687263504e+01
1.375299999999999967e+00,6.639305248492587452e+01
1.375599999999999934e+00,6.663230748313208096e+01
1.376300000000000079e+00,6.689090265870754592e+01
1.376600000000000046e+00,6.709206465998863678e+01
1.377000000000000002e+00,6.709868019373811876e+01
1.377299999999999969e+00,6.696476287522091297e+01
1.377899999999999903e+00,6.712167503877276431e+01
1.378300000000000081e+00,6.688844937883982311e+01
1.378600000000000048e+00,6.691159214514050291e+01
1.379000000000000004e+00,6.680651012357998297e+01
1.379599999999999937e+00,6.676283105869515566e+01
1.379899999999999904e+00,6.672216020919586299e+01
1.380300000000000082e+00,6.659714528226027141e+01
1.380900000000000016e+00,6.636594041352350359e+01
1.381199999999999983e+00,6.627641360405095838e+01
1.381499999999999950e+00,6.629929040625415837e+01
1.381899999999999906e+00,6.650687527453260373e+01
1.382500000000000062e+00,6.634407298240535056e+01
1.382900000000000018e+00,6.623143678977362470e+01
1.383199999999999985e+00,6.618043286711167639e+01
1.383599999999999941e+00,6.604970666735175655e+01
1.384200000000000097e+00,6.586070200823451160e+01
1.384600000000000053e+00,6.578959726215543924e+01
1.384900000000000020e+00,6.576509093268964534e+01
1.385199999999999987e+00,6.584592406779256635e+01
1.385899999999999910e+00,6.600827826954628108e+01
1.386200000000000099e+00,6.592918293175011968e+01
1.386600000000000055e+00,6.596514483070200185e+01
1.386900000000000022e+00,6.579580519161390839e+01
1.387499999999999956e+00,6.600923497038161258e+01
1.387799999999999923e+00,6.610374516240995035e+01
1.388099999999999890e+00,6.607326794789833002e+01
1.388400000000000079e+00,6.603219189731612460e+01
1.389100000000000001e+00,6.594310147014175527e+01
1.389499999999999957e+00,6.605897293816519777e+01
1.389799999999999924e+00,6.597014729105126207e+01
1.390099999999999891e+00,6.615118151283081716e+01
1.390800000000000036e+00,6.612995767650863854e+01
1.391199999999999992e+00,6.634076332544645993e+01
1.391499999999999959e+00,6.599231841305004309e+01
1.391799999999999926e+00,6.592697714571113465e+01
1.392500000000000071e+00,6.578266646719271193e+01
1.392900000000000027e+00,6.574339488841792445e+01
1.393199999999999994e+00,6.565184723708512138e+01
1.393899999999999917e+00,6.568250939344716244e+01
1.394200000000000106e+00,6.567019826177715913e+01
1.394500000000000073e+00,6.550904234362974421e+01
1.394800000000000040e+00,6.552836357242631493e+01
1.395499999999999963e+00,6.515774881492097848e+01
1.395799999999999930e+00,6.534089944811262285e+01
1.396099999999999897e+00,6.563313844170625089e+01
1.396400000000000086e+00,6.550167399932820445e+01
1.397100000000000009e+00,6.550090171093324898e+01
1.397499999999999964e+00,6.569636554961766706e+01
1.397799999999999931e+00,6.581807196779845981e+01
1.398099999999999898e+00,6.598461547309261732e+01
1.398700000000000054e+00,6.585958334651513724e+01
1.399100000000000010e+00,6.591301461250259308e+01
1.399399999999999977e+00,6.613487334448586807e+01
1.399799999999999933e+00,6.623630963421169326e+01
1.400600000000000067e+00,6.633230634850178831e+01
1.400900000000000034e+00,6.618557909011565243e+01
1.401299999999999990e+00,6.619231600581406383e+01
1.401599999999999957e+00,6.618491633438247845e+01
1.402300000000000102e+00,6.636389763980832868e+01
1.402600000000000069e+00,6.644518745182290331e+01
1.402900000000000036e+00,6.647394632300552075e+01
1.403200000000000003e+00,6.631744211678596912e+01
1.403799999999999937e+00,6.644547496379095719e+01
1.404099999999999904e+00,6.657244043917603449e+01
1.404500000000000082e+00,6.668291055433655856e+01
1.404800000000000049e+00,6.681965670149497782e+01
1.405499999999999972e+00,6.682098427989262746e+01
1.405799999999999939e+00,6.656917435749642209e+01
1.406199999999999894e+00,6.648338340685427283e+01
1.406600000000000072e+00,6.655370581300667254e+01
1.407200000000000006e+00,6.619203055318644147e+01
1.407499999999999973e+00,6.607134025885466144e+01
1.407799999999999940e+00,6.586092396070444011e+01
1.408199999999999896e+00,6.619901500643891268e+01
1.408600000000000074e+00,6.636315272079514216e+01
1.409200000000000008e+00,6.638060152597449814e+01
1.409499999999999975e+00,6.632172117532900302e+01
1.409899999999999931e+00,6.623750572629933231e+01
1.410500000000000087e+00,6.616431040069278424e+01
1.410800000000000054e+00,6.618031085337702280e+01
1.411100000000000021e+00,6.637187097153355353e+01
1.411399999999999988e+00,6.638968482130871962e+01
1.412099999999999911e+00,6.668042035891403430e+01
1.412400000000000100e+00,6.652936678746914367e+01
1.412700000000000067e+00,6.625036800752127419e+01
1.413000000000000034e+00,6.649058490811580668e+01
1.413699999999999957e+00,6.661613157535180108e+01
1.413999999999999924e+00,6.655666569794266252e+01
1.414299999999999891e+00,6.626139175092544065e+01
1.415000000000000036e+00,6.601434752998602562e+01
1.415300000000000002e+00,6.591134198763597851e+01
1.415699999999999958e+00,6.579332814341614721e+01
1.415999999999999925e+00,6.543725288553832797e+01
1.416700000000000070e+00,6.534409873440586125e+01
1.417000000000000037e+00,6.503681947141149067e+01
1.417300000000000004e+00,6.519433672860463957e+01
1.417699999999999960e+00,6.531025949732133995e+01
1.418400000000000105e+00,6.520862576876970707e+01
1.418700000000000072e+00,6.522650800993869780e+01
1.419000000000000039e+00,6.515115932819162481e+01
1.419399999999999995e+00,6.526127183487847105e+01
1.420099999999999918e+00,6.527278253842814593e+01
1.420400000000000107e+00,6.523677165428375702e+01
1.420800000000000063e+00,6.485288533893617569e+01
1.421000000000000041e+00,6.472703069377894280e+01
1.421699999999999964e+00,6.476336267107831191e+01
1.422099999999999920e+00,6.492333299554161385e+01
1.422400000000000109e+00,6.494065615070712738e+01
1.422700000000000076e+00,6.473876631131133763e+01
1.423300000000000010e+00,6.454152315861279021e+01
1.423699999999999966e+00,6.473275369672774104e+01
1.423999999999999932e+00,6.498259153786784736e+01
1.424299999999999899e+00,6.512228100466745673e+01
1.424700000000000077e+00,6.503377220213155852e+01
1.425300000000000011e+00,6.499553347848564044e+01
1.425699999999999967e+00,6.507418610147874460e+01
1.425999999999999934e+00,6.485646626133666359e+01
1.426700000000000079e+00,6.491719526065708123e+01
1.427100000000000035e+00,6.488991702198245548e+01
1.427400000000000002e+00,6.492809133379910236e+01
1.427799999999999958e+00,6.495382626021023498e+01
1.428099999999999925e+00,6.470074739595133906e+01
1.428800000000000070e+00,6.463397809953153228e+01
1.429100000000000037e+00,6.466522418390218263e+01
1.429400000000000004e+00,6.472566084947175113e+01
1.430099999999999927e+00,6.461670519201288698e+01
1.430399999999999894e+00,6.450325553397851763e+01
1.430800000000000072e+00,6.456317849018819288e+01
1.431100000000000039e+00,6.482187148739308213e+01
1.431799999999999962e+00,6.496660428747259175e+01
1.432199999999999918e+00,6.495838685819603597e+01
1.432500000000000107e+00,6.511474191317529403e+01
1.432800000000000074e+00,6.536272186466226231e+01
1.433499999999999996e+00,6.525060892430337844e+01
1.433799999999999963e+00,6.537361633360114865e+01
1.434099999999999930e+00,6.551689516540341174e+01
1.434500000000000108e+00,6.534730685759996049e+01
1.435200000000000031e+00,6.535628277491036897e+01
1.435499999999999998e+00,6.508560486979990856e+01
1.435799999999999965e+00,6.503804884042324375e+01
1.436099999999999932e+00,6.473231366341201465e+01
1.436700000000000088e+00,6.471983683876896976e+01
1.437000000000000055e+00,6.484913082764683168e+01
1.437400000000000011e+00,6.514070446979462758e+01
1.437699999999999978e+00,6.520587582810981075e+01
1.438299999999999912e+00,6.505531400916356688e+01
1.438700000000000090e+00,6.489977992343915503e+01
1.439100000000000046e+00,6.503676041268477093e+01
1.439500000000000002e+00,6.534963783348644029e+01
1.440099999999999936e+00,6.561351546611831509e+01
1.440399999999999903e+00,6.558432633016923319e+01
1.440800000000000081e+00,6.540478303620329825e+01
1.441100000000000048e+00,6.532020192220079480e+01
1.441699999999999982e+00,6.522442147025572012e+01
1.442099999999999937e+00,6.532972549883857027e+01
1.442399999999999904e+00,6.524887028242665110e+01
1.442800000000000082e+00,6.556345824400636957e+01
1.443400000000000016e+00,6.549045071282148456e+01
1.443699999999999983e+00,6.548616563318500994e+01
1.444099999999999939e+00,6.552851622653383856e+01
1.444499999999999895e+00,6.565396188371073549e+01
1.445200000000000040e+00,6.574129911183104014e+01
1.445599999999999996e+00,6.578346034506535034e+01
1.445999999999999952e+00,6.590240053980801349e+01
1.446299999999999919e+00,6.616192700091482948e+01
1.447000000000000064e+00,6.610972893197754274e+01
1.447300000000000031e+00,6.610953701154062401e+01
1.447599999999999998e+00,6.618722682706288651e+01
1.447899999999999965e+00,6.619410210935598116e+01
1.448600000000000110e+00,6.624565267897401100e+01
1.448800000000000088e+00,6.611353687382506905e+01
1.449100000000000055e+00,6.594974271894170670e+01
1.449400000000000022e+00,6.581283505181045257e+01
1.449999999999999956e+00,6.568485364854996078e+01
1.450299999999999923e+00,6.587640859798261772e+01
1.450599999999999890e+00,6.583274266199873637e+01
1.450900000000000079e+00,6.598049712196666405e+01
1.451699999999999990e+00,6.604526999182257896e+01
1.451999999999999957e+00,6.615540590569571577e+01
1.452399999999999913e+00,6.615893454953766195e+01
1.452700000000000102e+00,6.647318774805603425e+01
1.453400000000000025e+00,6.665753397328512619e+01
1.453699999999999992e+00,6.668182769910640673e+01
1.454099999999999948e+00,6.658389195200720678e+01
1.454599999999999893e+00,6.653496964347277753e+01
1.455000000000000071e+00,6.673401692711490796e+01
1.455300000000000038e+00,6.673321486789927803e+01
1.455600000000000005e+00,6.665229738209586685e+01
1.455899999999999972e+00,6.663319042016951244e+01
1.456499999999999906e+00,6.670698256510513602e+01
1.456900000000000084e+00,6.672345371511028134e+01
1.457200000000000051e+00,6.678412030401364063e+01
1.457500000000000018e+00,6.687658836696505205e+01
1.458099999999999952e+00,6.685228818631003378e+01
1.458399999999999919e+00,6.665190571017296861e+01
1.458700000000000108e+00,6.681485275676664060e+01
1.459100000000000064e+00,6.674121438611041413e+01
1.459799999999999986e+00,6.672888799190263853e+01
1.460099999999999953e+00,6.690184496181745999e+01
1.460499999999999909e+00,6.671462393956448977e+01
1.460900000000000087e+00,6.650576098348687992e+01
1.461600000000000010e+00,6.662442441002190208e+01
1.461899999999999977e+00,6.659050971254896467e+01
1.462299999999999933e+00,6.643421171555951332e+01
1.462599999999999900e+00,6.617155338692668920e+01
1.463300000000000045e+00,6.624225222400127677e+01
1.463600000000000012e+00,6.612898951833335559e+01
1.463999999999999968e+00,6.604977370250708191e+01
1.464299999999999935e+00,6.594124595470930217e+01
1.464699999999999891e+00,6.577770764314777807e+01
1.465400000000000036e+00,6.592940580988511101e+01
1.465700000000000003e+00,6.605494736816467594e+01
1.466099999999999959e+00,6.621012293048397623e+01
1.466399999999999926e+00,6.642295535774178461e+01
1.467100000000000071e+00,6.637088805715757189e+01
1.467400000000000038e+00,6.647597948186307804e+01
1.467700000000000005e+00,6.644590890686231432e+01
1.468399999999999928e+00,6.644868085006442016e+01
1.468699999999999894e+00,6.644931363125056123e+01
1.469100000000000072e+00,6.656743749325823956e+01
1.469400000000000039e+00,6.645305541697166518e+01
1.470099999999999962e+00,6.616938482021646450e+01
1.470499999999999918e+00,6.587259779958253603e+01
1.470800000000000107e+00,6.582807673692445860e+01
1.471200000000000063e+00,6.583454409497062443e+01
1.471799999999999997e+00,6.573857767096910720e+01
1.472199999999999953e+00,6.563909318141372751e+01
1.472499999999999920e+00,6.561151584169556372e+01
1.472900000000000098e+00,6.565487538265733747e+01
1.473600000000000021e+00,6.552313879841676680e+01
1.473899999999999988e+00,6.544693838827515719e+01
1.474199999999999955e+00,6.556335037068197380e+01
1.474599999999999911e+00,6.560696818525161689e+01
1.475200000000000067e+00,6.566784190062162452e+01
1.475500000000000034e+00,6.566955855683613663e+01
1.475899999999999990e+00,6.563934103596693603e+01
1.476599999999999913e+00,6.552618893693875179e+01
1.476900000000000102e+00,6.576308269018045394e+01
1.477200000000000069e+00,6.574910935593493377e+01
1.477600000000000025e+00,6.590132366434409050e+01
1.478299999999999947e+00,6.603466065748784786e+01
1.478599999999999914e+00,6.598042467841150938e+01
1.479000000000000092e+00,6.602640465303989004e+01
1.479600000000000026e+00,6.614457927096373169e+01
1.479999999999999982e+00,6.640236124707575982e+01
1.480599999999999916e+00,6.644984572044768356e+01
1.480900000000000105e+00,6.645727104341335689e+01
1.481300000000000061e+00,6.645097615301347105e+01
1.481899999999999995e+00,6.657050967488180504e+01
1.482299999999999951e+00,6.670269101356825558e+01
1.482599999999999918e+00,6.668172486309617852e+01
1.483300000000000063e+00,6.666175886159021502e+01
1.483700000000000019e+00,6.650058136053121416e+01
1.483899999999999997e+00,6.636116318892891286e+01
1.484599999999999920e+00,6.637437226976476268e+01
1.485000000000000098e+00,6.599814349675284575e+01
1.485300000000000065e+00,6.593168445915648590e+01
1.485700000000000021e+00,6.593779816342726008e+01
1.486299999999999955e+00,6.608226226316037355e+01
1.486699999999999910e+00,6.594567838573561858e+01
1.487000000000000099e+00,6.604160763813843005e+01
1.487300000000000066e+00,6.619957238597999094e+01
1.487999999999999989e+00,6.652618835788894103e+01
1.488299999999999956e+00,6.638577466529523008e+01
1.488699999999999912e+00,6.643123871906868771e+01
1.489000000000000101e+00,6.648064247969728058e+01
1.489700000000000024e+00,6.660099645384320866e+01
1.489999999999999991e+00,6.666903390997754286e+01
1.490499999999999936e+00,6.646284966740495292e+01
1.490799999999999903e+00,6.635722836546324288e+01
1.491500000000000048e+00,6.638792842253315030e+01
1.491800000000000015e+00,6.617340291733125923e+01
1.492099999999999982e+00,6.590614938206704210e+01
1.492499999999999938e+00,6.577686724145155495e+01
1.493100000000000094e+00,6.581348812251076197e+01
1.493400000000000061e+00,6.566739149730847203e+01
1.493800000000000017e+00,6.570822441972995875e+01
1.494199999999999973e+00,6.547350491931865690e+01
1.494799999999999907e+00,6.517434755427962045e+01
1.495200000000000085e+00,6.493654360730874942e+01
1.495500000000000052e+00,6.469234926809281205e+01
1.495800000000000018e+00,6.470688740053878973e+01
1.496399999999999952e+00,6.479005329955111847e+01
1.496799999999999908e+00,6.454877221788478892e+01
1.497100000000000097e+00,6.426037707570208113e+01
1.497500000000000053e+00,6.421271225478699307e+01
1.498199999999999976e+00,6.428247351301092749e+01
1.498599999999999932e+00,6.436766243585589109e+01
1.498899999999999899e+00,6.430566034386129104e+01
1.499300000000000077e+00,6.443173067287284539e+01
1.499900000000000011e+00,6.463098283309227554e+01
1.500199999999999978e+00,6.457555171718558995e+01
1.500599999999999934e+00,6.461233265366604428e+01
1.500799999999999912e+00,6.475654933712644379e+01
1.501500000000000057e+00,6.472728197236278902e+01
1.501800000000000024e+00,6.491739755691219216e+01
1.502099999999999991e+00,6.498963264165649889e+01
1.502399999999999958e+00,6.507022920967278878e+01
1.502999999999999892e+00,6.468877281317691086e+01
1.503400000000000070e+00,6.459291324919763611e+01
1.503700000000000037e+00,6.453832724005178534e+01
1.504000000000000004e+00,6.456573835342851453e+01
1.504699999999999926e+00,6.448831594892976682e+01
1.504999999999999893e+00,6.461141818744795273e+01
1.505400000000000071e+00,6.456437262710392133e+01
1.505700000000000038e+00,6.461271655402811120e+01
1.506299999999999972e+00,6.465086298195387826e+01
1.506699999999999928e+00,6.453624886131569838e+01
1.506999999999999895e+00,6.447195175652586840e+01
1.507300000000000084e+00,6.462757042713201372e+01
1.508000000000000007e+00,6.447304938334696089e+01
1.508299999999999974e+00,6.463903824800354414e+01
1.508699999999999930e+00,6.485486397719205343e+01
1.508999999999999897e+00,6.506556846943408345e+01
1.509600000000000053e+00,6.487831547601808779e+01
1.509900000000000020e+00,6.496669463917351095e+01
1.510299999999999976e+00,6.506916404503135709e+01
1.510599999999999943e+00,6.495312017120158998e+01
1.511300000000000088e+00,6.497114121789786623e+01
1.511600000000000055e+00,6.502858125799525624e+01
1.511900000000000022e+00,6.521273526895515715e+01
1.512299999999999978e+00,6.505796923364255235e+01
1.512899999999999912e+00,6.498229194401505993e+01
1.513200000000000101e+00,6.526765977576565092e+01
1.513500000000000068e+00,6.550683173871789222e+01
1.513900000000000023e+00,6.557987629283888964e+01
1.514499999999999957e+00,6.559850302517156706e+01
1.514899999999999913e+00,6.554300957894156454e+01
1.515200000000000102e+00,6.563861663156853865e+01
1.515600000000000058e+00,6.551778767112841706e+01
1.515900000000000025e+00,6.527703206340515862e+01
1.516499999999999959e+00,6.529859616613680373e+01
1.516899999999999915e+00,6.538198536338018130e+01
1.517200000000000104e+00,6.532288183746118193e+01
1.517500000000000071e+00,6.549539788609104107e+01
1.518100000000000005e+00,6.558490197776541208e+01
1.518499999999999961e+00,6.556323484307358740e+01
1.518699999999999939e+00,6.538301962650575661e+01
1.519099999999999895e+00,6.559833518922528128e+01
1.519700000000000051e+00,6.571032303040124134e+01
1.520000000000000018e+00,6.560348811956782811e+01
1.520299999999999985e+00,6.563908930455068003e+01
1.520999999999999908e+00,6.563354813267210375e+01
1.521400000000000086e+00,6.568205576875902807e+01
1.521700000000000053e+00,6.555667047700103467e+01
1.522100000000000009e+00,6.539385710558121900e+01
1.522699999999999942e+00,6.522353895541004931e+01
1.522999999999999909e+00,6.546203884169653975e+01
1.523300000000000098e+00,6.553497366876536034e+01
1.523600000000000065e+00,6.559360796007536010e+01
1.524299999999999988e+00,6.585842914054364883e+01
1.524599999999999955e+00,6.582623295813527875e+01
1.524999999999999911e+00,6.562223031729649847e+01
1.525300000000000100e+00,6.547937955948714261e+01
1.525600000000000067e+00,6.551841951205119585e+01
1.525900000000000034e+00,6.578308030212497215e+01
1.526599999999999957e+00,6.573228475103815072e+01
1.526899999999999924e+00,6.603959610328752206e+01
1.527600000000000069e+00,6.613142861315714072e+01
1.527900000000000036e+00,6.621030967130059253e+01
1.528299999999999992e+00,6.622472738427313743e+01
1.528599999999999959e+00,6.632599990397420697e+01
1.528999999999999915e+00,6.623155026796007405e+01
1.529700000000000060e+00,6.616764096027895903e+01
1.530000000000000027e+00,6.606455266346893040e+01
1.530299999999999994e+00,6.603369893880289965e+01
1.530699999999999950e+00,6.617959584839832132e+01
1.530999999999999917e+00,6.628272479133875095e+01
1.531600000000000072e+00,6.623683098183687434e+01
1.531900000000000039e+00,6.614999711799168836e+01
1.532200000000000006e+00,6.633434601262410979e+01
1.532499999999999973e+00,6.632880650278389112e+01
1.532899999999999929e+00,6.624027607172456555e+01
1.533500000000000085e+00,6.604207530200210385e+01
1.533800000000000052e+00,6.573065658807013278e+01
1.534399999999999986e+00,6.546309986442065565e+01
1.534799999999999942e+00,6.521072669789850806e+01
1.534999999999999920e+00,6.527435701365311616e+01
1.535400000000000098e+00,6.512942314186807380e+01
1.536100000000000021e+00,6.517381324976872747e+01
1.536399999999999988e+00,6.521815262794689261e+01
1.536699999999999955e+00,6.509603516619381480e+01
1.536999999999999922e+00,6.514874107930086211e+01
1.537700000000000067e+00,6.515074824396720032e+01
1.538000000000000034e+00,6.545956389258344643e+01
1.538300000000000001e+00,6.567660704072773115e+01
1.538699999999999957e+00,6.584360416956906192e+01
1.538999999999999924e+00,6.556648186160441583e+01
1.539800000000000058e+00,6.571025489896260297e+01
1.540200000000000014e+00,6.567516203128457164e+01
1.540499999999999980e+00,6.553231707412487594e+01
1.540799999999999947e+00,6.550551109993102727e+01
1.541500000000000092e+00,6.559967619869121336e+01
1.541800000000000059e+00,6.557869228580238996e+01
1.542100000000000026e+00,6.570561017428258310e+01
1.542399999999999993e+00,6.559264046742305254e+01
1.542999999999999927e+00,6.529106350214419763e+01
1.543299999999999894e+00,6.511943352708317434e+01
1.543600000000000083e+00,6.527978745116115533e+01
1.544000000000000039e+00,6.528005447051691590e+01
1.544699999999999962e+00,6.520161073693748222e+01
1.544999999999999929e+00,6.526397738001969628e+01
1.545400000000000107e+00,6.509620562977352165e+01
1.545800000000000063e+00,6.496864784408103333e+01
1.546499999999999986e+00,6.468901417948495691e+01
1.546799999999999953e+00,6.464577573746646522e+01
1.547099999999999920e+00,6.444208339265742325e+01
1.547500000000000098e+00,6.419329929309174076e+01
1.548100000000000032e+00,6.395251112486425882e+01
1.548499999999999988e+00,6.397228394222179304e+01
1.548799999999999955e+00,6.394392056466745089e+01
1.549099999999999921e+00,6.385674408319596296e+01
1.549900000000000055e+00,6.395259600024860447e+01
1.550200000000000022e+00,6.392607860923021690e+01
1.550499999999999989e+00,6.397867266972752986e+01
1.550799999999999956e+00,6.416404845022339032e+01
1.551399999999999890e+00,6.411156831240941756e+01
1.551700000000000079e+00,6.412217820835508064e+01
1.552000000000000046e+00,6.427898831478523789e+01
1.552599999999999980e+00,6.426821078752823269e+01
1.552999999999999936e+00,6.451325462094246177e+01
1.553299999999999903e+00,6.457260640337335644e+01
1.553600000000000092e+00,6.436386542396348887e+01
1.554300000000000015e+00,6.432397838806923573e+01
1.554599999999999982e+00,6.416476964148887419e+01
1.554899999999999949e+00,6.402783155289216666e+01
1.555299999999999905e+00,6.376631530001031933e+01
1.556000000000000050e+00,6.388292944148838615e+01
1.556300000000000017e+00,6.383906676836045335e+01
1.556699999999999973e+00,6.388179089021127766e+01
1.557299999999999907e+00,6.406986313927177434e+01
1.557700000000000085e+00,6.431812694081304471e+01
1.558100000000000041e+00,6.436635400270301943e+01
1.558799999999999963e+00,6.452975099616878651e+01
1.559199999999999919e+00,6.445062018201429055e+01
1.559500000000000108e+00,6.424979994442969655e+01
1.560200000000000031e+00,6.457555037270503817e+01
1.560599999999999987e+00,6.460496998025769244e+01
1.560899999999999954e+00,6.456000827003003906e+01
1.561199999999999921e+00,6.449093660895437097e+01
1.561800000000000077e+00,6.456472491821477888e+01
1.562100000000000044e+00,6.447833730426350485e+01
1.562500000000000000e+00,6.467350013164536904e+01
1.562799999999999967e+00,6.472645650684557950e+01
1.563399999999999901e+00,6.471096964647722416e+01
1.563700000000000090e+00,6.480339257048171930e+01
1.564000000000000057e+00,6.474896622804658364e+01
1.564300000000000024e+00,6.488848677616761051e+01
1.564999999999999947e+00,6.504243393416254548e+01
1.565299999999999914e+00,6.500379563187448184e+01
1.565700000000000092e+00,6.456976701551320730e+01
1.566000000000000059e+00,6.445856736953578547e+01
1.566699999999999982e+00,6.421386400302139918e+01
1.566999999999999948e+00,6.435812740937535636e+01
1.567399999999999904e+00,6.445196490373200504e+01
1.567700000000000093e+00,6.455403547635501127e+01
1.568400000000000016e+00,6.481378910349872058e+01
1.568699999999999983e+00,6.469081759093523942e+01
1.569099999999999939e+00,6.454441571810025380e+01
1.569399999999999906e+00,6.434636002242768882e+01
1.570100000000000051e+00,6.413278971891122637e+01
1.570400000000000018e+00,6.389606834600408547e+01
1.570699999999999985e+00,6.386144544264971046e+01
1.571099999999999941e+00,6.391083105066059034e+01
1.571700000000000097e+00,6.374965296955042504e+01
1.572100000000000053e+00,6.364801071136457722e+01
1.572400000000000020e+00,6.379935319720971165e+01
1.572699999999999987e+00,6.368609213118179468e+01
1.573299999999999921e+00,6.372406004813228719e+01
1.573900000000000077e+00,6.371828061073756544e+01
1.574300000000000033e+00,6.364070663449092535e+01
1.574500000000000011e+00,6.339479508054637336e+01
1.574899999999999967e+00,6.335216758352908073e+01
1.575700000000000101e+00,6.314475277451992952e+01
1.576000000000000068e+00,6.321999755351998829e+01
1.576400000000000023e+00,6.326568618725718807e+01
1.576699999999999990e+00,6.324245352492857819e+01
1.577399999999999913e+00,6.306651232546869323e+01
1.577700000000000102e+00,6.289531301615488701e+01
1.578100000000000058e+00,6.306243676000008236e+01
1.578400000000000025e+00,6.302525846773482954e+01
1.579099999999999948e+00,6.312490372664024108e+01
1.579499999999999904e+00,6.328527443631742244e+01
1.579800000000000093e+00,6.303163502569509546e+01
1.580200000000000049e+00,6.306697901551819996e+01
1.580899999999999972e+00,6.290653535860315060e+01
1.581199999999999939e+00,6.293906139698083280e+01
1.581499999999999906e+00,6.286947994175557142e+01
1.582200000000000051e+00,6.295366691014919525e+01
1.582500000000000018e+00,6.301324426742939977e+01
1.582899999999999974e+00,6.333583233213721542e+01
1.583199999999999941e+00,6.357609380424696610e+01
1.583800000000000097e+00,6.362914841078895734e+01
1.584100000000000064e+00,6.348631618285276090e+01
1.584400000000000031e+00,6.330227753456415485e+01
1.584600000000000009e+00,6.331023153415139859e+01
1.585299999999999931e+00,6.328229957462031052e+01
1.585599999999999898e+00,6.326471766446911715e+01
1.586000000000000076e+00,6.324575969650618390e+01
1.586300000000000043e+00,6.344589884080187403e+01
1.587099999999999955e+00,6.343338617837730453e+01
1.587499999999999911e+00,6.358353315667909555e+01
1.587900000000000089e+00,6.367484805017443250e+01
1.588200000000000056e+00,6.370988211661301648e+01
1.588799999999999990e+00,6.389861359944757169e+01
1.589199999999999946e+00,6.408008709525893210e+01
1.589499999999999913e+00,6.397536296282623880e+01
1.589800000000000102e+00,6.416901761013286887e+01
1.590400000000000036e+00,6.407122977966650978e+01
1.590700000000000003e+00,6.376133066773604696e+01
1.590999999999999970e+00,6.361018160504022489e+01
1.591399999999999926e+00,6.354162047534919111e+01
1.592000000000000082e+00,6.342754465056782465e+01
1.592300000000000049e+00,6.335620073067684643e+01
1.592600000000000016e+00,6.340132486237416742e+01
1.592899999999999983e+00,6.345816989235322580e+01
1.593699999999999894e+00,6.337545587748013531e+01
1.594000000000000083e+00,6.367041623114346294e+01
1.594400000000000039e+00,6.374919250189986997e+01
1.594700000000000006e+00,6.354826524752866135e+01
1.595399999999999929e+00,6.357757381141846054e+01
1.595699999999999896e+00,6.333403662677596913e+01
1.596000000000000085e+00,6.310456058363638476e+01
1.596300000000000052e+00,6.339947196679850094e+01
1.596600000000000019e+00,6.376369444999568259e+01
1.597199999999999953e+00,6.381933051656665157e+01
1.597499999999999920e+00,6.399768854481362723e+01
1.597900000000000098e+00,6.395354321540071396e+01
1.598200000000000065e+00,6.400985034160976284e+01
1.598899999999999988e+00,6.395421385850499973e+01
1.599199999999999955e+00,6.397501146918352788e+01
1.599599999999999911e+00,6.380387236456590472e+01
1.599900000000000100e+00,6.395103119257100843e+01
1.600600000000000023e+00,6.400016469516981488e+01
1.600899999999999990e+00,6.420591941160819260e+01
1.601199999999999957e+00,6.417399559914338170e+01
1.601499999999999924e+00,6.424898552677336738e+01
1.602200000000000069e+00,6.431821712992814355e+01
1.602500000000000036e+00,6.444012329137626693e+01
1.602899999999999991e+00,6.438306661128740416e+01
1.603099999999999969e+00,6.437016003999588065e+01
1.603900000000000103e+00,6.441992476891459773e+01
1.604300000000000059e+00,6.448449563672033946e+01
1.604600000000000026e+00,6.441767197366993969e+01
1.604999999999999982e+00,6.433768156146834372e+01
1.605699999999999905e+00,6.423865210927760927e+01
1.606100000000000083e+00,6.419833934797634356e+01
1.606400000000000050e+00,6.419181938792303299e+01
1.606700000000000017e+00,6.413473316751628772e+01
1.607399999999999940e+00,6.432004200789810966e+01
1.607699999999999907e+00,6.449198212494798099e+01
1.608100000000000085e+00,6.441683297259010033e+01
1.608400000000000052e+00,6.458938131888135104e+01
1.608999999999999986e+00,6.492150700280171804e+01
1.609399999999999942e+00,6.476112772193005185e+01
1.609699999999999909e+00,6.475247154658859472e+01
1.610000000000000098e+00,6.471751969611932509e+01
1.610700000000000021e+00,6.455962898295115338e+01
1.610999999999999988e+00,6.472260206641362856e+01
1.611299999999999955e+00,6.486292631522951524e+01
1.611699999999999910e+00,6.476119354715774534e+01
1.612300000000000066e+00,6.489459421599008238e+01
1.612700000000000022e+00,6.491877594342645352e+01
1.612999999999999989e+00,6.486912649329019587e+01
1.613399999999999945e+00,6.458208266568112776e+01
1.613899999999999890e+00,6.455543704011211048e+01
1.614300000000000068e+00,6.452784651915271752e+01
1.614600000000000035e+00,6.448316034673916874e+01
1.614900000000000002e+00,6.433290262410150717e+01
1.615499999999999936e+00,6.441625570381734178e+01
1.615899999999999892e+00,6.450271517377541386e+01
1.616200000000000081e+00,6.458061918182488625e+01
1.616600000000000037e+00,6.432734761758911191e+01
1.617199999999999971e+00,6.434319175776749944e+01
1.617499999999999938e+00,6.426326735333282159e+01
1.617799999999999905e+00,6.406298477814266334e+01
1.618200000000000083e+00,6.396631631326590650e+01
1.618800000000000017e+00,6.406641203634649173e+01
1.619199999999999973e+00,6.400755542688261812e+01
1.619599999999999929e+00,6.388007661322330932e+01
1.619899999999999896e+00,6.391896356476195251e+01
1.620200000000000085e+00,6.385902990332533591e+01
1.620900000000000007e+00,6.363619679577391253e+01
1.621299999999999963e+00,6.362839352287551264e+01
1.621599999999999930e+00,6.362610650862757211e+01
1.622300000000000075e+00,6.327643846137652872e+01
1.622600000000000042e+00,6.339791137614952277e+01
1.622900000000000009e+00,6.333155421369451687e+01
1.623199999999999976e+00,6.336475107457226841e+01
1.623899999999999899e+00,6.341222617073640322e+01
1.624200000000000088e+00,6.329362663602660177e+01
1.624500000000000055e+00,6.340930027213607900e+01
1.624900000000000011e+00,6.339365956947881386e+01
1.625599999999999934e+00,6.300556906111728495e+01
1.625899999999999901e+00,6.307676874116737054e+01
1.626200000000000090e+00,6.321595106750464765e+01
1.626600000000000046e+00,6.314312898853518163e+01
1.627199999999999980e+00,6.327289394216336404e+01
1.627499999999999947e+00,6.317386302940280984e+01
1.627799999999999914e+00,6.321679600634820417e+01
1.628100000000000103e+00,6.310983895365347962e+01
1.628800000000000026e+00,6.302761394471599488e+01
1.629099999999999993e+00,6.306919113557523815e+01
1.629499999999999948e+00,6.289277905017797821e+01
1.629799999999999915e+00,6.278742284864847534e+01
1.630400000000000071e+00,6.292331303257219588e+01
1.630800000000000027e+00,6.287599568778387038e+01
1.631099999999999994e+00,6.302099816805412047e+01
1.631499999999999950e+00,6.304909768504285239e+01
1.632100000000000106e+00,6.309351051476983230e+01
1.632500000000000062e+00,6.293476862522516058e+01
1.632800000000000029e+00,6.304224405278660015e+01
1.633099999999999996e+00,6.318026808478612111e+01
1.633799999999999919e+00,6.309728049418617957e+01
1.634100000000000108e+00,6.307449841859488515e+01
1.634500000000000064e+00,6.312383662377692417e+01
1.634800000000000031e+00,6.318285779176949291e+01
1.635399999999999965e+00,6.338804123331055962e+01
1.635699999999999932e+00,6.373526775105119668e+01
1.636100000000000110e+00,6.384092619497528176e+01
1.636500000000000066e+00,6.369654615704644129e+01
1.637100000000000000e+00,6.362155083021343671e+01
1.637499999999999956e+00,6.364002254085357890e+01
1.637799999999999923e+00,6.355121036222408293e+01
1.638200000000000101e+00,6.360823768618706708e+01
1.638900000000000023e+00,6.382409993644546375e+01
1.639199999999999990e+00,6.368774198060123126e+01
1.639599999999999946e+00,6.360272486316239338e+01
1.639899999999999913e+00,6.355853283202009152e+01
1.640700000000000047e+00,6.358896706210657612e+01
1.641000000000000014e+00,6.365774347532283173e+01
1.641299999999999981e+00,6.353632793409474289e+01
1.641599999999999948e+00,6.346708223981977426e+01
1.642200000000000104e+00,6.368280091571364210e+01
1.642600000000000060e+00,6.362827770017747753e+01
1.642900000000000027e+00,6.336415423936409752e+01
1.643299999999999983e+00,6.335310774342360673e+01
1.643799999999999928e+00,6.336060828409813439e+01
1.644099999999999895e+00,6.339325959167172186e+01
1.644500000000000073e+00,6.322207327104842989e+01
1.644800000000000040e+00,6.328500727419009309e+01
1.645499999999999963e+00,6.337248883290885715e+01
1.645799999999999930e+00,6.352965435820374296e+01
1.646200000000000108e+00,6.355024526328043066e+01
1.646500000000000075e+00,6.390996084326616256e+01
1.647199999999999998e+00,6.380306640108324245e+01
1.647499999999999964e+00,6.385467392296254729e+01
1.647899999999999920e+00,6.378153903474299113e+01
1.648200000000000109e+00,6.365876463439053623e+01
1.648500000000000076e+00,6.360478771412022070e+01
1.649100000000000010e+00,6.366913054258770899e+01
1.649499999999999966e+00,6.343633084939051514e+01
1.649699999999999944e+00,6.342289195015769110e+01
1.650099999999999900e+00,6.353702209740140461e+01
1.650700000000000056e+00,6.355519586097648244e+01
1.651100000000000012e+00,6.364112348395133267e+01
1.651399999999999979e+00,6.352202340244980405e+01
1.651799999999999935e+00,6.331263824903135173e+01
1.652400000000000091e+00,6.307863362207285718e+01
1.652800000000000047e+00,6.306678531034117441e+01
1.653100000000000014e+00,6.318171585788218181e+01
1.653499999999999970e+00,6.321864782517513959e+01
1.654099999999999904e+00,6.348046013963607948e+01
1.654400000000000093e+00,6.358536299193951891e+01
1.655100000000000016e+00,6.356610830765407627e+01
1.655799999999999939e+00,6.356448024727137636e+01
1.656099999999999905e+00,6.363970131479868542e+01
1.656500000000000083e+00,6.402065535664291929e+01
1.656800000000000050e+00,6.401550827512255637e+01
1.657200000000000006e+00,6.391986546769476263e+01
1.657799999999999940e+00,6.384472264765486216e+01
1.658099999999999907e+00,6.390611921708773480e+01
1.658500000000000085e+00,6.414498668458986685e+01
1.659100000000000019e+00,6.440408651697657660e+01
1.659499999999999975e+00,6.438960276112629799e+01
1.659899999999999931e+00,6.429953099721319631e+01
1.660199999999999898e+00,6.442595230594019995e+01
1.661000000000000032e+00,6.437620287194590674e+01
1.661299999999999999e+00,6.430644034214060412e+01
1.661699999999999955e+00,6.436586291682169758e+01
1.661999999999999922e+00,6.434190610434598057e+01
1.662700000000000067e+00,6.433514463672622696e+01
1.663000000000000034e+00,6.432158367211673067e+01
1.663200000000000012e+00,6.452643558498675702e+01
1.663499999999999979e+00,6.431558465272382819e+01
1.664199999999999902e+00,6.431864652367517010e+01
1.664500000000000091e+00,6.439739626074879197e+01
1.664800000000000058e+00,6.446693474889457320e+01
1.665100000000000025e+00,6.456440563138312427e+01
1.665799999999999947e+00,6.465632638744273208e+01
1.666099999999999914e+00,6.477101783847160732e+01
1.666500000000000092e+00,6.505576078241415416e+01
1.666800000000000059e+00,6.519193837057537166e+01
1.667399999999999993e+00,6.520779087202822666e+01
1.667699999999999960e+00,6.516331445324908600e+01
1.667999999999999927e+00,6.508502765660364275e+01
1.668400000000000105e+00,6.517547732514071868e+01
1.669000000000000039e+00,6.508091242524528752e+01
1.669300000000000006e+00,6.504625524372522705e+01
1.669599999999999973e+00,6.507268047392562949e+01
1.669999999999999929e+00,6.502590649287890301e+01
1.670600000000000085e+00,6.511233295005945365e+01
1.670900000000000052e+00,6.514595362426916836e+01
1.671200000000000019e+00,6.509538650768081425e+01
1.671599999999999975e+00,6.509482491227527134e+01
1.672299999999999898e+00,6.529726794771113418e+01
1.672700000000000076e+00,6.528906244883978616e+01
1.673100000000000032e+00,6.512210885544050143e+01
1.673399999999999999e+00,6.513200949569431941e+01
1.674099999999999921e+00,6.508354576811393599e+01
1.674400000000000110e+00,6.501859373274919562e+01
1.674700000000000077e+00,6.498145354116991257e+01
1.675100000000000033e+00,6.485698710453425520e+01
1.675699999999999967e+00,6.455545359083180301e+01
1.675999999999999934e+00,6.449476299918455879e+01
1.676399999999999890e+00,6.446419905744687640e+01
1.676700000000000079e+00,6.450970413022878347e+01
1.677400000000000002e+00,6.460438741621760528e+01
1.677699999999999969e+00,6.446363269061976098e+01
1.678099999999999925e+00,6.445401332980691222e+01
1.678399999999999892e+00,6.451384623718172406e+01
1.679100000000000037e+00,6.448828080984958433e+01
1.679400000000000004e+00,6.440556293937106602e+01
1.679799999999999960e+00,6.441518060592193251e+01
1.680199999999999916e+00,6.437423702580122153e+01
1.680900000000000061e+00,6.422017566207068739e+01
1.681200000000000028e+00,6.403328653165795004e+01
1.681499999999999995e+00,6.384271933619606898e+01
1.681799999999999962e+00,6.364300180610007374e+01
1.682399999999999896e+00,6.350746037877820527e+01
1.682600000000000096e+00,6.348053504709810113e+01
1.682900000000000063e+00,6.343184553218748079e+01
1.683300000000000018e+00,6.313790070248501252e+01
1.683899999999999952e+00,6.312171674551632350e+01
1.684299999999999908e+00,6.311133524511683390e+01
1.684700000000000086e+00,6.314332571960244422e+01
1.685000000000000053e+00,6.310403924599950187e+01
1.685699999999999976e+00,6.313423544398233389e+01
1.686099999999999932e+00,6.335492248208470301e+01
1.686399999999999899e+00,6.341760807376545017e+01
1.687100000000000044e+00,6.341080934039041495e+01
1.687400000000000011e+00,6.340226478294198387e+01
1.687699999999999978e+00,6.317836751038407783e+01
1.688399999999999901e+00,6.310238590491212562e+01
1.688700000000000090e+00,6.324562146425455467e+01
1.689000000000000057e+00,6.300849559448397486e+01
1.689300000000000024e+00,6.306169872828036205e+01
1.689899999999999958e+00,6.290181102428323356e+01
1.690199999999999925e+00,6.304047593066206900e+01
1.690600000000000103e+00,6.307596875884769361e+01
1.690800000000000081e+00,6.323026651739337467e+01
1.691599999999999993e+00,6.348011130505915389e+01
1.691899999999999959e+00,6.342064617121786796e+01
1.692199999999999926e+00,6.349400308145413874e+01
1.692600000000000104e+00,6.361659001227667432e+01
1.693200000000000038e+00,6.371975201775057940e+01
1.693500000000000005e+00,6.355698372502070015e+01
1.693899999999999961e+00,6.337890953877217726e+01
1.694199999999999928e+00,6.362555555153380737e+01
1.694900000000000073e+00,6.350826984708396594e+01
1.695300000000000029e+00,6.363769091637072961e+01
1.695599999999999996e+00,6.370278640749597798e+01
1.695999999999999952e+00,6.371553141462345593e+01
1.696600000000000108e+00,6.364440611700251793e+01
1.697000000000000064e+00,6.363997709724776541e+01
1.697300000000000031e+00,6.373803778264414177e+01
1.697699999999999987e+00,6.370247846449933604e+01
1.698399999999999910e+00,6.367136528388800798e+01
1.698700000000000099e+00,6.397072825582426958e+01
1.699100000000000055e+00,6.402657968722473925e+01
1.699400000000000022e+00,6.385104431213540011e+01
1.700099999999999945e+00,6.369355938485091428e+01
1.700399999999999912e+00,6.387470121187357108e+01
1.700700000000000101e+00,6.414192683037094866e+01
1.701000000000000068e+00,6.421411703996568576e+01
1.701699999999999990e+00,6.408251993448197936e+01
1.701999999999999957e+00,6.410775373006913469e+01
1.702299999999999924e+00,6.397638434021928333e+01
1.702900000000000080e+00,6.378866171489198678e+01
1.703300000000000036e+00,6.371212831567231660e+01
1.703600000000000003e+00,6.383642013055941788e+01
1.703899999999999970e+00,6.378895308931100772e+01
1.704700000000000104e+00,6.384385018108150689e+01
1.705000000000000071e+00,6.401648196696032755e+01
1.705400000000000027e+00,6.391182220917403356e+01
1.706099999999999950e+00,6.394714902394184719e+01
1.706499999999999906e+00,6.405618882795533864e+01
1.706800000000000095e+00,6.396486146761299096e+01
1.707100000000000062e+00,6.416658102699284427e+01
1.707799999999999985e+00,6.427919745262920515e+01
1.707999999999999963e+00,6.419550872011313913e+01
1.708399999999999919e+00,6.418825438068438416e+01
1.708700000000000108e+00,6.419590789251219576e+01
1.709400000000000031e+00,6.426474309628088122e+01
1.709699999999999998e+00,6.434288702625053702e+01
1.710099999999999953e+00,6.444085613097263376e+01
1.710499999999999909e+00,6.442791371533371603e+01
1.711200000000000054e+00,6.448050345603110145e+01
1.711600000000000010e+00,6.437046894833179067e+01
1.711899999999999977e+00,6.460394579718558816e+01
1.712199999999999944e+00,6.456377739714662312e+01
1.712900000000000089e+00,6.452166361491390489e+01
1.713200000000000056e+00,6.444015690725495915e+01
1.713600000000000012e+00,6.448827032897816025e+01
1.713899999999999979e+00,6.453433937373779372e+01
1.714499999999999913e+00,6.440210564394214998e+01
1.714900000000000091e+00,6.441365155495441286e+01
1.715200000000000058e+00,6.472255190186410800e+01
1.715500000000000025e+00,6.466956424628574496e+01
1.716099999999999959e+00,6.474113949485331432e+01
1.716399999999999926e+00,6.495621859248922192e+01
1.716699999999999893e+00,6.506319801347990506e+01
1.717000000000000082e+00,6.508679752602915869e+01
1.717600000000000016e+00,6.487514276308206718e+01
1.717999999999999972e+00,6.490499880392303567e+01
1.718299999999999939e+00,6.494621980818192242e+01
1.718599999999999905e+00,6.496251900640049826e+01
1.719300000000000050e+00,6.504007141482293264e+01
1.719600000000000017e+00,6.489190756666198467e+01
1.719999999999999973e+00,6.481006838387543212e+01
1.720299999999999940e+00,6.467595821785948829e+01
1.720900000000000096e+00,6.471519712383587830e+01
1.721200000000000063e+00,6.494593954288143323e+01
1.721400000000000041e+00,6.472812199312465964e+01
1.721799999999999997e+00,6.466516458726687233e+01
1.722399999999999931e+00,6.478415533033398788e+01
1.722800000000000109e+00,6.467497620658673441e+01
1.723100000000000076e+00,6.474195420911269139e+01
1.723500000000000032e+00,6.443337178238857632e+01
1.724099999999999966e+00,6.423097946049369966e+01
1.724499999999999922e+00,6.430812709442534469e+01
1.724800000000000111e+00,6.414708949363989632e+01
1.725100000000000078e+00,6.409783640442606156e+01
1.725700000000000012e+00,6.394583594281425576e+01
1.726099999999999968e+00,6.382547674839588581e+01
1.726399999999999935e+00,6.378687006704717533e+01
1.726699999999999902e+00,6.399636017334842109e+01
1.727500000000000036e+00,6.396612697976365780e+01
1.727700000000000014e+00,6.379527629098583930e+01
1.728099999999999969e+00,6.366750450024119345e+01
1.728399999999999936e+00,6.358675702537152574e+01
1.729100000000000081e+00,6.349649310239328770e+01
1.729500000000000037e+00,6.338060649451063000e+01
1.729700000000000015e+00,6.326445588878550552e+01
1.729999999999999982e+00,6.332337460859412204e+01
1.730699999999999905e+00,6.345232490800981395e+01
1.731000000000000094e+00,6.354110028638228869e+01
1.731300000000000061e+00,6.354043529228511034e+01
1.731600000000000028e+00,6.367497100771129226e+01
1.732299999999999951e+00,6.368420528314732110e+01
1.732599999999999918e+00,6.349841102074560695e+01
1.732900000000000107e+00,6.344649800820479868e+01
1.733200000000000074e+00,6.336334366818618946e+01
1.733899999999999997e+00,6.343790879726134335e+01
1.734199999999999964e+00,6.330552533491709255e+01
1.734499999999999931e+00,6.322392876492085634e+01
1.734799999999999898e+00,6.307935926911159186e+01
1.735500000000000043e+00,6.305046204763198148e+01
1.735899999999999999e+00,6.323247776156495092e+01
1.736199999999999966e+00,6.318256622598710237e+01
1.736499999999999932e+00,6.314014676107763080e+01
1.737200000000000077e+00,6.316167799969412044e+01
1.737600000000000033e+00,6.288133213819673983e+01
1.737900000000000000e+00,6.308593933250949704e+01
1.738199999999999967e+00,6.321847132981497452e+01
1.738899999999999890e+00,6.310557083391313427e+01
1.739300000000000068e+00,6.314855676816500818e+01
1.739400000000000057e+00,6.302607968639790670e+01
1.739600000000000035e+00,6.291379887819493888e+01
1.739999999999999991e+00,6.294497345310378478e+01
1.740299999999999958e+00,6.292684473392296240e+01
1.740399999999999947e+00,6.295233584767402135e+01
1.740599999999999925e+00,6.283301140390540240e+01
1.740799999999999903e+00,6.285042893166382783e+01
1.741000000000000103e+00,6.291138176502863644e+01
1.741300000000000070e+00,6.308436258213328074e+01
1.741500000000000048e+00,6.308291942392679630e+01
1.741600000000000037e+00,6.311300690243228928e+01
1.742299999999999960e+00,6.329845560094531720e+01
1.742499999999999938e+00,6.342318531320620423e+01
1.742799999999999905e+00,6.338090188926275914e+01
1.743000000000000105e+00,6.363369437939695672e+01
1.743200000000000083e+00,6.380559429076242850e+01
1.743500000000000050e+00,6.387814622685982613e+01
1.743800000000000017e+00,6.392733320197294233e+01
1.744099999999999984e+00,6.389059829983602867e+01
1.744399999999999951e+00,6.375338675150851486e+01
1.744599999999999929e+00,6.370977885326578871e+01
1.744699999999999918e+00,6.344118783775911652e+01
1.744899999999999896e+00,6.312982363141350106e+01
1.745100000000000096e+00,6.303360376364275908e+01
1.745500000000000052e+00,6.299797083022281186e+01
1.745700000000000029e+00,6.298573765372134403e+01
1.746099999999999985e+00,6.306599700268566266e+01
1.746199999999999974e+00,6.327619948353822110e+01
1.746399999999999952e+00,6.359280012242220437e+01
1.746699999999999919e+00,6.350644447898230283e+01
1.747400000000000064e+00,6.352785341249978046e+01
1.747500000000000053e+00,6.331620584944471375e+01
1.747800000000000020e+00,6.361044517175037072e+01
1.747900000000000009e+00,6.369476532607063746e+01
1.748099999999999987e+00,6.373142692462283776e+01
1.748499999999999943e+00,6.374900093329347328e+01
1.749200000000000088e+00,6.372731386583041058e+01
1.749500000000000055e+00,6.360046777673255747e+01
1.749600000000000044e+00,6.364257095655625562e+01
1.749800000000000022e+00,6.360713066010930561e+01
1.750199999999999978e+00,6.364693365839048056e+01
1.750799999999999912e+00,6.376654815365759532e+01
1.751200000000000090e+00,6.379085287921338931e+01
1.751500000000000057e+00,6.378255753074040513e+01
1.751900000000000013e+00,6.371097079728929202e+01
1.752599999999999936e+00,6.369080654561253141e+01
1.752899999999999903e+00,6.383719702127132223e+01
1.753300000000000081e+00,6.374446732538490323e+01
1.753600000000000048e+00,6.367355200507881818e+01
1.754299999999999971e+00,6.357177305826189695e+01
1.754599999999999937e+00,6.368211884511833887e+01
1.754899999999999904e+00,6.365962941738985137e+01
1.755200000000000093e+00,6.344690647070956402e+01
1.755300000000000082e+00,6.355615137330460129e+01
1.755900000000000016e+00,6.349521384666877566e+01
1.756499999999999950e+00,6.340818699697706506e+01
1.756899999999999906e+00,6.351965893874148605e+01
1.757200000000000095e+00,6.354837705149975591e+01
1.757400000000000073e+00,6.346297563348639414e+01
1.757600000000000051e+00,6.356377694093816899e+01
1.758199999999999985e+00,6.338420786498318193e+01
1.758599999999999941e+00,6.342978024400508730e+01
1.758899999999999908e+00,6.357074459746218054e+01
1.759300000000000086e+00,6.345502418157843749e+01
1.759500000000000064e+00,6.352690451808007310e+01
1.759900000000000020e+00,6.351130448464959954e+01
1.760199999999999987e+00,6.340861268003209261e+01
1.760499999999999954e+00,6.332851196780529790e+01
1.760799999999999921e+00,6.328815509890409885e+01
1.761500000000000066e+00,6.346365238783619134e+01
1.761800000000000033e+00,6.341028995201190810e+01
1.762100000000000000e+00,6.363244514436655663e+01
1.762399999999999967e+00,6.355572420490648256e+01
1.763099999999999890e+00,6.352512410016925060e+01
1.763400000000000079e+00,6.363943659497158478e+01
1.763700000000000045e+00,6.359860046353855978e+01
1.763800000000000034e+00,6.345743199669959722e+01
1.764000000000000012e+00,6.348102226368359879e+01
1.764699999999999935e+00,6.354291251983227085e+01
1.764999999999999902e+00,6.343238857676465159e+01
1.765400000000000080e+00,6.355844830106207155e+01
1.765600000000000058e+00,6.368601229667387997e+01
1.765900000000000025e+00,6.371172551188351463e+01
1.766299999999999981e+00,6.379973687717415487e+01
1.766599999999999948e+00,6.405848500767456244e+01
1.766999999999999904e+00,6.414453718743015997e+01
1.767700000000000049e+00,6.403257610617879436e+01
1.768100000000000005e+00,6.392517303900535808e+01
1.768199999999999994e+00,6.385517969787315451e+01
1.768499999999999961e+00,6.396494666069474988e+01
1.768899999999999917e+00,6.383318308933371554e+01
1.769600000000000062e+00,6.390427307537015622e+01
1.769800000000000040e+00,6.412003110769865089e+01
1.770100000000000007e+00,6.411449126891534434e+01
1.770399999999999974e+00,6.400512816153195672e+01
1.770699999999999941e+00,6.401218767053637748e+01
1.770899999999999919e+00,6.384521821464136337e+01
1.771300000000000097e+00,6.363277675576250658e+01
1.771600000000000064e+00,6.393953616283101837e+01
1.772299999999999986e+00,6.395852165009569035e+01
1.772599999999999953e+00,6.398107007601493024e+01
1.772999999999999909e+00,6.393827100402404540e+01
1.773400000000000087e+00,6.394709145351521329e+01
1.774199999999999999e+00,6.418854064298056983e+01
1.774499999999999966e+00,6.428278652005087679e+01
1.774699999999999944e+00,6.429676822832993821e+01
1.774899999999999922e+00,6.437277024003401493e+01
1.775199999999999889e+00,6.435150108902439570e+01
1.775900000000000034e+00,6.418592832618583088e+01
1.776200000000000001e+00,6.414391167586859410e+01
1.776499999999999968e+00,6.427347466174251167e+01
1.776799999999999935e+00,6.399274101596529363e+01
1.777400000000000091e+00,6.389577692518219010e+01
1.777700000000000058e+00,6.405460181226226268e+01
1.778000000000000025e+00,6.374478686611837475e+01
1.778299999999999992e+00,6.380315359443625312e+01
1.778899999999999926e+00,6.383852507648248320e+01
1.778999999999999915e+00,6.364138808198481456e+01
1.779300000000000104e+00,6.358107017766883473e+01
1.779600000000000071e+00,6.365722445553842590e+01
1.780000000000000027e+00,6.357499135052057682e+01
1.780699999999999950e+00,6.355268993518984644e+01
1.780999999999999917e+00,6.372021686229118131e+01
1.781099999999999905e+00,6.343659454452995305e+01
1.781400000000000095e+00,6.323715543350408552e+01
1.781700000000000061e+00,6.321529005280899582e+01
1.782299999999999995e+00,6.324090349412722389e+01
1.782699999999999951e+00,6.333805908245699356e+01
1.783099999999999907e+00,6.342519383206240491e+01
1.783400000000000096e+00,6.328677717458185725e+01
1.784100000000000019e+00,6.337923265427093611e+01
1.784399999999999986e+00,6.321387638525766306e+01
1.784699999999999953e+00,6.312071746978176634e+01
1.785099999999999909e+00,6.284221547634069793e+01
1.785700000000000065e+00,6.298006928280665306e+01
1.786000000000000032e+00,6.310722281706262038e+01
1.786200000000000010e+00,6.312053037336295347e+01
1.786899999999999933e+00,6.324307555658015190e+01
1.787300000000000111e+00,6.308788034284225432e+01
1.787600000000000078e+00,6.305388243239576695e+01
1.787800000000000056e+00,6.314340780833003919e+01
1.788599999999999968e+00,6.332496830303421120e+01
1.788899999999999935e+00,6.353063691762940834e+01
1.788999999999999924e+00,6.343407916838032179e+01
1.789299999999999891e+00,6.341942898141428486e+01
1.789600000000000080e+00,6.336725467368228237e+01
1.790399999999999991e+00,6.324471819472228162e+01
1.790799999999999947e+00,6.326694772659539012e+01
1.790899999999999936e+00,6.329222405824543785e+01
1.791099999999999914e+00,6.321624764429134302e+01
1.791400000000000103e+00,6.305182552399787710e+01
1.792000000000000037e+00,6.335431185466427451e+01
1.792300000000000004e+00,6.323569657766915952e+01
1.792499999999999982e+00,6.297774573987544500e+01
1.792699999999999960e+00,6.301233390603874795e+01
1.793400000000000105e+00,6.287037054306551909e+01
1.793700000000000072e+00,6.293679241362701759e+01
1.794100000000000028e+00,6.305379834004406803e+01
1.794300000000000006e+00,6.314400455848522142e+01
1.795299999999999896e+00,6.305890633963713299e+01
1.796100000000000030e+00,6.299034782216608619e+01
1.796899999999999942e+00,6.292079304591015898e+01
1.797500000000000098e+00,6.278187248142626231e+01
1.797800000000000065e+00,6.290363930283774607e+01
1.798100000000000032e+00,6.288296708135590052e+01
1.798399999999999999e+00,6.297566005295811919e+01
1.798699999999999966e+00,6.282196171583336763e+01
1.519700000000000051e+00,6.491254657746367229e+01
1.519800000000000040e+00,6.484547836802198617e+01
1.520000000000000018e+00,6.511660392932708419e+01
1.520100000000000007e+00,6.493232015113449052e+01
1.520199999999999996e+00,6.489439461263623343e+01
1.520299999999999985e+00,6.481825379424367384e+01
1.520499999999999963e+00,6.469679863308806489e+01
1.520699999999999941e+00,6.507208642169985069e+01
1.520999999999999908e+00,6.476694798027006073e+01
1.521099999999999897e+00,6.449212220782897020e+01
1.521099999999999897e+00,6.441735612391744326e+01
1.521099999999999897e+00,6.408317922880291917e+01
1.521200000000000108e+00,6.421910743197918237e+01
1.521200000000000108e+00,6.425740311617028055e+01
1.521400000000000086e+00,6.434525674196925138e+01
1.521600000000000064e+00,6.430152900026905627e+01
1.521800000000000042e+00,6.429550477275620324e+01
1.522699999999999942e+00,6.455675898198433060e+01
1.523200000000000109e+00,6.465119453891634294e+01
1.523900000000000032e+00,6.450669926829914402e+01
1.524599999999999955e+00,6.462627246768670375e+01
1.526000000000000023e+00,6.447259202988425386e+01
1.526699999999999946e+00,6.465137029266679747e+01
1.527400000000000091e+00,6.455807374303458346e+01
1.528799999999999937e+00,6.437303473674046472e+01
1.529500000000000082e+00,6.446840192961008142e+01
1.530200000000000005e+00,6.480068014928929188e+01
1.530799999999999939e+00,6.463879987471227651e+01
1.532000000000000028e+00,6.489859073694492508e+01
1.532599999999999962e+00,6.457875447743390396e+01
1.533099999999999907e+00,6.456477016115582046e+01
1.533800000000000052e+00,6.460567093168651809e+01
1.534100000000000019e+00,6.453392361181704473e+01
1.534299999999999997e+00,6.478413253609164713e+01
1.534299999999999997e+00,6.507540597354500278e+01
1.534499999999999975e+00,6.487987070395297451e+01
1.534499999999999975e+00,6.504253203045664122e+01
1.534599999999999964e+00,6.506706358694145820e+01
1.534899999999999931e+00,6.543098433164095695e+01
1.534799999999999942e+00,6.512788503029059939e+01
1.534899999999999931e+00,6.522585129978278928e+01
1.534999999999999920e+00,6.531175961534336238e+01
1.534999999999999920e+00,6.511429908276909373e+01
1.535199999999999898e+00,6.505609135603845061e+01
1.535500000000000087e+00,6.501981988567763437e+01
1.535400000000000098e+00,6.502157407934282674e+01
1.536000000000000032e+00,6.513314750879726489e+01
1.535800000000000054e+00,6.508290993469495334e+01
1.536100000000000021e+00,6.496289731407978252e+01
1.536399999999999988e+00,6.502267501976143649e+01
1.536799999999999944e+00,6.507279543429808655e+01
1.536799999999999944e+00,6.471915082405007524e+01
1.536799999999999944e+00,6.469979847169452114e+01
1.537199999999999900e+00,6.465825423754017720e+01
1.537199999999999900e+00,6.451529322301530556e+01
1.537600000000000078e+00,6.461190719579030883e+01
1.536999999999999922e+00,6.449747787839805824e+01
1.537900000000000045e+00,6.454495175943384311e+01
1.537800000000000056e+00,6.447551576433852460e+01
1.538100000000000023e+00,6.444795906511922112e+01
1.538499999999999979e+00,6.463427355496355631e+01
1.538499999999999979e+00,6.448336655607249668e+01
1.539299999999999891e+00,6.464753147357919261e+01
1.538899999999999935e+00,6.445847179526890613e+01
1.539299999999999891e+00,6.448353180266940399e+01
1.539299999999999891e+00,6.425469525797211645e+01
1.539400000000000102e+00,6.386086392385959698e+01
1.539500000000000091e+00,6.392374610989782013e+01
1.540000000000000036e+00,6.376451168250832779e+01
1.539800000000000058e+00,6.376603688452246388e+01
1.539800000000000058e+00,6.338371650935937396e+01
1.540000000000000036e+00,6.337330378771503092e+01
1.540200000000000014e+00,6.319852992439496120e+01
1.540300000000000002e+00,6.307177394198333786e+01
1.540200000000000014e+00,6.328321067248543841e+01
1.540799999999999947e+00,6.320207951683642023e+01
1.540499999999999980e+00,6.323659288748831386e+01
1.540799999999999947e+00,6.312944141737852988e+01
1.540399999999999991e+00,6.298820954392044769e+01
1.540699999999999958e+00,6.337741409306158857e+01
1.541400000000000103e+00,6.327786151307486762e+01
1.541500000000000092e+00,6.330495755454148821e+01
1.541400000000000103e+00,6.317842840751472977e+01
1.541600000000000081e+00,6.319684201337940976e+01
1.542100000000000026e+00,6.308314580397177451e+01
1.542100000000000026e+00,6.308282694179411010e+01
1.542200000000000015e+00,6.338367018222425031e+01
1.542100000000000026e+00,6.336391008085774956e+01
1.542499999999999982e+00,6.326471248305961126e+01
1.542699999999999960e+00,6.340397463765543762e+01
1.542799999999999949e+00,6.356847149267764507e+01
1.542799999999999949e+00,6.395810816543485089e+01
1.542999999999999927e+00,6.362324647585705861e+01
1.542999999999999927e+00,6.319054073649317615e+01
1.543299999999999894e+00,6.302432523863581082e+01
1.543199999999999905e+00,6.352671765604372922e+01
1.543400000000000105e+00,6.355739854653688781e+01
1.543500000000000094e+00,6.385621426492889441e+01
1.543900000000000050e+00,6.423849872603159383e+01
1.543700000000000072e+00,6.420293338394230886e+01
1.543900000000000050e+00,6.418849506057881626e+01
1.544100000000000028e+00,6.424354432655923119e+01
1.543900000000000050e+00,6.399703545930060500e+01
1.544100000000000028e+00,6.400453508159239391e+01
1.544599999999999973e+00,6.395939500963982027e+01
1.544599999999999973e+00,6.384415986696467371e+01
1.544399999999999995e+00,6.367089871476014196e+01
1.544599999999999973e+00,6.358294254979909965e+01
1.544699999999999962e+00,6.390624268860278789e+01
1.544799999999999951e+00,6.388047084619483940e+01
1.545199999999999907e+00,6.395109940784709579e+01
1.544999999999999929e+00,6.391226883927788549e+01
1.545400000000000107e+00,6.379085630687609410e+01
1.545400000000000107e+00,6.373652199789034967e+01
1.545199999999999907e+00,6.376923052115330393e+01
1.545400000000000107e+00,6.376867885551723703e+01
1.545299999999999896e+00,6.352486052360927715e+01
1.545700000000000074e+00,6.384965983314282312e+01
1.546200000000000019e+00,6.409760954450189274e+01
1.545900000000000052e+00,6.441114154267438607e+01
1.546200000000000019e+00,6.444397743148692825e+01
1.546499999999999986e+00,6.443933247046516044e+01
1.546100000000000030e+00,6.469057055742337070e+01
1.546100000000000030e+00,6.475232623030865398e+01
1.546599999999999975e+00,6.441896533941235248e+01
1.547199999999999909e+00,6.446351774168988413e+01
1.546899999999999942e+00,6.474738948068306854e+01
1.546899999999999942e+00,6.493878688699419399e+01
1.547299999999999898e+00,6.506562662372675732e+01
1.547299999999999898e+00,6.510698805207698570e+01
1.547700000000000076e+00,6.529034337644202424e+01
1.547500000000000098e+00,6.549041188975070327e+01
1.547500000000000098e+00,6.569045206034297735e+01
1.547600000000000087e+00,6.582386372542100617e+01
1.548100000000000032e+00,6.568288381758338801e+01
1.547900000000000054e+00,6.563891179321535674e+01
1.548399999999999999e+00,6.548227532785108451e+01
1.548599999999999977e+00,6.585553505238567595e+01
1.548799999999999955e+00,6.604487684567197903e+01
1.549099999999999921e+00,6.605396083772620841e+01
1.549199999999999910e+00,6.593716784223647664e+01
1.549500000000000099e+00,6.609748827101634561e+01
1.549700000000000077e+00,6.581050963634356776e+01
1.550599999999999978e+00,6.622410545661091419e+01
1.551199999999999912e+00,6.606236419936840321e+01
1.551700000000000079e+00,6.584898930771942105e+01
1.552300000000000013e+00,6.585842082350950477e+01
1.553500000000000103e+00,6.563286369158390698e+01
1.554100000000000037e+00,6.567409839329502574e+01
1.554699999999999971e+00,6.577211237557889945e+01
1.555399999999999894e+00,6.585616938315297375e+01
1.556699999999999973e+00,6.553348419350527365e+01
1.557399999999999896e+00,6.579371144837909924e+01
1.558000000000000052e+00,6.566553440774532646e+01
1.558699999999999974e+00,6.560893269487860380e+01
1.560000000000000053e+00,6.558176910726774622e+01
1.560699999999999976e+00,6.584151679346541641e+01
1.561399999999999899e+00,6.570855031058158602e+01
1.562100000000000044e+00,6.529090321127068819e+01
1.563499999999999890e+00,6.532239025462854443e+01
1.564200000000000035e+00,6.499462309220075440e+01
1.564899999999999958e+00,6.512427376165715032e+01
1.565600000000000103e+00,6.473283493535086563e+01
1.566999999999999948e+00,6.464840349795031216e+01
1.567700000000000093e+00,6.445125970820640759e+01
1.568300000000000027e+00,6.483324577875396244e+01
1.568999999999999950e+00,6.511546388240958549e+01
1.570400000000000018e+00,6.561472260763844133e+01
1.571099999999999941e+00,6.567504792412478309e+01
1.571800000000000086e+00,6.597571330763366859e+01
1.572599999999999998e+00,6.581623126554268310e+01
1.574200000000000044e+00,6.561942046102103632e+01
1.575099999999999945e+00,6.548946431985086747e+01
1.576000000000000068e+00,6.560737998705553764e+01
1.576999999999999957e+00,6.579797512656500658e+01
1.578899999999999970e+00,6.568075193457980276e+01
1.579900000000000082e+00,6.558863751593935376e+01
1.580799999999999983e+00,6.528756632027648266e+01
1.581900000000000084e+00,6.551710498390912107e+01
1.583900000000000086e+00,6.528804026791567594e+01
1.584999999999999964e+00,6.509858454083746437e+01
1.586000000000000076e+00,6.507094204600412013e+01
1.586999999999999966e+00,6.475779466255994521e+01
1.588899999999999979e+00,6.490275537239131154e+01
1.589800000000000102e+00,6.523094716199398135e+01
1.590700000000000003e+00,6.553291395756855309e+01
1.591599999999999904e+00,6.543240236290466783e+01
1.593199999999999950e+00,6.535037923871050225e+01
1.594000000000000083e+00,6.538492540991137503e+01
1.594799999999999995e+00,6.573985541899423879e+01
1.595599999999999907e+00,6.530342100978327835e+01
1.597099999999999964e+00,6.481054565241288401e+01
1.597800000000000109e+00,6.475056745697020233e+01
1.598500000000000032e+00,6.423256068249202144e+01
1.600000000000000089e+00,6.402302594579487049e+01
1.600999999999999979e+00,6.399315118745857944e+01
1.601900000000000102e+00,6.419991687337824260e+01
1.602800000000000002e+00,6.410325718262197370e+01
1.604999999999999982e+00,6.358864441900709608e+01
1.606700000000000017e+00,6.370052936817728551e+01
1.608500000000000041e+00,6.395408232883278288e+01
1.611599999999999921e+00,6.425062959327328826e+01
1.611699999999999910e+00,6.434664116968360759e+01
1.612000000000000099e+00,6.431316629840966925e+01
1.611799999999999899e+00,6.452777421155678894e+01
1.612000000000000099e+00,6.486040124686633135e+01
1.611499999999999932e+00,6.459253754410156034e+01
1.612600000000000033e+00,6.483630448352755593e+01
1.612900000000000000e+00,6.474493387023426294e+01
1.613899999999999890e+00,6.439541796714956945e+01
1.613299999999999956e+00,6.442103527541712538e+01
1.613799999999999901e+00,6.436508437388533821e+01
1.614400000000000057e+00,6.442216706012800387e+01
1.613599999999999923e+00,6.434834867276208570e+01
1.614500000000000046e+00,6.433867081597873039e+01
1.614600000000000035e+00,6.443160609588449006e+01
1.615099999999999980e+00,6.426855133663821107e+01
1.615499999999999936e+00,6.371951515538808053e+01
1.616100000000000092e+00,6.403039953828988473e+01
1.617199999999999971e+00,6.424038725300647457e+01
1.617799999999999905e+00,6.433925972587167053e+01
1.618500000000000050e+00,6.438847458651480338e+01
1.619299999999999962e+00,6.441203875191945372e+01
1.621399999999999952e+00,6.495290108594554113e+01
1.622300000000000075e+00,6.469081100837297527e+01
1.623199999999999976e+00,6.451849778853556927e+01
1.624300000000000077e+00,6.432854600849304916e+01
1.626200000000000090e+00,6.420675638911984606e+01
1.627199999999999980e+00,6.414858253327406601e+01
1.627799999999999914e+00,6.411043930408982305e+01
1.629000000000000004e+00,6.373032378586663071e+01
1.629599999999999937e+00,6.384469894131370893e+01
1.629799999999999915e+00,6.405209775529078797e+01
1.630300000000000082e+00,6.380443934779123083e+01
1.630500000000000060e+00,6.379861089552014164e+01
1.630800000000000027e+00,6.379189948073099004e+01
1.631199999999999983e+00,6.363529130729580174e+01
1.632200000000000095e+00,6.347367104534964710e+01
1.632900000000000018e+00,6.370107229736140653e+01
1.633399999999999963e+00,6.367154482210480637e+01
1.633999999999999897e+00,6.385757579998539768e+01
1.635000000000000009e+00,6.422312931368560385e+01
1.635399999999999965e+00,6.438417461597100555e+01
1.635799999999999921e+00,6.434852790750301210e+01
1.636300000000000088e+00,6.395405025629293050e+01
1.637499999999999956e+00,6.420687153771950761e+01
1.638300000000000090e+00,6.398067567556358881e+01
1.639100000000000001e+00,6.406518834899839021e+01
1.639799999999999924e+00,6.367732239960901097e+01
1.641599999999999948e+00,6.391298839699447853e+01
1.642300000000000093e+00,6.397640560387594633e+01
1.643100000000000005e+00,6.435726005848005116e+01
1.644500000000000073e+00,6.415940343611373464e+01
1.645299999999999985e+00,6.414519635470787762e+01
1.646500000000000075e+00,6.420152207085834561e+01
1.647699999999999942e+00,6.456555322262420304e+01
1.649699999999999944e+00,6.427738595630012242e+01
1.650500000000000078e+00,6.420787868973775403e+01
1.651000000000000023e+00,6.445174052688025768e+01
1.651100000000000012e+00,6.440935696605788507e+01
1.651499999999999968e+00,6.427054480875813169e+01
1.651699999999999946e+00,6.432548747570922387e+01
1.652199999999999891e+00,6.456864842871641486e+01
1.653499999999999970e+00,6.450999209458677797e+01
1.654500000000000082e+00,6.426713440397247723e+01
1.655699999999999950e+00,6.400028673052293016e+01
1.656700000000000061e+00,6.403205392959034725e+01
1.657799999999999940e+00,6.423326187741668036e+01
1.658400000000000096e+00,6.404695499913964341e+01
1.659499999999999975e+00,6.394200383535780929e+01
1.660500000000000087e+00,6.388228130575475916e+01
1.662600000000000078e+00,6.423055097322185247e+01
1.663599999999999968e+00,6.408656912672995531e+01
1.664299999999999891e+00,6.423429049386368206e+01
1.665000000000000036e+00,6.418687263270112453e+01
1.665799999999999947e+00,6.371943309487505758e+01
1.666600000000000081e+00,6.344290862209822990e+01
1.668099999999999916e+00,6.379414595535695298e+01
1.668900000000000050e+00,6.355038874683168615e+01
1.671999999999999931e+00,6.355560022834879419e+01
1.673599999999999977e+00,6.338504381592588288e+01
1.676099999999999923e+00,6.332135050548913568e+01
1.676600000000000090e+00,6.329929749574239395e+01
1.676500000000000101e+00,6.332172514844887701e+01
1.676299999999999901e+00,6.347505757680823990e+01
1.676600000000000090e+00,6.318566854643358965e+01
1.677000000000000046e+00,6.353137196033003420e+01
1.677899999999999947e+00,6.368976311612141217e+01
1.679000000000000048e+00,6.377231486156324536e+01
1.680700000000000083e+00,6.356733423912169201e+01
1.681799999999999962e+00,6.348963005639802759e+01
1.682600000000000096e+00,6.348186718433839815e+01
1.683300000000000018e+00,6.350333812629537533e+01
1.683999999999999941e+00,6.358403256637711820e+01
1.685200000000000031e+00,6.355835305773848631e+01
1.686700000000000088e+00,6.358769989939605694e+01
1.687599999999999989e+00,6.340938468577996900e+01
1.688499999999999890e+00,6.346296317044379975e+01
1.689500000000000002e+00,6.330235641738590857e+01
1.690800000000000081e+00,6.296943182019253982e+01
1.691599999999999993e+00,6.328508225480754845e+01
1.690700000000000092e+00,6.298064111244593732e+01
1.691300000000000026e+00,6.289517881794108689e+01
1.691999999999999948e+00,6.314014815284599536e+01
1.693100000000000049e+00,6.286648130983780902e+01
1.694499999999999895e+00,6.275243246320837898e+01
1.695300000000000029e+00,6.303705184082241431e+01
1.696800000000000086e+00,6.319719200446002105e+01
1.697999999999999954e+00,6.336330016965234790e+01
1.701699999999999990e+00,6.332779434572171340e+01
1.703200000000000047e+00,6.356170549757052868e+01
1.703699999999999992e+00,6.362957986825335865e+01
1.704199999999999937e+00,6.349772589149142732e+01
1.705300000000000038e+00,6.335860075146615600e+01
1.707600000000000007e+00,6.353071477411504020e+01
1.709000000000000075e+00,6.378942194219416706e+01
1.709699999999999998e+00,6.385648703582319285e+01
1.711500000000000021e+00,6.394018623721058248e+01
1.713000000000000078e+00,6.410555661102034719e+01
1.713400000000000034e+00,6.434175825735746912e+01
1.713200000000000056e+00,6.424605653526464266e+01
1.714299999999999935e+00,6.414670534590914031e+01
1.713700000000000001e+00,6.405587344703940289e+01
1.715000000000000080e+00,6.395649788704440653e+01
1.718900000000000095e+00,6.414139219231628886e+01
1.720499999999999918e+00,6.433353823675975036e+01
1.722199999999999953e+00,6.436962730388813725e+01
1.724499999999999922e+00,6.438923176470416365e+01
1.725300000000000056e+00,6.396644712263923793e+01
1.725400000000000045e+00,6.410209010120684070e+01
1.725600000000000023e+00,6.447683873118103293e+01
1.725999999999999979e+00,6.451981984119606750e+01
1.726399999999999935e+00,6.430249374685081420e+01
1.726499999999999924e+00,6.430675864683189502e+01
1.727500000000000036e+00,6.425747996709515064e+01
1.728699999999999903e+00,6.439346451254300518e+01
1.730299999999999949e+00,6.442585826478170929e+01
1.733600000000000030e+00,6.455592839764631208e+01
1.734799999999999898e+00,6.474441744293744705e+01
1.736199999999999966e+00,6.504043965310052045e+01
1.740799999999999903e+00,6.482638867811965611e+01
1.741400000000000059e+00,6.433223649702244984e+01
1.741600000000000037e+00,6.403559236688738565e+01
1.741800000000000015e+00,6.440121179848642896e+01
1.742399999999999949e+00,6.417696530349758177e+01
1.742699999999999916e+00,6.405253817129141680e+01
1.743100000000000094e+00,6.386489040519313676e+01
1.743600000000000039e+00,6.379219771827774821e+01
1.745000000000000107e+00,6.396561071864061887e+01
1.746799999999999908e+00,6.395644479512907310e+01
1.752199999999999980e+00,6.410066176046348119e+01
1.753100000000000103e+00,6.443207300238509561e+01
1.753600000000000048e+00,6.450467129901244334e+01
1.753300000000000081e+00,6.475232420732936589e+01
1.754099999999999993e+00,6.465172827551350565e+01
1.754099999999999993e+00,6.421937818245692142e+01
1.754299999999999971e+00,6.421511423607080360e+01
1.754199999999999982e+00,6.427496368560218798e+01
1.754299999999999971e+00,6.418986509802493856e+01
1.756099999999999994e+00,6.419837137354738843e+01
1.758699999999999930e+00,6.399313890003804772e+01
1.762699999999999934e+00,6.329539421037975444e+01
1.764100000000000001e+00,6.282358559773979323e+01
1.764899999999999913e+00,6.238664881793056338e+01
1.765600000000000058e+00,6.211726963876003538e+01
1.767600000000000060e+00,6.224400356924820699e+01
1.767900000000000027e+00,6.253929389021550378e+01
1.768000000000000016e+00,6.249275229847262381e+01
1.768399999999999972e+00,6.195777409509491918e+01
1.770999999999999908e+00,6.202199913424647093e+01
1.772999999999999909e+00,6.205339250431597975e+01
1.775199999999999889e+00,6.237006595330512937e+01
1.775600000000000067e+00,6.267591953000260219e+01
1.776100000000000012e+00,6.254155741325780582e+01
1.776699999999999946e+00,6.283308333859508821e+01
1.777300000000000102e+00,6.249258482768868816e+01
1.777800000000000047e+00,6.240013940709832241e+01
1.778599999999999959e+00,6.240067683922325159e+01
1.779900000000000038e+00,6.256380884943723686e+01
1.781199999999999894e+00,6.289396622222579936e+01
1.783700000000000063e+00,6.281927378600198608e+01
1.784599999999999964e+00,6.236955584107636241e+01
1.784699999999999953e+00,6.213963809219853829e+01
1.785199999999999898e+00,6.172396997412874953e+01
1.785500000000000087e+00,6.185231506875925334e+01
1.787400000000000100e+00,6.198923109516704244e+01
1.788899999999999935e+00,6.219373293892681431e+01
1.794499999999999984e+00,6.256226242532216020e+01
1.795199999999999907e+00,6.284878297810178083e+01
1.795299999999999896e+00,6.300892476604508374e+01
1.797299999999999898e+00,6.321584868892296072e+01
1.796399999999999997e+00,6.339516385010642807e+01
1.796799999999999953e+00,6.384018144569085962e+01
1.796499999999999986e+00,6.389913404250251006e+01
1.802999999999999936e+00,6.418839846586547537e+01
1.804000000000000048e+00,6.426167778296121469e+01
1.805600000000000094e+00,6.421847032202140326e+01
1.804200000000000026e+00,6.425340067893466767e+01
1.808999999999999941e+00,6.452818375484753233e+01
1.807199999999999918e+00,6.418384579127859979e+01
1.811800000000000077e+00,6.415671390608622460e+01
1.810899999999999954e+00,6.374400578404038242e+01
1.810999999999999943e+00,6.366662026146627795e+01
1.817800000000000082e+00,6.366960819379619352e+01
1.824100000000000055e+00,6.340908354410180436e+01
1.832400000000000029e+00,6.372378135231519991e+01
1.834400000000000031e+00,6.394468949367023924e+01
1.834899999999999975e+00,6.391177044681467123e+01
1.835299999999999931e+00,6.395520741974200973e+01
1.836000000000000076e+00,6.337439247789052388e+01
1.837499999999999911e+00,6.310082597313657971e+01
1.841499999999999915e+00,6.327873050393259291e+01
1.843900000000000095e+00,6.311052016037251633e+01
1.846100000000000074e+00,6.312821677729675685e+01
1.847599999999999909e+00,6.286142524317097013e+01
1.848000000000000087e+00,6.284606014871701518e+01
1.848500000000000032e+00,6.234622371621162529e+01
1.850200000000000067e+00,6.198914223277211022e+01
1.852800000000000002e+00,6.194986380791488045e+01
1.855299999999999949e+00,6.158869367838565267e+01
1.856500000000000039e+00,6.119278115324868850e+01
1.858500000000000041e+00,6.153627310592423783e+01
1.861299999999999955e+00,6.166977556327560706e+01
1.863799999999999901e+00,6.147958204888936962e+01
1.863899999999999890e+00,6.152380486079232469e+01
1.864999999999999991e+00,6.141560441396859460e+01
1.866500000000000048e+00,6.175417969528780304e+01
1.869599999999999929e+00,6.138817549006739682e+01
1.872100000000000097e+00,6.136621783084910930e+01
1.875799999999999912e+00,6.135572603376772349e+01
1.880300000000000082e+00,6.103679813516532704e+01
1.888900000000000023e+00,6.141548450513482749e+01
1.893000000000000016e+00,6.150949332823711302e+01
1.899199999999999999e+00,6.196477870002581767e+01
1.914800000000000058e+00,6.243545426090440742e+01
1.919200000000000017e+00,6.278042248069982634e+01
1.923499999999999988e+00,6.263290618871997140e+01
1.928199999999999914e+00,6.263183156546415375e+01
1.935100000000000042e+00,6.255872762527519626e+01
1.938099999999999934e+00,6.262546266680305962e+01
1.941699999999999982e+00,6.248695334689432457e+01
1.945400000000000018e+00,6.286771719970010963e+01
1.950900000000000079e+00,6.284685324015754304e+01
1.952800000000000091e+00,6.298567385365458904e+01
1.954800000000000093e+00,6.356259428177236259e+01
1.958199999999999941e+00,6.400546546577675144e+01
1.963799999999999990e+00,6.360788119184985590e+01
1.965999999999999970e+00,6.365629633416619981e+01
1.969400000000000039e+00,6.388269094704378404e+01
1.972800000000000109e+00,6.387003934940980798e+01
1.979600000000000026e+00,6.397391729423975448e+01
1.981500000000000039e+00,6.384291489437418932e+01
1.983100000000000085e+00,6.425841047872995659e+01
1.986499999999999932e+00,6.437631645472924902e+01
1.987300000000000066e+00,6.465103442150825686e+01
1.987999999999999989e+00,6.466920229920378915e+01
1.993000000000000105e+00,6.451742621270682321e+01
1.995700000000000029e+00,6.448416828938502476e+01
1.998499999999999943e+00,6.442358145447656170e+01
2.003099999999999881e+00,6.458348103509956672e+01
2.004700000000000149e+00,6.433956313334601873e+01
2.008000000000000007e+00,6.437566054142735084e+01
2.009199999999999875e+00,6.444555125678152763e+01
2.011299999999999866e+00,6.440325653881973267e+01
2.013599999999999834e+00,6.453471842394878877e+01
2.020500000000000185e+00,6.456574215436080522e+01
2.025199999999999889e+00,6.484140184808256890e+01
2.030499999999999972e+00,6.479552231422826480e+01
2.037799999999999834e+00,6.438829999183508335e+01
2.042499999999999982e+00,6.414327685156104053e+01
2.040500000000000203e+00,6.392024978009726510e+01
2.044599999999999973e+00,6.384170914712103695e+01
2.042600000000000193e+00,6.342323816883117615e+01
2.042899999999999938e+00,6.291376531288233309e+01
2.045300000000000118e+00,6.301591223304831146e+01
2.045900000000000052e+00,6.323912418475106278e+01
2.047000000000000153e+00,6.346067151153670238e+01
2.048599999999999977e+00,6.341097445360583151e+01
2.051200000000000134e+00,6.326125990591685877e+01
2.059499999999999886e+00,6.300379794163359293e+01
2.062899999999999956e+00,6.293892766535486771e+01
2.064900000000000180e+00,6.292711797437368659e+01
2.066500000000000004e+00,6.336080990897221454e+01
2.069199999999999928e+00,6.322523674239596403e+01
2.071099999999999941e+00,6.298077418045340892e+01
2.072799999999999976e+00,6.310537870087387091e+01
2.073900000000000077e+00,6.319364149401621944e+01
2.077199999999999935e+00,6.305697965617014233e+01
2.080200000000000049e+00,6.303836628643534823e+01
2.083600000000000119e+00,6.304767933213815922e+01
2.087600000000000122e+00,6.309620350949194290e+01
2.092000000000000082e+00,6.275509684140070021e+01
2.094300000000000050e+00,6.302134378174059748e+01
2.095400000000000151e+00,6.310444883237323666e+01
2.095699999999999896e+00,6.305178928863460897e+01
2.095899999999999874e+00,6.333802959582499170e+01
2.096299999999999830e+00,6.345853485219845425e+01
2.097300000000000164e+00,6.370828416082281365e+01
2.101300000000000168e+00,6.407972345086955102e+01
2.103899999999999881e+00,6.396419215461901331e+01
2.106500000000000039e+00,6.386598221731560443e+01
2.111499999999999932e+00,6.404551340345960853e+01
2.113199999999999967e+00,6.411356968327618233e+01
2.114900000000000002e+00,6.417558936469458786e+01
2.116899999999999782e+00,6.410837154655450831e+01
2.121599999999999930e+00,6.442718023072666256e+01
2.124499999999999833e+00,6.447384759559963641e+01
2.126599999999999824e+00,6.406901649289034140e+01
2.128299999999999859e+00,6.402700321538100070e+01
2.132600000000000051e+00,6.433107430507629942e+01
2.131299999999999972e+00,6.438385711893647567e+01
2.133300000000000196e+00,6.464177358865936185e+01
2.137199999999999989e+00,6.497140549532809928e+01
2.138799999999999812e+00,6.539151520450332100e+01
2.141199999999999992e+00,6.551862542410572132e+01
2.143400000000000194e+00,6.543811527031675723e+01
2.146900000000000031e+00,6.528329539787227986e+01
2.148200000000000109e+00,6.521356493159396450e+01
2.148499999999999854e+00,6.550898876040901087e+01
2.148000000000000131e+00,6.544283584602840165e+01
2.152400000000000091e+00,6.541991726788432970e+01
2.153599999999999959e+00,6.566626483068989728e+01
2.154999999999999805e+00,6.596963141734454439e+01
2.155800000000000161e+00,6.597910249016922535e+01
2.158199999999999896e+00,6.630975111387397192e+01
2.158599999999999852e+00,6.637234772027204599e+01
2.159400000000000208e+00,6.619862206096036061e+01
2.162399999999999878e+00,6.635983312072903573e+01
2.164299999999999891e+00,6.624252873568070754e+01
2.164899999999999824e+00,6.634335271394547817e+01
2.165900000000000158e+00,6.645632810040569893e+01
2.168099999999999916e+00,6.635031240028069988e+01
2.168800000000000061e+00,6.653736134318842232e+01
2.169399999999999995e+00,6.667398058454250531e+01
2.170100000000000140e+00,6.673967775774394795e+01
2.173599999999999977e+00,6.675305496280748230e+01
2.174500000000000099e+00,6.677746889047534751e+01
2.175499999999999989e+00,6.671853419840545030e+01
2.176899999999999835e+00,6.691129082310681042e+01
2.179399999999999782e+00,6.710683617316385607e+01
2.181099999999999817e+00,6.748368113761966924e+01
2.182300000000000129e+00,6.782373146372106021e+01
2.183699999999999974e+00,6.793899767014386271e+01
2.187100000000000044e+00,6.806556976259889780e+01
2.188800000000000079e+00,6.796342429788978734e+01
2.190599999999999881e+00,6.808744263899711768e+01
2.193000000000000060e+00,6.779367592547282584e+01
2.193999999999999950e+00,6.796461198901033640e+01
2.195100000000000051e+00,6.805759894079733385e+01
2.195699999999999985e+00,6.767285462571499011e+01
2.196600000000000108e+00,6.778421481985787977e+01
2.197000000000000064e+00,6.797700509391916057e+01
2.197099999999999831e+00,6.798275571183489774e+01
2.198199999999999932e+00,6.814765887255043708e+01
2.199500000000000011e+00,6.832269407812714235e+01
2.201000000000000068e+00,6.809485475896121898e+01
2.203100000000000058e+00,6.811221614153328119e+01
2.208099999999999952e+00,6.831851197087394212e+01
2.209499999999999797e+00,6.849706763826520728e+01
2.210799999999999876e+00,6.834282733615691541e+01
2.211800000000000210e+00,6.817431500268367017e+01
2.212600000000000122e+00,6.814850923692074502e+01
2.213499999999999801e+00,6.829014007600221703e+01
2.215800000000000214e+00,6.790690900330628210e+01
2.217000000000000082e+00,6.796652158101278474e+01
2.219100000000000072e+00,6.785044178425528116e+01
2.223100000000000076e+00,6.805775252408557208e+01
2.224299999999999944e+00,6.782774774874769719e+01
2.224800000000000111e+00,6.784519569887970647e+01
2.226199999999999957e+00,6.800884740650849380e+01
2.229000000000000092e+00,6.788359935821222280e+01
2.230100000000000193e+00,6.789060327901711389e+01
2.231500000000000039e+00,6.776827562311859765e+01
2.234399999999999942e+00,6.784322631581881069e+01
2.236299999999999955e+00,6.824135151534551369e+01
2.237200000000000077e+00,6.808284885796911112e+01
2.239199999999999857e+00,6.829196477124673947e+01
2.240400000000000169e+00,6.820159203448542939e+01
2.241299999999999848e+00,6.829121995480932128e+01
2.242799999999999905e+00,6.875828203626178947e+01
2.245000000000000107e+00,6.921757689898095123e+01
2.246700000000000141e+00,6.941297799056587792e+01
2.248200000000000198e+00,6.917857795122267817e+01
2.249299999999999855e+00,6.895316571060766364e+01
2.250999999999999890e+00,6.920100016551282351e+01
2.251900000000000013e+00,6.948059173281512813e+01
2.253000000000000114e+00,6.947950928046566332e+01
2.253800000000000026e+00,6.955369847368638148e+01
2.255100000000000104e+00,6.934709834565614983e+01
2.256099999999999994e+00,6.911661429326250072e+01
2.257099999999999884e+00,6.921157381976217948e+01
2.258999999999999897e+00,6.895385235619937703e+01
2.261000000000000121e+00,6.924247449447602776e+01
2.261899999999999800e+00,6.927264192329926118e+01
2.262900000000000134e+00,6.965388637569003549e+01
2.265699999999999825e+00,7.000433537257094940e+01
2.267199999999999882e+00,6.996416454500717919e+01
2.267300000000000093e+00,6.988802531471674229e+01
2.269899999999999807e+00,6.995695563415256402e+01
2.271300000000000097e+00,6.995746874334486165e+01
2.271900000000000031e+00,7.020394568655842704e+01
2.272800000000000153e+00,7.011374771251553284e+01
2.276100000000000012e+00,7.008061547801094093e+01
2.277499999999999858e+00,7.006196798546443461e+01
2.278700000000000170e+00,6.965099035155230922e+01
2.280199999999999783e+00,6.965112062972229978e+01
2.282999999999999918e+00,6.949037293320725439e+01
2.284400000000000208e+00,6.964632705996018558e+01
2.284299999999999997e+00,6.997625767542240283e+01
2.285099999999999909e+00,7.024777601754499301e+01
2.286900000000000155e+00,7.017852897015609415e+01
2.286900000000000155e+00,7.026369268620578623e+01
2.288499999999999979e+00,7.019518865283771447e+01
2.289400000000000102e+00,7.057938546846821737e+01
2.289000000000000146e+00,7.092018518902568758e+01
2.286399999999999988e+00,7.080414025949517054e+01
2.284899999999999931e+00,7.097943924798823900e+01
2.284699999999999953e+00,7.111331368639343964e+01
2.286000000000000032e+00,7.143699187430752318e+01
2.287700000000000067e+00,7.140291818295804660e+01
2.288100000000000023e+00,7.117076494382899909e+01
2.298200000000000021e+00,7.149436681466386290e+01
2.302200000000000024e+00,7.177292622465847671e+01
2.304899999999999949e+00,7.191265114297357286e+01
2.306700000000000195e+00,7.206623156355885840e+01
2.306599999999999984e+00,7.213212299996257570e+01
2.306799999999999962e+00,7.236289581840128449e+01
2.307599999999999874e+00,7.278808134095947935e+01
2.308399999999999785e+00,7.306487558499179613e+01
2.311100000000000154e+00,7.336953066347359709e+01
2.313499999999999890e+00,7.342593684915641461e+01
2.315700000000000092e+00,7.368818492585069180e+01
2.317499999999999893e+00,7.383379758087176015e+01
2.320300000000000029e+00,7.398605054659037705e+01
2.321200000000000152e+00,7.376446390033902389e+01
2.321600000000000108e+00,7.394060980778385783e+01
2.321299999999999919e+00,7.425968896191761814e+01
2.322299999999999809e+00,7.427779726979520092e+01
2.323900000000000077e+00,7.442780317981919325e+01
2.327799999999999869e+00,7.455051356141643737e+01
2.330200000000000049e+00,7.492112964888292481e+01
2.329299999999999926e+00,7.508615556777658639e+01
2.330000000000000071e+00,7.529489824670577036e+01
2.329699999999999882e+00,7.489490866600726804e+01
2.330099999999999838e+00,7.498594282098315489e+01
2.330999999999999961e+00,7.512831940943578957e+01
2.331399999999999917e+00,7.562002975235895974e+01
2.331399999999999917e+00,7.516577615191431505e+01
2.333099999999999952e+00,7.526643808237486155e+01
2.334200000000000053e+00,7.540918415544751952e+01
2.335599999999999898e+00,7.525087210864967346e+01
2.336699999999999999e+00,7.497484338250205838e+01
2.337699999999999889e+00,7.477796796852931038e+01
2.337899999999999867e+00,7.475911665121293481e+01
2.339799999999999880e+00,7.467135778946999380e+01
2.341800000000000104e+00,7.485571169419404214e+01
2.343900000000000095e+00,7.511371774450140038e+01
2.345600000000000129e+00,7.502566325709426565e+01
2.346999999999999975e+00,7.498620966159001000e+01
2.348199999999999843e+00,7.517381027099872881e+01
2.349800000000000111e+00,7.544201630261932223e+01
2.351500000000000146e+00,7.502793281997742270e+01
2.353600000000000136e+00,7.563914023634242767e+01
2.355700000000000127e+00,7.602284434800230883e+01
2.357099999999999973e+00,7.594192607219520141e+01
2.357899999999999885e+00,7.604659299898162317e+01
2.359100000000000197e+00,7.600329495281175696e+01
2.359500000000000153e+00,7.568020532510445264e+01
2.360199999999999854e+00,7.557034651682920412e+01
2.360799999999999788e+00,7.570368668646756305e+01
2.361899999999999888e+00,7.580419991896678766e+01
2.363700000000000134e+00,7.556284921718952319e+01
2.366000000000000103e+00,7.625031274786419999e+01
2.368199999999999861e+00,7.648288129353159093e+01
2.372500000000000053e+00,7.652709934170547967e+01
2.373000000000000220e+00,7.688998716399282785e+01
2.373699999999999921e+00,7.734599332070183664e+01
2.374000000000000110e+00,7.787302993355524450e+01
2.376100000000000101e+00,7.798749711393588768e+01
2.376700000000000035e+00,7.799504849250638472e+01
2.376399999999999846e+00,7.780614454976489469e+01
2.378699999999999815e+00,7.778642505251991679e+01
2.381299999999999972e+00,7.813350967353403576e+01
2.381800000000000139e+00,7.824339652502180797e+01
2.382000000000000117e+00,7.831596615467424272e+01
2.382400000000000073e+00,7.799252531541719691e+01
2.385099999999999998e+00,7.842393558074923021e+01
2.385299999999999976e+00,7.802890501635351939e+01
2.385600000000000165e+00,7.787761331668320963e+01
2.388199999999999878e+00,7.794033573296110262e+01
2.389699999999999935e+00,7.773664188542602460e+01
2.391599999999999948e+00,7.811126983046733585e+01
2.391799999999999926e+00,7.887591182483561170e+01
2.392700000000000049e+00,7.938395958078285730e+01
2.393400000000000194e+00,7.931520300668853451e+01
2.394699999999999829e+00,7.947778573915570632e+01
2.396500000000000075e+00,7.932922550118723848e+01
2.399999999999999911e+00,7.910044544782681442e+01
2.401699999999999946e+00,7.921591650538334761e+01
2.404399999999999871e+00,7.952628422250245421e+01
2.406099999999999905e+00,7.979051231541870948e+01
2.408799999999999830e+00,7.973049421587234065e+01
2.409600000000000186e+00,7.959313665486138234e+01
2.410299999999999887e+00,7.965933909910927468e+01
2.410200000000000120e+00,8.007852727997305919e+01
2.410299999999999887e+00,8.039941963461433261e+01
2.410099999999999909e+00,8.055588185123360745e+01
2.410600000000000076e+00,8.037765767310020237e+01
2.410800000000000054e+00,8.042970931331819884e+01
2.411099999999999799e+00,8.045870025157205419e+01
2.412799999999999834e+00,8.072148145442088207e+01
2.417100000000000026e+00,8.094937914141655710e+01
2.419999999999999929e+00,8.102813304363007774e+01
2.422499999999999876e+00,8.141181066789863507e+01
2.424599999999999866e+00,8.137396118979177118e+01
2.425899999999999945e+00,8.161274163922485059e+01
2.425699999999999967e+00,8.167100180579541302e+01
2.427400000000000002e+00,8.146686900453846647e+01
2.429399999999999782e+00,8.174395877128677057e+01
2.430200000000000138e+00,8.202471159314927718e+01
2.431500000000000217e+00,8.220772415478904804e+01
2.432399999999999896e+00,8.251775437212745601e+01
2.433800000000000185e+00,8.267828138535105609e+01
2.434299999999999908e+00,8.284399007018851080e+01
2.434899999999999842e+00,8.273045029956119834e+01
2.436100000000000154e+00,8.286416411838695240e+01
2.438400000000000123e+00,8.297709500029873197e+01
2.440199999999999925e+00,8.309125056587367908e+01
2.441399999999999793e+00,8.346013767706426734e+01
2.443200000000000038e+00,8.335658945263571695e+01
2.443799999999999972e+00,8.350990499702470515e+01
2.444399999999999906e+00,8.368024298781733705e+01
2.446000000000000174e+00,8.405525912948155565e+01
2.447900000000000187e+00,8.401436567549785650e+01
2.448999999999999844e+00,8.434118821337096961e+01
2.450000000000000178e+00,8.431297046032932485e+01
2.451200000000000045e+00,8.452154953527474390e+01
2.453300000000000036e+00,8.487716842107670345e+01
2.453899999999999970e+00,8.463977535975368482e+01
2.455700000000000216e+00,8.509167042412059345e+01
2.459499999999999797e+00,8.555952836652477345e+01
2.461500000000000021e+00,8.591354132358173956e+01
2.463900000000000201e+00,8.617010513114018977e+01
2.467900000000000205e+00,8.618181506660971536e+01
2.469100000000000072e+00,8.631731248723531280e+01
2.470200000000000173e+00,8.656285602641492005e+01
2.471099999999999852e+00,8.672144546155095668e+01
2.470699999999999896e+00,8.706184812768560732e+01
2.471900000000000208e+00,8.732242776637167481e+01
2.471799999999999997e+00,8.753422860370210401e+01
2.471600000000000019e+00,8.759386204339762116e+01
2.472900000000000098e+00,8.778764021665983819e+01
2.476399999999999935e+00,8.793532695387693821e+01
2.477599999999999802e+00,8.784862979041622566e+01
2.478200000000000180e+00,8.804736858907358510e+01
2.479099999999999859e+00,8.835798081117877700e+01
2.482499999999999929e+00,8.871247431039068942e+01
2.484599999999999920e+00,8.909515146597482271e+01
2.486000000000000210e+00,8.953563387192980372e+01
2.487200000000000077e+00,8.962456091066087538e+01
2.488900000000000112e+00,9.032801648803251737e+01
2.490000000000000213e+00,9.065667664543002502e+01
2.490800000000000125e+00,9.099626251829045032e+01
2.492100000000000204e+00,9.170223071200030063e+01
2.493300000000000072e+00,9.204145200416655825e+01
2.493599999999999817e+00,9.225521571885064986e+01
2.494899999999999896e+00,9.209851114352431978e+01
2.497199999999999864e+00,9.245427618252301727e+01
2.498899999999999899e+00,9.285325639091638550e+01
2.500100000000000211e+00,9.308724647556641685e+01
2.501599999999999824e+00,9.339135376479680417e+01
2.503200000000000092e+00,9.390377880905020902e+01
2.505799999999999805e+00,9.444490565350474753e+01
2.507299999999999862e+00,9.464968560811325915e+01
2.509100000000000108e+00,9.489435650433620140e+01
2.509700000000000042e+00,9.516829558113795429e+01
2.510099999999999998e+00,9.519246029358555461e+01
2.513300000000000090e+00,9.602679013270153519e+01
2.513300000000000090e+00,9.654709937346365223e+01
2.514400000000000190e+00,9.712462436561668255e+01
2.516999999999999904e+00,9.723171485604916597e+01
2.518299999999999983e+00,9.754171176589284187e+01
2.520099999999999785e+00,9.754620845959721009e+01
2.521300000000000097e+00,9.792549581017533455e+01
2.521700000000000053e+00,9.852120525528880535e+01
2.521700000000000053e+00,9.881773295381299249e+01
2.522699999999999942e+00,9.890987689712278552e+01
2.523299999999999876e+00,9.903273373929050649e+01
2.524399999999999977e+00,9.920088685402856754e+01
2.524900000000000144e+00,9.944050195385898405e+01
2.527299999999999880e+00,9.970127441654176437e+01
2.529700000000000060e+00,1.000545690708161146e+02
2.531400000000000095e+00,9.998982688404817054e+01
2.532399999999999984e+00,1.001025383328851603e+02
2.533900000000000041e+00,1.008697363702972325e+02
2.534499999999999975e+00,1.011103750513047999e+02
2.535099999999999909e+00,1.015008117699362629e+02
2.535499999999999865e+00,1.012961578078588900e+02
2.535800000000000054e+00,1.015876920824703120e+02
2.536399999999999988e+00,1.016506799350697747e+02
2.537399999999999878e+00,1.022007304816900159e+02
2.538600000000000190e+00,1.026181537217946698e+02
2.540999999999999925e+00,1.024808759826255482e+02
2.542100000000000026e+00,1.026434336932954920e+02
2.543800000000000061e+00,1.028088120083809827e+02
2.544999999999999929e+00,1.030296709017568446e+02
2.546800000000000175e+00,1.032907186437419114e+02
2.547800000000000065e+00,1.037585351147149595e+02
2.549100000000000144e+00,1.043159898567405435e+02
2.549900000000000055e+00,1.045869584770148322e+02
2.550699999999999967e+00,1.049662518468892358e+02
2.551699999999999857e+00,1.054211479291898286e+02
2.553100000000000147e+00,1.056818317256422688e+02
2.555699999999999861e+00,1.055554782623537449e+02
2.557399999999999896e+00,1.059160640763418542e+02
2.558899999999999952e+00,1.059141590559781889e+02
2.560400000000000009e+00,1.062123519709912216e+02
2.560700000000000198e+00,1.066915207294207448e+02
2.561799999999999855e+00,1.073204574357087040e+02
2.562899999999999956e+00,1.071178376651669168e+02
2.564599999999999991e+00,1.075851483405494946e+02
2.565799999999999859e+00,1.076503241004907068e+02
2.566500000000000004e+00,1.081964983199557082e+02
2.569100000000000161e+00,1.085696080364957652e+02
2.569500000000000117e+00,1.093830529486874639e+02
2.569900000000000073e+00,1.096896077729595618e+02
2.570500000000000007e+00,1.103547406282109478e+02
2.573199999999999932e+00,1.109185096093845004e+02
2.575699999999999878e+00,1.118997107526026866e+02
2.577300000000000146e+00,1.126291865881923968e+02
2.579499999999999904e+00,1.135732894851380479e+02
2.582100000000000062e+00,1.139268054792585190e+02
2.582800000000000207e+00,1.144239524937906936e+02
2.583499999999999908e+00,1.149745828901066034e+02
2.583400000000000141e+00,1.151977355611716121e+02
2.585100000000000176e+00,1.157454685227871778e+02
2.586300000000000043e+00,1.161967658171822677e+02
2.587600000000000122e+00,1.167937847252023857e+02
2.588499999999999801e+00,1.172725849411842773e+02
2.589700000000000113e+00,1.174857736731898967e+02
2.589900000000000091e+00,1.184409438189231878e+02
2.590399999999999814e+00,1.192591448095554370e+02
2.591400000000000148e+00,1.198650802016836678e+02
2.592799999999999994e+00,1.205189183864017650e+02
2.594399999999999817e+00,1.211123458728959577e+02
2.596499999999999808e+00,1.217595529552104381e+02
2.597799999999999887e+00,1.223624061786590573e+02
2.601599999999999913e+00,1.230129929684867420e+02
2.602799999999999780e+00,1.235154491674268229e+02
2.603899999999999881e+00,1.240030378129631572e+02
2.603800000000000114e+00,1.243583780894355186e+02
2.606599999999999806e+00,1.249491489364227164e+02
2.607800000000000118e+00,1.257522635039706529e+02
2.608099999999999863e+00,1.258877841802520834e+02
2.608800000000000008e+00,1.263951857099980316e+02
2.610500000000000043e+00,1.264841766906736211e+02
2.611800000000000122e+00,1.270342823054008932e+02
2.612000000000000099e+00,1.274169255420119953e+02
2.613700000000000134e+00,1.276371266213079707e+02
2.616600000000000037e+00,1.288991534190085986e+02
2.618399999999999839e+00,1.294428657334970012e+02
2.618799999999999795e+00,1.303406320383792263e+02
2.619600000000000151e+00,1.311584549668450563e+02
2.620800000000000018e+00,1.321185017657765002e+02
2.623099999999999987e+00,1.331046115056724375e+02
2.624400000000000066e+00,1.339418453869336645e+02
2.625500000000000167e+00,1.347694573230780861e+02
2.625999999999999890e+00,1.358415183174072354e+02
2.628699999999999815e+00,1.365052657109517895e+02
2.630199999999999871e+00,1.374339068395383947e+02
2.632400000000000073e+00,1.381904262216037296e+02
2.632299999999999862e+00,1.396034735702091893e+02
2.634500000000000064e+00,1.404952839612701609e+02
2.637900000000000134e+00,1.414115846712347775e+02
2.638399999999999856e+00,1.422266209990457355e+02
2.638999999999999790e+00,1.435135243271590753e+02
2.639499999999999957e+00,1.446483780618591481e+02
2.639600000000000168e+00,1.450152443625891010e+02
2.640099999999999891e+00,1.461476695463361466e+02
2.641700000000000159e+00,1.471232480612045492e+02
2.644499999999999851e+00,1.481514874906299610e+02
2.647100000000000009e+00,1.492371612773110883e+02
2.648400000000000087e+00,1.505865480812099122e+02
2.650100000000000122e+00,1.520447488129345857e+02
2.652099999999999902e+00,1.528084962384702976e+02
2.653099999999999792e+00,1.541469901595844476e+02
2.653999999999999915e+00,1.547162602761034123e+02
2.655199999999999783e+00,1.555291135847587611e+02
2.656899999999999817e+00,1.564946659780594018e+02
2.657900000000000151e+00,1.572933369357624542e+02
2.659699999999999953e+00,1.581653988771627155e+02
2.660299999999999887e+00,1.593386201641449134e+02
2.662300000000000111e+00,1.603623502098323570e+02
2.664499999999999869e+00,1.617424270765316123e+02
2.664899999999999824e+00,1.631734926257395273e+02
2.665999999999999925e+00,1.643744699552300972e+02
2.666799999999999837e+00,1.652347529508008392e+02
2.667800000000000171e+00,1.661998651448191140e+02
2.668699999999999850e+00,1.676425374079797166e+02
2.669999999999999929e+00,1.691353889051194983e+02
2.672800000000000065e+00,1.703665985759555497e+02
2.674199999999999910e+00,1.718077594128551482e+02
2.674999999999999822e+00,1.736125913676917207e+02
2.676800000000000068e+00,1.751012570109517128e+02
2.682300000000000129e+00,1.765979208513183494e+02
2.680800000000000072e+00,1.788186280929783152e+02
2.682399999999999896e+00,1.804287595488242459e+02
2.683199999999999807e+00,1.815367821293436918e+02
2.683399999999999785e+00,1.829644169220252934e+02
2.683699999999999974e+00,1.842718271908277075e+02
2.684800000000000075e+00,1.856684041645119123e+02
2.685599999999999987e+00,1.872677622829676238e+02
2.686999999999999833e+00,1.891309523176885250e+02
2.691199999999999815e+00,1.915286158783753763e+02
2.693400000000000016e+00,1.942570724670702020e+02
2.694999999999999840e+00,1.967817071784959353e+02
2.697000000000000064e+00,1.988887075909062787e+02
2.700299999999999923e+00,2.011779125315995316e+02
2.702300000000000146e+00,2.032380510530081210e+02
2.702900000000000080e+00,2.058150447328969221e+02
2.706599999999999895e+00,2.077879360275921954e+02
2.706700000000000106e+00,2.097662510078514515e+02
2.707500000000000018e+00,2.122938021519801168e+02
2.707100000000000062e+00,2.146420167164153554e+02
2.709200000000000053e+00,2.169005521069395854e+02
2.708899999999999864e+00,2.196504810249450657e+02
2.710599999999999898e+00,2.223422896532549657e+02
2.712899999999999867e+00,2.248868715120590878e+02
2.714799999999999880e+00,2.271912987202797467e+02
2.716200000000000170e+00,2.299008405058477820e+02
2.718500000000000139e+00,2.322014442012757627e+02
2.719399999999999817e+00,2.346937311087383478e+02
2.719700000000000006e+00,2.377230741178266271e+02
2.721299999999999830e+00,2.406270038153159021e+02
2.723300000000000054e+00,2.437529743871671144e+02
2.725400000000000045e+00,2.465771799426640882e+02
2.727399999999999824e+00,2.501235041003599235e+02
2.728400000000000158e+00,2.532099559529799535e+02
2.729000000000000092e+00,2.550591307690108351e+02
2.728699999999999903e+00,2.567244996704459936e+02
2.728899999999999881e+00,2.584557446222213457e+02
2.730100000000000193e+00,2.609194821245803269e+02
2.730799999999999894e+00,2.634555545126479501e+02
2.734399999999999942e+00,2.658153003063632696e+02
2.736299999999999955e+00,2.677228138242960540e+02
2.737400000000000055e+00,2.700322025863658837e+02
2.739199999999999857e+00,2.719171286956518543e+02
2.740800000000000125e+00,2.740949591350856736e+02
2.740699999999999914e+00,2.758461283315457422e+02
2.740800000000000125e+00,2.777387944879963015e+02
2.742799999999999905e+00,2.788338454650363474e+02
2.744699999999999918e+00,2.796112640843932695e+02
2.745899999999999785e+00,2.813132633203751993e+02
2.747900000000000009e+00,2.830576085748637070e+02
2.750399999999999956e+00,2.843361654871257542e+02
2.750799999999999912e+00,2.854005080310646463e+02
2.753000000000000114e+00,2.860692317684386126e+02
2.754599999999999937e+00,2.867573974159288355e+02
2.756600000000000161e+00,2.868716188516580132e+02
2.758100000000000218e+00,2.868791509514692279e+02
2.758799999999999919e+00,2.868719609120228142e+02
2.759700000000000042e+00,2.854251668847839483e+02
2.762999999999999901e+00,2.837686816024149721e+02
2.762900000000000134e+00,2.826008049812933223e+02
2.764800000000000146e+00,2.807301093444618800e+02
2.767799999999999816e+00,2.788369677807597782e+02
2.768800000000000150e+00,2.765279087317287576e+02
2.770099999999999785e+00,2.735075547864960299e+02
2.769600000000000062e+00,2.709553876485881574e+02
2.770500000000000185e+00,2.672172449735478494e+02
2.770500000000000185e+00,2.648941229033023319e+02
2.771199999999999886e+00,2.610863421682104217e+02
2.772899999999999920e+00,2.562702452597507090e+02
2.776600000000000179e+00,2.511568282199762052e+02
2.776800000000000157e+00,2.459015114947985694e+02
2.778700000000000170e+00,2.411662630614753198e+02
2.780100000000000016e+00,2.364210724905617553e+02
2.782700000000000173e+00,2.310089077778554838e+02
2.782399999999999984e+00,2.255287950288709453e+02
2.782200000000000006e+00,2.198036221329700766e+02
2.783199999999999896e+00,2.142170237772559176e+02
2.783300000000000107e+00,2.091215163057597692e+02
2.784699999999999953e+00,2.034213871295116860e+02
2.785400000000000098e+00,1.976157740462870152e+02
2.788199999999999790e+00,1.915353766054679454e+02
2.789200000000000124e+00,1.858333352354468389e+02
2.790000000000000036e+00,1.812581381330285240e+02
2.790799999999999947e+00,1.767463424366826530e+02
2.793099999999999916e+00,1.721688391847740149e+02
2.793000000000000149e+00,1.682132123654635052e+02
2.792899999999999938e+00,1.635416660275795948e+02
2.795399999999999885e+00,1.586931336927621032e+02
2.796699999999999964e+00,1.544612764881944713e+02
2.797499999999999876e+00,1.497642803844457831e+02
2.798299999999999788e+00,1.461286549562887558e+02
2.801299999999999901e+00,1.407232220814396442e+02
2.803300000000000125e+00,1.373843009082993376e+02
2.804699999999999971e+00,1.342385696690178065e+02
2.805800000000000072e+00,1.310918257100620394e+02
2.807900000000000063e+00,1.281203309729808097e+02
2.809099999999999930e+00,1.248743374097832657e+02
2.810099999999999820e+00,1.216826551399585696e+02
2.811100000000000154e+00,1.179470949714743711e+02
2.812500000000000000e+00,1.144595094234330190e+02
2.813699999999999868e+00,1.114216564006471799e+02
2.814499999999999780e+00,1.085036514074188290e+02
2.817000000000000171e+00,1.053714804019984967e+02
2.818099999999999827e+00,1.023260153481849102e+02
2.818599999999999994e+00,9.929714474354136655e+01
2.819700000000000095e+00,9.706501834278196839e+01
2.819599999999999884e+00,9.460287848337748073e+01
2.820800000000000196e+00,9.175941997104519032e+01
2.822400000000000020e+00,8.894836025263384727e+01
2.825299999999999923e+00,8.599887378968492158e+01
2.826200000000000045e+00,8.294825907429890322e+01
2.828199999999999825e+00,8.032883514563741301e+01
2.830900000000000194e+00,7.768252298884294760e+01
2.834299999999999820e+00,7.492105749332540654e+01
2.835700000000000109e+00,7.253830034972361318e+01
2.835999999999999854e+00,7.017535220049512645e+01
2.837000000000000188e+00,6.833218289520800681e+01
2.839100000000000179e+00,6.623674825065972982e+01
2.840700000000000003e+00,6.395995555878812411e+01
2.842900000000000205e+00,6.226009739371215801e+01
2.844899999999999984e+00,6.038297029964815010e+01
2.847100000000000186e+00,5.833201104975501039e+01
2.848100000000000076e+00,5.663896219630919404e+01
2.849699999999999900e+00,5.542040168068569983e+01
2.849499999999999922e+00,5.388072707779906523e+01
2.849299999999999944e+00,5.215348477345150968e+01
2.850099999999999856e+00,5.019407672409170118e+01
2.850000000000000089e+00,4.879104284691834437e+01
2.850900000000000212e+00,4.769084277469869448e+01
2.852599999999999802e+00,4.664313235439567507e+01
2.853899999999999881e+00,4.498254291176999686e+01
2.854900000000000215e+00,4.336409365415761386e+01
2.858800000000000008e+00,4.200087489146017106e+01
2.859900000000000109e+00,4.075132941074866721e+01
2.860199999999999854e+00,3.986590958983833843e+01
2.860300000000000065e+00,3.887331426186688077e+01
2.861299999999999955e+00,3.774708699393295319e+01
2.863100000000000200e+00,3.684470669005258969e+01
2.863900000000000112e+00,3.588042436226464815e+01
2.866200000000000081e+00,3.519627811637906234e+01
2.868500000000000050e+00,3.453417548679021820e+01
2.869299999999999962e+00,3.377053607296397786e+01
2.873000000000000220e+00,3.295893659137391296e+01
2.872199999999999864e+00,3.254813930304931091e+01
2.872700000000000031e+00,3.220297580497549461e+01
2.873699999999999921e+00,3.192025479163248747e+01
2.875799999999999912e+00,3.144575038247944576e+01
2.877200000000000202e+00,3.041479494366990366e+01
2.878499999999999837e+00,2.966325042775110887e+01
2.882699999999999818e+00,2.914558714925510685e+01
2.884999999999999787e+00,2.849125880188512383e+01
2.886800000000000033e+00,2.784644603160404586e+01
2.888300000000000090e+00,2.726729647052684413e+01
2.887100000000000222e+00,2.695182500013356730e+01
2.887799999999999923e+00,2.618866608946791530e+01
2.889100000000000001e+00,2.565080665008372307e+01
2.889400000000000190e+00,2.531425085858631974e+01
2.891300000000000203e+00,2.458426772357165646e+01
2.892199999999999882e+00,2.395446846906293104e+01
2.895099999999999785e+00,2.360218754959487342e+01
2.897800000000000153e+00,2.320873345502855045e+01
2.899000000000000021e+00,2.347364491389339491e+01
2.898899999999999810e+00,2.347067917929234682e+01
2.902200000000000113e+00,2.326659668193406105e+01
2.902400000000000091e+00,2.264782935002085651e+01
2.903099999999999792e+00,2.218846880038472591e+01
2.904100000000000126e+00,2.192151883232600085e+01
2.907700000000000173e+00,2.149348363676313056e+01
2.909299999999999997e+00,2.107585582287242687e+01
2.908900000000000041e+00,2.007242385824406483e+01
2.909299999999999997e+00,1.929597803169122017e+01
2.912300000000000111e+00,1.901402669414142110e+01
2.914400000000000102e+00,1.909357793976755602e+01
2.916399999999999881e+00,1.846588140544690759e+01
2.916999999999999815e+00,1.822391159746052836e+01
2.917600000000000193e+00,1.822465820034244643e+01
2.920799999999999841e+00,1.772853934449335611e+01
2.922099999999999920e+00,1.724734521093978401e+01
2.922899999999999832e+00,1.653512214173770190e+01
2.924500000000000099e+00,1.667145775745825631e+01
2.928100000000000147e+00,1.670994085115580674e+01
2.928399999999999892e+00,1.613659695762407864e+01
2.930099999999999927e+00,1.594148544087283881e+01
2.930099999999999927e+00,1.598818834499661534e+01
2.933399999999999785e+00,1.577555580581747563e+01
2.934499999999999886e+00,1.574189183336875431e+01
2.934899999999999842e+00,1.515915130139524081e+01
2.935900000000000176e+00,1.504908869601058541e+01
2.935000000000000053e+00,1.476930695415671835e+01
2.936100000000000154e+00,1.445572462317727513e+01
2.937399999999999789e+00,1.433549535636984729e+01
2.938499999999999890e+00,1.407655815116322628e+01
2.939900000000000180e+00,1.389734253048163737e+01
2.941300000000000026e+00,1.342406395287457599e+01
2.944799999999999862e+00,1.342696109031521701e+01
2.946099999999999941e+00,1.340007426494003084e+01
2.946800000000000086e+00,1.356546693437940121e+01
2.947599999999999998e+00,1.362402616565304925e+01
2.949199999999999822e+00,1.379789256640901840e+01
2.950200000000000156e+00,1.349397781702896282e+01
2.951600000000000001e+00,1.302157353305460674e+01
2.952799999999999869e+00,1.341921970541784503e+01
2.953699999999999992e+00,1.354764305548019365e+01
2.954099999999999948e+00,1.366815812492018267e+01
2.954600000000000115e+00,1.350772897168258169e+01
2.955600000000000005e+00,1.340008914250142880e+01
2.955700000000000216e+00,1.365878097891072684e+01
2.957399999999999807e+00,1.381164728018643473e+01
2.957599999999999785e+00,1.389376580351222401e+01
2.962899999999999867e+00,1.361534295653200388e+01
2.963999999999999968e+00,1.333784874024991041e+01
2.964900000000000091e+00,1.344695497370526027e+01
2.967299999999999827e+00,1.313741650986685272e+01
2.971900000000000208e+00,1.318053863284376348e+01
2.971600000000000019e+00,1.317998981029927563e+01
2.970499999999999918e+00,1.281351044140023987e+01
2.972900000000000098e+00,1.263318216529864912e+01
2.973399999999999821e+00,1.268258475802099383e+01
2.974499999999999922e+00,1.295913583970832406e+01
2.977700000000000014e+00,1.302832264506446336e+01
2.979000000000000092e+00,1.293389429888884479e+01
2.982800000000000118e+00,1.278682804188883892e+01
2.982800000000000118e+00,1.222849112968151530e+01
2.983499999999999819e+00,1.207476530782150803e+01
2.983400000000000052e+00,1.216604439397542592e+01
2.983299999999999841e+00,1.212791338081660797e+01
2.984100000000000197e+00,1.198452679286901912e+01
2.983299999999999841e+00,1.189380893605971323e+01
2.984700000000000131e+00,1.167055199499441187e+01
2.985899999999999999e+00,1.137984090254849434e+01
2.988199999999999967e+00,1.142833834213411137e+01
2.989700000000000024e+00,1.122755467775482430e+01
2.992300000000000182e+00,1.102555407895897588e+01
2.996700000000000141e+00,1.078254223703606840e+01
2.998800000000000132e+00,1.073899697683009435e+01
3.000799999999999912e+00,1.051204369011543349e+01
3.001300000000000079e+00,1.031274815944220791e+01
3.003200000000000092e+00,1.021341688065990638e+01
3.002899999999999903e+00,9.585806890811909398e+00
3.003600000000000048e+00,9.142861325155990926e+00
3.004799999999999915e+00,8.728005988069071464e+00
3.007200000000000095e+00,8.443749219339451884e+00
3.008599999999999941e+00,8.194012782771324055e+00
3.009700000000000042e+00,8.157198443517245323e+00
3.011400000000000077e+00,8.015953849658444597e+00
3.014200000000000212e+00,8.002375460818484498e+00
3.014899999999999913e+00,7.898478090588241685e+00
3.015699999999999825e+00,7.668886712111770976e+00
3.016500000000000181e+00,7.559448309738399985e+00
3.018400000000000194e+00,7.575989173066091098e+00
3.018899999999999917e+00,7.571467543218432183e+00
3.020099999999999785e+00,7.669856994535848571e+00
3.022600000000000176e+00,7.558979365743880408e+00
3.023899999999999810e+00,7.719915290840162925e+00
3.024300000000000210e+00,7.761666264992300057e+00
3.025300000000000100e+00,7.325631267942526392e+00
3.027600000000000069e+00,7.300596962042391169e+00
3.027899999999999814e+00,7.217308367148234538e+00
3.028999999999999915e+00,7.017680516664086099e+00
3.029399999999999871e+00,7.034633405219892666e+00
3.031800000000000050e+00,7.015069568373291986e+00
3.033100000000000129e+00,6.684903967522132007e+00
3.034100000000000019e+00,6.942066940974655154e+00
3.035099999999999909e+00,7.556292770479103638e+00
3.035800000000000054e+00,7.603320159830218472e+00
3.036799999999999944e+00,7.786965366743743289e+00
3.038699999999999957e+00,7.765999120075321116e+00
3.041399999999999881e+00,7.789203971654387715e+00
3.044099999999999806e+00,7.650988195493937383e+00
3.045300000000000118e+00,7.815968989741122641e+00
3.048000000000000043e+00,7.759709052007792707e+00
3.047400000000000109e+00,7.306039145991235273e+00
3.048299999999999788e+00,7.441010493703288375e+00
3.047899999999999832e+00,7.425868067771261849e+00
3.048599999999999977e+00,7.309837156117055201e+00
3.049999999999999822e+00,7.157591213539262753e+00
3.050600000000000200e+00,6.844909690499434873e+00
3.053799999999999848e+00,6.774284639015831999e+00
3.055400000000000116e+00,6.582119055252633189e+00
3.056700000000000195e+00,6.664147061139374273e+00
3.057399999999999896e+00,6.753538507569601279e+00
3.058899999999999952e+00,6.509996539645044322e+00
3.059699999999999864e+00,6.439105081550906107e+00
3.060500000000000220e+00,6.560238752618488434e+00
3.061399999999999899e+00,6.474702328156809017e+00
3.064799999999999969e+00,6.606052718192358952e+00
3.066300000000000026e+00,6.639416907925351552e+00
3.067200000000000149e+00,6.290647338602866512e+00
3.068400000000000016e+00,6.035498837243949311e+00
3.070899999999999963e+00,6.256871519044125307e+00
3.072499999999999787e+00,6.442737521633716824e+00
3.072999999999999954e+00,6.635594103217272277e+00
3.073599999999999888e+00,6.377188799317991652e+00
3.075699999999999878e+00,6.353163094215233286e+00
3.076999999999999957e+00,6.378193327684130054e+00
3.078399999999999803e+00,6.119143886298161306e+00
3.080200000000000049e+00,6.435745006512888722e+00
3.080900000000000194e+00,6.808120013859252140e+00
3.082599999999999785e+00,6.907506870266161059e+00
3.083800000000000097e+00,6.725983777392684715e+00
3.085300000000000153e+00,6.830173376269840446e+00
3.086899999999999977e+00,6.760096101716271733e+00
3.086699999999999999e+00,6.654665205061519373e+00
3.087600000000000122e+00,6.526095629215433291e+00
3.089300000000000157e+00,6.402671784490394202e+00
3.090800000000000214e+00,6.237536301959380580e+00
3.091000000000000192e+00,6.271075647298403055e+00
3.091299999999999937e+00,6.358632507503216402e+00
3.091899999999999871e+00,5.994774233002317487e+00
3.096600000000000019e+00,6.124890256982325809e+00
3.096699999999999786e+00,6.198000588558670643e+00
3.097399999999999931e+00,6.499104124058248999e+00
3.096699999999999786e+00,6.476142255563445360e+00
3.097999999999999865e+00,6.571873173222002151e+00
3.099099999999999966e+00,6.781812785688998702e+00
3.099899999999999878e+00,6.755203967608622406e+00
3.100900000000000212e+00,6.730835884820862702e+00
3.104900000000000215e+00,6.749999121569317140e+00
3.107299999999999951e+00,6.848276953950744428e+00
3.109199999999999964e+00,6.677703753385912933e+00
3.113199999999999967e+00,6.932700141232544411e+00
3.113399999999999945e+00,6.893446193292902535e+00
3.114100000000000090e+00,6.686595426082703852e+00
3.115000000000000213e+00,6.594029899064480560e+00
3.116400000000000059e+00,6.638362147633188215e+00
3.117700000000000138e+00,6.883076279007127596e+00
3.119899999999999896e+00,7.054661699432926980e+00
3.120699999999999807e+00,7.124765164435075349e+00
3.121999999999999886e+00,6.983494791530119983e+00
3.123800000000000132e+00,6.997047416411533050e+00
3.127400000000000180e+00,7.244989930067276873e+00
3.128200000000000092e+00,7.183922804884787183e+00
3.129300000000000193e+00,7.169769813802304270e+00
3.130700000000000038e+00,7.473775862820502880e+00
3.132499999999999840e+00,7.433092663299476044e+00
3.133399999999999963e+00,7.355887860071106843e+00
3.135499999999999954e+00,7.167074595570738893e+00
3.135899999999999910e+00,6.883293984767078655e+00
3.136699999999999822e+00,6.779330350376767456e+00
3.139600000000000168e+00,6.429253168434115651e+00
3.140499999999999847e+00,6.311476508054965961e+00
3.141999999999999904e+00,6.019048076320586915e+00
3.144600000000000062e+00,6.218840654838913906e+00
3.146199999999999886e+00,5.960950415592833451e+00
3.147400000000000198e+00,5.781863008599884779e+00
3.148299999999999876e+00,5.567414964597901417e+00
3.149599999999999955e+00,5.703146718695961681e+00
3.149000000000000021e+00,6.024304449103965453e+00
3.149999999999999911e+00,6.000879613116467226e+00
3.150700000000000056e+00,6.103373128540852122e+00
3.153200000000000003e+00,5.755915991209576532e+00
3.155100000000000016e+00,5.686655438888919889e+00
3.157799999999999940e+00,5.687675651229938012e+00
3.158799999999999830e+00,5.665666418627097300e+00
3.159699999999999953e+00,5.720587034925983971e+00
3.160699999999999843e+00,5.673397358257489032e+00
3.160000000000000142e+00,5.485537724357300249e+00
3.161000000000000032e+00,5.613018274095111337e+00
3.162300000000000111e+00,5.588619429797063276e+00
3.163400000000000212e+00,5.259484686527457598e+00
3.166999999999999815e+00,4.974517809368762755e+00
3.169299999999999784e+00,5.051688477762127150e+00
3.171100000000000030e+00,5.385253315653699246e+00
3.173200000000000021e+00,5.216999359701048888e+00
3.174199999999999910e+00,5.434720004938753846e+00
3.174700000000000077e+00,5.608877223462059192e+00
3.175300000000000011e+00,5.744334484946193697e+00
3.176200000000000134e+00,5.781568582013278501e+00
3.176699999999999857e+00,5.800124635782140103e+00
3.177700000000000191e+00,6.068486217327517807e+00
3.178999999999999826e+00,6.013372168626801795e+00
3.180499999999999883e+00,5.836907899819379963e+00
3.181500000000000217e+00,5.600628117818587270e+00
3.182599999999999874e+00,5.875835955377851860e+00
3.184800000000000075e+00,5.794252722721694226e+00
3.186199999999999921e+00,6.090627317998723811e+00
3.187800000000000189e+00,6.114472160909372178e+00
3.189099999999999824e+00,6.065049462720935480e+00
3.192699999999999871e+00,6.086416628148526797e+00
3.194199999999999928e+00,5.913573484953531079e+00
3.196000000000000174e+00,5.987143605530491186e+00
3.196499999999999897e+00,6.350113176807781201e+00
3.199699999999999989e+00,6.215479437459407563e+00
3.201099999999999834e+00,6.115819521818366411e+00
3.201799999999999979e+00,6.398391814261913169e+00
3.202399999999999913e+00,6.572596051946447915e+00
3.203399999999999803e+00,6.562328412581337034e+00
3.204600000000000115e+00,6.582953629989333422e+00
3.205299999999999816e+00,6.708234022978786015e+00
3.206599999999999895e+00,6.497807727783992959e+00
3.207800000000000207e+00,6.507736459963098241e+00
3.209200000000000053e+00,6.632046925753456890e+00
3.211800000000000210e+00,6.375858063057194158e+00
3.212800000000000100e+00,6.390036136631124464e+00
3.213999999999999968e+00,6.017374769330217532e+00
3.215100000000000069e+00,6.282440836031128129e+00
3.216899999999999871e+00,6.037921472314792481e+00
3.217900000000000205e+00,5.975793339919391656e+00
3.218100000000000183e+00,5.776744999542870573e+00
3.219899999999999984e+00,5.667755665436516210e+00
3.220699999999999896e+00,5.483425981339223654e+00
3.221699999999999786e+00,5.276270600009866030e+00
3.223599999999999799e+00,5.197278052505225787e+00
3.225200000000000067e+00,5.135832618095037105e+00
3.226500000000000146e+00,4.965231214232971979e+00
3.227300000000000058e+00,4.818522369314223397e+00
3.229299999999999837e+00,4.515878782116033108e+00
3.230399999999999938e+00,4.804935576703428524e+00
3.232000000000000206e+00,4.793601816550108197e+00
3.232600000000000140e+00,4.676365994636171308e+00
3.233900000000000219e+00,4.800684766762060462e+00
3.234500000000000153e+00,4.821188914489084709e+00
3.237299999999999844e+00,4.574121942233432492e+00
3.237800000000000011e+00,4.670912470158327778e+00
3.238500000000000156e+00,5.055288691345822372e+00
3.242700000000000138e+00,5.067247256405835287e+00
3.244000000000000217e+00,5.075135115247348949e+00
3.245800000000000018e+00,5.401305769953978597e+00
3.247399999999999842e+00,5.806821215871877939e+00
3.249200000000000088e+00,5.845983858250292542e+00
3.250100000000000211e+00,5.731810374029009836e+00
3.250799999999999912e+00,5.891570044022273578e+00
3.250900000000000123e+00,6.080872733399473873e+00
3.252200000000000202e+00,6.044674289833892544e+00
3.253600000000000048e+00,6.187379002917623438e+00
3.255300000000000082e+00,6.275783231362765946e+00
3.256099999999999994e+00,6.603314855855160204e+00
3.257600000000000051e+00,6.710977243494426148e+00
3.259300000000000086e+00,6.854903779767482774e+00
3.261200000000000099e+00,7.197813091214811720e+00
3.262199999999999989e+00,7.401719022050656349e+00
3.265400000000000080e+00,7.528332727674523994e+00
3.267599999999999838e+00,7.272201961308837781e+00
3.267999999999999794e+00,7.368527547951998713e+00
3.269000000000000128e+00,7.472762042574686348e+00
3.270900000000000141e+00,7.491143213298300907e+00
3.271700000000000053e+00,7.371326952699746471e+00
3.271700000000000053e+00,7.741921297397539092e+00
3.272600000000000176e+00,7.756905854243996146e+00
3.272600000000000176e+00,7.223700109768742550e+00
3.273099999999999898e+00,7.378267146043526736e+00
3.273899999999999810e+00,7.437012366887302051e+00
3.275700000000000056e+00,7.444623553317114784e+00
3.279599999999999849e+00,7.138202841665815868e+00
3.281200000000000117e+00,7.513295182056936028e+00
3.282000000000000028e+00,7.670163405381345001e+00
3.283700000000000063e+00,7.714628130246182991e+00
3.287100000000000133e+00,7.703217111576577736e+00
3.289200000000000124e+00,7.878710872728561299e+00
3.290700000000000180e+00,8.127508482776647725e+00
3.291500000000000092e+00,8.169844814177622538e+00
3.291500000000000092e+00,8.107340376202046173e+00
3.292600000000000193e+00,7.985860211972294564e+00
3.292600000000000193e+00,8.238973615795430305e+00
3.292800000000000171e+00,8.329600060723805655e+00
3.294000000000000039e+00,8.488511246379630393e+00
3.296499999999999986e+00,8.755428953945738613e+00
3.299399999999999888e+00,8.689114122998034873e+00
3.303100000000000147e+00,8.782540986660933413e+00
3.304499999999999993e+00,8.712259084463312320e+00
3.305099999999999927e+00,8.642379796516252100e+00
3.306000000000000050e+00,9.055711763568297101e+00
3.305699999999999861e+00,8.858127569474390839e+00
3.307100000000000151e+00,9.215078220397344921e+00
3.306200000000000028e+00,9.307581268373951389e+00
3.308399999999999785e+00,9.248906374342823256e+00
3.311399999999999899e+00,9.591817989323317306e+00
3.312800000000000189e+00,9.608248064324470761e+00
3.314299999999999802e+00,9.799691322028820650e+00
3.315599999999999881e+00,9.946212285041838186e+00
3.318299999999999805e+00,9.768661628041627409e+00
3.319199999999999928e+00,9.716150641713511504e+00
3.320399999999999796e+00,9.913259147007238425e+00
3.322499999999999787e+00,1.000056997797651093e+01
3.324100000000000055e+00,9.986047980535886381e+00
3.324899999999999967e+00,1.008820057804905446e+01
3.327999999999999847e+00,1.021670336741226492e+01
3.328500000000000014e+00,1.064029902725678767e+01
3.329299999999999926e+00,1.083566874758548693e+01
3.330000000000000071e+00,1.090661666381379291e+01
3.330000000000000071e+00,1.072462564551460673e+01
3.331100000000000172e+00,1.067179867121581083e+01
3.331500000000000128e+00,1.088935054614398723e+01
3.332899999999999974e+00,1.088768915712103080e+01
3.334099999999999842e+00,1.073090492249662020e+01
3.335500000000000131e+00,1.103367508878204717e+01
3.337299999999999933e+00,1.088084460192567349e+01
3.341400000000000148e+00,1.104173382311319074e+01
3.343199999999999950e+00,1.071688229565711481e+01
3.344800000000000217e+00,1.094900051952549802e+01
3.346000000000000085e+00,1.076290402910876765e+01
3.346900000000000208e+00,1.038233265352641865e+01
3.347900000000000098e+00,1.065103045911723711e+01
3.347799999999999887e+00,1.076436932503452226e+01
3.349000000000000199e+00,1.073105110951905772e+01
3.349600000000000133e+00,1.100782364961901294e+01
3.350699999999999790e+00,1.125184267723193443e+01
3.352700000000000014e+00,1.122372199970504880e+01
3.354099999999999859e+00,1.114067286116278410e+01
3.355700000000000127e+00,1.116570536776634981e+01
3.357000000000000206e+00,1.116237660034767032e+01
3.359100000000000197e+00,1.107467215235533331e+01
3.360899999999999999e+00,1.098415873198973713e+01
3.362299999999999844e+00,1.065246274451919817e+01
3.364500000000000046e+00,1.026675900620602988e+01
3.366499999999999826e+00,9.999148748658626573e+00
3.368300000000000072e+00,1.023082949954277865e+01
3.369600000000000151e+00,1.009020808859918361e+01
3.370499999999999829e+00,1.006781194367636090e+01
3.371799999999999908e+00,1.030914552442004606e+01
3.372399999999999842e+00,1.023262222076959915e+01
3.374200000000000088e+00,1.003721402828773535e+01
3.375100000000000211e+00,9.996362291921059295e+00
3.376300000000000079e+00,9.879958896145353719e+00
3.379500000000000171e+00,1.013046344581266567e+01
3.379999999999999893e+00,1.042198998050025693e+01
3.380599999999999827e+00,1.056644994338239485e+01
3.380900000000000016e+00,1.049673782675722578e+01
3.381400000000000183e+00,1.029705770417308486e+01
3.382000000000000117e+00,1.011582219335446098e+01
3.383399999999999963e+00,1.013903241585217074e+01
3.384700000000000042e+00,1.004140416619566167e+01
3.387900000000000134e+00,9.990586288321992470e+00
3.389600000000000168e+00,1.031658928665524400e+01
3.390299999999999869e+00,1.025963121653740018e+01
3.390899999999999803e+00,1.041222927727926617e+01
3.392199999999999882e+00,1.064393703798964452e+01
3.392799999999999816e+00,1.065406251677518412e+01
3.393400000000000194e+00,1.092192132213358491e+01
3.393699999999999939e+00,1.091200066850728945e+01
3.394699999999999829e+00,1.119564499817056458e+01
3.396100000000000119e+00,1.104237821064157288e+01
3.397299999999999986e+00,1.101877793397011374e+01
3.399099999999999788e+00,1.096519708995901965e+01
3.402899999999999814e+00,1.096045514092975282e+01
3.404399999999999871e+00,1.073436955101055901e+01
3.406299999999999883e+00,1.076668735348812334e+01
3.407700000000000173e+00,1.090084759178762397e+01
3.409499999999999975e+00,1.102625050614778957e+01
3.410400000000000098e+00,1.079979804582171710e+01
3.410200000000000120e+00,1.073962887573247826e+01
3.412500000000000089e+00,1.091484872739033563e+01
3.413100000000000023e+00,1.085575336334500207e+01
3.414099999999999913e+00,1.096611648521593452e+01
3.416100000000000136e+00,1.128938365844282998e+01
3.419000000000000039e+00,1.118656215100759255e+01
3.419900000000000162e+00,1.110619921335228355e+01
3.420900000000000052e+00,1.072177938248228202e+01
3.424399999999999888e+00,1.052786974976970669e+01
3.425100000000000033e+00,1.061872455104457913e+01
3.426099999999999923e+00,1.055030058515467317e+01
3.427799999999999958e+00,1.047024576309331678e+01
3.428799999999999848e+00,1.036644762099922445e+01
3.429499999999999993e+00,1.002388801678284835e+01
3.430099999999999927e+00,1.011802226836994123e+01
3.430699999999999861e+00,1.034761261216567618e+01
3.431200000000000028e+00,1.048566226472348717e+01
3.433699999999999974e+00,1.074542714554081613e+01
3.435000000000000053e+00,1.097017357104664370e+01
3.436999999999999833e+00,1.126563355938719724e+01
3.439299999999999802e+00,1.160044687518120554e+01
3.442899999999999849e+00,1.189483769429125459e+01
3.444300000000000139e+00,1.194133142928785674e+01
3.446200000000000152e+00,1.244897823783776403e+01
3.447299999999999809e+00,1.270793425389774711e+01
3.447499999999999787e+00,1.258550555278748107e+01
3.447499999999999787e+00,1.239342069040253591e+01
3.448300000000000143e+00,1.237187825990099554e+01
3.449199999999999822e+00,1.246947513527425144e+01
3.451000000000000068e+00,1.234089828442051839e+01
3.452199999999999935e+00,1.234308611913775167e+01
3.453599999999999781e+00,1.264840818912921350e+01
3.456300000000000150e+00,1.308597184318318796e+01
3.456599999999999895e+00,1.322032725156486777e+01
3.456900000000000084e+00,1.313966683536045821e+01
3.457800000000000207e+00,1.297538511966558872e+01
3.458699999999999886e+00,1.305095868519697433e+01
3.460799999999999876e+00,1.337487907753529726e+01
3.462000000000000188e+00,1.370782220565911302e+01
3.466499999999999915e+00,1.388157685282840248e+01
3.468100000000000183e+00,1.375841889131083917e+01
3.469399999999999817e+00,1.392374337553246733e+01
3.471600000000000019e+00,1.412728234079872891e+01
3.472900000000000098e+00,1.424423940549809231e+01
3.473899999999999988e+00,1.395222691093772482e+01
3.474899999999999878e+00,1.390964337346349566e+01
3.475800000000000001e+00,1.402156155801571913e+01
3.478000000000000203e+00,1.400364316771947415e+01
3.479600000000000026e+00,1.374077755154303304e+01
3.481100000000000083e+00,1.381442192984013673e+01
3.483499999999999819e+00,1.427691375891868120e+01
3.484300000000000175e+00,1.446577400787941770e+01
3.485899999999999999e+00,1.469935680846879222e+01
3.485599999999999810e+00,1.488478005227830181e+01
3.486099999999999977e+00,1.482862197301551532e+01
3.486499999999999932e+00,1.512743063281482137e+01
3.487299999999999844e+00,1.506442875200150411e+01
3.489500000000000046e+00,1.497874354210875936e+01
3.491400000000000059e+00,1.489354102927450185e+01
3.492500000000000160e+00,1.511148168369390987e+01
3.493300000000000072e+00,1.511917252105854459e+01
3.494699999999999918e+00,1.512124026739229521e+01
3.498299999999999965e+00,1.514302918969860912e+01
3.497900000000000009e+00,1.515983012977244471e+01
3.498499999999999943e+00,1.534979654428752838e+01
3.500599999999999934e+00,1.534985215253391289e+01
3.504100000000000215e+00,1.519444493928199336e+01
3.505300000000000082e+00,1.503648660575231588e+01
3.505599999999999827e+00,1.511628190894816726e+01
3.505100000000000104e+00,1.556801817010364175e+01
3.507699999999999818e+00,1.574599525154758339e+01
3.508100000000000218e+00,1.597780676937850330e+01
3.508700000000000152e+00,1.617117638212835118e+01
3.509199999999999875e+00,1.610364086815366136e+01
3.510699999999999932e+00,1.583165878796216930e+01
3.512500000000000178e+00,1.558307693476990607e+01
3.514499999999999957e+00,1.552101715476442223e+01
3.515400000000000080e+00,1.542675220749538312e+01
3.516599999999999948e+00,1.496328967896488393e+01
3.518600000000000172e+00,1.508089517102780519e+01
3.520300000000000207e+00,1.494225794048247735e+01
3.521999999999999797e+00,1.519194462872314944e+01
3.525799999999999823e+00,1.529671148034935868e+01
3.527299999999999880e+00,1.533300307280592278e+01
3.528500000000000192e+00,1.516549615047142652e+01
3.528799999999999937e+00,1.508419488118238405e+01
3.529599999999999849e+00,1.496126394494626766e+01
3.530199999999999783e+00,1.501089353830752771e+01
3.529199999999999893e+00,1.531928664949919039e+01
3.529900000000000038e+00,1.539972854842631023e+01
3.531699999999999839e+00,1.559117705836160894e+01
3.533799999999999830e+00,1.566797544158271194e+01
3.536500000000000199e+00,1.606136807822826995e+01
3.537300000000000111e+00,1.613339110513425112e+01
3.538899999999999935e+00,1.607549972840774899e+01
3.540399999999999991e+00,1.652082151015497402e+01
3.542899999999999938e+00,1.618301936497186944e+01
3.543000000000000149e+00,1.608326240699011578e+01
3.543600000000000083e+00,1.612229336627956400e+01
3.545900000000000052e+00,1.662446262273215325e+01
3.551000000000000156e+00,1.690981502496833855e+01
3.551099999999999923e+00,1.725226484800896287e+01
3.551699999999999857e+00,1.751382047322772451e+01
3.552099999999999813e+00,1.789224670791259086e+01
3.552000000000000046e+00,1.794217300352829625e+01
3.551200000000000134e+00,1.785703881711901886e+01
3.553999999999999826e+00,1.766825808999328729e+01
3.553500000000000103e+00,1.781785016634694330e+01
3.555800000000000072e+00,1.828950111315793947e+01
3.557300000000000129e+00,1.885339259089164443e+01
3.559200000000000141e+00,1.906805787480629988e+01
3.560299999999999798e+00,1.923039869944773272e+01
3.564000000000000057e+00,1.907377885178857468e+01
3.564900000000000180e+00,1.911581465258473145e+01
3.564900000000000180e+00,1.914453235208247861e+01
3.565199999999999925e+00,1.883910515557249710e+01
3.565599999999999881e+00,1.856533529463422383e+01
3.566699999999999982e+00,1.820150027481099642e+01
3.568099999999999827e+00,1.801449828061481639e+01
3.569500000000000117e+00,1.806350479799516506e+01
3.572799999999999976e+00,1.767163043174150516e+01
3.573399999999999910e+00,1.798228033189866437e+01
3.574699999999999989e+00,1.829812857722140507e+01
3.576499999999999790e+00,1.836135510352642086e+01
3.578500000000000014e+00,1.809072275146104403e+01
3.579200000000000159e+00,1.794227316486853852e+01
3.579600000000000115e+00,1.769056253803159962e+01
3.580400000000000027e+00,1.759673844461531189e+01
3.582899999999999974e+00,1.779211225397148155e+01
3.582899999999999974e+00,1.793547793694961001e+01
3.583899999999999864e+00,1.806285611801990854e+01
3.587000000000000188e+00,1.830363082866392688e+01
3.587699999999999889e+00,1.820051049399398835e+01
3.588900000000000201e+00,1.792216936183353937e+01
3.591000000000000192e+00,1.743622976222263787e+01
3.595099999999999962e+00,1.767538442854970526e+01
3.596200000000000063e+00,1.774834960340717771e+01
3.596299999999999830e+00,1.772268488814324883e+01
3.596200000000000063e+00,1.758002148012838006e+01
3.598599999999999799e+00,1.739914782445134733e+01
3.599000000000000199e+00,1.791491908651983067e+01
3.599699999999999900e+00,1.859879806415369785e+01
3.601199999999999957e+00,1.861100101988040478e+01
3.605999999999999872e+00,1.866961503706147596e+01
3.607299999999999951e+00,1.885239041133991122e+01
3.608299999999999841e+00,1.877300122761357670e+01
3.609900000000000109e+00,1.874005528244379093e+01
3.610100000000000087e+00,1.838826583366108025e+01
3.611000000000000210e+00,1.841830572595085869e+01
3.611600000000000144e+00,1.879177400502567252e+01
3.611699999999999910e+00,1.890893259176255015e+01
3.612200000000000077e+00,1.905963813931884943e+01
3.612600000000000033e+00,1.912086881629397794e+01
3.614100000000000090e+00,1.891836598362033328e+01
3.615400000000000169e+00,1.894461825969824531e+01
3.617799999999999905e+00,1.941350167763607715e+01
3.619000000000000217e+00,1.940333863587306951e+01
3.620699999999999807e+00,1.960911747961495166e+01
3.622199999999999864e+00,1.969564631612229277e+01
3.626500000000000057e+00,1.973047960481812879e+01
3.628699999999999815e+00,2.012185012919098881e+01
3.629700000000000149e+00,2.062257022944481832e+01
3.629900000000000126e+00,2.131940660690156619e+01
3.632099999999999884e+00,2.110638794630040138e+01
3.634599999999999831e+00,2.111287761167818644e+01
3.635800000000000143e+00,2.108517267818751861e+01
3.636099999999999888e+00,2.094164716328691611e+01
3.636499999999999844e+00,2.141893568447994767e+01
3.637700000000000156e+00,2.143362000937781886e+01
3.640200000000000102e+00,2.124774285582088851e+01
3.641799999999999926e+00,2.149540840509553163e+01
3.642999999999999794e+00,2.161430797214825361e+01
3.643699999999999939e+00,2.181777345744171726e+01
3.643600000000000172e+00,2.196283261754751948e+01
3.644400000000000084e+00,2.151827723075825816e+01
3.644499999999999851e+00,2.130749286367768036e+01
3.645199999999999996e+00,2.164063971755285820e+01
3.646199999999999886e+00,2.184866333023842344e+01
3.650199999999999889e+00,2.207747492912426424e+01
3.652499999999999858e+00,2.196036609810971640e+01
3.654900000000000038e+00,2.160049322891245538e+01
3.655800000000000161e+00,2.152075503013293201e+01
3.657799999999999940e+00,2.159284552595772766e+01
3.660000000000000142e+00,2.139809808167819938e+01
3.661900000000000155e+00,2.154879204257599667e+01
3.661999999999999922e+00,2.145483180551991609e+01
3.665599999999999969e+00,2.113708021392312730e+01
3.665200000000000014e+00,2.079246335896868914e+01
3.665000000000000036e+00,2.089258091771239378e+01
3.665999999999999925e+00,2.151336115052185960e+01
3.666300000000000114e+00,2.154064132332064219e+01
3.666500000000000092e+00,2.157203649982079696e+01
3.668299999999999894e+00,2.137892144306761111e+01
3.673599999999999977e+00,2.176844057136418087e+01
3.675699999999999967e+00,2.178883854239438733e+01
3.677700000000000191e+00,2.163161616635716200e+01
3.678999999999999826e+00,2.139379683169727286e+01
3.679699999999999971e+00,2.178081509980574992e+01
3.680299999999999905e+00,2.193046513463559677e+01
3.681700000000000195e+00,2.218737652647519099e+01
3.681000000000000050e+00,2.234287911690034889e+01
3.681500000000000217e+00,2.194669296422239313e+01
3.684000000000000163e+00,2.167339748996505477e+01
3.685299999999999798e+00,2.185103577041263634e+01
3.686700000000000088e+00,2.197594098133231455e+01
3.690799999999999859e+00,2.228724346582976068e+01
3.692099999999999937e+00,2.239466103022186871e+01
3.692800000000000082e+00,2.233278310994819549e+01
3.692699999999999871e+00,2.283839417581634734e+01
3.693400000000000016e+00,2.303663615941263743e+01
3.694700000000000095e+00,2.285486151212103323e+01
3.695600000000000218e+00,2.276048167084536544e+01
3.696499999999999897e+00,2.266654616882283335e+01
3.701600000000000001e+00,2.325637792465477105e+01
3.702999999999999847e+00,2.306391892322540116e+01
3.704000000000000181e+00,2.319073385638375839e+01
3.704200000000000159e+00,2.339268466876092134e+01
3.705999999999999961e+00,2.317387202068425722e+01
3.706599999999999895e+00,2.307875005207233698e+01
3.706999999999999851e+00,2.354415663120539648e+01
3.706700000000000106e+00,2.376423362002901740e+01
3.708099999999999952e+00,2.391597263987364386e+01
3.710100000000000176e+00,2.352970910285807804e+01
3.711699999999999999e+00,2.375206464802113260e+01
3.713400000000000034e+00,2.403372383552800784e+01
3.714900000000000091e+00,2.444648805131396330e+01
3.716000000000000192e+00,2.452789556221296152e+01
3.718599999999999905e+00,2.487570635860060975e+01
3.719100000000000072e+00,2.480290932608045296e+01
3.719300000000000050e+00,2.474695238442359368e+01
3.720200000000000173e+00,2.475753461984186288e+01
3.721000000000000085e+00,2.515115348422159514e+01
3.721999999999999975e+00,2.505573770986143245e+01
3.723100000000000076e+00,2.463529447666564920e+01
3.724699999999999900e+00,2.439511325854073220e+01
3.728400000000000158e+00,2.460203573187072834e+01
3.729200000000000070e+00,2.459825092596202012e+01
3.729400000000000048e+00,2.484149119665107719e+01
3.730100000000000193e+00,2.462159140189373829e+01
3.733000000000000096e+00,2.437854246220740606e+01
3.733200000000000074e+00,2.421552959853056564e+01
3.733800000000000008e+00,2.444908181182313456e+01
3.734300000000000175e+00,2.471330868409222603e+01
3.736299999999999955e+00,2.451050217087572491e+01
3.737899999999999778e+00,2.449970014547193387e+01
3.738500000000000156e+00,2.437519563890259633e+01
3.738599999999999923e+00,2.433217675286550730e+01
3.740699999999999914e+00,2.471604225729788595e+01
3.742500000000000160e+00,2.406290051273276731e+01
3.743700000000000028e+00,2.407431154909750148e+01
3.745299999999999851e+00,2.378830833294637159e+01
3.748200000000000198e+00,2.404369915266715907e+01
3.750700000000000145e+00,2.389229261147988836e+01
3.752299999999999969e+00,2.379254732656499982e+01
3.751999999999999780e+00,2.394543778806200862e+01
3.751799999999999802e+00,2.402856478384887851e+01
3.753699999999999815e+00,2.357766704277332792e+01
3.755799999999999805e+00,2.365642348352093904e+01
3.756699999999999928e+00,2.370324774795403755e+01
3.757699999999999818e+00,2.380487900625189468e+01
3.758199999999999985e+00,2.385400630071035266e+01
3.759799999999999809e+00,2.430486571685605668e+01
3.762599999999999945e+00,2.436188912817465280e+01
3.762799999999999923e+00,2.440099543663882287e+01
3.763900000000000023e+00,2.489593229985985090e+01
3.765699999999999825e+00,2.515645671266338468e+01
3.768299999999999983e+00,2.491276859305071412e+01
3.769600000000000062e+00,2.511126600806801434e+01
3.769800000000000040e+00,2.538013708512494304e+01
3.771399999999999864e+00,2.523332461522159065e+01
3.773200000000000109e+00,2.541727529422587395e+01
3.773800000000000043e+00,2.544276740986128971e+01
3.775100000000000122e+00,2.524143135807685212e+01
3.778599999999999959e+00,2.574353791880616882e+01
3.779500000000000082e+00,2.562087318740054798e+01
3.779999999999999805e+00,2.570925228747728397e+01
3.780299999999999994e+00,2.567678251519078003e+01
3.780499999999999972e+00,2.594844445473722772e+01
3.780400000000000205e+00,2.612003045055280381e+01
3.782399999999999984e+00,2.627858889569733947e+01
3.783300000000000107e+00,2.608752111581361532e+01
3.785299999999999887e+00,2.638494618327558783e+01
3.787900000000000045e+00,2.649556527349363932e+01
3.792300000000000004e+00,2.676693960736702138e+01
3.794099999999999806e+00,2.698126304918173446e+01
3.795100000000000140e+00,2.684388186167188906e+01
3.795799999999999841e+00,2.648969486545047403e+01
3.796899999999999942e+00,2.636846357531112517e+01
3.797499999999999876e+00,2.619814919545524390e+01
3.798500000000000210e+00,2.618861746092534304e+01
3.799799999999999844e+00,2.570855144153551919e+01
3.801499999999999879e+00,2.584266843802492986e+01
3.803399999999999892e+00,2.569543367126220801e+01
3.805299999999999905e+00,2.578683144829437879e+01
3.807199999999999918e+00,2.591123139684282251e+01
3.807500000000000107e+00,2.593222080500072479e+01
3.807999999999999829e+00,2.608948119397473420e+01
3.808899999999999952e+00,2.620700798384109476e+01
3.809200000000000141e+00,2.627483832885718584e+01
3.810700000000000198e+00,2.620693059147538406e+01
3.812800000000000189e+00,2.628106665042423629e+01
3.813800000000000079e+00,2.642159041648005768e+01
3.817600000000000104e+00,2.631329732845733815e+01
3.818299999999999805e+00,2.648890997546914150e+01
3.819599999999999884e+00,2.665054763986927355e+01
3.821899999999999853e+00,2.661722684213168577e+01
3.821200000000000152e+00,2.691572063627859279e+01
3.822099999999999831e+00,2.708529085262875924e+01
3.822599999999999998e+00,2.713650872609787257e+01
3.823100000000000165e+00,2.748441243387037503e+01
3.825699999999999878e+00,2.756036809723082115e+01
3.826499999999999790e+00,2.777975116688025992e+01
3.828199999999999825e+00,2.804306759030760077e+01
3.829499999999999904e+00,2.806236227999647781e+01
3.832199999999999829e+00,2.808047510662322566e+01
3.833099999999999952e+00,2.862295783301078700e+01
3.834099999999999842e+00,2.849610070436460774e+01
3.835700000000000109e+00,2.897155324380105412e+01
3.835900000000000087e+00,2.903879046793304042e+01
3.837499999999999911e+00,2.894293554208434216e+01
3.839399999999999924e+00,2.897842365703741052e+01
3.841800000000000104e+00,2.893406469260548874e+01
3.842999999999999972e+00,2.894134998771551182e+01
3.843700000000000117e+00,2.936224868537124166e+01
3.844700000000000006e+00,2.964934060386576675e+01
3.847199999999999953e+00,2.979249805349127200e+01
3.848800000000000221e+00,3.000727141096444939e+01
3.849800000000000111e+00,3.031571876513976349e+01
3.850699999999999790e+00,3.027490911453219269e+01
3.852799999999999780e+00,3.012334816972929730e+01
3.855799999999999894e+00,3.053363818080356396e+01
3.855799999999999894e+00,3.048060981595153862e+01
3.856300000000000061e+00,3.050342548578237256e+01
3.857699999999999907e+00,3.061868803790980564e+01
3.859700000000000131e+00,3.034876577859017743e+01
3.860700000000000021e+00,3.050299966477996350e+01
3.861099999999999977e+00,3.066566398405666405e+01
3.862099999999999866e+00,3.079953547873742536e+01
3.863900000000000112e+00,3.093371887889884420e+01
3.865899999999999892e+00,3.063902813242020784e+01
3.868500000000000050e+00,3.039625305372487674e+01
3.871500000000000163e+00,3.038372223622354795e+01
3.872300000000000075e+00,3.007427510512252411e+01
3.872500000000000053e+00,3.014540195745621531e+01
3.874899999999999789e+00,3.023434308071819032e+01
3.875399999999999956e+00,3.025355287357433554e+01
3.876799999999999802e+00,3.058944082739958503e+01
3.880799999999999805e+00,3.071800324070477473e+01
3.882200000000000095e+00,3.036404332380016058e+01
3.882800000000000029e+00,3.021654694006974751e+01
3.884599999999999831e+00,3.027902947041411608e+01
3.886600000000000055e+00,3.019881083830455282e+01
3.886800000000000033e+00,3.016089252616484373e+01
3.887300000000000200e+00,3.001203378505283581e+01
3.891199999999999992e+00,3.001411755248182089e+01
3.891399999999999970e+00,3.009071580055365303e+01
3.892100000000000115e+00,3.005561102465935619e+01
3.893299999999999983e+00,3.011222487635177458e+01
3.895799999999999930e+00,3.016498016099649249e+01
3.897699999999999942e+00,3.024749040427809632e+01
3.898899999999999810e+00,3.016267396873990947e+01
3.899300000000000210e+00,3.033032107751091644e+01
3.899900000000000144e+00,3.049314395872147543e+01
3.900199999999999889e+00,3.050674634463348411e+01
3.901499999999999968e+00,3.080259549460583912e+01
3.903500000000000192e+00,3.084852068391819557e+01
3.904500000000000082e+00,3.112318709026294528e+01
3.905400000000000205e+00,3.113897337994740155e+01
3.907200000000000006e+00,3.127141578025384661e+01
3.911099999999999799e+00,3.134292031069480799e+01
3.912700000000000067e+00,3.152802435566877648e+01
3.913699999999999957e+00,3.151885458710808052e+01
3.914899999999999824e+00,3.168545006887256932e+01
3.916399999999999881e+00,3.177521109243116371e+01
3.916900000000000048e+00,3.190887680144237493e+01
3.917699999999999960e+00,3.161228255211585747e+01
3.918800000000000061e+00,3.135054700988553122e+01
3.919099999999999806e+00,3.099981275894879218e+01
3.920700000000000074e+00,3.132538644020655738e+01
3.921699999999999964e+00,3.150411821820966907e+01
3.924199999999999910e+00,3.125900573917874681e+01
3.926000000000000156e+00,3.121418780348471955e+01
3.927400000000000002e+00,3.122167469079795410e+01
3.928500000000000103e+00,3.113065109898525407e+01
3.929499999999999993e+00,3.104656034992285640e+01
3.929899999999999949e+00,3.129353470933824610e+01
3.930499999999999883e+00,3.135401529246200880e+01
3.931400000000000006e+00,3.134287224193303700e+01
3.932500000000000107e+00,3.150285804725444905e+01
3.933800000000000185e+00,3.177261533300588781e+01
3.935500000000000220e+00,3.209946489609046694e+01
3.937600000000000211e+00,3.196188502808308840e+01
3.940399999999999903e+00,3.200634549088044878e+01
3.940799999999999859e+00,3.191685050348951336e+01
3.940399999999999903e+00,3.205880186354011130e+01
3.941600000000000215e+00,3.189838940351478414e+01
3.943700000000000205e+00,3.208204890028764567e+01
3.943599999999999994e+00,3.195459559890650780e+01
3.944399999999999906e+00,3.219009188470636218e+01
3.948700000000000099e+00,3.240640979313479875e+01
3.950600000000000112e+00,3.267108881724266212e+01
3.951499999999999790e+00,3.277387309479718169e+01
3.954099999999999948e+00,3.300964735451361776e+01
3.955400000000000027e+00,3.308483373989542997e+01
3.956399999999999917e+00,3.287508280606198241e+01
3.957199999999999829e+00,3.296805617266522859e+01
3.957500000000000018e+00,3.303061206049483189e+01
3.958000000000000185e+00,3.314929404751592301e+01
3.958699999999999886e+00,3.315141329602533915e+01
3.959900000000000198e+00,3.342027888222787624e+01
3.962299999999999933e+00,3.358042411427209117e+01
3.962299999999999933e+00,3.370408766933906008e+01
3.963799999999999990e+00,3.347548207522572739e+01
3.966899999999999871e+00,3.366260135562356481e+01
3.967999999999999972e+00,3.377924073514736847e+01
3.968300000000000161e+00,3.382906413705291016e+01
3.969899999999999984e+00,3.383902029521027544e+01
3.971999999999999975e+00,3.391317699766909755e+01
3.973199999999999843e+00,3.401324496439860923e+01
3.974099999999999966e+00,3.403042230920141265e+01
3.975499999999999812e+00,3.408210677501938335e+01
3.976300000000000168e+00,3.369392850964527497e+01
3.977599999999999802e+00,3.375872375396284042e+01
3.979000000000000092e+00,3.357193322384000567e+01
3.979999999999999982e+00,3.377768890324250606e+01
3.981300000000000061e+00,3.404444323514780990e+01
3.982099999999999973e+00,3.411415905087460487e+01
3.983999999999999986e+00,3.414252045304715466e+01
3.985700000000000021e+00,3.388332805593699959e+01
3.987499999999999822e+00,3.431876197695009978e+01
3.988599999999999923e+00,3.473944128734251535e+01
3.989599999999999813e+00,3.501525498285150206e+01
3.991200000000000081e+00,3.523082681746427625e+01
3.993799999999999795e+00,3.530287890372073889e+01
3.994200000000000195e+00,3.528881214599323357e+01
3.994699999999999918e+00,3.514383748009072406e+01
3.996199999999999974e+00,3.477370695288482239e+01
3.998299999999999965e+00,3.458363338445519730e+01
3.998400000000000176e+00,3.437268901639822616e+01
3.999299999999999855e+00,3.436761895128734068e+01
4.001000000000000334e+00,3.460073287899808747e+01
4.002699999999999925e+00,3.466157721952731663e+01
4.002500000000000391e+00,3.471824003874530717e+01
4.002799999999999692e+00,3.497111058605105427e+01
4.004699999999999704e+00,3.500891013375689909e+01
4.008799999999999919e+00,3.537341279424003915e+01
4.009000000000000341e+00,3.580660542690384318e+01
4.010200000000000209e+00,3.562355504141396523e+01
4.012100000000000222e+00,3.580646181113274906e+01
4.012299999999999756e+00,3.586954396500459552e+01
4.012199999999999989e+00,3.550747899904104088e+01
4.013099999999999667e+00,3.577384919266410179e+01
4.014599999999999724e+00,3.594030411866697250e+01
4.016099999999999781e+00,3.651100032228237069e+01
4.017100000000000115e+00,3.640582262727639318e+01
4.020400000000000418e+00,3.610807648222157695e+01
4.021799999999999820e+00,3.598078368355709244e+01
4.023799999999999599e+00,3.607656264388197087e+01
4.024600000000000399e+00,3.617970787939816546e+01
4.026399999999999757e+00,3.631037153468673750e+01
4.028599999999999959e+00,3.633773952660340001e+01
4.030000000000000249e+00,3.676264762480946047e+01
4.030999999999999694e+00,3.701474510166053733e+01
4.032799999999999940e+00,3.727805993282436248e+01
4.034099999999999575e+00,3.704204953913767895e+01
4.035599999999999632e+00,3.722376616877704691e+01
4.037499999999999645e+00,3.746565283543623082e+01
4.039500000000000313e+00,3.750965096724416981e+01
4.040199999999999569e+00,3.732850041949382103e+01
4.041900000000000048e+00,3.764295143936965360e+01
4.043199999999999683e+00,3.752561108234544918e+01
4.044999999999999929e+00,3.753776679172369768e+01
4.044699999999999740e+00,3.791427178030107825e+01
4.045499999999999652e+00,3.769416982812072092e+01
4.044999999999999929e+00,3.778297738178821419e+01
4.045399999999999885e+00,3.817899043579791396e+01
4.046000000000000263e+00,3.823250094811623967e+01
4.047600000000000087e+00,3.832050808391727514e+01
4.052299999999999791e+00,3.813249733281531917e+01
4.054800000000000182e+00,3.819810945281028580e+01
4.057500000000000107e+00,3.872296480951104058e+01
4.059099999999999930e+00,3.894537147245569031e+01
4.060299999999999798e+00,3.871343189976369104e+01
4.060500000000000220e+00,3.872502071875351248e+01
4.060299999999999798e+00,3.903733959826831779e+01
4.061799999999999855e+00,3.940354972244449527e+01
4.062500000000000000e+00,3.947769863645748956e+01
4.063699999999999868e+00,3.970530921104568733e+01
4.067300000000000360e+00,3.977647314877458484e+01
4.068900000000000183e+00,3.978888944094273938e+01
4.069899999999999629e+00,3.977097329284265470e+01
4.070500000000000007e+00,3.987651820955056792e+01
4.071500000000000341e+00,4.034475124119990141e+01
4.072099999999999831e+00,4.019179750467856138e+01
4.073599999999999888e+00,3.995337377256919353e+01
4.075599999999999667e+00,3.992452709562348900e+01
4.076900000000000190e+00,3.973510207397134764e+01
4.077600000000000335e+00,3.991030425668895987e+01
4.080499999999999794e+00,4.028176652220281539e+01
4.082300000000000040e+00,4.011008261601637059e+01
4.083099999999999952e+00,4.003071146129832414e+01
4.083899999999999864e+00,3.968811807322504137e+01
4.084399999999999586e+00,3.968007143900922529e+01
4.085499999999999687e+00,3.960535496938246069e+01
4.086400000000000254e+00,3.955963243265841811e+01
4.087699999999999889e+00,3.923547335400439806e+01
4.091199999999999726e+00,3.918610701984925981e+01
4.092200000000000060e+00,3.925922491866367636e+01
4.093399999999999928e+00,3.951122858357825862e+01
4.094899999999999984e+00,3.917545751621219097e+01
4.097800000000000331e+00,3.900480045431481813e+01
4.097599999999999909e+00,3.883876429864403690e+01
4.097999999999999865e+00,3.882604727924990584e+01
4.098499999999999588e+00,3.886002593233456537e+01
4.101200000000000401e+00,3.921332898070295414e+01
4.102500000000000036e+00,3.905494052169115093e+01
4.103200000000000180e+00,3.885133470104278786e+01
4.104099999999999859e+00,3.869500139671572470e+01
4.106700000000000017e+00,3.918397457205878709e+01
4.108699999999999797e+00,3.950510358524707044e+01
4.109700000000000131e+00,3.968197680467005739e+01
4.111100000000000421e+00,4.006834387674189202e+01
4.113100000000000200e+00,4.011997636153569147e+01
4.115000000000000213e+00,3.994521816210090037e+01
4.115899999999999892e+00,3.999805351064742354e+01
4.115800000000000125e+00,4.004119395767543210e+01
4.116600000000000037e+00,4.057216824908937269e+01
4.117099999999999760e+00,4.050572416081286065e+01
4.118100000000000094e+00,4.063106919423876207e+01
4.119399999999999729e+00,4.093019041403385927e+01
4.123199999999999754e+00,4.116133960365527855e+01
4.124299999999999855e+00,4.110051355653649807e+01
4.125200000000000422e+00,4.149527622671075733e+01
4.126599999999999824e+00,4.167352227461719849e+01
4.129999999999999893e+00,4.174432274065179627e+01
4.130499999999999616e+00,4.167767306206019384e+01
4.131499999999999950e+00,4.167763603340108602e+01
4.132699999999999818e+00,4.167459185400252863e+01
4.136199999999999655e+00,4.188429741817731156e+01
4.136199999999999655e+00,4.171349493350112425e+01
4.136599999999999611e+00,4.174716324919108956e+01
4.137599999999999945e+00,4.204994076668481284e+01
4.138300000000000090e+00,4.193026436352374731e+01
4.139100000000000001e+00,4.179576852060131387e+01
4.140100000000000335e+00,4.187437468026973875e+01
4.142400000000000304e+00,4.185301599872491352e+01
4.144499999999999851e+00,4.162264225737385459e+01
4.145900000000000141e+00,4.135614825858942822e+01
4.147300000000000431e+00,4.148769266420254098e+01
4.149700000000000166e+00,4.163351691923298858e+01
4.150599999999999845e+00,4.183862416041279175e+01
4.152300000000000324e+00,4.182070990200350025e+01
4.152099999999999902e+00,4.192307461350424092e+01
4.152000000000000135e+00,4.233549997161344436e+01
4.152800000000000047e+00,4.208494952080036455e+01
4.153299999999999770e+00,4.196137624454877368e+01
4.157000000000000028e+00,4.183059072398782519e+01
4.158900000000000041e+00,4.152332927427460163e+01
4.161200000000000010e+00,4.172312712398547774e+01
4.163100000000000023e+00,4.209375290277603199e+01
4.166100000000000136e+00,4.230983301402261532e+01
4.167500000000000426e+00,4.253220242911220339e+01
4.167399999999999771e+00,4.248186699618781859e+01
4.168300000000000338e+00,4.237851156915735373e+01
4.168999999999999595e+00,4.260674336123474859e+01
4.169699999999999740e+00,4.268859806467980889e+01
4.170499999999999652e+00,4.264898716849484117e+01
4.172799999999999621e+00,4.282814821201577615e+01
4.175300000000000011e+00,4.309826028022189348e+01
4.176800000000000068e+00,4.284252568898000391e+01
4.177699999999999747e+00,4.306471326372775366e+01
4.178300000000000125e+00,4.296543806323052195e+01
4.178600000000000314e+00,4.315384353717058730e+01
4.179599999999999760e+00,4.333785742228110394e+01
4.180200000000000138e+00,4.327603471611814712e+01
4.180299999999999905e+00,4.334590158381706715e+01
4.180900000000000283e+00,4.344546066859015809e+01
4.182299999999999685e+00,4.352977265515573890e+01
4.184800000000000075e+00,4.299408051409955078e+01
4.190400000000000347e+00,4.304822104881714040e+01
4.191799999999999748e+00,4.301897770525147280e+01
4.193200000000000038e+00,4.351116818710420375e+01
4.194200000000000372e+00,4.388157867132895262e+01
4.195999999999999730e+00,4.345884459943704314e+01
4.197199999999999598e+00,4.323440082618230917e+01
4.196399999999999686e+00,4.305287508941455599e+01
4.197199999999999598e+00,4.299676724591495258e+01
4.197499999999999787e+00,4.320585198822641360e+01
4.199600000000000222e+00,4.317998310052985289e+01
4.200800000000000090e+00,4.334028237092502422e+01
4.201600000000000001e+00,4.341789157786615760e+01
4.203999999999999737e+00,4.347627880699201341e+01
4.205499999999999794e+00,4.368590714254605700e+01
4.206400000000000361e+00,4.363354664809276073e+01
4.206999999999999851e+00,4.379238337948186199e+01
4.208700000000000330e+00,4.366259983957934310e+01
4.209100000000000286e+00,4.434810410886279897e+01
4.209999999999999964e+00,4.438707397747043615e+01
4.211000000000000298e+00,4.455216894381874226e+01
4.213899999999999757e+00,4.452431972551357831e+01
4.214999999999999858e+00,4.431282069296776172e+01
4.215499999999999581e+00,4.426273452918235307e+01
4.216499999999999915e+00,4.433703845716286196e+01
4.217999999999999972e+00,4.497668395224218330e+01
4.218899999999999650e+00,4.521662480197119294e+01
4.220299999999999940e+00,4.530980012304348747e+01
4.221499999999999808e+00,4.501452387736367200e+01
4.223099999999999632e+00,4.498067925174927950e+01
4.224499999999999922e+00,4.532081232543305305e+01
4.225999999999999979e+00,4.549316685718690678e+01
4.227299999999999613e+00,4.576055941046411135e+01
4.228900000000000325e+00,4.589328367491452809e+01
4.229899999999999771e+00,4.601367390153200176e+01
4.230900000000000105e+00,4.607183430399004465e+01
4.232400000000000162e+00,4.593328871048265682e+01
4.237000000000000099e+00,4.597730782429880492e+01
4.238299999999999734e+00,4.619789413280045665e+01
4.239200000000000301e+00,4.610260508488136111e+01
4.239799999999999791e+00,4.635016025263075790e+01
4.241500000000000270e+00,4.660084017495819353e+01
4.242200000000000415e+00,4.697235238908979227e+01
4.241999999999999993e+00,4.697047219847536326e+01
4.241999999999999993e+00,4.737387272830324036e+01
4.244299999999999962e+00,4.760146833826979673e+01
4.245300000000000296e+00,4.786549791404240750e+01
4.246800000000000352e+00,4.809977805477774382e+01
4.248599999999999710e+00,4.833763496232427315e+01
4.251000000000000334e+00,4.835005899048610445e+01
4.252299999999999969e+00,4.811705851887541030e+01
4.253300000000000303e+00,4.804071277721982369e+01
4.254500000000000171e+00,4.809452899809184601e+01
4.256400000000000183e+00,4.828006303808842858e+01
4.257200000000000095e+00,4.824678107005752281e+01
4.258700000000000152e+00,4.813317861327163882e+01
4.259900000000000020e+00,4.820934270288057633e+01
4.261199999999999655e+00,4.834842884221302484e+01
4.262900000000000134e+00,4.840808606990822227e+01
4.266099999999999781e+00,4.860020209037907080e+01
4.267100000000000115e+00,4.884970541461575522e+01
4.268399999999999750e+00,4.931178907213006823e+01
4.269899999999999807e+00,4.950428127496707020e+01
4.272300000000000431e+00,4.939744494225101334e+01
4.273200000000000109e+00,4.987030296853936306e+01
4.274099999999999788e+00,5.000084156383968548e+01
4.275100000000000122e+00,5.000140387992564683e+01
4.278100000000000236e+00,4.994330467053896427e+01
4.278599999999999959e+00,4.974707047616334421e+01
4.278900000000000148e+00,4.968304573207365138e+01
4.278900000000000148e+00,4.959267638067922235e+01
4.279799999999999827e+00,4.983682836522552861e+01
4.280599999999999739e+00,4.984928939079122756e+01
4.280999999999999694e+00,4.955043647361185322e+01
4.281699999999999839e+00,4.981461990469324519e+01
4.283900000000000041e+00,4.943118690646451796e+01
4.285800000000000054e+00,4.937404953620603010e+01
4.287399999999999878e+00,4.968288693783074450e+01
4.288199999999999790e+00,4.983914104064183448e+01
4.290600000000000414e+00,4.984729611649368053e+01
4.291900000000000048e+00,4.990312347664689696e+01
4.293300000000000338e+00,4.988110501294227106e+01
4.294200000000000017e+00,4.984324100210528741e+01
4.296700000000000408e+00,4.974399844753747857e+01
4.298799999999999955e+00,4.967777391714253099e+01
4.299900000000000055e+00,4.959112711190437039e+01
4.300600000000000200e+00,4.932878277708982750e+01
4.301899999999999835e+00,4.909343546261288793e+01
4.302500000000000213e+00,4.957945590359349808e+01
4.302900000000000169e+00,4.930988036747294245e+01
4.304700000000000415e+00,4.920790081900736368e+01
4.305900000000000283e+00,4.932722078749179673e+01
4.306799999999999962e+00,4.955828958875690660e+01
4.307800000000000296e+00,4.978116417446381092e+01
4.309800000000000075e+00,4.962628457919890934e+01
4.311899999999999622e+00,4.942376395457631588e+01
4.312199999999999811e+00,4.932987710717338814e+01
4.312400000000000233e+00,4.943618269444641555e+01
4.315000000000000391e+00,4.951837627955910648e+01
4.315900000000000070e+00,4.974526704314371273e+01
4.317099999999999937e+00,5.015532911936952587e+01
4.317999999999999616e+00,5.027551758676031568e+01
4.318999999999999950e+00,4.991633774777142207e+01
4.320199999999999818e+00,5.011498893992234116e+01
4.321299999999999919e+00,5.024897935387866710e+01
4.322000000000000064e+00,5.025737264874601351e+01
4.323999999999999844e+00,5.018245729946738720e+01
4.325199999999999712e+00,5.048679672326170476e+01
4.325899999999999856e+00,5.083194656971113545e+01
4.326699999999999768e+00,5.075219161805898693e+01
4.329200000000000159e+00,5.087450056092075101e+01
4.329699999999999882e+00,5.082889054860197575e+01
4.331000000000000405e+00,5.091200559233516287e+01
4.332399999999999807e+00,5.067291658700651169e+01
4.335200000000000387e+00,5.069913112127414934e+01
4.336899999999999977e+00,5.080601121400673037e+01
4.337399999999999700e+00,5.078162099442647559e+01
4.337500000000000355e+00,5.075015616120049344e+01
4.339400000000000368e+00,5.103481068792962105e+01
4.339599999999999902e+00,5.130224966445211976e+01
4.340200000000000280e+00,5.149549023182339624e+01
4.340900000000000425e+00,5.178940214566159739e+01
4.344299999999999606e+00,5.200520794141311853e+01
4.345600000000000129e+00,5.221380944942325186e+01
4.345900000000000318e+00,5.203007160888250837e+01
4.346700000000000230e+00,5.205065174599371858e+01
4.350299999999999834e+00,5.219331407449408289e+01
4.351099999999999746e+00,5.223576366585871256e+01
4.351300000000000168e+00,5.213049281371036159e+01
4.351600000000000357e+00,5.204848267502347881e+01
4.353299999999999947e+00,5.227289051414663845e+01
4.355699999999999683e+00,5.250161880891027977e+01
4.356900000000000439e+00,5.240880698728574316e+01
4.357199999999999740e+00,5.202567550298954302e+01
4.360100000000000087e+00,5.261079763454586100e+01
4.360800000000000232e+00,5.298378551622113264e+01
4.362400000000000055e+00,5.316441788370912036e+01
4.363800000000000345e+00,5.341293423396723483e+01
4.364099999999999646e+00,5.363035969267798464e+01
4.364399999999999835e+00,5.377725369337213124e+01
4.365000000000000213e+00,5.367907917798697781e+01
4.368000000000000327e+00,5.344229787104973184e+01
4.368599999999999817e+00,5.335797372480124068e+01
4.369600000000000151e+00,5.316883290541568385e+01
4.370700000000000252e+00,5.332209893950471269e+01
4.373300000000000409e+00,5.361173468035849510e+01
4.374200000000000088e+00,5.338496748564034533e+01
4.375099999999999767e+00,5.352263330077016690e+01
4.376800000000000246e+00,5.394610095367966096e+01
4.377799999999999692e+00,5.396882775814469824e+01
4.378800000000000026e+00,5.425344283686217750e+01
4.380600000000000271e+00,5.448346109465887821e+01
4.381999999999999673e+00,5.480799338390329467e+01
4.382799999999999585e+00,5.467923106976991221e+01
4.383499999999999730e+00,5.515344734036557384e+01
4.387400000000000411e+00,5.534993397080529576e+01
4.388700000000000045e+00,5.537384925891842613e+01
4.389599999999999724e+00,5.513262753346202771e+01
4.391399999999999970e+00,5.569631269638625781e+01
4.392999999999999794e+00,5.533787400891264951e+01
4.394199999999999662e+00,5.541181386881703475e+01
4.395100000000000229e+00,5.571807219651736887e+01
4.396200000000000330e+00,5.572982566767564094e+01
4.397499999999999964e+00,5.552630910449852308e+01
4.397800000000000153e+00,5.546689233274400976e+01
4.398100000000000342e+00,5.569566668295510681e+01
4.400100000000000122e+00,5.606176415265736068e+01
4.400299999999999656e+00,5.605830254514899025e+01
4.400900000000000034e+00,5.576730441455924847e+01
4.402300000000000324e+00,5.548789766417075953e+01
4.405499999999999972e+00,5.513574571878848474e+01
4.407300000000000217e+00,5.512823594001315541e+01
4.410199999999999676e+00,5.511310794373252975e+01
4.411400000000000432e+00,5.518049921081592402e+01
4.412300000000000111e+00,5.548068942402687753e+01
4.413000000000000256e+00,5.551115166728573058e+01
4.413499999999999979e+00,5.529195754517991190e+01
4.413999999999999702e+00,5.541663164441683875e+01
4.413999999999999702e+00,5.538750948810206864e+01
4.416299999999999670e+00,5.486120115802827968e+01
4.417399999999999771e+00,5.482022996300088380e+01
4.418899999999999828e+00,5.504453245089598568e+01
4.419900000000000162e+00,5.511425235209253515e+01
4.423300000000000232e+00,5.469647094098127127e+01
4.425200000000000244e+00,5.469968185310449371e+01
4.426199999999999690e+00,5.463009141461202489e+01
4.427399999999999558e+00,5.474461501133828278e+01
4.429000000000000270e+00,5.463309275836877532e+01
4.429199999999999804e+00,5.479265670799850341e+01
4.429400000000000226e+00,5.471596953590596968e+01
4.431400000000000006e+00,5.468318097830956503e+01
4.432800000000000296e+00,5.465553573259353470e+01
4.434400000000000119e+00,5.480954843943209198e+01
4.435699999999999754e+00,5.520289627296119761e+01
4.439400000000000013e+00,5.562116816685738740e+01
4.440699999999999648e+00,5.591533786357581448e+01
4.442099999999999937e+00,5.603953599051760648e+01
4.442800000000000082e+00,5.624546030623105253e+01
4.443900000000000183e+00,5.584199680117149001e+01
4.445100000000000051e+00,5.593511078124129199e+01
4.446100000000000385e+00,5.605614517105004779e+01
4.446799999999999642e+00,5.658356810999293884e+01
4.448800000000000310e+00,5.678505918377277339e+01
4.448999999999999844e+00,5.718406298504419283e+01
4.449399999999999800e+00,5.747081673835600668e+01
4.450300000000000367e+00,5.739535315581792929e+01
4.453199999999999825e+00,5.707331986339022478e+01
4.454699999999999882e+00,5.752852797963851117e+01
4.456199999999999939e+00,5.773379612607141098e+01
4.459699999999999775e+00,5.760354597416903744e+01
4.461000000000000298e+00,5.753715115708496342e+01
4.462200000000000166e+00,5.725509390120600983e+01
4.463099999999999845e+00,5.738314823315681679e+01
4.463599999999999568e+00,5.729964709692831093e+01
4.463799999999999990e+00,5.734905770623322496e+01
4.464400000000000368e+00,5.720098804039139395e+01
4.465600000000000236e+00,5.751207360879720909e+01
4.468099999999999739e+00,5.743258469526858789e+01
4.469299999999999606e+00,5.750965496854132653e+01
4.470500000000000362e+00,5.768595326156560077e+01
4.471799999999999997e+00,5.803680188999715028e+01
4.473799999999999777e+00,5.826736665439989338e+01
4.474899999999999878e+00,5.823263798997936647e+01
4.475900000000000212e+00,5.826843699404230392e+01
4.477100000000000080e+00,5.783569960830004675e+01
4.478600000000000136e+00,5.800421208215152546e+01
4.479800000000000004e+00,5.813035981540770081e+01
4.481099999999999639e+00,5.813062398401280007e+01
4.481600000000000250e+00,5.805361084704486530e+01
4.482199999999999740e+00,5.838868217447043207e+01
4.483200000000000074e+00,5.880425493904590439e+01
4.485400000000000276e+00,5.908435692102852954e+01
4.487199999999999633e+00,5.865199340657522953e+01
4.489899999999999558e+00,5.874077690144258668e+01
4.491799999999999571e+00,5.938799417195104979e+01
4.493699999999999584e+00,5.933125465342050120e+01
4.494799999999999685e+00,5.965996277173258022e+01
4.495499999999999829e+00,6.023803898998744444e+01
4.495499999999999829e+00,6.066340311044086775e+01
4.496000000000000441e+00,6.085834185977660127e+01
4.496999999999999886e+00,6.114100925886282312e+01
4.498800000000000132e+00,6.119529534657681324e+01
4.500200000000000422e+00,6.151347633497061906e+01
4.501900000000000013e+00,6.156494251498224912e+01
4.505200000000000315e+00,6.149636516143777953e+01
4.506300000000000416e+00,6.112937691823776731e+01
4.507799999999999585e+00,6.106348280300585429e+01
4.509500000000000064e+00,6.099348148175704409e+01
4.510699999999999932e+00,6.096993808229649403e+01
4.511700000000000266e+00,6.157277992678064038e+01
4.512400000000000411e+00,6.192703976744064676e+01
4.514899999999999913e+00,6.182828775511325148e+01
4.515299999999999869e+00,6.211104701367412417e+01
4.516099999999999781e+00,6.210184090716029459e+01
4.517199999999999882e+00,6.196669691265765323e+01
4.519300000000000317e+00,6.165756997444873377e+01
4.520900000000000141e+00,6.208547604539626263e+01
4.522400000000000198e+00,6.280948111825819069e+01
4.524300000000000210e+00,6.320970519953607436e+01
4.525500000000000078e+00,6.327168153521802196e+01
4.527199999999999669e+00,6.364998051041015970e+01
4.529499999999999638e+00,6.376019872636743457e+01
4.529899999999999594e+00,6.380109263305757850e+01
4.530499999999999972e+00,6.356551355363058065e+01
4.531600000000000072e+00,6.378873718799286507e+01
4.533599999999999852e+00,6.353674764641755246e+01
4.534099999999999575e+00,6.338920598102004078e+01
4.535499999999999865e+00,6.369481075496605627e+01
4.537700000000000067e+00,6.369003349238278133e+01
4.538700000000000401e+00,6.378578085885578730e+01
4.540399999999999991e+00,6.411836225849765469e+01
4.541999999999999815e+00,6.426319665515052293e+01
4.543999999999999595e+00,6.468608791698898131e+01
4.543599999999999639e+00,6.494149509837120604e+01
4.544299999999999784e+00,6.475830281906951313e+01
4.547200000000000131e+00,6.455644080859815404e+01
4.548499999999999766e+00,6.462538590681947426e+01
4.549800000000000288e+00,6.433012491979843617e+01
4.551199999999999690e+00,6.443718540002782902e+01
4.554899999999999949e+00,6.443408587434532819e+01
4.556499999999999773e+00,6.502330353451156952e+01
4.557400000000000340e+00,6.480669196565827406e+01
4.558600000000000207e+00,6.463432257552835836e+01
4.559899999999999842e+00,6.454901314110702515e+01
4.560699999999999754e+00,6.456495393605177924e+01
4.561600000000000321e+00,6.433227082186567714e+01
4.561799999999999855e+00,6.432577237830696504e+01
4.565000000000000391e+00,6.435552983855086495e+01
4.566600000000000215e+00,6.436773189638938675e+01
4.567099999999999937e+00,6.435770239145699634e+01
4.569399999999999906e+00,6.453667562057466967e+01
4.570400000000000240e+00,6.459817055334542601e+01
4.571799999999999642e+00,6.466631608420243538e+01
4.572400000000000020e+00,6.511022913352780961e+01
4.573100000000000165e+00,6.512235115640987715e+01
4.573900000000000077e+00,6.541355401446321594e+01
4.574399999999999800e+00,6.543178028186048323e+01
4.575800000000000090e+00,6.526194416419798472e+01
4.577099999999999724e+00,6.564473078423384322e+01
4.578500000000000014e+00,6.582776016743127911e+01
4.579100000000000392e+00,6.581005550746999688e+01
4.581299999999999706e+00,6.590286047292147487e+01
4.582200000000000273e+00,6.619611026362713346e+01
4.583000000000000185e+00,6.615088520222548141e+01
4.584399999999999586e+00,6.622793062114351414e+01
4.585499999999999687e+00,6.621010006179290031e+01
4.587100000000000399e+00,6.610879706599939709e+01
4.588400000000000034e+00,6.617431873706368606e+01
4.589999999999999858e+00,6.619343449608618357e+01
4.593899999999999650e+00,6.613738806178071172e+01
4.595500000000000362e+00,6.661614964855107246e+01
4.597199999999999953e+00,6.657207990032816269e+01
4.599000000000000199e+00,6.639419223704567230e+01
4.602199999999999847e+00,6.656001915582646689e+01
4.602999999999999758e+00,6.674231821385410512e+01
4.603399999999999714e+00,6.680606908154868506e+01
4.605100000000000193e+00,6.678545760133511067e+01
4.607899999999999885e+00,6.672637003665067823e+01
4.607400000000000162e+00,6.636883789190301286e+01
4.607499999999999929e+00,6.626704031282292817e+01
4.609700000000000131e+00,6.606262013015543744e+01
4.609200000000000408e+00,6.623598606419955104e+01
4.609899999999999665e+00,6.636006289453439422e+01
4.609499999999999709e+00,6.621250489962494612e+01
4.613800000000000345e+00,6.627345848773802572e+01
4.615300000000000402e+00,6.660080186938125735e+01
4.617099999999999760e+00,6.671265023810065031e+01
4.618900000000000006e+00,6.692501577669031576e+01
4.621100000000000207e+00,6.759314084080256180e+01
4.622899999999999565e+00,6.788125302036496578e+01
4.623599999999999710e+00,6.764343042728683031e+01
4.623499999999999943e+00,6.813463056103523741e+01
4.624399999999999622e+00,6.854850961596912384e+01
4.624100000000000321e+00,6.893143160478416576e+01
4.624100000000000321e+00,6.930025379375751982e+01
4.625499999999999723e+00,6.921674370323512449e+01
4.627100000000000435e+00,6.946239033975848542e+01
4.628599999999999604e+00,6.966096742914260176e+01
4.630300000000000082e+00,6.981728842676807290e+01
4.632200000000000095e+00,7.004197834597175643e+01
4.636000000000000121e+00,7.039038340077945577e+01
4.636899999999999800e+00,7.100195926920719103e+01
4.637100000000000222e+00,7.125251582754049196e+01
4.637699999999999712e+00,7.156771757864589745e+01
4.638600000000000279e+00,7.162254781601222930e+01
4.639800000000000146e+00,7.184695772011968984e+01
4.641099999999999781e+00,7.199519880601405930e+01
4.641399999999999970e+00,7.217023731739459436e+01
4.643200000000000216e+00,7.229841496800281675e+01
4.644800000000000040e+00,7.225014209632968232e+01
4.646899999999999586e+00,7.187010392856973340e+01
4.648600000000000065e+00,7.205572903719939859e+01
4.649799999999999933e+00,7.216211631008627592e+01
4.651099999999999568e+00,7.208372655195375955e+01
4.652499999999999858e+00,7.238050141737994636e+01
4.652999999999999581e+00,7.276424305410318993e+01
4.653200000000000003e+00,7.264138383568456447e+01
4.654099999999999682e+00,7.241913710897051715e+01
4.655700000000000394e+00,7.247893346299611039e+01
4.658999999999999808e+00,7.262863982902103999e+01
4.660499999999999865e+00,7.264360591647414367e+01
4.662700000000000067e+00,7.253351033044236829e+01
4.663999999999999702e+00,7.258330138330552472e+01
4.663999999999999702e+00,7.295645594977963810e+01
4.664200000000000124e+00,7.286122019362824176e+01
4.664500000000000313e+00,7.296795838774391996e+01
4.665600000000000414e+00,7.239948128470427946e+01
4.666900000000000048e+00,7.255845960979559095e+01
4.668300000000000338e+00,7.263509430890167096e+01
4.671199999999999797e+00,7.302517954022823687e+01
4.672299999999999898e+00,7.353205686547994446e+01
4.673099999999999810e+00,7.381717706137533241e+01
4.673300000000000232e+00,7.379501997278271119e+01
4.675500000000000433e+00,7.417577805617088416e+01
4.676999999999999602e+00,7.434103470926379487e+01
4.677599999999999980e+00,7.427959332206478393e+01
4.679299999999999571e+00,7.464422089924300963e+01
4.679899999999999949e+00,7.452182729826517971e+01
4.680600000000000094e+00,7.456608885680520871e+01
4.681799999999999962e+00,7.438978640900199935e+01
4.682400000000000340e+00,7.434252879892665078e+01
4.683600000000000207e+00,7.457246730693805148e+01
4.685299999999999798e+00,7.479577353024114927e+01
4.686899999999999622e+00,7.480728268233337985e+01
4.691200000000000259e+00,7.481671381828573431e+01
4.692099999999999937e+00,7.489417066809915013e+01
4.692199999999999704e+00,7.508911882528309434e+01
4.692700000000000315e+00,7.518517780953288820e+01
4.695100000000000051e+00,7.457186113906300307e+01
4.695100000000000051e+00,7.457047895253845127e+01
4.695599999999999774e+00,7.443347855323190743e+01
4.696299999999999919e+00,7.465977834970885851e+01
4.699499999999999567e+00,7.427711023335541540e+01
4.701399999999999579e+00,7.422874666930374588e+01
4.702300000000000146e+00,7.439816297483821472e+01
4.705099999999999838e+00,7.403749533006180172e+01
4.706299999999999706e+00,7.398884355296581816e+01
4.707900000000000418e+00,7.417054874898144590e+01
4.709399999999999586e+00,7.404930236970267288e+01
4.709200000000000053e+00,7.446633017351109629e+01
4.709999999999999964e+00,7.504662333452347411e+01
4.711000000000000298e+00,7.490161760491514542e+01
4.711599999999999788e+00,7.523862998222193710e+01
4.713099999999999845e+00,7.561196634904672464e+01
4.713400000000000034e+00,7.586826861133067723e+01
4.714199999999999946e+00,7.587811041482927976e+01
4.716099999999999959e+00,7.558673551426477388e+01
4.717399999999999594e+00,7.587191032701366566e+01
4.719100000000000072e+00,7.583454506372299875e+01
4.720299999999999940e+00,7.523531761062531587e+01
4.721700000000000230e+00,7.546747755364708610e+01
4.723600000000000243e+00,7.560185730123157555e+01
4.725200000000000067e+00,7.572491198924558375e+01
4.726600000000000357e+00,7.634649574474633482e+01
4.726899999999999658e+00,7.647114108716345982e+01
4.727100000000000080e+00,7.668165615701309434e+01
4.728100000000000414e+00,7.712614554555352697e+01
4.729800000000000004e+00,7.741798966770261359e+01
4.731900000000000439e+00,7.757392061327777810e+01
4.733699999999999797e+00,7.759533733957641743e+01
4.735100000000000087e+00,7.790002663524091986e+01
4.736799999999999677e+00,7.816211971157440530e+01
4.737599999999999589e+00,7.830735977520430424e+01
4.738299999999999734e+00,7.859180342787135487e+01
4.738699999999999690e+00,7.866051176038763515e+01
4.738800000000000345e+00,7.873250031438851693e+01
4.740099999999999980e+00,7.860816209391896336e+01
4.741900000000000226e+00,7.825664336961904155e+01
4.744100000000000428e+00,7.788754489668849601e+01
4.748499999999999943e+00,7.794282913156985160e+01
4.750200000000000422e+00,7.795151879900345193e+01
4.751100000000000101e+00,7.809822777086128553e+01
4.753700000000000259e+00,7.822567215928074802e+01
4.754199999999999982e+00,7.827875883446267835e+01
4.754800000000000360e+00,7.877467684765542799e+01
4.755399999999999849e+00,7.865213817117000872e+01
4.755899999999999572e+00,7.871436876909069724e+01
4.756999999999999673e+00,7.862937741347786869e+01
4.757200000000000095e+00,7.851250048519318625e+01
4.757600000000000051e+00,7.847197177034991000e+01
4.758799999999999919e+00,7.857363307026412258e+01
4.759999999999999787e+00,7.851816759479424945e+01
4.761400000000000077e+00,7.874341719635958725e+01
4.764199999999999768e+00,7.874937626705695948e+01
4.765500000000000291e+00,7.863402237226455327e+01
4.766799999999999926e+00,7.846738705692087024e+01
4.770100000000000229e+00,7.836402088885392914e+01
4.770999999999999908e+00,7.839084960059471996e+01
4.772100000000000009e+00,7.816632146966844630e+01
4.774200000000000443e+00,7.819247353782134269e+01
4.774700000000000166e+00,7.823675725789007629e+01
4.775599999999999845e+00,7.887088884801801214e+01
4.777199999999999669e+00,7.927977781676895574e+01
4.777999999999999581e+00,7.956073625096314572e+01
4.778699999999999726e+00,7.963214403783172202e+01
4.779399999999999871e+00,8.002935196721205102e+01
4.779799999999999827e+00,8.054048486986403077e+01
4.783199999999999896e+00,8.038342538201459320e+01
4.783699999999999619e+00,8.063503280458235167e+01
4.784500000000000419e+00,8.091142298286058576e+01
4.786200000000000010e+00,8.122580927052740662e+01
4.789299999999999891e+00,8.137808442251025554e+01
4.790899999999999714e+00,8.134585581352212103e+01
4.792200000000000237e+00,8.152407738321653596e+01
4.792799999999999727e+00,8.171076453195155409e+01
4.793800000000000061e+00,8.176198004887646675e+01
4.794599999999999973e+00,8.187028235749539817e+01
4.795499999999999652e+00,8.175847364579522036e+01
4.796199999999999797e+00,8.168630975065025268e+01
4.797200000000000131e+00,8.159415740677354734e+01
4.798300000000000232e+00,8.166429026765013077e+01
4.799699999999999633e+00,8.131596380272139868e+01
4.801300000000000345e+00,8.132407899921031458e+01
4.802500000000000213e+00,8.146065366645552785e+01
4.803200000000000358e+00,8.138401336138326769e+01
4.808099999999999596e+00,8.160600544103613174e+01
4.810200000000000031e+00,8.120122859952243743e+01
4.811300000000000132e+00,8.111708346230170719e+01
4.812199999999999811e+00,8.142843344577795506e+01
4.814899999999999736e+00,8.163938491472231362e+01
4.815100000000000158e+00,8.158209344324859558e+01
4.816300000000000026e+00,8.152786973704792217e+01
4.817199999999999704e+00,8.142032169097296901e+01
4.816399999999999793e+00,8.162457515740038616e+01
4.818500000000000227e+00,8.174508518216407538e+01
4.819300000000000139e+00,8.207508893047656784e+01
4.820100000000000051e+00,8.216202197441089083e+01
4.823400000000000354e+00,8.265124672931824534e+01
4.825599999999999667e+00,8.257481642221296170e+01
4.827200000000000379e+00,8.256656035416949635e+01
4.827899999999999636e+00,8.287077383750306581e+01
4.830300000000000260e+00,8.310162121289613424e+01
4.831900000000000084e+00,8.314527173144006156e+01
4.832600000000000229e+00,8.363502706227086492e+01
4.832600000000000229e+00,8.414140183237577730e+01
4.834399999999999586e+00,8.414790903010612055e+01
4.834900000000000198e+00,8.470131692667700918e+01
4.836700000000000443e+00,8.463760962625224238e+01
4.837600000000000122e+00,8.473877793153019411e+01
4.841700000000000337e+00,8.466860059612622535e+01
4.843499999999999694e+00,8.449672882401591778e+01
4.843799999999999883e+00,8.479613953122134262e+01
4.843700000000000117e+00,8.501885113981757058e+01
4.844699999999999562e+00,8.494521552317974056e+01
4.844500000000000028e+00,8.485327130512541771e+01
4.848099999999999632e+00,8.525438894883927787e+01
4.849999999999999645e+00,8.556941908278690789e+01
4.852500000000000036e+00,8.563370407109346161e+01
4.854400000000000048e+00,8.560168221966569035e+01
4.856799999999999784e+00,8.582913169508060491e+01
4.857899999999999885e+00,8.571688569017874215e+01
4.857999999999999652e+00,8.558126389195399497e+01
4.858799999999999564e+00,8.570307012369130462e+01
4.860100000000000087e+00,8.601469504793362830e+01
4.860999999999999766e+00,8.631098364916829269e+01
4.862000000000000099e+00,8.614922635656989769e+01
4.863900000000000112e+00,8.608193615165737356e+01
4.865199999999999747e+00,8.625807461449153379e+01
4.865999999999999659e+00,8.642281892107075691e+01
4.866999999999999993e+00,8.642574659434353634e+01
4.869699999999999918e+00,8.648049243164450672e+01
4.871199999999999974e+00,8.637422134326038758e+01
4.872899999999999565e+00,8.656394964334754150e+01
4.875099999999999767e+00,8.699045149502535423e+01
4.876599999999999824e+00,8.735082655822134257e+01
4.878099999999999881e+00,8.750739275531100247e+01
4.878099999999999881e+00,8.781049312711888888e+01
4.879800000000000360e+00,8.800125493717587233e+01
4.880300000000000082e+00,8.796783956316494368e+01
4.881000000000000227e+00,8.805175161977490461e+01
4.881499999999999950e+00,8.762921371606375942e+01
4.882500000000000284e+00,8.759270726644626848e+01
4.884400000000000297e+00,8.775683677179017650e+01
4.885200000000000209e+00,8.810277929743028835e+01
4.886999999999999567e+00,8.809297207378972416e+01
4.887800000000000367e+00,8.809550432277114851e+01
4.889300000000000423e+00,8.823207544018714543e+01
4.891799999999999926e+00,8.822213934057594997e+01
4.894199999999999662e+00,8.823176717852447837e+01
4.895699999999999719e+00,8.824903120749831942e+01
4.898500000000000298e+00,8.864871272438404048e+01
4.899799999999999933e+00,8.884040938024600109e+01
4.901299999999999990e+00,8.891652492431194332e+01
4.903400000000000425e+00,8.904016793159030385e+01
4.904300000000000104e+00,8.931344498952125832e+01
4.905100000000000016e+00,8.972150474776708506e+01
4.906100000000000350e+00,8.994235603620495567e+01
4.907399999999999984e+00,9.002916532715039466e+01
4.908000000000000362e+00,9.021643044651682430e+01
4.908599999999999852e+00,9.041638414372891930e+01
4.909299999999999997e+00,9.087679161680125617e+01
4.911999999999999922e+00,9.071061079592641363e+01
4.912700000000000067e+00,9.071737394542628863e+01
4.913800000000000168e+00,9.079532398701849161e+01
4.915099999999999802e+00,9.085777703617895895e+01
4.917200000000000237e+00,9.102112765898186808e+01
4.918000000000000149e+00,9.124992250775176217e+01
4.918499999999999872e+00,9.153647972692942858e+01
4.918999999999999595e+00,9.149320121825871865e+01
4.920799999999999841e+00,9.147818562493853278e+01
4.921999999999999709e+00,9.172044898220542564e+01
4.923899999999999721e+00,9.190050615431005099e+01
4.925300000000000011e+00,9.205286201344074470e+01
4.929000000000000270e+00,9.248879584112410157e+01
4.930900000000000283e+00,9.258961815436578036e+01
4.932500000000000107e+00,9.294685092156009887e+01
4.933699999999999974e+00,9.306669236471134354e+01
4.934300000000000352e+00,9.335619141166307600e+01
4.934800000000000075e+00,9.338699820139640906e+01
4.935100000000000264e+00,9.349786298052617894e+01
4.936799999999999855e+00,9.346521619879831633e+01
4.938100000000000378e+00,9.353361529291805709e+01
4.939300000000000246e+00,9.349674010557328074e+01
4.940699999999999648e+00,9.319701357108738193e+01
4.943599999999999994e+00,9.310217707765491468e+01
4.944799999999999862e+00,9.295246188969554169e+01
4.945800000000000196e+00,9.278915254065032059e+01
4.946200000000000152e+00,9.282613730536036201e+01
4.947499999999999787e+00,9.308459190671533179e+01
4.948999999999999844e+00,9.353087919359290936e+01
4.950099999999999945e+00,9.384485284981519726e+01
4.953299999999999592e+00,9.379536318187797406e+01
4.954799999999999649e+00,9.367868884374593108e+01
4.956299999999999706e+00,9.367344957267141581e+01
4.960300000000000153e+00,9.402659268194088327e+01
4.960799999999999876e+00,9.401963246052355316e+01
4.961800000000000210e+00,9.426285518751683412e+01
4.963799999999999990e+00,9.438482871131236607e+01
4.964699999999999669e+00,9.460265649934490284e+01
4.965900000000000425e+00,9.490117920578654775e+01
4.966599999999999682e+00,9.470487744757178916e+01
4.968899999999999650e+00,9.491019402810570682e+01
4.970200000000000173e+00,9.514041929003974474e+01
4.971799999999999997e+00,9.540117515185124830e+01
4.974599999999999689e+00,9.555202403390057952e+01
4.975799999999999557e+00,9.552981584538906645e+01
4.976399999999999935e+00,9.575696063370651245e+01
4.977299999999999613e+00,9.647416695387300933e+01
4.979199999999999626e+00,9.659073830907436786e+01
4.979700000000000237e+00,9.688035532617209356e+01
4.980000000000000426e+00,9.702969292589659744e+01
4.980400000000000382e+00,9.731071131591875201e+01
4.982300000000000395e+00,9.744810778931923778e+01
4.983100000000000307e+00,9.736564870455504206e+01
4.984200000000000408e+00,9.723913394705596147e+01
4.987199999999999633e+00,9.752878010911126694e+01
4.988800000000000345e+00,9.770799026214717742e+01
4.990400000000000169e+00,9.817955676623819272e+01
4.993299999999999628e+00,9.859428421990219249e+01
4.995700000000000252e+00,9.840561375708512060e+01
4.997600000000000264e+00,9.855095185795062207e+01
4.998499999999999943e+00,9.849070532453447413e+01
4.999399999999999622e+00,9.835744151813173630e+01
4.999699999999999811e+00,9.831073984575664326e+01
