# T (K), dc/c (x 1e-5)
3.055999999999999828e-01,-0.000000000000000000e+00
3.057000000000000273e-01,-1.157990322525051241e-01
3.058000000000000163e-01,-1.958512801886278659e-02
3.059000000000000052e-01,-2.571268400356884615e-02
3.059999999999999942e-01,9.346756390850047280e-02
3.060999999999999832e-01,1.922660909173213861e-01
3.062000000000000277e-01,2.358943062415316538e-01
3.063000000000000167e-01,2.770524711457255651e-01
3.064000000000000057e-01,2.101964679155580301e-02
3.064999999999999947e-01,-2.722925850021790106e-02
3.065999999999999837e-01,1.095857930743593667e-01
3.066999999999999726e-01,-1.045031374443707028e-02
3.068000000000000171e-01,7.139130959777933993e-02
3.069000000000000061e-01,-1.409352407184772948e-01
3.069999999999999951e-01,-2.301885019344177274e-01
3.070999999999999841e-01,1.290932354074082467e-01
3.071999999999999731e-01,8.442948036559411173e-02
3.073000000000000176e-01,1.738524504162801687e-01
3.074000000000000066e-01,-1.943751369096408388e-01
3.074999999999999956e-01,1.142250211381978797e-01
3.075999999999999845e-01,8.940701474802539850e-02
3.076999999999999735e-01,1.360303717727996964e-01
3.078000000000000180e-01,1.242557497931973398e-01
3.079000000000000070e-01,-5.674136899845409754e-02
3.079999999999999960e-01,-9.558953751676382837e-03
3.080999999999999850e-01,1.656174353116632858e-01
3.081999999999999740e-01,-2.527310270316815433e-01
3.083000000000000185e-01,-8.692612376757190285e-02
3.084000000000000075e-01,-2.723516822142856286e-01
3.084999999999999964e-01,-3.531000498891920247e-02
3.085999999999999854e-01,7.847626992767663123e-02
3.086999999999999744e-01,2.481812456413268198e-02
3.088000000000000189e-01,-7.117799382585360268e-02
3.089000000000000079e-01,1.808734131010600876e-01
3.089999999999999969e-01,1.411955570932484777e-02
3.090999999999999859e-01,2.152776438142135762e-02
3.091999999999999749e-01,3.306423072360360066e-02
3.093000000000000194e-01,-2.185219653467107281e-01
3.094000000000000083e-01,-1.899715190521039654e-01
3.094999999999999973e-01,1.660466461664983351e-01
3.095999999999999863e-01,2.541619430729800955e-02
3.096999999999999753e-01,2.765916709775205762e-01
3.098000000000000198e-01,1.886775404414276491e-01
3.099000000000000088e-01,2.282502979599745629e-01
3.099999999999999978e-01,2.510724039263496077e-01
3.100999999999999868e-01,1.772131152107982166e-01
3.101999999999999758e-01,3.427870780836617115e-02
3.103000000000000203e-01,1.466785078319292057e-01
3.104000000000000092e-01,-2.183017985301401870e-02
3.104999999999999982e-01,1.142928983190053260e-01
3.105999999999999872e-01,6.984253553407246407e-03
3.106999999999999762e-01,2.525824146529850323e-01
3.108000000000000207e-01,1.444157068673356803e-01
3.109000000000000097e-01,1.183999921153125745e-01
3.109999999999999987e-01,5.972652109334768838e-02
3.110999999999999877e-01,-1.545060612840633285e-02
3.111999999999999766e-01,-9.198376076222006259e-02
3.113000000000000211e-01,-4.284070358479691309e-02
3.114000000000000101e-01,1.392844258576476923e-01
3.114999999999999991e-01,4.036702155208338888e-02
3.115999999999999881e-01,4.568375900598341949e-02
3.116999999999999771e-01,-3.371293105429527120e-02
3.118000000000000216e-01,7.690463401383973441e-02
3.119000000000000106e-01,-3.255958340247187832e-03
3.119999999999999996e-01,-3.421568829189459982e-02
3.120999999999999885e-01,3.779538879020161168e-02
3.121999999999999775e-01,-7.654601673714490906e-03
3.123000000000000220e-01,1.030757590085671499e-01
3.124000000000000110e-01,4.461566777015386065e-01
3.125000000000000000e-01,5.214108668698952398e-03
3.125999999999999890e-01,-7.193567074031351205e-02
3.126999999999999780e-01,9.022660728437698063e-02
3.128000000000000225e-01,1.361385104630546961e-01
3.129000000000000115e-01,3.181482217354692638e-02
3.130000000000000004e-01,4.732285423826847887e-02
3.130999999999999894e-01,1.283520652268620998e-01
3.131999999999999784e-01,1.547319256871770576e-01
3.133000000000000229e-01,1.959710487083174135e-01
3.134000000000000119e-01,-1.652061529162397735e-02
3.135000000000000009e-01,7.728562684452666698e-02
3.135999999999999899e-01,-1.082884983922638711e-01
3.136999999999999789e-01,-3.988578913648047619e-01
3.138000000000000234e-01,-3.320112402615009173e-01
3.139000000000000123e-01,2.134033004559578867e-02
3.140000000000000013e-01,-4.477275773163329475e-01
3.140999999999999903e-01,-1.051284648813594347e-01
3.143000000000000238e-01,-9.920114693014267515e-02
3.144000000000000128e-01,1.477414358811747486e-01
3.145999999999999908e-01,1.945419106204326898e-01
3.146999999999999797e-01,-5.167198422872248953e-03
3.148000000000000242e-01,-4.851928812866189433e-03
3.149000000000000132e-01,3.452351292690392093e-01
3.150999999999999912e-01,3.743433969475868373e-01
3.151999999999999802e-01,2.878860697533421886e-01
3.154000000000000137e-01,-1.828060189536673957e-02
3.155999999999999917e-01,8.172253321287858974e-02
3.158000000000000251e-01,-1.542704928989523105e-01
3.160000000000000031e-01,-1.665570187815018643e-01
3.163000000000000256e-01,-9.688399201816452755e-02
3.170000000000000040e-01,3.179583871375582516e-02
3.175999999999999934e-01,1.140007309396746243e-02
3.185000000000000053e-01,2.256338859635839966e-01
3.195999999999999952e-01,1.774647887370448540e-01
3.231999999999999873e-01,9.272684180501156170e-02
3.257999999999999785e-01,2.192614569718719097e-01
3.291999999999999926e-01,1.177200613372260674e-01
3.380000000000000226e-01,-8.663713889308678751e-02
3.433999999999999830e-01,-6.132517021430715365e-02
3.492999999999999994e-01,5.685231534114862373e-03
3.620999999999999774e-01,1.478513644772834756e-01
3.685999999999999832e-01,1.225785426863185423e-01
3.750999999999999890e-01,8.773803748828891413e-02
3.870999999999999996e-01,-1.359524065551627470e-02
3.926000000000000045e-01,-1.823985430535971508e-01
3.976999999999999980e-01,-2.371310985554509199e-01
4.069999999999999729e-01,-3.851579419490930856e-01
4.112999999999999989e-01,-7.487565312218509572e-02
4.153000000000000025e-01,-1.674374743906381913e-01
4.227000000000000202e-01,-3.425075419715220559e-02
4.262000000000000233e-01,-2.097013432701298474e-01
4.295999999999999819e-01,-1.876595123729207504e-01
4.328000000000000180e-01,-2.816576016534053095e-01
4.390999999999999903e-01,-4.306235130509174919e-02
4.420999999999999930e-01,-3.166857085142634753e-01
4.450999999999999956e-01,-9.753809458257298171e-02
4.509000000000000230e-01,-2.914990245169411798e-02
4.539000000000000257e-01,-4.156124358443633038e-02
4.567999999999999838e-01,-1.133553857351858596e-01
4.627000000000000002e-01,-3.609898257472213962e-02
4.656000000000000139e-01,8.641818392016251127e-02
4.686000000000000165e-01,-1.528145283968005141e-01
4.716000000000000192e-01,-1.608428791132106295e-03
4.776000000000000245e-01,-1.497413134056522210e-01
4.804999999999999827e-01,-6.992816841383098225e-02
4.833999999999999964e-01,4.481242621354186717e-02
4.890999999999999792e-01,-2.643336473120506125e-01
4.918000000000000149e-01,-1.667024757945811675e-01
4.944999999999999951e-01,-2.154082113181793601e-01
4.995999999999999885e-01,-3.328499083302821626e-01
5.020999999999999908e-01,-3.298066662585493747e-01
5.046000000000000485e-01,-4.189341984023277066e-01
5.093999999999999639e-01,-3.160245950470808585e-01
5.119000000000000217e-01,-3.113647219811499500e-01
5.142999999999999794e-01,-2.663145798959464794e-01
5.193999999999999728e-01,-4.301439089225006507e-01
5.219000000000000306e-01,-2.450152302250433456e-01
5.244999999999999662e-01,-2.275125529789621126e-01
5.294999999999999707e-01,-4.584315510356091194e-01
5.320000000000000284e-01,-4.800533353268134351e-01
5.343999999999999861e-01,-2.429462160606849219e-01
5.391000000000000236e-01,-6.620932357849496075e-01
5.413999999999999924e-01,-7.494986223164799011e-01
5.435999999999999721e-01,-6.966410772451603339e-01
5.477999999999999536e-01,-5.361264443694540027e-01
5.497999999999999554e-01,-5.084991630856239286e-01
5.535999999999999810e-01,-5.317455139454462243e-01
5.554000000000000048e-01,-5.570193647346736165e-01
5.571000000000000396e-01,-3.745442675385807774e-01
5.587999999999999634e-01,-3.864443565061107533e-01
5.620000000000000551e-01,-4.714332799713848998e-01
5.635000000000000009e-01,-4.280565183572421217e-01
5.649999999999999467e-01,-5.271492216236137729e-01
5.664000000000000146e-01,-6.371034499091975389e-01
5.691000000000000503e-01,-7.673735722260816017e-01
5.693000000000000282e-01,-6.099655869368876271e-01
5.694000000000000172e-01,-4.921701836180497058e-01
5.695000000000000062e-01,-8.431666840420055653e-01
5.695999999999999952e-01,-8.175920689747120385e-01
5.696999999999999842e-01,-1.050451273840939503e+00
5.697999999999999732e-01,-5.928918370931047788e-01
5.698999999999999622e-01,-9.682453470384079219e-01
5.699999999999999512e-01,-1.085148058745360355e+00
5.701000000000000512e-01,-7.915600802893378862e-01
5.702000000000000401e-01,-7.670039930301238984e-01
5.703000000000000291e-01,-6.162411138234445973e-01
5.704000000000000181e-01,-7.157432789501542159e-01
5.705000000000000071e-01,-3.419225717562210942e-01
5.706999999999999851e-01,-5.068698338713678586e-01
5.707999999999999741e-01,-6.132804012171132468e-01
5.709999999999999520e-01,-8.663350090267439851e-01
5.711000000000000520e-01,-7.083918667486008847e-01
5.712000000000000410e-01,-9.292058188261872465e-01
5.714000000000000190e-01,-8.321891960338424488e-01
5.715000000000000080e-01,-5.492256668650696838e-01
5.715999999999999970e-01,-3.941003781482649848e-01
5.716999999999999860e-01,-5.484224085609270549e-01
5.717999999999999750e-01,-6.559624748628213320e-01
5.719999999999999529e-01,-6.700174353950223427e-01
5.722000000000000419e-01,-8.057228041445217981e-01
5.723000000000000309e-01,-7.460865550205659780e-01
5.724000000000000199e-01,-6.833034482449373836e-01
5.725999999999999979e-01,-8.666722319635367100e-01
5.726999999999999869e-01,-7.241333390138474657e-01
5.729999999999999538e-01,-7.025762966092777839e-01
5.731000000000000538e-01,-5.553196846279448984e-01
5.732000000000000428e-01,-6.572700718370741990e-01
5.733000000000000318e-01,-6.666487478777403108e-01
5.736999999999999877e-01,-6.923760689770547261e-01
5.737999999999999767e-01,-8.841112466114863233e-01
5.738999999999999657e-01,-6.003496425942538295e-01
5.739999999999999547e-01,-6.322717532697549325e-01
5.742000000000000437e-01,-6.992906169606951661e-01
5.745000000000000107e-01,-5.649063987373057483e-01
5.747999999999999776e-01,-9.830611988794227818e-01
5.748999999999999666e-01,-7.638056732947898775e-01
5.749999999999999556e-01,-9.342480240482872178e-01
5.752000000000000446e-01,-6.178434841378963593e-01
5.753000000000000336e-01,-8.576486642556052642e-01
5.755000000000000115e-01,-5.169062722044318603e-01
5.758999999999999675e-01,-5.639166657279764960e-01
5.759999999999999565e-01,-6.446785157815512202e-01
5.763000000000000345e-01,-4.842947439105161900e-01
5.766000000000000014e-01,-4.341786278038708424e-01
5.767999999999999794e-01,-6.028646310764391725e-01
5.770999999999999464e-01,-6.568259812605006243e-01
5.773000000000000353e-01,-6.396108025039960454e-01
5.774000000000000243e-01,-6.204565731603596257e-01
5.776999999999999913e-01,-4.571241600347238920e-01
5.778999999999999693e-01,-4.422929358203694927e-01
5.779999999999999583e-01,-6.367009497882260005e-01
5.782000000000000473e-01,-6.933576189171011261e-01
5.785000000000000142e-01,-1.031218621526277968e+00
5.786999999999999922e-01,-6.844334461131523772e-01
5.787999999999999812e-01,-5.461189190563179308e-01
5.789999999999999591e-01,-1.132174006337831829e+00
5.790999999999999481e-01,-6.991271035851126525e-01
5.792000000000000481e-01,-9.785685146401204015e-01
5.795000000000000151e-01,-4.409029864290434642e-01
5.796000000000000041e-01,-4.675443710375291051e-01
5.799999999999999600e-01,-9.042127486056120711e-01
5.802000000000000490e-01,-6.936017680727897261e-01
5.803000000000000380e-01,-8.438574551604361984e-01
5.806000000000000050e-01,-7.422804175381217950e-01
5.808999999999999719e-01,-9.392749201872843123e-01
5.809999999999999609e-01,-7.797956381871843368e-01
5.812000000000000499e-01,-3.419341558264909486e-01
5.816000000000000059e-01,-8.730526256445084732e-01
5.818999999999999728e-01,-9.044707349335724400e-01
5.819999999999999618e-01,-3.612494655267544097e-01
5.822000000000000508e-01,-9.536528428065287333e-01
5.823000000000000398e-01,-8.986252556013102355e-01
5.826999999999999957e-01,-4.432139027026396616e-01
5.828999999999999737e-01,-9.202980490508484435e-01
5.832000000000000517e-01,-8.888156259672816972e-01
5.835000000000000187e-01,-8.297043690620991008e-01
5.836000000000000076e-01,-5.783907712363263176e-01
5.840999999999999526e-01,-6.980496105088613845e-01
5.844000000000000306e-01,-8.711837373583238842e-01
5.845000000000000195e-01,-6.720982151860914744e-01
5.846999999999999975e-01,-7.674464302198950039e-01
5.849999999999999645e-01,-5.473348132652026132e-01
5.853000000000000425e-01,-5.889076679579594575e-01
5.856000000000000094e-01,-7.193477495860732818e-01
5.858999999999999764e-01,-6.644492825603337538e-01
5.859999999999999654e-01,-8.417937653439631074e-01
5.864000000000000323e-01,-7.947726353888613371e-01
5.865000000000000213e-01,-6.993099014853016993e-01
5.866999999999999993e-01,-7.811906804918410385e-01
5.868999999999999773e-01,-6.540943358026218846e-01
5.869999999999999662e-01,-8.331587426836216670e-01
5.873000000000000442e-01,-5.849578476729453413e-01
5.874000000000000332e-01,-5.188726291816989633e-01
5.875000000000000222e-01,-5.961187581194574703e-01
5.877999999999999892e-01,-6.640118118514566348e-01
5.878999999999999782e-01,-4.323743537115428137e-01
5.879999999999999671e-01,-7.065813647400432940e-01
5.881999999999999451e-01,-6.524734265978904268e-01
5.884000000000000341e-01,-4.634442159604391098e-01
5.885000000000000231e-01,-5.989935359521688651e-01
5.887000000000000011e-01,-7.194937238576109007e-01
5.888999999999999790e-01,-6.520497968120174681e-01
5.889999999999999680e-01,-7.146617385159030889e-01
5.894000000000000350e-01,-6.168754458461171986e-01
5.895000000000000240e-01,-6.138201530941824746e-01
5.896000000000000130e-01,-7.838146682029615286e-01
5.897999999999999909e-01,-7.053405609949627841e-01
5.898999999999999799e-01,-6.932256073903476645e-01
5.900999999999999579e-01,-3.488412961254444000e-01
5.901999999999999469e-01,-8.728284430402789562e-01
5.903000000000000469e-01,-7.173960563968068138e-01
5.904000000000000359e-01,-7.165180142397692409e-01
5.905000000000000249e-01,-4.682363619031145729e-01
5.907000000000000028e-01,-5.794476713116402111e-01
5.907999999999999918e-01,-4.896800722072524592e-01
5.908999999999999808e-01,-5.023350579430987395e-01
5.909999999999999698e-01,-4.148227754132652878e-01
5.911999999999999478e-01,-4.385963008901984650e-01
5.913000000000000478e-01,-4.236302226829843920e-01
5.914000000000000368e-01,-3.276249005736359687e-01
5.915000000000000258e-01,-4.176950294458841584e-01
5.919999999999999707e-01,-4.003140003815434667e-01
5.925000000000000266e-01,-4.299263923027022427e-01
5.930999999999999606e-01,-5.530334775759749855e-01
5.940999999999999615e-01,-6.500104874465660876e-01
5.947000000000000064e-01,-5.757127416547263010e-01
5.953000000000000513e-01,-5.907463070727904109e-01
5.964000000000000412e-01,-8.183764975079089732e-01
5.969999999999999751e-01,-7.497357341319484947e-01
5.975000000000000311e-01,-7.495347735163955250e-01
5.980999999999999650e-01,-7.585628820031041775e-01
5.993000000000000549e-01,-1.088102550933175428e+00
5.998999999999999888e-01,-9.468883566566156373e-01
6.005000000000000338e-01,-7.553341491665227503e-01
6.017000000000000126e-01,-7.061511158193293225e-01
6.022999999999999465e-01,-6.631626768883103207e-01
6.028999999999999915e-01,-4.899486457917400228e-01
6.040999999999999703e-01,-5.831640296011502134e-01
6.047000000000000153e-01,-6.297254771349359848e-01
6.052999999999999492e-01,-8.509813552226315192e-01
6.065000000000000391e-01,-7.507684484861932850e-01
6.070999999999999730e-01,-3.329282601502361327e-01
6.077000000000000179e-01,-3.426063985819414182e-01
6.089999999999999858e-01,-4.724763853409348346e-01
6.096000000000000307e-01,-6.928164572295907320e-01
6.101999999999999647e-01,-1.681157048330191306e-01
6.115000000000000435e-01,-4.357073419654008961e-02
6.120999999999999774e-01,-4.099263145243688955e-01
6.133999999999999453e-01,-3.207595536032026851e-01
6.140999999999999792e-01,-6.121680525088095681e-01
6.147000000000000242e-01,-7.290673240461067461e-01
6.153999999999999471e-01,-7.443840299704373997e-01
6.167000000000000259e-01,-4.721023404023359515e-01
6.172999999999999599e-01,-6.104428356434355996e-01
6.192999999999999616e-01,-6.212485555691371619e-01
6.199000000000000066e-01,-7.808137269074353348e-01
6.211999999999999744e-01,-7.594120533148005503e-01
6.218000000000000194e-01,-6.005180737263379198e-01
6.225000000000000533e-01,-6.393980186481613703e-01
6.230999999999999872e-01,-4.062487031858625364e-01
6.243999999999999551e-01,-6.418589900197271270e-01
6.250999999999999890e-01,-6.204975605541553918e-01
6.257000000000000339e-01,-8.081980056197065609e-01
6.270999999999999908e-01,-7.756372592423532719e-01
6.277000000000000357e-01,-7.107700083854506801e-01
6.282999999999999696e-01,-8.491934880845057876e-01
6.296000000000000485e-01,-8.324895327711366866e-01
6.302999999999999714e-01,-8.362258659518105874e-01
6.309000000000000163e-01,-7.329199474837184702e-01
6.321999999999999842e-01,-7.933272837891284235e-01
6.329000000000000181e-01,-6.508366073223722514e-01
6.341999999999999860e-01,-7.883903149878430661e-01
6.349000000000000199e-01,-7.611340277843261504e-01
6.354999999999999538e-01,-9.674816848919114420e-01
6.361999999999999877e-01,-8.693120234694534654e-01
6.374999999999999556e-01,-9.464924750111165519e-01
6.381000000000000005e-01,-9.139680308065979419e-01
6.388000000000000345e-01,-9.105991815103924303e-01
6.401000000000000023e-01,-7.712191656710246646e-01
6.407000000000000473e-01,-6.248292235616929036e-01
6.413999999999999702e-01,-5.466984142806938785e-01
6.425999999999999490e-01,-8.113809697099862994e-01
6.432999999999999829e-01,-9.492281103627405736e-01
6.439000000000000279e-01,-9.248566462760057227e-01
6.451999999999999957e-01,-9.021878389817378219e-01
6.458000000000000407e-01,-9.566165740790798511e-01
6.463999999999999746e-01,-8.714968367868909382e-01
6.477000000000000535e-01,-7.963201478475550044e-01
6.482999999999999874e-01,-8.697913324002366497e-01
6.489000000000000323e-01,-7.014515973575562446e-01
6.502000000000000002e-01,-7.896403813752259637e-01
6.508000000000000451e-01,-9.266102932956390426e-01
6.513999999999999790e-01,-7.311729498336166921e-01
6.525999999999999579e-01,-7.202394034528736277e-01
6.532000000000000028e-01,-8.488660705532456996e-01
6.539000000000000368e-01,-7.403035994439860490e-01
6.544999999999999707e-01,-6.290044528839324744e-01
6.556999999999999496e-01,-5.938767127753935560e-01
6.562999999999999945e-01,-8.275977136511757370e-01
6.574999999999999734e-01,-7.221809061562717291e-01
6.581000000000000183e-01,-9.993653430575297758e-01
6.586999999999999522e-01,-9.667240421997076449e-01
6.592999999999999972e-01,-9.770316694695949655e-01
6.604999999999999760e-01,-1.292962952085825012e+00
6.611000000000000210e-01,-8.745338859615604532e-01
6.616999999999999549e-01,-9.105427725298675945e-01
6.627999999999999448e-01,-9.817951710277932342e-01
6.633999999999999897e-01,-1.324162692815434639e+00
6.640000000000000346e-01,-1.377621526125506701e+00
6.652000000000000135e-01,-1.369488883708408933e+00
6.657999999999999474e-01,-1.205008674366085941e+00
6.663999999999999924e-01,-8.767991757454175472e-01
6.674999999999999822e-01,-1.048225474900945642e+00
6.681000000000000272e-01,-1.119367938863502943e+00
6.692000000000000171e-01,-1.012391987714506225e+00
6.697999999999999510e-01,-9.513683797521916841e-01
6.703000000000000069e-01,-1.082413836099084037e+00
6.709000000000000519e-01,-1.212055069741498237e+00
6.720000000000000417e-01,-1.107133123850155609e+00
6.725999999999999757e-01,-1.115056743197133660e+00
6.736999999999999655e-01,-1.473668332412124693e+00
6.743000000000000105e-01,-1.343244591022981771e+00
6.747999999999999554e-01,-1.306072462156529390e+00
6.758999999999999453e-01,-1.290572665109206651e+00
6.764999999999999902e-01,-1.265814156968395388e+00
6.770000000000000462e-01,-9.174749823729396736e-01
6.775999999999999801e-01,-9.515658767016285102e-01
6.785999999999999810e-01,-1.048369826024361240e+00
6.792000000000000259e-01,-1.227942270118982826e+00
6.796999999999999709e-01,-1.351937322612690062e+00
6.806999999999999718e-01,-1.264086425432583427e+00
6.812000000000000277e-01,-1.194022049187562384e+00
6.817999999999999616e-01,-1.118744890900324584e+00
6.827999999999999625e-01,-1.067814460949502831e+00
6.833000000000000185e-01,-1.166712942572353917e+00
6.838999999999999524e-01,-1.272925982397500322e+00
6.848999999999999533e-01,-1.117378239276706653e+00
6.854000000000000092e-01,-1.259653222982957121e+00
6.858999999999999542e-01,-1.145475423121496084e+00
6.870000000000000551e-01,-9.788574576494830648e-01
6.875000000000000000e-01,-1.132211983280104306e+00
6.879999999999999449e-01,-1.381840419759365890e+00
6.885000000000000009e-01,-1.075032990790168785e+00
6.895000000000000018e-01,-1.146692115768063847e+00
6.901000000000000467e-01,-1.090352186112596877e+00
6.911000000000000476e-01,-1.168810122407137442e+00
6.915999999999999925e-01,-9.932177501734270608e-01
6.921000000000000485e-01,-9.619739442740535829e-01
6.925999999999999934e-01,-1.138035731918125792e+00
6.935999999999999943e-01,-1.208749424394853778e+00
6.939999999999999503e-01,-1.066555290755587526e+00
6.945000000000000062e-01,-1.152805498274016571e+00
6.954000000000000181e-01,-8.741016683836864143e-01
6.958999999999999631e-01,-9.060282095903464672e-01
6.964000000000000190e-01,-8.567097290628801209e-01
6.974000000000000199e-01,-8.560473066531164577e-01
6.978999999999999648e-01,-8.397295270769689068e-01
6.987999999999999767e-01,-1.346576852374989475e+00
6.993000000000000327e-01,-1.625800184131931170e+00
6.997999999999999776e-01,-1.373856268906689992e+00
7.003000000000000336e-01,-1.445464084143797345e+00
7.012000000000000455e-01,-1.324348589001357546e+00
7.016999999999999904e-01,-1.124338934345653795e+00
7.022000000000000464e-01,-1.191414538369707232e+00
7.030999999999999472e-01,-1.041414376563333466e+00
7.036000000000000032e-01,-1.072038559227976418e+00
7.040999999999999481e-01,-1.226993724135448716e+00
7.049999999999999600e-01,-1.127210924845825746e+00
7.054000000000000270e-01,-1.097636094704915743e+00
7.058999999999999719e-01,-8.749677337253946030e-01
7.064000000000000279e-01,-1.005354503260595500e+00
7.074000000000000288e-01,-1.096326692743968767e+00
7.077999999999999847e-01,-1.121860743626547086e+00
7.083000000000000407e-01,-1.139245416243036324e+00
7.087999999999999856e-01,-9.739067484495134153e-01
7.096999999999999975e-01,-1.207117599415718168e+00
7.100999999999999535e-01,-1.087354485829498563e+00
7.106000000000000094e-01,-1.115191378313383774e+00
7.115000000000000213e-01,-1.037843308229150718e+00
7.118999999999999773e-01,-9.328540852120755789e-01
7.124000000000000332e-01,-1.059894717083341931e+00
7.127999999999999892e-01,-1.280025896693457899e+00
7.137000000000000011e-01,-1.238773324253156671e+00
7.141999999999999460e-01,-1.057795561490394443e+00
7.149999999999999689e-01,-1.120151433423293597e+00
7.155000000000000249e-01,-1.307232136409423040e+00
7.159999999999999698e-01,-1.315562476233121725e+00
7.164000000000000368e-01,-1.235295447404773705e+00
7.173000000000000487e-01,-1.265145026860302613e+00
7.177000000000000046e-01,-1.204124121504681399e+00
7.181999999999999496e-01,-1.212923156168068450e+00
7.190999999999999615e-01,-1.384209169163889364e+00
7.195000000000000284e-01,-1.448737864423758515e+00
7.199999999999999734e-01,-1.401231760507276158e+00
7.208999999999999853e-01,-1.398992927351800253e+00
7.213000000000000522e-01,-1.024870891987140098e+00
7.217999999999999972e-01,-1.132108442837261419e+00
7.227000000000000091e-01,-1.277271248667304571e+00
7.230999999999999650e-01,-1.146437702820974236e+00
7.236000000000000210e-01,-1.130584993542529171e+00
7.245000000000000329e-01,-1.207601346467921166e+00
7.248999999999999888e-01,-9.607141433031320954e-01
7.254000000000000448e-01,-1.259471187755787369e+00
7.261999999999999567e-01,-1.209234766941041039e+00
7.266000000000000236e-01,-1.072480162895260491e+00
7.270999999999999686e-01,-9.382046461549504723e-01
7.279999999999999805e-01,-8.327551783704695287e-01
7.284000000000000474e-01,-1.144242507562418520e+00
7.288999999999999924e-01,-1.048784441952778757e+00
7.298000000000000043e-01,-1.127147880163156923e+00
7.301999999999999602e-01,-1.525605378115591160e+00
7.307000000000000162e-01,-1.417919479160538732e+00
7.316000000000000281e-01,-1.308966447880898221e+00
7.319999999999999840e-01,-1.165260461712461115e+00
7.328999999999999959e-01,-1.296147006291841208e+00
7.332999999999999519e-01,-1.406001078844043795e+00
7.337000000000000188e-01,-1.263255826177453356e+00
7.340999999999999748e-01,-1.167362675957503537e+00
7.349999999999999867e-01,-1.261459676493367876e+00
7.355000000000000426e-01,-1.348636881631174678e+00
7.358999999999999986e-01,-1.374753077198836104e+00
7.368000000000000105e-01,-1.379961043184102953e+00
7.372999999999999554e-01,-1.315318287656666030e+00
7.377000000000000224e-01,-1.225063670394835214e+00
7.386000000000000343e-01,-1.397887140342076950e+00
7.390999999999999792e-01,-1.273267962094361438e+00
7.395000000000000462e-01,-1.169819234893114457e+00
7.403999999999999471e-01,-1.240259264517654003e+00
7.408000000000000140e-01,-1.204592549227767373e+00
7.412999999999999590e-01,-1.027126480424738864e+00
7.421999999999999709e-01,-1.214706661396727672e+00
7.426000000000000378e-01,-1.226570736814151186e+00
7.430999999999999828e-01,-1.558714255638408153e+00
7.439999999999999947e-01,-1.485482529671173779e+00
7.445000000000000506e-01,-1.415099631347539688e+00
7.449000000000000066e-01,-1.452493771871769646e+00
7.458000000000000185e-01,-1.375755715211338215e+00
7.461999999999999744e-01,-1.576183997865150843e+00
7.467000000000000304e-01,-1.476082069811683439e+00
7.476000000000000423e-01,-1.358314689142931408e+00
7.479999999999999982e-01,-1.479319058792210484e+00
7.483999999999999542e-01,-1.514239485722818523e+00
7.489000000000000101e-01,-1.412125086023272802e+00
7.498000000000000220e-01,-1.268907281742415627e+00
7.502999999999999670e-01,-1.379667429928324029e+00
7.507000000000000339e-01,-1.465585576622212782e+00
7.516000000000000458e-01,-1.480578235052106839e+00
7.520999999999999908e-01,-1.374898610652765640e+00
7.524999999999999467e-01,-1.272932859649805293e+00
7.534999999999999476e-01,-1.322442484587619260e+00
7.539000000000000146e-01,-1.275248428969796066e+00
7.543999999999999595e-01,-1.371924308238682944e+00
7.552999999999999714e-01,-1.407924264901585509e+00
7.557000000000000384e-01,-1.515807750616395611e+00
7.561999999999999833e-01,-1.533604105049494404e+00
7.570999999999999952e-01,-1.582137007594239364e+00
7.580000000000000071e-01,-1.502693422851487659e+00
7.583999999999999631e-01,-1.486562039053969553e+00
7.589000000000000190e-01,-1.579702319167678004e+00
7.593999999999999639e-01,-1.527516219309525081e+00
7.602999999999999758e-01,-1.398208447381059871e+00
7.608000000000000318e-01,-1.244851450486294864e+00
7.611999999999999877e-01,-1.191107391157551154e+00
7.620999999999999996e-01,-1.235339874086638368e+00
7.625999999999999446e-01,-1.260580975703915030e+00
7.631000000000000005e-01,-1.380794808284141251e+00
7.640000000000000124e-01,-1.382654374160771527e+00
7.643999999999999684e-01,-1.429290131781395523e+00
7.649000000000000243e-01,-1.350642854135164495e+00
7.658000000000000362e-01,-1.566310971997265211e+00
7.662999999999999812e-01,-1.410311280346547180e+00
7.667000000000000481e-01,-1.184276426622774991e+00
7.677000000000000490e-01,-1.172176419259084446e+00
7.681000000000000050e-01,-1.406727644418198420e+00
7.685999999999999499e-01,-1.514483580330127310e+00
7.694999999999999618e-01,-1.485708663380414407e+00
7.700000000000000178e-01,-1.691204959748974668e+00
7.704999999999999627e-01,-1.505811709817325816e+00
7.713999999999999746e-01,-1.762056202342008326e+00
7.718000000000000416e-01,-1.646900295182158747e+00
7.722999999999999865e-01,-1.514939468806857814e+00
7.731999999999999984e-01,-1.588691395754452396e+00
7.737000000000000544e-01,-1.486278337386494286e+00
7.741999999999999993e-01,-1.743508809717831287e+00
7.751000000000000112e-01,-1.755507017876605458e+00
7.755999999999999561e-01,-1.638564743034398141e+00
7.761000000000000121e-01,-1.745667201502403509e+00
7.771000000000000130e-01,-1.797964605660187676e+00
7.774999999999999689e-01,-1.671351335662328408e+00
7.780000000000000249e-01,-1.607668117794007756e+00
7.789000000000000368e-01,-1.611323006239415712e+00
7.793999999999999817e-01,-1.707083946913515282e+00
7.799000000000000377e-01,-1.874921279930983564e+00
7.808000000000000496e-01,-1.898071839519450021e+00
7.812999999999999945e-01,-1.978863776627985960e+00
7.816999999999999504e-01,-1.753354720227364272e+00
7.826999999999999513e-01,-1.576123435002092954e+00
7.831000000000000183e-01,-1.783096777446271153e+00
7.835999999999999632e-01,-1.613965714794833861e+00
7.845999999999999641e-01,-1.850675634527607194e+00
7.851000000000000201e-01,-1.731953325719297609e+00
7.855999999999999650e-01,-1.714942335492354086e+00
7.864999999999999769e-01,-1.865863684533250133e+00
7.870000000000000329e-01,-1.770982030357905357e+00
7.873999999999999888e-01,-1.690062903574756747e+00
7.883999999999999897e-01,-1.484067311212865725e+00
7.887999999999999456e-01,-1.609417031347439631e+00
7.893000000000000016e-01,-1.500053045778212191e+00
7.903000000000000025e-01,-1.447531531874541200e+00
7.907999999999999474e-01,-1.586130616230171819e+00
7.912000000000000144e-01,-1.891623050664079875e+00
7.922000000000000153e-01,-2.081550825022574269e+00
7.926999999999999602e-01,-1.886937911679559932e+00
7.931000000000000272e-01,-1.949389217641866567e+00
7.941000000000000281e-01,-1.824783980909953085e+00
7.944999999999999840e-01,-1.671636074368249236e+00
7.950000000000000400e-01,-1.521563718528897047e+00
7.960000000000000409e-01,-1.756266365764689530e+00
7.970000000000000417e-01,-1.758011414196530620e+00
7.973999999999999977e-01,-1.896477853656616475e+00
7.979000000000000536e-01,-2.024151774120673153e+00
7.989000000000000545e-01,-1.705495383990079716e+00
7.993999999999999995e-01,-1.735802785981241714e+00
7.997999999999999554e-01,-1.636555232840562368e+00
8.003000000000000114e-01,-1.740708392458200970e+00
8.012000000000000233e-01,-1.854997403053643135e+00
8.022000000000000242e-01,-1.701828497304900267e+00
8.026999999999999691e-01,-1.964057473119603436e+00
8.032000000000000250e-01,-1.920494344558347111e+00
8.036999999999999700e-01,-1.571808559483315548e+00
8.046999999999999709e-01,-1.817717175153321429e+00
8.052000000000000268e-01,-1.823235702182613549e+00
8.055999999999999828e-01,-1.585713910251160819e+00
8.065999999999999837e-01,-1.585654308545103142e+00
8.071000000000000396e-01,-1.843135036594064635e+00
8.075999999999999845e-01,-1.783709093206497620e+00
8.085999999999999854e-01,-1.911151313308380839e+00
8.090000000000000524e-01,-1.913403461378153647e+00
8.094999999999999973e-01,-1.917302895645066840e+00
8.104000000000000092e-01,-1.883211766299077272e+00
8.108999999999999542e-01,-1.946146150290091192e+00
8.114000000000000101e-01,-1.953268042156463435e+00
8.118999999999999551e-01,-2.059707026823222709e+00
8.128999999999999559e-01,-1.958961900311111615e+00
8.134000000000000119e-01,-1.785714297183687238e+00
8.143000000000000238e-01,-1.691084964691833115e+00
8.147999999999999687e-01,-1.881219970664466334e+00
8.152000000000000357e-01,-1.870568678920248473e+00
8.156999999999999806e-01,-1.885605180897229838e+00
8.166999999999999815e-01,-1.840020835837570479e+00
8.171000000000000485e-01,-1.640641121053009632e+00
8.175999999999999934e-01,-1.474470042672976655e+00
8.185999999999999943e-01,-1.661779169864589845e+00
8.191000000000000503e-01,-1.670315630767651216e+00
8.201000000000000512e-01,-1.874255632576668162e+00
8.205999999999999961e-01,-1.816431308739648642e+00
8.211000000000000520e-01,-1.864281105564444152e+00
8.215999999999999970e-01,-1.799298824665257479e+00
8.225000000000000089e-01,-1.801208901517194594e+00
8.229999999999999538e-01,-1.769499812619341528e+00
8.239999999999999547e-01,-1.827025875977372538e+00
8.245000000000000107e-01,-1.833137374258322572e+00
8.248999999999999666e-01,-1.865162540265387969e+00
8.254000000000000226e-01,-2.029834844844802255e+00
8.264000000000000234e-01,-2.143104824704126887e+00
8.268999999999999684e-01,-1.865994974740081247e+00
8.273000000000000353e-01,-1.881120085336853043e+00
8.283000000000000362e-01,-2.038607527242723982e+00
8.286999999999999922e-01,-2.118308667518582933e+00
8.292000000000000481e-01,-2.047485288568821726e+00
8.302000000000000490e-01,-1.944867751566188074e+00
8.306999999999999940e-01,-1.932672133572450601e+00
8.310999999999999499e-01,-1.937341432519811280e+00
8.322000000000000508e-01,-1.862734673167441457e+00
8.326000000000000068e-01,-1.700420358567689583e+00
8.330999999999999517e-01,-1.560667226572142852e+00
8.340999999999999526e-01,-1.741043549590738593e+00
8.346000000000000085e-01,-1.853893809225862110e+00
8.350999999999999535e-01,-1.688023463343067299e+00
8.359999999999999654e-01,-1.700741359631765759e+00
8.365000000000000213e-01,-1.841726651289179006e+00
8.369999999999999662e-01,-1.704596562749250088e+00
8.379999999999999671e-01,-1.863980983252957691e+00
8.384000000000000341e-01,-1.705781173956511410e+00
8.388999999999999790e-01,-1.895668506206381165e+00
8.398999999999999799e-01,-1.723158315986147660e+00
8.404000000000000359e-01,-1.685736226051748776e+00
8.408999999999999808e-01,-1.798034514641092318e+00
8.418999999999999817e-01,-1.771794771951635594e+00
8.423000000000000487e-01,-1.750415954237909189e+00
8.427999999999999936e-01,-1.890980590992137556e+00
8.437000000000000055e-01,-1.829268292888753367e+00
8.441999999999999504e-01,-2.040231646487523420e+00
8.447000000000000064e-01,-1.935185141697243205e+00
8.457000000000000073e-01,-2.269585463557637794e+00
8.461999999999999522e-01,-2.134731090319740510e+00
8.466000000000000192e-01,-1.880329512442963091e+00
8.477000000000000091e-01,-1.596815614467845146e+00
8.481999999999999540e-01,-1.891526364584429576e+00
8.487000000000000099e-01,-1.960659689189260257e+00
8.496000000000000218e-01,-1.910438167380089425e+00
8.500999999999999668e-01,-1.781730792182285583e+00
8.505000000000000338e-01,-1.894416922672997439e+00
8.515000000000000346e-01,-2.006695296106922211e+00
8.518999999999999906e-01,-1.962048428157700419e+00
8.524000000000000465e-01,-1.946494574636670638e+00
8.532999999999999474e-01,-1.822398325928773044e+00
8.538999999999999924e-01,-1.870935139964354121e+00
8.548000000000000043e-01,-1.779384891525287005e+00
8.552999999999999492e-01,-2.149858990811606585e+00
8.558000000000000052e-01,-1.961510893018774127e+00
8.562999999999999501e-01,-2.052667844530220442e+00
8.572999999999999510e-01,-1.976382007505767424e+00
8.578000000000000069e-01,-2.103084270498566166e+00
8.582999999999999519e-01,-2.064939399373409312e+00
8.591999999999999638e-01,-1.833824804216071636e+00
8.597000000000000197e-01,-2.042219035899243362e+00
8.600999999999999757e-01,-2.117544450241449105e+00
8.610999999999999766e-01,-1.939413218043700260e+00
8.616000000000000325e-01,-2.013112127861350853e+00
8.619999999999999885e-01,-1.906506698154722956e+00
8.629999999999999893e-01,-1.772254897392617767e+00
8.633999999999999453e-01,-1.739499028147444726e+00
8.639000000000000012e-01,-1.880972465864629628e+00
8.648000000000000131e-01,-1.851846277310057687e+00
8.652999999999999581e-01,-2.077492018602642876e+00
8.658000000000000140e-01,-1.953183069281654971e+00
8.668000000000000149e-01,-2.271956801503478562e+00
8.672999999999999599e-01,-2.115100158299140443e+00
8.678000000000000158e-01,-1.810035909395255160e+00
8.687000000000000277e-01,-2.011397960648814820e+00
8.690999999999999837e-01,-2.095444524373804018e+00
8.696000000000000396e-01,-2.307572019980431488e+00
8.700999999999999845e-01,-2.153639664125798436e+00
8.710999999999999854e-01,-2.014774782077826565e+00
8.715000000000000524e-01,-2.112782011405123228e+00
8.719999999999999973e-01,-2.394967778214236453e+00
8.729999999999999982e-01,-2.255124739038833592e+00
8.735000000000000542e-01,-2.412574622042058081e+00
8.739999999999999991e-01,-2.150447413917897066e+00
8.745000000000000551e-01,-1.981197418201500859e+00
8.754999999999999449e-01,-1.898589591444030056e+00
8.759000000000000119e-01,-1.804946429243285966e+00
8.763999999999999568e-01,-1.758760923407606258e+00
8.772999999999999687e-01,-1.924263040400378211e+00
8.778000000000000247e-01,-2.003745070603183187e+00
8.782999999999999696e-01,-2.078880480736364778e+00
8.791999999999999815e-01,-1.906290540700092073e+00
8.797000000000000375e-01,-1.766151077763999711e+00
8.806000000000000494e-01,-1.958089387634138090e+00
8.810999999999999943e-01,-1.872314676432422109e+00
8.816000000000000503e-01,-2.175756163708456370e+00
8.824999999999999512e-01,-2.140168937721123488e+00
8.830000000000000071e-01,-2.226036519215371712e+00
8.834999999999999520e-01,-2.201736911080771630e+00
8.839000000000000190e-01,-2.257022993226937224e+00
8.849000000000000199e-01,-2.256893096419108957e+00
8.852999999999999758e-01,-2.019199161547584609e+00
8.858000000000000318e-01,-2.051490998032103441e+00
8.867000000000000437e-01,-2.027612269779643039e+00
8.871999999999999886e-01,-1.975370129774336014e+00
8.877000000000000446e-01,-2.257651020071767434e+00
8.881999999999999895e-01,-2.443520719152040055e+00
8.891000000000000014e-01,-2.443300993332079507e+00
8.895999999999999464e-01,-2.629848818666547405e+00
8.900000000000000133e-01,-2.378093056355583990e+00
8.904999999999999583e-01,-2.272877867398994223e+00
8.914999999999999591e-01,-2.239437745901609933e+00
8.919000000000000261e-01,-2.127034907485202186e+00
8.924999999999999600e-01,-1.954124977096094895e+00
8.933999999999999719e-01,-1.903310307060771756e+00
8.939000000000000279e-01,-2.106477266962544004e+00
8.943999999999999728e-01,-2.067834039788771339e+00
8.952999999999999847e-01,-2.314200051632491650e+00
8.958000000000000407e-01,-2.167321154270636097e+00
8.961999999999999966e-01,-1.869003689654790801e+00
8.971999999999999975e-01,-1.883289909235035919e+00
8.975999999999999535e-01,-2.057997538190323716e+00
8.981000000000000094e-01,-2.081118961567832937e+00
8.991000000000000103e-01,-1.986969038617232508e+00
8.994999999999999662e-01,-2.009024197294293490e+00
9.000000000000000222e-01,-2.092452568135572122e+00
9.009000000000000341e-01,-2.174085168157586789e+00
9.013999999999999790e-01,-2.059188899794072380e+00
9.019000000000000350e-01,-2.024721248501649029e+00
9.029000000000000359e-01,-2.054724430974874672e+00
9.033999999999999808e-01,-2.130643642975216245e+00
9.038000000000000478e-01,-2.089409719491816197e+00
9.048000000000000487e-01,-2.144371757300286507e+00
9.052999999999999936e-01,-2.014996070370117742e+00
9.056999999999999496e-01,-2.202087228269852925e+00
9.066999999999999504e-01,-2.129556948055207677e+00
9.072000000000000064e-01,-2.013613319497026932e+00
9.075999999999999623e-01,-1.904272877323526680e+00
9.085999999999999632e-01,-1.974892432999122427e+00
9.090000000000000302e-01,-1.927664526431955183e+00
9.094999999999999751e-01,-1.747720288836291269e+00
9.103999999999999870e-01,-2.041203614305104441e+00
9.109000000000000430e-01,-2.216110354717510056e+00
9.119000000000000439e-01,-2.105114964734487337e+00
9.122999999999999998e-01,-1.968661784475050025e+00
9.127999999999999448e-01,-1.956761979343799140e+00
9.133000000000000007e-01,-1.805788347170587338e+00
9.142000000000000126e-01,-1.907908037007124635e+00
9.146999999999999575e-01,-1.940181251297427245e+00
9.152000000000000135e-01,-2.033446348189337893e+00
9.161000000000000254e-01,-2.054978952789761948e+00
9.165999999999999703e-01,-1.927090429267616534e+00
9.170000000000000373e-01,-2.198561177220404783e+00
9.174999999999999822e-01,-2.027187307060374977e+00
9.183999999999999941e-01,-1.819106404724675663e+00
9.187999999999999501e-01,-2.090303368413844343e+00
9.193000000000000060e-01,-2.222530305947233220e+00
9.203000000000000069e-01,-2.333531303208048691e+00
9.207999999999999519e-01,-2.236767740563974538e+00
9.212000000000000188e-01,-2.161692487012180308e+00
9.222000000000000197e-01,-1.982517428992234487e+00
9.226999999999999647e-01,-2.304608558549321007e+00
9.235999999999999766e-01,-2.316335162360748878e+00
9.241000000000000325e-01,-2.107153880875922258e+00
9.245999999999999774e-01,-2.041834177863763866e+00
9.250000000000000444e-01,-1.897230491364264138e+00
9.258999999999999453e-01,-1.950548774578252154e+00
9.264000000000000012e-01,-1.699261142746981479e+00
9.268999999999999462e-01,-2.024131579920151136e+00
9.277999999999999581e-01,-1.958621473478749930e+00
9.283000000000000140e-01,-2.045578467677815038e+00
9.287999999999999590e-01,-2.060569706336810913e+00
9.297999999999999599e-01,-1.861547736878017556e+00
9.302000000000000268e-01,-2.181578895065253487e+00
9.306999999999999718e-01,-2.193248135922885034e+00
9.315999999999999837e-01,-2.181850425585413866e+00
9.321000000000000396e-01,-1.943312348823430291e+00
9.325999999999999845e-01,-1.999451576395168795e+00
9.335999999999999854e-01,-2.127148453401101147e+00
9.340000000000000524e-01,-2.219903917322031184e+00
9.344999999999999973e-01,-2.451017046584081704e+00
9.354000000000000092e-01,-2.082976285690935736e+00
9.358999999999999542e-01,-2.232203318994316454e+00
9.367999999999999661e-01,-2.342418361102132529e+00
9.373000000000000220e-01,-2.242459495122939739e+00
9.377999999999999670e-01,-2.220733076532702022e+00
9.382000000000000339e-01,-2.096275281109950317e+00
9.392000000000000348e-01,-2.160207688973883933e+00
9.396999999999999797e-01,-2.205172294508068287e+00
9.402000000000000357e-01,-2.166809480206384642e+00
9.411000000000000476e-01,-2.135122822653073626e+00
9.415999999999999925e-01,-1.979508110516291941e+00
9.419999999999999485e-01,-2.102141244354890581e+00
9.425000000000000044e-01,-1.946045393420576808e+00
9.434000000000000163e-01,-1.857186323021842167e+00
9.437999999999999723e-01,-2.186175082998106145e+00
9.447999999999999732e-01,-2.154573346919226751e+00
9.453000000000000291e-01,-2.156784759971427157e+00
9.457999999999999741e-01,-2.139795741245426264e+00
9.463000000000000300e-01,-2.084302348764345947e+00
9.472000000000000419e-01,-1.970698856811406330e+00
9.476999999999999869e-01,-1.927926174599692288e+00
9.482000000000000428e-01,-1.865898696189996597e+00
9.491000000000000547e-01,-1.915876685066306928e+00
9.495999999999999996e-01,-2.085307943396280894e+00
9.505000000000000115e-01,-1.930327216896382758e+00
9.508999999999999675e-01,-2.074892876393675589e+00
9.514000000000000234e-01,-1.913867104825031085e+00
9.524000000000000243e-01,-2.224010621491032680e+00
9.527999999999999803e-01,-2.163964650180103977e+00
9.533000000000000362e-01,-2.168451409127205132e+00
9.537999999999999812e-01,-2.254615325086168021e+00
9.546999999999999931e-01,-2.052739309527920053e+00
9.552000000000000490e-01,-2.088218877253087413e+00
9.556999999999999940e-01,-1.971513380064179977e+00
9.566000000000000059e-01,-2.186844570995980064e+00
9.570999999999999508e-01,-2.159572183930654976e+00
9.576000000000000068e-01,-2.122159923447874963e+00
9.580999999999999517e-01,-2.198120387513543328e+00
9.589999999999999636e-01,-2.152168188354402822e+00
9.595000000000000195e-01,-2.171918798900490888e+00
9.598999999999999755e-01,-2.192386913410786509e+00
9.604000000000000314e-01,-2.128262366719564813e+00
9.613000000000000433e-01,-2.019769427774251280e+00
9.617999999999999883e-01,-1.847432079894306023e+00
9.623000000000000442e-01,-1.814842214983348523e+00
9.627000000000000002e-01,-2.024000131760914645e+00
9.637000000000000011e-01,-2.278717404254255285e+00
9.641999999999999460e-01,-2.170570525770001424e+00
9.647000000000000020e-01,-2.173740709197078402e+00
9.651999999999999469e-01,-2.191774798582040606e+00
9.661999999999999478e-01,-2.171953943669335363e+00
9.666000000000000147e-01,-1.992428356862576910e+00
9.670999999999999597e-01,-1.920297453950905231e+00
9.676000000000000156e-01,-1.996625520727171477e+00
9.685000000000000275e-01,-2.053234963920774980e+00
9.688999999999999835e-01,-2.013872476072284812e+00
9.694000000000000394e-01,-1.968263901238991087e+00
9.698999999999999844e-01,-1.942988185281218749e+00
9.708999999999999853e-01,-1.628747266839121854e+00
9.713000000000000522e-01,-1.473365247260899125e+00
9.717999999999999972e-01,-1.882763649640041281e+00
9.723000000000000531e-01,-1.965802436598609759e+00
9.731999999999999540e-01,-1.823353799361220995e+00
9.737000000000000099e-01,-1.732947545047842208e+00
9.741999999999999549e-01,-1.894267757962444287e+00
9.750999999999999668e-01,-1.607542278988789430e+00
9.760999999999999677e-01,-1.761769646034354375e+00
9.765000000000000346e-01,-1.763664489020148052e+00
9.769999999999999796e-01,-1.696253105581144505e+00
9.779999999999999805e-01,-1.506937477512883206e+00
9.785000000000000364e-01,-1.542941144195577374e+00
9.788999999999999924e-01,-1.599938239017989927e+00
9.794000000000000483e-01,-1.752524716401343774e+00
9.802999999999999492e-01,-1.783987732718785635e+00
9.808000000000000052e-01,-1.893801934431263767e+00
9.811999999999999611e-01,-1.923682805859928679e+00
9.821999999999999620e-01,-1.729059962507712322e+00
9.827000000000000179e-01,-1.612093340417827925e+00
9.830999999999999739e-01,-1.598852134296357530e+00
9.836000000000000298e-01,-1.604922778196166355e+00
9.846000000000000307e-01,-1.540831220936790924e+00
9.850999999999999757e-01,-1.568610684986185611e+00
9.855000000000000426e-01,-1.360526922280537399e+00
9.864000000000000545e-01,-1.390507056723438550e+00
9.868999999999999995e-01,-1.521542185465847297e+00
9.874000000000000554e-01,-1.445861084812595010e+00
9.882999999999999563e-01,-1.526121922685924170e+00
9.888000000000000123e-01,-1.477890986471722012e+00
9.892999999999999572e-01,-1.281444734580199363e+00
9.901999999999999691e-01,-1.275531431703630147e+00
9.907000000000000250e-01,-1.444176802934782122e+00
9.911999999999999700e-01,-1.458403260777650035e+00
9.921999999999999709e-01,-1.621720225154776873e+00
9.926000000000000378e-01,-1.517947334743843246e+00
9.930999999999999828e-01,-1.518199788604762679e+00
9.936000000000000387e-01,-1.276799711683236138e+00
9.945000000000000506e-01,-1.426895325392588898e+00
9.949999999999999956e-01,-1.312227108922199292e+00
9.953999999999999515e-01,-1.706580291750670497e+00
9.963999999999999524e-01,-1.686390049038775985e+00
9.969000000000000083e-01,-1.533092940719728459e+00
9.973999999999999533e-01,-1.542850795479069781e+00
9.982999999999999652e-01,-1.478235316122017862e+00
9.988000000000000211e-01,-1.438585528825385484e+00
9.992999999999999661e-01,-1.437506223519037230e+00
1.000299999999999967e+00,-1.542260924883385398e+00
1.000699999999999923e+00,-1.551099887696317792e+00
1.001200000000000090e+00,-1.570390194832109287e+00
1.002099999999999991e+00,-1.387475086171837901e+00
1.002599999999999936e+00,-1.587233342900326694e+00
1.003100000000000103e+00,-1.542271548905251644e+00
1.004000000000000004e+00,-1.368756185294228267e+00
1.004499999999999948e+00,-1.190472510067728251e+00
1.004999999999999893e+00,-1.125627265165999980e+00
1.005500000000000060e+00,-1.222426301690352712e+00
1.006399999999999961e+00,-1.022619843098486747e+00
1.006899999999999906e+00,-1.312704513510348336e+00
1.007300000000000084e+00,-1.281554416598333024e+00
1.008399999999999963e+00,-1.040509653409561031e+00
1.008799999999999919e+00,-1.024335944014567401e+00
1.009300000000000086e+00,-8.432271948200777967e-01
1.010299999999999976e+00,-1.171219335653161719e+00
1.010799999999999921e+00,-1.002313515496822571e+00
1.011200000000000099e+00,-1.201355525126332591e+00
1.012199999999999989e+00,-1.071176855797209226e+00
1.012699999999999934e+00,-8.928359491604948017e-01
1.013099999999999890e+00,-1.124964253666803637e+00
1.014100000000000001e+00,-1.025606796179303171e+00
1.015099999999999891e+00,-1.060329553921254941e+00
1.015600000000000058e+00,-1.080866501263996193e+00
1.016000000000000014e+00,-9.596032828386663605e-01
1.016499999999999959e+00,-9.482748855259596210e-01
1.017400000000000082e+00,-1.062224812696022980e+00
1.017900000000000027e+00,-9.477574170830161959e-01
1.018799999999999928e+00,-9.297247914806213709e-01
1.019200000000000106e+00,-9.036772649065848428e-01
1.019700000000000051e+00,-8.637162239464625246e-01
1.020199999999999996e+00,-6.777482027996856173e-01
1.021099999999999897e+00,-7.049397068285877532e-01
1.021600000000000064e+00,-6.855618681767980949e-01
1.022100000000000009e+00,-9.133683554624723033e-01
1.022999999999999909e+00,-1.112362868813305594e+00
1.023500000000000076e+00,-1.088114396131413475e+00
1.024000000000000021e+00,-7.933424615830892979e-01
1.024499999999999966e+00,-9.253040492498759706e-01
1.025500000000000078e+00,-9.567124065899736962e-01
1.026000000000000023e+00,-1.035253414092152768e+00
1.026499999999999968e+00,-1.010614948819478665e+00
1.027500000000000080e+00,-8.985932971630923305e-01
1.028000000000000025e+00,-8.116151339431940670e-01
1.028499999999999970e+00,-9.978062836322629803e-01
1.029300000000000104e+00,-7.002763281475443691e-01
1.029700000000000060e+00,-5.522841034316401387e-01
1.030100000000000016e+00,-7.008745409470230614e-01
1.030999999999999917e+00,-6.434060675943259477e-01
1.031400000000000095e+00,-6.025658096527790608e-01
1.031800000000000050e+00,-4.272571698668483631e-01
1.032699999999999951e+00,-4.069482287647526730e-01
1.033199999999999896e+00,-3.116348417399805171e-01
1.033700000000000063e+00,-2.303534693013764012e-01
1.034599999999999964e+00,-4.028806664981227637e-01
1.035099999999999909e+00,-5.307530332418572971e-01
1.035600000000000076e+00,-3.798510826849522681e-01
1.036499999999999977e+00,-4.008420649022781945e-01
1.036999999999999922e+00,-5.099951182144278894e-01
1.037500000000000089e+00,-2.711856512772675143e-01
1.038000000000000034e+00,-3.190320810732716894e-01
1.038999999999999924e+00,-3.538883475150437774e-01
1.039500000000000091e+00,-4.489052334983017478e-01
1.040499999999999980e+00,-3.364035344270970840e-01
1.040999999999999925e+00,-2.225153214518126032e-01
1.041400000000000103e+00,-5.238632301367805721e-02
1.041900000000000048e+00,-4.487853325909566538e-01
1.042899999999999938e+00,-3.694971672982576005e-01
1.043400000000000105e+00,-4.048869571166143766e-01
1.043900000000000050e+00,-3.790034149772246175e-01
1.044399999999999995e+00,3.776760682775055777e-02
1.045299999999999896e+00,-1.587045414556606526e-01
1.045700000000000074e+00,-2.092192208538561082e-01
1.046200000000000019e+00,-2.969287147074148869e-01
1.047199999999999909e+00,-1.789537813493046192e-01
1.047700000000000076e+00,5.143186739087288878e-02
1.048100000000000032e+00,4.670858629409781193e-03
1.049199999999999910e+00,2.008339965752338752e-01
1.049600000000000088e+00,1.909502667091569905e-01
1.050100000000000033e+00,8.437233421324397131e-02
1.051099999999999923e+00,2.174160221830563899e-01
1.051600000000000090e+00,1.285226948404037950e-01
1.052100000000000035e+00,2.866088097645521082e-01
1.052999999999999936e+00,2.707777419398834651e-01
1.053500000000000103e+00,3.548693636361375386e-02
1.054000000000000048e+00,1.426036646468096247e-01
1.054999999999999938e+00,2.093459607737171990e-01
1.055500000000000105e+00,3.241559482647241586e-01
1.055900000000000061e+00,4.240539445836281063e-01
1.056400000000000006e+00,1.821007818134535161e-01
1.057299999999999907e+00,2.594244886534955580e-02
1.057800000000000074e+00,3.282038522713732753e-01
1.058300000000000018e+00,4.582310153981427603e-01
1.059199999999999919e+00,5.425006914979314532e-01
1.059800000000000075e+00,5.298723973567879275e-01
1.060300000000000020e+00,2.160328169770187046e-01
1.061199999999999921e+00,5.083736175461863738e-01
1.061700000000000088e+00,4.079089619700698166e-01
1.062200000000000033e+00,5.183682426917459729e-01
1.062699999999999978e+00,4.985407234011805522e-01
1.063600000000000101e+00,4.661872931242035945e-01
1.064100000000000046e+00,5.266674085007946315e-01
1.064599999999999991e+00,5.993017064059511512e-01
1.065600000000000103e+00,3.725966904502206467e-01
1.066100000000000048e+00,3.297917258105603766e-01
1.066500000000000004e+00,4.940251876052719759e-01
1.067499999999999893e+00,4.610783910198200108e-01
1.068000000000000060e+00,2.958701561226167454e-01
1.068500000000000005e+00,5.801802728017027011e-01
1.069399999999999906e+00,4.557980754274753576e-01
1.069900000000000073e+00,5.019771516369441189e-01
1.070400000000000018e+00,5.750163484183985485e-01
1.071299999999999919e+00,8.132413900891746206e-01
1.071700000000000097e+00,1.032149355497552046e+00
1.072699999999999987e+00,9.045329681792125820e-01
1.073199999999999932e+00,1.195085591155099047e+00
1.073700000000000099e+00,1.152186591895569379e+00
1.074100000000000055e+00,1.210596416578724188e+00
1.075099999999999945e+00,1.188563898862579071e+00
1.075599999999999890e+00,1.206106098843376273e+00
1.076100000000000056e+00,1.264106990642556827e+00
1.077099999999999946e+00,1.154902597767597738e+00
1.077599999999999891e+00,1.104352344484527126e+00
1.078000000000000069e+00,1.186613182178864356e+00
1.078999999999999959e+00,1.268722254744048650e+00
1.079499999999999904e+00,1.348286236075180833e+00
1.080400000000000027e+00,1.366739378800543525e+00
1.080899999999999972e+00,1.365333676178162703e+00
1.081399999999999917e+00,1.718272258171681832e+00
1.081900000000000084e+00,1.531621076709824614e+00
1.082799999999999985e+00,1.615250264110600131e+00
1.083700000000000108e+00,1.588140359951744740e+00
1.084200000000000053e+00,1.628770279986802683e+00
1.084699999999999998e+00,1.757217017646296897e+00
1.085199999999999942e+00,1.947483926633265527e+00
1.086200000000000054e+00,1.883580998968039433e+00
1.086699999999999999e+00,1.839108802670504694e+00
1.087599999999999900e+00,1.792551747035043830e+00
1.088100000000000067e+00,1.776148708541457344e+00
1.088600000000000012e+00,1.916703659872497356e+00
1.089499999999999913e+00,1.915201816548900648e+00
1.090000000000000080e+00,1.931101602974257592e+00
1.090400000000000036e+00,2.001552587345780676e+00
1.090899999999999981e+00,1.921152494860920212e+00
1.091800000000000104e+00,2.351975771841259277e+00
1.092300000000000049e+00,2.096438227639331853e+00
1.092799999999999994e+00,2.098150861691594038e+00
1.093699999999999894e+00,2.137370779185646885e+00
1.094200000000000061e+00,2.022371620415911675e+00
1.094700000000000006e+00,1.925454549018754236e+00
1.095199999999999951e+00,2.101716244801480116e+00
1.096100000000000074e+00,2.218749221727378540e+00
1.096600000000000019e+00,2.263061309793639619e+00
1.096999999999999975e+00,2.369485342795275784e+00
1.098000000000000087e+00,2.387577453206914946e+00
1.098500000000000032e+00,2.463189303251577478e+00
1.098999999999999977e+00,2.147846921790575347e+00
1.099499999999999922e+00,2.163103411543317200e+00
1.100400000000000045e+00,2.207066656368088964e+00
1.100899999999999990e+00,2.309320816208529692e+00
1.101399999999999935e+00,2.311752843688172465e+00
1.102300000000000058e+00,2.444304494960878316e+00
1.102800000000000002e+00,2.401424473091147149e+00
1.103199999999999958e+00,2.284760392293628595e+00
1.104200000000000070e+00,2.373529893096807619e+00
1.104700000000000015e+00,2.642484345143579993e+00
1.105199999999999960e+00,2.562911549045107318e+00
1.106200000000000072e+00,2.898572359104453877e+00
1.106600000000000028e+00,2.853467212440450762e+00
1.107099999999999973e+00,2.750360691506411381e+00
1.108000000000000096e+00,2.727180433174567487e+00
1.108500000000000041e+00,2.563134550329971617e+00
1.108999999999999986e+00,2.492391028968200306e+00
1.109900000000000109e+00,2.951577214351918332e+00
1.110400000000000054e+00,2.977608716302248215e+00
1.110899999999999999e+00,2.819336719633402932e+00
1.111799999999999899e+00,2.783174972898600608e+00
1.112200000000000077e+00,2.919445889540861483e+00
1.112700000000000022e+00,2.899747486483452708e+00
1.113699999999999912e+00,2.905186439492606798e+00
1.114200000000000079e+00,3.156351142949236799e+00
1.115199999999999969e+00,3.084645458913321647e+00
1.115599999999999925e+00,3.211792166680550231e+00
1.116100000000000092e+00,3.185640484207699075e+00
1.116600000000000037e+00,3.230557938716806632e+00
1.117499999999999938e+00,3.179583093372334801e+00
1.118000000000000105e+00,3.432851236187485000e+00
1.118500000000000050e+00,3.334262886573228002e+00
1.118900000000000006e+00,3.322030971633833207e+00
1.119899999999999896e+00,3.377077554870384191e+00
1.120300000000000074e+00,3.538467546190565916e+00
1.121299999999999963e+00,3.495111808402397546e+00
1.121699999999999919e+00,3.567912466536857341e+00
1.122200000000000086e+00,3.666917663236739511e+00
1.122700000000000031e+00,3.842136407374279639e+00
1.123699999999999921e+00,3.793854558881864403e+00
1.124200000000000088e+00,3.798843355407076849e+00
1.124600000000000044e+00,4.062891052527498381e+00
1.125599999999999934e+00,3.872660026133672329e+00
1.125999999999999890e+00,3.682919433685557742e+00
1.126500000000000057e+00,3.683198408379662947e+00
1.127399999999999958e+00,3.612433880713144863e+00
1.127899999999999903e+00,3.748623640703022453e+00
1.128800000000000026e+00,3.880806354289358939e+00
1.129299999999999971e+00,4.052680307226898648e+00
1.129799999999999915e+00,3.974124977629755584e+00
1.130200000000000093e+00,3.963755590733722745e+00
1.131099999999999994e+00,4.083489928435446004e+00
1.131699999999999928e+00,3.956603100054218558e+00
1.132100000000000106e+00,4.038575489562516552e+00
1.133099999999999996e+00,4.165803908749969864e+00
1.133599999999999941e+00,4.258733838011620421e+00
1.133999999999999897e+00,4.074604740210516773e+00
1.134900000000000020e+00,4.066002019377686238e+00
1.135399999999999965e+00,4.203525665384677978e+00
1.135799999999999921e+00,4.328145193836546945e+00
1.136800000000000033e+00,4.390616076402624302e+00
1.137199999999999989e+00,4.684220246369452667e+00
1.137699999999999934e+00,4.644750794952209105e+00
1.138600000000000056e+00,4.673359012698024451e+00
1.139100000000000001e+00,4.645223015366998887e+00
1.139599999999999946e+00,4.595056525740306874e+00
1.139999999999999902e+00,4.794423173833366469e+00
1.141000000000000014e+00,4.737074821635316013e+00
1.141499999999999959e+00,4.610088485161524474e+00
1.141999999999999904e+00,4.810423307198726128e+00
1.143000000000000016e+00,4.725456531297117735e+00
1.143499999999999961e+00,4.632612826539435957e+00
1.143999999999999906e+00,4.655345001427276586e+00
1.144900000000000029e+00,4.781490695144924530e+00
1.145299999999999985e+00,4.459035116371286023e+00
1.145799999999999930e+00,4.660867207653620170e+00
1.146700000000000053e+00,4.830324099547095074e+00
1.147199999999999998e+00,4.942984330308874519e+00
1.147599999999999953e+00,5.023594554772890852e+00
1.148600000000000065e+00,5.047945595410430641e+00
1.149100000000000010e+00,4.757288487651609721e+00
1.149499999999999966e+00,4.873287561626884035e+00
1.150500000000000078e+00,4.901113279261008593e+00
1.151000000000000023e+00,5.199581449321223126e+00
1.151399999999999979e+00,5.229751524069622626e+00
1.152300000000000102e+00,5.201596118841107064e+00
1.152900000000000036e+00,4.944567156999444713e+00
1.153299999999999992e+00,5.000217720153268708e+00
1.154199999999999893e+00,5.080980224861820105e+00
1.154700000000000060e+00,5.310734737042012377e+00
1.155200000000000005e+00,5.334751711366810589e+00
1.156099999999999905e+00,5.601561013100623931e+00
1.156500000000000083e+00,5.432139621929237272e+00
1.157000000000000028e+00,5.487188830194454248e+00
1.157999999999999918e+00,5.335269963611206201e+00
1.158400000000000096e+00,5.534825234472777744e+00
1.158900000000000041e+00,5.401445908811606245e+00
1.159799999999999942e+00,5.630807192110657944e+00
1.160300000000000109e+00,5.745926337961558161e+00
1.160800000000000054e+00,5.671033845923195926e+00
1.161200000000000010e+00,5.687461611056702004e+00
1.162099999999999911e+00,5.641078951638977657e+00
1.162600000000000078e+00,5.609341900537261338e+00
1.163499999999999979e+00,5.639851530726130768e+00
1.163999999999999924e+00,5.431035564203460453e+00
1.164400000000000102e+00,5.320336781496721734e+00
1.164900000000000047e+00,5.499394245299035866e+00
1.165799999999999947e+00,5.569197613120632440e+00
1.166299999999999892e+00,5.799577672906705672e+00
1.166700000000000070e+00,5.915379956013874008e+00
1.167699999999999960e+00,5.751690890698274217e+00
1.168199999999999905e+00,5.709905166338333338e+00
1.168700000000000072e+00,5.727224950469699039e+00
1.169699999999999962e+00,5.896593142470170967e+00
1.170199999999999907e+00,6.034477527078001557e+00
1.170700000000000074e+00,5.992778751199830722e+00
1.171599999999999975e+00,5.957674752404655827e+00
1.172099999999999920e+00,6.106206681585706342e+00
1.172600000000000087e+00,6.238232917778131714e+00
1.173499999999999988e+00,6.278141869621835625e+00
1.173899999999999944e+00,6.107881097360207789e+00
1.174400000000000110e+00,6.228957343933863910e+00
1.174800000000000066e+00,6.157260597876887509e+00
1.175799999999999956e+00,6.431231178160938811e+00
1.176299999999999901e+00,6.283726283669711421e+00
1.176800000000000068e+00,6.435260273075088300e+00
1.177799999999999958e+00,6.454598517933226809e+00
1.178199999999999914e+00,6.250698390129912241e+00
1.178700000000000081e+00,6.651417721880901190e+00
1.179599999999999982e+00,6.788698087936413827e+00
1.179999999999999938e+00,6.795059729984413543e+00
1.180500000000000105e+00,6.518374097746484352e+00
1.181400000000000006e+00,6.581378702502204803e+00
1.181899999999999951e+00,6.884183340084186753e+00
1.182299999999999907e+00,6.995774333494638064e+00
1.183300000000000018e+00,6.808646684069107557e+00
1.183799999999999963e+00,6.659209024637577912e+00
1.184299999999999908e+00,6.654135836657408376e+00
1.185300000000000020e+00,6.436800879207489778e+00
1.185699999999999976e+00,6.616183954358278108e+00
1.186199999999999921e+00,6.676740814986993122e+00
1.186700000000000088e+00,6.949429970689257274e+00
1.187599999999999989e+00,6.828203957572466010e+00
1.188099999999999934e+00,6.897118777463191464e+00
1.188499999999999890e+00,6.988961814340740375e+00
1.189000000000000057e+00,7.180849678934492886e+00
1.189999999999999947e+00,7.279649688330898982e+00
1.190399999999999903e+00,7.069553209192343424e+00
1.190900000000000070e+00,7.320807115883897431e+00
1.191799999999999971e+00,7.044037378273930727e+00
1.192299999999999915e+00,7.304180971078348072e+00
1.192700000000000093e+00,7.229293890827649172e+00
1.193599999999999994e+00,7.458230891639779259e+00
1.194099999999999939e+00,7.069341547243285895e+00
1.195000000000000062e+00,6.995250223701572345e+00
1.195500000000000007e+00,7.140253547171202975e+00
1.195999999999999952e+00,7.144760688246602598e+00
1.196499999999999897e+00,7.282040372620645741e+00
1.197500000000000009e+00,7.260276584513704279e+00
1.197899999999999965e+00,7.349497877891502107e+00
1.198399999999999910e+00,7.506373616117086200e+00
1.199300000000000033e+00,7.753601581151248645e+00
1.199799999999999978e+00,7.554442602029811660e+00
1.200299999999999923e+00,7.560435319008455224e+00
1.200800000000000090e+00,7.442929760998786115e+00
1.201699999999999990e+00,7.301094406985362717e+00
1.202199999999999935e+00,7.486893169805710180e+00
1.202599999999999891e+00,7.636875176574931423e+00
1.203600000000000003e+00,7.829826134600741838e+00
1.203999999999999959e+00,7.773876281095994933e+00
1.204499999999999904e+00,7.760975097241508358e+00
1.205500000000000016e+00,7.704939829588134614e+00
1.205999999999999961e+00,7.653464878809058902e+00
1.206499999999999906e+00,7.619982356639010135e+00
1.207000000000000073e+00,7.737344070083817194e+00
1.207899999999999974e+00,7.550130650446781111e+00
1.208399999999999919e+00,7.522699698572776761e+00
1.208800000000000097e+00,7.607076057660248303e+00
1.209799999999999986e+00,7.448319073163315096e+00
1.210299999999999931e+00,7.460963314293196369e+00
1.211200000000000054e+00,7.433869479246137502e+00
1.211600000000000010e+00,7.742702603263452055e+00
1.212099999999999955e+00,7.823651240623004988e+00
1.212599999999999900e+00,7.895078280854579411e+00
1.213600000000000012e+00,7.885262018766589165e+00
1.214099999999999957e+00,7.785512446127022201e+00
1.214499999999999913e+00,7.902838643911213268e+00
1.215500000000000025e+00,7.735932211941831227e+00
1.215999999999999970e+00,7.960468637028335515e+00
1.216399999999999926e+00,8.135800670124298861e+00
1.217400000000000038e+00,8.075083727859007965e+00
1.217799999999999994e+00,7.945017952867122979e+00
1.218299999999999939e+00,7.855477512451795263e+00
1.218800000000000106e+00,7.849427005495509313e+00
1.219700000000000006e+00,8.039105274657378786e+00
1.220099999999999962e+00,7.972280664542185313e+00
1.220599999999999907e+00,7.920759304326811190e+00
1.221600000000000019e+00,7.977948827208518168e+00
1.222099999999999964e+00,8.188566226299517581e+00
1.222499999999999920e+00,8.078246265952152783e+00
1.223000000000000087e+00,8.190141790394138255e+00
1.223899999999999988e+00,8.256327697397036758e+00
1.224399999999999933e+00,8.213686729419546140e+00
1.225300000000000056e+00,8.217343411406570652e+00
1.225800000000000001e+00,8.024476792851194418e+00
1.226299999999999946e+00,8.032978223963166187e+00
1.227300000000000058e+00,8.022680180015022700e+00
1.227800000000000002e+00,8.356707505142829007e+00
1.228299999999999947e+00,8.136286493176550394e+00
1.229200000000000070e+00,8.146227452100383459e+00
1.229700000000000015e+00,8.366656295532584053e+00
1.230199999999999960e+00,8.325672469412813470e+00
1.231000000000000094e+00,8.427830120327469032e+00
1.231500000000000039e+00,8.429031407110320728e+00
1.231999999999999984e+00,8.491901450586475164e+00
1.233000000000000096e+00,8.566734895749700485e+00
1.233400000000000052e+00,8.398055213439180378e+00
1.233800000000000008e+00,8.259008115725736232e+00
1.234799999999999898e+00,8.327631182768039153e+00
1.235300000000000065e+00,8.474412529023444662e+00
1.235800000000000010e+00,8.518557725919009727e+00
1.236199999999999966e+00,8.528711451040102531e+00
1.237200000000000077e+00,8.511846291638764939e+00
1.237700000000000022e+00,8.629598512661061704e+00
1.238199999999999967e+00,8.633407924814882506e+00
1.239100000000000090e+00,8.385337412408679469e+00
1.239500000000000046e+00,8.456011127811716932e+00
1.239999999999999991e+00,8.591278186386494653e+00
1.241000000000000103e+00,8.604055375138536021e+00
1.241400000000000059e+00,8.778856158490302874e+00
1.241900000000000004e+00,8.795893291585390017e+00
1.242399999999999949e+00,8.988360927379982712e+00
1.243300000000000072e+00,8.895180752956870052e+00
1.243800000000000017e+00,8.995261460270153719e+00
1.244299999999999962e+00,9.057950412869097079e+00
1.245200000000000085e+00,9.113315428266430374e+00
1.245700000000000029e+00,8.889609950530285687e+00
1.246199999999999974e+00,8.820732768560768378e+00
1.247200000000000086e+00,8.849567719538555366e+00
1.247600000000000042e+00,8.965525406932711050e+00
1.248099999999999987e+00,9.122789414339120384e+00
1.249100000000000099e+00,9.035279176395381029e+00
1.249600000000000044e+00,8.937581978366742064e+00
1.250099999999999989e+00,8.953086686189584142e+00
1.250999999999999890e+00,8.788456039172443113e+00
1.251600000000000046e+00,8.840679610937424826e+00
1.252000000000000002e+00,8.924998421751739741e+00
1.252499999999999947e+00,8.912589434694417889e+00
1.253400000000000070e+00,8.914450492584352403e+00
1.253900000000000015e+00,9.123167062034852393e+00
1.254299999999999971e+00,8.996406153800505123e+00
1.255200000000000093e+00,8.994553190379544816e+00
1.255600000000000049e+00,9.063794299662824017e+00
1.256499999999999950e+00,8.874048720561301451e+00
1.256999999999999895e+00,8.929823508650411412e+00
1.257500000000000062e+00,9.080816595076500519e+00
1.258000000000000007e+00,9.285796147609124418e+00
1.258899999999999908e+00,9.075588362563781430e+00
1.259400000000000075e+00,9.198198950743094571e+00
1.259900000000000020e+00,8.896801526491112000e+00
1.260899999999999910e+00,8.985485554744570891e+00
1.261300000000000088e+00,9.078854034597007683e+00
1.261800000000000033e+00,9.127017951155671938e+00
1.262799999999999923e+00,9.493502927226277421e+00
1.263200000000000101e+00,9.568212077910777325e+00
1.263700000000000045e+00,9.249887003429840604e+00
1.264599999999999946e+00,9.306097245632255266e+00
1.265099999999999891e+00,9.402241092327221494e+00
1.265600000000000058e+00,9.529194387694140289e+00
1.266499999999999959e+00,9.141318727495599816e+00
1.266899999999999915e+00,9.240688639846954544e+00
1.267400000000000082e+00,9.567889746004277995e+00
1.268399999999999972e+00,9.393059460625039492e+00
1.268799999999999928e+00,9.144279971881305258e+00
1.269300000000000095e+00,9.342624896237477827e+00
1.269900000000000029e+00,9.447091620361030451e+00
1.270799999999999930e+00,9.217548929649492351e+00
1.271300000000000097e+00,9.277594005266420751e+00
1.271800000000000042e+00,9.249351449326713492e+00
1.272699999999999942e+00,9.177953033568156727e+00
1.273200000000000109e+00,9.164440085562006288e+00
1.273700000000000054e+00,9.461490452025321574e+00
1.274599999999999955e+00,9.450057818437404222e+00
1.275099999999999900e+00,9.652211168124251728e+00
1.275600000000000067e+00,9.588840933291665536e+00
1.276499999999999968e+00,9.533430799270846023e+00
1.276999999999999913e+00,9.498000652521412235e+00
1.277400000000000091e+00,9.703145740745027226e+00
1.278399999999999981e+00,9.583133197229123823e+00
1.278899999999999926e+00,9.563837522348910269e+00
1.279300000000000104e+00,9.478023140285177561e+00
1.280299999999999994e+00,9.458085174685331609e+00
1.280699999999999950e+00,9.385627667713066558e+00
1.281199999999999894e+00,9.381511167988682232e+00
1.281700000000000061e+00,9.353202515583088683e+00
1.282699999999999951e+00,9.486421974564512638e+00
1.283199999999999896e+00,9.758123928848920769e+00
1.284100000000000019e+00,9.674774396269146592e+00
1.284599999999999964e+00,9.359746378479437467e+00
1.284999999999999920e+00,9.535981053793683770e+00
1.285500000000000087e+00,9.680256722295110805e+00
1.286399999999999988e+00,9.862664457685617947e+00
1.286799999999999944e+00,9.861674419142392622e+00
1.287300000000000111e+00,9.915224086016637628e+00
1.288300000000000001e+00,9.546171088993787635e+00
1.288699999999999957e+00,9.855830333433063473e+00
1.289199999999999902e+00,9.691820276024380121e+00
1.290100000000000025e+00,9.757402542405371193e+00
1.290599999999999969e+00,9.721804043696741005e+00
1.291099999999999914e+00,9.842914989715103147e+00
1.292000000000000037e+00,9.740674981859324788e+00
1.292599999999999971e+00,9.748667988801148709e+00
1.292999999999999927e+00,9.573701405107392759e+00
1.294000000000000039e+00,9.689180715583392001e+00
1.294499999999999984e+00,9.726624131798201844e+00
1.294999999999999929e+00,9.669503559171701568e+00
1.296000000000000041e+00,9.843004523274013096e+00
1.296399999999999997e+00,9.740814777175273775e+00
1.296799999999999953e+00,9.858955375407715493e+00
1.297199999999999909e+00,9.943242888575415606e+00
1.298200000000000021e+00,1.006023630780526368e+01
1.298699999999999966e+00,1.002052335342597722e+01
1.299199999999999910e+00,9.937725780505431317e+00
1.300100000000000033e+00,9.741864529105837889e+00
1.300599999999999978e+00,1.003653275905868725e+01
1.301099999999999923e+00,1.005135040634721655e+01
1.302100000000000035e+00,9.777355188269167385e+00
1.302499999999999991e+00,9.953203839207775516e+00
1.302999999999999936e+00,1.002094149207355400e+01
1.304000000000000048e+00,9.913441485128013042e+00
1.304499999999999993e+00,1.006238752740524411e+01
1.304999999999999938e+00,9.860620048335691834e+00
1.305900000000000061e+00,9.951922745725697794e+00
1.306400000000000006e+00,1.013927317020848307e+01
1.306899999999999951e+00,1.007738824499889141e+01
1.307399999999999896e+00,1.019640984088170832e+01
1.308300000000000018e+00,9.928546687548244876e+00
1.308699999999999974e+00,1.014282989095067222e+01
1.309099999999999930e+00,9.945612575540081934e+00
1.310100000000000042e+00,9.988030306204866093e+00
1.310599999999999987e+00,1.031066042780626368e+01
1.311099999999999932e+00,1.030026745453256787e+01
1.311600000000000099e+00,1.028666252638364398e+01
1.312500000000000000e+00,1.021792963828817591e+01
1.312999999999999945e+00,9.967032778912120250e+00
1.313499999999999890e+00,9.844547131270864782e+00
1.314300000000000024e+00,1.005440556112646711e+01
1.314799999999999969e+00,1.014327526733186779e+01
1.315199999999999925e+00,9.967689639341667629e+00
1.316200000000000037e+00,1.005562662560169329e+01
1.316599999999999993e+00,9.939536027372877669e+00
1.317099999999999937e+00,9.916451215390077678e+00
1.318100000000000049e+00,1.002144000015509206e+01
1.318500000000000005e+00,1.007229889605683049e+01
1.318999999999999950e+00,1.017896564614894750e+01
1.320000000000000062e+00,1.004554881972377878e+01
1.320500000000000007e+00,1.017292253784696321e+01
1.320999999999999952e+00,1.025611817329699704e+01
1.322000000000000064e+00,1.020186005561462039e+01
1.322500000000000009e+00,1.032345481467044657e+01
1.322999999999999954e+00,1.028284405821965031e+01
1.323900000000000077e+00,1.023677556890719842e+01
1.324400000000000022e+00,1.027242707967407220e+01
1.325299999999999923e+00,1.021983383256549871e+01
1.325800000000000090e+00,1.018603983972551319e+01
1.326200000000000045e+00,1.010745066796190983e+01
1.326699999999999990e+00,1.018220196450708315e+01
1.327700000000000102e+00,1.015602554972651639e+01
1.328200000000000047e+00,1.016644949880238791e+01
1.328600000000000003e+00,1.020936692731147311e+01
1.329499999999999904e+00,1.031210845976590207e+01
1.330000000000000071e+00,1.016484689594563129e+01
1.330500000000000016e+00,1.000981228741423479e+01
1.330899999999999972e+00,1.035961379881298861e+01
1.331900000000000084e+00,1.047265352127984173e+01
1.332400000000000029e+00,1.078882560424944970e+01
1.332999999999999963e+00,1.052155415824321949e+01
1.333900000000000086e+00,1.038821869886413829e+01
1.334300000000000042e+00,1.018397987991579434e+01
1.334799999999999986e+00,1.005190804982706787e+01
1.335700000000000109e+00,1.026073093472804310e+01
1.336100000000000065e+00,1.027050840166005585e+01
1.336600000000000010e+00,1.029086749491931840e+01
1.337599999999999900e+00,1.034801040785935911e+01
1.338100000000000067e+00,1.044488365400505892e+01
1.338600000000000012e+00,1.029326870813471295e+01
1.339399999999999924e+00,1.060211927082640315e+01
1.340000000000000080e+00,1.060857146748797319e+01
1.340500000000000025e+00,1.047951434195145204e+01
1.341399999999999926e+00,1.034532966246177565e+01
1.341900000000000093e+00,1.031245033310680270e+01
1.342400000000000038e+00,1.040369950692163137e+01
1.343399999999999928e+00,1.045845698546142444e+01
1.343800000000000106e+00,1.030378217809070485e+01
1.344300000000000050e+00,1.022828717970900136e+01
1.345299999999999940e+00,1.026702879928275181e+01
1.345699999999999896e+00,1.036701117935734651e+01
1.346200000000000063e+00,1.011759495798199460e+01
1.347199999999999953e+00,1.039158519062519126e+01
1.347599999999999909e+00,1.067388294705158103e+01
1.348100000000000076e+00,1.043369676236637211e+01
1.348999999999999977e+00,1.026978934839219448e+01
1.349499999999999922e+00,1.053653594445037278e+01
1.349900000000000100e+00,1.068444543338685193e+01
1.350899999999999990e+00,1.060866665550039301e+01
1.351399999999999935e+00,1.055325151284680629e+01
1.351900000000000102e+00,1.035053152208683258e+01
1.352800000000000002e+00,1.057148978908812431e+01
1.353900000000000103e+00,1.037089197627424042e+01
1.354300000000000059e+00,1.039548649244830081e+01
1.354800000000000004e+00,1.032579949760297744e+01
1.355699999999999905e+00,1.041272824656440577e+01
1.356200000000000072e+00,1.045193137839881281e+01
1.356600000000000028e+00,1.047070920200420829e+01
1.357599999999999918e+00,1.066641767324843570e+01
1.358100000000000085e+00,1.062528303891008363e+01
1.358500000000000041e+00,1.040050334495334106e+01
1.359399999999999942e+00,1.057057140922651328e+01
1.359900000000000109e+00,1.057202951557413328e+01
1.360300000000000065e+00,1.039105096574386700e+01
1.361199999999999966e+00,1.053384987861547017e+01
1.361699999999999910e+00,1.064456388450538249e+01
1.362200000000000077e+00,1.050141367525746006e+01
1.363099999999999978e+00,1.029328870029654652e+01
1.363599999999999923e+00,1.048648178522987706e+01
1.364100000000000090e+00,1.077725200359670943e+01
1.364500000000000046e+00,1.055399935779438536e+01
1.365399999999999947e+00,1.060799371082898723e+01
1.365799999999999903e+00,1.052133585867742660e+01
1.366300000000000070e+00,1.060430415162532114e+01
1.367299999999999960e+00,1.092727494932520749e+01
1.367799999999999905e+00,1.094938384460632363e+01
1.368300000000000072e+00,1.082374675647900197e+01
1.369299999999999962e+00,1.087006767594457735e+01
1.369799999999999907e+00,1.096941653467285249e+01
1.370300000000000074e+00,1.078375203018818240e+01
1.371299999999999963e+00,1.078356081995076110e+01
1.371699999999999919e+00,1.041801974831235533e+01
1.372200000000000086e+00,1.036094671111546184e+01
1.372600000000000042e+00,1.061412090915497686e+01
1.373599999999999932e+00,1.069754877628913192e+01
1.374100000000000099e+00,1.043783103269837476e+01
1.374600000000000044e+00,1.065910322332636539e+01
1.375499999999999945e+00,1.075162435517727033e+01
1.375899999999999901e+00,1.070835191990025947e+01
1.376500000000000057e+00,1.072094514022892753e+01
1.376900000000000013e+00,1.068552310363704727e+01
1.377899999999999903e+00,1.062465571002198494e+01
1.378300000000000081e+00,1.046677350417569663e+01
1.378800000000000026e+00,1.067227918376577911e+01
1.379799999999999915e+00,1.078125750898263391e+01
1.380200000000000093e+00,1.061572504509127768e+01
1.380600000000000049e+00,1.074249620194580856e+01
1.381499999999999950e+00,1.071013134585137827e+01
1.381999999999999895e+00,1.107346133274974243e+01
1.382400000000000073e+00,1.106790934385655056e+01
1.383499999999999952e+00,1.109345637901758153e+01
1.383899999999999908e+00,1.114099154660152990e+01
1.384400000000000075e+00,1.094014540583298611e+01
1.385399999999999965e+00,1.074045495854305088e+01
1.385899999999999910e+00,1.062369018883224925e+01
1.386400000000000077e+00,1.078714485158059233e+01
1.387299999999999978e+00,1.068678022139194894e+01
1.387799999999999923e+00,1.074040583956474393e+01
1.388200000000000101e+00,1.069247622625952765e+01
1.389199999999999990e+00,1.065701711639582783e+01
1.389699999999999935e+00,1.082200754300450463e+01
1.390099999999999891e+00,1.069041247143665530e+01
1.390600000000000058e+00,1.065899125695557537e+01
1.391399999999999970e+00,1.062308685482861570e+01
1.391899999999999915e+00,1.082017520284560419e+01
1.392400000000000082e+00,1.079640768408668983e+01
1.393299999999999983e+00,1.107305000353534830e+01
1.393799999999999928e+00,1.097789499325285156e+01
1.394200000000000106e+00,1.082919625322346313e+01
1.395199999999999996e+00,1.067802166892528071e+01
1.395699999999999941e+00,1.075184965707628315e+01
1.396099999999999897e+00,1.084303215484981919e+01
1.397100000000000009e+00,1.064954493896577148e+01
1.397499999999999964e+00,1.085968421571054243e+01
1.397999999999999909e+00,1.095822213773812592e+01
1.398900000000000032e+00,1.122151306975635876e+01
1.399399999999999977e+00,1.105790760701486342e+01
1.399899999999999922e+00,1.125541613225147586e+01
1.400900000000000034e+00,1.124470110169181680e+01
1.401499999999999968e+00,1.125052165384791536e+01
1.401899999999999924e+00,1.110997770168138743e+01
1.402900000000000036e+00,1.122265208741480613e+01
1.403399999999999981e+00,1.122350218204940120e+01
1.403799999999999937e+00,1.121445919727048057e+01
1.404700000000000060e+00,1.110761500196107576e+01
1.405100000000000016e+00,1.102807444614158427e+01
1.405599999999999961e+00,1.125414625698225812e+01
1.406600000000000072e+00,1.122404786827587841e+01
1.407100000000000017e+00,1.122765803236694637e+01
1.407599999999999962e+00,1.130422359478162342e+01
1.408500000000000085e+00,1.115895575620469238e+01
1.409000000000000030e+00,1.107455320876421645e+01
1.409799999999999942e+00,1.099724735141793275e+01
1.410300000000000109e+00,1.114365481281541115e+01
1.410800000000000054e+00,1.118630508145671953e+01
1.411299999999999999e+00,1.100950915849424838e+01
1.412199999999999900e+00,1.109050935477601563e+01
1.412700000000000067e+00,1.091585523724275752e+01
1.413200000000000012e+00,1.074270532675977918e+01
1.413699999999999957e+00,1.087117444298218771e+01
1.414600000000000080e+00,1.103796494450260468e+01
1.415000000000000036e+00,1.100042322631957958e+01
1.415399999999999991e+00,1.101671451789283296e+01
1.416299999999999892e+00,1.076444102789291613e+01
1.416800000000000059e+00,1.090551657253891804e+01
1.417300000000000004e+00,1.101745416223168661e+01
1.417799999999999949e+00,1.095037480360141480e+01
1.418800000000000061e+00,1.115121870990207675e+01
1.419300000000000006e+00,1.124193312140630141e+01
1.419899999999999940e+00,1.095857583397134327e+01
1.420700000000000074e+00,1.119072367308882043e+01
1.421100000000000030e+00,1.113169489581156135e+01
1.421599999999999975e+00,1.117844344509283339e+01
1.422600000000000087e+00,1.127181569938861472e+01
1.423000000000000043e+00,1.121772475011588632e+01
1.423399999999999999e+00,1.130344317046148994e+01
1.424400000000000110e+00,1.115795711547819913e+01
1.424900000000000055e+00,1.099106899780238855e+01
1.425799999999999956e+00,1.136046882871909247e+01
1.426299999999999901e+00,1.134691384363022948e+01
1.426800000000000068e+00,1.111185339026344465e+01
1.427300000000000013e+00,1.100886490361795644e+01
1.428299999999999903e+00,1.126180908058679009e+01
1.428800000000000070e+00,1.106161472160416714e+01
1.429200000000000026e+00,1.121997101803629704e+01
1.430199999999999916e+00,1.112120637020792735e+01
1.430600000000000094e+00,1.123267789326801314e+01
1.431000000000000050e+00,1.112269669208427381e+01
1.431999999999999940e+00,1.121350509125699269e+01
1.432399999999999896e+00,1.116508957929745449e+01
1.432900000000000063e+00,1.125302606924045179e+01
1.433400000000000007e+00,1.151149035963519651e+01
1.434399999999999897e+00,1.117787727253497287e+01
1.434900000000000064e+00,1.102968057199366925e+01
1.435799999999999965e+00,1.119501787726991004e+01
1.436299999999999910e+00,1.118648866526383934e+01
1.436900000000000066e+00,1.120535742724078254e+01
1.437300000000000022e+00,1.094109178666402293e+01
1.438299999999999912e+00,1.106324542212364115e+01
1.438800000000000079e+00,1.115914991489167285e+01
1.439200000000000035e+00,1.115409884767672644e+01
1.440199999999999925e+00,1.113618839948477302e+01
1.440600000000000103e+00,1.110074483091038111e+01
1.441100000000000048e+00,1.113135304228803513e+01
1.441999999999999948e+00,1.087333527602296357e+01
1.442399999999999904e+00,1.077573523753617302e+01
1.442900000000000071e+00,1.121952519355401812e+01
1.443899999999999961e+00,1.115491304497411384e+01
1.444299999999999917e+00,1.109887468569198532e+01
1.444800000000000084e+00,1.111333312447085575e+01
1.445699999999999985e+00,1.142849890855275419e+01
1.446299999999999919e+00,1.105559695829965960e+01
1.446700000000000097e+00,1.119915679974952560e+01
1.447200000000000042e+00,1.131184714915527678e+01
1.448099999999999943e+00,1.132608005811350260e+01
1.448600000000000110e+00,1.122269432651610721e+01
1.449000000000000066e+00,1.106264935440397856e+01
1.449999999999999956e+00,1.117213767323822182e+01
1.450399999999999912e+00,1.108843251754179526e+01
1.450900000000000079e+00,1.119225499983439320e+01
1.451300000000000034e+00,1.104394403376224254e+01
1.452399999999999913e+00,1.110397031472165175e+01
1.452900000000000080e+00,1.120602053448656577e+01
1.453400000000000025e+00,1.130981591886861715e+01
1.454399999999999915e+00,1.119252238072807870e+01
1.454900000000000082e+00,1.126612048961814061e+01
1.455300000000000038e+00,1.129146804351528743e+01
1.456299999999999928e+00,1.121356675330034491e+01
1.456700000000000106e+00,1.104812843148691215e+01
1.457100000000000062e+00,1.137143926100794289e+01
1.457500000000000018e+00,1.098718935833417554e+01
1.458399999999999919e+00,1.110811238690593861e+01
1.458900000000000086e+00,1.139095743374696568e+01
1.459300000000000042e+00,1.133666318690012886e+01
1.460299999999999931e+00,1.134591950303655494e+01
1.460900000000000087e+00,1.135741306366347203e+01
1.461400000000000032e+00,1.136680009309076311e+01
1.462399999999999922e+00,1.123602743628587497e+01
1.462900000000000089e+00,1.116233598711642649e+01
1.463799999999999990e+00,1.124577384864443630e+01
1.464299999999999935e+00,1.151876501233545547e+01
1.465100000000000069e+00,1.147895695118275761e+01
1.465600000000000014e+00,1.129319278414453187e+01
1.466099999999999959e+00,1.123640942622251870e+01
1.467000000000000082e+00,1.108331228371274690e+01
1.467500000000000027e+00,1.098914636303933889e+01
1.467999999999999972e+00,1.105983956033185045e+01
1.468900000000000095e+00,1.119351751451701382e+01
1.469400000000000039e+00,1.102334185291403301e+01
1.469899999999999984e+00,1.097944072300121654e+01
1.470800000000000107e+00,1.101270427926760931e+01
1.471200000000000063e+00,1.095307373403027995e+01
1.471700000000000008e+00,1.108141242541281279e+01
1.472699999999999898e+00,1.122228985570412085e+01
1.473200000000000065e+00,1.119738900757351452e+01
1.473700000000000010e+00,1.120079752866089784e+01
1.474699999999999900e+00,1.130596564897043876e+01
1.475200000000000067e+00,1.137595167863597467e+01
1.475700000000000012e+00,1.145464424221224675e+01
1.476599999999999913e+00,1.144572078640988622e+01
1.477100000000000080e+00,1.130460352770745658e+01
1.477600000000000025e+00,1.127522946255342973e+01
1.478099999999999969e+00,1.109744327956053489e+01
1.479000000000000092e+00,1.111110478743502128e+01
1.479600000000000026e+00,1.117698925621464312e+01
1.480499999999999927e+00,1.131376628673579177e+01
1.480900000000000105e+00,1.128580477848142749e+01
1.481400000000000050e+00,1.126865950808349481e+01
1.481800000000000006e+00,1.138428666666120215e+01
1.482699999999999907e+00,1.131997759268837456e+01
1.483100000000000085e+00,1.107085201725011459e+01
1.483500000000000041e+00,1.120388484778757032e+01
1.484499999999999931e+00,1.112503385394738231e+01
1.485500000000000043e+00,1.116010984962365704e+01
1.485999999999999988e+00,1.104016185900997016e+01
1.486499999999999932e+00,1.118941766808042892e+01
1.487600000000000033e+00,1.137512130056760817e+01
1.487999999999999989e+00,1.133651070780315884e+01
1.488499999999999934e+00,1.138317485815953667e+01
1.489400000000000057e+00,1.128067515605195581e+01
1.489900000000000002e+00,1.140382556169114281e+01
1.490399999999999947e+00,1.144255814961173456e+01
1.490799999999999903e+00,1.140808645885553929e+01
1.491800000000000015e+00,1.144011334306663485e+01
1.492199999999999971e+00,1.160768647386557895e+01
1.492699999999999916e+00,1.131153277023079973e+01
1.493700000000000028e+00,1.145822790662464641e+01
1.494099999999999984e+00,1.156543339428607453e+01
1.494499999999999940e+00,1.155676792155249899e+01
1.495500000000000052e+00,1.154785501210583121e+01
1.495999999999999996e+00,1.166213182222672451e+01
1.496399999999999952e+00,1.149476747713672609e+01
1.497400000000000064e+00,1.144106045830007545e+01
1.497900000000000009e+00,1.158270341981341112e+01
1.498399999999999954e+00,1.152527639786443814e+01
1.499400000000000066e+00,1.137728255639137132e+01
1.499700000000000033e+00,1.136956173272112913e+01
1.500199999999999978e+00,1.150984275754588815e+01
1.501100000000000101e+00,1.152495512865205463e+01
1.501500000000000057e+00,1.131090599898912252e+01
1.502000000000000002e+00,1.156164829667029004e+01
1.502999999999999892e+00,1.131132587420733060e+01
1.503500000000000059e+00,1.146653006150971699e+01
1.503900000000000015e+00,1.150980514228255203e+01
1.504899999999999904e+00,1.152520339741797351e+01
1.505400000000000071e+00,1.147267998501779473e+01
1.505800000000000027e+00,1.161197963972700009e+01
1.506799999999999917e+00,1.159808179665067129e+01
1.507200000000000095e+00,1.143519948881386128e+01
1.507600000000000051e+00,1.159421987187551650e+01
1.508399999999999963e+00,1.172952245864285636e+01
1.508899999999999908e+00,1.136366758927834475e+01
1.509200000000000097e+00,1.155354603074414044e+01
1.509600000000000053e+00,1.140727654294646065e+01
1.510599999999999943e+00,1.149925565845572706e+01
1.510999999999999899e+00,1.159182073283582604e+01
1.512000000000000011e+00,1.163353259110940741e+01
1.512399999999999967e+00,1.136958392857609290e+01
1.512899999999999912e+00,1.134386895988933830e+01
1.513300000000000090e+00,1.147321946769284295e+01
1.514299999999999979e+00,1.153389506704390577e+01
1.514699999999999935e+00,1.151855498750520290e+01
1.515200000000000102e+00,1.137032684723657994e+01
1.516199999999999992e+00,1.126513805348333186e+01
1.516699999999999937e+00,1.140356218595024451e+01
1.517099999999999893e+00,1.133768294475122929e+01
1.518000000000000016e+00,1.148560431701460516e+01
1.518499999999999961e+00,1.148386412917164812e+01
1.518899999999999917e+00,1.136785695931578744e+01
1.519400000000000084e+00,1.120824954315292388e+01
1.520299999999999985e+00,1.153635931612651611e+01
1.520899999999999919e+00,1.153749330543411489e+01
1.521300000000000097e+00,1.153087213152418578e+01
1.521800000000000042e+00,1.158495466829815612e+01
1.522899999999999920e+00,1.154668824390598125e+01
1.523400000000000087e+00,1.143643059002498319e+01
1.524299999999999988e+00,1.149790688836401920e+01
1.524799999999999933e+00,1.154340471394385936e+01
1.525300000000000100e+00,1.156099314272107748e+01
1.525800000000000045e+00,1.171945314467309629e+01
1.526699999999999946e+00,1.183290669069705459e+01
1.527199999999999891e+00,1.175358810984062430e+01
1.527700000000000058e+00,1.177513705655397658e+01
1.528599999999999959e+00,1.176139024152574564e+01
1.529099999999999904e+00,1.169285496838202398e+01
1.529500000000000082e+00,1.177937230358915066e+01
1.530000000000000027e+00,1.187616594651070834e+01
1.530999999999999917e+00,1.206777452205697365e+01
1.531400000000000095e+00,1.193720960593384106e+01
1.531900000000000039e+00,1.176478846014923363e+01
1.532799999999999940e+00,1.184456017440567166e+01
1.533199999999999896e+00,1.172423083858119419e+01
1.533700000000000063e+00,1.165026521188577036e+01
1.534599999999999964e+00,1.163056851532929592e+01
1.535099999999999909e+00,1.148611495591980969e+01
1.535600000000000076e+00,1.130260218169538611e+01
1.536499999999999977e+00,1.129994508551807897e+01
1.536999999999999922e+00,1.124578073971697911e+01
1.537500000000000089e+00,1.127788568206771380e+01
1.538499999999999979e+00,1.112424314442213813e+01
1.538999999999999924e+00,1.144455452956934849e+01
1.539400000000000102e+00,1.150950091535079878e+01
1.539900000000000047e+00,1.144841806756302560e+01
1.540899999999999936e+00,1.140326377061710872e+01
1.541400000000000103e+00,1.137067551704525314e+01
1.541800000000000059e+00,1.158196338625269917e+01
1.542699999999999960e+00,1.167888737237140795e+01
1.543199999999999905e+00,1.161238373008936442e+01
1.543600000000000083e+00,1.170512588830740164e+01
1.544599999999999973e+00,1.144030710513626126e+01
1.545099999999999918e+00,1.141082493208060988e+01
1.545600000000000085e+00,1.152745585390356098e+01
1.546599999999999975e+00,1.140300562271414186e+01
1.547099999999999920e+00,1.159736799966914589e+01
1.547500000000000098e+00,1.160760500851228016e+01
1.548000000000000043e+00,1.151669929737801112e+01
1.548899999999999944e+00,1.146658650170479099e+01
1.549299999999999899e+00,1.138153407673390127e+01
1.549800000000000066e+00,1.128332857148984658e+01
1.550799999999999956e+00,1.149327697745363075e+01
1.551199999999999912e+00,1.174242130869624390e+01
1.551700000000000079e+00,1.158845721452846256e+01
1.552200000000000024e+00,1.132346704857190645e+01
1.553199999999999914e+00,1.097909276487366981e+01
1.553700000000000081e+00,1.112784032383320820e+01
1.554200000000000026e+00,1.129052822926935029e+01
1.555199999999999916e+00,1.155581359130412267e+01
1.555700000000000083e+00,1.139671392931483851e+01
1.556100000000000039e+00,1.136627618527287353e+01
1.556999999999999940e+00,1.162260968256278915e+01
1.557500000000000107e+00,1.156806353640050666e+01
1.558000000000000052e+00,1.163464432781071700e+01
1.558499999999999996e+00,1.154641913805442499e+01
1.559399999999999897e+00,1.163010662409893392e+01
1.559900000000000064e+00,1.160171574034222708e+01
1.560400000000000009e+00,1.145371056565655898e+01
1.560799999999999965e+00,1.152018443099694878e+01
1.561900000000000066e+00,1.165355279761030260e+01
1.562300000000000022e+00,1.154904197100338692e+01
1.562799999999999967e+00,1.153574664542697015e+01
1.563700000000000090e+00,1.156384631918895067e+01
1.564200000000000035e+00,1.181737984817057274e+01
1.564699999999999980e+00,1.172570683129045399e+01
1.565600000000000103e+00,1.171367725272521199e+01
1.566100000000000048e+00,1.157316054470149957e+01
1.566599999999999993e+00,1.154280284636456066e+01
1.567099999999999937e+00,1.147700699140059477e+01
1.568200000000000038e+00,1.134898753207722777e+01
1.568599999999999994e+00,1.153283111498424773e+01
1.569099999999999939e+00,1.158615288242273422e+01
1.570100000000000051e+00,1.154775101846968965e+01
1.570500000000000007e+00,1.136331806312256099e+01
1.570899999999999963e+00,1.128116407553721423e+01
1.571900000000000075e+00,1.125204215050924006e+01
1.572300000000000031e+00,1.147085568246281184e+01
1.572799999999999976e+00,1.157519890463748347e+01
1.573700000000000099e+00,1.154465819400254212e+01
1.574200000000000044e+00,1.156602279635838393e+01
1.574699999999999989e+00,1.155835079664256959e+01
1.575700000000000101e+00,1.145768748006016580e+01
1.576300000000000034e+00,1.166709064550084207e+01
1.577299999999999924e+00,1.147527594285184094e+01
1.577800000000000091e+00,1.148307382622317441e+01
1.578300000000000036e+00,1.127552515056877702e+01
1.579199999999999937e+00,1.125838531299036127e+01
1.579700000000000104e+00,1.129365008101517098e+01
1.580100000000000060e+00,1.121287185981382173e+01
1.580500000000000016e+00,1.124223034681432409e+01
1.581499999999999906e+00,1.140041221594457710e+01
1.582000000000000073e+00,1.142373135707068244e+01
1.582500000000000018e+00,1.161466652891006390e+01
1.582999999999999963e+00,1.142987089754606700e+01
1.583900000000000086e+00,1.159157783631550309e+01
1.584300000000000042e+00,1.176622292604454145e+01
1.584799999999999986e+00,1.177264239818386393e+01
1.585700000000000109e+00,1.153098115154241654e+01
1.586100000000000065e+00,1.151699347302830034e+01
1.586500000000000021e+00,1.137790549606693169e+01
1.587399999999999922e+00,1.145402021028832529e+01
1.587900000000000089e+00,1.177251107542559794e+01
1.588400000000000034e+00,1.170152902579997622e+01
1.589299999999999935e+00,1.163291880730105987e+01
1.589800000000000102e+00,1.162261462733240514e+01
1.590300000000000047e+00,1.152334531498385672e+01
1.591299999999999937e+00,1.149063736234378652e+01
1.591800000000000104e+00,1.143261975903710237e+01
1.592300000000000049e+00,1.154689871283017055e+01
1.592799999999999994e+00,1.147242480565293832e+01
1.593800000000000106e+00,1.171776196393660641e+01
1.594300000000000050e+00,1.157291689321284522e+01
1.594799999999999995e+00,1.156773246520222820e+01
1.595699999999999896e+00,1.174499340131068159e+01
1.596200000000000063e+00,1.152103428728630519e+01
1.596700000000000008e+00,1.157406630121495539e+01
1.597599999999999909e+00,1.174244338839774393e+01
1.598100000000000076e+00,1.196555387988518682e+01
1.598500000000000032e+00,1.178721635944996926e+01
1.599599999999999911e+00,1.157645876033376986e+01
1.600000000000000089e+00,1.138027088267001119e+01
1.600500000000000034e+00,1.165721820556306731e+01
1.601399999999999935e+00,1.169932014871651837e+01
1.601799999999999891e+00,1.153987021580474881e+01
1.602700000000000014e+00,1.134872940491392157e+01
1.603199999999999958e+00,1.125023829015568211e+01
1.603699999999999903e+00,1.158775946415735270e+01
1.604100000000000081e+00,1.166411151630119569e+01
1.605199999999999960e+00,1.167258285297578624e+01
1.605699999999999905e+00,1.174593032357378242e+01
1.606100000000000083e+00,1.165677473318345747e+01
1.607099999999999973e+00,1.133257964377003546e+01
1.607599999999999918e+00,1.132213132406070066e+01
1.608100000000000085e+00,1.152436583937016579e+01
1.608600000000000030e+00,1.164753267838222150e+01
1.609499999999999931e+00,1.161126964708278742e+01
1.610000000000000098e+00,1.159220937974924226e+01
1.610400000000000054e+00,1.169839478010379352e+01
1.611299999999999955e+00,1.163793607343462533e+01
1.611799999999999899e+00,1.164344662640082007e+01
1.612300000000000066e+00,1.147610045878248108e+01
1.613199999999999967e+00,1.149297689999192329e+01
1.613599999999999923e+00,1.155545690266178482e+01
1.614200000000000079e+00,1.143728269742548775e+01
1.614700000000000024e+00,1.135071400425134946e+01
1.615599999999999925e+00,1.148208020121622575e+01
1.616100000000000092e+00,1.136118930623033663e+01
1.616600000000000037e+00,1.143167751091311146e+01
1.617599999999999927e+00,1.167604757555890416e+01
1.618100000000000094e+00,1.152660024249937365e+01
1.618500000000000050e+00,1.155782059138825879e+01
1.619399999999999951e+00,1.166435176265781415e+01
1.619899999999999896e+00,1.155740958516246053e+01
1.620400000000000063e+00,1.145165686891090928e+01
1.620800000000000018e+00,1.136777903406186496e+01
1.621799999999999908e+00,1.138033614009644801e+01
1.622700000000000031e+00,1.135366759757029520e+01
1.623099999999999987e+00,1.154747197399429481e+01
1.623599999999999932e+00,1.164152916618525779e+01
1.624500000000000055e+00,1.162555144152846864e+01
1.625000000000000000e+00,1.155294357920895543e+01
1.625399999999999956e+00,1.161681662860548414e+01
1.626400000000000068e+00,1.150345937673562169e+01
1.626900000000000013e+00,1.163125599999614757e+01
1.627399999999999958e+00,1.170545143625916928e+01
1.628400000000000070e+00,1.154759195317036813e+01
1.629000000000000004e+00,1.140973552319842987e+01
1.629499999999999948e+00,1.155330405620122036e+01
1.630500000000000060e+00,1.174307375706579393e+01
1.631000000000000005e+00,1.167162949902830604e+01
1.631499999999999950e+00,1.141473720651026724e+01
1.632400000000000073e+00,1.146979316308620511e+01
1.632800000000000029e+00,1.166135522914783884e+01
1.633699999999999930e+00,1.154684026994051571e+01
1.634200000000000097e+00,1.165797096780902820e+01
1.634600000000000053e+00,1.157265317960256468e+01
1.635000000000000009e+00,1.161296955519688545e+01
1.635899999999999910e+00,1.152064923625770021e+01
1.636400000000000077e+00,1.149036920825682984e+01
1.636900000000000022e+00,1.152655307974797871e+01
1.637799999999999923e+00,1.148092596175809099e+01
1.638200000000000101e+00,1.160382020013860505e+01
1.638700000000000045e+00,1.156709175716768456e+01
1.639699999999999935e+00,1.155247088726880733e+01
1.640200000000000102e+00,1.163302609228987272e+01
1.640700000000000047e+00,1.157024014560414571e+01
1.641499999999999959e+00,1.160080774836144890e+01
1.641999999999999904e+00,1.170341070036776365e+01
1.642900000000000027e+00,1.141556183773277589e+01
1.643399999999999972e+00,1.129206687219138594e+01
1.643899999999999917e+00,1.142957345881092479e+01
1.644300000000000095e+00,1.161046251609422342e+01
1.645399999999999974e+00,1.183539359378494282e+01
1.645899999999999919e+00,1.176178227100313833e+01
1.646900000000000031e+00,1.158881408773421029e+01
1.647299999999999986e+00,1.149624394107806857e+01
1.647699999999999942e+00,1.163788914793166818e+01
1.648200000000000109e+00,1.153521685013558695e+01
1.649000000000000021e+00,1.139147833403477783e+01
1.649499999999999966e+00,1.142755231480540168e+01
1.650400000000000089e+00,1.141785785812299459e+01
1.650800000000000045e+00,1.136661612026808754e+01
1.651299999999999990e+00,1.130556532519884527e+01
1.652300000000000102e+00,1.124549501585658717e+01
1.652800000000000047e+00,1.116682084588926038e+01
1.653299999999999992e+00,1.120867002416207292e+01
1.654300000000000104e+00,1.137306675881015927e+01
1.654700000000000060e+00,1.159418853843739328e+01
1.655299999999999994e+00,1.152869838406231473e+01
1.655799999999999939e+00,1.147974925798877166e+01
1.656700000000000061e+00,1.139300543543753186e+01
1.657200000000000006e+00,1.158459189425570912e+01
1.658099999999999907e+00,1.144705982358239282e+01
1.658700000000000063e+00,1.137485572462733252e+01
1.659100000000000019e+00,1.153967685961106149e+01
1.660099999999999909e+00,1.168293440587443222e+01
1.660500000000000087e+00,1.159788763703711112e+01
1.661000000000000032e+00,1.138057061711458928e+01
1.661499999999999977e+00,1.121584194189624561e+01
1.662400000000000100e+00,1.142389154597904444e+01
1.662900000000000045e+00,1.136277280839983028e+01
1.663399999999999990e+00,1.145210100684606225e+01
1.664299999999999891e+00,1.151963594130003621e+01
1.664700000000000069e+00,1.151765334501378391e+01
1.665200000000000014e+00,1.149881436700826676e+01
1.666099999999999914e+00,1.155068614320888898e+01
1.666600000000000081e+00,1.150265221806093585e+01
1.667000000000000037e+00,1.142148724112364278e+01
1.667499999999999982e+00,1.130707439898086086e+01
1.668500000000000094e+00,1.129357284740308742e+01
1.669100000000000028e+00,1.146487019795213413e+01
1.669499999999999984e+00,1.167772491331494322e+01
1.670299999999999896e+00,1.141570100884890060e+01
1.670800000000000063e+00,1.148584787376057825e+01
1.671300000000000008e+00,1.162754263946495037e+01
1.672199999999999909e+00,1.175040742088459211e+01
1.672700000000000076e+00,1.178684169171758356e+01
1.673200000000000021e+00,1.159494704845737800e+01
1.674199999999999910e+00,1.160210329206106827e+01
1.674700000000000077e+00,1.167098177081574839e+01
1.675599999999999978e+00,1.161958191945049101e+01
1.675999999999999934e+00,1.164800248153307471e+01
1.676500000000000101e+00,1.152319962954293331e+01
1.676900000000000057e+00,1.139239524289878247e+01
1.677699999999999969e+00,1.154678777889770913e+01
1.678299999999999903e+00,1.141199766903945623e+01
1.679200000000000026e+00,1.138329125596128577e+01
1.679699999999999971e+00,1.139002538108752027e+01
1.680199999999999916e+00,1.127473030466642179e+01
1.680700000000000083e+00,1.120105449257276575e+01
1.681699999999999973e+00,1.146043298829355628e+01
1.682199999999999918e+00,1.155211142160623261e+01
1.682700000000000085e+00,1.163961665461626538e+01
1.683599999999999985e+00,1.148919706880999847e+01
1.683999999999999941e+00,1.142724679200719429e+01
1.684399999999999897e+00,1.135124887785899439e+01
1.685300000000000020e+00,1.141249113811306692e+01
1.685699999999999976e+00,1.155899674307224778e+01
1.686199999999999921e+00,1.148510888936890773e+01
1.687100000000000044e+00,1.150247967059009291e+01
1.687599999999999989e+00,1.130889605234905027e+01
1.688099999999999934e+00,1.145699438656008162e+01
1.688499999999999890e+00,1.146693651498359046e+01
1.689500000000000002e+00,1.167424998151931170e+01
1.689899999999999958e+00,1.134578386999178612e+01
1.690399999999999903e+00,1.114503608699206616e+01
1.691400000000000015e+00,1.127760068351279266e+01
1.691699999999999982e+00,1.153406010446656538e+01
1.692199999999999926e+00,1.164450458939522193e+01
1.693200000000000038e+00,1.133428761402202767e+01
1.693799999999999972e+00,1.128377724698742668e+01
1.694199999999999928e+00,1.148394237188105116e+01
1.695200000000000040e+00,1.161196380121147342e+01
1.695699999999999985e+00,1.148512379514094661e+01
1.696199999999999930e+00,1.174100842317902504e+01
1.697100000000000053e+00,1.156737550120077174e+01
1.697599999999999998e+00,1.151426664040302050e+01
1.698499999999999899e+00,1.153729035348340659e+01
1.699000000000000066e+00,1.156142760774532086e+01
1.699400000000000022e+00,1.141875915382525974e+01
1.699899999999999967e+00,1.153766775459494021e+01
