# T (K), dc/c (x 1e-5)
3.045999999999999819e-01,3.907074061223483330e+00
3.047000000000000264e-01,3.907000090913603785e+00
3.048000000000000154e-01,3.911808986564182522e+00
3.049000000000000044e-01,3.909022946410047883e+00
3.049999999999999933e-01,3.921297182637453194e+00
3.050999999999999823e-01,3.931631589128016024e+00
3.052000000000000268e-01,3.914254788942586938e+00
3.053000000000000158e-01,3.904595121037026662e+00
3.054000000000000048e-01,3.904587875384061046e+00
3.054999999999999938e-01,3.885060421832120525e+00
3.055999999999999828e-01,3.875916934527046998e+00
3.057000000000000273e-01,3.874690538373525506e+00
3.058000000000000163e-01,3.877792513716781464e+00
3.059000000000000052e-01,3.882361097525823812e+00
3.059999999999999942e-01,3.887994868539967896e+00
3.060999999999999832e-01,3.889584432602565478e+00
3.062000000000000277e-01,3.903378294175532393e+00
3.063000000000000167e-01,3.914160323986726198e+00
3.064000000000000057e-01,3.909093163242396418e+00
3.064999999999999947e-01,3.905674950995809969e+00
3.065999999999999837e-01,3.902295298917612065e+00
3.066999999999999726e-01,3.893428486397845223e+00
3.068000000000000171e-01,3.882850131112783654e+00
3.069000000000000061e-01,3.882961336380000628e+00
3.069999999999999951e-01,3.885950845118336439e+00
3.070999999999999841e-01,3.879543552928190753e+00
3.071999999999999731e-01,3.873447556926870927e+00
3.073000000000000176e-01,3.870746561752681281e+00
3.074000000000000066e-01,3.868290924299302436e+00
3.074999999999999956e-01,3.865450434713534555e+00
3.075999999999999845e-01,3.871927379236475009e+00
3.076999999999999735e-01,3.875497003699159837e+00
3.078000000000000180e-01,3.880033501703073817e+00
3.079000000000000070e-01,3.888414564093837011e+00
3.079999999999999960e-01,3.889134697904195193e+00
3.080999999999999850e-01,3.882437606835822397e+00
3.081999999999999740e-01,3.878531153057585890e+00
3.083000000000000185e-01,3.872326171293626551e+00
3.084000000000000075e-01,3.869434155067129844e+00
3.084999999999999964e-01,3.870689157089437504e+00
3.085999999999999854e-01,3.877619638296140092e+00
3.086999999999999744e-01,3.880291079870755944e+00
3.088000000000000189e-01,3.879695978187269745e+00
3.089000000000000079e-01,3.879179322961999965e+00
3.089999999999999969e-01,3.882335212311848416e+00
3.090999999999999859e-01,3.880675425199653361e+00
3.091999999999999749e-01,3.884125198377885724e+00
3.093000000000000194e-01,3.896491615588141055e+00
3.094000000000000083e-01,3.899602836340279044e+00
3.094999999999999973e-01,3.903142947095930904e+00
3.095999999999999863e-01,3.905564579785857582e+00
3.096999999999999753e-01,3.905929241433404364e+00
3.098000000000000198e-01,3.900139676694670321e+00
3.099000000000000088e-01,3.896902637959834603e+00
3.099999999999999978e-01,3.887173485254139305e+00
3.100999999999999868e-01,3.885390351751063509e+00
3.101999999999999758e-01,3.885349786724167309e+00
3.103000000000000203e-01,3.884439994353841907e+00
3.104000000000000092e-01,3.886046204043536179e+00
3.104999999999999982e-01,3.904482611462035457e+00
3.105999999999999872e-01,3.920541531069468899e+00
3.106999999999999762e-01,3.936618534762238220e+00
3.108000000000000207e-01,3.951561073470835961e+00
3.109000000000000097e-01,3.950250896761486885e+00
3.109999999999999987e-01,3.935125829926947372e+00
3.110999999999999877e-01,3.922441602174366881e+00
3.111999999999999766e-01,3.905399872777826076e+00
3.113000000000000211e-01,3.895919051432049862e+00
3.114000000000000101e-01,3.899410140960623217e+00
3.114999999999999991e-01,3.904024852839914850e+00
3.115999999999999881e-01,3.904305642071781435e+00
3.116999999999999771e-01,3.905966913103631200e+00
3.118000000000000216e-01,3.900554110781718542e+00
3.119000000000000106e-01,3.898959522657952093e+00
3.119999999999999996e-01,3.894381820915840731e+00
3.120999999999999885e-01,3.894544517438761400e+00
3.121999999999999775e-01,3.894539771936988970e+00
3.123000000000000220e-01,3.895343113925476608e+00
3.124000000000000110e-01,3.896400799375810742e+00
3.125000000000000000e-01,3.903623492801377992e+00
3.125999999999999890e-01,3.906868611952551973e+00
3.126999999999999780e-01,3.912463658067855121e+00
3.128000000000000225e-01,3.916404934857232512e+00
3.129000000000000115e-01,3.913230549311696116e+00
3.130000000000000004e-01,3.906373580541132817e+00
3.130999999999999894e-01,3.899592071608947386e+00
3.131999999999999784e-01,3.888087741578117651e+00
3.133000000000000229e-01,3.884443746592357805e+00
3.134000000000000119e-01,3.888838345019742793e+00
3.135000000000000009e-01,3.894406002221686425e+00
3.135999999999999899e-01,3.898285846107854891e+00
3.136999999999999789e-01,3.904914632405501518e+00
3.138000000000000234e-01,3.907799067021100470e+00
3.139000000000000123e-01,3.904782344189562160e+00
3.140000000000000013e-01,3.902991957257520017e+00
3.141999999999999793e-01,3.901740662274336469e+00
3.143000000000000238e-01,3.900930391872450276e+00
3.145000000000000018e-01,3.895675752788599677e+00
3.145999999999999908e-01,3.895661544509601892e+00
3.148000000000000242e-01,3.896451812001044068e+00
3.149000000000000132e-01,3.895590654691139854e+00
3.151999999999999802e-01,3.893558129511867971e+00
3.154000000000000137e-01,3.896732258129587123e+00
3.158000000000000251e-01,3.901321352913769136e+00
3.160999999999999921e-01,3.916650862615392636e+00
3.168000000000000260e-01,3.933801780301452222e+00
3.173000000000000265e-01,3.950740025623347140e+00
3.185000000000000053e-01,3.966400792693169919e+00
3.191999999999999837e-01,3.974785142880633337e+00
3.212999999999999745e-01,3.966898460329161047e+00
3.225000000000000089e-01,3.961580899524141053e+00
3.256999999999999895e-01,3.963833642569583038e+00
3.276000000000000023e-01,3.963372727139313767e+00
3.323999999999999733e-01,3.967569413040330506e+00
3.351999999999999980e-01,3.975316970582508880e+00
3.417000000000000037e-01,3.970047258813338420e+00
3.452000000000000068e-01,3.971622232937791264e+00
3.526000000000000245e-01,3.976502106722845653e+00
3.563000000000000056e-01,3.979123020013685341e+00
3.635999999999999788e-01,3.983714581913267772e+00
3.670999999999999819e-01,3.996924227219758041e+00
3.740999999999999881e-01,3.997615507719267658e+00
3.774000000000000132e-01,3.987291793768890091e+00
3.837999999999999745e-01,3.991988503687649015e+00
3.869000000000000217e-01,3.983050324357639838e+00
3.926999999999999935e-01,3.989215609044859612e+00
3.955000000000000182e-01,3.998202617542248927e+00
4.007000000000000006e-01,4.014856798145727268e+00
4.032000000000000028e-01,4.018282891004031576e+00
4.079999999999999738e-01,4.033496858174556721e+00
4.102999999999999980e-01,4.039254127031767005e+00
4.146000000000000241e-01,4.032909523269404772e+00
4.168000000000000038e-01,4.034594273657489794e+00
4.208999999999999964e-01,4.039427942402750382e+00
4.228999999999999981e-01,4.041319948123734740e+00
4.268000000000000127e-01,4.036657807028332989e+00
4.288000000000000145e-01,4.045045872066445725e+00
4.326999999999999735e-01,4.047485704300468612e+00
4.345999999999999863e-01,4.045742227724028695e+00
4.364999999999999991e-01,4.047610606180420234e+00
4.404000000000000137e-01,4.055161103065917594e+00
4.421999999999999820e-01,4.061373716285343605e+00
4.460000000000000075e-01,4.066668688728069192e+00
4.477999999999999758e-01,4.074710558711337249e+00
4.514000000000000234e-01,4.094317953863281012e+00
4.531000000000000028e-01,4.110314380526562061e+00
4.565000000000000169e-01,4.121730576848174010e+00
4.581000000000000072e-01,4.139267951223105868e+00
4.606999999999999984e-01,4.152197320300698991e+00
4.607999999999999874e-01,4.151090916234558392e+00
4.608999999999999764e-01,4.149912815906155572e+00
4.610000000000000209e-01,4.153268390049146497e+00
4.611000000000000099e-01,4.148950357633077957e+00
4.612999999999999878e-01,4.161913958217189347e+00
4.613999999999999768e-01,4.175500278041921476e+00
4.615000000000000213e-01,4.175891493399811694e+00
4.616000000000000103e-01,4.185322064155228894e+00
4.616999999999999993e-01,4.183194635619668311e+00
4.617999999999999883e-01,4.179793847013390184e+00
4.618999999999999773e-01,4.165009285571618314e+00
4.620000000000000218e-01,4.178769864816579194e+00
4.621000000000000107e-01,4.167979827321980579e+00
4.621999999999999997e-01,4.174537691942203921e+00
4.622999999999999887e-01,4.165495717541880083e+00
4.623999999999999777e-01,4.165852356478042751e+00
4.626000000000000112e-01,4.156197802797080065e+00
4.627000000000000002e-01,4.153531255121080790e+00
4.628999999999999782e-01,4.151363892311853654e+00
4.630000000000000226e-01,4.150972612467775491e+00
4.632000000000000006e-01,4.154116962123977075e+00
4.632999999999999896e-01,4.153988339367087335e+00
4.633999999999999786e-01,4.162737187026756658e+00
4.635000000000000231e-01,4.162258871133196259e+00
4.637999999999999901e-01,4.158901205720822780e+00
4.640000000000000235e-01,4.161665121532598377e+00
4.643999999999999795e-01,4.165859569685851582e+00
4.646000000000000130e-01,4.170228540928411221e+00
4.647999999999999909e-01,4.162200566691919512e+00
4.650000000000000244e-01,4.165259238283482546e+00
4.652000000000000024e-01,4.166285336942854300e+00
4.652999999999999914e-01,4.169996794484154279e+00
4.653999999999999804e-01,4.171255685559983384e+00
4.655000000000000249e-01,4.182158894011633876e+00
4.657000000000000028e-01,4.189579109107336663e+00
4.658999999999999808e-01,4.196487738367116194e+00
4.662000000000000033e-01,4.190086362231281392e+00
4.663999999999999813e-01,4.187703403401020985e+00
4.666000000000000147e-01,4.204758234588323873e+00
4.667000000000000037e-01,4.201292366609045814e+00
4.668999999999999817e-01,4.204580963643737235e+00
4.671000000000000152e-01,4.205452841529179864e+00
4.672999999999999932e-01,4.212792680985399940e+00
4.673999999999999821e-01,4.205786628185269826e+00
4.677000000000000046e-01,4.208205826777833281e+00
4.678999999999999826e-01,4.207404916826144259e+00
4.682000000000000051e-01,4.205228693731076994e+00
4.683999999999999830e-01,4.192574574725106196e+00
4.687000000000000055e-01,4.194221608385674926e+00
4.689999999999999725e-01,4.188903830567582531e+00
4.692999999999999949e-01,4.190353616583263552e+00
4.694999999999999729e-01,4.184456531327597872e+00
4.696000000000000174e-01,4.188826001948474875e+00
4.697999999999999954e-01,4.187453727760859223e+00
4.698999999999999844e-01,4.195705357735724839e+00
4.703999999999999848e-01,4.189569262761375867e+00
4.704999999999999738e-01,4.201477330750824635e+00
4.706000000000000183e-01,4.202803531309088569e+00
4.707000000000000073e-01,4.187145768884680486e+00
4.708999999999999853e-01,4.185349423345695818e+00
4.709999999999999742e-01,4.186771468671634189e+00
4.714999999999999747e-01,4.191398615062126076e+00
4.716000000000000192e-01,4.183054280705312600e+00
4.718999999999999861e-01,4.198516080785587690e+00
4.724999999999999756e-01,4.192027663963982853e+00
4.727999999999999980e-01,4.194364410031736767e+00
4.728999999999999870e-01,4.182656765413518940e+00
4.732000000000000095e-01,4.188674259765213570e+00
4.736000000000000210e-01,4.191971004628979536e+00
4.737999999999999989e-01,4.193379031759426390e+00
4.738999999999999879e-01,4.186094377879313377e+00
4.741000000000000214e-01,4.189521784504491642e+00
4.742000000000000104e-01,4.188762455908934257e+00
4.742999999999999994e-01,4.187650516879193319e+00
4.744999999999999774e-01,4.189854201624987340e+00
4.749999999999999778e-01,4.202140112264941330e+00
4.752000000000000113e-01,4.200878877841374148e+00
4.753999999999999893e-01,4.213949451993271644e+00
4.754999999999999782e-01,4.203688304954544819e+00
4.761000000000000232e-01,4.206301907706545329e+00
4.762000000000000122e-01,4.209797667712459557e+00
4.764999999999999791e-01,4.208525250145591201e+00
4.766000000000000236e-01,4.192139518387482333e+00
4.768999999999999906e-01,4.206434772603407701e+00
4.773000000000000020e-01,4.206186008141047594e+00
4.776000000000000245e-01,4.193997181637380223e+00
4.779999999999999805e-01,4.201317105895219228e+00
4.783999999999999919e-01,4.206793182678360665e+00
4.787000000000000144e-01,4.195571731039352770e+00
4.788000000000000034e-01,4.200692845478525506e+00
4.789999999999999813e-01,4.197941082376702937e+00
4.796000000000000263e-01,4.202460687746656376e+00
4.797000000000000153e-01,4.202211514815480164e+00
4.799999999999999822e-01,4.209362418884366797e+00
4.801000000000000267e-01,4.208408090472515184e+00
4.808000000000000052e-01,4.212780638982453141e+00
4.808999999999999941e-01,4.204281953498202995e+00
4.811000000000000276e-01,4.201853838109448347e+00
4.813000000000000056e-01,4.197159448947606286e+00
4.818999999999999950e-01,4.209025757150318903e+00
4.819999999999999840e-01,4.202729938004303278e+00
4.823999999999999955e-01,4.222202447951017845e+00
4.830999999999999739e-01,4.222011986011465545e+00
4.832000000000000184e-01,4.213542264140945015e+00
4.834999999999999853e-01,4.214623215225143049e+00
4.835999999999999743e-01,4.210702037784621155e+00
4.842000000000000193e-01,4.211300745197158690e+00
4.843000000000000083e-01,4.227102521462414941e+00
4.843999999999999972e-01,4.236056342360461358e+00
4.845999999999999752e-01,4.220163190232772976e+00
4.848000000000000087e-01,4.239893741732060128e+00
4.852000000000000202e-01,4.235897736378781531e+00
4.853000000000000091e-01,4.237150392446544345e+00
4.853999999999999981e-01,4.243733160541607319e+00
4.858000000000000096e-01,4.256305401958428547e+00
4.859999999999999876e-01,4.257515484752395274e+00
4.863999999999999990e-01,4.242893891238664672e+00
4.865999999999999770e-01,4.245512194785973747e+00
4.869999999999999885e-01,4.237691734462202930e+00
4.872000000000000219e-01,4.224701367169238608e+00
4.873000000000000109e-01,4.211253155083082511e+00
4.875999999999999779e-01,4.230833975972237759e+00
4.880999999999999783e-01,4.215453020538494577e+00
4.883000000000000118e-01,4.212958492016971590e+00
4.884999999999999898e-01,4.235184526785173986e+00
4.889000000000000012e-01,4.230378628350406345e+00
4.893000000000000127e-01,4.233628935604864196e+00
4.897000000000000242e-01,4.236026104916803092e+00
4.900999999999999801e-01,4.235061223875071335e+00
4.904000000000000026e-01,4.235143394958339691e+00
4.909000000000000030e-01,4.236321355691744728e+00
4.909999999999999920e-01,4.235144102627820040e+00
4.912000000000000255e-01,4.226861228632253997e+00
4.913000000000000145e-01,4.248802894281090481e+00
4.915999999999999814e-01,4.233711060480649380e+00
4.920999999999999819e-01,4.232033409045098615e+00
4.924000000000000044e-01,4.228489050784879133e+00
4.924999999999999933e-01,4.239335885268812554e+00
4.925999999999999823e-01,4.214520497364260265e+00
4.927000000000000268e-01,4.227430961866173398e+00
4.933000000000000163e-01,4.228642960265595718e+00
4.934000000000000052e-01,4.228404694045506673e+00
4.934999999999999942e-01,4.231735663119407853e+00
4.937000000000000277e-01,4.254717845170175039e+00
4.939000000000000057e-01,4.247573805099547073e+00
4.940999999999999837e-01,4.271382703139318338e+00
4.946999999999999731e-01,4.265591954143443054e+00
4.948000000000000176e-01,4.261317215402681491e+00
4.949999999999999956e-01,4.260994842500979374e+00
4.951999999999999735e-01,4.262770741502163396e+00
4.954999999999999960e-01,4.259591713994258733e+00
4.958000000000000185e-01,4.258472208199529874e+00
4.959000000000000075e-01,4.262102462359028898e+00
4.961999999999999744e-01,4.259247929468969573e+00
4.963000000000000189e-01,4.243005288268042463e+00
4.966999999999999749e-01,4.245854945347240061e+00
4.969000000000000083e-01,4.244043525954978691e+00
4.969999999999999973e-01,4.254044006865022709e+00
4.973000000000000198e-01,4.250208494916974722e+00
4.979999999999999982e-01,4.267147923110448993e+00
4.980999999999999872e-01,4.267478076588339775e+00
4.983000000000000207e-01,4.258019420076974093e+00
4.984000000000000097e-01,4.238164973399129565e+00
4.988000000000000211e-01,4.247084718816962479e+00
4.989000000000000101e-01,4.252296323449257009e+00
4.991999999999999771e-01,4.248064959909702232e+00
4.995999999999999885e-01,4.251923755002053440e+00
4.996999999999999775e-01,4.267704303061447213e+00
5.000000000000000000e-01,4.258186740430103256e+00
5.000999999999999890e-01,4.242345443613572797e+00
5.002999999999999670e-01,4.246080648012684478e+00
5.003999999999999559e-01,4.261944247548889564e+00
5.004999999999999449e-01,4.264200181934850953e+00
5.007000000000000339e-01,4.267982957312232983e+00
5.008000000000000229e-01,4.281265642979147579e+00
5.010000000000000009e-01,4.273268288302879192e+00
5.010999999999999899e-01,4.257101357291181998e+00
5.013999999999999568e-01,4.259357483354930807e+00
5.016000000000000458e-01,4.248089718722480868e+00
5.018000000000000238e-01,4.245086573225755444e+00
5.019000000000000128e-01,4.247774918247904097e+00
5.020000000000000018e-01,4.257401608346315314e+00
5.020999999999999908e-01,4.253696745072367058e+00
5.021999999999999797e-01,4.259631359752050983e+00
5.024999999999999467e-01,4.251541109224766579e+00
5.026000000000000467e-01,4.242527397620989404e+00
5.028000000000000247e-01,4.248133483953920653e+00
5.029000000000000137e-01,4.250967568973917032e+00
5.030000000000000027e-01,4.258143189920241767e+00
5.030999999999999917e-01,4.271196512871665796e+00
5.034999999999999476e-01,4.281432183351753018e+00
5.039000000000000146e-01,4.283991615053887259e+00
5.046000000000000485e-01,4.284678541449649103e+00
5.050000000000000044e-01,4.287653531463985423e+00
5.056000000000000494e-01,4.291294204205041929e+00
5.060000000000000053e-01,4.298187615069392287e+00
5.067000000000000393e-01,4.301161500411824434e+00
5.070999999999999952e-01,4.303919995950477251e+00
5.078000000000000291e-01,4.313366244591555265e+00
5.080999999999999961e-01,4.317232396807703765e+00
5.084999999999999520e-01,4.319998999448016797e+00
5.090999999999999970e-01,4.322211605612969798e+00
5.094999999999999529e-01,4.326516106186730326e+00
5.101999999999999869e-01,4.322759632126028428e+00
5.104999999999999538e-01,4.317172667985815337e+00
5.110999999999999988e-01,4.310484284973935765e+00
5.114999999999999547e-01,4.290431724108812794e+00
5.120999999999999996e-01,4.282514162831098758e+00
5.124999999999999556e-01,4.278430877361353524e+00
5.131000000000000005e-01,4.279723351160448885e+00
5.133999999999999675e-01,4.287169355884358879e+00
5.141000000000000014e-01,4.310640778427688780e+00
5.143999999999999684e-01,4.310635170247102188e+00
5.150000000000000133e-01,4.307572478653433734e+00
5.153999999999999693e-01,4.313245009400778152e+00
5.160000000000000142e-01,4.314892583291430661e+00
5.162999999999999812e-01,4.315011673544644211e+00
5.169000000000000261e-01,4.327294975489117235e+00
5.171999999999999931e-01,4.327223274546153853e+00
5.178000000000000380e-01,4.316315874389745844e+00
5.181000000000000050e-01,4.316317017479811113e+00
5.187000000000000499e-01,4.319469620507333296e+00
5.190000000000000169e-01,4.317147788092113636e+00
5.195999999999999508e-01,4.326153641448504672e+00
5.199000000000000288e-01,4.333080678636802574e+00
5.203999999999999737e-01,4.331738798771803900e+00
5.208000000000000407e-01,4.326948859091351629e+00
5.212999999999999856e-01,4.328875237730178682e+00
5.215999999999999526e-01,4.332184160266150386e+00
5.219000000000000306e-01,4.326065310168437428e+00
5.223999999999999755e-01,4.317777644716750629e+00
5.227000000000000535e-01,4.308006163989964499e+00
5.230000000000000204e-01,4.300472761723520776e+00
5.234999999999999654e-01,4.290028754899699592e+00
5.238000000000000433e-01,4.294474397509295827e+00
5.241000000000000103e-01,4.308477128137647938e+00
5.245999999999999552e-01,4.326838621423469533e+00
5.249000000000000332e-01,4.340324116739461502e+00
5.253999999999999782e-01,4.347615920264892075e+00
5.256999999999999451e-01,4.361291718287809260e+00
5.262000000000000011e-01,4.367108632629123299e+00
5.263999999999999790e-01,4.368687944283911051e+00
5.269000000000000350e-01,4.353511273101905665e+00
5.272000000000000020e-01,4.360199068215164786e+00
5.276999999999999469e-01,4.356057664657298822e+00
5.279000000000000359e-01,4.349740190091600844e+00
5.283999999999999808e-01,4.345429924147437895e+00
5.286999999999999478e-01,4.359391747951192997e+00
5.291000000000000147e-01,4.348413259908090467e+00
5.292999999999999927e-01,4.341456175048773680e+00
5.296999999999999487e-01,4.336349421086850064e+00
5.300000000000000266e-01,4.326091740377570716e+00
5.303999999999999826e-01,4.315575820953434061e+00
5.305999999999999606e-01,4.312837251226888213e+00
5.308000000000000496e-01,4.309254080013812604e+00
5.312999999999999945e-01,4.306696105159656618e+00
5.314999999999999725e-01,4.309981491091853023e+00
5.319000000000000394e-01,4.313652686128711444e+00
5.321000000000000174e-01,4.322372391650785239e+00
5.325999999999999623e-01,4.337770790424633205e+00
5.328000000000000513e-01,4.339198565767032889e+00
5.330000000000000293e-01,4.346896147743305683e+00
5.334999999999999742e-01,4.355264265240023747e+00
5.336999999999999522e-01,4.362899164099819593e+00
5.341000000000000192e-01,4.358035429564700358e+00
5.343999999999999861e-01,4.355259265470534658e+00
5.348000000000000531e-01,4.351796651417275896e+00
5.350000000000000311e-01,4.340074618943702944e+00
5.354999999999999760e-01,4.327718838678109137e+00
5.356999999999999540e-01,4.320983745510488028e+00
5.361000000000000210e-01,4.323412249606083613e+00
5.362999999999999989e-01,4.317352732122751391e+00
5.366999999999999549e-01,4.332825196978751237e+00
5.369000000000000439e-01,4.346101384812285140e+00
5.373999999999999888e-01,4.352252300646734184e+00
5.375999999999999668e-01,4.361501604369658835e+00
5.380000000000000338e-01,4.365413215600132624e+00
5.382000000000000117e-01,4.363163069819319340e+00
5.385999999999999677e-01,4.364622625815385959e+00
5.387999999999999456e-01,4.371357703915058401e+00
5.392000000000000126e-01,4.376879270763246232e+00
5.393000000000000016e-01,4.388644432217202684e+00
5.396999999999999575e-01,4.394373489512436670e+00
5.399000000000000465e-01,4.398217344231403203e+00
5.403000000000000025e-01,4.403218457457171553e+00
5.404999999999999805e-01,4.410484932381163681e+00
5.409000000000000474e-01,4.415819263935415684e+00
5.411000000000000254e-01,4.418523137833529901e+00
5.415999999999999703e-01,4.429670768869576669e+00
5.416999999999999593e-01,4.440381057165822654e+00
5.422000000000000153e-01,4.445634524222755957e+00
5.423000000000000043e-01,4.450657248508129271e+00
5.426999999999999602e-01,4.455165203868242330e+00
5.429000000000000492e-01,4.439666334591366947e+00
5.433000000000000052e-01,4.433024118707386663e+00
5.434999999999999831e-01,4.425852820307831337e+00
5.439000000000000501e-01,4.419870947905971903e+00
5.441000000000000281e-01,4.416303287685385826e+00
5.443000000000000060e-01,4.422485368292815799e+00
5.446999999999999620e-01,4.417918278488698114e+00
5.447999999999999510e-01,4.418872107597726639e+00
5.452000000000000179e-01,4.418146021304417914e+00
5.453999999999999959e-01,4.415182131983774738e+00
5.457999999999999519e-01,4.416629170406194405e+00
5.460000000000000409e-01,4.421292568580482474e+00
5.462000000000000188e-01,4.421524791146106637e+00
5.465999999999999748e-01,4.422765490404991340e+00
5.467999999999999527e-01,4.415865547436893301e+00
5.471000000000000307e-01,4.403800296203240983e+00
5.473000000000000087e-01,4.388575789494587376e+00
5.476999999999999647e-01,4.374818161129168104e+00
5.479000000000000536e-01,4.359245171866589885e+00
5.483000000000000096e-01,4.351334653626139470e+00
5.484999999999999876e-01,4.346503826994089437e+00
5.489000000000000545e-01,4.351572004795967175e+00
5.490000000000000435e-01,4.354840422301499814e+00
5.493999999999999995e-01,4.360751143871465452e+00
5.495999999999999774e-01,4.366189396652896626e+00
5.500000000000000444e-01,4.375096426029179142e+00
5.502000000000000224e-01,4.375413679137408529e+00
5.505999999999999783e-01,4.377444645026207226e+00
5.507999999999999563e-01,4.391076381499159353e+00
5.512000000000000233e-01,4.398096461829538839e+00
5.514000000000000012e-01,4.403485068696925353e+00
5.516999999999999682e-01,4.416539008279541711e+00
5.518999999999999462e-01,4.428948657361210905e+00
5.523000000000000131e-01,4.427610609950564324e+00
5.524999999999999911e-01,4.433760401773012561e+00
5.528999999999999471e-01,4.428440387805877343e+00
5.531000000000000361e-01,4.414332026979605139e+00
5.534999999999999920e-01,4.399783724337027024e+00
5.536999999999999700e-01,4.383409508957881506e+00
5.541000000000000369e-01,4.368575025929247957e+00
5.543000000000000149e-01,4.362906610876348346e+00
5.544999999999999929e-01,4.360435368607753048e+00
5.548999999999999488e-01,4.359767892333501038e+00
5.551000000000000378e-01,4.364076630624102116e+00
5.554999999999999938e-01,4.368374778022102944e+00
5.556999999999999718e-01,4.376480711955067271e+00
5.561000000000000387e-01,4.383111779818763765e+00
5.563000000000000167e-01,4.388616286571389580e+00
5.566999999999999726e-01,4.391341212323096599e+00
5.568999999999999506e-01,4.391942886020631320e+00
5.573000000000000176e-01,4.387689724548725856e+00
5.574999999999999956e-01,4.384480427667148739e+00
5.578999999999999515e-01,4.387987369501854751e+00
5.581000000000000405e-01,4.395320871494192261e+00
5.584999999999999964e-01,4.402056544855481590e+00
5.586999999999999744e-01,4.410711338963534622e+00
5.591000000000000414e-01,4.417458596400747339e+00
5.593000000000000194e-01,4.415020911404667459e+00
5.594999999999999973e-01,4.412862018353668425e+00
5.598999999999999533e-01,4.409713010188331062e+00
5.601000000000000423e-01,4.408258368625571855e+00
5.604999999999999982e-01,4.416722432253327391e+00
5.606999999999999762e-01,4.416156902359302805e+00
5.608999999999999542e-01,4.418219424885406532e+00
5.613000000000000211e-01,4.425139337919107518e+00
5.614999999999999991e-01,4.430944114387492583e+00
5.620000000000000551e-01,4.423202776776546941e+00
5.622000000000000330e-01,4.427086265316185987e+00
5.625999999999999890e-01,4.428940118849088670e+00
5.627999999999999670e-01,4.429595685552235373e+00
5.632000000000000339e-01,4.428284491105884513e+00
5.634000000000000119e-01,4.432788943428136008e+00
5.638999999999999568e-01,4.436089193505799777e+00
5.641000000000000458e-01,4.431998179587059106e+00
5.645000000000000018e-01,4.430966580225569551e+00
5.646999999999999797e-01,4.430952957886759691e+00
5.648999999999999577e-01,4.424092741864841472e+00
5.653000000000000247e-01,4.426007369197072272e+00
5.655000000000000027e-01,4.424292511239213077e+00
5.656999999999999806e-01,4.420541493813660239e+00
5.661000000000000476e-01,4.415453648646264995e+00
5.663000000000000256e-01,4.413632899885611138e+00
5.667999999999999705e-01,4.406418827044292996e+00
5.669999999999999485e-01,4.405936103800688564e+00
5.674000000000000155e-01,4.404702546255689022e+00
5.675999999999999934e-01,4.413704233913184893e+00
5.681000000000000494e-01,4.419864250876370804e+00
5.683000000000000274e-01,4.427208368963376550e+00
5.686999999999999833e-01,4.437860216136572333e+00
5.689999999999999503e-01,4.447167981685984373e+00
5.694000000000000172e-01,4.451163032251907126e+00
5.695999999999999952e-01,4.457507982030817217e+00
5.701000000000000512e-01,4.456850200499355097e+00
5.703000000000000291e-01,4.452701358940162280e+00
5.706999999999999851e-01,4.449970869563335540e+00
5.708999999999999631e-01,4.437936062128277293e+00
5.714000000000000190e-01,4.428277268683224577e+00
5.715999999999999970e-01,4.421605137897580917e+00
5.719999999999999529e-01,4.431501135852004225e+00
5.723000000000000309e-01,4.429034389342723976e+00
5.726999999999999869e-01,4.431759726312160197e+00
5.728999999999999648e-01,4.431064053486146292e+00
5.733000000000000318e-01,4.431307286919540900e+00
5.735000000000000098e-01,4.425271530247300689e+00
5.739999999999999547e-01,4.427975186399590868e+00
5.742000000000000437e-01,4.433698667395403525e+00
5.745999999999999996e-01,4.444386182663741636e+00
5.748999999999999666e-01,4.454521644555732962e+00
5.753000000000000336e-01,4.455850715560098152e+00
5.756000000000000005e-01,4.455270074882333731e+00
5.759999999999999565e-01,4.455498591070527148e+00
5.763000000000000345e-01,4.452378683413861893e+00
5.766999999999999904e-01,4.449225665567048793e+00
5.768999999999999684e-01,4.445611685016670478e+00
5.774000000000000243e-01,4.447667356440867081e+00
5.776000000000000023e-01,4.449523066848428243e+00
5.779999999999999583e-01,4.459892452229885507e+00
5.783000000000000362e-01,4.462987975667465079e+00
5.787999999999999812e-01,4.475624493028852235e+00
5.789999999999999591e-01,4.484242927244030952e+00
5.794000000000000261e-01,4.491018882569753679e+00
5.796000000000000041e-01,4.491110063912232775e+00
5.800999999999999490e-01,4.500630651976811336e+00
5.803000000000000380e-01,4.498607430373228411e+00
5.806999999999999940e-01,4.499438811839118202e+00
5.809999999999999609e-01,4.500393292276031687e+00
5.814000000000000279e-01,4.505393764201452100e+00
5.816999999999999948e-01,4.507659477320791197e+00
5.822000000000000508e-01,4.509918076774923179e+00
5.824000000000000288e-01,4.507285309783836347e+00
5.828999999999999737e-01,4.503638970606573366e+00
5.830999999999999517e-01,4.501894403755594354e+00
5.836000000000000076e-01,4.502665968154629716e+00
5.837999999999999856e-01,4.496267161034904980e+00
5.842000000000000526e-01,4.506170993682227177e+00
5.845000000000000195e-01,4.505955342647415485e+00
5.848999999999999755e-01,4.500969912658582039e+00
5.852000000000000535e-01,4.497230892285263515e+00
5.856000000000000094e-01,4.502831505094341047e+00
5.858999999999999764e-01,4.505609858108662102e+00
5.860999999999999543e-01,4.518202210140875863e+00
5.866000000000000103e-01,4.531388676912721181e+00
5.867999999999999883e-01,4.540162764480330182e+00
5.872000000000000552e-01,4.547405644207414888e+00
5.875000000000000222e-01,4.533579062563356743e+00
5.878999999999999782e-01,4.533029800447564206e+00
5.881999999999999451e-01,4.517435623031530234e+00
5.884000000000000341e-01,4.503597766606363351e+00
5.888999999999999790e-01,4.492445783189636721e+00
5.891999999999999460e-01,4.501086025133772317e+00
5.894000000000000350e-01,4.498442529546901270e+00
5.898999999999999799e-01,4.509591269136192793e+00
5.900999999999999579e-01,4.523186857164907870e+00
5.906000000000000139e-01,4.537324558414603359e+00
5.907999999999999918e-01,4.534687988367870126e+00
5.913000000000000478e-01,4.538715360830058998e+00
5.915000000000000258e-01,4.541762360358307049e+00
5.919999999999999707e-01,4.544755515180077587e+00
5.923000000000000487e-01,4.554238571351509002e+00
5.927000000000000046e-01,4.568952205609156714e+00
5.929999999999999716e-01,4.575892865393837994e+00
5.935000000000000275e-01,4.581998539502366796e+00
5.937000000000000055e-01,4.586669964127269239e+00
5.941999999999999504e-01,4.582590888534409324e+00
5.945000000000000284e-01,4.582464674020015671e+00
5.948999999999999844e-01,4.577983099326445426e+00
5.951999999999999513e-01,4.574451958555547648e+00
5.956000000000000183e-01,4.575181341358590892e+00
5.958999999999999853e-01,4.576928604697053871e+00
5.963000000000000522e-01,4.576540854469570263e+00
5.965000000000000302e-01,4.580483327097927493e+00
5.969999999999999751e-01,4.585390935324396011e+00
5.971999999999999531e-01,4.585746543196434821e+00
5.977000000000000091e-01,4.588594240474420438e+00
5.978999999999999870e-01,4.594870758739544314e+00
5.984000000000000430e-01,4.596285927068734622e+00
5.987000000000000099e-01,4.592522753829044291e+00
5.990999999999999659e-01,4.586870340806959767e+00
5.994000000000000439e-01,4.574965012434930145e+00
5.997999999999999998e-01,4.563613843461267194e+00
5.999999999999999778e-01,4.557442170137758986e+00
6.005000000000000338e-01,4.557858884658428700e+00
6.007000000000000117e-01,4.560139809502985031e+00
6.011999999999999567e-01,4.565827567176716784e+00
6.015000000000000346e-01,4.571012284858565700e+00
6.018999999999999906e-01,4.574354758249969066e+00
6.021999999999999575e-01,4.576013719138628311e+00
6.026000000000000245e-01,4.575904938145528789e+00
6.028999999999999915e-01,4.577032024907225605e+00
6.032999999999999474e-01,4.568260957181768056e+00
6.036000000000000254e-01,4.562283687435940926e+00
6.039999999999999813e-01,4.556543112389511485e+00
6.042999999999999483e-01,4.552803081397938101e+00
6.047000000000000153e-01,4.554405040048115971e+00
6.049999999999999822e-01,4.566615681004252636e+00
6.051999999999999602e-01,4.581535645419298142e+00
6.056000000000000272e-01,4.598373627499045213e+00
6.060999999999999721e-01,4.616178202042630296e+00
6.062999999999999501e-01,4.624954711091033843e+00
6.067000000000000171e-01,4.629030349766471097e+00
6.069999999999999840e-01,4.621640201255553748e+00
6.074000000000000510e-01,4.611658325138768610e+00
6.077000000000000179e-01,4.598060465518251760e+00
6.080999999999999739e-01,4.587225168121159768e+00
6.082999999999999519e-01,4.589315175124175639e+00
6.088000000000000078e-01,4.584834299982133210e+00
6.089999999999999858e-01,4.591694570400540520e+00
6.094000000000000528e-01,4.594563954166689612e+00
6.097000000000000197e-01,4.596727823419355374e+00
6.101999999999999647e-01,4.588567020417103848e+00
6.104000000000000536e-01,4.594582230782462418e+00
6.108999999999999986e-01,4.588939145854230794e+00
6.110999999999999766e-01,4.588101808596924513e+00
6.116000000000000325e-01,4.588985087184972222e+00
6.118000000000000105e-01,4.590309812687600299e+00
6.122999999999999554e-01,4.587372053789230186e+00
6.125000000000000444e-01,4.584157838859458600e+00
6.129000000000000004e-01,4.578853425719620951e+00
6.131999999999999673e-01,4.573366074555051064e+00
6.136000000000000343e-01,4.570535929063760605e+00
6.138000000000000123e-01,4.571945788461873050e+00
6.142999999999999572e-01,4.575031126522469904e+00
6.145000000000000462e-01,4.581955024111076469e+00
6.149999999999999911e-01,4.597214464666658174e+00
6.151999999999999691e-01,4.610272933079916591e+00
6.157000000000000250e-01,4.620132331257798874e+00
6.159000000000000030e-01,4.628327863355209182e+00
6.162999999999999590e-01,4.637038350322479019e+00
6.166000000000000369e-01,4.633780151971357952e+00
6.169999999999999929e-01,4.617785972554910856e+00
6.171999999999999709e-01,4.606000900427844158e+00
6.177000000000000268e-01,4.592824248254027353e+00
6.179000000000000048e-01,4.576878097098949993e+00
6.183999999999999497e-01,4.572560482162256967e+00
6.186000000000000387e-01,4.588419737888704830e+00
6.189999999999999947e-01,4.588689381902489650e+00
6.192999999999999616e-01,4.592137472044790059e+00
6.197000000000000286e-01,4.607488308899787555e+00
6.199000000000000066e-01,4.613681131732105811e+00
6.203999999999999515e-01,4.617332408621836137e+00
6.206000000000000405e-01,4.635937073594887714e+00
6.210999999999999854e-01,4.653907986001959429e+00
6.212999999999999634e-01,4.662279281574254419e+00
6.217000000000000304e-01,4.657764689403043334e+00
6.219999999999999973e-01,4.647643413949746005e+00
6.225000000000000533e-01,4.634919071703217597e+00
6.227000000000000313e-01,4.620569886716331176e+00
6.230999999999999872e-01,4.608706181205015184e+00
6.232999999999999652e-01,4.614398620902406378e+00
6.238000000000000211e-01,4.620219772618618492e+00
6.239999999999999991e-01,4.624653252730540842e+00
6.243999999999999551e-01,4.627805174276526046e+00
6.246000000000000441e-01,4.630814541565223763e+00
6.250999999999999890e-01,4.632504646900903467e+00
6.252999999999999670e-01,4.634479632569243002e+00
6.258000000000000229e-01,4.637435660738154830e+00
6.260000000000000009e-01,4.647438616810494416e+00
6.264999999999999458e-01,4.652048424519383829e+00
6.267000000000000348e-01,4.652560421293251203e+00
6.269000000000000128e-01,4.646869412935352273e+00
6.273999999999999577e-01,4.647278081194584409e+00
6.276000000000000467e-01,4.641181898649152870e+00
6.280999999999999917e-01,4.639599749117762073e+00
6.282999999999999696e-01,4.635098565025641548e+00
6.287000000000000366e-01,4.632226871782441968e+00
6.289000000000000146e-01,4.625053642220988692e+00
6.293999999999999595e-01,4.622504599741676046e+00
6.296000000000000485e-01,4.619566072799896617e+00
6.300000000000000044e-01,4.626843440450615574e+00
6.302999999999999714e-01,4.636979986399891729e+00
6.307000000000000384e-01,4.660458150168578229e+00
6.309000000000000163e-01,4.677049873763605703e+00
6.313999999999999613e-01,4.683113730922231710e+00
6.316000000000000503e-01,4.683313290788638561e+00
6.320000000000000062e-01,4.690389859763889113e+00
6.321999999999999842e-01,4.686529168170807225e+00
6.327000000000000401e-01,4.682242703898388925e+00
6.329000000000000181e-01,4.682847346580975234e+00
6.332999999999999741e-01,4.684387570715877303e+00
6.334999999999999520e-01,4.681733892456522383e+00
6.340000000000000080e-01,4.673689937030323982e+00
6.341999999999999860e-01,4.666208830558240095e+00
6.346000000000000529e-01,4.659734538122741299e+00
6.349000000000000199e-01,4.657559305111248271e+00
6.352999999999999758e-01,4.653318823953921601e+00
6.354999999999999538e-01,4.652643599961647780e+00
6.360000000000000098e-01,4.658176680861770613e+00
6.361999999999999877e-01,4.662300408536657059e+00
6.366000000000000547e-01,4.665070718589125143e+00
6.368000000000000327e-01,4.668327544082861991e+00
6.372999999999999776e-01,4.673263324818100806e+00
6.374999999999999556e-01,4.676305831926576673e+00
6.379000000000000226e-01,4.688769933544058688e+00
6.381999999999999895e-01,4.697070207261289987e+00
6.385999999999999455e-01,4.703894967822419559e+00
6.388000000000000345e-01,4.708381731702852235e+00
6.392999999999999794e-01,4.713694178229980380e+00
6.394999999999999574e-01,4.712073557845420702e+00
6.400000000000000133e-01,4.712202350168896103e+00
6.401999999999999913e-01,4.709921366207180604e+00
6.405999999999999472e-01,4.709211292531768400e+00
6.408000000000000362e-01,4.706825139891849474e+00
6.412999999999999812e-01,4.706982063028552155e+00
6.414999999999999591e-01,4.706688189543006828e+00
6.419000000000000261e-01,4.705196214825901002e+00
6.421999999999999931e-01,4.700260188837956044e+00
6.425999999999999490e-01,4.697641260830164534e+00
6.429000000000000270e-01,4.695657961767407684e+00
6.432999999999999829e-01,4.693495316930861527e+00
6.434999999999999609e-01,4.695109696170042923e+00
6.437000000000000499e-01,4.696196960595199421e+00
6.441999999999999948e-01,4.693481978094164120e+00
6.443999999999999728e-01,4.688597053416066807e+00
6.448000000000000398e-01,4.685368557243440257e+00
6.450000000000000178e-01,4.688213997295910040e+00
6.454999999999999627e-01,4.695047495822946004e+00
6.457000000000000517e-01,4.711108347644766603e+00
6.461000000000000076e-01,4.721626137879077589e+00
6.463999999999999746e-01,4.729792175103277430e+00
6.468000000000000416e-01,4.730669784284161850e+00
6.470000000000000195e-01,4.731213040879426401e+00
6.471999999999999975e-01,4.722978447996295515e+00
6.477000000000000535e-01,4.723047181206531775e+00
6.479000000000000314e-01,4.723161167644599701e+00
6.482999999999999874e-01,4.727849213453927391e+00
6.484999999999999654e-01,4.725427620967393771e+00
6.490000000000000213e-01,4.727239398473193965e+00
6.491999999999999993e-01,4.726803969260510385e+00
6.494999999999999662e-01,4.731556088496404300e+00
6.499000000000000332e-01,4.731868946258323660e+00
6.501000000000000112e-01,4.740495363021458353e+00
6.505999999999999561e-01,4.746167010986072299e+00
6.508000000000000451e-01,4.749741302955134081e+00
6.512999999999999901e-01,4.748022593620282450e+00
6.514999999999999680e-01,4.747326077491064389e+00
6.519000000000000350e-01,4.747925131022291190e+00
6.522000000000000020e-01,4.748479132329343599e+00
6.525999999999999579e-01,4.755207139787168913e+00
6.528000000000000469e-01,4.760518103127388656e+00
6.532000000000000028e-01,4.764883940756582170e+00
6.534999999999999698e-01,4.767301117295511759e+00
6.539000000000000368e-01,4.769787034687445804e+00
6.541000000000000147e-01,4.767754152273928625e+00
6.545999999999999597e-01,4.762825489884603414e+00
6.548000000000000487e-01,4.760329334353442299e+00
6.552000000000000046e-01,4.756245656180047909e+00
6.553999999999999826e-01,4.753801699964866678e+00
6.559000000000000385e-01,4.753626761985209725e+00
6.561000000000000165e-01,4.755558306127619872e+00
6.565999999999999615e-01,4.753265366840285999e+00
6.571000000000000174e-01,4.756790530117131155e+00
6.572999999999999954e-01,4.756973172738155675e+00
6.576999999999999513e-01,4.755653263955884391e+00
6.580000000000000293e-01,4.756306785144161609e+00
6.583999999999999853e-01,4.768707325187860668e+00
6.586999999999999522e-01,4.773065027640076785e+00
6.592000000000000082e-01,4.778010481197857651e+00
6.593999999999999861e-01,4.785491258764152711e+00
6.599000000000000421e-01,4.788286984259705115e+00
6.601000000000000201e-01,4.782876488506059509e+00
6.604999999999999760e-01,4.779641160358450769e+00
6.606999999999999540e-01,4.783170390830759011e+00
6.611000000000000210e-01,4.779199544090450225e+00
6.612999999999999989e-01,4.779794793660087748e+00
6.618000000000000549e-01,4.780752869163466201e+00
6.620000000000000329e-01,4.779958619439695688e+00
6.623999999999999888e-01,4.775142904848154402e+00
6.625999999999999668e-01,4.777093605746741467e+00
6.630000000000000338e-01,4.781128215171071894e+00
6.633000000000000007e-01,4.780584756644003619e+00
6.636999999999999567e-01,4.782779299911110726e+00
6.640000000000000346e-01,4.787201002586226828e+00
6.644999999999999796e-01,4.791325955343372023e+00
6.646999999999999575e-01,4.791815919297226500e+00
6.652000000000000135e-01,4.796710223934356421e+00
6.653999999999999915e-01,4.803228064064190228e+00
6.657999999999999474e-01,4.806941291274346995e+00
6.661000000000000254e-01,4.808220991140425227e+00
6.664999999999999813e-01,4.817950528658299980e+00
6.666999999999999593e-01,4.825297107692306575e+00
6.671000000000000263e-01,4.831147736771289836e+00
6.673000000000000043e-01,4.834288945371190138e+00
6.677999999999999492e-01,4.838675352613063474e+00
6.680000000000000382e-01,4.834528881308974846e+00
6.684999999999999831e-01,4.832807121671892858e+00
6.686999999999999611e-01,4.834308269242582945e+00
6.692000000000000171e-01,4.834899810525207009e+00
6.693999999999999950e-01,4.833776299352222416e+00
6.699000000000000510e-01,4.836409626317593968e+00
6.701000000000000290e-01,4.839757451134961919e+00
6.705999999999999739e-01,4.842282783389383560e+00
6.707999999999999519e-01,4.852944992878027719e+00
6.713000000000000078e-01,4.860838865557994382e+00
6.714999999999999858e-01,4.866091019576360921e+00
6.719000000000000528e-01,4.868356330883782945e+00
6.722000000000000197e-01,4.869051121886291966e+00
6.725999999999999757e-01,4.861603514701997142e+00
6.727999999999999536e-01,4.861397742778050812e+00
6.733000000000000096e-01,4.864340777647194969e+00
6.734999999999999876e-01,4.868967187711127131e+00
6.740000000000000435e-01,4.869791161564717363e+00
6.742000000000000215e-01,4.872627116035975980e+00
6.745999999999999774e-01,4.873759205591409405e+00
6.747999999999999554e-01,4.870597661680301727e+00
6.753000000000000114e-01,4.870452250606006395e+00
6.754999999999999893e-01,4.873770166006211824e+00
6.758999999999999453e-01,4.879110517158613547e+00
6.762000000000000233e-01,4.884081327668489791e+00
6.765999999999999792e-01,4.890404637655223041e+00
6.768999999999999462e-01,4.889226061702837356e+00
6.773000000000000131e-01,4.886454621181316682e+00
6.774999999999999911e-01,4.878517323477773004e+00
6.780000000000000471e-01,4.876945588988546021e+00
6.782000000000000250e-01,4.875316450120292799e+00
6.786999999999999700e-01,4.878885528410982886e+00
6.788999999999999480e-01,4.883781509569252499e+00
6.793000000000000149e-01,4.893276681702253939e+00
6.795999999999999819e-01,4.894246150665137129e+00
6.800000000000000488e-01,4.898091758905877668e+00
6.802000000000000268e-01,4.899282968796604187e+00
6.806999999999999718e-01,4.899541420358980659e+00
6.808999999999999497e-01,4.901174095069961822e+00
6.813000000000000167e-01,4.905570716403630627e+00
6.814999999999999947e-01,4.907846836607056673e+00
6.820000000000000506e-01,4.909389059738479055e+00
6.822000000000000286e-01,4.911833876283246525e+00
6.824000000000000066e-01,4.917216583243399164e+00
6.828999999999999515e-01,4.920202267316708955e+00
6.831000000000000405e-01,4.922043585712247094e+00
6.834999999999999964e-01,4.928482734877225546e+00
6.837999999999999634e-01,4.930894093225780317e+00
6.842000000000000304e-01,4.925606638978008434e+00
6.844999999999999973e-01,4.932615228424585219e+00
6.846999999999999753e-01,4.933437303508149796e+00
6.852000000000000313e-01,4.929886553800555404e+00
6.854000000000000092e-01,4.929927150286727233e+00
6.855999999999999872e-01,4.932897139883209547e+00
6.861000000000000432e-01,4.923570336748953835e+00
6.863000000000000211e-01,4.920060214502752771e+00
6.867999999999999661e-01,4.921623081898251151e+00
6.870000000000000551e-01,4.922226870761602591e+00
6.874000000000000110e-01,4.922155166505739032e+00
6.875999999999999890e-01,4.921121860855802943e+00
6.881000000000000449e-01,4.921930605682466542e+00
6.883000000000000229e-01,4.920355218004381470e+00
6.887999999999999678e-01,4.920228626293932983e+00
6.889999999999999458e-01,4.920451230420178845e+00
6.895000000000000018e-01,4.921623516972450041e+00
6.896999999999999797e-01,4.926974463982381813e+00
6.901000000000000467e-01,4.932017596755990496e+00
6.904000000000000137e-01,4.935509073383803624e+00
6.907999999999999696e-01,4.941363635996287584e+00
6.909999999999999476e-01,4.950307595729118937e+00
6.915000000000000036e-01,4.949566301551969971e+00
6.916999999999999815e-01,4.946970129225957358e+00
6.921000000000000485e-01,4.946054541700163121e+00
6.923000000000000265e-01,4.942415728249605955e+00
6.925999999999999934e-01,4.941196723237119670e+00
6.929999999999999494e-01,4.946372512230071905e+00
6.935000000000000053e-01,4.954211727116187625e+00
6.936999999999999833e-01,4.961107419337862368e+00
6.942000000000000393e-01,4.965371797841514834e+00
6.944000000000000172e-01,4.965221980784972899e+00
6.945999999999999952e-01,4.959498734787850083e+00
6.949999999999999512e-01,4.955407985488550437e+00
6.953000000000000291e-01,4.952139134076775306e+00
6.956999999999999851e-01,4.954356489620396431e+00
6.958999999999999631e-01,4.955327125472086536e+00
6.964000000000000190e-01,4.958532154984983897e+00
6.965999999999999970e-01,4.957908035970739036e+00
6.969999999999999529e-01,4.954949823304799494e+00
6.972000000000000419e-01,4.956887861981009280e+00
6.976999999999999869e-01,4.964350909489882113e+00
6.978999999999999648e-01,4.974307550219546847e+00
6.984000000000000208e-01,4.984780775431075561e+00
6.986999999999999877e-01,4.993397838414236567e+00
6.991000000000000547e-01,4.997339999158746160e+00
6.993000000000000327e-01,4.996701612934860925e+00
6.995999999999999996e-01,4.997069240183506622e+00
6.999999999999999556e-01,5.000901935375834384e+00
7.002000000000000446e-01,5.009297428578697975e+00
7.004000000000000226e-01,5.015023225291015407e+00
7.008999999999999675e-01,5.018803172135433144e+00
7.010999999999999455e-01,5.021805479582530651e+00
7.016000000000000014e-01,5.020072327058814565e+00
7.017999999999999794e-01,5.019428571574336750e+00
7.019999999999999574e-01,5.014776111370581546e+00
7.024000000000000243e-01,5.011332726424511996e+00
7.026000000000000023e-01,5.007224886525166951e+00
7.030999999999999472e-01,5.005742376796852078e+00
7.033000000000000362e-01,5.005165308621386089e+00
7.037999999999999812e-01,5.009229062643562713e+00
7.039999999999999591e-01,5.012798666149676841e+00
7.044000000000000261e-01,5.018702537914478512e+00
7.046000000000000041e-01,5.024947893054191539e+00
7.048999999999999710e-01,5.027441698864933528e+00
7.053000000000000380e-01,5.030797199448992174e+00
7.055000000000000160e-01,5.038736553085731096e+00
7.057999999999999829e-01,5.043563647765258118e+00
7.062000000000000499e-01,5.053620551643823511e+00
7.065000000000000169e-01,5.063315281489400022e+00
7.066999999999999948e-01,5.075076649520005923e+00
7.072000000000000508e-01,5.081614710057414719e+00
7.074000000000000288e-01,5.084666059936850502e+00
7.076000000000000068e-01,5.082448484813319567e+00
7.080999999999999517e-01,5.079155922488309827e+00
7.083000000000000407e-01,5.069420678743830067e+00
7.086000000000000076e-01,5.062287280311884352e+00
7.089999999999999636e-01,5.059160936186083646e+00
7.092000000000000526e-01,5.049864539991011370e+00
7.095000000000000195e-01,5.043421047935537693e+00
7.098999999999999755e-01,5.044647662731937210e+00
7.100999999999999535e-01,5.044387529368199452e+00
7.104000000000000314e-01,5.049709148442494744e+00
7.107999999999999874e-01,5.064936721675960207e+00
7.110999999999999543e-01,5.079754448885644535e+00
7.115000000000000213e-01,5.091854041235912121e+00
7.116999999999999993e-01,5.100322579915106402e+00
7.118999999999999773e-01,5.104487900567947989e+00
7.124000000000000332e-01,5.104271697428110599e+00
7.126000000000000112e-01,5.101125542749106678e+00
7.129999999999999671e-01,5.097266139694191622e+00
7.133000000000000451e-01,5.096560757337224246e+00
7.135000000000000231e-01,5.099813685655041340e+00
7.138999999999999790e-01,5.100819659168424280e+00
7.141999999999999460e-01,5.104203993048232135e+00
7.146000000000000130e-01,5.106621794873648312e+00
7.147999999999999909e-01,5.106257160497618131e+00
7.153000000000000469e-01,5.098340213808286947e+00
7.155000000000000249e-01,5.094993338728982302e+00
7.157000000000000028e-01,5.092489831145520895e+00
7.161999999999999478e-01,5.088582534366063115e+00
7.164000000000000368e-01,5.092087710386607569e+00
7.166000000000000147e-01,5.103709288180048098e+00
7.170999999999999597e-01,5.115411040071963455e+00
7.173000000000000487e-01,5.124513843409729930e+00
7.175000000000000266e-01,5.134572117121427581e+00
7.179999999999999716e-01,5.138660041071886120e+00
7.181999999999999496e-01,5.139542127569063368e+00
7.185000000000000275e-01,5.139369613224033628e+00
7.188999999999999835e-01,5.138300794408360517e+00
7.190999999999999615e-01,5.138911921543921402e+00
7.194000000000000394e-01,5.137547252219708760e+00
7.197999999999999954e-01,5.138914180417012645e+00
7.199999999999999734e-01,5.143661808387767209e+00
7.201999999999999513e-01,5.149717153812849446e+00
7.207000000000000073e-01,5.155639020747448065e+00
7.208999999999999853e-01,5.169347471704059060e+00
7.213000000000000522e-01,5.174964466826415865e+00
7.215000000000000302e-01,5.180293173697727127e+00
7.217999999999999972e-01,5.187241158676191510e+00
7.221999999999999531e-01,5.194730645209367559e+00
7.224000000000000421e-01,5.196170493796396173e+00
7.226000000000000201e-01,5.198520715324898234e+00
7.230999999999999650e-01,5.191359425688046869e+00
7.234000000000000430e-01,5.186074321484880123e+00
7.236000000000000210e-01,5.182273271800989178e+00
7.239999999999999769e-01,5.183036029005050338e+00
7.243000000000000549e-01,5.185578977492390607e+00
7.247000000000000108e-01,5.192434145219194441e+00
7.249999999999999778e-01,5.197538879414542734e+00
7.251999999999999558e-01,5.197496405563440725e+00
7.256000000000000227e-01,5.196959955416913246e+00
7.258999999999999897e-01,5.192967899855240432e+00
7.262999999999999456e-01,5.187877390570031721e+00
7.266000000000000236e-01,5.183381881738172936e+00
7.268000000000000016e-01,5.181108571185034428e+00
7.271999999999999575e-01,5.177712581646567003e+00
7.274000000000000465e-01,5.182168181153693709e+00
7.277000000000000135e-01,5.191425046903176188e+00
7.280999999999999694e-01,5.199592788963648182e+00
7.282999999999999474e-01,5.208601926017799144e+00
7.286000000000000254e-01,5.218253548301411193e+00
7.289999999999999813e-01,5.226721674461698441e+00
7.292999999999999483e-01,5.231917071685243670e+00
7.295000000000000373e-01,5.238689138445943527e+00
7.298999999999999932e-01,5.251133427636167639e+00
7.301999999999999602e-01,5.263344892701970146e+00
7.306000000000000272e-01,5.274005231624689038e+00
7.308000000000000052e-01,5.280397183623499302e+00
7.311999999999999611e-01,5.286457026215662935e+00
7.314000000000000501e-01,5.284869779539349111e+00
7.317000000000000171e-01,5.282478653175772365e+00
7.320999999999999730e-01,5.277060703713366330e+00
7.322999999999999510e-01,5.277051656474855079e+00
7.328000000000000069e-01,5.271515557619954606e+00
7.329999999999999849e-01,5.266639547890639150e+00
7.335000000000000409e-01,5.262356132925695817e+00
7.337000000000000188e-01,5.259286494719851213e+00
7.341999999999999638e-01,5.253493225126915078e+00
7.344000000000000528e-01,5.254232345136555793e+00
7.346000000000000307e-01,5.256190676660165373e+00
7.350999999999999757e-01,5.255050003895035182e+00
7.352999999999999536e-01,5.255978758910150539e+00
7.357000000000000206e-01,5.257660298537693677e+00
7.359999999999999876e-01,5.258811158393995377e+00
7.361999999999999655e-01,5.257441636626893455e+00
7.367000000000000215e-01,5.259584522637750226e+00
7.368999999999999995e-01,5.263462151722242410e+00
7.370999999999999774e-01,5.270173024619629665e+00
7.376000000000000334e-01,5.275796507472342967e+00
7.378000000000000114e-01,5.282857926579564101e+00
7.381999999999999673e-01,5.283468268227901277e+00
7.383999999999999453e-01,5.282151255231459785e+00
7.387000000000000233e-01,5.279182172927002981e+00
7.390999999999999792e-01,5.279865305721779478e+00
7.392999999999999572e-01,5.282396038225334323e+00
7.396000000000000352e-01,5.290803305703085435e+00
7.400999999999999801e-01,5.300309894712418313e+00
7.402999999999999581e-01,5.313242990662159215e+00
7.407000000000000250e-01,5.318802846744353552e+00
7.409999999999999920e-01,5.326321173509951379e+00
7.413999999999999480e-01,5.333826792258689053e+00
7.417000000000000259e-01,5.340118363025283088e+00
7.420999999999999819e-01,5.341475342376391211e+00
7.423999999999999488e-01,5.348997551853919674e+00
7.426000000000000378e-01,5.356551497567309639e+00
7.429999999999999938e-01,5.358461914578560581e+00
7.431999999999999718e-01,5.361232163253459859e+00
7.435000000000000497e-01,5.364870590488516555e+00
7.439000000000000057e-01,5.369083616314497043e+00
7.440999999999999837e-01,5.370199849180634644e+00
7.442999999999999616e-01,5.376196586309722747e+00
7.448000000000000176e-01,5.376750468378822312e+00
7.449999999999999956e-01,5.375262631756027254e+00
7.451999999999999735e-01,5.373340586437572952e+00
7.457000000000000295e-01,5.369307695993756013e+00
7.459000000000000075e-01,5.362510365561904635e+00
7.461999999999999744e-01,5.361000475100351714e+00
7.466000000000000414e-01,5.366172740103316130e+00
7.468000000000000194e-01,5.367017564305020194e+00
7.472999999999999643e-01,5.367399049761579555e+00
7.475000000000000533e-01,5.373031647931680865e+00
7.477000000000000313e-01,5.377015800779317622e+00
7.481999999999999762e-01,5.381626985893065651e+00
7.485000000000000542e-01,5.389015066546986255e+00
7.487000000000000322e-01,5.404584652389798016e+00
7.491999999999999771e-01,5.419535443421667154e+00
7.493999999999999551e-01,5.436574399085846387e+00
7.496000000000000441e-01,5.447591276913632541e+00
7.500999999999999890e-01,5.454412021371757291e+00
7.502999999999999670e-01,5.456824744801695104e+00
7.504999999999999449e-01,5.455660939092111583e+00
7.509000000000000119e-01,5.453926615078819040e+00
7.511999999999999789e-01,5.453164746541675711e+00
7.513999999999999568e-01,5.452809414679959943e+00
7.518000000000000238e-01,5.446656992366129657e+00
7.520999999999999908e-01,5.449146302586308721e+00
7.522999999999999687e-01,5.451105168513548094e+00
7.527000000000000357e-01,5.453586495932642109e+00
7.530000000000000027e-01,5.453590718248470637e+00
7.531999999999999806e-01,5.462208194025876651e+00
7.537000000000000366e-01,5.466539970110372515e+00
7.539000000000000146e-01,5.473494572342255893e+00
7.540999999999999925e-01,5.481170869913175814e+00
7.544999999999999485e-01,5.492976114552795330e+00
7.547000000000000375e-01,5.501395953854125942e+00
7.549000000000000155e-01,5.507629787614431116e+00
7.552999999999999714e-01,5.511645550163594365e+00
7.554999999999999494e-01,5.515383236128769795e+00
7.559000000000000163e-01,5.527610450543066989e+00
7.560999999999999943e-01,5.540192716998461719e+00
7.564999999999999503e-01,5.541780396493004801e+00
7.568000000000000282e-01,5.547606214707513139e+00
7.571999999999999842e-01,5.563654071017999136e+00
7.573999999999999622e-01,5.573629195619877130e+00
7.577000000000000401e-01,5.582187102038949966e+00
7.580999999999999961e-01,5.607499516865345868e+00
7.583999999999999631e-01,5.625044461704531429e+00
7.586000000000000520e-01,5.630264816097740876e+00
7.590000000000000080e-01,5.636454739342821263e+00
7.591999999999999860e-01,5.647444561994729106e+00
7.597000000000000419e-01,5.650545019059149965e+00
7.599000000000000199e-01,5.658585792128745240e+00
7.600999999999999979e-01,5.675169945876804789e+00
7.606000000000000538e-01,5.692401441311780275e+00
7.608000000000000318e-01,5.703042188435206938e+00
7.610000000000000098e-01,5.716654754660543070e+00
7.614999999999999547e-01,5.725868620286566291e+00
7.617000000000000437e-01,5.723284631401485356e+00
7.619000000000000217e-01,5.718641479303122388e+00
7.623999999999999666e-01,5.718466195657744500e+00
7.625999999999999446e-01,5.717768819802905078e+00
7.631000000000000005e-01,5.719277643562170610e+00
7.632999999999999785e-01,5.724795168901010811e+00
7.638000000000000345e-01,5.727521682751256726e+00
7.641000000000000014e-01,5.730616445690509764e+00
7.642999999999999794e-01,5.730859297060631796e+00
7.647000000000000464e-01,5.728965057033574837e+00
7.649000000000000243e-01,5.727139744936548205e+00
7.651000000000000023e-01,5.728805156949293931e+00
7.655999999999999472e-01,5.733796106607293552e+00
7.658000000000000362e-01,5.745318482349716760e+00
7.661000000000000032e-01,5.756831425397513691e+00
7.665999999999999481e-01,5.772644917921842200e+00
7.668000000000000371e-01,5.785941553652088842e+00
7.671000000000000041e-01,5.793727537412030060e+00
7.674999999999999600e-01,5.799240604592581505e+00
7.677000000000000490e-01,5.806700204796788611e+00
7.680000000000000160e-01,5.814099073407906992e+00
7.683999999999999719e-01,5.822265182809927886e+00
7.685999999999999499e-01,5.833240374054638799e+00
7.690000000000000169e-01,5.845698460377191097e+00
7.691999999999999948e-01,5.856468987762707634e+00
7.694999999999999618e-01,5.865358402646903890e+00
7.699000000000000288e-01,5.877533882453489511e+00
7.701999999999999957e-01,5.890044832600470848e+00
7.705999999999999517e-01,5.898095855826345435e+00
7.708000000000000407e-01,5.910197286794759641e+00
7.711999999999999966e-01,5.923804955328961341e+00
7.714999999999999636e-01,5.936867250370129412e+00
7.717000000000000526e-01,5.942145543972324973e+00
7.721999999999999975e-01,5.952288982954414109e+00
7.723999999999999755e-01,5.962127159125918396e+00
7.727000000000000535e-01,5.967372829530638079e+00
7.731000000000000094e-01,5.974220249792549176e+00
7.732999999999999874e-01,5.987686794773906307e+00
7.738000000000000433e-01,5.997270313001790143e+00
7.740000000000000213e-01,6.003414517959939189e+00
7.741999999999999993e-01,6.012072660713799976e+00
7.745999999999999552e-01,6.021071943095312129e+00
7.749000000000000332e-01,6.028494940796269574e+00
7.751000000000000112e-01,6.037786150229210946e+00
7.754999999999999671e-01,6.045849702659424452e+00
7.756999999999999451e-01,6.055570528927799678e+00
7.760000000000000231e-01,6.063985692276178341e+00
7.763999999999999790e-01,6.072844179118020769e+00
7.765999999999999570e-01,6.080163904739201541e+00
7.771000000000000130e-01,6.094667632113861089e+00
7.772999999999999909e-01,6.107402469405224466e+00
7.778000000000000469e-01,6.121543952594123539e+00
7.780000000000000249e-01,6.130980214574810461e+00
7.782000000000000028e-01,6.143225202158707710e+00
7.786999999999999478e-01,6.154502819691879623e+00
7.789000000000000368e-01,6.167109639662051279e+00
7.793999999999999817e-01,6.175893904915020549e+00
7.795999999999999597e-01,6.191098220450498957e+00
7.801000000000000156e-01,6.206388801296427005e+00
7.802999999999999936e-01,6.221632262749522191e+00
7.804999999999999716e-01,6.233046479778851179e+00
7.810000000000000275e-01,6.245700688766175013e+00
7.812000000000000055e-01,6.254529433803447169e+00
7.815999999999999615e-01,6.263361148074465312e+00
7.819000000000000394e-01,6.271435944958935416e+00
7.822999999999999954e-01,6.283220508475074517e+00
7.825999999999999623e-01,6.298765331530509215e+00
7.828000000000000513e-01,6.320341465916313517e+00
7.832000000000000073e-01,6.341550934071406687e+00
7.834999999999999742e-01,6.360249308418053360e+00
7.839000000000000412e-01,6.381088849706229915e+00
7.841000000000000192e-01,6.396114403640630108e+00
7.843999999999999861e-01,6.412313894584855234e+00
7.849000000000000421e-01,6.428097364840067662e+00
7.851000000000000201e-01,6.447255528269080216e+00
7.852999999999999980e-01,6.464804241365087023e+00
7.858000000000000540e-01,6.482304528109271935e+00
7.860000000000000320e-01,6.494240267905792230e+00
7.863999999999999879e-01,6.511600060673529811e+00
7.866999999999999549e-01,6.529146292540978891e+00
7.869000000000000439e-01,6.546719575183378659e+00
7.872999999999999998e-01,6.571147599950812435e+00
7.875999999999999668e-01,6.598892940615778357e+00
7.880000000000000338e-01,6.623154976254097548e+00
7.882000000000000117e-01,6.639832798599476504e+00
7.884999999999999787e-01,6.661717038433103255e+00
7.889000000000000457e-01,6.678879906688587553e+00
7.891000000000000236e-01,6.695073434296320514e+00
7.893999999999999906e-01,6.715901712691653813e+00
7.899000000000000465e-01,6.743774607355091710e+00
7.901000000000000245e-01,6.768397864463925551e+00
7.905999999999999694e-01,6.799077080653636251e+00
7.907999999999999474e-01,6.828391905034925990e+00
7.913000000000000034e-01,6.855549579428689810e+00
7.914999999999999813e-01,6.886002976383979401e+00
7.919000000000000483e-01,6.912661708805559968e+00
7.921000000000000263e-01,6.935066335834739526e+00
7.923999999999999932e-01,6.957314698400333342e+00
7.927999999999999492e-01,6.975705003603449583e+00
7.930000000000000382e-01,6.990552204716449225e+00
7.933000000000000052e-01,7.011796169197336503e+00
7.937999999999999501e-01,7.036222569624107415e+00
7.940000000000000391e-01,7.064594535662884311e+00
7.942000000000000171e-01,7.099397819042562396e+00
7.946999999999999620e-01,7.138566452428166897e+00
7.949000000000000510e-01,7.180676775732087513e+00
7.951000000000000290e-01,7.222068452262809579e+00
7.955999999999999739e-01,7.266658513861435686e+00
7.957999999999999519e-01,7.304369457882263994e+00
7.960000000000000409e-01,7.341302387103842975e+00
7.964999999999999858e-01,7.375542478883502007e+00
7.966999999999999638e-01,7.407796616488716346e+00
7.969000000000000528e-01,7.440140803008924664e+00
7.973999999999999977e-01,7.476651952255109812e+00
7.975999999999999757e-01,7.515477833653917195e+00
7.977999999999999536e-01,7.555067148333759697e+00
7.983000000000000096e-01,7.598096842150738439e+00
7.984999999999999876e-01,7.638279340435040865e+00
7.990000000000000435e-01,7.677640960354061406e+00
7.992000000000000215e-01,7.716654977952820182e+00
7.995999999999999774e-01,7.756442777328008908e+00
7.999000000000000554e-01,7.796088368791089351e+00
8.001000000000000334e-01,7.839774439711844956e+00
8.005999999999999783e-01,7.886653551824051256e+00
8.007999999999999563e-01,7.934154088217181489e+00
8.010000000000000453e-01,7.979882370542370040e+00
8.014999999999999902e-01,8.028896230886099161e+00
8.016999999999999682e-01,8.076316936301843441e+00
8.018999999999999462e-01,8.125731876854617397e+00
8.024000000000000021e-01,8.179276753236266018e+00
8.025999999999999801e-01,8.234477191767510362e+00
8.028999999999999471e-01,8.287582264582260549e+00
8.033000000000000140e-01,8.340287222486921337e+00
8.034999999999999920e-01,8.388841789800375537e+00
8.040000000000000480e-01,8.436915459636429304e+00
8.042000000000000259e-01,8.484163129510728041e+00
8.046999999999999709e-01,8.531668059753584998e+00
8.048999999999999488e-01,8.579094580477567789e+00
8.052000000000000268e-01,8.631804181787885000e+00
8.055999999999999828e-01,8.680971907265577769e+00
8.058999999999999497e-01,8.729977324150038243e+00
8.061000000000000387e-01,8.777011681567749690e+00
8.064999999999999947e-01,8.826108996856651956e+00
8.067999999999999616e-01,8.875938011042581621e+00
8.070000000000000506e-01,8.920701460123357407e+00
8.074000000000000066e-01,8.968626430377879544e+00
8.076999999999999735e-01,9.013770728113492225e+00
8.081000000000000405e-01,9.053244955395948423e+00
8.083000000000000185e-01,9.088539029215029430e+00
8.087999999999999634e-01,9.126562426707838682e+00
8.090000000000000524e-01,9.161329055612510430e+00
8.092000000000000304e-01,9.198291557511730332e+00
8.095999999999999863e-01,9.237321449581116894e+00
8.097999999999999643e-01,9.274738834100796581e+00
8.101000000000000423e-01,9.308751801845316365e+00
8.104999999999999982e-01,9.342073825501227446e+00
8.106999999999999762e-01,9.374476899409733832e+00
8.112000000000000322e-01,9.402429076631467098e+00
8.114000000000000101e-01,9.420836223202890380e+00
8.116999999999999771e-01,9.441709406193821152e+00
8.121000000000000441e-01,9.454988914864292937e+00
8.123000000000000220e-01,9.471088990687938747e+00
8.125000000000000000e-01,9.483669266109330920e+00
8.129999999999999449e-01,9.500778258079160210e+00
8.132000000000000339e-01,9.511831754708270026e+00
8.134000000000000119e-01,9.523070012743554358e+00
8.138999999999999568e-01,9.527716631078101628e+00
8.141000000000000458e-01,9.530856560026059299e+00
8.143000000000000238e-01,9.534103773848338292e+00
8.146999999999999797e-01,9.537160125731029225e+00
8.148999999999999577e-01,9.543510768245111464e+00
8.151000000000000467e-01,9.550178407796705571e+00
8.155999999999999917e-01,9.561693335261582050e+00
8.157999999999999696e-01,9.568011027626386777e+00
8.159999999999999476e-01,9.574886469224667351e+00
8.165000000000000036e-01,9.576187261547410401e+00
8.166999999999999815e-01,9.579757284393640049e+00
8.168999999999999595e-01,9.578812921516853152e+00
8.173000000000000265e-01,9.583427466764995017e+00
8.175000000000000044e-01,9.584825102376681727e+00
8.177999999999999714e-01,9.588218299602104366e+00
8.182000000000000384e-01,9.589210249071332015e+00
8.184000000000000163e-01,9.591419212421351759e+00
8.188999999999999613e-01,9.592233251084493872e+00
8.191000000000000503e-01,9.594660006636559046e+00
8.195999999999999952e-01,9.593315260051364035e+00
8.197999999999999732e-01,9.590733674075258008e+00
8.199999999999999512e-01,9.586909314117651348e+00
8.204000000000000181e-01,9.586939039286647812e+00
8.206999999999999851e-01,9.586814394352272117e+00
8.211000000000000520e-01,9.587120196211666112e+00
8.213000000000000300e-01,9.587787604082855353e+00
8.215000000000000080e-01,9.590628447816442304e+00
8.219999999999999529e-01,9.587875791002844039e+00
8.223000000000000309e-01,9.585971591786758950e+00
8.225000000000000089e-01,9.585778562669620584e+00
8.228999999999999648e-01,9.584561182375274768e+00
8.231000000000000538e-01,9.584882300436305513e+00
8.235000000000000098e-01,9.583714344881812508e+00
8.237999999999999767e-01,9.586472139310185270e+00
8.242000000000000437e-01,9.592383596709332494e+00
8.244000000000000217e-01,9.596440842462026666e+00
8.245999999999999996e-01,9.598887821827830180e+00
8.250999999999999446e-01,9.602620962739782939e+00
8.253000000000000336e-01,9.599910761636241574e+00
8.256000000000000005e-01,9.595373320515633964e+00
8.259999999999999565e-01,9.594412155505827045e+00
8.262000000000000455e-01,9.592356346569411940e+00
8.264000000000000234e-01,9.590926186960892608e+00
8.268999999999999684e-01,9.592947732594002019e+00
8.270999999999999464e-01,9.592057219695028891e+00
8.273000000000000353e-01,9.589350396631555640e+00
8.277999999999999803e-01,9.588407808499567864e+00
8.279999999999999583e-01,9.584157567420479751e+00
8.284000000000000252e-01,9.580788068984656292e+00
8.286000000000000032e-01,9.581039429938929430e+00
8.290999999999999481e-01,9.579608039799179409e+00
8.293000000000000371e-01,9.575270651657197263e+00
8.295000000000000151e-01,9.570450856938306217e+00
8.299999999999999600e-01,9.565754980375153593e+00
8.302000000000000490e-01,9.566207591346078232e+00
8.304000000000000270e-01,9.569747575118860539e+00
8.307999999999999829e-01,9.578474742569790479e+00
8.309999999999999609e-01,9.590514164575791867e+00
8.312000000000000499e-01,9.597484973576928979e+00
8.316999999999999948e-01,9.597348280848683189e+00
8.318999999999999728e-01,9.594450365780772927e+00
8.320999999999999508e-01,9.585201608696134912e+00
8.326000000000000068e-01,9.574385807517018065e+00
8.327999999999999847e-01,9.565405639796466630e+00
8.329999999999999627e-01,9.558034974682660945e+00
8.334000000000000297e-01,9.553859060703608463e+00
8.336000000000000076e-01,9.553910699312552879e+00
8.340999999999999526e-01,9.548420459978281372e+00
8.343000000000000416e-01,9.545235424076594200e+00
8.346999999999999975e-01,9.541994720637660521e+00
8.349999999999999645e-01,9.535473853080624451e+00
8.354000000000000314e-01,9.524910653632147728e+00
8.356000000000000094e-01,9.523149274465181335e+00
8.357999999999999874e-01,9.514816645891379210e+00
8.363000000000000433e-01,9.505263891272928589e+00
8.366000000000000103e-01,9.498091774909903862e+00
8.367999999999999883e-01,9.492365392981259475e+00
8.372000000000000552e-01,9.488270857515022527e+00
8.375000000000000222e-01,9.488326833476671496e+00
8.377000000000000002e-01,9.489883908860853978e+00
8.380999999999999561e-01,9.491756153682255004e+00
8.383000000000000451e-01,9.495839700356388136e+00
8.387999999999999901e-01,9.497401917756274514e+00
8.389999999999999680e-01,9.502506336404040965e+00
8.391999999999999460e-01,9.509049137664817408e+00
8.397000000000000020e-01,9.512760173761018123e+00
8.398999999999999799e-01,9.520958928258552945e+00
8.400999999999999579e-01,9.524063945763881378e+00
8.406000000000000139e-01,9.524968650310718488e+00
8.407999999999999918e-01,9.520442581613110633e+00
8.413000000000000478e-01,9.514125516977282260e+00
8.415000000000000258e-01,9.502234993922224149e+00
8.417000000000000037e-01,9.492043330648900934e+00
8.421999999999999487e-01,9.481025508634166599e+00
8.424000000000000377e-01,9.473254610371519391e+00
8.426000000000000156e-01,9.470804251549003183e+00
8.429999999999999716e-01,9.472536461830884491e+00
8.431999999999999496e-01,9.478819185390065627e+00
8.434000000000000385e-01,9.486408071358589211e+00
8.437999999999999945e-01,9.495187259903618227e+00
8.440999999999999615e-01,9.501938498804877398e+00
8.446000000000000174e-01,9.506211815176747848e+00
8.447999999999999954e-01,9.508866142592385273e+00
8.449999999999999734e-01,9.507926962480926392e+00
8.455000000000000293e-01,9.507622287071583855e+00
8.457000000000000073e-01,9.506453571844764028e+00
8.461999999999999522e-01,9.505419713823348715e+00
8.464000000000000412e-01,9.500287536451379466e+00
8.466000000000000192e-01,9.497005379980331341e+00
8.470999999999999641e-01,9.492351198930881750e+00
8.475000000000000311e-01,9.488284825186486415e+00
8.477999999999999980e-01,9.483547739413955568e+00
8.479999999999999760e-01,9.479835779456767142e+00
8.484000000000000430e-01,9.476669038542826939e+00
8.487000000000000099e-01,9.475976730753952637e+00
8.490999999999999659e-01,9.471590787056836547e+00
8.493000000000000549e-01,9.461811029426447917e+00
8.495000000000000329e-01,9.456407700206840516e+00
8.499999999999999778e-01,9.452246530153866289e+00
8.501999999999999558e-01,9.444783077870997801e+00
8.507000000000000117e-01,9.443726101289186659e+00
8.508999999999999897e-01,9.450917092731494051e+00
8.514000000000000457e-01,9.458600185213716927e+00
8.516000000000000236e-01,9.461354834775507427e+00
8.519999999999999796e-01,9.463699900139625143e+00
8.521999999999999575e-01,9.464787705065758061e+00
8.525000000000000355e-01,9.459977363149855378e+00
8.528999999999999915e-01,9.448886934974035867e+00
8.531999999999999584e-01,9.442237040516724633e+00
8.534000000000000474e-01,9.439454484011511326e+00
8.538999999999999924e-01,9.435830766347798715e+00
8.540999999999999703e-01,9.434313619854917121e+00
8.542999999999999483e-01,9.435904743110290482e+00
8.548000000000000043e-01,9.439206660454278364e+00
8.549999999999999822e-01,9.442732904950677408e+00
8.554000000000000492e-01,9.445449611539258328e+00
8.557000000000000162e-01,9.449888679408102732e+00
8.558999999999999941e-01,9.455119680271687699e+00
8.564000000000000501e-01,9.456191321287608531e+00
8.566000000000000281e-01,9.455417319202961579e+00
8.568000000000000060e-01,9.451589181378453830e+00
8.572999999999999510e-01,9.442707320367338397e+00
8.575000000000000400e-01,9.434142982555069779e+00
8.578999999999999959e-01,9.426124552004424118e+00
8.584000000000000519e-01,9.414985068335603557e+00
8.587000000000000188e-01,9.409757343442626265e+00
8.590999999999999748e-01,9.408344303446503076e+00
8.592999999999999527e-01,9.406321828214769809e+00
8.598000000000000087e-01,9.404430516005705343e+00
8.599999999999999867e-01,9.405490595412182131e+00
8.605000000000000426e-01,9.402522759479616354e+00
8.607000000000000206e-01,9.400723460951667221e+00
8.611999999999999655e-01,9.402006662043719487e+00
8.614000000000000545e-01,9.405947328108290151e+00
8.618000000000000105e-01,9.405318737422120989e+00
8.620999999999999774e-01,9.407310291761341148e+00
8.625000000000000444e-01,9.405112549857323145e+00
8.627000000000000224e-01,9.399479435873159261e+00
8.631999999999999673e-01,9.394807032768735411e+00
8.633999999999999453e-01,9.396980620651751437e+00
8.639000000000000012e-01,9.395630536065404215e+00
8.640999999999999792e-01,9.396188875595569812e+00
8.646000000000000352e-01,9.397880281992733842e+00
8.648000000000000131e-01,9.393618321745789146e+00
8.651999999999999691e-01,9.387872652876215085e+00
8.653999999999999471e-01,9.381135931695315122e+00
8.659000000000000030e-01,9.374290378117990485e+00
8.661999999999999700e-01,9.367017704676740664e+00
8.666000000000000369e-01,9.362966434153243256e+00
8.669000000000000039e-01,9.355479007421283910e+00
8.672999999999999599e-01,9.354147126926502409e+00
8.675000000000000488e-01,9.348379554258157142e+00
8.679999999999999938e-01,9.345305368028137494e+00
8.681999999999999718e-01,9.343116136618647261e+00
8.686000000000000387e-01,9.345115804463292264e+00
8.688000000000000167e-01,9.345556345244924401e+00
8.691999999999999726e-01,9.347792048498561712e+00
8.695000000000000506e-01,9.350203357983978947e+00
8.699000000000000066e-01,9.351263838984767318e+00
8.701999999999999735e-01,9.349384105420414315e+00
8.706000000000000405e-01,9.344293399154990354e+00
8.709000000000000075e-01,9.344017200584307403e+00
8.713999999999999524e-01,9.343406081615547976e+00
8.716000000000000414e-01,9.344940002063982121e+00
8.719999999999999973e-01,9.344086791734929065e+00
8.722999999999999643e-01,9.343165291396669403e+00
8.727000000000000313e-01,9.341689906124940990e+00
8.729000000000000092e-01,9.343903363195904532e+00
8.732999999999999652e-01,9.341835050798998452e+00
8.735000000000000542e-01,9.342628696437095925e+00
8.739999999999999991e-01,9.343127004560750848e+00
8.742999999999999661e-01,9.342710414735890367e+00
8.748000000000000220e-01,9.337521836217945292e+00
8.750000000000000000e-01,9.337041245970343795e+00
8.754999999999999449e-01,9.336132126572808332e+00
8.757000000000000339e-01,9.334637235974829750e+00
8.761999999999999789e-01,9.331153352730712669e+00
8.763999999999999568e-01,9.326388986975466366e+00
8.768000000000000238e-01,9.316450918696041583e+00
8.770999999999999908e-01,9.306329845196751549e+00
8.772999999999999687e-01,9.295427031615901114e+00
8.777000000000000357e-01,9.287226190489715094e+00
8.779000000000000137e-01,9.279825036400122684e+00
8.782999999999999696e-01,9.276565047316998047e+00
8.786000000000000476e-01,9.273898069855901483e+00
8.790000000000000036e-01,9.276152517830873023e+00
8.792999999999999705e-01,9.279856830145536861e+00
8.797000000000000375e-01,9.285920831535452891e+00
8.799000000000000155e-01,9.292337379206426107e+00
8.803999999999999604e-01,9.301915531131356829e+00
8.806000000000000494e-01,9.307564420669713456e+00
8.810999999999999943e-01,9.307475483327776189e+00
8.812999999999999723e-01,9.308743762298510305e+00
8.817000000000000393e-01,9.306911341945280469e+00
8.819000000000000172e-01,9.296080680617492931e+00
8.823999999999999622e-01,9.288963306749444371e+00
8.826000000000000512e-01,9.284283030871478104e+00
8.828000000000000291e-01,9.274662805113241149e+00
8.832999999999999741e-01,9.268029799706093641e+00
8.834999999999999520e-01,9.269502681171772451e+00
8.839000000000000190e-01,9.267541731222683765e+00
8.840999999999999970e-01,9.268990661487341853e+00
8.846000000000000529e-01,9.272585026430800070e+00
8.848000000000000309e-01,9.277400551458429234e+00
8.852999999999999758e-01,9.277073896644120410e+00
8.854999999999999538e-01,9.275191508865136214e+00
8.859000000000000208e-01,9.272839282100655112e+00
8.861999999999999877e-01,9.266722490245408395e+00
8.866000000000000547e-01,9.258936722126302143e+00
8.869000000000000217e-01,9.256000265759348977e+00
8.872999999999999776e-01,9.257444910474314170e+00
8.875999999999999446e-01,9.258728970559239713e+00
8.880000000000000115e-01,9.261609816769713177e+00
8.881999999999999895e-01,9.264575603634694900e+00
8.883999999999999675e-01,9.265041362177539597e+00
8.889000000000000234e-01,9.258515860887104765e+00
8.891000000000000014e-01,9.246195290354421559e+00
8.892999999999999794e-01,9.240371316446841732e+00
8.897000000000000464e-01,9.233646955369989584e+00
8.899000000000000243e-01,9.228280942158439970e+00
8.903999999999999693e-01,9.225545092464985331e+00
8.905999999999999472e-01,9.225426737818898104e+00
8.908000000000000362e-01,9.215962104577315017e+00
8.912999999999999812e-01,9.209429252269311306e+00
8.914999999999999591e-01,9.201603798846267779e+00
8.919000000000000261e-01,9.199349986744877583e+00
8.921000000000000041e-01,9.198368231818633944e+00
8.924999999999999600e-01,9.197713917624694702e+00
8.927000000000000490e-01,9.202262417388199722e+00
8.931999999999999940e-01,9.208814608533403501e+00
8.933999999999999719e-01,9.212682231235502783e+00
8.937000000000000499e-01,9.217537664255596397e+00
8.941000000000000059e-01,9.219578814935182720e+00
8.943999999999999728e-01,9.216674601958407820e+00
8.948000000000000398e-01,9.213227792880250178e+00
8.950000000000000178e-01,9.213039438756844390e+00
8.954999999999999627e-01,9.210375266345273815e+00
8.957000000000000517e-01,9.209713688423937228e+00
8.961000000000000076e-01,9.203915631349477877e+00
8.962999999999999856e-01,9.195755424346030438e+00
8.967000000000000526e-01,9.186795742927023056e+00
8.969000000000000306e-01,9.177838638793069492e+00
8.971000000000000085e-01,9.170476576748633590e+00
8.975999999999999535e-01,9.167526982939433466e+00
8.978000000000000425e-01,9.168294518818731476e+00
8.982999999999999874e-01,9.169416740023583756e+00
8.984999999999999654e-01,9.171648792868360545e+00
8.990000000000000213e-01,9.178230004315281576e+00
8.991999999999999993e-01,9.182811692939331749e+00
8.995999999999999552e-01,9.185478925445302423e+00
8.998000000000000442e-01,9.182506350241537163e+00
9.002999999999999892e-01,9.180287074211923581e+00
9.004999999999999671e-01,9.179799343991270177e+00
9.010000000000000231e-01,9.177032072992250988e+00
9.012000000000000011e-01,9.174757267084167722e+00
9.015999999999999570e-01,9.172288541913207638e+00
9.019000000000000350e-01,9.168152741202419520e+00
9.021000000000000130e-01,9.163186924640022823e+00
9.024999999999999689e-01,9.157845281334566323e+00
9.026999999999999469e-01,9.151197017590599003e+00
9.032000000000000028e-01,9.147071076504031950e+00
9.033999999999999808e-01,9.145923528727230689e+00
9.038000000000000478e-01,9.136784337270274392e+00
9.041000000000000147e-01,9.134399786464575399e+00
9.044999999999999707e-01,9.129032787952295891e+00
9.046999999999999487e-01,9.124900286895389456e+00
9.052000000000000046e-01,9.121107328969870309e+00
9.053999999999999826e-01,9.119173317121424205e+00
9.059000000000000385e-01,9.115306424741788760e+00
9.061000000000000165e-01,9.115249642869253321e+00
9.064999999999999725e-01,9.116427446070884955e+00
9.068000000000000504e-01,9.112948899451248863e+00
9.072000000000000064e-01,9.113532151338031184e+00
9.074999999999999734e-01,9.114795486290242721e+00
9.076999999999999513e-01,9.118739704198079110e+00
9.082000000000000073e-01,9.120436623456519953e+00
9.085999999999999632e-01,9.123061288199844299e+00
9.088000000000000522e-01,9.126235234891979076e+00
9.092000000000000082e-01,9.125510028463736489e+00
9.093999999999999861e-01,9.119037079660110123e+00
9.099000000000000421e-01,9.119612751947727247e+00
9.101000000000000201e-01,9.118320689757155151e+00
9.102999999999999980e-01,9.116368611653550502e+00
9.108000000000000540e-01,9.104156728078070415e+00
9.110000000000000320e-01,9.094114043505239664e+00
9.113999999999999879e-01,9.076019270198854016e+00
9.116999999999999549e-01,9.060482480233167379e+00
9.121000000000000218e-01,9.048277432562869649e+00
9.122999999999999998e-01,9.050407569296538668e+00
9.127999999999999448e-01,9.050232623460942705e+00
9.131000000000000227e-01,9.051229551707566046e+00
9.134999999999999787e-01,9.055051642733459971e+00
9.136999999999999567e-01,9.062175805970575482e+00
9.141000000000000236e-01,9.065446803421252753e+00
9.143000000000000016e-01,9.073406310035061040e+00
9.147999999999999465e-01,9.083553271292952758e+00
9.150000000000000355e-01,9.091340219712360948e+00
9.154999999999999805e-01,9.086947680415626394e+00
9.156999999999999584e-01,9.084756231291233775e+00
9.162000000000000144e-01,9.081891213086334957e+00
9.163999999999999924e-01,9.075874789526983122e+00
9.169000000000000483e-01,9.066138821370865131e+00
9.171000000000000263e-01,9.063638954750487642e+00
9.174999999999999822e-01,9.056835605946165657e+00
9.176999999999999602e-01,9.049362862215696524e+00
9.182000000000000162e-01,9.032470697517558378e+00
9.184999999999999831e-01,9.021125913640794636e+00
9.189000000000000501e-01,9.010286775498201450e+00
9.191000000000000281e-01,8.998262973544115084e+00
9.193000000000000060e-01,8.995809484234616349e+00
9.197999999999999510e-01,8.989249788621256343e+00
9.202000000000000179e-01,8.999216893971210496e+00
9.203999999999999959e-01,8.994239398431027155e+00
9.209000000000000519e-01,8.988598353271148866e+00
9.211000000000000298e-01,8.972478870193921097e+00
9.214999999999999858e-01,8.980261875718431597e+00
9.217999999999999527e-01,8.968906497027752778e+00
9.223000000000000087e-01,8.958863350042593154e+00
9.224999999999999867e-01,8.967045171089928601e+00
9.230000000000000426e-01,8.961151991998539401e+00
9.232000000000000206e-01,8.950546396192528675e+00
9.236999999999999655e-01,8.942365527965236538e+00
9.239000000000000545e-01,8.945513907691053035e+00
9.243000000000000105e-01,8.938269355652785464e+00
9.245999999999999774e-01,8.941268137071524791e+00
9.250000000000000444e-01,8.940029993714793122e+00
9.252000000000000224e-01,8.931954880083694093e+00
9.256999999999999673e-01,8.926177210016872365e+00
9.258999999999999453e-01,8.919405802728654464e+00
9.263000000000000123e-01,8.915022207979241387e+00
9.265999999999999792e-01,8.913500027708522566e+00
9.267999999999999572e-01,8.917563222191619232e+00
9.272000000000000242e-01,8.920927982182249139e+00
9.274999999999999911e-01,8.921309057748906923e+00
9.278999999999999471e-01,8.923091674030160902e+00
9.282000000000000250e-01,8.922364105917734989e+00
9.285999999999999810e-01,8.923113762374649482e+00
9.287999999999999590e-01,8.919882883619003167e+00
9.291000000000000369e-01,8.916584993147182558e+00
9.294999999999999929e-01,8.915164579285098867e+00
9.296999999999999709e-01,8.914496931388125489e+00
9.301000000000000378e-01,8.912828867110313524e+00
9.303000000000000158e-01,8.916868127925027920e+00
9.307999999999999607e-01,8.919891353230678277e+00
9.310000000000000497e-01,8.922029543553257724e+00
9.314999999999999947e-01,8.921213706728496007e+00
9.316999999999999726e-01,8.920882309134682941e+00
9.322000000000000286e-01,8.913415873922357235e+00
9.324000000000000066e-01,8.904019725352039671e+00
9.325999999999999845e-01,8.894463286072133101e+00
9.331000000000000405e-01,8.888324166614895105e+00
9.333000000000000185e-01,8.873381000270576635e+00
9.334999999999999964e-01,8.861476799729709697e+00
9.340000000000000524e-01,8.852216077314121634e+00
9.342000000000000304e-01,8.845117580283949010e+00
9.345999999999999863e-01,8.841991766591618784e+00
9.348999999999999533e-01,8.845401289420129487e+00
9.353000000000000203e-01,8.848940402125251126e+00
9.355999999999999872e-01,8.855594090183547706e+00
9.357999999999999652e-01,8.862642894883480338e+00
9.362000000000000322e-01,8.862468603360040831e+00
9.364999999999999991e-01,8.859011416991748433e+00
9.366999999999999771e-01,8.858806318848836625e+00
9.371000000000000441e-01,8.852382805518699271e+00
9.373000000000000220e-01,8.843850635152914919e+00
9.377999999999999670e-01,8.833845655281669096e+00
9.381000000000000449e-01,8.830802844442823485e+00
9.385000000000000009e-01,8.827904808667019765e+00
9.389999999999999458e-01,8.828847542633470269e+00
9.392000000000000348e-01,8.830845137887123997e+00
9.395999999999999908e-01,8.836308077938561212e+00
9.398999999999999577e-01,8.838582074400804345e+00
9.403000000000000247e-01,8.833600706389390211e+00
9.405000000000000027e-01,8.830262320941306697e+00
9.409999999999999476e-01,8.823517873607356066e+00
9.412000000000000366e-01,8.817525387166957884e+00
9.416999999999999815e-01,8.812428446026700612e+00
9.418999999999999595e-01,8.814333532635163948e+00
9.424000000000000155e-01,8.809712020644292707e+00
9.425999999999999934e-01,8.811797099158582114e+00
9.431000000000000494e-01,8.812160266921111429e+00
9.433000000000000274e-01,8.812517918891375146e+00
9.436999999999999833e-01,8.812136197148271677e+00
9.438999999999999613e-01,8.816669446914948693e+00
9.444000000000000172e-01,8.818132557076864941e+00
9.445999999999999952e-01,8.818486306968466693e+00
9.451000000000000512e-01,8.815876441733429658e+00
9.453000000000000291e-01,8.805161117159121531e+00
9.457999999999999741e-01,8.795553640069677215e+00
9.459999999999999520e-01,8.788365234985162644e+00
9.464000000000000190e-01,8.777760773232001767e+00
9.465999999999999970e-01,8.773616812133292697e+00
9.471000000000000529e-01,8.773956704927199368e+00
9.473000000000000309e-01,8.772347774311796798e+00
9.477999999999999758e-01,8.766843326711846629e+00
9.479999999999999538e-01,8.769637713305082016e+00
9.485000000000000098e-01,8.766632344409108768e+00
9.486999999999999877e-01,8.762458670784621262e+00
9.488999999999999657e-01,8.758025638945234448e+00
9.493000000000000327e-01,8.754376170111433098e+00
9.495000000000000107e-01,8.748911371040394513e+00
9.499999999999999556e-01,8.742809553788925214e+00
9.502000000000000446e-01,8.742971721210636815e+00
9.505000000000000115e-01,8.740513787136583446e+00
9.508999999999999675e-01,8.742935513995632846e+00
9.512000000000000455e-01,8.748066736931072285e+00
9.516000000000000014e-01,8.756832260287117364e+00
9.517999999999999794e-01,8.763774227590339194e+00
9.523000000000000353e-01,8.771245738253830027e+00
9.525000000000000133e-01,8.770150522158237649e+00
9.529999999999999583e-01,8.761955278505654476e+00
9.532000000000000473e-01,8.755437387518714587e+00
9.536999999999999922e-01,8.743991182907917548e+00
9.538999999999999702e-01,8.739996772629822885e+00
9.544000000000000261e-01,8.735716708433431066e+00
9.546000000000000041e-01,8.736019017646645679e+00
9.549999999999999600e-01,8.734625605278935723e+00
9.552000000000000490e-01,8.734984400934344251e+00
9.556999999999999940e-01,8.734408862624002623e+00
9.558999999999999719e-01,8.735457356209288093e+00
9.560999999999999499e-01,8.736994093044847531e+00
9.566000000000000059e-01,8.732586249212694440e+00
9.567999999999999838e-01,8.726077490351926258e+00
9.572000000000000508e-01,8.714529278911479437e+00
9.574000000000000288e-01,8.702099327585479216e+00
9.578999999999999737e-01,8.690644631038637158e+00
9.582000000000000517e-01,8.681955228707629146e+00
9.586000000000000076e-01,8.676515942606098264e+00
9.588999999999999746e-01,8.675687345481851054e+00
9.594000000000000306e-01,8.675906680813975314e+00
9.596000000000000085e-01,8.673096707164653196e+00
9.598999999999999755e-01,8.674783087520010483e+00
9.602000000000000535e-01,8.677787481102814837e+00
9.606000000000000094e-01,8.677466929717379429e+00
9.607999999999999874e-01,8.675873518758645986e+00
9.613000000000000433e-01,8.674135252885186276e+00
9.617999999999999883e-01,8.673112090450405987e+00
9.620999999999999552e-01,8.671260352163258744e+00
9.625000000000000222e-01,8.666995342289098403e+00
9.627000000000000002e-01,8.665768567469591233e+00
9.631999999999999451e-01,8.668440285209968010e+00
9.634000000000000341e-01,8.670058110465950207e+00
9.637999999999999901e-01,8.669236478943133761e+00
9.640999999999999570e-01,8.671746979959092272e+00
9.645000000000000240e-01,8.677396305828422030e+00
9.647000000000000020e-01,8.680627072940040989e+00
9.650999999999999579e-01,8.672959944638902741e+00
9.653000000000000469e-01,8.666341343296359412e+00
9.657999999999999918e-01,8.654490755469760543e+00
9.660999999999999588e-01,8.638210764403412512e+00
9.665000000000000258e-01,8.619991066035616711e+00
9.667999999999999927e-01,8.611886988164620504e+00
9.671999999999999487e-01,8.605305707954926220e+00
9.674000000000000377e-01,8.605495209143001034e+00
9.678999999999999826e-01,8.603786123003722253e+00
9.680999999999999606e-01,8.600346458379485526e+00
9.685000000000000275e-01,8.597441998680064756e+00
9.687000000000000055e-01,8.595330741226762328e+00
9.689999999999999725e-01,8.595367810321219437e+00
9.694000000000000394e-01,8.595723670431489438e+00
9.696000000000000174e-01,8.599420720390995143e+00
9.699999999999999734e-01,8.602596511998463313e+00
9.703000000000000513e-01,8.605207622202069473e+00
9.707000000000000073e-01,8.606262553113587899e+00
9.709999999999999742e-01,8.609010431251954643e+00
9.714000000000000412e-01,8.607744911505179175e+00
9.717000000000000082e-01,8.607183830070534114e+00
9.720999999999999641e-01,8.605858000282351483e+00
9.724000000000000421e-01,8.599804203089920662e+00
9.727999999999999980e-01,8.595184715297630618e+00
9.729999999999999760e-01,8.591750687657604857e+00
9.734000000000000430e-01,8.588654187920987226e+00
9.737000000000000099e-01,8.579187460576729762e+00
9.740999999999999659e-01,8.577067363487735463e+00
9.743000000000000549e-01,8.571530512034851057e+00
9.745000000000000329e-01,8.566771881833854962e+00
9.749999999999999778e-01,8.559968004727689816e+00
9.751999999999999558e-01,8.555378165139295277e+00
9.757000000000000117e-01,8.545332463095746789e+00
9.758999999999999897e-01,8.537199005050901235e+00
9.764000000000000457e-01,8.531313994656345656e+00
9.766000000000000236e-01,8.523507719367941604e+00
9.769999999999999796e-01,8.522057049628052994e+00
9.771999999999999575e-01,8.520001656012746949e+00
9.777000000000000135e-01,8.516211103447577813e+00
9.778999999999999915e-01,8.511862604215769679e+00
9.780999999999999694e-01,8.510376832376875811e+00
9.786000000000000254e-01,8.508198272946245311e+00
9.788000000000000034e-01,8.508548183335797432e+00
9.789999999999999813e-01,8.512913756518745600e+00
9.794000000000000483e-01,8.518910391032143536e+00
9.796000000000000263e-01,8.526963732155003584e+00
9.800999999999999712e-01,8.532088361551393163e+00
9.802999999999999492e-01,8.537620008127746019e+00
9.807000000000000162e-01,8.538865843802371458e+00
9.808999999999999941e-01,8.538372116050350513e+00
9.814000000000000501e-01,8.533131288900317912e+00
9.816000000000000281e-01,8.524147365930325293e+00
9.820999999999999730e-01,8.515258644273830058e+00
9.822999999999999510e-01,8.508883804888569102e+00
9.826000000000000290e-01,8.505781213806738350e+00
9.830999999999999739e-01,8.501005597526532398e+00
9.832999999999999519e-01,8.502832154507757423e+00
9.835000000000000409e-01,8.499486968677194554e+00
9.838999999999999968e-01,8.502533494544330495e+00
9.840999999999999748e-01,8.498366605124150652e+00
9.842999999999999527e-01,8.499289310462957658e+00
9.848000000000000087e-01,8.495357558085947502e+00
9.849999999999999867e-01,8.493457612449576644e+00
9.854000000000000536e-01,8.484574282378035903e+00
9.857000000000000206e-01,8.478677613615870357e+00
9.860999999999999766e-01,8.472918199132763561e+00
9.862999999999999545e-01,8.470845006883779504e+00
9.868000000000000105e-01,8.470290735006489768e+00
9.869999999999999885e-01,8.473963407146234417e+00
9.874000000000000554e-01,8.477658816595788238e+00
9.876000000000000334e-01,8.481057377504043870e+00
9.879999999999999893e-01,8.483233390482736169e+00
9.881999999999999673e-01,8.488312329263392186e+00
9.887000000000000233e-01,8.491313725070840590e+00
9.889000000000000012e-01,8.488937264753419143e+00
9.893999999999999462e-01,8.484929017223976189e+00
9.897000000000000242e-01,8.481207179661387485e+00
9.900999999999999801e-01,8.470022640690856974e+00
9.902999999999999581e-01,8.461164665861662826e+00
9.905000000000000471e-01,8.455487940456363205e+00
9.909999999999999920e-01,8.445866696135119867e+00
9.911999999999999700e-01,8.432690853593660663e+00
9.916000000000000369e-01,8.428500328426789423e+00
9.918000000000000149e-01,8.419944435588131881e+00
9.922999999999999599e-01,8.413142240785157711e+00
9.926000000000000378e-01,8.411422501096719628e+00
9.929999999999999938e-01,8.411161447788865431e+00
9.931999999999999718e-01,8.406840287226161834e+00
9.937000000000000277e-01,8.404530818836299488e+00
9.938000000000000167e-01,8.402935466625963912e+00
9.941999999999999726e-01,8.401606779225858190e+00
9.943999999999999506e-01,8.404150070390192795e+00
9.949000000000000066e-01,8.407622209180011907e+00
9.950999999999999845e-01,8.411697947247054330e+00
9.955000000000000515e-01,8.413559843266636307e+00
9.958000000000000185e-01,8.413192275303906342e+00
9.962999999999999634e-01,8.411726905571681456e+00
9.965000000000000524e-01,8.408260580158312791e+00
9.969000000000000083e-01,8.399122775565315280e+00
9.971999999999999753e-01,8.390909555625606586e+00
9.976000000000000423e-01,8.384361059169401997e+00
9.978000000000000203e-01,8.376408757121422965e+00
9.982999999999999652e-01,8.370483476273228973e+00
9.985000000000000542e-01,8.367168209612032115e+00
9.989000000000000101e-01,8.365037498884179357e+00
9.990999999999999881e-01,8.360464382825007590e+00
9.996000000000000441e-01,8.360152969094647446e+00
9.998000000000000220e-01,8.355698274112869584e+00
1.000199999999999978e+00,8.351451547027320288e+00
1.000499999999999945e+00,8.348745737877253603e+00
1.000899999999999901e+00,8.346695238227177072e+00
1.001100000000000101e+00,8.341817107363484141e+00
1.001300000000000079e+00,8.337650380351167456e+00
1.001800000000000024e+00,8.336111524144264706e+00
1.002000000000000002e+00,8.333607810601106891e+00
1.002399999999999958e+00,8.329868707152021656e+00
1.002599999999999936e+00,8.327889760074704384e+00
1.002999999999999892e+00,8.326894414180110005e+00
1.003200000000000092e+00,8.322135463932898602e+00
1.003700000000000037e+00,8.319752880815435958e+00
1.004000000000000004e+00,8.318973560016427626e+00
1.004499999999999948e+00,8.317039396960046460e+00
1.004699999999999926e+00,8.313635065516635336e+00
1.005200000000000093e+00,8.309100544224847340e+00
1.005400000000000071e+00,8.299721359369407025e+00
1.005800000000000027e+00,8.296089142588723320e+00
1.006000000000000005e+00,8.289875146866299005e+00
1.006499999999999950e+00,8.290997349801319416e+00
1.006699999999999928e+00,8.290137123799777186e+00
1.006899999999999906e+00,8.290415396631226841e+00
1.007300000000000084e+00,8.284612910148815956e+00
1.007600000000000051e+00,8.285297271676261843e+00
1.008000000000000007e+00,8.276768333476125505e+00
1.008299999999999974e+00,8.271340883795334165e+00
1.008699999999999930e+00,8.270293722588693441e+00
1.008899999999999908e+00,8.271565100942401827e+00
1.009100000000000108e+00,8.267788035393186519e+00
1.009600000000000053e+00,8.280632498526287577e+00
1.009800000000000031e+00,8.297497720118897746e+00
1.010199999999999987e+00,8.296146281575603965e+00
1.010499999999999954e+00,8.294425578213580508e+00
1.010899999999999910e+00,8.293080756910375939e+00
1.011100000000000110e+00,8.278352628802169377e+00
1.011600000000000055e+00,8.261533328498551043e+00
1.011800000000000033e+00,8.261559207481953493e+00
1.012299999999999978e+00,8.257882180128238048e+00
1.012499999999999956e+00,8.253160651862103236e+00
1.012999999999999901e+00,8.256980747084474714e+00
1.013200000000000101e+00,8.261545634783432845e+00
1.013600000000000056e+00,8.252546675574512491e+00
1.013800000000000034e+00,8.247959061996601449e+00
1.014299999999999979e+00,8.242006150814827237e+00
1.014499999999999957e+00,8.232343517081689654e+00
1.014899999999999913e+00,8.234747600427416714e+00
1.015200000000000102e+00,8.239410264855308696e+00
1.015600000000000058e+00,8.242450914862640587e+00
1.015900000000000025e+00,8.248683490971188803e+00
1.016100000000000003e+00,8.248446442465917627e+00
1.016599999999999948e+00,8.238011337672327628e+00
1.016799999999999926e+00,8.235972882560950836e+00
1.016999999999999904e+00,8.237255423061419890e+00
1.017500000000000071e+00,8.236023172342177290e+00
1.017700000000000049e+00,8.234171912858691655e+00
1.017900000000000027e+00,8.230306317636994606e+00
1.018399999999999972e+00,8.231160471766640896e+00
1.018599999999999950e+00,8.227907103565136993e+00
1.018999999999999906e+00,8.228054594038301417e+00
1.019200000000000106e+00,8.230404330168418880e+00
1.019700000000000051e+00,8.229214886025239650e+00
1.019900000000000029e+00,8.221439061885106980e+00
1.020399999999999974e+00,8.215008716238035191e+00
1.020599999999999952e+00,8.205706013914015884e+00
1.020999999999999908e+00,8.198239225584160295e+00
1.021200000000000108e+00,8.192628836541928194e+00
1.021700000000000053e+00,8.189058621906887936e+00
1.022000000000000020e+00,8.181491318478563812e+00
1.022399999999999975e+00,8.178568181452797958e+00
1.022599999999999953e+00,8.171962170594460062e+00
1.023099999999999898e+00,8.165321997605223814e+00
1.023300000000000098e+00,8.166032702247029817e+00
1.023700000000000054e+00,8.174474531336128891e+00
1.024000000000000021e+00,8.173168014312668817e+00
1.024399999999999977e+00,8.172714403408274819e+00
1.024699999999999944e+00,8.172930146636007365e+00
1.025199999999999889e+00,8.165370842653233652e+00
1.025400000000000089e+00,8.163124595522708304e+00
1.025900000000000034e+00,8.156539631086754838e+00
1.026100000000000012e+00,8.148592991642502170e+00
1.026299999999999990e+00,8.144996571409770070e+00
1.026799999999999935e+00,8.141284960608844656e+00
1.026999999999999913e+00,8.120981487435006585e+00
1.027500000000000080e+00,8.111067809281060192e+00
1.027700000000000058e+00,8.108855001690566056e+00
1.027900000000000036e+00,8.101653275994770809e+00
1.028299999999999992e+00,8.100451361031657527e+00
1.028599999999999959e+00,8.105304997990669946e+00
1.028899999999999926e+00,8.113533422074995727e+00
1.029199999999999893e+00,8.115952537338658956e+00
1.029600000000000071e+00,8.119361117800986349e+00
1.029800000000000049e+00,8.118501461117364926e+00
1.030299999999999994e+00,8.118768974897385249e+00
1.030499999999999972e+00,8.116878518208418214e+00
1.030899999999999928e+00,8.114946563900774734e+00
1.031199999999999894e+00,8.111373084175312442e+00
1.031600000000000072e+00,8.107461461949185377e+00
1.031900000000000039e+00,8.105270716048941892e+00
1.032299999999999995e+00,8.101847356413173884e+00
1.032499999999999973e+00,8.101865364386064527e+00
1.032899999999999929e+00,8.105527898604190540e+00
1.033199999999999896e+00,8.108225899244869694e+00
1.033600000000000074e+00,8.112557143461488707e+00
1.033900000000000041e+00,8.113220783755313192e+00
1.034299999999999997e+00,8.111040002719562381e+00
1.034499999999999975e+00,8.101879847312034144e+00
1.034799999999999942e+00,8.091989856849888696e+00
1.035199999999999898e+00,8.081934806408730410e+00
1.035400000000000098e+00,8.077731922736532510e+00
1.035600000000000076e+00,8.074884292529336705e+00
1.036100000000000021e+00,8.076959254522677156e+00
1.036299999999999999e+00,8.083477241819240433e+00
1.036799999999999944e+00,8.080953852788178793e+00
1.036999999999999922e+00,8.077938246179309445e+00
1.037500000000000089e+00,8.069274701626437007e+00
1.037700000000000067e+00,8.059121504161437244e+00
1.038100000000000023e+00,8.052310117875329354e+00
1.038399999999999990e+00,8.048519770963434183e+00
1.038799999999999946e+00,8.044714561376013151e+00
1.038999999999999924e+00,8.050213497819981967e+00
1.039500000000000091e+00,8.055358187956111138e+00
1.039700000000000069e+00,8.054758509120631516e+00
1.040200000000000014e+00,8.056387192233447792e+00
1.040300000000000002e+00,8.049885150599459749e+00
1.040699999999999958e+00,8.039698143481601278e+00
1.040899999999999936e+00,8.032359861441793925e+00
1.041299999999999892e+00,8.026351145263845410e+00
1.041400000000000103e+00,8.018785542635020747e+00
1.041600000000000081e+00,8.018459982358507432e+00
1.042100000000000026e+00,8.018589758175266979e+00
1.042300000000000004e+00,8.015497527814609668e+00
1.042799999999999949e+00,8.011359553256047761e+00
1.042999999999999927e+00,8.007528801806662599e+00
1.043500000000000094e+00,8.003970771838233134e+00
1.043700000000000072e+00,8.001695690768029223e+00
1.044100000000000028e+00,8.002344915282179727e+00
1.044599999999999973e+00,8.012306053738480927e+00
1.044799999999999951e+00,8.021241890218135495e+00
1.044999999999999929e+00,8.030743322618995705e+00
1.045500000000000096e+00,8.027034687100313093e+00
1.045800000000000063e+00,8.025478064309641724e+00
1.046300000000000008e+00,8.012269675904402533e+00
1.046499999999999986e+00,8.001290002178638616e+00
1.046999999999999931e+00,7.991333527882508392e+00
1.047199999999999909e+00,7.993638930164914669e+00
1.047700000000000076e+00,7.986337644753097820e+00
1.047900000000000054e+00,7.983973194439778709e+00
1.048300000000000010e+00,7.976682626332777026e+00
1.048499999999999988e+00,7.968435883779493523e+00
1.048999999999999932e+00,7.959391191399991072e+00
1.049199999999999910e+00,7.955583876361193241e+00
1.049600000000000088e+00,7.953317725261087823e+00
1.049900000000000055e+00,7.957531039958220198e+00
1.050300000000000011e+00,7.958899792278597118e+00
1.050599999999999978e+00,7.961766392902138278e+00
1.050999999999999934e+00,7.964396339089630850e+00
1.051299999999999901e+00,7.964327571298169595e+00
1.051700000000000079e+00,7.962256802828137303e+00
1.052000000000000046e+00,7.960669227470297038e+00
1.052400000000000002e+00,7.956126457261404994e+00
1.052699999999999969e+00,7.953000469794745619e+00
1.053099999999999925e+00,7.948224024268980337e+00
1.053299999999999903e+00,7.945666593981441039e+00
1.053800000000000070e+00,7.944124433768574356e+00
1.054000000000000048e+00,7.942518663625055098e+00
1.054499999999999993e+00,7.941739645159765715e+00
1.054699999999999971e+00,7.940180074944569455e+00
1.055199999999999916e+00,7.938460836783846730e+00
1.055600000000000094e+00,7.932442151564744748e+00
1.055800000000000072e+00,7.926042158569180707e+00
1.056300000000000017e+00,7.919430981982999107e+00
1.056499999999999995e+00,7.908004258679881104e+00
1.056899999999999951e+00,7.894795784194611699e+00
1.057099999999999929e+00,7.887341286109132099e+00
1.057600000000000096e+00,7.886510919800086228e+00
1.057800000000000074e+00,7.885421595185128751e+00
1.058300000000000018e+00,7.888803742842624089e+00
1.058599999999999985e+00,7.890735188761379248e+00
1.058999999999999941e+00,7.890781412590587074e+00
1.059199999999999919e+00,7.886032588638736129e+00
1.059700000000000086e+00,7.883671359661949651e+00
1.059900000000000064e+00,7.884336160092209944e+00
1.060100000000000042e+00,7.885938429900155811e+00
1.060599999999999987e+00,7.885612254118214537e+00
1.060799999999999965e+00,7.887177777591295680e+00
1.061099999999999932e+00,7.888466279258875780e+00
1.061500000000000110e+00,7.887854676941197241e+00
1.061700000000000088e+00,7.888068993727737066e+00
1.062100000000000044e+00,7.892438358670928800e+00
1.062300000000000022e+00,7.893072555310577165e+00
1.062799999999999967e+00,7.895325463519453635e+00
1.062999999999999945e+00,7.892571881230604269e+00
1.063499999999999890e+00,7.885081599562360211e+00
1.063700000000000090e+00,7.873270588693026539e+00
1.064200000000000035e+00,7.861606057119052693e+00
1.064400000000000013e+00,7.844709875793888010e+00
1.064899999999999958e+00,7.831721059096134141e+00
1.065099999999999936e+00,7.826496761881296393e+00
1.065600000000000103e+00,7.821142878542412191e+00
1.065800000000000081e+00,7.817623933844554784e+00
1.066200000000000037e+00,7.816977122304669123e+00
1.066500000000000004e+00,7.815746664939781319e+00
1.066799999999999971e+00,7.815899406103942404e+00
1.067099999999999937e+00,7.813239835893217133e+00
1.067499999999999893e+00,7.809311088921024435e+00
1.067700000000000093e+00,7.806114645368954719e+00
1.068100000000000049e+00,7.802648757663236623e+00
1.068400000000000016e+00,7.794998036966262589e+00
1.068799999999999972e+00,7.797049098187127214e+00
1.069099999999999939e+00,7.801703363968792715e+00
1.069600000000000106e+00,7.799743368367421326e+00
1.069800000000000084e+00,7.801457974404568674e+00
1.070200000000000040e+00,7.803596191503504365e+00
1.070500000000000007e+00,7.798956528760615292e+00
1.070899999999999963e+00,7.792483546310569942e+00
1.071099999999999941e+00,7.791988404005635083e+00
1.071299999999999919e+00,7.787704984069110381e+00
1.071800000000000086e+00,7.785465932598213179e+00
1.072000000000000064e+00,7.783854362569675445e+00
1.072500000000000009e+00,7.780449567506008357e+00
1.072699999999999987e+00,7.781889581760515817e+00
1.073199999999999932e+00,7.781598362263110857e+00
1.073399999999999910e+00,7.779427049133815331e+00
1.073600000000000110e+00,7.777153980780270537e+00
1.074000000000000066e+00,7.778315860970110407e+00
1.074200000000000044e+00,7.774486344170884244e+00
1.074699999999999989e+00,7.768909682047685727e+00
1.074899999999999967e+00,7.763639053167683102e+00
1.075399999999999912e+00,7.756327924296479992e+00
1.075599999999999890e+00,7.747208474341294782e+00
1.076100000000000056e+00,7.737008583473813594e+00
1.076300000000000034e+00,7.732930733604924889e+00
1.076799999999999979e+00,7.726266731516995279e+00
1.076999999999999957e+00,7.724603272788458597e+00
1.077499999999999902e+00,7.722286520729372050e+00
1.077700000000000102e+00,7.721606604421671349e+00
1.078200000000000047e+00,7.720207851417141498e+00
1.078400000000000025e+00,7.723697056395418592e+00
1.078799999999999981e+00,7.726435594926920558e+00
1.079099999999999948e+00,7.729222647020474568e+00
1.079499999999999904e+00,7.727853986131409059e+00
1.079700000000000104e+00,7.726177806454125552e+00
1.080100000000000060e+00,7.733020777819234581e+00
1.080300000000000038e+00,7.733123207939176069e+00
1.080699999999999994e+00,7.735218503474028395e+00
1.080999999999999961e+00,7.739646955956525076e+00
1.081499999999999906e+00,7.732302177386739750e+00
1.081700000000000106e+00,7.714127593155817308e+00
1.082200000000000051e+00,7.702941337858206339e+00
1.082400000000000029e+00,7.691085363438211253e+00
1.082899999999999974e+00,7.679633211633563938e+00
1.083099999999999952e+00,7.681345575268895942e+00
1.083499999999999908e+00,7.683394155096891609e+00
1.083700000000000108e+00,7.684378693099128910e+00
1.084000000000000075e+00,7.686585322429494660e+00
1.084400000000000031e+00,7.687376320372198535e+00
1.084600000000000009e+00,7.684590097488674054e+00
1.085099999999999953e+00,7.677586295035121466e+00
1.085299999999999931e+00,7.673065111856169018e+00
1.085700000000000109e+00,7.670403189322664517e+00
1.085900000000000087e+00,7.664508144623606078e+00
1.086400000000000032e+00,7.659460317283039998e+00
1.086600000000000010e+00,7.660594830808390654e+00
1.086799999999999988e+00,7.660450193575085720e+00
1.087199999999999944e+00,7.655572292372127663e+00
1.087399999999999922e+00,7.653590625170684447e+00
1.087900000000000089e+00,7.649596069757568451e+00
1.088200000000000056e+00,7.641925484637158483e+00
1.088400000000000034e+00,7.634791928982091136e+00
1.088799999999999990e+00,7.627593164171163842e+00
1.089099999999999957e+00,7.629097777729355379e+00
1.089499999999999913e+00,7.632830641973731289e+00
1.089800000000000102e+00,7.635510133024991930e+00
1.090200000000000058e+00,7.638690490406884415e+00
1.090400000000000036e+00,7.642870937164537359e+00
1.090799999999999992e+00,7.638001926929538499e+00
1.091099999999999959e+00,7.633951698359230598e+00
1.091499999999999915e+00,7.628018917710255309e+00
1.091699999999999893e+00,7.619636475882931137e+00
1.091900000000000093e+00,7.615343518182495330e+00
1.092400000000000038e+00,7.607575362890140802e+00
1.092600000000000016e+00,7.600402864799127300e+00
1.092999999999999972e+00,7.598779687353342638e+00
1.093299999999999939e+00,7.595103814189707592e+00
1.093699999999999894e+00,7.590808790586267563e+00
1.094000000000000083e+00,7.592438533766677544e+00
1.094500000000000028e+00,7.593406985829665778e+00
1.094700000000000006e+00,7.592251643696591223e+00
1.095199999999999951e+00,7.595391242615212590e+00
1.095399999999999929e+00,7.594574422630228305e+00
1.095800000000000107e+00,7.592535134223201254e+00
1.096000000000000085e+00,7.592077727963664202e+00
1.096500000000000030e+00,7.590704686862849826e+00
1.096700000000000008e+00,7.587066364956874587e+00
1.097099999999999964e+00,7.582946423859707963e+00
1.097399999999999931e+00,7.579418672468699825e+00
1.097900000000000098e+00,7.569289130443523916e+00
1.098100000000000076e+00,7.553296797179197775e+00
1.098500000000000032e+00,7.537689305919803573e+00
1.098700000000000010e+00,7.522174075845765806e+00
1.099099999999999966e+00,7.509122555883208427e+00
1.099299999999999944e+00,7.504669066878967953e+00
1.099499999999999922e+00,7.504204707399209973e+00
1.100000000000000089e+00,7.501822690511030345e+00
1.100200000000000067e+00,7.501712340262089107e+00
1.100700000000000012e+00,7.499765143897940689e+00
1.100899999999999990e+00,7.496627713315939801e+00
1.101099999999999968e+00,7.500165015371650590e+00
1.101599999999999913e+00,7.504321824994834245e+00
1.101799999999999891e+00,7.506960927082805490e+00
1.102200000000000069e+00,7.509299436202486966e+00
1.102500000000000036e+00,7.511711942754796034e+00
1.102999999999999980e+00,7.509203989563006054e+00
1.103199999999999958e+00,7.506050991176184795e+00
1.103399999999999936e+00,7.501703610089948349e+00
1.103799999999999892e+00,7.495347898142103560e+00
1.104000000000000092e+00,7.485931832383884377e+00
1.104500000000000037e+00,7.479717460413538355e+00
1.104700000000000015e+00,7.476475085700374557e+00
1.104899999999999993e+00,7.474893925841775477e+00
1.105299999999999949e+00,7.475551077577028636e+00
1.105499999999999927e+00,7.478630996996530556e+00
1.106000000000000094e+00,7.477537061096884763e+00
1.106200000000000072e+00,7.476928550037564847e+00
1.106600000000000028e+00,7.477907173222277493e+00
1.106899999999999995e+00,7.472197880217247956e+00
1.107199999999999962e+00,7.467930403600721689e+00
1.107599999999999918e+00,7.465256152437981463e+00
1.107900000000000107e+00,7.459098949110789079e+00
1.108300000000000063e+00,7.449575238837046420e+00
1.108500000000000041e+00,7.441861516283010403e+00
1.108999999999999986e+00,7.432118766345087835e+00
1.109199999999999964e+00,7.420514893073936413e+00
1.109599999999999920e+00,7.407355560905547698e+00
1.109900000000000109e+00,7.393372727387825805e+00
1.110300000000000065e+00,7.385101244240522611e+00
1.110500000000000043e+00,7.378062699355815823e+00
1.110999999999999988e+00,7.373381391796441697e+00
1.111199999999999966e+00,7.370345870451045833e+00
1.111699999999999910e+00,7.371172077784703625e+00
1.111900000000000110e+00,7.372798613370924237e+00
1.112100000000000088e+00,7.374110995413964531e+00
1.112500000000000044e+00,7.376948533152074106e+00
1.112700000000000022e+00,7.381536098071127761e+00
1.113199999999999967e+00,7.385175524162736593e+00
1.113399999999999945e+00,7.385235708455838655e+00
1.113899999999999890e+00,7.382602494111490721e+00
1.114100000000000090e+00,7.378303128154907853e+00
1.114600000000000035e+00,7.373215529048459338e+00
1.114800000000000013e+00,7.369594604856867015e+00
1.115099999999999980e+00,7.369807736837822532e+00
1.115499999999999936e+00,7.373025075471108636e+00
1.115799999999999903e+00,7.375868043005832320e+00
1.116000000000000103e+00,7.375139552298072942e+00
1.116400000000000059e+00,7.373581818140854338e+00
1.116600000000000037e+00,7.367653567947885840e+00
1.117099999999999982e+00,7.355734531332424275e+00
1.117499999999999938e+00,7.342928604127108905e+00
1.117799999999999905e+00,7.332930833988672958e+00
1.118200000000000083e+00,7.323007076879276767e+00
1.118500000000000050e+00,7.318152768708285016e+00
1.118900000000000006e+00,7.318618130002229272e+00
1.119099999999999984e+00,7.318021055170432554e+00
1.119599999999999929e+00,7.319246909888167174e+00
1.119799999999999907e+00,7.324715041719944253e+00
1.120200000000000085e+00,7.322556689560722809e+00
1.120500000000000052e+00,7.316798702200477678e+00
1.120900000000000007e+00,7.313347451295417301e+00
1.121399999999999952e+00,7.305601581458764926e+00
1.121599999999999930e+00,7.295429049977155245e+00
1.122100000000000097e+00,7.289468161554292003e+00
1.122300000000000075e+00,7.289298474061345345e+00
1.122500000000000053e+00,7.289637893593826412e+00
1.122900000000000009e+00,7.297486387413120390e+00
1.123099999999999987e+00,7.300172910719161301e+00
1.123599999999999932e+00,7.303753344917174317e+00
1.123799999999999910e+00,7.303718383099288225e+00
1.124200000000000088e+00,7.299301809297057630e+00
1.124400000000000066e+00,7.293010900669697705e+00
1.124900000000000011e+00,7.290749295206787828e+00
1.125099999999999989e+00,7.284084115092296585e+00
1.125299999999999967e+00,7.288416901055642327e+00
1.125799999999999912e+00,7.299012688580800656e+00
1.125999999999999890e+00,7.297703974206148025e+00
1.126500000000000057e+00,7.294502286870897301e+00
1.126700000000000035e+00,7.290685680577668748e+00
1.127199999999999980e+00,7.276983321050648712e+00
1.127399999999999958e+00,7.262110277693744287e+00
1.127899999999999903e+00,7.259893398144924959e+00
1.128100000000000103e+00,7.254268238355844112e+00
1.128500000000000059e+00,7.253582627203547517e+00
1.128700000000000037e+00,7.254438389895371486e+00
1.129199999999999982e+00,7.252939282321736236e+00
1.129399999999999959e+00,7.249349050620913282e+00
1.129799999999999915e+00,7.246716459788919096e+00
1.129999999999999893e+00,7.238680381677076170e+00
1.130500000000000060e+00,7.227483446105021692e+00
1.130700000000000038e+00,7.215544443309743983e+00
1.131199999999999983e+00,7.207486425943044672e+00
1.131399999999999961e+00,7.202205600432832533e+00
1.131799999999999917e+00,7.202708586840912197e+00
1.132100000000000106e+00,7.203141101758125942e+00
1.132500000000000062e+00,7.206280819668233306e+00
1.132700000000000040e+00,7.205145285832381674e+00
1.133199999999999985e+00,7.203722937031419526e+00
1.133399999999999963e+00,7.204893469098250236e+00
1.133799999999999919e+00,7.205675520255416799e+00
1.134100000000000108e+00,7.206497297230774812e+00
1.134500000000000064e+00,7.210976507948663183e+00
1.134700000000000042e+00,7.212359683909101093e+00
1.135099999999999998e+00,7.209834374201085971e+00
1.135399999999999965e+00,7.211158440812993398e+00
1.135799999999999921e+00,7.210425233413754853e+00
1.135999999999999899e+00,7.207131189205243871e+00
1.136500000000000066e+00,7.203719281377861883e+00
1.136700000000000044e+00,7.201422195767247736e+00
1.137199999999999989e+00,7.196916267050435856e+00
1.137399999999999967e+00,7.191886148097962561e+00
1.137899999999999912e+00,7.181797545693370921e+00
1.138099999999999890e+00,7.175834277931562255e+00
1.138400000000000079e+00,7.168467610755294928e+00
1.138600000000000056e+00,7.165280098656582553e+00
1.139100000000000001e+00,7.172139398764487694e+00
1.139299999999999979e+00,7.182821216741299253e+00
1.139799999999999924e+00,7.180627867345860338e+00
1.139999999999999902e+00,7.180385773387643944e+00
1.140500000000000069e+00,7.184126197953279558e+00
1.140700000000000047e+00,7.171816192667050061e+00
1.141100000000000003e+00,7.160389983390524904e+00
1.141399999999999970e+00,7.157837008350266927e+00
1.141599999999999948e+00,7.151957745114016163e+00
1.141999999999999904e+00,7.139467119504638859e+00
1.142300000000000093e+00,7.136661144847567861e+00
1.142700000000000049e+00,7.136429753052953906e+00
1.142900000000000027e+00,7.136821501000371271e+00
1.143399999999999972e+00,7.137232104205138761e+00
1.143599999999999950e+00,7.131374112488985340e+00
1.144099999999999895e+00,7.134590473455436843e+00
1.144300000000000095e+00,7.136216609270328526e+00
1.144600000000000062e+00,7.138741596922625554e+00
1.145000000000000018e+00,7.142792064204208202e+00
1.145199999999999996e+00,7.154291778478373054e+00
1.145699999999999941e+00,7.159366583607828183e+00
1.145899999999999919e+00,7.152855167976703399e+00
1.146400000000000086e+00,7.157456230183489865e+00
1.146600000000000064e+00,7.159789072136435450e+00
1.146800000000000042e+00,7.155347495316769724e+00
1.147299999999999986e+00,7.139038865905389386e+00
1.147499999999999964e+00,7.124729811930352597e+00
1.147899999999999920e+00,7.095621976561662159e+00
1.148099999999999898e+00,7.069876640334319617e+00
1.148400000000000087e+00,7.051208664253793224e+00
1.148800000000000043e+00,7.039749438954024718e+00
1.149100000000000010e+00,7.038415679988530016e+00
1.149499999999999966e+00,7.038936739279800570e+00
1.149799999999999933e+00,7.040413940168077644e+00
1.150199999999999889e+00,7.034550407848395359e+00
1.150400000000000089e+00,7.030892878073791152e+00
1.150600000000000067e+00,7.028445626869887164e+00
1.151000000000000023e+00,7.030949728367154705e+00
1.151299999999999990e+00,7.028948964830087576e+00
1.151699999999999946e+00,7.037210293622255364e+00
1.151899999999999924e+00,7.046084487286611520e+00
1.152300000000000102e+00,7.051901495905847028e+00
1.152600000000000069e+00,7.055754240842260216e+00
1.153000000000000025e+00,7.059181747887111058e+00
1.153200000000000003e+00,7.058547717549991773e+00
1.153699999999999948e+00,7.052952815768121830e+00
1.153999999999999915e+00,7.047324681520584555e+00
1.154500000000000082e+00,7.046993022042925325e+00
1.154700000000000060e+00,7.049191222073813101e+00
1.155200000000000005e+00,7.047062026929175715e+00
1.155399999999999983e+00,7.040953275937455125e+00
1.155799999999999939e+00,7.033318342243300769e+00
1.155999999999999917e+00,7.019575696664003495e+00
1.156199999999999894e+00,7.005352429653168400e+00
1.156600000000000072e+00,6.992976642231644391e+00
1.156900000000000039e+00,6.987586994923190353e+00
1.157299999999999995e+00,6.982650498418287555e+00
1.157499999999999973e+00,6.976758981979135577e+00
1.157799999999999940e+00,6.971404575683014748e+00
1.158199999999999896e+00,6.966149638959473478e+00
1.158400000000000096e+00,6.961246425128963189e+00
1.158600000000000074e+00,6.970710268955349065e+00
1.159100000000000019e+00,6.984468846619188653e+00
1.159299999999999997e+00,6.999334007132821611e+00
1.159799999999999942e+00,7.014843160807471278e+00
1.159999999999999920e+00,7.029673947956950109e+00
1.160199999999999898e+00,7.028210211675880004e+00
1.160800000000000054e+00,7.026419845946874965e+00
1.161000000000000032e+00,7.025891293593877762e+00
1.161399999999999988e+00,7.026409464269136151e+00
1.161599999999999966e+00,7.023737837913435200e+00
1.162099999999999911e+00,7.024824650531114045e+00
1.162300000000000111e+00,7.012549846233676831e+00
1.162800000000000056e+00,7.000884349045444210e+00
1.163000000000000034e+00,6.994976047897116800e+00
1.163399999999999990e+00,6.990322205314703830e+00
1.163599999999999968e+00,6.982129841214267607e+00
1.163999999999999924e+00,6.980532549175636703e+00
1.164299999999999891e+00,6.976284537248968576e+00
1.164500000000000091e+00,6.961841515912281508e+00
1.165000000000000036e+00,6.950283671977032895e+00
1.165200000000000014e+00,6.940457484364563001e+00
1.165599999999999969e+00,6.932263027400466626e+00
1.165899999999999936e+00,6.924157313584759166e+00
1.166400000000000103e+00,6.918276417432477565e+00
1.166600000000000081e+00,6.908179565471298744e+00
1.166800000000000059e+00,6.901126580413087908e+00
1.167300000000000004e+00,6.901791963457307943e+00
1.167499999999999982e+00,6.898902716859781847e+00
1.167999999999999927e+00,6.894753844636229090e+00
1.168199999999999905e+00,6.895967148098371524e+00
1.168600000000000083e+00,6.898235722571090633e+00
1.168800000000000061e+00,6.898552894508692468e+00
1.169300000000000006e+00,6.899605075442186930e+00
1.169499999999999984e+00,6.905423299593540065e+00
1.169699999999999962e+00,6.909757623448921748e+00
1.170199999999999907e+00,6.909597005880788956e+00
1.170400000000000107e+00,6.906407837908856706e+00
1.170800000000000063e+00,6.901612569075731507e+00
1.171100000000000030e+00,6.896512076369764266e+00
1.171499999999999986e+00,6.885655122829126285e+00
1.171699999999999964e+00,6.877601373561637033e+00
1.172199999999999909e+00,6.870003716598072963e+00
1.172500000000000098e+00,6.871203888337841015e+00
1.172900000000000054e+00,6.864875508972857254e+00
1.173100000000000032e+00,6.864080080738466982e+00
1.173599999999999977e+00,6.856910043325783022e+00
1.173799999999999955e+00,6.849581633868730535e+00
1.174199999999999910e+00,6.840728396134698741e+00
1.174400000000000110e+00,6.840088628986553232e+00
1.174900000000000055e+00,6.839052586767870423e+00
1.175100000000000033e+00,6.844345603410632251e+00
1.175499999999999989e+00,6.847018588475029865e+00
1.175799999999999956e+00,6.847703433000563500e+00
1.176199999999999912e+00,6.844607315826812588e+00
1.176500000000000101e+00,6.842625631201530112e+00
1.176900000000000057e+00,6.841720265539087187e+00
1.177200000000000024e+00,6.839548863818434299e+00
1.177699999999999969e+00,6.830278842714367471e+00
1.177899999999999947e+00,6.822840977337429003e+00
1.178399999999999892e+00,6.821134989084544742e+00
1.178600000000000092e+00,6.819357010875439329e+00
1.179000000000000048e+00,6.819087817414585473e+00
1.179300000000000015e+00,6.823394809999387078e+00
1.179699999999999971e+00,6.826350894487690724e+00
1.179899999999999949e+00,6.821182952873041216e+00
1.180399999999999894e+00,6.812446654639318311e+00
1.180600000000000094e+00,6.807315775042566131e+00
1.180900000000000061e+00,6.801092969476173700e+00
1.181400000000000006e+00,6.794797870034451570e+00
1.181599999999999984e+00,6.785293667502804382e+00
1.181999999999999940e+00,6.782761158917737454e+00
1.182299999999999907e+00,6.776408635255081414e+00
1.182500000000000107e+00,6.773183463618662969e+00
1.183000000000000052e+00,6.770451085448271122e+00
1.183200000000000029e+00,6.770250377655665730e+00
1.183699999999999974e+00,6.767682927585340735e+00
1.183899999999999952e+00,6.767325692015325522e+00
1.184299999999999908e+00,6.765721517142385899e+00
1.184600000000000097e+00,6.761786414010150459e+00
1.185000000000000053e+00,6.757503530191444341e+00
1.185300000000000020e+00,6.749625484635534356e+00
1.185699999999999976e+00,6.740305640003942500e+00
1.185899999999999954e+00,6.733170644012131056e+00
1.186399999999999899e+00,6.725403453843314061e+00
1.186600000000000099e+00,6.719597201726434932e+00
1.187100000000000044e+00,6.708476232025750718e+00
1.187300000000000022e+00,6.699731377609598582e+00
1.187699999999999978e+00,6.690406108861290946e+00
1.187899999999999956e+00,6.680378036397764063e+00
1.188399999999999901e+00,6.664431197279664154e+00
1.188700000000000090e+00,6.664848172616144595e+00
1.189100000000000046e+00,6.670142245442935547e+00
1.189300000000000024e+00,6.675314489344995827e+00
1.189699999999999980e+00,6.681642501119581468e+00
1.189999999999999947e+00,6.694258576004367356e+00
1.190299999999999914e+00,6.692565274145633403e+00
1.190600000000000103e+00,6.690652783388763680e+00
1.191000000000000059e+00,6.687075088721575966e+00
1.191300000000000026e+00,6.682425115905887836e+00
1.191699999999999982e+00,6.677657725692178303e+00
1.191899999999999959e+00,6.675043567946350009e+00
1.192099999999999937e+00,6.670293544789322127e+00
1.192600000000000104e+00,6.669287638315645417e+00
1.192900000000000071e+00,6.669044953727665259e+00
1.193400000000000016e+00,6.665257424195438318e+00
1.193599999999999994e+00,6.662585841260559860e+00
1.194099999999999939e+00,6.658364272128515005e+00
1.194399999999999906e+00,6.650596012401920554e+00
1.194800000000000084e+00,6.643907237667833421e+00
1.195000000000000062e+00,6.642302145395408530e+00
1.195400000000000018e+00,6.637010389075602923e+00
1.195599999999999996e+00,6.630838790276926353e+00
1.195999999999999952e+00,6.631496403545215301e+00
1.196199999999999930e+00,6.629637595948482343e+00
1.196700000000000097e+00,6.632218071694895301e+00
1.196900000000000075e+00,6.636453543614752704e+00
1.197300000000000031e+00,6.637716474134914613e+00
1.197500000000000009e+00,6.631415373102854893e+00
1.197999999999999954e+00,6.625389324314005179e+00
1.198199999999999932e+00,6.616369398172451177e+00
1.198800000000000088e+00,6.608603123073878649e+00
1.199000000000000066e+00,6.602393307640896047e+00
1.199500000000000011e+00,6.598533324172485948e+00
1.199699999999999989e+00,6.596220343274561415e+00
1.200199999999999934e+00,6.592096844811880629e+00
1.200399999999999912e+00,6.590312946078705991e+00
1.200800000000000090e+00,6.590938960079341769e+00
1.201000000000000068e+00,6.590775065608013072e+00
1.201500000000000012e+00,6.593367384218897342e+00
1.201699999999999990e+00,6.591258804941048766e+00
1.201899999999999968e+00,6.585955159635895839e+00
1.202399999999999913e+00,6.581767787871005915e+00
1.202599999999999891e+00,6.576871356392958390e+00
1.203100000000000058e+00,6.571453250739937246e+00
1.203300000000000036e+00,6.573122107341735187e+00
1.203699999999999992e+00,6.580086136068755920e+00
1.203999999999999959e+00,6.581211584885117816e+00
1.204199999999999937e+00,6.581311959136249001e+00
1.204700000000000104e+00,6.580133552170909006e+00
1.204900000000000082e+00,6.574339585073695424e+00
1.205100000000000060e+00,6.568866208428447706e+00
1.205600000000000005e+00,6.563386802330709813e+00
1.205799999999999983e+00,6.557203585578764482e+00
1.206199999999999939e+00,6.551620872038423471e+00
1.206399999999999917e+00,6.545382476258465587e+00
1.206800000000000095e+00,6.537477723932426876e+00
1.207000000000000073e+00,6.534331838546902027e+00
1.207500000000000018e+00,6.533974504304708830e+00
1.207699999999999996e+00,6.532495822216823456e+00
1.208199999999999941e+00,6.533678681369670116e+00
1.208499999999999908e+00,6.531626794544777681e+00
1.208900000000000086e+00,6.528122184731312672e+00
1.209200000000000053e+00,6.526323813308424704e+00
1.209600000000000009e+00,6.521374932230152410e+00
1.209899999999999975e+00,6.517842345626911893e+00
1.210299999999999931e+00,6.513458461206990791e+00
1.210599999999999898e+00,6.507492269721694811e+00
1.210800000000000098e+00,6.496213232424222994e+00
1.211200000000000054e+00,6.488820624362957368e+00
1.211400000000000032e+00,6.479057618621332892e+00
1.211899999999999977e+00,6.471267911823953334e+00
1.211999999999999966e+00,6.466964628372152468e+00
1.212399999999999922e+00,6.468162126250788013e+00
1.212599999999999900e+00,6.467867609684097907e+00
1.213100000000000067e+00,6.463515771816253697e+00
1.213400000000000034e+00,6.461165350691856268e+00
1.213899999999999979e+00,6.460277261705060781e+00
1.214099999999999957e+00,6.453002344680713875e+00
1.214599999999999902e+00,6.452578645742556240e+00
1.214900000000000091e+00,6.454800332710285637e+00
1.215300000000000047e+00,6.453542258543220278e+00
1.215500000000000025e+00,6.453066417831942125e+00
1.215899999999999981e+00,6.456811976188751245e+00
1.216099999999999959e+00,6.454649577917196623e+00
1.216299999999999937e+00,6.453444835653466605e+00
1.216800000000000104e+00,6.451548662104181986e+00
1.217000000000000082e+00,6.446548722137678489e+00
1.217500000000000027e+00,6.442920222961002530e+00
1.217700000000000005e+00,6.442150215678620562e+00
1.218199999999999950e+00,6.441631830403919068e+00
1.218399999999999928e+00,6.442232117785938961e+00
1.218699999999999894e+00,6.439705910833427360e+00
1.219100000000000072e+00,6.435323352399491270e+00
1.219700000000000006e+00,6.427922068076298068e+00
1.219899999999999984e+00,6.420108795025526227e+00
1.220099999999999962e+00,6.410820752401625633e+00
1.220499999999999918e+00,6.400987534759260633e+00
1.220699999999999896e+00,6.393158032008683378e+00
1.221200000000000063e+00,6.384910952174084109e+00
1.221400000000000041e+00,6.376585526591816766e+00
1.221799999999999997e+00,6.374206076812386712e+00
1.222099999999999964e+00,6.371020443390884580e+00
1.222499999999999920e+00,6.368445349372867881e+00
1.222699999999999898e+00,6.366008322852280799e+00
1.222900000000000098e+00,6.363974672961568935e+00
1.223400000000000043e+00,6.356385866220783498e+00
1.223600000000000021e+00,6.350825913937764078e+00
1.223999999999999977e+00,6.343557524494118027e+00
1.224199999999999955e+00,6.341628119946877362e+00
1.224599999999999911e+00,6.338174899870322676e+00
1.224900000000000100e+00,6.334789695633391560e+00
1.225300000000000056e+00,6.331396172133408662e+00
1.225600000000000023e+00,6.327868053958019878e+00
1.225999999999999979e+00,6.317768147744428298e+00
1.226199999999999957e+00,6.311694335280336965e+00
1.226699999999999902e+00,6.308133943372373764e+00
1.226900000000000102e+00,6.308031872831465492e+00
1.227100000000000080e+00,6.306257413143391943e+00
1.227600000000000025e+00,6.308766269599310306e+00
1.227800000000000002e+00,6.307678563729492538e+00
1.228299999999999947e+00,6.302220798705127969e+00
1.228399999999999936e+00,6.295064572426901428e+00
1.228900000000000103e+00,6.289797344544156843e+00
1.229100000000000081e+00,6.278403898402062921e+00
1.229600000000000026e+00,6.270217416427526835e+00
1.229800000000000004e+00,6.269469764855765348e+00
1.229999999999999982e+00,6.268090000326464128e+00
1.230499999999999927e+00,6.264811420345631987e+00
1.230699999999999905e+00,6.267678607371209409e+00
1.231100000000000083e+00,6.270523106780560241e+00
1.231300000000000061e+00,6.264981626818988403e+00
1.231800000000000006e+00,6.261358545535112619e+00
1.232099999999999973e+00,6.261542974393962346e+00
1.232199999999999962e+00,6.259812670171837290e+00
1.232699999999999907e+00,6.259957194688637649e+00
1.233000000000000096e+00,6.264510067085506506e+00
1.233500000000000041e+00,6.265075133699005150e+00
1.233700000000000019e+00,6.264910830205971948e+00
1.234099999999999975e+00,6.260227759532501324e+00
1.234299999999999953e+00,6.249832688215439802e+00
1.234699999999999909e+00,6.242224890297133122e+00
1.234900000000000109e+00,6.236465068641948939e+00
1.235400000000000054e+00,6.231556999961588517e+00
1.235600000000000032e+00,6.228519800796085804e+00
1.236099999999999977e+00,6.227562940021026172e+00
1.236299999999999955e+00,6.225095937436588400e+00
1.236699999999999910e+00,6.225913411982419099e+00
1.236900000000000110e+00,6.219710913081267556e+00
1.237400000000000055e+00,6.217147145147760234e+00
1.237600000000000033e+00,6.211970445254568318e+00
1.238099999999999978e+00,6.206796881781385444e+00
1.238299999999999956e+00,6.199760088466677921e+00
1.238799999999999901e+00,6.199723873162588106e+00
1.239000000000000101e+00,6.198413342072272236e+00
1.239500000000000046e+00,6.199258289102393960e+00
1.239700000000000024e+00,6.200116703577453592e+00
1.240199999999999969e+00,6.198461734804318723e+00
1.240399999999999947e+00,6.193027429158838082e+00
1.240699999999999914e+00,6.186457197679965603e+00
1.241000000000000103e+00,6.184808501362714317e+00
1.241100000000000092e+00,6.184710322293396345e+00
1.241600000000000037e+00,6.184708433388808935e+00
1.241800000000000015e+00,6.182101793538174128e+00
1.242299999999999960e+00,6.176983637325996312e+00
1.242599999999999927e+00,6.167538053322154212e+00
1.243100000000000094e+00,6.158265965173771228e+00
1.243300000000000072e+00,6.149674422558650377e+00
1.243800000000000017e+00,6.144642615576458411e+00
1.243999999999999995e+00,6.143922313835982862e+00
1.244199999999999973e+00,6.141618797671498875e+00
1.244599999999999929e+00,6.138122613766897828e+00
1.244799999999999907e+00,6.139098692435895011e+00
1.245000000000000107e+00,6.141783959218161115e+00
1.245500000000000052e+00,6.144041489098973408e+00
1.245700000000000029e+00,6.144706563834258617e+00
1.246199999999999974e+00,6.144786157230575085e+00
1.246399999999999952e+00,6.140162930675653996e+00
1.246599999999999930e+00,6.134604510531493027e+00
1.247000000000000108e+00,6.130071974034260407e+00
1.247300000000000075e+00,6.121834264364304445e+00
1.247400000000000064e+00,6.112840342739069399e+00
1.247900000000000009e+00,6.103084598635399871e+00
1.248099999999999987e+00,6.093284471672124170e+00
1.248599999999999932e+00,6.086034069597846319e+00
1.248799999999999910e+00,6.088492576007410229e+00
1.249300000000000077e+00,6.092929004525293735e+00
1.249500000000000055e+00,6.098350005588891953e+00
1.250000000000000000e+00,6.105302767657195595e+00
1.250299999999999967e+00,6.107067012280921858e+00
1.250699999999999923e+00,6.104168449950765130e+00
1.250899999999999901e+00,6.097854652128422259e+00
1.251400000000000068e+00,6.088193333927407025e+00
1.251600000000000046e+00,6.077403114307378118e+00
1.252000000000000002e+00,6.068534499982237485e+00
1.252199999999999980e+00,6.067457982233959157e+00
1.252699999999999925e+00,6.065148820063594570e+00
1.252899999999999903e+00,6.066142329700378255e+00
1.253100000000000103e+00,6.065694114089082767e+00
1.253500000000000059e+00,6.068822458636934591e+00
1.253800000000000026e+00,6.065599297707670701e+00
1.254199999999999982e+00,6.068211919526557807e+00
1.254399999999999959e+00,6.070084710206868017e+00
1.254799999999999915e+00,6.068937592215164045e+00
1.255100000000000104e+00,6.065350457181708066e+00
1.255300000000000082e+00,6.061190278464637871e+00
1.255800000000000027e+00,6.054171785560004793e+00
1.256000000000000005e+00,6.050688572757368711e+00
1.256499999999999950e+00,6.046762195274226315e+00
1.256699999999999928e+00,6.037533299260157804e+00
1.257100000000000106e+00,6.027820058122083324e+00
1.257300000000000084e+00,6.013615061598590827e+00
1.257800000000000029e+00,6.002215024286661205e+00
1.258000000000000007e+00,5.995163302253692983e+00
1.258399999999999963e+00,5.992631602008691161e+00
1.258699999999999930e+00,5.987573768074795133e+00
1.259200000000000097e+00,5.984404000173308091e+00
1.259400000000000075e+00,5.981618798650556457e+00
1.259700000000000042e+00,5.978327726289260013e+00
1.260099999999999998e+00,5.974647215564178993e+00
1.260299999999999976e+00,5.983564956667518864e+00
1.260799999999999921e+00,5.995989713812876154e+00
1.260999999999999899e+00,6.004438492540620231e+00
1.261500000000000066e+00,6.006392635323766882e+00
1.261700000000000044e+00,6.005335544972956185e+00
1.262199999999999989e+00,5.997995810008704964e+00
1.262399999999999967e+00,5.990127915048718776e+00
1.262799999999999923e+00,5.979639122201120038e+00
1.262999999999999901e+00,5.977229766341852546e+00
1.263200000000000101e+00,5.979117862732198141e+00
1.263700000000000045e+00,5.975734798763232547e+00
1.264000000000000012e+00,5.970280866717247115e+00
1.264399999999999968e+00,5.969130825304040044e+00
1.264599999999999946e+00,5.963525008964023044e+00
1.264999999999999902e+00,5.951463744430229852e+00
1.265099999999999891e+00,5.941373442753806522e+00
1.265500000000000069e+00,5.931562100057740317e+00
1.265700000000000047e+00,5.923135346442843563e+00
1.266199999999999992e+00,5.912860390270283872e+00
1.266399999999999970e+00,5.907873881102478464e+00
1.266899999999999915e+00,5.904979664311804655e+00
1.267099999999999893e+00,5.901272156053630979e+00
1.267300000000000093e+00,5.890642314659855217e+00
1.267700000000000049e+00,5.883514577175174232e+00
1.268000000000000016e+00,5.878866539043014150e+00
1.268399999999999972e+00,5.873879842629438741e+00
1.268599999999999950e+00,5.869202466896039638e+00
1.269099999999999895e+00,5.870801832300601930e+00
1.269400000000000084e+00,5.870514108529122588e+00
1.269900000000000029e+00,5.865243679060717419e+00
1.270100000000000007e+00,5.858310667591350551e+00
1.270599999999999952e+00,5.847852044108540426e+00
1.270799999999999930e+00,5.834034923638546033e+00
1.271200000000000108e+00,5.825101063933191270e+00
1.271500000000000075e+00,5.816296560877675326e+00
1.271900000000000031e+00,5.810983205244423466e+00
1.272100000000000009e+00,5.811500238633859894e+00
1.272599999999999953e+00,5.815158895919884330e+00
1.272899999999999920e+00,5.816611374872550755e+00
1.273300000000000098e+00,5.819546676056886803e+00
1.273500000000000076e+00,5.816758972091443880e+00
1.273900000000000032e+00,5.813443215331171920e+00
1.274199999999999999e+00,5.809891348010912893e+00
1.274599999999999955e+00,5.806490628815778265e+00
1.274899999999999922e+00,5.802145398362549500e+00
1.275300000000000100e+00,5.799600265893323225e+00
1.275500000000000078e+00,5.799013972244141613e+00
1.275900000000000034e+00,5.796200639668347421e+00
1.276100000000000012e+00,5.792089550661351005e+00
1.276599999999999957e+00,5.790184314876658078e+00
1.276799999999999935e+00,5.784904739748465197e+00
1.277099999999999902e+00,5.780878663040888377e+00
1.277600000000000069e+00,5.773424592968589231e+00
1.277800000000000047e+00,5.768478857187675501e+00
1.278200000000000003e+00,5.760930293735588847e+00
1.278499999999999970e+00,5.759983721521645172e+00
1.278899999999999926e+00,5.755457714097246047e+00
1.279099999999999904e+00,5.757170868171402667e+00
1.279600000000000071e+00,5.753133825304735716e+00
1.279800000000000049e+00,5.753848647754855605e+00
1.280200000000000005e+00,5.752849331365218255e+00
1.280399999999999983e+00,5.747576476017313141e+00
1.280899999999999928e+00,5.738162215623843210e+00
1.281199999999999894e+00,5.736553194396476485e+00
1.281600000000000072e+00,5.730736636112566451e+00
1.281900000000000039e+00,5.721104702310908507e+00
1.282299999999999995e+00,5.715399146682953457e+00
1.282599999999999962e+00,5.708476375158037186e+00
1.282999999999999918e+00,5.693052923200214721e+00
1.283300000000000107e+00,5.681374467089163716e+00
1.283700000000000063e+00,5.679935847785477776e+00
1.283900000000000041e+00,5.678972585388964767e+00
1.284399999999999986e+00,5.682579197815453398e+00
1.284599999999999964e+00,5.685741715276692254e+00
1.285099999999999909e+00,5.689718865137249892e+00
1.285400000000000098e+00,5.686277994477740627e+00
1.285600000000000076e+00,5.682394255278610196e+00
1.286100000000000021e+00,5.681783587737633923e+00
1.286299999999999999e+00,5.685323951473144177e+00
1.286699999999999955e+00,5.682657499804787626e+00
1.286899999999999933e+00,5.677905028006469124e+00
1.287400000000000100e+00,5.674247556354262478e+00
1.287600000000000078e+00,5.667196200468408662e+00
1.288100000000000023e+00,5.658765707435843950e+00
1.288300000000000001e+00,5.654251368151234303e+00
1.288599999999999968e+00,5.649067715715052174e+00
1.288999999999999924e+00,5.645142625209097709e+00
1.289199999999999902e+00,5.640814259214591786e+00
1.289700000000000069e+00,5.639680785208823544e+00
1.289900000000000047e+00,5.635914939740028551e+00
1.290399999999999991e+00,5.636613282254953283e+00
1.290599999999999969e+00,5.638035857024047637e+00
1.291099999999999914e+00,5.633673693431488161e+00
1.291299999999999892e+00,5.627684832804069615e+00
1.291700000000000070e+00,5.619177707781862985e+00
1.291900000000000048e+00,5.615361511207561662e+00
1.292399999999999993e+00,5.607960072694372577e+00
1.292599999999999971e+00,5.605914900624897612e+00
1.293099999999999916e+00,5.610264024525913662e+00
1.293299999999999894e+00,5.616655611383468916e+00
1.293700000000000072e+00,5.617521032207361209e+00
1.294000000000000039e+00,5.616283285324596086e+00
1.294399999999999995e+00,5.612991122340150518e+00
1.294599999999999973e+00,5.606893672157610808e+00
1.295099999999999918e+00,5.600339019636859206e+00
1.295199999999999907e+00,5.593315005359978720e+00
1.295600000000000085e+00,5.587118624647004594e+00
1.295900000000000052e+00,5.579324281183021483e+00
1.296300000000000008e+00,5.572037814322028382e+00
1.296599999999999975e+00,5.570747441704384073e+00
1.297099999999999920e+00,5.568939169838806436e+00
1.297400000000000109e+00,5.567896816359717782e+00
1.297600000000000087e+00,5.563843114718690863e+00
1.298100000000000032e+00,5.553453302217238985e+00
1.298300000000000010e+00,5.538958657885784120e+00
1.298799999999999955e+00,5.530418610067978413e+00
1.298999999999999932e+00,5.522950949433670154e+00
1.299500000000000099e+00,5.519771273790889055e+00
1.299700000000000077e+00,5.520053447233275179e+00
1.300100000000000033e+00,5.525071688704529471e+00
1.300300000000000011e+00,5.525836719643128170e+00
1.300699999999999967e+00,5.525806226031049206e+00
1.300899999999999945e+00,5.525641120661672012e+00
1.301399999999999890e+00,5.525147355817106032e+00
1.301600000000000090e+00,5.518812972068467104e+00
1.301800000000000068e+00,5.513121913361954896e+00
1.302300000000000013e+00,5.509404145379596329e+00
1.302499999999999991e+00,5.504724329897793034e+00
1.302899999999999947e+00,5.501049313757501835e+00
1.303199999999999914e+00,5.496272669195393590e+00
1.303399999999999892e+00,5.489271279676135151e+00
1.303900000000000059e+00,5.479882150268846175e+00
1.304100000000000037e+00,5.470302715252509884e+00
1.304599999999999982e+00,5.461081543466360877e+00
1.304899999999999949e+00,5.455451343047148072e+00
1.305299999999999905e+00,5.451044342336119897e+00
1.305500000000000105e+00,5.444447689005870394e+00
1.305700000000000083e+00,5.439776937276040947e+00
1.306100000000000039e+00,5.434878484796847431e+00
1.306300000000000017e+00,5.428308516693959973e+00
1.306499999999999995e+00,5.422584121669295598e+00
1.306999999999999940e+00,5.421919655460575527e+00
1.307199999999999918e+00,5.422807453751014251e+00
1.307700000000000085e+00,5.421219047908599542e+00
1.307900000000000063e+00,5.422192939080749952e+00
1.308400000000000007e+00,5.417483075561559502e+00
1.308599999999999985e+00,5.415203365150000892e+00
1.309099999999999930e+00,5.410972412135396148e+00
1.309199999999999919e+00,5.409855543040412940e+00
1.309700000000000086e+00,5.406461624896108376e+00
1.309900000000000064e+00,5.409781216022537365e+00
1.310100000000000042e+00,5.408448015918886576e+00
1.310499999999999998e+00,5.409019831893458807e+00
1.310699999999999976e+00,5.410640073190143617e+00
1.311299999999999910e+00,5.415561214369148502e+00
1.311500000000000110e+00,5.417313466261620469e+00
1.312000000000000055e+00,5.414920049676700486e+00
1.312400000000000011e+00,5.410771328447918194e+00
1.312599999999999989e+00,5.406818229111156171e+00
1.313099999999999934e+00,5.397147442002262707e+00
1.313499999999999890e+00,5.390269689985459856e+00
1.313700000000000090e+00,5.386792585894141006e+00
1.314200000000000035e+00,5.380146193653125408e+00
1.314400000000000013e+00,5.371489843476463300e+00
1.314899999999999958e+00,5.363470690468164825e+00
1.315099999999999936e+00,5.352376860233708733e+00
1.315600000000000103e+00,5.341505093622302525e+00
1.315900000000000070e+00,5.333837940876275496e+00
1.316300000000000026e+00,5.324190192358414286e+00
1.316500000000000004e+00,5.316158373401823845e+00
1.316999999999999948e+00,5.309164142853762591e+00
1.317199999999999926e+00,5.307499673187223266e+00
1.317700000000000093e+00,5.306938362735768244e+00
1.317900000000000071e+00,5.308171134076332898e+00
1.318300000000000027e+00,5.312473651138962083e+00
1.318500000000000005e+00,5.318202114360518706e+00
1.318899999999999961e+00,5.316937814362491466e+00
1.319099999999999939e+00,5.310838562796462270e+00
1.319600000000000106e+00,5.305113102905823830e+00
1.319800000000000084e+00,5.296778157849458601e+00
1.320300000000000029e+00,5.288705089588895625e+00
1.320500000000000007e+00,5.283720997909528094e+00
1.320699999999999985e+00,5.284803688566653612e+00
1.321199999999999930e+00,5.284056311071204881e+00
1.321399999999999908e+00,5.283234956502406376e+00
1.321700000000000097e+00,5.283906526395433900e+00
1.322100000000000053e+00,5.278045995554814240e+00
1.322300000000000031e+00,5.272195739817190585e+00
1.322799999999999976e+00,5.265377660542693405e+00
1.322999999999999954e+00,5.260618140700001000e+00
1.323399999999999910e+00,5.253919811162301556e+00
1.323600000000000110e+00,5.250813700056204070e+00
1.323800000000000088e+00,5.244794378208574415e+00
1.324300000000000033e+00,5.243021557482796524e+00
1.324500000000000011e+00,5.242441819753863363e+00
1.324999999999999956e+00,5.238584281695989553e+00
1.325199999999999934e+00,5.237881241034749280e+00
1.325599999999999890e+00,5.232710396919638463e+00
1.325800000000000090e+00,5.228035565151277986e+00
1.326300000000000034e+00,5.217320783766909109e+00
1.326500000000000012e+00,5.206613386415925859e+00
1.326999999999999957e+00,5.192513316202299833e+00
1.327199999999999935e+00,5.185852105390466704e+00
1.327700000000000102e+00,5.175837049283817493e+00
1.328000000000000069e+00,5.172514485282110996e+00
1.328400000000000025e+00,5.171455831490815669e+00
1.328699999999999992e+00,5.172519576340794956e+00
1.328999999999999959e+00,5.174047686399289248e+00
1.329399999999999915e+00,5.176604211055702898e+00
1.329700000000000104e+00,5.177740616407744412e+00
1.330100000000000060e+00,5.178152964721018492e+00
1.330300000000000038e+00,5.179431511918023645e+00
1.330699999999999994e+00,5.180403932144585610e+00
1.330899999999999972e+00,5.180042560356536541e+00
1.331299999999999928e+00,5.173872409945933448e+00
1.331499999999999906e+00,5.166698520761016766e+00
1.331900000000000084e+00,5.156339504882591740e+00
1.332200000000000051e+00,5.143799933592373641e+00
1.332600000000000007e+00,5.135728487818406407e+00
1.332799999999999985e+00,5.127863767678819684e+00
1.333099999999999952e+00,5.118780602663130175e+00
1.333599999999999897e+00,5.110069956205665953e+00
1.333800000000000097e+00,5.102600111878130562e+00
1.334000000000000075e+00,5.094335060517040326e+00
1.334500000000000020e+00,5.090405122246680847e+00
1.334999999999999964e+00,5.086937734689601420e+00
1.335199999999999942e+00,5.085638673986148994e+00
1.335399999999999920e+00,5.086100920469459830e+00
1.335900000000000087e+00,5.086919080207199073e+00
1.336100000000000065e+00,5.088401138956259118e+00
1.336500000000000021e+00,5.089193253505764680e+00
1.336799999999999988e+00,5.090983227281633106e+00
1.337099999999999955e+00,5.089430293637732028e+00
1.337399999999999922e+00,5.085190077255276719e+00
1.337800000000000100e+00,5.079475285482139668e+00
1.338100000000000067e+00,5.077243975494250883e+00
1.338600000000000012e+00,5.076311661543763343e+00
1.338899999999999979e+00,5.077690814715430712e+00
1.339299999999999935e+00,5.077267467171745707e+00
1.339499999999999913e+00,5.076511427070106386e+00
1.339800000000000102e+00,5.073956655264887594e+00
1.340100000000000069e+00,5.075841532525826594e+00
1.340300000000000047e+00,5.072344627007343121e+00
1.340799999999999992e+00,5.068635224004803597e+00
1.341099999999999959e+00,5.069175723172448578e+00
1.341499999999999915e+00,5.068874626789065196e+00
1.341699999999999893e+00,5.062743249689694025e+00
1.342200000000000060e+00,5.060338456867045309e+00
1.342400000000000038e+00,5.054903357694096933e+00
1.342600000000000016e+00,5.042807823237851039e+00
1.342999999999999972e+00,5.033896167235820229e+00
1.343299999999999939e+00,5.025642321995206885e+00
1.343499999999999917e+00,5.018455918875952548e+00
1.344000000000000083e+00,5.014247638041036126e+00
1.344200000000000061e+00,5.012478570504130815e+00
1.344500000000000028e+00,5.006323044735031758e+00
1.344899999999999984e+00,4.999501242163305825e+00
1.345099999999999962e+00,4.987967027288988220e+00
1.345399999999999929e+00,4.979867104718541881e+00
1.345900000000000096e+00,4.974818390511836164e+00
1.346100000000000074e+00,4.975465558575419500e+00
1.346300000000000052e+00,4.975331955151544250e+00
1.346700000000000008e+00,4.981430113207844457e+00
1.346899999999999986e+00,4.985998910808088880e+00
1.347199999999999953e+00,4.987277040128249794e+00
1.347599999999999909e+00,4.990232860307974860e+00
1.347900000000000098e+00,4.996796210993137421e+00
1.348000000000000087e+00,4.997517733836833287e+00
1.348500000000000032e+00,4.996171102934488850e+00
1.348799999999999999e+00,4.995530724908329390e+00
1.348999999999999977e+00,4.991285280598890317e+00
1.349299999999999944e+00,4.982761329318518229e+00
1.349599999999999911e+00,4.972147458991437396e+00
1.349800000000000111e+00,4.964036136086981799e+00
1.350200000000000067e+00,4.958101564359610691e+00
1.350400000000000045e+00,4.952275601414205752e+00
1.350600000000000023e+00,4.946392754284767435e+00
1.351099999999999968e+00,4.943327624195025471e+00
1.351399999999999935e+00,4.935950101384593225e+00
1.351599999999999913e+00,4.929376611856328694e+00
1.352100000000000080e+00,4.921704100303570861e+00
1.352300000000000058e+00,4.918431391071065306e+00
1.352800000000000002e+00,4.919564899722454143e+00
1.352899999999999991e+00,4.926113635314035122e+00
1.353199999999999958e+00,4.928675311247635804e+00
1.353599999999999914e+00,4.927661987123025611e+00
1.353799999999999892e+00,4.922804985530993882e+00
1.354100000000000081e+00,4.914432611887733060e+00
1.354500000000000037e+00,4.907136212292108723e+00
1.354800000000000004e+00,4.902008951405138149e+00
1.354999999999999982e+00,4.896996552657963520e+00
1.355499999999999927e+00,4.892663872887450083e+00
1.355699999999999905e+00,4.889156358754974896e+00
1.356000000000000094e+00,4.884789536897527817e+00
1.356400000000000050e+00,4.878047644963912965e+00
1.356600000000000028e+00,4.869252590532501479e+00
1.356800000000000006e+00,4.860353490941936805e+00
1.357299999999999951e+00,4.849328709218838185e+00
1.357499999999999929e+00,4.840515955576444540e+00
1.357900000000000107e+00,4.834430418886314307e+00
1.358100000000000085e+00,4.830352737471565128e+00
1.358500000000000041e+00,4.823550534137631907e+00
1.358700000000000019e+00,4.822193164130130327e+00
1.358999999999999986e+00,4.817688712502880222e+00
1.359399999999999942e+00,4.809209282289343079e+00
1.359599999999999920e+00,4.801877058820959832e+00
1.360100000000000087e+00,4.800931491998338352e+00
1.360300000000000065e+00,4.796491021089591911e+00
1.360899999999999999e+00,4.788231514453179294e+00
1.361099999999999977e+00,4.787394490696206262e+00
1.361299999999999955e+00,4.792570357244898105e+00
1.361599999999999921e+00,4.796783181407752394e+00
1.361799999999999899e+00,4.800309325322384524e+00
1.362100000000000088e+00,4.807856430294465966e+00
1.362500000000000044e+00,4.810747407243411544e+00
1.362700000000000022e+00,4.809897281560227000e+00
1.362999999999999989e+00,4.804616750225809696e+00
1.363499999999999934e+00,4.795359587103089183e+00
1.363799999999999901e+00,4.787455866087645617e+00
1.364200000000000079e+00,4.779863206888501637e+00
1.364500000000000046e+00,4.770649947275499514e+00
1.364800000000000013e+00,4.764099723960637078e+00
1.364999999999999991e+00,4.764426915963019482e+00
1.365499999999999936e+00,4.758542131856336788e+00
1.365699999999999914e+00,4.748116964311545729e+00
1.366200000000000081e+00,4.740999868991791821e+00
1.366500000000000048e+00,4.731951594979523890e+00
1.366700000000000026e+00,4.718660635300020445e+00
1.367099999999999982e+00,4.709884358994331777e+00
1.367399999999999949e+00,4.704341264186732374e+00
1.367799999999999905e+00,4.698689268706202071e+00
1.368000000000000105e+00,4.696272477259237021e+00
1.368500000000000050e+00,4.696671892189251629e+00
1.368700000000000028e+00,4.697432740551342967e+00
1.369099999999999984e+00,4.702180896111186392e+00
1.369399999999999951e+00,4.702432913884503130e+00
1.369899999999999896e+00,4.693817073014860952e+00
1.370200000000000085e+00,4.686707495925589662e+00
1.370600000000000041e+00,4.679809212991824729e+00
1.370800000000000018e+00,4.671842082085712278e+00
1.371199999999999974e+00,4.668034445304281022e+00
1.371399999999999952e+00,4.673542938565811156e+00
1.371899999999999897e+00,4.677789678423364350e+00
1.372100000000000097e+00,4.679050505830285367e+00
1.372500000000000053e+00,4.682574992850298656e+00
1.372700000000000031e+00,4.683495873597509629e+00
1.372900000000000009e+00,4.678735249984410594e+00
1.373399999999999954e+00,4.674134868428716061e+00
1.373599999999999932e+00,4.668944380296084162e+00
1.374100000000000099e+00,4.659404951695700348e+00
1.374300000000000077e+00,4.649202300238686192e+00
1.374800000000000022e+00,4.638913405542456125e+00
1.375000000000000000e+00,4.628937013978484671e+00
1.375499999999999945e+00,4.628166509516033145e+00
1.375699999999999923e+00,4.624155882543279361e+00
1.375899999999999901e+00,4.627904726134390856e+00
1.376400000000000068e+00,4.630271336204528687e+00
1.376600000000000046e+00,4.631507349183160649e+00
1.377000000000000002e+00,4.620958384292660703e+00
1.377299999999999969e+00,4.609465870458739900e+00
1.377799999999999914e+00,4.595646900716897854e+00
1.378200000000000092e+00,4.583866587971608730e+00
1.378500000000000059e+00,4.570601682784002584e+00
1.378900000000000015e+00,4.564656790398972319e+00
1.379099999999999993e+00,4.563851011564202587e+00
1.379499999999999948e+00,4.561148010907568384e+00
1.379699999999999926e+00,4.561322377653057814e+00
1.380100000000000104e+00,4.562609529993325808e+00
1.380300000000000082e+00,4.560255331308437299e+00
1.380700000000000038e+00,4.560569715846842342e+00
1.381000000000000005e+00,4.555493435721703399e+00
1.381399999999999961e+00,4.550840553295686597e+00
1.381699999999999928e+00,4.543383348020179291e+00
1.382100000000000106e+00,4.536869856081038321e+00
1.382300000000000084e+00,4.528371047024526419e+00
1.382700000000000040e+00,4.522014918296735964e+00
1.383000000000000007e+00,4.515683455496021459e+00
1.383399999999999963e+00,4.513647001233024980e+00
1.383599999999999941e+00,4.511102783461007348e+00
1.384100000000000108e+00,4.509006677985151867e+00
1.384300000000000086e+00,4.509856816979906036e+00
1.384800000000000031e+00,4.507935242713533519e+00
1.385099999999999998e+00,4.499505906215841122e+00
1.385499999999999954e+00,4.494011924599528029e+00
1.385699999999999932e+00,4.490096216352990055e+00
1.385899999999999910e+00,4.484667947032285440e+00
1.386400000000000077e+00,4.479721615119336420e+00
1.386600000000000055e+00,4.478748910133893091e+00
1.387000000000000011e+00,4.474827846369101358e+00
1.387299999999999978e+00,4.466733918518928981e+00
1.387799999999999923e+00,4.459939544730894490e+00
1.387999999999999901e+00,4.456012564942881227e+00
1.388400000000000079e+00,4.451841476774690776e+00
1.388600000000000056e+00,4.449315349938089525e+00
1.389000000000000012e+00,4.447276777300727346e+00
1.389199999999999990e+00,4.445746485058909236e+00
1.389399999999999968e+00,4.442462421306859532e+00
1.389999999999999902e+00,4.438211962599637239e+00
1.390200000000000102e+00,4.432996113939990934e+00
1.390700000000000047e+00,4.429009999210590465e+00
1.390900000000000025e+00,4.423207649041361655e+00
1.391399999999999970e+00,4.418983875261741190e+00
1.391599999999999948e+00,4.419745940206222912e+00
1.391699999999999937e+00,4.419012835991113164e+00
1.392099999999999893e+00,4.416510867063518475e+00
1.392300000000000093e+00,4.414118625336584500e+00
1.392800000000000038e+00,4.409816940579295519e+00
1.393000000000000016e+00,4.403635600335186417e+00
1.393499999999999961e+00,4.401160839738737174e+00
1.393799999999999928e+00,4.400236400566861050e+00
1.394099999999999895e+00,4.391439529286559562e+00
1.394500000000000073e+00,4.385513297208156303e+00
1.394700000000000051e+00,4.379864313598381464e+00
1.395100000000000007e+00,4.369710655690585810e+00
1.395399999999999974e+00,4.358537772056751081e+00
1.395799999999999930e+00,4.357541085008297621e+00
1.395999999999999908e+00,4.351382626560651445e+00
1.396200000000000108e+00,4.345513308924298990e+00
1.396700000000000053e+00,4.343679323771666212e+00
1.396900000000000031e+00,4.346600625350084179e+00
1.397299999999999986e+00,4.347155432663511121e+00
1.397499999999999964e+00,4.348944356594723004e+00
1.397899999999999920e+00,4.347106610472776467e+00
1.398200000000000109e+00,4.341832721969089093e+00
1.398700000000000054e+00,4.328905805456306766e+00
1.398900000000000032e+00,4.315666804765027287e+00
1.399299999999999988e+00,4.302928107952075365e+00
1.399599999999999955e+00,4.292179475408054223e+00
1.400099999999999900e+00,4.287973568873893804e+00
1.400300000000000100e+00,4.284752767390597405e+00
1.400800000000000045e+00,4.283342057295193683e+00
1.401000000000000023e+00,4.281137084355401967e+00
1.401499999999999968e+00,4.276785787621362189e+00
1.401699999999999946e+00,4.273682931287269504e+00
1.402199999999999891e+00,4.271490677129065716e+00
1.402400000000000091e+00,4.269346934767661139e+00
1.402900000000000036e+00,4.270476191566842772e+00
1.403100000000000014e+00,4.276816312841490664e+00
1.403499999999999970e+00,4.277663353385863232e+00
1.403699999999999948e+00,4.276466735751992765e+00
1.404099999999999904e+00,4.273718072426161640e+00
1.404199999999999893e+00,4.269090949001743240e+00
1.404700000000000060e+00,4.259952221240536296e+00
1.405000000000000027e+00,4.253566063044944556e+00
1.405200000000000005e+00,4.246009641680760893e+00
1.405699999999999950e+00,4.236109027450085662e+00
1.405999999999999917e+00,4.225405894794366901e+00
1.406500000000000083e+00,4.216653593468454808e+00
1.406600000000000072e+00,4.209289632278734317e+00
1.407100000000000017e+00,4.205808395804091049e+00
1.407299999999999995e+00,4.203534871590754562e+00
1.407499999999999973e+00,4.204878469272755659e+00
1.407999999999999918e+00,4.205778480382838858e+00
1.408199999999999896e+00,4.200831186959021579e+00
1.408600000000000074e+00,4.193235215553813511e+00
1.408900000000000041e+00,4.186141437138028110e+00
1.409299999999999997e+00,4.175106170415391560e+00
1.409399999999999986e+00,4.169080404979873755e+00
1.409699999999999953e+00,4.163999956582344453e+00
1.409999999999999920e+00,4.161531469092371260e+00
1.410300000000000109e+00,4.163926503614190366e+00
1.410500000000000087e+00,4.167030510237034413e+00
1.411000000000000032e+00,4.162354275752958799e+00
1.411200000000000010e+00,4.158637191350457840e+00
1.411699999999999955e+00,4.153215489383077497e+00
1.411999999999999922e+00,4.144192238723091393e+00
1.412400000000000100e+00,4.137424324844872991e+00
1.412600000000000078e+00,4.132933799910754047e+00
1.413200000000000012e+00,4.127306675963952287e+00
1.413399999999999990e+00,4.128814227056799346e+00
1.413899999999999935e+00,4.130131945517812042e+00
1.413999999999999924e+00,4.133398411257930505e+00
1.414500000000000091e+00,4.138900342219863582e+00
1.414700000000000069e+00,4.146578952114455596e+00
1.415100000000000025e+00,4.151051395763217577e+00
1.415300000000000002e+00,4.149510884238205577e+00
1.415799999999999947e+00,4.146106856391941875e+00
1.416099999999999914e+00,4.141031317635992082e+00
1.416500000000000092e+00,4.133102861750840518e+00
1.416800000000000059e+00,4.120637821328768879e+00
1.417300000000000004e+00,4.111293504781564856e+00
1.417499999999999982e+00,4.098569969267495061e+00
1.417899999999999938e+00,4.086869836080754936e+00
1.418099999999999916e+00,4.077961015246377663e+00
1.418500000000000094e+00,4.070909897145868150e+00
1.418800000000000061e+00,4.066938906789331121e+00
1.419000000000000039e+00,4.066579879263843011e+00
1.419499999999999984e+00,4.061711328918749864e+00
1.419699999999999962e+00,4.055648791713163170e+00
1.419899999999999940e+00,4.052480466364415612e+00
1.420299999999999896e+00,4.049938268698706878e+00
1.420600000000000085e+00,4.042724841667454605e+00
1.421000000000000041e+00,4.044691092573992286e+00
1.421300000000000008e+00,4.045258440131815014e+00
1.421799999999999953e+00,4.038353313357001539e+00
1.421999999999999931e+00,4.029711134206914736e+00
1.422500000000000098e+00,4.023544849446336613e+00
1.422700000000000076e+00,4.010948509504120629e+00
1.423100000000000032e+00,4.003445781096680811e+00
1.423399999999999999e+00,4.001482085972400071e+00
1.423799999999999955e+00,4.001110697148257067e+00
1.424099999999999921e+00,4.005030353281257227e+00
1.424500000000000099e+00,4.009105112415815242e+00
1.424700000000000077e+00,4.007426140814065008e+00
1.425100000000000033e+00,4.003609195907253948e+00
1.425200000000000022e+00,3.999432405684679726e+00
1.425699999999999967e+00,3.991627038403279037e+00
1.425899999999999945e+00,3.985724647833646106e+00
1.426299999999999901e+00,3.981693771885067346e+00
1.426500000000000101e+00,3.977572030259282965e+00
1.426900000000000057e+00,3.970074732616567736e+00
1.427200000000000024e+00,3.965416613803673052e+00
1.427400000000000002e+00,3.960610766847729725e+00
1.427999999999999936e+00,3.956346991110807121e+00
1.428500000000000103e+00,3.954029762153198568e+00
1.428700000000000081e+00,3.954373285858236997e+00
1.429100000000000037e+00,3.945601218370287988e+00
1.429300000000000015e+00,3.934314917123374666e+00
1.429599999999999982e+00,3.924447557720480706e+00
1.429999999999999938e+00,3.916318032933798765e+00
1.430199999999999916e+00,3.910454244976380167e+00
1.430700000000000083e+00,3.912334807371076195e+00
1.431000000000000050e+00,3.916369918585129728e+00
1.431499999999999995e+00,3.917382413779483041e+00
1.431699999999999973e+00,3.918391201486183029e+00
1.431899999999999951e+00,3.914173164903944624e+00
1.432399999999999896e+00,3.907518007736368038e+00
1.432600000000000096e+00,3.897278800216733341e+00
1.433000000000000052e+00,3.886809415704073345e+00
1.433200000000000029e+00,3.873334180232168578e+00
1.433599999999999985e+00,3.866675739855329752e+00
1.433899999999999952e+00,3.861873696863193040e+00
1.434399999999999897e+00,3.862520397527327898e+00
1.434700000000000086e+00,3.858361255953957070e+00
1.435100000000000042e+00,3.858305181340119017e+00
1.435300000000000020e+00,3.850900193064221710e+00
1.435499999999999998e+00,3.847357218457193362e+00
1.435899999999999954e+00,3.842793411356070443e+00
1.436099999999999932e+00,3.845351862094006368e+00
1.436500000000000110e+00,3.846180513235043286e+00
1.436700000000000088e+00,3.848447917741414592e+00
1.437000000000000055e+00,3.843595161429069762e+00
1.437500000000000000e+00,3.834701372981144107e+00
1.437799999999999967e+00,3.825335395862827781e+00
1.437999999999999945e+00,3.814512309562311465e+00
1.438499999999999890e+00,3.807475625891012516e+00
1.438700000000000090e+00,3.801805521369550078e+00
1.439000000000000057e+00,3.803662117675133736e+00
1.439400000000000013e+00,3.804358686133602951e+00
1.439599999999999991e+00,3.808066934832824213e+00
1.440099999999999936e+00,3.809550326826504296e+00
1.440299999999999914e+00,3.809032243796695916e+00
1.440600000000000103e+00,3.801424944970265507e+00
1.441000000000000059e+00,3.790397074164840951e+00
1.441300000000000026e+00,3.779823248554195825e+00
1.441500000000000004e+00,3.769407230537203723e+00
1.441899999999999959e+00,3.763432313746983837e+00
1.442099999999999937e+00,3.757406402543628232e+00
1.442499999999999893e+00,3.757714484838861058e+00
1.442700000000000093e+00,3.753725207688018095e+00
1.443200000000000038e+00,3.750476834455399366e+00
1.443400000000000016e+00,3.746423512333011185e+00
1.443799999999999972e+00,3.743801920094160796e+00
1.444099999999999939e+00,3.736341304468873137e+00
1.444499999999999895e+00,3.730269141283271139e+00
1.444700000000000095e+00,3.726582821418356950e+00
1.445200000000000040e+00,3.722712062202981009e+00
1.445400000000000018e+00,3.720229076741298435e+00
1.445799999999999974e+00,3.720890689676850993e+00
1.446099999999999941e+00,3.721695500323861872e+00
1.446399999999999908e+00,3.718911600164576114e+00
1.446800000000000086e+00,3.716204281659643893e+00
1.447100000000000053e+00,3.713148880576391253e+00
1.447300000000000031e+00,3.707697629437014530e+00
1.447799999999999976e+00,3.702467254637078486e+00
1.447899999999999965e+00,3.699708505758850574e+00
1.448299999999999921e+00,3.699402989171263201e+00
1.448499999999999899e+00,3.700580346593929093e+00
1.448700000000000099e+00,3.701485576826927026e+00
1.449200000000000044e+00,3.703756812519778396e+00
1.449400000000000022e+00,3.703953919599324074e+00
1.449899999999999967e+00,3.700482621834535468e+00
1.450099999999999945e+00,3.694304787188462669e+00
1.450399999999999912e+00,3.690883347581277452e+00
1.450800000000000090e+00,3.683621920228533408e+00
1.451000000000000068e+00,3.677783779297837619e+00
1.451500000000000012e+00,3.673626133419153117e+00
1.451699999999999990e+00,3.667966727406436256e+00
1.451899999999999968e+00,3.660815550637908089e+00
1.452299999999999924e+00,3.652668352899235416e+00
1.452499999999999902e+00,3.639254852411122343e+00
1.452900000000000080e+00,3.626529974224415920e+00
1.453100000000000058e+00,3.614309965561669280e+00
1.453600000000000003e+00,3.603250991354169930e+00
1.453799999999999981e+00,3.595730982256520658e+00
1.454299999999999926e+00,3.591792476979053017e+00
1.454599999999999893e+00,3.585913581362066616e+00
1.455100000000000060e+00,3.581268671001283099e+00
1.455400000000000027e+00,3.579764909055204392e+00
1.455600000000000005e+00,3.579320794028229002e+00
1.456099999999999950e+00,3.578541436163320544e+00
1.456199999999999939e+00,3.583642020331677891e+00
1.456700000000000106e+00,3.590306658339813772e+00
1.456900000000000084e+00,3.586589819807309620e+00
1.457100000000000062e+00,3.582617859908542535e+00
1.457600000000000007e+00,3.577120774335141640e+00
1.457799999999999985e+00,3.566508154316804458e+00
1.458199999999999941e+00,3.555702854108889532e+00
1.458499999999999908e+00,3.548649060037823766e+00
1.459000000000000075e+00,3.540116936106007195e+00
1.459200000000000053e+00,3.536033975383158001e+00
1.459699999999999998e+00,3.531224798311030089e+00
1.459899999999999975e+00,3.527626929661353827e+00
1.460399999999999920e+00,3.525475095623732180e+00
1.460599999999999898e+00,3.523286252365975812e+00
1.461000000000000076e+00,3.519087488687013821e+00
1.461200000000000054e+00,3.513818724839581353e+00
1.461699999999999999e+00,3.506924758830411992e+00
1.461899999999999977e+00,3.497872649055322469e+00
1.462299999999999933e+00,3.488142273001538562e+00
1.462599999999999900e+00,3.479152554507479955e+00
1.463000000000000078e+00,3.472365135223089982e+00
1.463300000000000045e+00,3.468488672387915805e+00
1.463700000000000001e+00,3.470347220636550212e+00
1.463999999999999968e+00,3.475398661471066131e+00
1.464399999999999924e+00,3.480912683585525080e+00
1.464699999999999891e+00,3.486309691901333885e+00
1.465100000000000069e+00,3.482421130932559006e+00
1.465400000000000036e+00,3.478246918106056018e+00
1.465899999999999981e+00,3.478222064355883880e+00
1.466099999999999959e+00,3.475020007982499770e+00
1.466399999999999926e+00,3.471677026370970420e+00
1.466699999999999893e+00,3.472401476686262090e+00
1.467100000000000071e+00,3.470487157429812619e+00
1.467300000000000049e+00,3.463723353253067572e+00
1.467700000000000005e+00,3.455997505664721636e+00
1.467899999999999983e+00,3.445659499358156630e+00
1.468399999999999928e+00,3.439376424881903649e+00
1.468599999999999905e+00,3.432467594467470740e+00
1.469000000000000083e+00,3.420829252981372193e+00
1.469300000000000050e+00,3.415734257815604913e+00
1.469700000000000006e+00,3.410968997289435034e+00
1.469899999999999984e+00,3.406338020112142928e+00
1.470299999999999940e+00,3.400943318766503687e+00
1.470599999999999907e+00,3.397026069845709983e+00
1.470900000000000096e+00,3.390554449423933470e+00
1.471200000000000063e+00,3.387757597780318708e+00
1.471400000000000041e+00,3.382355392639313507e+00
1.471799999999999997e+00,3.380580545858657970e+00
1.472099999999999964e+00,3.382505284067472751e+00
1.472599999999999909e+00,3.382427920263221033e+00
1.472800000000000109e+00,3.377728089054565785e+00
1.473300000000000054e+00,3.369783249070892328e+00
1.473600000000000021e+00,3.358145931199319811e+00
1.474099999999999966e+00,3.345623511316067056e+00
1.474299999999999944e+00,3.331991952016944758e+00
1.474800000000000111e+00,3.325453821462209802e+00
1.475000000000000089e+00,3.321471779144102854e+00
1.475500000000000034e+00,3.320170745563233439e+00
1.475700000000000012e+00,3.322300684310830476e+00
1.476099999999999968e+00,3.327710701507281321e+00
1.476399999999999935e+00,3.324959279539242196e+00
1.476799999999999891e+00,3.323684854262821453e+00
1.476900000000000102e+00,3.323523491939318397e+00
1.477100000000000080e+00,3.314948757487945485e+00
1.477600000000000025e+00,3.303081324369517624e+00
1.477800000000000002e+00,3.294803234755728560e+00
1.478199999999999958e+00,3.287123076768373231e+00
1.478499999999999925e+00,3.280062869220889965e+00
1.478900000000000103e+00,3.279296391637268382e+00
1.479200000000000070e+00,3.281923753476470917e+00
1.479700000000000015e+00,3.277726298255289272e+00
1.479899999999999993e+00,3.271992757837295152e+00
1.480299999999999949e+00,3.262886617764196640e+00
1.480499999999999927e+00,3.253561628241419257e+00
1.480900000000000105e+00,3.243100806368250932e+00
1.481100000000000083e+00,3.242751920194963056e+00
1.481600000000000028e+00,3.242113762910172614e+00
1.481899999999999995e+00,3.241323516219865031e+00
1.482199999999999962e+00,3.238253793184101337e+00
1.482599999999999918e+00,3.233104335450545097e+00
1.482799999999999896e+00,3.223420965207116407e+00
1.483200000000000074e+00,3.211843020033410490e+00
1.483400000000000052e+00,3.201021001321136872e+00
1.483899999999999997e+00,3.187119253301729849e+00
1.484199999999999964e+00,3.176799469769566731e+00
1.484699999999999909e+00,3.171085255401220326e+00
1.484900000000000109e+00,3.174603089747265461e+00
1.485400000000000054e+00,3.175455772460591408e+00
1.485600000000000032e+00,3.182021079252140616e+00
1.485800000000000010e+00,3.187529899938422950e+00
1.486199999999999966e+00,3.187098381697285099e+00
1.486399999999999944e+00,3.177223161651145933e+00
1.486900000000000110e+00,3.170389085663808171e+00
1.487100000000000088e+00,3.161884380910030323e+00
1.487400000000000055e+00,3.153792512350372945e+00
1.487800000000000011e+00,3.146592121329173430e+00
1.487999999999999989e+00,3.147213108972701789e+00
1.488299999999999956e+00,3.146045531762233782e+00
1.488599999999999923e+00,3.141049669027620173e+00
1.488799999999999901e+00,3.132548356509222920e+00
1.489300000000000068e+00,3.126253995159314680e+00
1.489500000000000046e+00,3.115891417441177591e+00
1.489900000000000002e+00,3.104374350054728282e+00
1.490199999999999969e+00,3.094136817533010841e+00
1.490699999999999914e+00,3.088030121042308895e+00
1.490899999999999892e+00,3.083086774223752435e+00
1.491100000000000092e+00,3.075330431471237969e+00
1.491600000000000037e+00,3.074354044646510076e+00
1.491800000000000015e+00,3.073819220059673452e+00
1.492099999999999982e+00,3.072167267287317927e+00
1.492599999999999927e+00,3.071965707625024855e+00
1.492799999999999905e+00,3.076839565939736509e+00
1.493200000000000083e+00,3.081012746054546447e+00
1.493500000000000050e+00,3.084385069974660887e+00
1.493800000000000017e+00,3.085631848961380985e+00
1.493999999999999995e+00,3.085770803038515364e+00
1.494399999999999951e+00,3.081061774504737283e+00
1.494599999999999929e+00,3.074712187317585332e+00
1.494799999999999907e+00,3.065700048999754124e+00
1.495200000000000085e+00,3.061070226187959431e+00
1.495400000000000063e+00,3.055602734999276482e+00
1.495800000000000018e+00,3.054182077909527671e+00
1.495999999999999996e+00,3.049820335899734225e+00
1.496199999999999974e+00,3.048806396114270623e+00
1.496599999999999930e+00,3.035925420188381185e+00
1.496899999999999897e+00,3.025522378222736730e+00
1.497400000000000064e+00,3.009852904468647061e+00
1.497600000000000042e+00,2.997554367115687679e+00
1.497999999999999998e+00,2.991425460884266307e+00
1.498299999999999965e+00,2.994484930246565924e+00
1.498699999999999921e+00,2.993296693726277269e+00
1.498899999999999899e+00,2.989977289954428574e+00
1.499400000000000066e+00,2.982753153858431538e+00
1.499700000000000033e+00,2.970973517278928888e+00
1.500099999999999989e+00,2.957344789124017659e+00
1.500299999999999967e+00,2.947167767247682590e+00
1.500899999999999901e+00,2.941109674668983764e+00
1.501100000000000101e+00,2.939496923340948253e+00
1.501500000000000057e+00,2.934131360611270445e+00
1.501800000000000024e+00,2.936563520424819718e+00
1.502000000000000002e+00,2.933421014684745920e+00
1.502399999999999958e+00,2.933752295254389075e+00
1.502599999999999936e+00,2.929041754976549949e+00
1.503100000000000103e+00,2.929585077610097343e+00
1.503300000000000081e+00,2.927256927235391881e+00
1.503700000000000037e+00,2.925977388882342378e+00
1.503900000000000015e+00,2.920816616786003905e+00
1.504199999999999982e+00,2.920062540766598325e+00
1.504599999999999937e+00,2.915250817588923571e+00
1.504899999999999904e+00,2.905796130733275806e+00
1.505400000000000071e+00,2.898423441916042620e+00
1.505600000000000049e+00,2.897684122921129202e+00
1.506099999999999994e+00,2.893406349483432560e+00
1.506299999999999972e+00,2.886291370208794227e+00
1.506499999999999950e+00,2.880620988349180678e+00
1.506999999999999895e+00,2.871925947435239657e+00
1.507300000000000084e+00,2.860231928086820474e+00
1.507700000000000040e+00,2.851903226884776821e+00
1.507900000000000018e+00,2.847916495226645583e+00
1.508299999999999974e+00,2.844658193018601011e+00
1.508499999999999952e+00,2.844041858357515551e+00
1.508799999999999919e+00,2.841303103188200563e+00
1.509100000000000108e+00,2.840600596308861192e+00
1.509400000000000075e+00,2.838137033104318530e+00
1.509800000000000031e+00,2.836345061277837143e+00
1.510000000000000009e+00,2.836085529943631833e+00
1.510299999999999976e+00,2.836235414153124079e+00
1.510699999999999932e+00,2.831852214524310796e+00
1.510999999999999899e+00,2.827712604888124037e+00
1.511200000000000099e+00,2.822427163522433169e+00
1.511600000000000055e+00,2.816825798542812453e+00
1.511900000000000022e+00,2.809847721569892265e+00
1.512100000000000000e+00,2.803814870336876819e+00
1.512499999999999956e+00,2.801029120317325205e+00
1.512799999999999923e+00,2.795420151056052571e+00
1.512999999999999901e+00,2.791042766682184428e+00
1.513500000000000068e+00,2.785844738634191131e+00
1.513700000000000045e+00,2.783516385871379395e+00
1.514199999999999990e+00,2.782880927917343872e+00
1.514499999999999957e+00,2.784701128188959984e+00
1.514899999999999913e+00,2.780046200967500880e+00
1.515099999999999891e+00,2.777247189911236092e+00
1.515600000000000058e+00,2.773979809567173049e+00
1.515800000000000036e+00,2.769021004284111243e+00
1.516000000000000014e+00,2.767873299039938839e+00
1.516399999999999970e+00,2.769527920390982612e+00
1.516699999999999937e+00,2.768216538637794155e+00
1.516899999999999915e+00,2.759829586322925188e+00
1.517300000000000093e+00,2.753501790997425758e+00
1.517600000000000060e+00,2.743489926615438890e+00
1.517800000000000038e+00,2.735248328666894935e+00
1.518299999999999983e+00,2.731121646711855977e+00
1.518499999999999961e+00,2.729788670907673520e+00
1.518999999999999906e+00,2.723902844304904924e+00
1.519200000000000106e+00,2.715411281876137561e+00
1.519600000000000062e+00,2.707009317698405582e+00
1.519900000000000029e+00,2.697157251224657770e+00
1.520199999999999996e+00,2.688818732659025379e+00
1.520399999999999974e+00,2.676786175221935515e+00
1.520799999999999930e+00,2.668087651793717985e+00
1.521099999999999897e+00,2.662030544302584012e+00
1.521300000000000097e+00,2.654727415692950121e+00
1.521800000000000042e+00,2.648771612844268653e+00
1.522100000000000009e+00,2.650707668432338515e+00
1.522299999999999986e+00,2.651736961718499153e+00
1.522799999999999931e+00,2.650556243880556107e+00
1.522999999999999909e+00,2.647197899459109216e+00
1.523500000000000076e+00,2.639891376541306567e+00
1.523700000000000054e+00,2.632719690415230573e+00
1.524100000000000010e+00,2.625190216416496192e+00
1.524399999999999977e+00,2.617057029573598648e+00
1.524799999999999933e+00,2.613231388672867528e+00
1.524999999999999911e+00,2.612849893032234139e+00
1.525500000000000078e+00,2.614149561878112760e+00
1.525800000000000045e+00,2.615718649388035555e+00
1.526000000000000023e+00,2.614237729444692793e+00
1.526399999999999979e+00,2.608998127496820807e+00
1.526599999999999957e+00,2.606525852119070397e+00
1.527099999999999902e+00,2.595654909318681813e+00
1.527300000000000102e+00,2.585633165089754382e+00
1.527700000000000058e+00,2.576690236197890282e+00
1.528000000000000025e+00,2.567729646253403608e+00
1.528499999999999970e+00,2.560339473373085539e+00
1.528699999999999948e+00,2.556470430286061024e+00
1.528899999999999926e+00,2.557246033690896425e+00
1.529300000000000104e+00,2.558864868483778032e+00
1.529600000000000071e+00,2.556903527077824201e+00
1.530000000000000027e+00,2.550295653679367724e+00
1.530299999999999994e+00,2.546878663537424980e+00
1.530699999999999950e+00,2.540593837356829532e+00
1.530899999999999928e+00,2.530836394233349829e+00
1.531400000000000095e+00,2.523526720189518180e+00
1.531600000000000072e+00,2.515391704039916299e+00
1.532100000000000017e+00,2.503887918210435437e+00
1.532299999999999995e+00,2.490442842832950809e+00
1.532499999999999973e+00,2.469659893185039756e+00
1.532899999999999929e+00,2.466727933345683521e+00
1.533099999999999907e+00,2.463546019677576915e+00
1.533400000000000096e+00,2.465754043401435780e+00
1.533800000000000052e+00,2.459874455433829432e+00
1.534000000000000030e+00,2.476751895926778690e+00
1.534299999999999997e+00,2.477638790698843962e+00
1.534699999999999953e+00,2.478629043112245967e+00
1.534999999999999920e+00,2.471638910661599908e+00
1.535500000000000087e+00,2.472563745253841816e+00
1.535700000000000065e+00,2.461745732278418863e+00
1.536100000000000021e+00,2.449041891721125630e+00
1.536299999999999999e+00,2.434870755064767245e+00
1.536799999999999944e+00,2.424057774611524163e+00
1.537099999999999911e+00,2.411843993567198474e+00
1.537500000000000089e+00,2.399460211015557398e+00
1.537800000000000056e+00,2.394079815092319485e+00
1.538300000000000001e+00,2.394923372762703728e+00
1.538499999999999979e+00,2.396907785939816904e+00
1.538699999999999957e+00,2.400889481715131613e+00
1.539199999999999902e+00,2.402637450664712127e+00
1.539400000000000102e+00,2.402428399743693710e+00
1.539700000000000069e+00,2.402340132268143691e+00
1.539900000000000047e+00,2.398177289801849632e+00
1.540399999999999991e+00,2.390183821388003338e+00
1.540599999999999969e+00,2.388154429734391293e+00
1.541099999999999914e+00,2.383856568163313927e+00
1.541299999999999892e+00,2.375435701716942738e+00
1.541800000000000059e+00,2.367500665462207721e+00
1.542100000000000026e+00,2.363115081051026856e+00
1.542499999999999982e+00,2.352801924576652937e+00
1.542699999999999960e+00,2.345182490237629480e+00
1.543099999999999916e+00,2.336936512921107045e+00
1.543299999999999894e+00,2.327467585763189906e+00
1.543700000000000072e+00,2.318333545033859355e+00
1.544000000000000039e+00,2.312906971987385152e+00
1.544499999999999984e+00,2.306567638467039494e+00
1.544699999999999962e+00,2.301708722046713618e+00
1.545199999999999907e+00,2.302653069292671439e+00
1.545500000000000096e+00,2.304561606211177338e+00
1.546000000000000041e+00,2.304575570746261182e+00
1.546100000000000030e+00,2.304137340756188035e+00
1.546599999999999975e+00,2.302355880341445449e+00
1.546799999999999953e+00,2.301357703294871548e+00
1.547199999999999909e+00,2.295266323805168263e+00
1.547400000000000109e+00,2.284392741792596659e+00
1.547600000000000087e+00,2.282609895234435360e+00
1.548100000000000032e+00,2.278408438795010760e+00
1.548300000000000010e+00,2.271111131456614807e+00
1.548699999999999966e+00,2.265402220544835199e+00
1.548999999999999932e+00,2.267073348161119384e+00
1.549400000000000110e+00,2.261522278269590736e+00
1.549700000000000077e+00,2.254597065802776079e+00
1.550100000000000033e+00,2.248241466284994772e+00
1.550300000000000011e+00,2.243549338127871273e+00
1.550799999999999956e+00,2.236499231410559396e+00
1.550999999999999934e+00,2.228669617836408712e+00
1.551299999999999901e+00,2.226238923087598742e+00
1.551500000000000101e+00,2.224783606228356359e+00
1.552000000000000046e+00,2.224277945203081419e+00
1.552300000000000013e+00,2.226314283197971200e+00
1.552599999999999980e+00,2.226723040904543538e+00
1.552899999999999947e+00,2.225440198870830777e+00
1.553399999999999892e+00,2.220793283739256108e+00
1.553600000000000092e+00,2.218556873851974309e+00
1.554000000000000048e+00,2.210545570986433894e+00
1.554300000000000015e+00,2.203039647824533986e+00
1.554799999999999960e+00,2.193958620545500615e+00
1.554999999999999938e+00,2.187213465641989707e+00
1.555500000000000105e+00,2.177749564979958308e+00
1.555800000000000072e+00,2.170058152550780051e+00
1.556300000000000017e+00,2.158231729935125909e+00
1.556499999999999995e+00,2.149014163428387469e+00
1.556999999999999940e+00,2.142202060453348711e+00
1.557099999999999929e+00,2.138223366672243664e+00
1.557600000000000096e+00,2.136894050099871212e+00
1.557900000000000063e+00,2.141597860958469379e+00
1.558300000000000018e+00,2.144903393470621644e+00
1.558599999999999985e+00,2.145563745519218024e+00
1.558999999999999941e+00,2.141638068406951145e+00
1.559199999999999919e+00,2.136888373921452811e+00
1.559500000000000108e+00,2.129165203934579864e+00
1.559700000000000086e+00,2.120149143777230183e+00
1.560300000000000020e+00,2.108690158103554424e+00
1.560499999999999998e+00,2.095543273906709025e+00
1.560799999999999965e+00,2.083192094310960307e+00
1.561199999999999921e+00,2.072632649119388049e+00
1.561500000000000110e+00,2.061773332299180250e+00
1.561900000000000066e+00,2.053207832580783432e+00
1.562100000000000044e+00,2.049809633739577475e+00
1.562500000000000000e+00,2.048109023854437716e+00
1.562699999999999978e+00,2.044314139764135341e+00
1.563199999999999923e+00,2.045197523552476859e+00
1.563399999999999901e+00,2.045160089031439199e+00
1.563800000000000079e+00,2.043678699741312776e+00
1.564000000000000057e+00,2.039101619634165807e+00
1.564400000000000013e+00,2.035792113448398943e+00
1.564699999999999980e+00,2.029951209451267058e+00
1.565099999999999936e+00,2.027019557914177206e+00
1.565299999999999914e+00,2.022050732435331177e+00
1.565900000000000070e+00,2.017724483521776691e+00
1.566100000000000048e+00,2.007725334286504015e+00
1.566500000000000004e+00,1.998795812161450192e+00
1.566799999999999971e+00,1.987708355222217449e+00
1.567199999999999926e+00,1.976516110022700223e+00
1.567399999999999904e+00,1.965428733402552197e+00
1.567800000000000082e+00,1.966269459614534698e+00
1.568100000000000049e+00,1.973629288999357856e+00
1.568500000000000005e+00,1.979736154015258043e+00
1.568699999999999983e+00,1.984293184555954159e+00
1.569099999999999939e+00,1.988801889345469531e+00
1.569299999999999917e+00,1.986020298633262016e+00
1.569800000000000084e+00,1.971876700918029357e+00
1.570000000000000062e+00,1.961257112190754048e+00
1.570500000000000007e+00,1.954308574668716103e+00
1.570699999999999985e+00,1.949135486322138844e+00
1.570899999999999963e+00,1.946851330879572073e+00
1.571299999999999919e+00,1.944242337392765307e+00
1.571600000000000108e+00,1.938380703140344385e+00
1.572100000000000053e+00,1.935730772357758811e+00
1.572300000000000031e+00,1.931750793180423420e+00
1.572699999999999987e+00,1.921236184294629057e+00
1.572899999999999965e+00,1.913344079567113054e+00
1.573199999999999932e+00,1.906653329538656738e+00
1.573499999999999899e+00,1.898175503154412302e+00
1.573900000000000077e+00,1.887427249068761581e+00
1.574100000000000055e+00,1.881001740756672591e+00
1.574600000000000000e+00,1.874613035570684705e+00
1.574799999999999978e+00,1.866834736813371975e+00
1.575199999999999934e+00,1.859753834967394770e+00
1.575499999999999901e+00,1.852935384236701344e+00
1.576000000000000068e+00,1.849893470040608889e+00
1.576200000000000045e+00,1.846060380029658221e+00
1.576699999999999990e+00,1.843202627790365700e+00
1.576999999999999957e+00,1.833705482268133125e+00
1.577199999999999935e+00,1.822555238103487074e+00
1.577599999999999891e+00,1.809537099806135529e+00
1.577900000000000080e+00,1.804198264406811081e+00
1.578300000000000036e+00,1.799336269164841795e+00
1.578500000000000014e+00,1.797665320343313500e+00
1.578899999999999970e+00,1.796872434380871741e+00
1.579199999999999937e+00,1.795933812283047049e+00
1.579399999999999915e+00,1.788266764367606454e+00
1.579900000000000082e+00,1.780855439836859233e+00
1.580200000000000049e+00,1.770510977877615133e+00
1.580600000000000005e+00,1.765337252838120596e+00
1.580899999999999972e+00,1.760825054040185966e+00
1.581299999999999928e+00,1.756903854155389411e+00
1.581499999999999906e+00,1.753284119777599459e+00
1.581900000000000084e+00,1.751450153334447313e+00
1.582100000000000062e+00,1.745319043530149106e+00
1.582600000000000007e+00,1.738669352947531666e+00
1.582799999999999985e+00,1.736588772708328454e+00
1.582999999999999963e+00,1.733635188735374033e+00
1.583499999999999908e+00,1.734491727908296088e+00
1.583700000000000108e+00,1.737540113526668817e+00
1.583900000000000086e+00,1.737978163200980530e+00
1.584400000000000031e+00,1.736089353893133236e+00
1.584699999999999998e+00,1.734979947048964632e+00
1.585099999999999953e+00,1.734380636415623345e+00
1.585299999999999931e+00,1.728588449704252517e+00
1.585800000000000098e+00,1.725203345097624519e+00
1.585900000000000087e+00,1.718927507052828707e+00
1.586400000000000032e+00,1.711758477387361754e+00
1.586600000000000010e+00,1.702295666486944858e+00
1.586999999999999966e+00,1.695787020435937098e+00
1.587199999999999944e+00,1.687811484935020090e+00
1.587599999999999900e+00,1.676981774428876193e+00
1.587800000000000100e+00,1.667085526642076987e+00
1.588300000000000045e+00,1.647913284990031313e+00
1.588500000000000023e+00,1.639824993573404388e+00
1.588999999999999968e+00,1.630632367694007101e+00
1.589099999999999957e+00,1.630582290063076201e+00
1.589699999999999891e+00,1.628428625175540878e+00
1.589900000000000091e+00,1.631734780010996033e+00
1.590400000000000036e+00,1.624136476358062353e+00
1.590600000000000014e+00,1.615557715695103980e+00
1.591099999999999959e+00,1.598876468713597010e+00
1.591399999999999926e+00,1.585492780517008260e+00
1.591699999999999893e+00,1.577675059635244015e+00
1.591900000000000093e+00,1.572678937736829985e+00
1.592400000000000038e+00,1.570533968900947874e+00
1.592700000000000005e+00,1.572889173442340027e+00
1.592899999999999983e+00,1.577982656436605069e+00
1.593299999999999939e+00,1.584252394163380151e+00
1.593499999999999917e+00,1.586206090794519685e+00
1.594000000000000083e+00,1.586899874265194077e+00
1.594200000000000061e+00,1.587381108292262866e+00
1.594600000000000017e+00,1.579742068662514098e+00
1.594799999999999995e+00,1.567310371966004201e+00
1.595399999999999929e+00,1.559021721720955655e+00
1.595599999999999907e+00,1.550186154447574793e+00
1.596000000000000085e+00,1.540970695583786521e+00
1.596200000000000063e+00,1.534250844982266715e+00
1.596700000000000008e+00,1.529579047780947887e+00
1.596899999999999986e+00,1.518509529599979535e+00
1.597299999999999942e+00,1.509634549760056066e+00
1.597499999999999920e+00,1.505389560539914795e+00
1.597699999999999898e+00,1.502693488055764082e+00
1.598200000000000065e+00,1.498621626642163696e+00
1.598500000000000032e+00,1.505549186534563821e+00
1.598700000000000010e+00,1.513508550371467365e+00
1.599099999999999966e+00,1.513586501127316408e+00
1.599399999999999933e+00,1.512566040531295730e+00
1.599800000000000111e+00,1.505765409645090092e+00
1.600000000000000089e+00,1.493346623121505345e+00
1.600500000000000034e+00,1.480419638396626159e+00
1.600700000000000012e+00,1.473169606880375682e+00
1.601199999999999957e+00,1.466823301435885574e+00
1.601299999999999946e+00,1.468697942526021594e+00
1.601799999999999891e+00,1.471003130592006825e+00
1.601900000000000102e+00,1.470616316856521166e+00
1.602100000000000080e+00,1.462416157069771350e+00
1.602600000000000025e+00,1.453942387712457984e+00
1.602800000000000002e+00,1.443351029956074782e+00
1.603299999999999947e+00,1.435775251809048303e+00
1.603499999999999925e+00,1.430354930496150478e+00
1.604000000000000092e+00,1.429621556584551589e+00
1.604200000000000070e+00,1.429456106268880422e+00
1.604400000000000048e+00,1.431367793318648607e+00
1.604899999999999993e+00,1.426367731881538203e+00
1.605199999999999960e+00,1.415998293061718760e+00
1.605499999999999927e+00,1.406803605021880177e+00
1.605900000000000105e+00,1.394124616829197638e+00
1.606200000000000072e+00,1.381517636411810912e+00
1.606600000000000028e+00,1.372759961867366929e+00
1.606800000000000006e+00,1.370911948166407823e+00
1.606999999999999984e+00,1.363614207609001872e+00
1.607499999999999929e+00,1.361661471381835353e+00
1.607699999999999907e+00,1.357707353057959754e+00
1.607900000000000107e+00,1.358769302735042261e+00
1.608300000000000063e+00,1.356475506928415120e+00
1.608500000000000041e+00,1.358698412212699935e+00
1.608999999999999986e+00,1.354079230045938109e+00
1.609199999999999964e+00,1.349413141432664887e+00
1.609599999999999920e+00,1.338437698544803212e+00
1.609900000000000109e+00,1.332701394253233973e+00
1.610300000000000065e+00,1.328826922050165837e+00
1.610500000000000043e+00,1.328370861484188259e+00
1.610700000000000021e+00,1.323693517784051421e+00
1.611099999999999977e+00,1.318626568195261362e+00
1.611399999999999944e+00,1.305381030838328460e+00
1.611799999999999899e+00,1.289647636263383523e+00
1.612100000000000088e+00,1.276631823825534751e+00
1.612500000000000044e+00,1.267345904744089369e+00
1.612800000000000011e+00,1.256906882863840780e+00
1.613199999999999967e+00,1.252379149658812141e+00
1.613499999999999934e+00,1.247408413741492028e+00
1.614000000000000101e+00,1.239258333738394446e+00
1.614200000000000079e+00,1.235944054270857739e+00
1.614700000000000024e+00,1.235368109880896625e+00
1.614900000000000002e+00,1.232495993221951469e+00
1.615399999999999947e+00,1.230211858674893355e+00
1.615599999999999925e+00,1.227250480870804017e+00
1.616100000000000092e+00,1.219513897073867259e+00
1.616300000000000070e+00,1.211783283903148378e+00
1.616700000000000026e+00,1.209393872736441722e+00
1.616900000000000004e+00,1.202820367635082377e+00
1.617099999999999982e+00,1.200641568529505765e+00
1.617499999999999938e+00,1.197190741967227856e+00
1.617599999999999927e+00,1.191209179245421579e+00
1.618100000000000094e+00,1.177586535511254695e+00
1.618300000000000072e+00,1.166169281748843378e+00
1.618800000000000017e+00,1.154666907684511745e+00
1.618999999999999995e+00,1.143226932485145175e+00
1.619299999999999962e+00,1.128038383969577341e+00
1.619699999999999918e+00,1.124528084761600155e+00
1.619899999999999896e+00,1.126987084834054631e+00
1.620100000000000096e+00,1.129319169528296696e+00
1.620600000000000041e+00,1.130666958240047482e+00
1.620800000000000018e+00,1.133680312401800228e+00
1.621299999999999963e+00,1.127571253968230325e+00
1.621499999999999941e+00,1.118212456142632094e+00
1.622000000000000108e+00,1.107487729499204709e+00
1.622300000000000075e+00,1.099517949318954413e+00
1.622700000000000031e+00,1.101375604356524818e+00
1.623099999999999987e+00,1.101090676222107323e+00
1.623299999999999965e+00,1.100320276611335135e+00
1.623699999999999921e+00,1.102284496732334196e+00
1.623899999999999899e+00,1.102321854737912110e+00
1.624300000000000077e+00,1.093086220185226498e+00
1.624600000000000044e+00,1.084480837127977937e+00
1.625000000000000000e+00,1.081690989416242976e+00
1.625299999999999967e+00,1.077400647061523831e+00
1.625799999999999912e+00,1.075941204408125129e+00
1.625999999999999890e+00,1.076173178005124242e+00
1.626500000000000057e+00,1.075255638786080103e+00
1.626700000000000035e+00,1.068386747069552944e+00
1.626900000000000013e+00,1.061139894854569166e+00
1.627399999999999958e+00,1.049497217890936751e+00
1.627599999999999936e+00,1.039064102679180257e+00
1.628100000000000103e+00,1.030426430921328462e+00
1.628300000000000081e+00,1.021299749004445090e+00
1.628700000000000037e+00,1.013226354084072467e+00
1.629000000000000004e+00,1.007529284557939775e+00
1.629399999999999959e+00,1.001468200915182072e+00
1.629599999999999937e+00,9.958475456106630208e-01
1.629999999999999893e+00,9.933070078294026217e-01
1.630300000000000082e+00,9.900234381432526654e-01
1.630700000000000038e+00,9.912452770510804534e-01
1.631000000000000005e+00,9.910963198389609596e-01
1.631499999999999950e+00,9.880476048695939761e-01
1.631699999999999928e+00,9.843446284540946500e-01
1.631999999999999895e+00,9.796639627879266676e-01
1.632400000000000073e+00,9.706715787571905674e-01
1.632600000000000051e+00,9.626590866074213881e-01
1.633099999999999996e+00,9.543569013492614328e-01
1.633299999999999974e+00,9.417754877139050684e-01
1.633699999999999930e+00,9.267570863413809867e-01
1.633899999999999908e+00,9.122436524178212380e-01
1.634300000000000086e+00,9.035153001046847265e-01
1.634400000000000075e+00,8.998436263074627295e-01
1.634800000000000031e+00,8.960508812327905304e-01
1.635000000000000009e+00,8.973527033673278641e-01
1.635299999999999976e+00,8.963076002521674912e-01
1.635799999999999921e+00,8.929815723046641285e-01
1.636100000000000110e+00,8.895553306731407428e-01
1.636300000000000088e+00,8.897193107493273079e-01
1.636900000000000022e+00,8.826964018593386196e-01
1.637100000000000000e+00,8.800953866383608437e-01
1.637299999999999978e+00,8.694434986677979094e-01
1.637699999999999934e+00,8.556413455296262294e-01
1.637999999999999901e+00,8.459430229967856985e-01
1.638400000000000079e+00,8.399446052675940688e-01
1.638800000000000034e+00,8.278665065730749228e-01
1.639100000000000001e+00,8.223520893979607838e-01
1.639599999999999946e+00,8.195495064611280078e-01
1.639799999999999924e+00,8.114830272176731807e-01
1.640200000000000102e+00,8.023261510869993396e-01
1.640500000000000069e+00,7.990977925531606019e-01
1.641000000000000014e+00,8.013764849701388027e-01
1.641199999999999992e+00,7.976391435826656329e-01
1.641599999999999948e+00,7.993171722664438317e-01
1.641799999999999926e+00,8.047990247594981605e-01
1.642099999999999893e+00,8.073449906553786803e-01
1.642500000000000071e+00,8.031254908758033162e-01
1.642800000000000038e+00,8.054647295319139477e-01
1.643299999999999983e+00,8.063333775909520273e-01
1.643499999999999961e+00,8.036898219099253282e-01
1.643899999999999917e+00,8.000872296809469209e-01
1.644099999999999895e+00,8.010665100233215208e-01
1.644500000000000073e+00,8.010352393572628404e-01
1.644700000000000051e+00,7.918769182169171916e-01
1.645199999999999996e+00,7.844548043811627736e-01
1.645399999999999974e+00,7.768700303845144095e-01
1.645899999999999919e+00,7.693096187921799611e-01
1.646099999999999897e+00,7.593251021020830382e-01
1.646300000000000097e+00,7.575158355199729243e-01
1.646800000000000042e+00,7.532643933827465332e-01
1.647100000000000009e+00,7.508276233914035203e-01
1.647599999999999953e+00,7.464669172663185304e-01
1.647799999999999931e+00,7.397310493628715955e-01
1.648300000000000098e+00,7.295636369886193684e-01
1.648600000000000065e+00,7.206296483652785412e-01
1.648900000000000032e+00,7.105717114830334413e-01
1.649199999999999999e+00,7.019650774819918837e-01
1.649599999999999955e+00,6.963697135908862856e-01
1.649799999999999933e+00,6.933427222044508120e-01
1.650199999999999889e+00,6.907181521398342294e-01
1.650500000000000078e+00,6.910311720154137527e-01
1.650900000000000034e+00,6.852928666578594896e-01
1.651100000000000012e+00,6.811019790720074241e-01
1.651299999999999990e+00,6.794111639818499748e-01
1.651799999999999935e+00,6.781298630276243466e-01
1.651999999999999913e+00,6.683597651813133478e-01
1.652199999999999891e+00,6.594504148982338609e-01
1.652600000000000069e+00,6.488986884245516729e-01
1.652900000000000036e+00,6.318712060504637629e-01
1.653399999999999981e+00,6.153640696371397434e-01
1.653599999999999959e+00,6.050695323556176675e-01
1.653799999999999937e+00,5.983510742313391528e-01
1.654300000000000104e+00,5.921839579847741897e-01
1.654500000000000082e+00,5.876921358249931338e-01
1.654700000000000060e+00,5.798598583772772708e-01
1.655100000000000016e+00,5.704288600760787364e-01
1.655299999999999994e+00,5.573194162677996832e-01
1.655599999999999961e+00,5.459073504920930464e-01
1.655799999999999939e+00,5.363474929875899910e-01
1.655999999999999917e+00,5.313266357542800744e-01
1.656500000000000083e+00,5.337189839804690195e-01
1.656800000000000050e+00,5.357597770405707616e-01
1.657000000000000028e+00,5.379160923890712320e-01
1.657399999999999984e+00,5.325189212701531005e-01
1.657699999999999951e+00,5.248331991791765905e-01
1.657899999999999929e+00,5.098797327307569294e-01
1.658300000000000107e+00,5.005442061445375401e-01
1.658500000000000085e+00,4.912679876112313604e-01
1.658800000000000052e+00,4.874555149902970452e-01
1.659299999999999997e+00,4.898196667801923421e-01
1.659599999999999964e+00,4.960885817928428754e-01
1.660099999999999909e+00,5.009810626799293676e-01
1.660300000000000109e+00,5.031416511236429523e-01
1.660800000000000054e+00,5.085295258533438778e-01
1.660900000000000043e+00,5.060047508886889034e-01
1.661299999999999999e+00,5.016792833756322789e-01
1.661499999999999977e+00,4.916224672713042643e-01
1.661699999999999955e+00,4.862768222635416304e-01
1.662199999999999900e+00,4.738200276510606823e-01
1.662400000000000100e+00,4.644269567943858923e-01
1.662800000000000056e+00,4.578124350074219695e-01
1.663100000000000023e+00,4.572735893648693928e-01
1.663399999999999990e+00,4.515817059969073899e-01
1.663899999999999935e+00,4.526292808026987635e-01
1.664099999999999913e+00,4.507091906957849670e-01
1.664600000000000080e+00,4.470965217673328329e-01
1.664800000000000058e+00,4.448264268241996500e-01
1.665000000000000036e+00,4.427969311704404998e-01
1.665100000000000025e+00,4.419225185992058935e-01
1.665200000000000014e+00,4.474128095710604991e-01
1.665300000000000002e+00,4.580300422341043731e-01
1.665399999999999991e+00,4.380448647645085458e-01
1.665499999999999980e+00,4.308349482429229549e-01
1.665699999999999958e+00,4.379213860605812858e-01
1.665899999999999936e+00,4.409854247788857484e-01
1.665999999999999925e+00,4.219392925630693347e-01
1.666099999999999914e+00,4.272607354272061619e-01
1.666299999999999892e+00,4.240267474042724860e-01
1.666400000000000103e+00,4.223000578074131983e-01
1.666500000000000092e+00,3.998084579515115422e-01
1.666700000000000070e+00,4.121397717826713603e-01
1.666800000000000059e+00,4.032753400196075755e-01
1.666900000000000048e+00,3.974944416629277999e-01
1.667100000000000026e+00,3.741087916320250950e-01
1.667200000000000015e+00,3.910693201536463715e-01
1.667300000000000004e+00,3.618439450892008136e-01
1.667399999999999993e+00,3.555004570021690902e-01
1.667699999999999960e+00,3.760185421519668392e-01
1.667799999999999949e+00,3.832039593387758791e-01
1.667899999999999938e+00,3.457859273525709654e-01
1.667999999999999927e+00,3.719024744353060519e-01
1.668099999999999916e+00,3.885860313956868151e-01
1.668299999999999894e+00,3.881879270295474083e-01
1.668500000000000094e+00,3.870866608501921102e-01
1.668800000000000061e+00,3.821183191465837847e-01
1.668900000000000050e+00,3.847971569903596012e-01
1.669100000000000028e+00,3.803513724998119350e-01
1.669200000000000017e+00,3.239660550891099167e-01
1.669599999999999973e+00,3.341393954825488399e-01
1.669799999999999951e+00,3.716614289273056926e-01
1.669899999999999940e+00,3.513087008699689040e-01
1.669999999999999929e+00,3.177138268262169607e-01
1.670099999999999918e+00,3.673033714057793997e-01
1.670400000000000107e+00,3.446347108948565885e-01
1.670600000000000085e+00,3.416717958504289498e-01
1.671000000000000041e+00,3.050400580451018140e-01
1.671100000000000030e+00,3.299454359129161407e-01
1.671300000000000008e+00,3.311911460113258765e-01
1.671399999999999997e+00,3.268933706956922425e-01
1.671699999999999964e+00,3.272398033793443850e-01
1.671799999999999953e+00,3.576572396890608796e-01
1.671999999999999931e+00,3.554395984584057810e-01
1.672199999999999909e+00,2.964602339083932114e-01
1.672500000000000098e+00,3.196815955486297933e-01
1.672700000000000076e+00,2.874316154899447251e-01
1.672900000000000054e+00,3.083236451362203479e-01
1.673100000000000032e+00,2.682200758807906094e-01
1.673300000000000010e+00,2.996108946551334640e-01
1.673499999999999988e+00,2.695315510736773223e-01
1.673699999999999966e+00,3.021973394956567471e-01
1.673899999999999944e+00,2.716131272195742574e-01
1.673999999999999932e+00,3.065793038492525824e-01
1.674199999999999910e+00,3.316280180132302746e-01
1.674500000000000099e+00,3.349399047736245638e-01
1.674700000000000077e+00,3.331709316323205883e-01
1.674800000000000066e+00,2.951339502987903596e-01
1.675000000000000044e+00,2.929233630133453725e-01
1.675300000000000011e+00,2.635474104095735792e-01
1.675499999999999989e+00,2.898860612965425410e-01
1.675899999999999945e+00,2.605091994145624645e-01
1.675999999999999934e+00,3.264736945696199988e-01
1.676199999999999912e+00,3.211087405308177267e-01
1.676399999999999890e+00,2.791106126798247877e-01
1.676700000000000079e+00,2.463978214406470357e-01
1.676900000000000057e+00,2.429233759715387631e-01
1.677000000000000046e+00,2.489109070114047528e-01
1.677100000000000035e+00,2.480726920506281796e-01
1.677400000000000002e+00,2.756710040630050429e-01
1.677599999999999980e+00,3.082318015268370459e-01
1.677999999999999936e+00,2.938275143027357927e-01
1.678299999999999903e+00,2.460529806180833390e-01
1.678600000000000092e+00,2.362704989922182197e-01
1.678700000000000081e+00,2.060757392852174685e-01
1.678900000000000059e+00,1.994329525301097306e-01
1.679300000000000015e+00,2.046938749811243741e-01
1.679499999999999993e+00,2.037756437345305260e-01
1.679599999999999982e+00,2.401676856833567797e-01
1.679799999999999960e+00,2.697244114058250375e-01
1.679899999999999949e+00,1.971461606553625290e-01
1.680199999999999916e+00,2.275720505029432961e-01
1.680399999999999894e+00,2.176724461178114467e-01
1.680600000000000094e+00,1.698950997175441013e-01
1.680900000000000061e+00,1.290303644418944462e-01
1.681200000000000028e+00,1.910113598302409510e-01
1.681599999999999984e+00,1.414572290736593463e-01
1.681899999999999951e+00,1.743359751738015884e-01
1.682299999999999907e+00,1.646996023518820518e-01
1.682500000000000107e+00,1.792541232481547342e-01
1.682900000000000063e+00,1.278129536275162959e-01
1.683100000000000041e+00,1.124085262960183018e-01
1.683200000000000029e+00,9.529034243782488756e-02
1.683599999999999985e+00,7.024676155431780478e-02
1.683799999999999963e+00,7.070032489675742715e-02
1.684299999999999908e+00,1.011974283182703049e-01
1.684600000000000097e+00,1.049906347827555542e-01
1.685000000000000053e+00,6.686321540883000125e-02
1.685200000000000031e+00,8.338637896621362011e-02
1.685400000000000009e+00,6.120145818133909676e-02
1.685599999999999987e+00,2.291920650155038555e-02
1.685799999999999965e+00,1.910065865029617060e-02
1.686099999999999932e+00,6.479308037654943342e-02
1.686500000000000110e+00,6.070005210578768851e-02
1.686600000000000099e+00,7.334320681118602914e-02
1.686800000000000077e+00,1.178022745917950143e-01
1.687000000000000055e+00,1.183111956670746256e-01
1.687200000000000033e+00,7.166387822166273014e-02
1.687400000000000011e+00,6.812138413470167353e-02
1.687799999999999967e+00,6.534663723134709334e-02
1.687999999999999945e+00,1.414084452422523404e-02
1.688199999999999923e+00,-2.668872138843507089e-03
1.688700000000000090e+00,2.666441133780998035e-02
1.688900000000000068e+00,2.828134672894547924e-02
1.689200000000000035e+00,2.992183210426594547e-02
1.689300000000000024e+00,2.928393000200982255e-02
1.689500000000000002e+00,8.316403173669653648e-02
1.689599999999999991e+00,4.667952169579484695e-02
1.689799999999999969e+00,2.893484764010523236e-02
1.690099999999999936e+00,1.434504483644014235e-02
1.690399999999999903e+00,8.213792612754046429e-04
1.690499999999999892e+00,-5.725870147798911569e-02
1.690700000000000092e+00,-6.351111150881827427e-02
1.690800000000000081e+00,-2.158686782771754298e-02
1.691200000000000037e+00,-1.233929178500966541e-02
1.691400000000000015e+00,-4.571068725752825204e-03
1.691899999999999959e+00,1.813054243407974039e-03
1.691999999999999948e+00,4.123107479880872006e-02
1.692099999999999937e+00,2.879301436164993788e-03
1.692499999999999893e+00,-1.192508308988878864e-02
1.692800000000000082e+00,-2.116293749909411298e-02
1.692900000000000071e+00,-2.779859303969731132e-02
1.693200000000000038e+00,-7.144622628962762900e-02
1.693300000000000027e+00,-8.212814667230006194e-02
1.693599999999999994e+00,-3.864669114284177698e-02
1.693999999999999950e+00,-3.442815287302281035e-02
1.694199999999999928e+00,-3.055710701915467092e-02
1.694399999999999906e+00,-5.515652740095688955e-03
1.694499999999999895e+00,2.688215167134799799e-03
1.694700000000000095e+00,-4.402283168558618343e-02
1.694900000000000073e+00,-6.447176985946218020e-02
1.695100000000000051e+00,-4.169292279532005319e-02
1.695200000000000040e+00,-8.004791007709569084e-02
1.695599999999999996e+00,-9.214828111114847786e-02
1.695799999999999974e+00,-5.221304007485549903e-02
1.696199999999999930e+00,-3.393238778848228776e-03
1.696299999999999919e+00,-2.670028280692430742e-03
1.696399999999999908e+00,3.102819295608622366e-02
1.696900000000000075e+00,6.310241613238895542e-02
1.697599999999999998e+00,4.764266040457768026e-02
1.698499999999999899e+00,3.025450611926711400e-02
1.699200000000000044e+00,1.389383488925696915e-02
1.700299999999999923e+00,0.000000000000000000e+00
1.700700000000000101e+00,-4.562762961901611902e-03
1.701400000000000023e+00,-1.321498948103410828e-02
1.701799999999999979e+00,-2.395915867758457302e-02
1.702499999999999902e+00,-3.189398947889168778e-02
1.702800000000000091e+00,-3.975540842637848016e-02
1.703100000000000058e+00,-5.462797047605782302e-02
1.703699999999999992e+00,-6.540515698316273774e-02
1.704099999999999948e+00,-7.629882173509580645e-02
1.704399999999999915e+00,-8.877513129335046216e-02
1.705000000000000071e+00,-9.848900846265440379e-02
1.705400000000000027e+00,-1.037864514230558699e-01
1.705699999999999994e+00,-1.089153492972417536e-01
1.706399999999999917e+00,-1.159149200607957342e-01
1.706800000000000095e+00,-1.238519640772662855e-01
1.707500000000000018e+00,-1.341084795680703434e-01
1.707899999999999974e+00,-1.416645051349751938e-01
1.708499999999999908e+00,-1.541158673584719641e-01
1.708800000000000097e+00,-1.636431197171673846e-01
1.709400000000000031e+00,-1.695993113998118529e-01
1.709699999999999998e+00,-1.757816618203034975e-01
1.709999999999999964e+00,-1.794915974323574304e-01
1.710599999999999898e+00,-1.758983846356088065e-01
1.711000000000000076e+00,-1.721003919968834284e-01
1.711300000000000043e+00,-1.731197858217915497e-01
1.711999999999999966e+00,-1.731256534498438193e-01
1.712199999999999944e+00,-1.833531873446348492e-01
1.712900000000000089e+00,-1.950070775907886966e-01
1.713200000000000056e+00,-2.081462151365376934e-01
1.713600000000000012e+00,-2.190221824288597074e-01
1.714199999999999946e+00,-2.323089539557610383e-01
1.714599999999999902e+00,-2.407500290058084691e-01
1.715000000000000080e+00,-2.573234616737296587e-01
1.715799999999999992e+00,-2.705731712176995818e-01
1.716199999999999948e+00,-2.802970633314328386e-01
1.716499999999999915e+00,-2.879065410382741774e-01
1.717300000000000049e+00,-2.937348519094175048e-01
1.717600000000000016e+00,-2.981420139591672847e-01
1.717999999999999972e+00,-3.062761642069744550e-01
1.718599999999999905e+00,-3.198238057372472243e-01
1.718900000000000095e+00,-3.349299433830200123e-01
1.719600000000000017e+00,-3.519976225840838469e-01
1.719899999999999984e+00,-3.651599114934389601e-01
1.720499999999999918e+00,-3.741842033516673549e-01
1.720900000000000096e+00,-3.790872888442776700e-01
1.721200000000000063e+00,-3.798514128366947684e-01
1.721799999999999997e+00,-3.786126865834549826e-01
1.722099999999999964e+00,-3.814742376007063673e-01
1.722499999999999920e+00,-3.852344888888271091e-01
1.723100000000000076e+00,-3.846928505823988265e-01
1.723500000000000032e+00,-3.852473280768731745e-01
1.723899999999999988e+00,-3.871606861582921888e-01
1.724499999999999922e+00,-3.859866117794609197e-01
1.725000000000000089e+00,-3.909073475799574315e-01
1.725400000000000045e+00,-4.017232716640973256e-01
1.726199999999999957e+00,-4.141020764664117282e-01
1.726499999999999924e+00,-4.281617838053364267e-01
1.726900000000000102e+00,-4.475890026955876566e-01
1.727600000000000025e+00,-4.610928865961250178e-01
1.727999999999999980e+00,-4.760169708073469508e-01
1.728299999999999947e+00,-4.907299673939646834e-01
1.729100000000000081e+00,-5.040811404799462325e-01
1.729400000000000048e+00,-5.100356417037067436e-01
1.730099999999999971e+00,-5.195559611836898517e-01
1.730399999999999938e+00,-5.269352454662047380e-01
1.731200000000000072e+00,-5.331096614469266193e-01
1.731600000000000028e+00,-5.391941825849666525e-01
1.732299999999999951e+00,-5.509743893722341967e-01
1.732699999999999907e+00,-5.571320744290886307e-01
1.733700000000000019e+00,-5.645626128525360610e-01
1.733999999999999986e+00,-5.693434488363013912e-01
1.734799999999999898e+00,-5.774344499370710482e-01
1.735200000000000076e+00,-5.794251507268399770e-01
1.735500000000000043e+00,-5.859078036118947619e-01
1.736299999999999955e+00,-5.926598957073347940e-01
1.736699999999999910e+00,-6.031105879566979189e-01
1.737100000000000088e+00,-6.134260797596713388e-01
1.737900000000000000e+00,-6.237428014305125279e-01
1.738399999999999945e+00,-6.324151121644971951e-01
1.738799999999999901e+00,-6.411945808248997736e-01
1.739500000000000046e+00,-6.514137708207845545e-01
1.739900000000000002e+00,-6.580741219330821234e-01
1.740199999999999969e+00,-6.705449106925122083e-01
1.740899999999999892e+00,-6.851491141651701033e-01
1.741300000000000070e+00,-6.986343815434947757e-01
1.741999999999999993e+00,-7.113538418773701633e-01
1.742399999999999949e+00,-7.218128945096757842e-01
1.743200000000000083e+00,-7.296619700436479672e-01
1.743600000000000039e+00,-7.336359879267484452e-01
1.744099999999999984e+00,-7.378837476285093899e-01
1.744899999999999896e+00,-7.434579460413581753e-01
1.745300000000000074e+00,-7.503886597981512807e-01
1.745700000000000029e+00,-7.584311101199693317e-01
1.746699999999999919e+00,-7.717246411970113407e-01
1.747200000000000086e+00,-7.842492313747640997e-01
1.747700000000000031e+00,-7.937469872137904447e-01
1.749000000000000110e+00,-8.106469399582483248e-01
1.749900000000000011e+00,-8.270179735114758790e-01
1.752000000000000002e+00,-8.435145010265944210e-01
1.753200000000000092e+00,-8.651387467178929258e-01
1.755700000000000038e+00,-8.879279092155467623e-01
1.756999999999999895e+00,-9.087494609188963013e-01
1.758399999999999963e+00,-9.387629026991163306e-01
1.761300000000000088e+00,-9.793571266680789478e-01
1.763099999999999890e+00,-1.022492022983989557e+00
1.765300000000000091e+00,-1.080562489954580707e+00
1.771099999999999897e+00,-1.144474685496610356e+00
1.774599999999999955e+00,-1.207065651491197045e+00
1.778399999999999981e+00,-1.269580959709082357e+00
1.786799999999999944e+00,-1.340933063819768067e+00
1.790899999999999936e+00,-1.410613015065951270e+00
1.794699999999999962e+00,-1.483976893996703517e+00
1.801399999999999890e+00,-1.557154257507130213e+00
1.804300000000000015e+00,-1.628808141511116192e+00
1.809600000000000097e+00,-1.696538553099257163e+00
1.812000000000000055e+00,-1.759460290404188498e+00
1.816300000000000026e+00,-1.818392055116799355e+00
1.818200000000000038e+00,-1.873294944754186453e+00
1.821600000000000108e+00,-1.923377497882182263e+00
1.822999999999999954e+00,-1.970706518180097566e+00
1.824300000000000033e+00,-2.016217376089588953e+00
1.826600000000000001e+00,-2.057901802351988607e+00
1.827599999999999891e+00,-2.100375418028762819e+00
1.828799999999999981e+00,-2.141737004123786203e+00
1.830600000000000005e+00,-2.182428147736169777e+00
1.831499999999999906e+00,-2.221185829880953033e+00
1.833299999999999930e+00,-2.262062475993361854e+00
1.834300000000000042e+00,-2.301077257457203817e+00
1.835900000000000087e+00,-2.337915565841505394e+00
1.836600000000000010e+00,-2.374209872579855052e+00
1.838000000000000078e+00,-2.407495867094987751e+00
1.838600000000000012e+00,-2.439961786823149570e+00
1.839099999999999957e+00,-2.473646077790766729e+00
1.840400000000000036e+00,-2.509055296595060991e+00
1.840899999999999981e+00,-2.540292455249779202e+00
1.842200000000000060e+00,-2.574938102403720563e+00
1.842999999999999972e+00,-2.608577348697791010e+00
1.843800000000000106e+00,-2.641836269567929385e+00
1.845399999999999929e+00,-2.676217790980039091e+00
1.846100000000000074e+00,-2.713902221180839902e+00
1.848100000000000076e+00,-2.754616287032883193e+00
1.849199999999999955e+00,-2.801209598072282869e+00
1.850300000000000056e+00,-2.855553071527404008e+00
1.852700000000000014e+00,-2.905141519587425503e+00
1.854100000000000081e+00,-2.960501659265421193e+00
1.855900000000000105e+00,-3.015176699175945441e+00
1.859399999999999942e+00,-3.066832454792220108e+00
1.861099999999999977e+00,-3.113741978429395374e+00
1.864400000000000057e+00,-3.166005733445939718e+00
1.866000000000000103e+00,-3.209706950919042345e+00
1.867699999999999916e+00,-3.255112965449002083e+00
1.870600000000000041e+00,-3.298273043789154535e+00
1.872300000000000075e+00,-3.345035451064457988e+00
1.874100000000000099e+00,-3.392731616607135514e+00
1.877899999999999903e+00,-3.437648991807537247e+00
1.879399999999999959e+00,-3.481826820202481798e+00
1.881399999999999961e+00,-3.522606602548991717e+00
1.881899999999999906e+00,-3.555145617594731799e+00
1.882200000000000095e+00,-3.583843160734343058e+00
1.882400000000000073e+00,-3.616921439189010545e+00
1.882500000000000062e+00,-3.648636746894081906e+00
1.883699999999999930e+00,-3.684896409458235045e+00
1.884700000000000042e+00,-3.730173704473703999e+00
1.886200000000000099e+00,-3.778733206946657930e+00
1.890099999999999891e+00,-3.867814010410916659e+00
1.891999999999999904e+00,-3.946456694391419440e+00
1.893599999999999950e+00,-3.979316894042181030e+00
1.897799999999999931e+00,-4.041177065258747092e+00
1.898400000000000087e+00,-4.097909858668532301e+00
1.898600000000000065e+00,-4.068861943556375316e+00
1.900099999999999900e+00,-4.112291455010127272e+00
1.900199999999999889e+00,-4.085853525453983615e+00
1.901399999999999979e+00,-4.092252598492104987e+00
1.902099999999999902e+00,-4.105099004638178783e+00
1.902700000000000058e+00,-4.161006001554554246e+00
1.903000000000000025e+00,-4.183574665708730933e+00
1.903299999999999992e+00,-4.239724404220265974e+00
1.905699999999999950e+00,-4.304083046655080125e+00
1.907599999999999962e+00,-4.340969998494203175e+00
1.911599999999999966e+00,-4.379488945777107567e+00
1.913499999999999979e+00,-4.414316316442287835e+00
1.915000000000000036e+00,-4.485404109261234673e+00
1.917999999999999927e+00,-4.554367056351925847e+00
1.919300000000000006e+00,-4.610236004020658918e+00
1.920500000000000096e+00,-4.630274884978021532e+00
1.921999999999999931e+00,-4.649224083936863039e+00
1.922500000000000098e+00,-4.634698729121255134e+00
1.922700000000000076e+00,-4.610765155730887521e+00
1.923599999999999977e+00,-4.599464479301815345e+00
1.924500000000000099e+00,-4.659440664975809554e+00
1.924500000000000099e+00,-4.621036361183715080e+00
1.924600000000000088e+00,-4.693425050934505904e+00
1.924700000000000077e+00,-4.740582137601752954e+00
1.925100000000000033e+00,-4.784296797075146657e+00
1.926099999999999923e+00,-4.822093369392097983e+00
1.927799999999999958e+00,-4.840200227652078802e+00
1.930099999999999927e+00,-4.861391721838745461e+00
1.931100000000000039e+00,-4.896336278154554300e+00
1.931899999999999951e+00,-4.935954464307386935e+00
1.932399999999999896e+00,-4.959002668125653379e+00
1.933000000000000052e+00,-4.982830016187487665e+00
1.934700000000000086e+00,-5.001387321658667062e+00
1.935699999999999976e+00,-5.017137442967499084e+00
1.936700000000000088e+00,-5.006126172473753577e+00
1.937100000000000044e+00,-5.012006850438897487e+00
1.937999999999999945e+00,-5.010264901411651373e+00
1.938800000000000079e+00,-5.088795612181447936e+00
1.938800000000000079e+00,-5.033194328812325757e+00
1.938900000000000068e+00,-5.051947706399825933e+00
1.939400000000000013e+00,-5.127754761039547304e+00
1.940900000000000070e+00,-5.175881722347950742e+00
1.942299999999999915e+00,-5.189554891672496950e+00
1.943599999999999994e+00,-5.188106296784010141e+00
1.944199999999999928e+00,-5.204555760050520341e+00
1.945500000000000007e+00,-5.225036458127440220e+00
1.946299999999999919e+00,-5.214059474297757291e+00
1.947200000000000042e+00,-5.224371173575544702e+00
1.947400000000000020e+00,-5.220285947009071670e+00
1.947500000000000009e+00,-5.232528769524288137e+00
1.947999999999999954e+00,-5.228910500186255028e+00
1.948099999999999943e+00,-5.261738446227234967e+00
1.949400000000000022e+00,-5.323811292544665896e+00
1.951000000000000068e+00,-5.382203579151753736e+00
1.951500000000000012e+00,-5.407636790536461291e+00
1.952800000000000091e+00,-5.442982162716657690e+00
1.953500000000000014e+00,-5.485790445921011838e+00
1.953999999999999959e+00,-5.479020105619288650e+00
1.955899999999999972e+00,-5.515387788656563650e+00
1.955999999999999961e+00,-5.500297816008468565e+00
1.957799999999999985e+00,-5.550177591888693307e+00
1.959400000000000031e+00,-5.570402169055574504e+00
1.960900000000000087e+00,-5.565491904737095652e+00
1.961899999999999977e+00,-5.595357819512811304e+00
1.962099999999999955e+00,-5.578416390837891647e+00
1.962299999999999933e+00,-5.606258637542159029e+00
1.962699999999999889e+00,-5.606862825502932246e+00
1.963600000000000012e+00,-5.634567221047269037e+00
1.964299999999999935e+00,-5.660706878168327627e+00
1.966699999999999893e+00,-5.698882082273424743e+00
1.967400000000000038e+00,-5.682851102224438122e+00
1.967500000000000027e+00,-5.729135204101120316e+00
1.967799999999999994e+00,-5.767601158307987141e+00
1.970199999999999951e+00,-5.798338319173420352e+00
1.972199999999999953e+00,-5.811808380516979788e+00
1.972399999999999931e+00,-5.808309994306812385e+00
1.972900000000000098e+00,-5.867053659827089263e+00
1.973700000000000010e+00,-5.844459376192488342e+00
1.974900000000000100e+00,-5.894688630398990270e+00
1.975100000000000078e+00,-5.954525822013387426e+00
1.975200000000000067e+00,-5.930491113974032835e+00
1.975700000000000012e+00,-5.957282387699102344e+00
1.975999999999999979e+00,-5.945092181663944153e+00
1.976900000000000102e+00,-5.952778044254755763e+00
1.977100000000000080e+00,-5.950761803053537413e+00
1.977200000000000069e+00,-5.979964565795413023e+00
1.977700000000000014e+00,-6.017642256696541736e+00
1.977800000000000002e+00,-6.032638399140475727e+00
1.977999999999999980e+00,-6.067441700741691868e+00
1.982099999999999973e+00,-6.096426577940071034e+00
1.984399999999999942e+00,-6.121125269769044586e+00
1.984499999999999931e+00,-6.121751757312551945e+00
1.984599999999999920e+00,-6.122817104860510895e+00
1.985100000000000087e+00,-6.147199666429735032e+00
1.985400000000000054e+00,-6.175394746369409660e+00
1.985800000000000010e+00,-6.163243705484264368e+00
1.985999999999999988e+00,-6.198716805523861950e+00
1.987200000000000077e+00,-6.231413121078331230e+00
1.987900000000000000e+00,-6.236663156903297534e+00
1.988299999999999956e+00,-6.231193990478554490e+00
1.988299999999999956e+00,-6.231386627186249250e+00
1.989800000000000013e+00,-6.267283640825623614e+00
1.989999999999999991e+00,-6.256565608146467561e+00
1.990799999999999903e+00,-6.346345112893112983e+00
1.993800000000000017e+00,-6.428797428580931062e+00
1.994499999999999940e+00,-6.449647483883211407e+00
1.995400000000000063e+00,-6.463817267002289313e+00
1.995800000000000018e+00,-6.479693523014359080e+00
1.997100000000000097e+00,-6.412113857289235774e+00
1.997200000000000086e+00,-6.401331027091613279e+00
1.997600000000000042e+00,-6.440966996787420129e+00
1.998399999999999954e+00,-6.466769711865880232e+00
1.999200000000000088e+00,-6.478763560323062443e+00
1.999500000000000055e+00,-6.491019458172985424e+00
1.999700000000000033e+00,-6.504236346699385329e+00
1.999800000000000022e+00,-6.607017109491183149e+00
2.000399999999999956e+00,-6.510217712430986126e+00
2.000500000000000167e+00,-6.539857767700604008e+00
2.000900000000000123e+00,-6.582058586630521901e+00
2.001199999999999868e+00,-6.536352474030836746e+00
2.001700000000000035e+00,-6.612665830957873858e+00
2.004100000000000215e+00,-6.649991155249220576e+00
2.007899999999999796e+00,-6.683691323794980654e+00
2.007899999999999796e+00,-6.664650458435003699e+00
2.010400000000000187e+00,-6.708406984198274969e+00
2.010499999999999954e+00,-6.738297007098935865e+00
2.012599999999999945e+00,-6.752708266966609862e+00
2.014200000000000212e+00,-6.757287585805737073e+00
2.014400000000000190e+00,-6.852847944071037922e+00
2.014499999999999957e+00,-6.766801564654365997e+00
2.014600000000000168e+00,-6.762876536905990221e+00
2.014699999999999935e+00,-6.782045387938582692e+00
2.015299999999999869e+00,-6.993374486175539140e+00
2.015400000000000080e+00,-6.946340532364977172e+00
2.016399999999999970e+00,-7.046153956971609844e+00
2.016599999999999948e+00,-7.062104658621669806e+00
2.018499999999999961e+00,-7.031595799005251557e+00
2.018499999999999961e+00,-7.043670564649270993e+00
2.018600000000000172e+00,-7.014004897463175681e+00
2.020300000000000207e+00,-7.005875608769859042e+00
2.021599999999999842e+00,-7.039976136035130061e+00
2.021799999999999820e+00,-7.037988021256212257e+00
2.024099999999999788e+00,-7.040981254298193548e+00
2.025100000000000122e+00,-7.065620861267936981e+00
2.025300000000000100e+00,-7.138925282190174748e+00
2.025799999999999823e+00,-7.143943645039339430e+00
2.026299999999999990e+00,-7.112116824419255856e+00
2.026800000000000157e+00,-7.116256355643721498e+00
2.027600000000000069e+00,-7.133628298854332250e+00
2.027899999999999814e+00,-7.171591676147223815e+00
2.028599999999999959e+00,-7.162956564453758723e+00
2.029500000000000082e+00,-7.222990348331181032e+00
2.030100000000000016e+00,-7.187481083280043315e+00
2.031000000000000139e+00,-7.257224450265550075e+00
2.032099999999999795e+00,-7.300621570283102990e+00
2.033599999999999852e+00,-7.317080224640280406e+00
2.034100000000000019e+00,-7.327240714416480394e+00
2.034600000000000186e+00,-7.328291039239152482e+00
2.034699999999999953e+00,-7.334789848072452934e+00
2.034800000000000164e+00,-7.318035998338243253e+00
2.035600000000000076e+00,-7.324247449994045311e+00
2.036500000000000199e+00,-7.313966221302866444e+00
2.036599999999999966e+00,-7.373382685467165132e+00
2.036799999999999944e+00,-7.427729291082372676e+00
2.036900000000000155e+00,-7.351461405107339253e+00
2.038199999999999790e+00,-7.497066114580671403e+00
2.041399999999999881e+00,-7.559699002925301059e+00
2.043000000000000149e+00,-7.588008863153026695e+00
2.047600000000000087e+00,-7.630643284949885974e+00
2.047600000000000087e+00,-7.656377718598948334e+00
2.048599999999999977e+00,-7.687842135356556916e+00
2.048799999999999955e+00,-7.663043913569420162e+00
2.048900000000000166e+00,-7.682921442105913101e+00
2.048900000000000166e+00,-7.704472668014771486e+00
2.049700000000000077e+00,-7.735307620203578871e+00
2.050199999999999800e+00,-7.746509458856907671e+00
2.050300000000000011e+00,-7.742981440756467215e+00
2.050499999999999989e+00,-7.740395956138399924e+00
2.051499999999999879e+00,-7.748987835730079432e+00
2.052099999999999813e+00,-7.733714557568992731e+00
2.052099999999999813e+00,-7.730328289868302782e+00
2.052299999999999791e+00,-7.758706422149596271e+00
2.053500000000000103e+00,-7.791109959400243312e+00
2.054100000000000037e+00,-7.874906193989781755e+00
2.054399999999999782e+00,-7.910272714987674370e+00
2.054899999999999949e+00,-7.898178037193389400e+00
2.055000000000000160e+00,-7.836435771678694984e+00
2.056599999999999984e+00,-7.950399922718729862e+00
2.057799999999999851e+00,-7.941672680656373551e+00
2.057900000000000063e+00,-8.022935498697700396e+00
2.058699999999999974e+00,-7.958232937634864612e+00
2.059200000000000141e+00,-7.965533948154355670e+00
2.060000000000000053e+00,-7.999228459862337104e+00
2.060400000000000009e+00,-8.001193518770708835e+00
2.061500000000000110e+00,-8.031323858247450431e+00
2.062399999999999789e+00,-8.169405778654100558e+00
2.062500000000000000e+00,-8.051238392769995755e+00
2.062899999999999956e+00,-8.101293793472683191e+00
2.063200000000000145e+00,-8.054111635071302899e+00
2.063800000000000079e+00,-8.165873375490237507e+00
2.063800000000000079e+00,-8.154970428870809585e+00
2.065100000000000158e+00,-8.162675308879261848e+00
2.066399999999999793e+00,-8.183481186411766473e+00
2.066800000000000193e+00,-8.157883284756747955e+00
2.067099999999999937e+00,-8.203693041372581263e+00
2.068000000000000060e+00,-8.235291065691871637e+00
2.068200000000000038e+00,-8.164745757143208493e+00
2.068400000000000016e+00,-8.192277520557841086e+00
2.068900000000000183e+00,-8.209082699280886075e+00
2.068999999999999950e+00,-8.218308507962898801e+00
2.070300000000000029e+00,-8.233108987604762063e+00
2.070899999999999963e+00,-8.279351209998784711e+00
2.070899999999999963e+00,-8.265180912606082231e+00
2.071800000000000086e+00,-8.347479005594847123e+00
2.076000000000000068e+00,-8.369855332122087432e+00
2.076299999999999812e+00,-8.358599452114589212e+00
2.077700000000000102e+00,-8.361560272698850937e+00
2.078199999999999825e+00,-8.431325866610771769e+00
2.079000000000000181e+00,-8.520455394328548593e+00
2.079099999999999948e+00,-8.467721546653313780e+00
2.079200000000000159e+00,-8.431134957993522860e+00
2.080999999999999961e+00,-8.507092378782775910e+00
2.081500000000000128e+00,-8.477912606772996185e+00
2.081999999999999851e+00,-8.497315801807014068e+00
2.082300000000000040e+00,-8.505547066890994046e+00
2.083200000000000163e+00,-8.527629884408357341e+00
2.083800000000000097e+00,-8.643154398066396737e+00
2.083899999999999864e+00,-8.542250629764433612e+00
2.084000000000000075e+00,-8.581055296592030146e+00
2.085599999999999898e+00,-8.618039541543605964e+00
2.086899999999999977e+00,-8.650006165534238178e+00
2.088999999999999968e+00,-8.712524218595360637e+00
2.089799999999999880e+00,-8.752619300671502955e+00
2.090300000000000047e+00,-8.732599050623177206e+00
2.090700000000000003e+00,-8.778258158194661931e+00
2.091000000000000192e+00,-8.757939151388669075e+00
2.091200000000000170e+00,-8.766106738955500077e+00
2.091400000000000148e+00,-8.765446211316804792e+00
2.091600000000000126e+00,-8.740241676286617079e+00
2.091699999999999893e+00,-8.731096024412464018e+00
2.092099999999999849e+00,-8.762103648348725571e+00
2.092099999999999849e+00,-8.726136240236323616e+00
2.092299999999999827e+00,-8.751564549884237820e+00
2.092499999999999805e+00,-8.743683056808835730e+00
2.092699999999999783e+00,-8.779943362137720086e+00
2.093300000000000161e+00,-8.782493660277056691e+00
2.093500000000000139e+00,-8.869085903869807552e+00
2.093999999999999861e+00,-8.828671233746529623e+00
2.095699999999999896e+00,-8.944619048711352605e+00
2.095800000000000107e+00,-8.918542863338705828e+00
2.096400000000000041e+00,-8.942899014798829427e+00
2.099200000000000177e+00,-8.991025148692987301e+00
2.100299999999999834e+00,-8.947829374558176951e+00
2.101300000000000168e+00,-9.011306180735088489e+00
2.101500000000000146e+00,-9.043543433528419939e+00
2.101999999999999869e+00,-9.072985448141388076e+00
2.102500000000000036e+00,-9.112803642031817475e+00
2.103499999999999925e+00,-9.163763287298730020e+00
2.103600000000000136e+00,-9.124640955598946945e+00
2.104000000000000092e+00,-9.151088669459570113e+00
2.104299999999999837e+00,-9.186746899739192784e+00
2.104299999999999837e+00,-9.175416119527321612e+00
2.104800000000000004e+00,-9.173638686640892104e+00
2.105500000000000149e+00,-9.161024256946202371e+00
2.105700000000000127e+00,-9.168125860555816686e+00
2.107099999999999973e+00,-9.182528358999130447e+00
2.108699999999999797e+00,-9.213325104656663100e+00
2.109199999999999964e+00,-9.258973087277741598e+00
2.110899999999999999e+00,-9.292323078290419147e+00
2.113199999999999967e+00,-9.329013065477175459e+00
2.115899999999999892e+00,-9.410731852517171703e+00
2.116000000000000103e+00,-9.397325664079467344e+00
2.116099999999999870e+00,-9.461747153954311429e+00
2.118900000000000006e+00,-9.527901035760729442e+00
2.120200000000000085e+00,-9.563008365478516737e+00
2.120800000000000018e+00,-9.591129985613841669e+00
2.120899999999999785e+00,-9.620113017129170885e+00
2.123400000000000176e+00,-9.642015314993422237e+00
2.123600000000000154e+00,-9.656612466745759349e+00
2.124299999999999855e+00,-9.613869786683768126e+00
2.125199999999999978e+00,-9.679366134589526993e+00
2.125300000000000189e+00,-9.626826506556882990e+00
2.125999999999999890e+00,-9.744179327312306071e+00
2.126100000000000101e+00,-9.786127030761424095e+00
2.126199999999999868e+00,-9.735952553445169855e+00
2.126300000000000079e+00,-9.822365648978200525e+00
2.127200000000000202e+00,-9.817151350551830191e+00
2.128200000000000092e+00,-9.793668427288679368e+00
2.128200000000000092e+00,-9.808169099130847002e+00
2.129100000000000215e+00,-9.818893880528253959e+00
2.129300000000000193e+00,-9.829240315141761997e+00
2.130399999999999849e+00,-9.817096397870535895e+00
2.130799999999999805e+00,-9.826913821602277110e+00
2.132000000000000117e+00,-9.866447547121067529e+00
2.132400000000000073e+00,-9.823879904394814844e+00
2.133700000000000152e+00,-9.941653477918974247e+00
2.134799999999999809e+00,-9.882885814818106240e+00
2.135099999999999998e+00,-9.873251549184502096e+00
2.136099999999999888e+00,-1.004354306256282925e+01
2.137000000000000011e+00,-1.003507681842763333e+01
2.137399999999999967e+00,-1.008267743828061569e+01
2.139400000000000190e+00,-1.015827796029988761e+01
2.140299999999999869e+00,-1.016611179889714656e+01
2.140499999999999847e+00,-1.014146116748271176e+01
2.142199999999999882e+00,-1.020444454061131090e+01
2.142399999999999860e+00,-1.013643756811066687e+01
2.142900000000000027e+00,-1.016037225614163475e+01
2.143899999999999917e+00,-1.016760374925817700e+01
2.145700000000000163e+00,-1.025360834694566314e+01
2.145900000000000141e+00,-1.017559486312768868e+01
2.146100000000000119e+00,-1.023206499714823536e+01
2.146500000000000075e+00,-1.028514230222432246e+01
2.146599999999999842e+00,-1.032938609856481627e+01
2.147200000000000220e+00,-1.037169226295431201e+01
2.147400000000000198e+00,-1.031676739853937086e+01
2.148099999999999898e+00,-1.034277421443851885e+01
2.150300000000000100e+00,-1.038651573067428302e+01
2.151699999999999946e+00,-1.037002027559852024e+01
2.152899999999999814e+00,-1.041222209165415258e+01
2.153399999999999981e+00,-1.043232618851030935e+01
2.153500000000000192e+00,-1.039907002586159912e+01
2.153700000000000170e+00,-1.040962234632125316e+01
2.154599999999999849e+00,-1.046329489895969367e+01
2.155100000000000016e+00,-1.048192933350677691e+01
2.155199999999999783e+00,-1.043337391619825105e+01
2.156099999999999905e+00,-1.045443259870048891e+01
2.156400000000000095e+00,-1.048075431649142253e+01
2.156400000000000095e+00,-1.046674400877189726e+01
2.156600000000000072e+00,-1.042860294484915151e+01
2.157099999999999795e+00,-1.045309191528675896e+01
2.157099999999999795e+00,-1.050522770739359046e+01
2.157799999999999940e+00,-1.054599596598037969e+01
2.158300000000000107e+00,-1.057648030803936834e+01
2.158500000000000085e+00,-1.059459393447092701e+01
2.159100000000000019e+00,-1.064856622932319397e+01
2.160200000000000120e+00,-1.068515223538346426e+01
2.162100000000000133e+00,-1.074134644601320865e+01
2.164899999999999824e+00,-1.077546004884799302e+01
2.167899999999999938e+00,-1.079551208922779715e+01
2.168699999999999850e+00,-1.086442406579901387e+01
2.169599999999999973e+00,-1.091720972336229423e+01
2.169999999999999929e+00,-1.089978374017641372e+01
2.172200000000000131e+00,-1.101109783259501640e+01
2.172400000000000109e+00,-1.101100388869013891e+01
2.172600000000000087e+00,-1.098244471823439561e+01
2.173299999999999788e+00,-1.101511516552744219e+01
2.173700000000000188e+00,-1.102742737112915883e+01
2.174199999999999910e+00,-1.105511879655351848e+01
2.175199999999999800e+00,-1.102067159306218969e+01
2.175600000000000200e+00,-1.106453342975599341e+01
2.176000000000000156e+00,-1.114160746042591654e+01
2.176200000000000134e+00,-1.118723008549704367e+01
2.176299999999999901e+00,-1.110302472560053744e+01
2.176800000000000068e+00,-1.120303198036742565e+01
2.176899999999999835e+00,-1.113980462148444772e+01
2.177700000000000191e+00,-1.114419491186679778e+01
2.179199999999999804e+00,-1.129922292240792459e+01
2.179899999999999949e+00,-1.124770317681766763e+01
2.180800000000000072e+00,-1.134255216292845247e+01
2.183199999999999807e+00,-1.138629798553225392e+01
2.184000000000000163e+00,-1.134215817983674590e+01
2.184400000000000119e+00,-1.139113551025527649e+01
2.185500000000000220e+00,-1.151993063218059454e+01
2.186500000000000110e+00,-1.138438576794242607e+01
2.188299999999999912e+00,-1.146154985194935705e+01
2.189299999999999802e+00,-1.154955474088781209e+01
2.189299999999999802e+00,-1.158613265493712952e+01
2.190199999999999925e+00,-1.161110191372882561e+01
2.190399999999999903e+00,-1.162144824677635313e+01
2.192299999999999915e+00,-1.160773398281411595e+01
2.192499999999999893e+00,-1.159931353268750343e+01
2.193200000000000038e+00,-1.165287262296754633e+01
2.193999999999999950e+00,-1.161172584650482520e+01
2.194300000000000139e+00,-1.162135492683013815e+01
2.196099999999999941e+00,-1.174969133828029655e+01
2.196400000000000130e+00,-1.171419793725591951e+01
2.196600000000000108e+00,-1.167760129677119885e+01
2.197000000000000064e+00,-1.161447999911024809e+01
2.199199999999999822e+00,-1.177804698079209800e+01
2.201000000000000068e+00,-1.175176176545666884e+01
2.201600000000000001e+00,-1.179307570496168545e+01
2.201900000000000190e+00,-1.181182360736720938e+01
2.202100000000000168e+00,-1.184775159112582976e+01
2.202999999999999847e+00,-1.185929011275343647e+01
2.204200000000000159e+00,-1.190578736852964958e+01
2.204400000000000137e+00,-1.195527415256802861e+01
2.205799999999999983e+00,-1.188479230712690971e+01
2.206199999999999939e+00,-1.198751002624509354e+01
2.209099999999999842e+00,-1.203930292165311577e+01
2.209799999999999986e+00,-1.204447909866346045e+01
2.210100000000000176e+00,-1.204666278265709067e+01
2.210100000000000176e+00,-1.208888789619721749e+01
2.210900000000000087e+00,-1.213103256679836939e+01
2.212899999999999867e+00,-1.219823394871255218e+01
2.213299999999999823e+00,-1.216967263429180512e+01
2.214300000000000157e+00,-1.222718102468711443e+01
2.215300000000000047e+00,-1.221063154175694265e+01
2.216000000000000192e+00,-1.224167666329323012e+01
2.216699999999999893e+00,-1.222153536646674965e+01
2.217400000000000038e+00,-1.223208425025545765e+01
2.217400000000000038e+00,-1.237101375019866545e+01
2.217499999999999805e+00,-1.226950816374527697e+01
2.217799999999999994e+00,-1.230531544144763778e+01
2.218399999999999928e+00,-1.229790416954701016e+01
2.218599999999999905e+00,-1.242800588926895422e+01
2.218599999999999905e+00,-1.235001438312621680e+01
2.219199999999999839e+00,-1.237025340755815073e+01
2.220000000000000195e+00,-1.244946531780477272e+01
2.220000000000000195e+00,-1.236550967671501056e+01
2.221799999999999997e+00,-1.249981684563194761e+01
2.222599999999999909e+00,-1.255491621584170403e+01
2.222700000000000120e+00,-1.252967695029416539e+01
2.222799999999999887e+00,-1.245005128588605103e+01
2.223599999999999799e+00,-1.252613422373649321e+01
2.224000000000000199e+00,-1.252295355672339028e+01
2.225299999999999834e+00,-1.259360123129604681e+01
2.226199999999999957e+00,-1.255314983225452785e+01
2.226799999999999891e+00,-1.262279269208188204e+01
2.226999999999999869e+00,-1.256068037717994201e+01
2.227700000000000014e+00,-1.256230418837489360e+01
2.228800000000000114e+00,-1.266467277727833896e+01
2.229900000000000215e+00,-1.264328080112453101e+01
2.230300000000000171e+00,-1.270111749055419104e+01
2.232699999999999907e+00,-1.281212705700584920e+01
2.232899999999999885e+00,-1.269429198429150318e+01
2.233099999999999863e+00,-1.288780113656295612e+01
2.234100000000000197e+00,-1.275973400710728001e+01
2.234500000000000153e+00,-1.284204742304006786e+01
2.234999999999999876e+00,-1.292637534209439742e+01
2.235599999999999810e+00,-1.295672590336971375e+01
2.236400000000000166e+00,-1.292375250138199938e+01
2.240400000000000169e+00,-1.300064958601881671e+01
2.240400000000000169e+00,-1.303130428578102951e+01
2.241099999999999870e+00,-1.300453199456513786e+01
2.242399999999999949e+00,-1.310689885170246072e+01
2.242599999999999927e+00,-1.318370950426417210e+01
2.242900000000000116e+00,-1.299808167455340424e+01
2.242999999999999883e+00,-1.315519703981526689e+01
2.243500000000000050e+00,-1.302942138251827764e+01
2.243799999999999795e+00,-1.305667326225057145e+01
2.244699999999999918e+00,-1.317585624482198092e+01
2.245000000000000107e+00,-1.317458701011880784e+01
2.245000000000000107e+00,-1.316867968678747403e+01
2.245400000000000063e+00,-1.319650964632434764e+01
2.245600000000000041e+00,-1.317627427983358679e+01
2.246199999999999974e+00,-1.321640117923433522e+01
2.246300000000000185e+00,-1.320166725002652619e+01
2.246599999999999930e+00,-1.319954742304951623e+01
2.246700000000000141e+00,-1.319627887480245576e+01
2.246799999999999908e+00,-1.316846024362910939e+01
2.246999999999999886e+00,-1.322769062672479556e+01
2.249099999999999877e+00,-1.337643226589107925e+01
2.249400000000000066e+00,-1.346285935140578616e+01
2.249400000000000066e+00,-1.353766089089547364e+01
2.249600000000000044e+00,-1.331533239791932033e+01
2.254999999999999893e+00,-1.357648827778806577e+01
2.257000000000000117e+00,-1.365082429601704916e+01
2.258000000000000007e+00,-1.360330565122219681e+01
2.259500000000000064e+00,-1.368201679455144060e+01
2.259999999999999787e+00,-1.363840309439034648e+01
2.261200000000000099e+00,-1.368086943058677107e+01
2.262100000000000222e+00,-1.370316805542365302e+01
2.262300000000000200e+00,-1.374538401421320977e+01
2.262999999999999901e+00,-1.367852542080910538e+01
2.263199999999999878e+00,-1.363007673873151049e+01
2.263799999999999812e+00,-1.383078341862825589e+01
2.264200000000000212e+00,-1.383013435005159231e+01
2.265499999999999847e+00,-1.379397124652265028e+01
2.267199999999999882e+00,-1.386576100431302550e+01
2.267599999999999838e+00,-1.386519605788893728e+01
2.267799999999999816e+00,-1.386583492338472112e+01
2.267999999999999794e+00,-1.382213103462870230e+01
2.268200000000000216e+00,-1.397455729682084247e+01
2.268600000000000172e+00,-1.382029966447706215e+01
2.268800000000000150e+00,-1.389267566223623085e+01
2.269600000000000062e+00,-1.382292090948227958e+01
2.269699999999999829e+00,-1.397777969182389768e+01
2.270099999999999785e+00,-1.398005161963838816e+01
2.270300000000000207e+00,-1.384317395289380315e+01
2.271100000000000119e+00,-1.390397262270470691e+01
2.271300000000000097e+00,-1.396943037533543297e+01
2.271599999999999842e+00,-1.384112395977743404e+01
2.271700000000000053e+00,-1.399134084157982194e+01
2.271999999999999797e+00,-1.399326069834449804e+01
2.272100000000000009e+00,-1.401319190345639853e+01
2.272899999999999920e+00,-1.423141838206076493e+01
2.274000000000000021e+00,-1.407622261370005923e+01
2.274700000000000166e+00,-1.404729177164692722e+01
2.274700000000000166e+00,-1.418314514031598605e+01
2.276499999999999968e+00,-1.446961172731880829e+01
2.277499999999999858e+00,-1.451914306207696548e+01
2.278399999999999981e+00,-1.433236898663286851e+01
2.278500000000000192e+00,-1.451981431254689348e+01
2.278700000000000170e+00,-1.457312792303100046e+01
2.278999999999999915e+00,-1.451947284993065779e+01
2.279500000000000082e+00,-1.439674116454264663e+01
2.282500000000000195e+00,-1.447128978081801698e+01
2.284299999999999997e+00,-1.448754242549005156e+01
2.284299999999999997e+00,-1.453426793055462163e+01
2.284699999999999953e+00,-1.448524017360064065e+01
2.285000000000000142e+00,-1.451369138751323540e+01
2.285800000000000054e+00,-1.449979153356178863e+01
2.286900000000000155e+00,-1.452127444238754173e+01
2.287799999999999834e+00,-1.451074494246279123e+01
2.288100000000000023e+00,-1.465256532021952118e+01
2.288400000000000212e+00,-1.474164436306324255e+01
2.288699999999999957e+00,-1.446341036474174579e+01
2.289499999999999869e+00,-1.456744615556143607e+01
2.289499999999999869e+00,-1.463895641712342410e+01
2.292400000000000215e+00,-1.480698343493985725e+01
2.292600000000000193e+00,-1.469643181500695661e+01
2.294299999999999784e+00,-1.476991892810808160e+01
2.294999999999999929e+00,-1.486334355834672749e+01
2.295100000000000140e+00,-1.483333959467342034e+01
2.295399999999999885e+00,-1.486584263962808805e+01
2.296699999999999964e+00,-1.490955970117391161e+01
2.298299999999999788e+00,-1.493244602520066167e+01
2.300100000000000033e+00,-1.490571753722496950e+01
2.300899999999999945e+00,-1.495138319946603822e+01
2.301000000000000156e+00,-1.496250131862969290e+01
2.301200000000000134e+00,-1.500427400377951415e+01
2.301800000000000068e+00,-1.495692900700645644e+01
2.301899999999999835e+00,-1.494989768835497124e+01
2.302200000000000024e+00,-1.494031308792858859e+01
2.302400000000000002e+00,-1.500658403443377686e+01
2.302799999999999958e+00,-1.508769883014571001e+01
2.304499999999999993e+00,-1.517168602184620596e+01
2.304699999999999971e+00,-1.506114671691038609e+01
2.304800000000000182e+00,-1.522533774918621496e+01
2.305499999999999883e+00,-1.511157793549211270e+01
2.306400000000000006e+00,-1.523142843664865076e+01
2.307100000000000151e+00,-1.525969556978034802e+01
2.308800000000000185e+00,-1.529485457469670173e+01
2.308899999999999952e+00,-1.529396399033128162e+01
2.309899999999999842e+00,-1.527977875374564043e+01
2.310000000000000053e+00,-1.531908586621860557e+01
2.310400000000000009e+00,-1.529542945853473412e+01
2.310700000000000198e+00,-1.529543032800284408e+01
2.310900000000000176e+00,-1.528328470114775683e+01
2.310999999999999943e+00,-1.528384435187490809e+01
2.311399999999999899e+00,-1.529922153433865617e+01
2.311900000000000066e+00,-1.534415551074363648e+01
2.313400000000000123e+00,-1.539032464129646804e+01
2.314499999999999780e+00,-1.542587046679172325e+01
2.315900000000000070e+00,-1.546944324327253817e+01
2.315999999999999837e+00,-1.552245896892595312e+01
2.318000000000000060e+00,-1.554555509648863776e+01
2.319300000000000139e+00,-1.558637762573505547e+01
2.321899999999999853e+00,-1.567448646358743147e+01
2.321899999999999853e+00,-1.562298288352858755e+01
2.321899999999999853e+00,-1.565476239397844793e+01
2.322999999999999954e+00,-1.574713133867255621e+01
2.323900000000000077e+00,-1.576543453914863413e+01
2.323999999999999844e+00,-1.580360842487693240e+01
2.324300000000000033e+00,-1.585900562398295577e+01
2.324699999999999989e+00,-1.591069804428579459e+01
2.325000000000000178e+00,-1.597422989162044971e+01
2.325899999999999856e+00,-1.593008406187784409e+01
2.327599999999999891e+00,-1.599889600653131261e+01
2.328300000000000036e+00,-1.602392417530906599e+01
2.329299999999999926e+00,-1.603147991985936827e+01
2.329600000000000115e+00,-1.605747955595843024e+01
2.330200000000000049e+00,-1.604436162371519714e+01
2.330999999999999961e+00,-1.602556588645942171e+01
2.332199999999999829e+00,-1.605941274910344063e+01
2.332300000000000040e+00,-1.611552217929940056e+01
2.332800000000000207e+00,-1.606944461984615913e+01
2.333000000000000185e+00,-1.608615578353428077e+01
2.334400000000000031e+00,-1.617774900507628999e+01
2.335199999999999942e+00,-1.619905895010764496e+01
2.335199999999999942e+00,-1.620978151583629412e+01
2.335599999999999898e+00,-1.621129331308340582e+01
2.336599999999999788e+00,-1.628724118750978889e+01
2.337499999999999911e+00,-1.632440036046400778e+01
2.339100000000000179e+00,-1.634382372801445982e+01
2.341899999999999871e+00,-1.636511560589054426e+01
2.343399999999999928e+00,-1.642397217175073010e+01
2.343399999999999928e+00,-1.641541147989949678e+01
2.343900000000000095e+00,-1.643829512435523910e+01
2.345699999999999896e+00,-1.651950929832640469e+01
2.347500000000000142e+00,-1.645135572179712113e+01
2.347500000000000142e+00,-1.649230626924125076e+01
2.348100000000000076e+00,-1.654496795362724981e+01
2.348300000000000054e+00,-1.655497028302921336e+01
2.349400000000000155e+00,-1.659066424651439320e+01
2.350800000000000001e+00,-1.665753469907659934e+01
2.350800000000000001e+00,-1.662275273947716059e+01
2.351500000000000146e+00,-1.662706626819582212e+01
2.352199999999999847e+00,-1.670996640197735772e+01
2.352399999999999824e+00,-1.679263953930754028e+01
2.352599999999999802e+00,-1.683407958236404411e+01
2.353499999999999925e+00,-1.687189159131158078e+01
2.355700000000000127e+00,-1.689059888036692314e+01
2.356100000000000083e+00,-1.688530489440648097e+01
2.356599999999999806e+00,-1.688185649376422504e+01
2.356799999999999784e+00,-1.686440306107122922e+01
2.357699999999999907e+00,-1.693664544686640383e+01
2.357800000000000118e+00,-1.691148904605560332e+01
2.358200000000000074e+00,-1.692848949944702852e+01
2.358499999999999819e+00,-1.696944006994216281e+01
2.359199999999999964e+00,-1.695466373179188224e+01
2.359700000000000131e+00,-1.696994723689309836e+01
2.360700000000000021e+00,-1.700426755088190944e+01
2.360799999999999788e+00,-1.704589660183719602e+01
2.360899999999999999e+00,-1.698429943432721956e+01
2.360899999999999999e+00,-1.702376967595758828e+01
2.361000000000000210e+00,-1.699242038600695537e+01
2.361000000000000210e+00,-1.703228106035847489e+01
2.362600000000000033e+00,-1.718828012145650774e+01
2.362800000000000011e+00,-1.726229920181648581e+01
2.362899999999999778e+00,-1.712148469980384391e+01
2.368399999999999839e+00,-1.734131716918579613e+01
2.370400000000000063e+00,-1.738005401656305793e+01
2.370699999999999807e+00,-1.739516934503276602e+01
2.371300000000000185e+00,-1.735087495124937007e+01
2.371599999999999930e+00,-1.737126037728519989e+01
2.371700000000000141e+00,-1.735577117643937939e+01
2.372100000000000097e+00,-1.738391298104768623e+01
2.372700000000000031e+00,-1.743283048072474628e+01
2.372700000000000031e+00,-1.747532389064443237e+01
2.374099999999999877e+00,-1.753194607112873271e+01
2.374400000000000066e+00,-1.751459669946442332e+01
2.375000000000000000e+00,-1.759380426652467833e+01
2.376199999999999868e+00,-1.755763968555590182e+01
2.376900000000000013e+00,-1.768077775562676379e+01
2.377200000000000202e+00,-1.762836220917468211e+01
2.378699999999999815e+00,-1.778699065818262071e+01
2.379300000000000193e+00,-1.773902031610985119e+01
2.379399999999999959e+00,-1.784742863038868066e+01
2.379500000000000171e+00,-1.781147750870848157e+01
2.380199999999999871e+00,-1.785136870184500424e+01
2.381200000000000205e+00,-1.787869805396774225e+01
2.381499999999999950e+00,-1.788094907789194821e+01
2.382299999999999862e+00,-1.786017346788598559e+01
2.382600000000000051e+00,-1.785696605341696497e+01
2.383799999999999919e+00,-1.787808668635454268e+01
2.384500000000000064e+00,-1.786898392407559655e+01
2.385099999999999998e+00,-1.787818741350505292e+01
2.385299999999999976e+00,-1.796162123025357360e+01
2.385699999999999932e+00,-1.786344974041342581e+01
2.387700000000000156e+00,-1.805591547335338731e+01
2.387999999999999901e+00,-1.816298187846732048e+01
2.388799999999999812e+00,-1.806948302562421915e+01
2.392100000000000115e+00,-1.821869764463606955e+01
2.392599999999999838e+00,-1.820861977817888899e+01
2.393200000000000216e+00,-1.824289624144187272e+01
2.394000000000000128e+00,-1.819293852069414186e+01
2.396100000000000119e+00,-1.823834481150199238e+01
2.396300000000000097e+00,-1.828695790532436050e+01
2.396500000000000075e+00,-1.832626485996219046e+01
2.396799999999999820e+00,-1.831689080849435669e+01
2.396900000000000031e+00,-1.828856827981894995e+01
2.397400000000000198e+00,-1.833999062496483035e+01
2.397600000000000176e+00,-1.850811992933742900e+01
2.397600000000000176e+00,-1.830539079181431106e+01
2.398200000000000109e+00,-1.842284176797076611e+01
2.398499999999999854e+00,-1.830531528801970609e+01
2.399199999999999999e+00,-1.856900718527870708e+01
2.401699999999999946e+00,-1.863599262411669244e+01
2.401699999999999946e+00,-1.863574653639065914e+01
2.402499999999999858e+00,-1.864089336516189022e+01
2.404500000000000082e+00,-1.866835842624259101e+01
2.405800000000000161e+00,-1.871333599754193600e+01
2.407099999999999795e+00,-1.872565605102433040e+01
2.407500000000000195e+00,-1.877559388211546931e+01
2.409699999999999953e+00,-1.877371873581390460e+01
2.410099999999999909e+00,-1.881751990637531335e+01
2.410200000000000120e+00,-1.878867404370459937e+01
2.411000000000000032e+00,-1.877048728693403135e+01
2.411399999999999988e+00,-1.877275655957688372e+01
2.411700000000000177e+00,-1.878406107552382664e+01
2.411900000000000155e+00,-1.883690807337051609e+01
2.412500000000000089e+00,-1.878552264601234967e+01
2.412900000000000045e+00,-1.898471302801046789e+01
2.413499999999999979e+00,-1.891846292820437014e+01
2.413600000000000190e+00,-1.887557815661466876e+01
2.414099999999999913e+00,-1.902559380068280248e+01
2.415099999999999802e+00,-1.902221503622319787e+01
2.415399999999999991e+00,-1.900539602797929106e+01
2.415500000000000203e+00,-1.900260182817775600e+01
2.416300000000000114e+00,-1.903017379558918876e+01
2.416799999999999837e+00,-1.901796909318076345e+01
2.417400000000000215e+00,-1.908054016877436254e+01
2.417800000000000171e+00,-1.921756817829328412e+01
2.418000000000000149e+00,-1.915901950687415223e+01
2.419000000000000039e+00,-1.925808847599352802e+01
2.424399999999999888e+00,-1.929145657233760502e+01
2.424700000000000077e+00,-1.932948423044755515e+01
2.425100000000000033e+00,-1.936251851733377904e+01
2.426600000000000090e+00,-1.940726966745326365e+01
2.427299999999999791e+00,-1.940012096454501744e+01
2.427999999999999936e+00,-1.947205296573134348e+01
2.428199999999999914e+00,-1.946147186660224193e+01
2.428500000000000103e+00,-1.945232764614002008e+01
2.428599999999999870e+00,-1.944853408144819440e+01
2.428999999999999826e+00,-1.948564959725062806e+01
2.429300000000000015e+00,-1.956223154500224837e+01
2.429399999999999782e+00,-1.949778988168282368e+01
2.429600000000000204e+00,-1.950063574702648239e+01
2.429800000000000182e+00,-1.953053369403989592e+01
2.430299999999999905e+00,-1.959875170039398995e+01
2.431799999999999962e+00,-1.965978584041016930e+01
2.432399999999999896e+00,-1.969243121750452019e+01
2.432999999999999829e+00,-1.974574752209356987e+01
2.435200000000000031e+00,-1.977514137325941590e+01
2.436700000000000088e+00,-1.984779139820119553e+01
2.437800000000000189e+00,-1.991915616739336770e+01
2.438200000000000145e+00,-1.992889443211437239e+01
2.438400000000000123e+00,-1.988880358798905235e+01
2.438499999999999890e+00,-1.994109192781256823e+01
2.438800000000000079e+00,-1.992611289792833773e+01
2.440199999999999925e+00,-1.997448752994568366e+01
2.440300000000000136e+00,-1.996801518011098509e+01
2.441600000000000215e+00,-2.001522906597163853e+01
2.442099999999999937e+00,-2.007815873090429193e+01
2.443200000000000038e+00,-2.009431018298118587e+01
2.443999999999999950e+00,-2.006190786561306894e+01
2.445500000000000007e+00,-2.015108780526714227e+01
2.445699999999999985e+00,-2.019653212889688021e+01
2.446899999999999853e+00,-2.026137403005723314e+01
2.447099999999999831e+00,-2.021960446378145804e+01
2.447099999999999831e+00,-2.024756094233942250e+01
2.447799999999999976e+00,-2.025011022776856606e+01
2.448900000000000077e+00,-2.028843567869447995e+01
2.450099999999999945e+00,-2.034759500816829103e+01
2.450800000000000090e+00,-2.047247137734964184e+01
2.451299999999999812e+00,-2.042527084707756657e+01
2.453500000000000014e+00,-2.055704448014699892e+01
2.453899999999999970e+00,-2.055922966903239413e+01
2.454400000000000137e+00,-2.054379517612336770e+01
2.455000000000000071e+00,-2.060337427759628426e+01
2.455099999999999838e+00,-2.059574943303526950e+01
2.456500000000000128e+00,-2.064391045945829006e+01
2.456999999999999851e+00,-2.059335926314964382e+01
2.458699999999999886e+00,-2.067232048758693708e+01
2.458800000000000097e+00,-2.068770368456290498e+01
2.459299999999999820e+00,-2.077369184546956404e+01
2.459299999999999820e+00,-2.073485831105170618e+01
2.460199999999999942e+00,-2.077540574886960201e+01
2.462099999999999955e+00,-2.080934928207794954e+01
2.462800000000000100e+00,-2.082398199282409124e+01
2.463799999999999990e+00,-2.085921295209763571e+01
2.464199999999999946e+00,-2.080840828877355975e+01
2.465199999999999836e+00,-2.099643263379607916e+01
2.465199999999999836e+00,-2.094485982747168151e+01
2.465300000000000047e+00,-2.090546109113355655e+01
2.468199999999999950e+00,-2.106377610523707489e+01
2.468900000000000095e+00,-2.110654109813869539e+01
2.469500000000000028e+00,-2.114069755770192316e+01
2.470099999999999962e+00,-2.117389811086916751e+01
2.471000000000000085e+00,-2.114260193080113837e+01
2.471400000000000041e+00,-2.120715480670331843e+01
2.471799999999999997e+00,-2.118072822051369641e+01
2.471900000000000208e+00,-2.117588896607596993e+01
2.472900000000000098e+00,-2.123723230598423228e+01
2.473599999999999799e+00,-2.138196129837454862e+01
2.473800000000000221e+00,-2.132403694591194920e+01
2.474600000000000133e+00,-2.128518618423863273e+01
2.476599999999999913e+00,-2.144857118382026329e+01
2.476700000000000124e+00,-2.143615716740598742e+01
2.479200000000000070e+00,-2.144495922636824048e+01
2.479200000000000070e+00,-2.146761261487023376e+01
2.480100000000000193e+00,-2.142972236398782115e+01
2.480100000000000193e+00,-2.150312738047360739e+01
2.480199999999999960e+00,-2.152293716605135643e+01
2.480599999999999916e+00,-2.157646194948209484e+01
2.481599999999999806e+00,-2.164320449820205994e+01
2.482899999999999885e+00,-2.168359615180192890e+01
2.483800000000000008e+00,-2.170656595405079159e+01
2.485599999999999810e+00,-2.173852908390644245e+01
2.485799999999999788e+00,-2.174884505622448572e+01
2.486200000000000188e+00,-2.174986099040876297e+01
2.486699999999999910e+00,-2.176794029987494028e+01
2.487099999999999866e+00,-2.181028765737863395e+01
2.487499999999999822e+00,-2.190346619706018316e+01
2.487600000000000033e+00,-2.184460755995765169e+01
2.488599999999999923e+00,-2.194394455102582953e+01
2.492199999999999971e+00,-2.196055970253768308e+01
2.492500000000000160e+00,-2.196680113366877407e+01
2.493100000000000094e+00,-2.199131311740181971e+01
2.493300000000000072e+00,-2.205193649303549464e+01
2.493399999999999839e+00,-2.201211210372727578e+01
2.493599999999999817e+00,-2.209438184685219397e+01
2.493900000000000006e+00,-2.217754310759711700e+01
2.495800000000000018e+00,-2.222960328645883976e+01
2.496199999999999974e+00,-2.223947461353875354e+01
2.497500000000000053e+00,-2.228545212372895179e+01
2.497700000000000031e+00,-2.230698089887655655e+01
2.497799999999999798e+00,-2.232434197252358388e+01
2.498299999999999965e+00,-2.232027859705609529e+01
2.498600000000000154e+00,-2.235021584951951468e+01
2.499000000000000110e+00,-2.234372603622774989e+01
2.500000000000000000e+00,-2.235990267122539521e+01
2.500799999999999912e+00,-2.238418664450209050e+01
2.500999999999999890e+00,-2.237000616389178376e+01
2.502299999999999969e+00,-2.242781010645233764e+01
2.502699999999999925e+00,-2.246995213539160119e+01
2.502899999999999903e+00,-2.250742912392078310e+01
2.504700000000000149e+00,-2.255106537642464914e+01
2.505799999999999805e+00,-2.256930851565669371e+01
2.506200000000000205e+00,-2.259277126482411546e+01
2.507099999999999884e+00,-2.262758622753435489e+01
2.507299999999999862e+00,-2.265852741536178172e+01
2.507499999999999840e+00,-2.271124572977872802e+01
2.508399999999999963e+00,-2.274212528373259090e+01
2.508799999999999919e+00,-2.275375184994543432e+01
2.509199999999999875e+00,-2.278490795539378411e+01
2.510400000000000187e+00,-2.281767334375988909e+01
2.511200000000000099e+00,-2.284206789691378248e+01
2.512000000000000011e+00,-2.290744483629314132e+01
2.513100000000000112e+00,-2.297056415455384126e+01
2.514299999999999979e+00,-2.298664826520413484e+01
2.515400000000000080e+00,-2.300212052013527853e+01
2.517599999999999838e+00,-2.304717193876731685e+01
2.517700000000000049e+00,-2.303054097630541364e+01
2.518299999999999983e+00,-2.306133979293717218e+01
2.518499999999999961e+00,-2.310270501122563047e+01
2.519000000000000128e+00,-2.314320985984163670e+01
2.519099999999999895e+00,-2.317998432114082163e+01
2.519299999999999873e+00,-2.321390553101653964e+01
2.520099999999999785e+00,-2.325757170277331554e+01
2.521999999999999797e+00,-2.329344929395765362e+01
2.524099999999999788e+00,-2.332646708010171821e+01
2.525100000000000122e+00,-2.335568719394664683e+01
2.525799999999999823e+00,-2.339011150391811711e+01
2.525900000000000034e+00,-2.343732691759664277e+01
2.526199999999999779e+00,-2.346884060387965576e+01
2.526899999999999924e+00,-2.350368316253819856e+01
2.527299999999999880e+00,-2.358249356265912056e+01
2.527400000000000091e+00,-2.355736331042718135e+01
2.527400000000000091e+00,-2.354247539248593668e+01
2.527699999999999836e+00,-2.355389002821006272e+01
2.528099999999999792e+00,-2.361317545864521961e+01
2.528500000000000192e+00,-2.364165547581703564e+01
2.528799999999999937e+00,-2.373656650521082767e+01
2.531099999999999905e+00,-2.382286649202952589e+01
2.532399999999999984e+00,-2.390238044531728079e+01
2.534100000000000019e+00,-2.395615356717450695e+01
2.536000000000000032e+00,-2.397550308138290731e+01
2.536099999999999799e+00,-2.398789203944761894e+01
2.537399999999999878e+00,-2.401419332614728930e+01
2.537700000000000067e+00,-2.398707721437353868e+01
2.539099999999999913e+00,-2.409476251264086244e+01
2.540099999999999802e+00,-2.405071409598724586e+01
2.540599999999999969e+00,-2.412477797496426035e+01
2.540799999999999947e+00,-2.414210616077050275e+01
2.540900000000000158e+00,-2.410489142215893210e+01
2.541799999999999837e+00,-2.410480533941078107e+01
2.542400000000000215e+00,-2.415533605195502176e+01
2.542499999999999982e+00,-2.414916633572405757e+01
2.542699999999999960e+00,-2.410427147893217992e+01
2.542699999999999960e+00,-2.418941648434286051e+01
2.543699999999999850e+00,-2.416018559258131759e+01
2.543800000000000061e+00,-2.415203097684420541e+01
2.544399999999999995e+00,-2.417913161989221393e+01
2.544399999999999995e+00,-2.419579917688180259e+01
2.544399999999999995e+00,-2.424279663120337602e+01
2.545500000000000096e+00,-2.433818190787028968e+01
2.545999999999999819e+00,-2.440761742561109315e+01
2.548000000000000043e+00,-2.447959860370579577e+01
2.552299999999999791e+00,-2.452436888954384386e+01
2.553799999999999848e+00,-2.457930348815501276e+01
2.554399999999999782e+00,-2.460146485683600659e+01
2.554600000000000204e+00,-2.461116169896915196e+01
2.554899999999999949e+00,-2.462312404502370100e+01
2.555099999999999927e+00,-2.468023141476843918e+01
2.555299999999999905e+00,-2.466089955863365191e+01
2.555600000000000094e+00,-2.472218051600139077e+01
2.556500000000000217e+00,-2.477969090793729734e+01
2.557700000000000085e+00,-2.481501891681142524e+01
2.557900000000000063e+00,-2.485357667911969060e+01
2.558100000000000041e+00,-2.490433094881061749e+01
2.559499999999999886e+00,-2.494853670455182382e+01
2.560700000000000198e+00,-2.497864028871560294e+01
2.561599999999999877e+00,-2.500905819887877257e+01
2.561700000000000088e+00,-2.501696308212314079e+01
2.561900000000000066e+00,-2.500260485664234977e+01
2.562100000000000044e+00,-2.501012195023604789e+01
2.562800000000000189e+00,-2.507850031179453509e+01
2.562899999999999956e+00,-2.503361517527585534e+01
2.563000000000000167e+00,-2.511125431108956718e+01
2.563099999999999934e+00,-2.501483471126830693e+01
2.564599999999999991e+00,-2.515108938323490051e+01
2.567000000000000171e+00,-2.518464944112535875e+01
2.567699999999999871e+00,-2.520909964270151349e+01
2.568499999999999783e+00,-2.523823004389913294e+01
2.568999999999999950e+00,-2.528379281838993720e+01
2.569900000000000073e+00,-2.533339760062064272e+01
2.570600000000000218e+00,-2.537914610325486819e+01
2.572599999999999998e+00,-2.544122907153944979e+01
2.573599999999999888e+00,-2.549317522650778756e+01
2.575400000000000134e+00,-2.554308955701134209e+01
2.575800000000000090e+00,-2.559382022820910763e+01
2.576200000000000045e+00,-2.566908342308549251e+01
2.576200000000000045e+00,-2.563914827085206483e+01
2.576700000000000212e+00,-2.570252112581439263e+01
2.577799999999999869e+00,-2.574110055208744896e+01
2.578399999999999803e+00,-2.576091219856635561e+01
2.579200000000000159e+00,-2.579483072156912726e+01
2.580600000000000005e+00,-2.582616009422666892e+01
2.580799999999999983e+00,-2.585580362081951833e+01
2.580900000000000194e+00,-2.587611027635522021e+01
2.581300000000000150e+00,-2.591549917546259607e+01
2.581799999999999873e+00,-2.594683019752408271e+01
2.582699999999999996e+00,-2.598293137630963301e+01
2.583200000000000163e+00,-2.602043084168614939e+01
2.584400000000000031e+00,-2.606142818399215244e+01
2.584799999999999986e+00,-2.609537490750740574e+01
2.585399999999999920e+00,-2.612777409689487129e+01
2.586399999999999810e+00,-2.615749002900541242e+01
2.587200000000000166e+00,-2.618141300122472614e+01
2.588600000000000012e+00,-2.620905829830488543e+01
2.589300000000000157e+00,-2.624117396293950932e+01
2.589999999999999858e+00,-2.627492663989205468e+01
2.590199999999999836e+00,-2.630855487125299774e+01
2.590599999999999792e+00,-2.633670627017387034e+01
2.591899999999999871e+00,-2.636593541595233248e+01
2.592699999999999783e+00,-2.639410227642163775e+01
2.593300000000000161e+00,-2.644065283801371891e+01
2.595400000000000151e+00,-2.647866246440339211e+01
2.596699999999999786e+00,-2.652893701787728276e+01
2.597399999999999931e+00,-2.661371291414526752e+01
2.597399999999999931e+00,-2.659915403690371605e+01
2.597500000000000142e+00,-2.663266562407617499e+01
2.597700000000000120e+00,-2.666028766240724224e+01
2.597700000000000120e+00,-2.656095693792020995e+01
2.598500000000000032e+00,-2.669907098774293530e+01
2.599400000000000155e+00,-2.673606172460429775e+01
2.599800000000000111e+00,-2.678023771906123685e+01
2.600900000000000212e+00,-2.683175666485320932e+01
2.601599999999999913e+00,-2.686687146276733529e+01
2.602599999999999802e+00,-2.690693495568663351e+01
2.603400000000000158e+00,-2.694410041335276418e+01
2.604800000000000004e+00,-2.697716700706814663e+01
2.604900000000000215e+00,-2.700905714191542373e+01
2.605399999999999938e+00,-2.704418936133711782e+01
2.605799999999999894e+00,-2.707551955970555113e+01
2.606899999999999995e+00,-2.710247874607274099e+01
2.607200000000000184e+00,-2.713376027577512772e+01
2.607499999999999929e+00,-2.716469448133584663e+01
2.608200000000000074e+00,-2.719935231147718824e+01
2.608699999999999797e+00,-2.723783236770277227e+01
2.609599999999999920e+00,-2.727618112540325512e+01
2.610599999999999810e+00,-2.730974938470992086e+01
2.611699999999999910e+00,-2.734095103846922470e+01
2.613399999999999945e+00,-2.736577133559403663e+01
2.613700000000000134e+00,-2.739410896262811690e+01
2.613999999999999879e+00,-2.742394046787554629e+01
2.615000000000000213e+00,-2.745739492922394120e+01
2.615200000000000191e+00,-2.749652963907000824e+01
2.615899999999999892e+00,-2.753993477820876024e+01
2.616999999999999993e+00,-2.758052479993971673e+01
2.617500000000000160e+00,-2.762510252417499146e+01
2.618799999999999795e+00,-2.766371890838919612e+01
2.619299999999999962e+00,-2.768930621491416488e+01
2.620200000000000085e+00,-2.771331799287901276e+01
2.620499999999999829e+00,-2.773774995080135852e+01
2.620800000000000018e+00,-2.775999607069284636e+01
2.620800000000000018e+00,-2.779043711428785812e+01
2.621799999999999908e+00,-2.783255349096597087e+01
2.622500000000000053e+00,-2.787426367229506496e+01
2.623200000000000198e+00,-2.791353828237807733e+01
2.624400000000000066e+00,-2.795369814506981498e+01
2.625100000000000211e+00,-2.799683451261969580e+01
2.625999999999999890e+00,-2.803674089347257592e+01
2.628000000000000114e+00,-2.808659109805183718e+01
2.628699999999999815e+00,-2.813472479465978182e+01
2.629399999999999959e+00,-2.815684308414389747e+01
2.629799999999999915e+00,-2.817378462882074786e+01
2.630100000000000104e+00,-2.818045874713958909e+01
2.630199999999999871e+00,-2.824332766426628893e+01
2.630300000000000082e+00,-2.820687437162017019e+01
2.630500000000000060e+00,-2.827823105724935715e+01
2.630500000000000060e+00,-2.819427690687742327e+01
2.631299999999999972e+00,-2.832459958111599363e+01
2.631899999999999906e+00,-2.835861309206044467e+01
2.633399999999999963e+00,-2.838286740048823020e+01
2.633900000000000130e+00,-2.841951720837648665e+01
2.635099999999999998e+00,-2.845602813873998116e+01
2.635099999999999998e+00,-2.852899940797293254e+01
2.635200000000000209e+00,-2.849505874992108545e+01
2.636600000000000055e+00,-2.858293265576655529e+01
2.637199999999999989e+00,-2.861802110964706358e+01
2.637799999999999923e+00,-2.865315526451611561e+01
2.639299999999999979e+00,-2.868748334132420297e+01
2.639800000000000146e+00,-2.873046036573456163e+01
2.639899999999999913e+00,-2.876676154728724555e+01
2.640200000000000102e+00,-2.881354469708357868e+01
2.640600000000000058e+00,-2.886835817626886680e+01
2.642399999999999860e+00,-2.894250009126409040e+01
2.643499999999999961e+00,-2.898658360021039115e+01
2.646599999999999842e+00,-2.904346561852372233e+01
2.647699999999999942e+00,-2.910354747787890872e+01
2.648699999999999832e+00,-2.912412634892447016e+01
2.649099999999999788e+00,-2.913832382975878232e+01
2.649399999999999977e+00,-2.912363348870849578e+01
2.649700000000000166e+00,-2.922699494899732997e+01
2.649799999999999933e+00,-2.916398750617582536e+01
2.649999999999999911e+00,-2.917907959091886383e+01
2.650100000000000122e+00,-2.927050407650566299e+01
2.651600000000000179e+00,-2.931793164302531807e+01
2.651899999999999924e+00,-2.933844885168041117e+01
2.652299999999999880e+00,-2.936451974178494240e+01
2.652800000000000047e+00,-2.939174108079062364e+01
2.653599999999999959e+00,-2.941777062453243374e+01
2.653799999999999937e+00,-2.944648936452187371e+01
2.654199999999999893e+00,-2.946974966464371448e+01
2.654999999999999805e+00,-2.949253984515592464e+01
2.655299999999999994e+00,-2.951387305603347855e+01
2.655699999999999950e+00,-2.954691505929779538e+01
2.656000000000000139e+00,-2.958182725228214238e+01
2.657500000000000195e+00,-2.962435111367400609e+01
2.658399999999999874e+00,-2.966784264636062574e+01
2.660099999999999909e+00,-2.971536690191400965e+01
2.661000000000000032e+00,-2.975633304468788864e+01
2.662399999999999878e+00,-2.980399074821310634e+01
2.662599999999999856e+00,-2.984846427173726013e+01
2.663100000000000023e+00,-2.989242962622984479e+01
2.663499999999999979e+00,-2.992638379149842365e+01
2.665299999999999780e+00,-2.996731446231387608e+01
2.665999999999999925e+00,-3.000471391019665646e+01
2.666999999999999815e+00,-3.005141085543200319e+01
2.667199999999999793e+00,-3.009803429858653701e+01
2.668400000000000105e+00,-3.015264896114866389e+01
2.669299999999999784e+00,-3.019840909563226106e+01
2.671400000000000219e+00,-3.023715045168906101e+01
2.672600000000000087e+00,-3.027164453999753135e+01
2.673000000000000043e+00,-3.031718168010122127e+01
2.673299999999999788e+00,-3.034513877198802234e+01
2.673799999999999955e+00,-3.038520093763430197e+01
2.674700000000000077e+00,-3.043428571510436953e+01
2.674700000000000077e+00,-3.048098693464950770e+01
2.674700000000000077e+00,-3.054884238934435459e+01
2.677200000000000024e+00,-3.059721998130870801e+01
2.678500000000000103e+00,-3.065079725352359574e+01
2.680099999999999927e+00,-3.070691245060902119e+01
2.680400000000000116e+00,-3.076967261931046238e+01
2.680400000000000116e+00,-3.073762490648279311e+01
2.680600000000000094e+00,-3.072254620857056295e+01
2.680800000000000072e+00,-3.082513588355817546e+01
2.680899999999999839e+00,-3.080009617525913512e+01
2.681299999999999795e+00,-3.087376422082233063e+01
2.681700000000000195e+00,-3.093344655490298578e+01
2.683199999999999807e+00,-3.098638748743553606e+01
2.684200000000000141e+00,-3.103323536856522580e+01
2.684800000000000075e+00,-3.107564538748691518e+01
2.685599999999999987e+00,-3.112491142406220490e+01
2.685900000000000176e+00,-3.109337877175266129e+01
2.685999999999999943e+00,-3.114088988905777455e+01
2.686100000000000154e+00,-3.113039763427416418e+01
2.686599999999999877e+00,-3.113679942962299307e+01
2.686599999999999877e+00,-3.112685138101977955e+01
2.687199999999999811e+00,-3.115911989981290020e+01
2.687699999999999978e+00,-3.125006818519265295e+01
2.687899999999999956e+00,-3.118241753265026972e+01
2.688000000000000167e+00,-3.131613706394781005e+01
2.689599999999999991e+00,-3.139970058485264204e+01
2.691300000000000026e+00,-3.146000028766609802e+01
2.694799999999999862e+00,-3.151651437436425240e+01
2.696000000000000174e+00,-3.157534467514599896e+01
2.696800000000000086e+00,-3.160865144566315621e+01
2.697900000000000187e+00,-3.165183186794817516e+01
2.698500000000000121e+00,-3.169201460567593998e+01
2.698700000000000099e+00,-3.173223105329969940e+01
2.698900000000000077e+00,-3.176040086679765295e+01
2.698999999999999844e+00,-3.181421606088169440e+01
2.699699999999999989e+00,-3.185108638290745375e+01
2.700099999999999945e+00,-3.189237619707407845e+01
2.701099999999999834e+00,-3.192238427835391690e+01
2.701700000000000212e+00,-3.195123458474280653e+01
2.702199999999999935e+00,-3.202423305921492158e+01
2.702199999999999935e+00,-3.199610612631214934e+01
2.702300000000000146e+00,-3.197392047909863422e+01
2.703100000000000058e+00,-3.206612027015054167e+01
2.703500000000000014e+00,-3.211532967186403198e+01
2.704299999999999926e+00,-3.219090836256932420e+01
2.706500000000000128e+00,-3.225835910509317017e+01
2.707899999999999974e+00,-3.231810870335554853e+01
2.709299999999999820e+00,-3.234352138198725868e+01
2.709799999999999986e+00,-3.236925015696084529e+01
2.710100000000000176e+00,-3.235495456981651330e+01
2.710599999999999898e+00,-3.239208363637835220e+01
2.710700000000000109e+00,-3.234863783057262054e+01
2.710799999999999876e+00,-3.235398223605967161e+01
2.710900000000000087e+00,-3.246756881879392154e+01
2.711100000000000065e+00,-3.242419444139332541e+01
2.711699999999999999e+00,-3.251160322619794840e+01
2.712400000000000144e+00,-3.253796692054861239e+01
2.713000000000000078e+00,-3.256550894237570049e+01
2.713600000000000012e+00,-3.259720500392082698e+01
2.714300000000000157e+00,-3.263686498328144125e+01
2.714700000000000113e+00,-3.268502367928083174e+01
2.714999999999999858e+00,-3.273895623906119567e+01
2.716600000000000126e+00,-3.278899761396641566e+01
2.717900000000000205e+00,-3.283444860905537865e+01
2.720099999999999962e+00,-3.287602035828756897e+01
2.720899999999999874e+00,-3.291517144843769671e+01
2.721400000000000041e+00,-3.295552699983606004e+01
2.721999999999999975e+00,-3.300353552026930259e+01
2.721999999999999975e+00,-3.305110921429432835e+01
2.722500000000000142e+00,-3.309883453431638856e+01
2.723800000000000221e+00,-3.315902980123657784e+01
2.724400000000000155e+00,-3.319517496553764602e+01
2.725000000000000089e+00,-3.322194482353657463e+01
2.726100000000000190e+00,-3.325188544670037771e+01
2.726300000000000168e+00,-3.327885042179040909e+01
2.726500000000000146e+00,-3.328779734236453436e+01
2.726599999999999913e+00,-3.332029980980088624e+01
2.726799999999999891e+00,-3.335244983519391582e+01
2.727100000000000080e+00,-3.338186146050220060e+01
2.727599999999999802e+00,-3.340983755027032487e+01
2.728600000000000136e+00,-3.343762258937898935e+01
2.729099999999999859e+00,-3.346491399515677045e+01
2.729600000000000026e+00,-3.349586828088307300e+01
2.729999999999999982e+00,-3.353163341394266439e+01
2.730399999999999938e+00,-3.357486493982292330e+01
2.731399999999999828e+00,-3.361932214806656560e+01
2.732099999999999973e+00,-3.366221532851293574e+01
2.733000000000000096e+00,-3.370529915118519426e+01
2.734799999999999898e+00,-3.374117144994470152e+01
2.735300000000000065e+00,-3.378117945173924852e+01
2.735899999999999999e+00,-3.382700744967576156e+01
2.736800000000000122e+00,-3.387330929266740753e+01
2.737200000000000077e+00,-3.391863556808260682e+01
2.738599999999999923e+00,-3.396620210464329404e+01
2.739100000000000090e+00,-3.401419016101414172e+01
2.740099999999999980e+00,-3.409218634388700053e+01
2.741400000000000059e+00,-3.412975533739120948e+01
2.742399999999999949e+00,-3.418892827236840759e+01
2.743500000000000050e+00,-3.428276080435915674e+01
2.743599999999999817e+00,-3.430065362182515543e+01
2.743599999999999817e+00,-3.424714036396353123e+01
2.743799999999999795e+00,-3.431214743887439766e+01
2.743900000000000006e+00,-3.426109820878681234e+01
2.744099999999999984e+00,-3.429030983177372605e+01
2.744400000000000173e+00,-3.435668329023228296e+01
2.744600000000000151e+00,-3.448629817609405279e+01
2.745000000000000107e+00,-3.443193765432339148e+01
2.748400000000000176e+00,-3.456456645371030589e+01
2.749800000000000022e+00,-3.462192834714522149e+01
2.751500000000000057e+00,-3.467724522740217452e+01
2.752200000000000202e+00,-3.472554859096171498e+01
2.752899999999999903e+00,-3.477264082952901703e+01
2.754000000000000004e+00,-3.482744680738225185e+01
2.754199999999999982e+00,-3.486959723979388315e+01
2.754799999999999915e+00,-3.490904431594332635e+01
2.755599999999999827e+00,-3.494714573266416124e+01
2.756899999999999906e+00,-3.498906770454862425e+01
2.757099999999999884e+00,-3.503146497913861168e+01
2.757400000000000073e+00,-3.508012095131518038e+01
2.758100000000000218e+00,-3.512862162245527742e+01
2.758799999999999919e+00,-3.518111393418620736e+01
2.760099999999999998e+00,-3.523614965711324487e+01
2.761099999999999888e+00,-3.528782974601518418e+01
2.762000000000000011e+00,-3.534961334555580237e+01
2.763700000000000045e+00,-3.539664322456642509e+01
2.764200000000000212e+00,-3.544341896491636845e+01
2.764699999999999935e+00,-3.546437760263892613e+01
2.764800000000000146e+00,-3.548604783357889403e+01
2.764899999999999913e+00,-3.547380720322373548e+01
2.765299999999999869e+00,-3.551562475248598361e+01
2.765400000000000080e+00,-3.554842482277386750e+01
2.765800000000000036e+00,-3.562705176712893262e+01
2.766900000000000137e+00,-3.569962225531630651e+01
2.767599999999999838e+00,-3.576444655386256954e+01
2.770199999999999996e+00,-3.580219729336836565e+01
2.770199999999999996e+00,-3.582385660664682803e+01
2.770199999999999996e+00,-3.583411070781083652e+01
2.770199999999999996e+00,-3.585679198673169310e+01
2.770300000000000207e+00,-3.587110787701907810e+01
2.770900000000000141e+00,-3.590720176696121513e+01
2.771300000000000097e+00,-3.595277739135621431e+01
2.772100000000000009e+00,-3.599094862784202320e+01
2.773000000000000131e+00,-3.603818864153007695e+01
2.773400000000000087e+00,-3.608617567161603290e+01
2.773800000000000043e+00,-3.613255496368622488e+01
2.775799999999999823e+00,-3.618123086388674636e+01
2.776899999999999924e+00,-3.621360209652534934e+01
2.777600000000000069e+00,-3.624448562747406299e+01
2.778799999999999937e+00,-3.628022544737569177e+01
2.779199999999999893e+00,-3.633038333523241192e+01
2.779300000000000104e+00,-3.637913705734158043e+01
2.779799999999999827e+00,-3.643706452219313974e+01
2.780600000000000183e+00,-3.651678450203171877e+01
2.782599999999999962e+00,-3.658688310908958385e+01
2.782999999999999918e+00,-3.662561928849811466e+01
2.783399999999999874e+00,-3.667744285937302351e+01
2.785099999999999909e+00,-3.673136493434231653e+01
2.785499999999999865e+00,-3.679132283416430482e+01
2.785699999999999843e+00,-3.676050949720315941e+01
2.787599999999999856e+00,-3.684199273671806196e+01
2.787799999999999834e+00,-3.687943776247398375e+01
2.787900000000000045e+00,-3.691674529807148275e+01
2.788800000000000168e+00,-3.695069572004216951e+01
2.789400000000000102e+00,-3.699308566613601812e+01
2.790299999999999780e+00,-3.704263842128851536e+01
2.790700000000000180e+00,-3.709619773079291605e+01
2.790999999999999925e+00,-3.714831191582695169e+01
2.792499999999999982e+00,-3.720601028854880354e+01
2.793400000000000105e+00,-3.726201519943183627e+01
2.794399999999999995e+00,-3.729343748126001401e+01
2.794799999999999951e+00,-3.732998924341562486e+01
2.795700000000000074e+00,-3.736767156266529355e+01
2.795999999999999819e+00,-3.740454799185665991e+01
2.796100000000000030e+00,-3.742924686682302848e+01
2.796600000000000197e+00,-3.746957653939342237e+01
2.797299999999999898e+00,-3.750176771907420914e+01
2.798000000000000043e+00,-3.763716335097227983e+01
2.798000000000000043e+00,-3.758014262688818974e+01
2.798000000000000043e+00,-3.753797195581081780e+01
2.798500000000000210e+00,-3.769975916135176419e+01
2.799300000000000122e+00,-3.776844683822555737e+01
2.800300000000000011e+00,-3.784051676266580699e+01
2.802599999999999980e+00,-3.792183069629223269e+01
2.803900000000000059e+00,-3.799201055273787375e+01
2.805400000000000116e+00,-3.805919566233245632e+01
2.808499999999999996e+00,-3.812091813182954780e+01
2.809099999999999930e+00,-3.817828555292474135e+01
2.809200000000000141e+00,-3.822088900980347148e+01
2.809400000000000119e+00,-3.827245500950176904e+01
2.810099999999999820e+00,-3.832305183698286299e+01
2.810299999999999798e+00,-3.837836461502985941e+01
2.810799999999999965e+00,-3.842976586194035349e+01
2.812300000000000022e+00,-3.848334023783760927e+01
2.812899999999999956e+00,-3.852576053442996340e+01
2.814400000000000013e+00,-3.856991052696157141e+01
2.814499999999999780e+00,-3.860854751717906908e+01
2.815399999999999903e+00,-3.864604238455610385e+01
2.815799999999999859e+00,-3.868218650487392551e+01
2.816600000000000215e+00,-3.872131235919923142e+01
2.817200000000000149e+00,-3.875727429941105839e+01
2.817400000000000126e+00,-3.879371689160775816e+01
2.817899999999999849e+00,-3.883341731041794986e+01
2.818400000000000016e+00,-3.887118828222485689e+01
2.818900000000000183e+00,-3.891409541326579102e+01
2.819700000000000095e+00,-3.895658708513882829e+01
2.819900000000000073e+00,-3.900249118591936082e+01
2.820100000000000051e+00,-3.904737645249761613e+01
2.821299999999999919e+00,-3.909041546201530082e+01
2.821699999999999875e+00,-3.912836425202570467e+01
2.822099999999999831e+00,-3.916471215171079479e+01
2.823599999999999888e+00,-3.919586737208824445e+01
2.823900000000000077e+00,-3.922927557930222520e+01
2.824500000000000011e+00,-3.926774301429014713e+01
2.824500000000000011e+00,-3.931337898701425360e+01
2.824699999999999989e+00,-3.936938228779190752e+01
2.825499999999999901e+00,-3.946417476101082400e+01
2.826200000000000045e+00,-3.955439292355367087e+01
2.827399999999999913e+00,-3.961368175535828584e+01
2.828699999999999992e+00,-3.965940192632549355e+01
2.831399999999999917e+00,-3.970251059159268436e+01
2.831399999999999917e+00,-3.965969347324487870e+01
2.831500000000000128e+00,-3.967342266935069972e+01
2.831999999999999851e+00,-3.963196845281457570e+01
2.832399999999999807e+00,-3.981894183732292447e+01
2.832399999999999807e+00,-3.988751560347891711e+01
2.832599999999999785e+00,-3.966238069829208257e+01
2.832899999999999974e+00,-3.977367589346691545e+01
2.833299999999999930e+00,-3.992715787168837238e+01
2.834700000000000220e+00,-4.002302614479119569e+01
2.835100000000000176e+00,-4.008515242574339510e+01
2.835199999999999942e+00,-3.997343773692596614e+01
2.836399999999999810e+00,-4.013534551770086978e+01
2.837699999999999889e+00,-4.018442100682112539e+01
2.839500000000000135e+00,-4.023151722559320831e+01
2.840199999999999836e+00,-4.027677075463670064e+01
2.841400000000000148e+00,-4.032727621519627093e+01
2.841899999999999871e+00,-4.038715816729765606e+01
2.842600000000000016e+00,-4.043029081003651015e+01
2.842799999999999994e+00,-4.047461063344331933e+01
2.842799999999999994e+00,-4.050993019672765882e+01
2.843100000000000183e+00,-4.055596390182380873e+01
2.843399999999999928e+00,-4.053727079165958003e+01
2.843399999999999928e+00,-4.058292523533401663e+01
2.843599999999999905e+00,-4.060051449954471536e+01
2.843999999999999861e+00,-4.062365732131478779e+01
2.844500000000000028e+00,-4.065661864519759661e+01
2.844800000000000217e+00,-4.070568953206288398e+01
2.845200000000000173e+00,-4.076453230549864770e+01
2.846099999999999852e+00,-4.082823873182039875e+01
2.846799999999999997e+00,-4.089543534902317390e+01
2.848800000000000221e+00,-4.096724483592911525e+01
2.849899999999999878e+00,-4.103498129087279267e+01
2.850800000000000001e+00,-4.110403324962624794e+01
2.853099999999999969e+00,-4.116757102824164605e+01
2.854000000000000092e+00,-4.122198020266893081e+01
2.855199999999999960e+00,-4.126935334480968720e+01
2.856500000000000039e+00,-4.132068087810441881e+01
2.856700000000000017e+00,-4.138629637991886057e+01
2.856899999999999995e+00,-4.149626214739159735e+01
2.857299999999999951e+00,-4.161400106153206480e+01
2.858299999999999841e+00,-4.170085479528462713e+01
2.859700000000000131e+00,-4.179812636568358641e+01
2.862000000000000099e+00,-4.181697932785388616e+01
2.862200000000000077e+00,-4.183628593374122318e+01
2.862299999999999844e+00,-4.183796156442959102e+01
2.863100000000000200e+00,-4.183689530514677557e+01
2.863199999999999967e+00,-4.191522295130977938e+01
2.863999999999999879e+00,-4.197185726845853537e+01
2.864199999999999857e+00,-4.186376315358730693e+01
2.864799999999999791e+00,-4.205900103826764536e+01
2.865200000000000191e+00,-4.211980873993687169e+01
2.865200000000000191e+00,-4.207974245842904537e+01
2.865200000000000191e+00,-4.199328711716604801e+01
2.865299999999999958e+00,-4.218279503155564214e+01
2.865800000000000125e+00,-4.226559872528429196e+01
2.867700000000000138e+00,-4.232214000355421746e+01
2.868700000000000028e+00,-4.238272744595955288e+01
2.869699999999999918e+00,-4.242821632888138339e+01
2.871999999999999886e+00,-4.246118245533142499e+01
2.872300000000000075e+00,-4.273282701879349332e+01
2.872399999999999842e+00,-4.245178892135270132e+01
2.872599999999999820e+00,-4.251640083495433231e+01
2.872700000000000031e+00,-4.264228188368024064e+01
2.873099999999999987e+00,-4.257043301536839408e+01
2.873499999999999943e+00,-4.282077491081975751e+01
2.876399999999999846e+00,-4.286955573309325018e+01
2.877600000000000158e+00,-4.293459506048314012e+01
2.878699999999999815e+00,-4.299704941814557912e+01
2.879399999999999959e+00,-4.309609157708283078e+01
2.879999999999999893e+00,-4.305664299137173856e+01
2.880399999999999849e+00,-4.315631341704623480e+01
2.881400000000000183e+00,-4.319633471440098305e+01
2.881800000000000139e+00,-4.327191478247144119e+01
2.882699999999999818e+00,-4.333596368662567500e+01
2.883100000000000218e+00,-4.337391527961337090e+01
2.883599999999999941e+00,-4.344595428461605735e+01
2.885499999999999954e+00,-4.357674413670742553e+01
2.885699999999999932e+00,-4.349264066641544701e+01
2.885800000000000143e+00,-4.371485652214457218e+01
2.886499999999999844e+00,-4.352380224903917849e+01
2.887199999999999989e+00,-4.392888071638678582e+01
2.887799999999999923e+00,-4.380123436941496351e+01
2.889200000000000212e+00,-4.399821892407673829e+01
2.894400000000000084e+00,-4.404082751393700335e+01
2.894600000000000062e+00,-4.415335902211658947e+01
2.894699999999999829e+00,-4.408217180230822407e+01
2.895399999999999974e+00,-4.428997719062687821e+01
2.895599999999999952e+00,-4.421279209469497573e+01
2.896599999999999842e+00,-4.437415880903627396e+01
2.897699999999999942e+00,-4.442927076150626675e+01
2.899099999999999788e+00,-4.451676433623097040e+01
2.900199999999999889e+00,-4.465202211334396054e+01
2.900399999999999867e+00,-4.459916259526685423e+01
2.900500000000000078e+00,-4.473483127740984600e+01
2.902099999999999902e+00,-4.480231366061904197e+01
2.902699999999999836e+00,-4.480371090293144931e+01
2.903399999999999981e+00,-4.480955830922339089e+01
2.903700000000000170e+00,-4.488620103502260861e+01
2.903799999999999937e+00,-4.492512904607226432e+01
2.904500000000000082e+00,-4.483734899443702915e+01
2.906000000000000139e+00,-4.503696816331503783e+01
2.906000000000000139e+00,-4.512419547361479033e+01
2.906800000000000050e+00,-4.521939945923036674e+01
2.908399999999999874e+00,-4.527665873163222443e+01
2.909800000000000164e+00,-4.529815094441669032e+01
2.909800000000000164e+00,-4.531839492375455336e+01
2.910000000000000142e+00,-4.532384848012049616e+01
2.910099999999999909e+00,-4.529651391177335995e+01
2.910200000000000120e+00,-4.546080777713956422e+01
2.910400000000000098e+00,-4.534238183335925498e+01
2.910400000000000098e+00,-4.552671380805617218e+01
2.910600000000000076e+00,-4.540251893640267866e+01
2.910899999999999821e+00,-4.565186823514755332e+01
2.912799999999999834e+00,-4.572278842707277846e+01
2.914600000000000080e+00,-4.580529445850245196e+01
2.916999999999999815e+00,-4.584667881515180454e+01
2.919599999999999973e+00,-4.586337455953104580e+01
2.919900000000000162e+00,-4.588387568925600135e+01
2.920100000000000140e+00,-4.592845879289208710e+01
2.920300000000000118e+00,-4.603904322119933568e+01
2.920399999999999885e+00,-4.612482152879015729e+01
2.920500000000000096e+00,-4.590654191105048199e+01
2.920599999999999863e+00,-4.598442937458979429e+01
2.921199999999999797e+00,-4.624281498257720102e+01
2.922000000000000153e+00,-4.635941913462226438e+01
2.923999999999999932e+00,-4.641989286151060412e+01
2.925499999999999989e+00,-4.652144243196931228e+01
2.927099999999999813e+00,-4.659956254049023983e+01
2.927099999999999813e+00,-4.657587586727240847e+01
2.927999999999999936e+00,-4.657172520138252736e+01
2.928500000000000103e+00,-4.663704843304805081e+01
2.928799999999999848e+00,-4.660507488278842203e+01
2.928900000000000059e+00,-4.662055643798457538e+01
2.929199999999999804e+00,-4.684947256070770294e+01
2.929300000000000015e+00,-4.661249519717358680e+01
2.929399999999999782e+00,-4.669123265429675484e+01
2.929499999999999993e+00,-4.672435258847529127e+01
2.931299999999999795e+00,-4.694189126583980709e+01
2.932700000000000085e+00,-4.700866725065976937e+01
2.933800000000000185e+00,-4.709710341977590531e+01
2.936300000000000132e+00,-4.712079621541187180e+01
2.936999999999999833e+00,-4.714573874015470523e+01
2.937500000000000000e+00,-4.712965508408383641e+01
2.937500000000000000e+00,-4.725577274784398440e+01
2.937699999999999978e+00,-4.736162306727187143e+01
2.938099999999999934e+00,-4.721963802527817933e+01
2.938499999999999890e+00,-4.742734821895799513e+01
2.939299999999999802e+00,-4.754077994374494409e+01
2.939799999999999969e+00,-4.753985842821717256e+01
2.940599999999999881e+00,-4.762906095523211292e+01
2.941899999999999959e+00,-4.767792731251385163e+01
2.942800000000000082e+00,-4.774335836432052815e+01
2.942800000000000082e+00,-4.780744087032218204e+01
2.946200000000000152e+00,-4.784615646273360312e+01
2.946499999999999897e+00,-4.786771623826679445e+01
2.947200000000000042e+00,-4.790500554507359965e+01
2.947700000000000209e+00,-4.797698196751798605e+01
2.947799999999999976e+00,-4.803642937027618842e+01
2.947999999999999954e+00,-4.810311242711640034e+01
2.948300000000000143e+00,-4.796431453526871991e+01
2.948900000000000077e+00,-4.811128553500576288e+01
2.949199999999999822e+00,-4.813972607163319140e+01
2.950499999999999901e+00,-4.814078085385309436e+01
2.950499999999999901e+00,-4.810986744188338804e+01
2.951099999999999834e+00,-4.817026625042630883e+01
2.953399999999999803e+00,-4.822198580964609249e+01
2.953599999999999781e+00,-4.826517964691522877e+01
2.954299999999999926e+00,-4.824916328239503116e+01
2.955099999999999838e+00,-4.832432905779671017e+01
2.955600000000000005e+00,-4.833956013928885653e+01
2.955700000000000216e+00,-4.832050596757175498e+01
2.955999999999999961e+00,-4.830756883031028792e+01
2.956599999999999895e+00,-4.837111700210117249e+01
2.957100000000000062e+00,-4.838361336022666848e+01
2.957599999999999785e+00,-4.842014600962729531e+01
2.959000000000000075e+00,-4.845223118838837451e+01
2.959600000000000009e+00,-4.845846842638279384e+01
2.959700000000000220e+00,-4.847086261760724568e+01
2.960300000000000153e+00,-4.849388748039084618e+01
2.960300000000000153e+00,-4.852041719938304709e+01
2.960599999999999898e+00,-4.850647678664498841e+01
2.961899999999999977e+00,-4.854444167179727287e+01
2.962600000000000122e+00,-4.855278654390448878e+01
2.962699999999999889e+00,-4.855421168503237084e+01
2.964399999999999924e+00,-4.854696494682008989e+01
2.964999999999999858e+00,-4.855064464934610413e+01
2.967099999999999849e+00,-4.854096824552345169e+01
2.967099999999999849e+00,-4.853728286822344984e+01
2.968999999999999861e+00,-4.851739478140881801e+01
2.970000000000000195e+00,-4.852700971074263947e+01
2.970600000000000129e+00,-4.848372004401468871e+01
2.971400000000000041e+00,-4.850302985920040300e+01
2.973199999999999843e+00,-4.845283574575864805e+01
2.974000000000000199e+00,-4.842814719545285129e+01
2.975499999999999812e+00,-4.840524575174531918e+01
2.976100000000000190e+00,-4.837033105673516076e+01
2.976300000000000168e+00,-4.832551012001528790e+01
2.976599999999999913e+00,-4.826063600649688112e+01
2.976900000000000102e+00,-4.816595878687213172e+01
2.978499999999999925e+00,-4.805426745069340910e+01
2.978800000000000114e+00,-4.792737399083424066e+01
2.979600000000000026e+00,-4.779956239719662392e+01
2.982099999999999973e+00,-4.767627572909771771e+01
2.983499999999999819e+00,-4.756163750631425557e+01
2.984300000000000175e+00,-4.742754497192635910e+01
2.984799999999999898e+00,-4.725953213634947758e+01
2.984900000000000109e+00,-4.704832637733080247e+01
2.985199999999999854e+00,-4.681259302330098393e+01
2.986299999999999955e+00,-4.658581898482505323e+01
2.988799999999999901e+00,-4.637981112992461874e+01
2.990099999999999980e+00,-4.614283405864727428e+01
2.991099999999999870e+00,-4.588463151327548672e+01
2.991400000000000059e+00,-4.560986631210184328e+01
2.991600000000000037e+00,-4.517618529977340103e+01
2.992100000000000204e+00,-4.482646363060838013e+01
2.993500000000000050e+00,-4.412198395777832616e+01
2.994699999999999918e+00,-4.382361897057873534e+01
2.996100000000000207e+00,-4.286767515809030726e+01
2.996100000000000207e+00,-4.238676161327614267e+01
2.996199999999999974e+00,-4.326016813528121929e+01
2.996300000000000185e+00,-4.236748783888243963e+01
2.996700000000000141e+00,-4.220672799851165991e+01
2.996700000000000141e+00,-4.211660392037352807e+01
2.997199999999999864e+00,-4.208592492823903797e+01
2.997599999999999820e+00,-4.215530306639070091e+01
2.998400000000000176e+00,-4.156768824939926787e+01
2.998600000000000154e+00,-4.198884463474106354e+01
2.998800000000000132e+00,-4.176801897433023925e+01
2.999200000000000088e+00,-4.152980650454496470e+01
2.999899999999999789e+00,-4.138755540209925954e+01
3.000500000000000167e+00,-4.145745037883507678e+01
3.000999999999999890e+00,-4.073916818307654353e+01
3.001100000000000101e+00,-4.106485616280574646e+01
3.001199999999999868e+00,-4.003144865952768328e+01
3.001900000000000013e+00,-3.922108229903742682e+01
3.003800000000000026e+00,-3.830393383324359746e+01
3.005199999999999871e+00,-3.759843681099605561e+01
3.007099999999999884e+00,-3.690522370904891147e+01
3.008199999999999985e+00,-3.623179952413346427e+01
3.008700000000000152e+00,-3.551426298618709154e+01
3.009900000000000020e+00,-3.477470822141004447e+01
3.010699999999999932e+00,-3.406006658080440275e+01
3.011299999999999866e+00,-3.338486238937066020e+01
3.011499999999999844e+00,-3.276454247236492989e+01
3.011600000000000055e+00,-3.220764071084069968e+01
3.011899999999999800e+00,-3.172437959129525709e+01
3.013300000000000090e+00,-3.126619008317010540e+01
3.014299999999999979e+00,-3.088162199069488167e+01
3.016199999999999992e+00,-3.053561473138121940e+01
3.016500000000000181e+00,-3.019272585154053345e+01
3.016900000000000137e+00,-2.985473177728792038e+01
3.016999999999999904e+00,-2.948693657822853709e+01
3.017599999999999838e+00,-2.910270622027699616e+01
3.019499999999999851e+00,-2.870751915597935522e+01
3.020199999999999996e+00,-2.835153685327384920e+01
3.022400000000000198e+00,-2.801181531898233246e+01
3.023299999999999876e+00,-2.772873766143657548e+01
3.024300000000000210e+00,-2.745203764770054278e+01
3.025399999999999867e+00,-2.719920078292303600e+01
3.025599999999999845e+00,-2.697066382888413116e+01
3.025700000000000056e+00,-2.673634175496486165e+01
3.026499999999999968e+00,-2.649803595111798771e+01
3.027299999999999880e+00,-2.629111187737898092e+01
3.028000000000000025e+00,-2.609796710281442245e+01
3.028799999999999937e+00,-2.592515198835021195e+01
3.029300000000000104e+00,-2.576947707152832123e+01
3.029500000000000082e+00,-2.564119779335460692e+01
3.029700000000000060e+00,-2.550293009814519252e+01
3.029799999999999827e+00,-2.533504307866085270e+01
3.030400000000000205e+00,-2.514181678478777471e+01
3.031000000000000139e+00,-2.478796486869882898e+01
3.032099999999999795e+00,-2.442895528730948129e+01
3.034400000000000208e+00,-2.421123946826697448e+01
3.035400000000000098e+00,-2.399606460947001096e+01
3.037799999999999834e+00,-2.385576654002796460e+01
3.038199999999999790e+00,-2.389465229748976682e+01
3.038899999999999935e+00,-2.367738858561507698e+01
3.039099999999999913e+00,-2.385613981135237083e+01
3.039400000000000102e+00,-2.334068922361320730e+01
3.039499999999999869e+00,-2.352726468707877316e+01
3.040299999999999780e+00,-2.314680977541338791e+01
3.041100000000000136e+00,-2.301634246193118116e+01
3.041599999999999859e+00,-2.289277952121359760e+01
3.042400000000000215e+00,-2.276263711879056117e+01
3.042600000000000193e+00,-2.262479303259123498e+01
3.043200000000000127e+00,-2.248155335619339112e+01
3.043499999999999872e+00,-2.235767509040642409e+01
3.043699999999999850e+00,-2.223292320062297733e+01
3.045199999999999907e+00,-2.210525775011739924e+01
3.045999999999999819e+00,-2.196972769801408276e+01
3.046699999999999964e+00,-2.182740148687411974e+01
3.047499999999999876e+00,-2.168094040735368466e+01
3.048099999999999810e+00,-2.153074628214179498e+01
3.048900000000000166e+00,-2.137671669308893385e+01
3.050899999999999945e+00,-2.122272171595107437e+01
3.051600000000000090e+00,-2.106327581130828719e+01
3.052299999999999791e+00,-2.090729962719694868e+01
3.053799999999999848e+00,-2.069681068105566268e+01
3.054399999999999782e+00,-2.051189176419165605e+01
3.055800000000000072e+00,-2.015129400783299474e+01
3.056200000000000028e+00,-2.035577239609231981e+01
3.056299999999999795e+00,-2.008396186390759297e+01
3.056500000000000217e+00,-2.021569408310108429e+01
3.056799999999999962e+00,-1.974550085619253181e+01
3.056799999999999962e+00,-1.999305570750675543e+01
3.057199999999999918e+00,-1.986672484073303835e+01
3.059200000000000141e+00,-1.956188397093938391e+01
3.060900000000000176e+00,-1.943802445549647118e+01
3.062500000000000000e+00,-1.932085638455760090e+01
3.063099999999999934e+00,-1.920465291216477510e+01
3.063400000000000123e+00,-1.907757729642300859e+01
3.063400000000000123e+00,-1.894656676123928918e+01
3.063899999999999846e+00,-1.883674828539016843e+01
3.065999999999999837e+00,-1.872668349397143928e+01
3.066899999999999959e+00,-1.863257288638120102e+01
3.067600000000000104e+00,-1.854560537636107043e+01
3.068000000000000060e+00,-1.834411038606931044e+01
3.068099999999999827e+00,-1.844935674756464650e+01
3.068499999999999783e+00,-1.825260884493140168e+01
3.068999999999999950e+00,-1.816919282460971274e+01
3.071299999999999919e+00,-1.809577873813361393e+01
3.071899999999999853e+00,-1.802734627395330236e+01
3.072599999999999998e+00,-1.795227269111298796e+01
3.072900000000000187e+00,-1.778424283829238206e+01
3.072999999999999954e+00,-1.787000701261753832e+01
3.073399999999999910e+00,-1.769270242789167114e+01
3.074800000000000200e+00,-1.760851789472161855e+01
3.075699999999999878e+00,-1.752965551992946303e+01
3.075899999999999856e+00,-1.743879106747614216e+01
3.077399999999999913e+00,-1.734497282250113415e+01
3.077900000000000080e+00,-1.725192938766439710e+01
3.078100000000000058e+00,-1.715195094074861615e+01
3.079499999999999904e+00,-1.705399627146219999e+01
3.080099999999999838e+00,-1.693253102519442876e+01
3.080900000000000194e+00,-1.685166360330281066e+01
3.082300000000000040e+00,-1.677120864875258732e+01
3.083200000000000163e+00,-1.667401792560641027e+01
3.084299999999999820e+00,-1.657877156956366349e+01
3.084499999999999797e+00,-1.642949138557669997e+01
3.084600000000000009e+00,-1.634816265068783636e+01
3.084700000000000220e+00,-1.652233132325042675e+01
3.084999999999999964e+00,-1.629589515627638363e+01
3.085999999999999854e+00,-1.623901438709995659e+01
3.087299999999999933e+00,-1.618127844869199095e+01
3.087800000000000100e+00,-1.611087589261539321e+01
3.088099999999999845e+00,-1.599223243647251813e+01
3.089599999999999902e+00,-1.588888198364557347e+01
3.090599999999999792e+00,-1.578773239799990868e+01
3.091200000000000170e+00,-1.572341349327155235e+01
3.091600000000000126e+00,-1.569254434247546648e+01
3.091800000000000104e+00,-1.571057665297359485e+01
3.092400000000000038e+00,-1.568362911770815060e+01
3.092400000000000038e+00,-1.565604997536828868e+01
3.092600000000000016e+00,-1.560392970221979780e+01
3.092799999999999994e+00,-1.552851022212198195e+01
3.093599999999999905e+00,-1.544400727310046761e+01
3.095299999999999940e+00,-1.536465657421825703e+01
3.096000000000000085e+00,-1.528993699791591965e+01
3.097599999999999909e+00,-1.521891462656132887e+01
3.098399999999999821e+00,-1.513693365625512399e+01
3.099200000000000177e+00,-1.507294065908326353e+01
3.100400000000000045e+00,-1.501621066703484253e+01
3.101100000000000190e+00,-1.495381269037143390e+01
3.102300000000000058e+00,-1.487554349379415974e+01
3.102700000000000014e+00,-1.480770251237661661e+01
3.103099999999999969e+00,-1.471842171211157080e+01
3.104699999999999793e+00,-1.465503677787027748e+01
3.105300000000000171e+00,-1.460338725779774904e+01
3.105900000000000105e+00,-1.454800662331223648e+01
3.107000000000000206e+00,-1.449666761559442563e+01
3.107400000000000162e+00,-1.444836323311326787e+01
3.108200000000000074e+00,-1.439230759476439658e+01
3.108400000000000052e+00,-1.433592797139948516e+01
3.108600000000000030e+00,-1.428540230197006089e+01
3.109599999999999920e+00,-1.423917901772098027e+01
3.109799999999999898e+00,-1.418947021581240442e+01
3.110500000000000043e+00,-1.414911725873213300e+01
3.111400000000000166e+00,-1.410287430872070225e+01
3.111899999999999888e+00,-1.405786305700207173e+01
3.112000000000000099e+00,-1.400540747596989632e+01
3.112200000000000077e+00,-1.395519791242471896e+01
3.112499999999999822e+00,-1.388947061498168978e+01
3.112800000000000011e+00,-1.383093987495087340e+01
3.114500000000000046e+00,-1.377004457849661989e+01
3.115600000000000147e+00,-1.372844754809809764e+01
3.116299999999999848e+00,-1.370763017909226633e+01
3.116600000000000037e+00,-1.367889167253388649e+01
3.117399999999999949e+00,-1.364454199761388864e+01
3.117599999999999927e+00,-1.361952601774074267e+01
3.117799999999999905e+00,-1.357792961059755754e+01
3.117999999999999883e+00,-1.352208000541921074e+01
3.118599999999999817e+00,-1.346931168338560880e+01
3.119200000000000195e+00,-1.340908244056748622e+01
3.120099999999999874e+00,-1.334143175139357140e+01
3.121100000000000207e+00,-1.327235916708246677e+01
3.123099999999999987e+00,-1.320000715428370874e+01
3.124000000000000110e+00,-1.313381153923875821e+01
3.126799999999999802e+00,-1.307554913156594090e+01
3.128000000000000114e+00,-1.300732430983053511e+01
3.128600000000000048e+00,-1.296099267711736580e+01
3.129100000000000215e+00,-1.290308420391072808e+01
3.129300000000000193e+00,-1.284742672931882090e+01
3.129900000000000126e+00,-1.275117167033878651e+01
3.129999999999999893e+00,-1.279231170716210642e+01
3.130799999999999805e+00,-1.269282313799024919e+01
3.132499999999999840e+00,-1.265466668041892362e+01
3.133199999999999985e+00,-1.261923977874612390e+01
3.133799999999999919e+00,-1.258440713114205955e+01
3.134100000000000108e+00,-1.254973791374180614e+01
3.135099999999999998e+00,-1.251514470901604348e+01
3.135600000000000165e+00,-1.246414765299963356e+01
3.137199999999999989e+00,-1.241525444944934975e+01
3.138100000000000112e+00,-1.236672231347435336e+01
3.138500000000000068e+00,-1.235141866712696590e+01
3.138799999999999812e+00,-1.231478597788437668e+01
3.138799999999999812e+00,-1.233670954831178435e+01
3.139100000000000001e+00,-1.228561621355927791e+01
3.139499999999999957e+00,-1.225726407509564098e+01
3.139600000000000168e+00,-1.219452843099155537e+01
3.141099999999999781e+00,-1.212154886251648378e+01
3.141799999999999926e+00,-1.208175819053858113e+01
3.144099999999999895e+00,-1.203768039823749270e+01
3.145300000000000207e+00,-1.199458098146588370e+01
3.145900000000000141e+00,-1.195562906102731482e+01
3.145999999999999908e+00,-1.193151373227285639e+01
3.146999999999999797e+00,-1.189125243415356259e+01
3.147499999999999964e+00,-1.186078735680773200e+01
3.148200000000000109e+00,-1.183238846347578210e+01
3.148699999999999832e+00,-1.180294160142536342e+01
3.149700000000000166e+00,-1.176811995020454660e+01
3.151100000000000012e+00,-1.173277948257389447e+01
3.151199999999999779e+00,-1.170549272745513392e+01
3.152000000000000135e+00,-1.167746841978067707e+01
3.154100000000000126e+00,-1.163963916129883991e+01
3.154700000000000060e+00,-1.162078825401702176e+01
3.154900000000000038e+00,-1.157681469856119705e+01
3.154999999999999805e+00,-1.160656596102537996e+01
3.155800000000000161e+00,-1.152148075313163744e+01
3.155899999999999928e+00,-1.147952947472829699e+01
3.156000000000000139e+00,-1.154599130300581855e+01
3.157000000000000028e+00,-1.143735484771701749e+01
3.158100000000000129e+00,-1.139758024547521131e+01
3.159199999999999786e+00,-1.134362552414669167e+01
3.159499999999999975e+00,-1.129368214584313890e+01
3.159899999999999931e+00,-1.125862780254060702e+01
3.162100000000000133e+00,-1.123716737371438157e+01
3.162199999999999900e+00,-1.123266016010482105e+01
3.162199999999999900e+00,-1.122106278812706393e+01
3.162599999999999856e+00,-1.122398449592220970e+01
3.162799999999999834e+00,-1.121550610225341238e+01
3.163300000000000001e+00,-1.118097154086450118e+01
3.163300000000000001e+00,-1.114450356633156147e+01
3.163600000000000190e+00,-1.110169150857153930e+01
3.164800000000000058e+00,-1.105403340608268259e+01
3.165700000000000180e+00,-1.102244673079843729e+01
3.168099999999999916e+00,-1.099295394937082904e+01
3.168699999999999850e+00,-1.096315905561584181e+01
3.169599999999999973e+00,-1.093919708177404004e+01
3.170199999999999907e+00,-1.091428921260128782e+01
3.170999999999999819e+00,-1.089107974697522785e+01
3.171300000000000008e+00,-1.086750037372352296e+01
3.171899999999999942e+00,-1.084588156824217542e+01
3.172299999999999898e+00,-1.082392389490205353e+01
3.172699999999999854e+00,-1.080583055045491925e+01
3.173099999999999810e+00,-1.078372181728681412e+01
3.174599999999999866e+00,-1.077802740371114254e+01
3.175100000000000033e+00,-1.077351059911191200e+01
3.175399999999999778e+00,-1.076374076601771179e+01
3.177000000000000046e+00,-1.074418672943555286e+01
3.177700000000000191e+00,-1.072524615660819158e+01
3.178500000000000103e+00,-1.070451853632025951e+01
3.178999999999999826e+00,-1.068834558922537781e+01
3.179300000000000015e+00,-1.066859302598310499e+01
3.179600000000000204e+00,-1.065452818846068439e+01
3.179800000000000182e+00,-1.063320768074304823e+01
3.179899999999999949e+00,-1.060434752065297737e+01
3.181400000000000006e+00,-1.055996019429072774e+01
3.182500000000000107e+00,-1.052152640957315377e+01
3.185000000000000053e+00,-1.048229427126678814e+01
3.185500000000000220e+00,-1.045915731402113558e+01
3.185900000000000176e+00,-1.043141366270539017e+01
3.187500000000000000e+00,-1.041444501090948727e+01
3.187800000000000189e+00,-1.040076791531174649e+01
3.188299999999999912e+00,-1.039040071211694105e+01
3.188800000000000079e+00,-1.037162341345876193e+01
3.189499999999999780e+00,-1.035383049594717875e+01
3.191199999999999815e+00,-1.033467417883460016e+01
3.191600000000000215e+00,-1.031342672953016937e+01
3.192000000000000171e+00,-1.029359134320561964e+01
3.192499999999999893e+00,-1.027593764764688977e+01
3.193000000000000060e+00,-1.026210315171915788e+01
3.193400000000000016e+00,-1.023005950922362040e+01
3.193700000000000205e+00,-1.020201150992716421e+01
3.194300000000000139e+00,-1.019113125695969302e+01
3.194900000000000073e+00,-1.018003820753565414e+01
3.195899999999999963e+00,-1.016694031191866898e+01
3.196200000000000152e+00,-1.017421527622685851e+01
3.196400000000000130e+00,-1.017648505381940360e+01
3.197099999999999831e+00,-1.015041127980287072e+01
3.197599999999999998e+00,-1.011403443845148864e+01
3.198500000000000121e+00,-1.008964081457674844e+01
3.200299999999999923e+00,-1.006422901801528980e+01
3.201799999999999979e+00,-1.003613485027865337e+01
3.201999999999999957e+00,-1.001130414827244586e+01
3.202799999999999869e+00,-9.998654058707142411e+00
3.203100000000000058e+00,-9.971572109626622549e+00
3.203599999999999781e+00,-9.942590058218401694e+00
3.203899999999999970e+00,-9.926053898368644823e+00
3.204099999999999948e+00,-9.913256908297137571e+00
3.205900000000000194e+00,-9.900676726585787790e+00
3.206100000000000172e+00,-9.888672728749488883e+00
3.206300000000000150e+00,-9.877816138813553692e+00
3.206399999999999917e+00,-9.865932411286525650e+00
3.206599999999999895e+00,-9.852900183043297844e+00
3.207899999999999974e+00,-9.840348894253891032e+00
3.208600000000000119e+00,-9.828782576664083948e+00
3.208800000000000097e+00,-9.809698380602302592e+00
3.209600000000000009e+00,-9.790132135448768480e+00
3.210999999999999854e+00,-9.768626141337662716e+00
3.211599999999999788e+00,-9.744567159867822070e+00
3.212899999999999867e+00,-9.720709651310775357e+00
3.213999999999999968e+00,-9.704382510168361620e+00
3.215300000000000047e+00,-9.686052387289365129e+00
3.216800000000000104e+00,-9.661803042846360157e+00
3.216800000000000104e+00,-9.674732074977930196e+00
3.217200000000000060e+00,-9.652875784684210814e+00
3.217299999999999827e+00,-9.642493036772780357e+00
3.217499999999999805e+00,-9.635994883517293275e+00
3.218199999999999950e+00,-9.625545778553233234e+00
3.218999999999999861e+00,-9.619874620969135037e+00
3.219199999999999839e+00,-9.605543554487281810e+00
3.219399999999999817e+00,-9.611699422868989373e+00
3.219599999999999795e+00,-9.597185151706264961e+00
3.219700000000000006e+00,-9.578781739863481803e+00
3.219800000000000217e+00,-9.588419442650984337e+00
3.220000000000000195e+00,-9.568287269759998992e+00
3.221699999999999786e+00,-9.561649037488905378e+00
3.222500000000000142e+00,-9.557661132726378739e+00
3.223199999999999843e+00,-9.547464361510103359e+00
3.224400000000000155e+00,-9.533097928068887228e+00
3.224800000000000111e+00,-9.516443576798035764e+00
3.224899999999999878e+00,-9.495892455905206475e+00
3.225900000000000212e+00,-9.476349155818628134e+00
3.226199999999999957e+00,-9.463367363147233036e+00
3.226700000000000124e+00,-9.457396277557370112e+00
3.227799999999999780e+00,-9.453758742866133602e+00
3.228499999999999925e+00,-9.450837832213341727e+00
3.228600000000000136e+00,-9.454773178014239221e+00
3.228699999999999903e+00,-9.441281386374230422e+00
3.228899999999999881e+00,-9.417262099925546082e+00
3.229299999999999837e+00,-9.427772712725378312e+00
3.229699999999999793e+00,-9.403507334275195362e+00
3.231700000000000017e+00,-9.393806081626763671e+00
3.232800000000000118e+00,-9.374852425403645384e+00
3.235500000000000043e+00,-9.357499477907481378e+00
3.236800000000000122e+00,-9.351614105251591980e+00
3.237499999999999822e+00,-9.332856140910616105e+00
3.238399999999999945e+00,-9.307163952534667217e+00
3.238500000000000156e+00,-9.316696724875615843e+00
3.238799999999999901e+00,-9.313842264416781092e+00
3.240499999999999936e+00,-9.288704967665704970e+00
3.241400000000000059e+00,-9.280612370397566480e+00
3.242199999999999971e+00,-9.267639067390140539e+00
3.244299999999999962e+00,-9.248474794852910463e+00
3.244699999999999918e+00,-9.230170622486486565e+00
3.244699999999999918e+00,-9.208406611276307885e+00
3.245200000000000085e+00,-9.187900818951597159e+00
3.245699999999999807e+00,-9.175624711354188889e+00
3.246799999999999908e+00,-9.169368014985966653e+00
3.247500000000000053e+00,-9.168539943276707405e+00
3.248000000000000220e+00,-9.159865984682545204e+00
3.248000000000000220e+00,-9.169002118136756252e+00
3.248000000000000220e+00,-9.166664201414040036e+00
3.248299999999999965e+00,-9.152913216935173679e+00
3.248499999999999943e+00,-9.142746836199863836e+00
3.249400000000000066e+00,-9.135590292428659609e+00
3.250399999999999956e+00,-9.133108480603722157e+00
3.251300000000000079e+00,-9.129228394195719076e+00
3.253800000000000026e+00,-9.123216228638652225e+00
3.254700000000000149e+00,-9.121215854805683421e+00
3.255199999999999871e+00,-9.114223713626854462e+00
3.255900000000000016e+00,-9.107286057904172338e+00
3.256400000000000183e+00,-9.100671074826204077e+00
3.257099999999999884e+00,-9.091061370788686702e+00
3.258300000000000196e+00,-9.073138006580604653e+00
3.259999999999999787e+00,-9.055938900561498528e+00
3.260600000000000165e+00,-9.039916224098663022e+00
3.261000000000000121e+00,-9.022714799956919052e+00
3.261499999999999844e+00,-9.009029912621643987e+00
3.262300000000000200e+00,-8.999164531912903442e+00
3.262700000000000156e+00,-8.990303687635146090e+00
3.265099999999999891e+00,-8.982751746949011462e+00
3.266099999999999781e+00,-8.977038611578667116e+00
3.266199999999999992e+00,-8.977653733062139096e+00
3.266599999999999948e+00,-8.969758949770863410e+00
3.266599999999999948e+00,-8.977478896258215713e+00
3.266700000000000159e+00,-8.978500414793808559e+00
3.267199999999999882e+00,-8.973965585158669711e+00
3.267199999999999882e+00,-8.958673568096040540e+00
3.267199999999999882e+00,-8.950700541367760721e+00
3.269499999999999851e+00,-8.944136312767078323e+00
3.270599999999999952e+00,-8.930690570446151000e+00
3.270599999999999952e+00,-8.931601758589422957e+00
3.270700000000000163e+00,-8.936546889533046212e+00
3.270999999999999908e+00,-8.926626085317410642e+00
3.271199999999999886e+00,-8.927492188853799249e+00
3.271199999999999886e+00,-8.930901289305179347e+00
3.271900000000000031e+00,-8.924923872916654233e+00
3.271900000000000031e+00,-8.924547402484604319e+00
3.272400000000000198e+00,-8.920980810357413304e+00
3.272600000000000176e+00,-8.921663043208182486e+00
3.272899999999999920e+00,-8.920531064560973888e+00
3.273400000000000087e+00,-8.919403719100381878e+00
3.274099999999999788e+00,-8.913495942070579048e+00
3.275900000000000034e+00,-8.910295757722506593e+00
3.276499999999999968e+00,-8.904391750058358923e+00
3.278799999999999937e+00,-8.896283216575373132e+00
3.279700000000000060e+00,-8.888531340673077707e+00
3.280600000000000183e+00,-8.883940884573947372e+00
3.282099999999999795e+00,-8.877293982206545309e+00
3.282399999999999984e+00,-8.873895130633021822e+00
3.283999999999999808e+00,-8.873312950864740145e+00
3.285299999999999887e+00,-8.870548190394176302e+00
3.285800000000000054e+00,-8.867217661011615348e+00
3.286799999999999944e+00,-8.863222855758632335e+00
3.287100000000000133e+00,-8.856558273197254749e+00
3.287700000000000067e+00,-8.848135809345068381e+00
3.287799999999999834e+00,-8.842257358578629933e+00
3.287900000000000045e+00,-8.843278814779639063e+00
3.289000000000000146e+00,-8.840698900680617811e+00
3.291199999999999903e+00,-8.837096214485971046e+00
3.292699999999999960e+00,-8.834980957584114947e+00
3.294999999999999929e+00,-8.831744267944472426e+00
3.296199999999999797e+00,-8.824304014546367370e+00
3.297499999999999876e+00,-8.820726421746025281e+00
3.299599999999999866e+00,-8.825043341958989984e+00
3.300499999999999989e+00,-8.827941368111657638e+00
3.301200000000000134e+00,-8.832217055949607598e+00
3.301400000000000112e+00,-8.837304602042069135e+00
3.301699999999999857e+00,-8.837065560070854531e+00
3.302400000000000002e+00,-8.834504775869499227e+00
3.302999999999999936e+00,-8.829422353971438042e+00
3.303799999999999848e+00,-8.817679606910598267e+00
3.304499999999999993e+00,-8.807904101037765443e+00
3.305099999999999927e+00,-8.786357398037900168e+00
3.305200000000000138e+00,-8.800559279634466492e+00
3.306000000000000050e+00,-8.775718047072942340e+00
3.306400000000000006e+00,-8.776699665362096781e+00
3.306799999999999962e+00,-8.777090930210670550e+00
3.308800000000000185e+00,-8.781442799902501761e+00
3.309000000000000163e+00,-8.775132599773968423e+00
3.309099999999999930e+00,-8.770553225481423354e+00
3.309400000000000119e+00,-8.783071358428871989e+00
3.309400000000000119e+00,-8.778266286247335515e+00
3.309400000000000119e+00,-8.767335589580092403e+00
3.309600000000000097e+00,-8.770084567724653724e+00
3.311900000000000066e+00,-8.769995884656820451e+00
3.312899999999999956e+00,-8.777338271969968631e+00
3.314999999999999947e+00,-8.784946851023709868e+00
3.316199999999999815e+00,-8.789182575557884292e+00
3.317400000000000126e+00,-8.791242365673577197e+00
3.318799999999999972e+00,-8.793871529613470628e+00
3.318799999999999972e+00,-8.799725235733021123e+00
3.318799999999999972e+00,-8.794760746324845613e+00
3.319300000000000139e+00,-8.800424087770371884e+00
3.320699999999999985e+00,-8.802424487668877973e+00
3.321899999999999853e+00,-8.803878345135236927e+00
3.322999999999999954e+00,-8.803627481216434347e+00
3.325800000000000090e+00,-8.799762456443703584e+00
3.326999999999999957e+00,-8.796592221365637343e+00
3.327500000000000124e+00,-8.799067352986130075e+00
3.328599999999999781e+00,-8.795725706715881387e+00
3.328800000000000203e+00,-8.796575186307274308e+00
3.329099999999999948e+00,-8.793104460791122179e+00
3.329299999999999926e+00,-8.788661152542839972e+00
3.329400000000000137e+00,-8.787257584654538434e+00
3.329800000000000093e+00,-8.792469464243831467e+00
3.329899999999999860e+00,-8.788079023477331830e+00
3.330400000000000027e+00,-8.790488759683466213e+00
3.331300000000000150e+00,-8.795482646080653666e+00
3.331900000000000084e+00,-8.798273586531623280e+00
3.332899999999999974e+00,-8.803319996414368021e+00
3.333200000000000163e+00,-8.812493954853394484e+00
3.333600000000000119e+00,-8.815259299445598273e+00
3.333600000000000119e+00,-8.809181133282438125e+00
3.333699999999999886e+00,-8.811654291815960605e+00
3.335300000000000153e+00,-8.819496521224321484e+00
3.336199999999999832e+00,-8.817447809326969477e+00
3.337600000000000122e+00,-8.821595149950955062e+00
3.339300000000000157e+00,-8.826174147283092353e+00
3.339599999999999902e+00,-8.819472446857933079e+00
3.339900000000000091e+00,-8.801155342355590605e+00
3.339999999999999858e+00,-8.822631775844689273e+00
3.340500000000000025e+00,-8.815675254139062389e+00
3.340700000000000003e+00,-8.793633700306390466e+00
3.340899999999999981e+00,-8.810136769698548420e+00
3.341000000000000192e+00,-8.796261552330150835e+00
3.341400000000000148e+00,-8.800028788283340120e+00
3.341600000000000126e+00,-8.794497808455867371e+00
3.342999999999999972e+00,-8.799506623466678334e+00
3.343700000000000117e+00,-8.801390493788362690e+00
3.344599999999999795e+00,-8.803072521670062045e+00
3.345000000000000195e+00,-8.802653347353137647e+00
3.345099999999999962e+00,-8.807080534070919953e+00
3.345600000000000129e+00,-8.810161109600864293e+00
3.347500000000000142e+00,-8.816930827821586547e+00
3.347999999999999865e+00,-8.823312358890721185e+00
3.348599999999999799e+00,-8.830739933774752970e+00
3.349600000000000133e+00,-8.834464635684710743e+00
3.350900000000000212e+00,-8.833120771555011075e+00
3.351300000000000168e+00,-8.833173954617688395e+00
3.351999999999999869e+00,-8.835954509466001028e+00
3.352500000000000036e+00,-8.835883730112234602e+00
3.354000000000000092e+00,-8.838367489161777613e+00
3.354600000000000026e+00,-8.843254830056821447e+00
3.355300000000000171e+00,-8.842857010605550627e+00
3.355999999999999872e+00,-8.843081373649251731e+00
3.356599999999999806e+00,-8.845506160217452063e+00
3.358499999999999819e+00,-8.847864694817017650e+00
3.358999999999999986e+00,-8.850475335344661687e+00
3.359500000000000153e+00,-8.864066539772951003e+00
3.359599999999999920e+00,-8.858159040406318852e+00
3.360500000000000043e+00,-8.875840229626005495e+00
3.360599999999999810e+00,-8.866814715747514342e+00
3.360899999999999999e+00,-8.870871777279797143e+00
3.362099999999999866e+00,-8.875868660994932213e+00
3.363100000000000200e+00,-8.874787383190138712e+00
3.363500000000000156e+00,-8.878419657838975354e+00
3.363900000000000112e+00,-8.881209268571385707e+00
3.363900000000000112e+00,-8.883227897070742785e+00
3.365499999999999936e+00,-8.890331680024008421e+00
3.366800000000000015e+00,-8.895072401350621050e+00
3.367700000000000138e+00,-8.897370618059506242e+00
3.370099999999999874e+00,-8.902072209213683252e+00
3.370400000000000063e+00,-8.912410637405553615e+00
3.370400000000000063e+00,-8.931563127092255527e+00
3.370499999999999829e+00,-8.908569214428061045e+00
3.370999999999999996e+00,-8.922875472024415444e+00
3.371399999999999952e+00,-8.938283004503164264e+00
3.371900000000000119e+00,-8.941287530991322896e+00
3.373000000000000220e+00,-8.951700492428878775e+00
3.373200000000000198e+00,-8.946668649891241998e+00
3.373200000000000198e+00,-8.942327012181335633e+00
3.373400000000000176e+00,-8.961287781670542074e+00
3.373400000000000176e+00,-8.942584900744064313e+00
3.374400000000000066e+00,-8.975805110204014170e+00
3.375399999999999956e+00,-8.990266717506242955e+00
3.376100000000000101e+00,-9.002415496835999065e+00
3.378499999999999837e+00,-9.014372736121375240e+00
3.379900000000000126e+00,-9.024673686046366328e+00
3.380900000000000016e+00,-9.031062279566958395e+00
3.382000000000000117e+00,-9.036717870661290064e+00
3.382899999999999796e+00,-9.048396372206555682e+00
3.383300000000000196e+00,-9.042030469565972339e+00
3.383399999999999963e+00,-9.054086693214278725e+00
3.383700000000000152e+00,-9.058305862325029878e+00
3.384500000000000064e+00,-9.062899918002017330e+00
3.386600000000000055e+00,-9.069168894646757906e+00
3.387500000000000178e+00,-9.066897929940751055e+00
3.388399999999999856e+00,-9.065627251895746141e+00
3.389600000000000168e+00,-9.068670367047001690e+00
3.389899999999999913e+00,-9.065796040646498355e+00
3.390299999999999869e+00,-9.088633678770440483e+00
3.390400000000000080e+00,-9.070327150881016820e+00
3.390499999999999847e+00,-9.097651474397892457e+00
3.390600000000000058e+00,-9.080001059383056017e+00
3.391099999999999781e+00,-9.105612216617485544e+00
3.392300000000000093e+00,-9.114165778402737672e+00
3.392900000000000027e+00,-9.123896801015716207e+00
3.393299999999999983e+00,-9.137174216386210190e+00
3.394499999999999851e+00,-9.147446716403493383e+00
3.395099999999999785e+00,-9.151683108993276861e+00
3.395799999999999930e+00,-9.154239254928196345e+00
3.397499999999999964e+00,-9.154704431379443008e+00
3.398400000000000087e+00,-9.156494592860441983e+00
3.399099999999999788e+00,-9.161507588700544602e+00
3.400300000000000100e+00,-9.166529771205132349e+00
3.400700000000000056e+00,-9.169774928021455551e+00
3.401299999999999990e+00,-9.172358038992133089e+00
3.401299999999999990e+00,-9.175618167991670404e+00
3.401499999999999968e+00,-9.173066178722041997e+00
3.401800000000000157e+00,-9.177938299116393139e+00
3.402600000000000069e+00,-9.189889654686865583e+00
3.404300000000000104e+00,-9.201969346891711865e+00
3.404700000000000060e+00,-9.211835054517832688e+00
3.405100000000000016e+00,-9.220322662253362722e+00
3.407099999999999795e+00,-9.227665958171924032e+00
3.407200000000000006e+00,-9.229554924114756531e+00
3.407500000000000195e+00,-9.230856181567935081e+00
3.407900000000000151e+00,-9.233018723287244711e+00
3.408300000000000107e+00,-9.237004748084419958e+00
3.408900000000000041e+00,-9.243485629622513855e+00
3.409100000000000019e+00,-9.252443237310055579e+00
3.409199999999999786e+00,-9.269322102411489794e+00
3.409199999999999786e+00,-9.261821454014105726e+00
3.409699999999999953e+00,-9.273685700715848412e+00
3.410899999999999821e+00,-9.278446417813887237e+00
3.411399999999999988e+00,-9.279931269877693012e+00
3.412999999999999812e+00,-9.281510892063803198e+00
3.413600000000000190e+00,-9.284707121594291124e+00
3.414299999999999891e+00,-9.284423823048280511e+00
3.415000000000000036e+00,-9.287681006707456888e+00
3.415799999999999947e+00,-9.292906340663542153e+00
3.416399999999999881e+00,-9.305986067237036252e+00
3.416999999999999815e+00,-9.315959784415291267e+00
3.418099999999999916e+00,-9.325069715011011340e+00
3.418400000000000105e+00,-9.333697725274202384e+00
3.418699999999999850e+00,-9.341371973297928122e+00
3.418800000000000061e+00,-9.343282696937514231e+00
3.419200000000000017e+00,-9.356360507233594248e+00
3.419799999999999951e+00,-9.370650729522420619e+00
3.420300000000000118e+00,-9.382891828299541714e+00
3.422899999999999832e+00,-9.393666218434901793e+00
3.423599999999999977e+00,-9.402570073374915793e+00
3.424199999999999910e+00,-9.405136049812632848e+00
3.424700000000000077e+00,-9.415292182988473257e+00
3.425300000000000011e+00,-9.401552145789914050e+00
3.425600000000000200e+00,-9.419447306522606311e+00
3.425699999999999967e+00,-9.411477353200023543e+00
3.425899999999999945e+00,-9.426147141775585325e+00
3.427400000000000002e+00,-9.437392322533542099e+00
3.429100000000000037e+00,-9.443196673601383040e+00
3.430099999999999927e+00,-9.454585538901659092e+00
3.432100000000000151e+00,-9.466975071151516374e+00
3.433199999999999807e+00,-9.480510240914561848e+00
3.434200000000000141e+00,-9.491859033140256585e+00
3.434699999999999864e+00,-9.507476953352355764e+00
3.435999999999999943e+00,-9.521469401086999795e+00
3.436199999999999921e+00,-9.541117233596017044e+00
3.436300000000000132e+00,-9.533084741387973793e+00
3.436900000000000066e+00,-9.545443292842680449e+00
3.436999999999999833e+00,-9.549568357758994708e+00
3.437500000000000000e+00,-9.558615244797117327e+00
3.437600000000000211e+00,-9.554172942937420032e+00
3.437699999999999978e+00,-9.567340755374797112e+00
3.437800000000000189e+00,-9.576072148011203211e+00
3.438299999999999912e+00,-9.585369747335811041e+00
3.439799999999999969e+00,-9.591529859930833624e+00
3.441500000000000004e+00,-9.602097005450003664e+00
3.443999999999999950e+00,-9.615724650837984555e+00
3.445100000000000051e+00,-9.627867013329568735e+00
3.446200000000000152e+00,-9.639510880468101561e+00
3.446400000000000130e+00,-9.662189902198969449e+00
3.446400000000000130e+00,-9.650478885212530500e+00
3.446800000000000086e+00,-9.671529976387757799e+00
3.447299999999999809e+00,-9.684757059417735903e+00
3.448799999999999866e+00,-9.698134728897130685e+00
3.448999999999999844e+00,-9.716308219443467564e+00
3.449600000000000222e+00,-9.733093517799439098e+00
3.450499999999999901e+00,-9.744753275037762563e+00
3.451099999999999834e+00,-9.754661077331359564e+00
3.452300000000000146e+00,-9.762164108645109195e+00
3.454299999999999926e+00,-9.768555159018752931e+00
3.454899999999999860e+00,-9.774726627728711037e+00
3.455600000000000005e+00,-9.783477826030560820e+00
3.457300000000000040e+00,-9.790691092549650421e+00
3.458600000000000119e+00,-9.799582906889757083e+00
3.459299999999999820e+00,-9.818800485441313342e+00
3.460599999999999898e+00,-9.831429071084638593e+00
3.461399999999999810e+00,-9.849742203373864413e+00
3.462299999999999933e+00,-9.859054710673882838e+00
3.462400000000000144e+00,-9.861918425123072041e+00
3.462499999999999911e+00,-9.871444218972623474e+00
3.462899999999999867e+00,-9.858365632620655461e+00
3.463200000000000056e+00,-9.883810566479464654e+00
3.463600000000000012e+00,-9.870381484735068156e+00
3.464300000000000157e+00,-9.905881196094755481e+00
3.466800000000000104e+00,-9.912780957845864549e+00
3.466800000000000104e+00,-9.923753018868104903e+00
3.467000000000000082e+00,-9.934043840055249319e+00
3.467999999999999972e+00,-9.945884541425474623e+00
3.468500000000000139e+00,-9.958005662616118414e+00
3.468900000000000095e+00,-9.967779058391577962e+00
3.469199999999999839e+00,-9.975622616593680547e+00
3.469700000000000006e+00,-9.985962286526982368e+00
3.471600000000000019e+00,-1.000144616128184438e+01
3.471699999999999786e+00,-9.994375042146060650e+00
3.472100000000000186e+00,-1.001321978953056835e+01
3.472900000000000098e+00,-1.002207776596125477e+01
3.473399999999999821e+00,-1.003405840251658532e+01
3.473599999999999799e+00,-1.004855183364572291e+01
3.474499999999999922e+00,-1.006213367695574057e+01
3.474899999999999878e+00,-1.007447351065393271e+01
3.475999999999999979e+00,-1.008525882320698663e+01
3.477599999999999802e+00,-1.009431945626387694e+01
3.478899999999999881e+00,-1.010251054025051687e+01
3.480199999999999960e+00,-1.011599801500118012e+01
3.480300000000000171e+00,-1.012920223833091349e+01
3.480599999999999916e+00,-1.014386294251878518e+01
3.481500000000000039e+00,-1.016205807928382931e+01
3.481500000000000039e+00,-1.017941652101672290e+01
3.482899999999999885e+00,-1.019640262870824365e+01
3.484500000000000153e+00,-1.020069590327909737e+01
3.485199999999999854e+00,-1.020062723672054794e+01
3.485599999999999810e+00,-1.019289489687241534e+01
3.485700000000000021e+00,-1.019924012593709151e+01
3.485799999999999788e+00,-1.020128320872809269e+01
3.486400000000000166e+00,-1.021901890421644588e+01
3.487099999999999866e+00,-1.023858825220879964e+01
3.487899999999999778e+00,-1.026297917756407863e+01
3.489700000000000024e+00,-1.027343010738174023e+01
3.490600000000000147e+00,-1.028829910539485937e+01
3.491400000000000059e+00,-1.031908915293783124e+01
3.491499999999999826e+00,-1.030060884477601313e+01
3.491899999999999782e+00,-1.033700321800528954e+01
3.493199999999999861e+00,-1.035044156635939139e+01
3.493700000000000028e+00,-1.036339028688132125e+01
3.495699999999999807e+00,-1.036767995913067963e+01
3.496399999999999952e+00,-1.037509244840750711e+01
3.496700000000000141e+00,-1.038243991576148595e+01
3.496999999999999886e+00,-1.039863332528950579e+01
3.497100000000000097e+00,-1.039031468480499854e+01
3.498000000000000220e+00,-1.041255149191788476e+01
3.499699999999999811e+00,-1.042336040717544954e+01
3.500399999999999956e+00,-1.045404649105796580e+01
3.500700000000000145e+00,-1.043289083870496547e+01
3.500799999999999912e+00,-1.047126263932607237e+01
3.501999999999999780e+00,-1.048750024463168451e+01
3.502899999999999903e+00,-1.050791206089862584e+01
3.504500000000000171e+00,-1.052337320706253543e+01
3.505799999999999805e+00,-1.053051396316229038e+01
3.507099999999999884e+00,-1.054043978840429574e+01
3.508500000000000174e+00,-1.055479006320081226e+01
3.508799999999999919e+00,-1.056216208060317463e+01
3.508999999999999897e+00,-1.057557403605663282e+01
3.510200000000000209e+00,-1.058909167060736856e+01
3.510600000000000165e+00,-1.061265746660627585e+01
3.511200000000000099e+00,-1.063897140055294877e+01
3.512399999999999967e+00,-1.066928634996091851e+01
3.512999999999999901e+00,-1.070099537616636454e+01
3.513599999999999834e+00,-1.073247328842924375e+01
3.515600000000000058e+00,-1.075645961521334470e+01
3.516300000000000203e+00,-1.077882962829457014e+01
3.517300000000000093e+00,-1.079523829161155035e+01
3.517799999999999816e+00,-1.079819346236063105e+01
3.518100000000000005e+00,-1.079981256989326255e+01
3.518699999999999939e+00,-1.079839803010712451e+01
3.519299999999999873e+00,-1.080094756468682782e+01
3.520599999999999952e+00,-1.081048181693716437e+01
3.521700000000000053e+00,-1.083932452314334505e+01
3.522699999999999942e+00,-1.087203573408509705e+01
3.522899999999999920e+00,-1.093111053140416189e+01
3.523000000000000131e+00,-1.090505607443351010e+01
3.523699999999999832e+00,-1.094876687946152671e+01
3.524099999999999788e+00,-1.095749511696747369e+01
3.525300000000000100e+00,-1.095480784068861091e+01
3.525900000000000034e+00,-1.094963495494566175e+01
3.527000000000000135e+00,-1.095765820457089568e+01
3.528500000000000192e+00,-1.096841611810533657e+01
3.529300000000000104e+00,-1.096644372160476699e+01
3.530299999999999994e+00,-1.097076456124931632e+01
3.531000000000000139e+00,-1.098787468256479016e+01
3.531200000000000117e+00,-1.099180555319101238e+01
3.531699999999999839e+00,-1.099246622562735354e+01
3.531899999999999817e+00,-1.101051496172039457e+01
3.532000000000000028e+00,-1.104559034937793527e+01
3.532500000000000195e+00,-1.103386513662970891e+01
3.533399999999999874e+00,-1.106294124485984476e+01
3.535600000000000076e+00,-1.108518505600050474e+01
3.536599999999999966e+00,-1.110463088173224477e+01
3.537500000000000089e+00,-1.111468025485798172e+01
3.538300000000000001e+00,-1.113068374606049105e+01
3.538600000000000190e+00,-1.114144417848433477e+01
3.539899999999999824e+00,-1.115375815627303346e+01
3.539899999999999824e+00,-1.116556717727631742e+01
3.540500000000000203e+00,-1.118698822625801981e+01
3.541300000000000114e+00,-1.120507070329984245e+01
3.541700000000000070e+00,-1.123240442679890094e+01
3.542600000000000193e+00,-1.125068644868734502e+01
3.543800000000000061e+00,-1.126777570962550357e+01
3.545399999999999885e+00,-1.128339910432943149e+01
3.545500000000000096e+00,-1.128136430656858913e+01
3.545999999999999819e+00,-1.129810110854709038e+01
3.546199999999999797e+00,-1.128128905577896290e+01
3.546600000000000197e+00,-1.132208257312777633e+01
3.546699999999999964e+00,-1.131716517407177314e+01
3.548299999999999788e+00,-1.133459332683370135e+01
3.549300000000000122e+00,-1.134682644325868139e+01
3.550699999999999967e+00,-1.134577605062289507e+01
3.552000000000000046e+00,-1.133626416410182536e+01
3.552599999999999980e+00,-1.135885190420779267e+01
3.552900000000000169e+00,-1.138229488370959075e+01
3.552999999999999936e+00,-1.144737961855698849e+01
3.552999999999999936e+00,-1.139638954701760376e+01
3.553500000000000103e+00,-1.141515246313464971e+01
3.553799999999999848e+00,-1.145898839439288075e+01
3.553799999999999848e+00,-1.147421687495555886e+01
3.554300000000000015e+00,-1.148139808133441342e+01
3.555800000000000072e+00,-1.149245472752829755e+01
3.556000000000000050e+00,-1.148907369307505633e+01
3.557900000000000063e+00,-1.149488549439178442e+01
3.558800000000000185e+00,-1.149715018084182283e+01
3.560799999999999965e+00,-1.152828492692936457e+01
3.561399999999999899e+00,-1.154153802440979604e+01
3.562399999999999789e+00,-1.155404619814711964e+01
3.563099999999999934e+00,-1.158707486466653513e+01
3.563400000000000123e+00,-1.159955758581618035e+01
3.563899999999999846e+00,-1.161400741528067826e+01
3.564499999999999780e+00,-1.164379750892979537e+01
3.564900000000000180e+00,-1.169416967644304250e+01
3.565100000000000158e+00,-1.167690021845593584e+01
3.566699999999999982e+00,-1.173292891266344817e+01
3.567899999999999849e+00,-1.174441848785123632e+01
3.568999999999999950e+00,-1.176091467436815385e+01
3.570399999999999796e+00,-1.176462303040762158e+01
3.570699999999999985e+00,-1.177803206225194543e+01
3.570800000000000196e+00,-1.178400499768111764e+01
3.571099999999999941e+00,-1.177600968662581415e+01
3.571800000000000086e+00,-1.180247450611473781e+01
3.572400000000000020e+00,-1.182672862847524975e+01
3.573700000000000099e+00,-1.183902946101114395e+01
3.575099999999999945e+00,-1.186639687850141023e+01
3.576900000000000190e+00,-1.189613227610797175e+01
3.576999999999999957e+00,-1.190967136225656731e+01
3.577599999999999891e+00,-1.192543686542812686e+01
3.578100000000000058e+00,-1.194112626792892229e+01
3.579000000000000181e+00,-1.195534978875159382e+01
3.580499999999999794e+00,-1.195424650003939782e+01
3.581199999999999939e+00,-1.196883071974768775e+01
3.582399999999999807e+00,-1.197350668028604304e+01
3.582899999999999974e+00,-1.199153748198497560e+01
3.582899999999999974e+00,-1.200686291217570023e+01
3.583200000000000163e+00,-1.203629683397377903e+01
3.583699999999999886e+00,-1.205075874338740149e+01
3.584099999999999842e+00,-1.207532267591126818e+01
3.584600000000000009e+00,-1.208928291232286156e+01
3.586399999999999810e+00,-1.211552855818850816e+01
3.587499999999999911e+00,-1.212786139909979610e+01
3.588799999999999990e+00,-1.214287317549647582e+01
3.589799999999999880e+00,-1.216627277269718732e+01
3.590100000000000069e+00,-1.218299227673483287e+01
3.590700000000000003e+00,-1.222723586651458305e+01
3.591000000000000192e+00,-1.220608964605726321e+01
3.591800000000000104e+00,-1.217284736890311514e+01
3.592600000000000016e+00,-1.222165595655133252e+01
3.593599999999999905e+00,-1.224937552139051888e+01
3.593999999999999861e+00,-1.225866572580252978e+01
3.594100000000000072e+00,-1.227435363593751028e+01
3.594199999999999839e+00,-1.229863641227859894e+01
3.594399999999999817e+00,-1.232232968224583480e+01
3.595099999999999962e+00,-1.234171594070743083e+01
3.596799999999999997e+00,-1.236182159706153172e+01
3.599400000000000155e+00,-1.236647956721001229e+01
3.599600000000000133e+00,-1.236596728341532270e+01
3.599800000000000111e+00,-1.238418492439385687e+01
3.600000000000000089e+00,-1.237426086191789310e+01
3.600099999999999856e+00,-1.239030291311629384e+01
3.600099999999999856e+00,-1.240338420556249943e+01
3.600400000000000045e+00,-1.241765699236063369e+01
3.601100000000000190e+00,-1.242592547174209194e+01
3.603200000000000180e+00,-1.243438896090825985e+01
3.603499999999999925e+00,-1.244422965059776942e+01
3.604099999999999859e+00,-1.246116952866027283e+01
3.605199999999999960e+00,-1.247610719772015742e+01
3.605500000000000149e+00,-1.249841884137708803e+01
3.606500000000000039e+00,-1.252345813289062981e+01
3.608299999999999841e+00,-1.254365473642854134e+01
3.609399999999999942e+00,-1.255978988354694259e+01
3.609999999999999876e+00,-1.257731609895562386e+01
3.610100000000000087e+00,-1.259042907187909854e+01
3.610300000000000065e+00,-1.260565183694161995e+01
3.611699999999999910e+00,-1.262624496197322976e+01
3.612400000000000055e+00,-1.264848780956118013e+01
3.612899999999999778e+00,-1.266810741701304543e+01
3.614599999999999813e+00,-1.268788099427833593e+01
3.615499999999999936e+00,-1.270290756501382390e+01
3.616800000000000015e+00,-1.271623128560591987e+01
3.617100000000000204e+00,-1.272601344006349144e+01
3.617799999999999905e+00,-1.273581269670309624e+01
3.618100000000000094e+00,-1.274438693468951556e+01
3.618399999999999839e+00,-1.275757296260101903e+01
3.618599999999999817e+00,-1.276994157024049770e+01
3.618799999999999795e+00,-1.278645957914006637e+01
3.619600000000000151e+00,-1.280299060927275612e+01
3.620000000000000107e+00,-1.281590031971729715e+01
3.621100000000000207e+00,-1.282956451729377534e+01
3.622199999999999864e+00,-1.284617368126184012e+01
3.622700000000000031e+00,-1.286222264867742204e+01
3.623099999999999987e+00,-1.288099956843049831e+01
3.624200000000000088e+00,-1.291907207184056361e+01
3.625500000000000167e+00,-1.294485904396888465e+01
3.627699999999999925e+00,-1.296368199095246077e+01
3.629599999999999937e+00,-1.298720239630859652e+01
3.629799999999999915e+00,-1.301048235517729168e+01
3.630100000000000104e+00,-1.299954159156082945e+01
3.630199999999999871e+00,-1.299758686706286959e+01
3.630500000000000060e+00,-1.301360434726006510e+01
3.631099999999999994e+00,-1.302744682362397022e+01
3.631499999999999950e+00,-1.304381729941725077e+01
3.632000000000000117e+00,-1.308027102679173836e+01
3.633300000000000196e+00,-1.311975631506853368e+01
3.634199999999999875e+00,-1.314725359569112939e+01
3.634999999999999787e+00,-1.317220644036706467e+01
3.636099999999999888e+00,-1.319161146983799071e+01
3.636499999999999844e+00,-1.320892690767322186e+01
3.637799999999999923e+00,-1.322673638008697594e+01
3.637900000000000134e+00,-1.325382748949305167e+01
3.638300000000000090e+00,-1.327409340304799734e+01
3.639100000000000001e+00,-1.328538507209139574e+01
3.640499999999999847e+00,-1.330209487908989452e+01
3.640600000000000058e+00,-1.329447601988789351e+01
3.640600000000000058e+00,-1.329849831283577544e+01
3.641099999999999781e+00,-1.329580295646975863e+01
3.641599999999999948e+00,-1.330912985341325872e+01
3.641999999999999904e+00,-1.332312252738401526e+01
3.642100000000000115e+00,-1.335607538869215460e+01
3.642300000000000093e+00,-1.333735894367610086e+01
3.642599999999999838e+00,-1.337770995819831121e+01
3.643699999999999939e+00,-1.339206717242871569e+01
3.644800000000000040e+00,-1.341225671200624170e+01
3.645300000000000207e+00,-1.343307894690587290e+01
3.646700000000000053e+00,-1.345197297909050782e+01
3.647299999999999986e+00,-1.347175212336029482e+01
3.647899999999999920e+00,-1.349156480823731918e+01
3.649399999999999977e+00,-1.350534688057347310e+01
3.650300000000000100e+00,-1.352356998423495327e+01
3.651699999999999946e+00,-1.353520397430612832e+01
3.653099999999999792e+00,-1.354931204947576262e+01
3.653700000000000170e+00,-1.356892918437352158e+01
3.653900000000000148e+00,-1.359531189636484072e+01
3.653900000000000148e+00,-1.361389450472913154e+01
3.654799999999999827e+00,-1.364116397370856681e+01
3.657200000000000006e+00,-1.367800666073545557e+01
3.657900000000000151e+00,-1.370909431413241819e+01
3.658599999999999852e+00,-1.373416339422964150e+01
3.660299999999999887e+00,-1.378733786246019477e+01
3.660600000000000076e+00,-1.375879958389919366e+01
3.661099999999999799e+00,-1.380406799255231931e+01
3.662199999999999900e+00,-1.380518387638390720e+01
3.662300000000000111e+00,-1.381486009774987345e+01
3.662399999999999878e+00,-1.382998736540574747e+01
3.662799999999999834e+00,-1.384611725021980533e+01
3.663100000000000023e+00,-1.382180019739276311e+01
3.663100000000000023e+00,-1.382534704116741509e+01
3.664000000000000146e+00,-1.387083242333164357e+01
3.664200000000000124e+00,-1.385874426959976446e+01
3.664899999999999824e+00,-1.390004060510235817e+01
3.665900000000000158e+00,-1.392443829253270060e+01
3.667199999999999793e+00,-1.394191144601153276e+01
3.670300000000000118e+00,-1.396280290218015807e+01
3.670999999999999819e+00,-1.398287008816847887e+01
3.671199999999999797e+00,-1.400477915665693196e+01
3.671300000000000008e+00,-1.401889391298552212e+01
3.671699999999999964e+00,-1.404639466465462405e+01
3.672800000000000065e+00,-1.407339495458695211e+01
3.673099999999999810e+00,-1.409870135816323788e+01
3.673700000000000188e+00,-1.412353274229977096e+01
3.674700000000000077e+00,-1.414821822081468916e+01
3.678399999999999892e+00,-1.416450567567700425e+01
3.679499999999999993e+00,-1.417961995139951625e+01
3.679800000000000182e+00,-1.419194445170357355e+01
3.679899999999999949e+00,-1.420279635805959906e+01
3.680299999999999905e+00,-1.421741858428859651e+01
3.680800000000000072e+00,-1.423280615578822683e+01
3.680899999999999839e+00,-1.424702542042924236e+01
3.681200000000000028e+00,-1.426469527689696903e+01
3.682199999999999918e+00,-1.428778959908435731e+01
3.682900000000000063e+00,-1.430839518671053590e+01
3.683499999999999996e+00,-1.433324260339853318e+01
3.684600000000000097e+00,-1.436020447378144382e+01
3.685200000000000031e+00,-1.438673517925398038e+01
3.685799999999999965e+00,-1.440729483622539320e+01
3.687899999999999956e+00,-1.442530907227193282e+01
3.688499999999999890e+00,-1.444273046088149748e+01
3.689200000000000035e+00,-1.445691997039949150e+01
3.690399999999999903e+00,-1.446911926144218796e+01
3.690799999999999859e+00,-1.448569317290412606e+01
3.691699999999999982e+00,-1.450515095564812285e+01
3.691899999999999959e+00,-1.454993310755936342e+01
3.692000000000000171e+00,-1.452788533536468130e+01
3.694199999999999928e+00,-1.457360651169629762e+01
3.695500000000000007e+00,-1.459804518086804492e+01
3.696200000000000152e+00,-1.461042566019983369e+01
3.697099999999999831e+00,-1.462110513178675575e+01
3.697400000000000020e+00,-1.464469997537201351e+01
3.697599999999999998e+00,-1.463864546388471055e+01
3.697700000000000209e+00,-1.463201746722410235e+01
3.697799999999999976e+00,-1.465210477556689739e+01
3.698100000000000165e+00,-1.463271138110503955e+01
3.698100000000000165e+00,-1.466521794786616617e+01
3.698700000000000099e+00,-1.471312315476077970e+01
3.698900000000000077e+00,-1.468392520508537835e+01
3.699800000000000200e+00,-1.473827485186221331e+01
3.702199999999999935e+00,-1.477488960113758054e+01
3.704200000000000159e+00,-1.480307440264907903e+01
3.705600000000000005e+00,-1.483433204308527564e+01
3.705999999999999961e+00,-1.485825652734390268e+01
3.707300000000000040e+00,-1.489081670837083315e+01
3.707399999999999807e+00,-1.487963370916771133e+01
3.708099999999999952e+00,-1.490664352435430473e+01
3.708499999999999908e+00,-1.491797738634212145e+01
3.708699999999999886e+00,-1.493513678920039922e+01
3.708899999999999864e+00,-1.494986145507331976e+01
3.709499999999999797e+00,-1.496125689757474042e+01
3.710300000000000153e+00,-1.497266871227219376e+01
3.711199999999999832e+00,-1.498940312497164129e+01
3.712000000000000188e+00,-1.499778417128165309e+01
3.712800000000000100e+00,-1.501185616780135845e+01
3.713600000000000012e+00,-1.506328221751007490e+01
3.713699999999999779e+00,-1.503684417583271404e+01
3.714100000000000179e+00,-1.508044859711725216e+01
3.714399999999999924e+00,-1.510392169237088744e+01
3.717299999999999827e+00,-1.512764060980387093e+01
3.717299999999999827e+00,-1.514273012237339344e+01
3.717400000000000038e+00,-1.515661142391745564e+01
3.717799999999999994e+00,-1.518084794000749760e+01
3.718700000000000117e+00,-1.522973661097909215e+01
3.721000000000000085e+00,-1.525302671641470731e+01
3.722300000000000164e+00,-1.528287261162983057e+01
3.725000000000000089e+00,-1.531221117978355295e+01
3.725200000000000067e+00,-1.533111370142607477e+01
3.725200000000000067e+00,-1.534675679297610174e+01
3.725400000000000045e+00,-1.532434097093998560e+01
3.725499999999999812e+00,-1.530877332507236765e+01
3.725600000000000023e+00,-1.536943378082161438e+01
3.725999999999999979e+00,-1.540507385505706850e+01
3.726199999999999957e+00,-1.544609482137470913e+01
3.726900000000000102e+00,-1.547106417814664248e+01
3.730500000000000149e+00,-1.550075788779449226e+01
3.731599999999999806e+00,-1.553124396447773314e+01
3.732600000000000140e+00,-1.555812742887227351e+01
3.733900000000000219e+00,-1.558451352392367362e+01
3.734599999999999920e+00,-1.560817830151016139e+01
3.734799999999999898e+00,-1.562401753713325547e+01
3.734999999999999876e+00,-1.559918558923275889e+01
3.735500000000000043e+00,-1.565699816765866892e+01
3.736000000000000210e+00,-1.564050705840327993e+01
3.736200000000000188e+00,-1.568679549808174478e+01
3.736299999999999955e+00,-1.572345039367421471e+01
3.737600000000000033e+00,-1.574713747210527792e+01
3.739199999999999857e+00,-1.577049688274982486e+01
3.741999999999999993e+00,-1.579428569942253624e+01
3.742300000000000182e+00,-1.582485722860786481e+01
3.742399999999999949e+00,-1.581202082138813125e+01
3.742900000000000116e+00,-1.583475471021187886e+01
3.743500000000000050e+00,-1.584714405797049430e+01
3.744000000000000217e+00,-1.586081196502393631e+01
3.744600000000000151e+00,-1.588010770987538400e+01
3.745499999999999829e+00,-1.590069080027594950e+01
3.746500000000000163e+00,-1.592702230379251560e+01
3.747900000000000009e+00,-1.595649045991062387e+01
3.748400000000000176e+00,-1.599237534491662593e+01
3.749499999999999833e+00,-1.603121374719573566e+01
3.751500000000000057e+00,-1.605618747129132373e+01
3.752400000000000180e+00,-1.609970699343786293e+01
3.753099999999999881e+00,-1.608864696775534497e+01
3.753200000000000092e+00,-1.607435999288218653e+01
3.753699999999999815e+00,-1.609674231540292055e+01
3.753699999999999815e+00,-1.610717539209563398e+01
3.754500000000000171e+00,-1.616033404725054723e+01
3.754700000000000149e+00,-1.613273497599314155e+01
3.754700000000000149e+00,-1.612543470414222213e+01
3.756099999999999994e+00,-1.618787423419906446e+01
3.758399999999999963e+00,-1.620396968447762376e+01
3.758599999999999941e+00,-1.622425466109043768e+01
3.759100000000000108e+00,-1.625394840230796589e+01
3.759300000000000086e+00,-1.627034597229889812e+01
3.760099999999999998e+00,-1.629330970838192627e+01
3.761699999999999822e+00,-1.631831715831574670e+01
3.762199999999999989e+00,-1.634828572141893943e+01
3.762199999999999989e+00,-1.637193225809019381e+01
3.762500000000000178e+00,-1.640215257948884542e+01
3.763199999999999878e+00,-1.643101233077842593e+01
3.765800000000000036e+00,-1.644190760482610969e+01
3.766099999999999781e+00,-1.644639910155703788e+01
3.766300000000000203e+00,-1.644213700866994898e+01
3.766799999999999926e+00,-1.644416519766163276e+01
3.766999999999999904e+00,-1.646040725294395202e+01
3.767399999999999860e+00,-1.647512429876755746e+01
3.767399999999999860e+00,-1.644172277883326672e+01
3.767799999999999816e+00,-1.649517457443655388e+01
3.768400000000000194e+00,-1.651713238154724195e+01
3.769400000000000084e+00,-1.653405607963689761e+01
3.770199999999999996e+00,-1.655205908290296790e+01
3.771100000000000119e+00,-1.657798453260777904e+01
3.773800000000000043e+00,-1.660503771440217591e+01
3.774500000000000188e+00,-1.663661074281889540e+01
3.775100000000000122e+00,-1.668650377121383244e+01
3.777200000000000113e+00,-1.672466953343595719e+01
3.777899999999999814e+00,-1.675871186209272423e+01
3.779599999999999849e+00,-1.678539974111152588e+01
3.780600000000000183e+00,-1.681105493687870123e+01
3.780800000000000161e+00,-1.681531353232588799e+01
3.781000000000000139e+00,-1.684985013799558473e+01
3.781299999999999883e+00,-1.683409012025412110e+01
3.782200000000000006e+00,-1.688044068084620619e+01
3.782799999999999940e+00,-1.690711264146681003e+01
3.784600000000000186e+00,-1.692943777409826112e+01
3.786399999999999988e+00,-1.693788515923645477e+01
3.787199999999999900e+00,-1.694472587547117115e+01
3.787199999999999900e+00,-1.696704634340371953e+01
3.787700000000000067e+00,-1.695362439072034277e+01
3.787900000000000045e+00,-1.698546271785540185e+01
3.787999999999999812e+00,-1.701400992157354608e+01
3.789200000000000124e+00,-1.705056223375571278e+01
3.789600000000000080e+00,-1.708080334622142971e+01
3.790200000000000014e+00,-1.710359839927337333e+01
3.792400000000000215e+00,-1.712722332074346809e+01
3.793800000000000061e+00,-1.715651431185183284e+01
3.794000000000000039e+00,-1.718990064882609659e+01
3.794099999999999806e+00,-1.721982124177775830e+01
3.794399999999999995e+00,-1.725075005495214597e+01
3.797200000000000131e+00,-1.728247993002383964e+01
3.797699999999999854e+00,-1.730844684123620780e+01
3.798200000000000021e+00,-1.732401095835250615e+01
3.798999999999999932e+00,-1.733978157951260002e+01
3.798999999999999932e+00,-1.732609562675089876e+01
3.799199999999999910e+00,-1.735320355827927941e+01
3.799399999999999888e+00,-1.736524240473314151e+01
3.800300000000000011e+00,-1.738473414917781312e+01
3.801200000000000134e+00,-1.741867490045289912e+01
3.801800000000000068e+00,-1.744691166357736023e+01
3.804199999999999804e+00,-1.747603261958982301e+01
3.805400000000000116e+00,-1.750594950220764190e+01
3.806000000000000050e+00,-1.753024468040473138e+01
3.806999999999999940e+00,-1.755498010452376079e+01
3.807500000000000107e+00,-1.758100760459218392e+01
3.808499999999999996e+00,-1.762109105511544982e+01
3.808600000000000207e+00,-1.759801074009532584e+01
3.809200000000000141e+00,-1.764357990477610372e+01
3.809699999999999864e+00,-1.766299259773604291e+01
3.809899999999999842e+00,-1.766632602938779328e+01
3.810299999999999798e+00,-1.769993709109275315e+01
3.810299999999999798e+00,-1.772811895413679650e+01
3.810500000000000220e+00,-1.768478523653915602e+01
3.810700000000000198e+00,-1.771279073511034596e+01
3.810900000000000176e+00,-1.775510353694185639e+01
3.812199999999999811e+00,-1.778553290980828194e+01
3.814299999999999802e+00,-1.781134691719761420e+01
3.814799999999999969e+00,-1.783029337080132848e+01
3.815500000000000114e+00,-1.785518533141873831e+01
3.817200000000000149e+00,-1.790324209434045599e+01
3.817600000000000104e+00,-1.788251054966563558e+01
3.817699999999999871e+00,-1.796660428701079937e+01
3.817899999999999849e+00,-1.793154888417313586e+01
3.820199999999999818e+00,-1.800026379849404989e+01
3.821800000000000086e+00,-1.802006136629445621e+01
3.822799999999999976e+00,-1.803747479754043326e+01
3.823199999999999932e+00,-1.805480010731632134e+01
3.823900000000000077e+00,-1.809124652707862069e+01
3.824100000000000055e+00,-1.807567385264454884e+01
3.824699999999999989e+00,-1.814973310995365807e+01
3.824899999999999967e+00,-1.812476568303376823e+01
3.826299999999999812e+00,-1.817343202619250064e+01
3.827599999999999891e+00,-1.820158284210247501e+01
3.829600000000000115e+00,-1.823858239899771050e+01
3.829699999999999882e+00,-1.822186567850176431e+01
3.829699999999999882e+00,-1.825545971291329650e+01
3.831399999999999917e+00,-1.827329519075590269e+01
3.831500000000000128e+00,-1.826735480020387214e+01
3.831599999999999895e+00,-1.830875542502184317e+01
3.832199999999999829e+00,-1.833834314944503774e+01
3.832500000000000018e+00,-1.828963582497285500e+01
3.834600000000000009e+00,-1.837983502295647043e+01
3.835100000000000176e+00,-1.841200250413052331e+01
3.836599999999999788e+00,-1.842982791312650548e+01
3.838000000000000078e+00,-1.844169074042702050e+01
3.838099999999999845e+00,-1.854291707949567680e+01
3.838200000000000056e+00,-1.845881208779386284e+01
3.838299999999999823e+00,-1.848906409441665133e+01
3.838699999999999779e+00,-1.846892631862887413e+01
3.839100000000000179e+00,-1.851593918763317248e+01
3.839199999999999946e+00,-1.855951802846023568e+01
3.840199999999999836e+00,-1.857692128742236193e+01
3.841499999999999915e+00,-1.859382217244388613e+01
3.842400000000000038e+00,-1.861489960006953126e+01
3.842999999999999972e+00,-1.863478952890573481e+01
3.844399999999999817e+00,-1.866182496436711702e+01
3.844800000000000217e+00,-1.867868809434312638e+01
3.845499999999999918e+00,-1.870011091458435715e+01
3.846299999999999830e+00,-1.872231003545193673e+01
3.846699999999999786e+00,-1.874820824167875344e+01
3.846900000000000208e+00,-1.883065872822928100e+01
3.847199999999999953e+00,-1.878921495306623868e+01
3.848500000000000032e+00,-1.887257857290144614e+01
3.849299999999999944e+00,-1.889381283547125534e+01
3.853899999999999881e+00,-1.890759447390657755e+01
3.854000000000000092e+00,-1.891656476734226899e+01
3.854299999999999837e+00,-1.895434757504275680e+01
3.854499999999999815e+00,-1.899545815857838349e+01
3.854800000000000004e+00,-1.892484223010165323e+01
3.855100000000000193e+00,-1.890280261889913405e+01
3.856100000000000083e+00,-1.904045874232505753e+01
3.858099999999999863e+00,-1.907250032966073405e+01
3.859599999999999920e+00,-1.911154631117250347e+01
3.861299999999999955e+00,-1.913797914980984771e+01
3.862099999999999866e+00,-1.915866760393389256e+01
3.862899999999999778e+00,-1.917741342349093969e+01
3.863300000000000178e+00,-1.920306288289114605e+01
3.863599999999999923e+00,-1.919386001061971925e+01
3.864100000000000090e+00,-1.926175096564161393e+01
3.864199999999999857e+00,-1.922623525717103377e+01
3.864599999999999813e+00,-1.928052756864251194e+01
3.865200000000000191e+00,-1.931179107949862228e+01
3.865800000000000125e+00,-1.934500177395221954e+01
3.868300000000000072e+00,-1.936827579749888883e+01
3.868300000000000072e+00,-1.937240256884468081e+01
3.869000000000000217e+00,-1.940196689938913011e+01
3.869699999999999918e+00,-1.943430639909152902e+01
3.869899999999999896e+00,-1.939006859134680028e+01
3.870400000000000063e+00,-1.941463717645943277e+01
3.870800000000000018e+00,-1.946224051767843122e+01
3.871100000000000207e+00,-1.949149494023978590e+01
3.871399999999999952e+00,-1.951572867851362147e+01
3.872199999999999864e+00,-1.954254605134746825e+01
3.875700000000000145e+00,-1.956623696870124718e+01
3.876999999999999780e+00,-1.958072722739629867e+01
3.877800000000000136e+00,-1.959719198830547526e+01
3.879500000000000171e+00,-1.961421255968195609e+01
3.880199999999999871e+00,-1.963110797973104482e+01
3.881299999999999972e+00,-1.966735489904828782e+01
3.881699999999999928e+00,-1.970175985376815575e+01
3.881699999999999928e+00,-1.973656315037125353e+01
3.882400000000000073e+00,-1.978756444170878481e+01
3.883300000000000196e+00,-1.983181016909866301e+01
3.884100000000000108e+00,-1.985436860738272102e+01
3.886699999999999822e+00,-1.988275901311654792e+01
3.887599999999999945e+00,-1.991590873951041019e+01
3.887700000000000156e+00,-1.992006185627449710e+01
3.887799999999999923e+00,-1.993018967985350542e+01
3.887799999999999923e+00,-1.991179282372908688e+01
3.887999999999999901e+00,-1.996352496242206698e+01
3.888500000000000068e+00,-1.994915952723517805e+01
3.888999999999999790e+00,-1.998876629673913641e+01
3.889899999999999913e+00,-2.004035238689649034e+01
3.892700000000000049e+00,-2.007551131537752553e+01
3.893600000000000172e+00,-2.011363292394482016e+01
3.894600000000000062e+00,-2.012632558733531951e+01
3.895300000000000207e+00,-2.013606338756405734e+01
3.895700000000000163e+00,-2.017735131937376991e+01
3.895799999999999930e+00,-2.013974276394863594e+01
3.896199999999999886e+00,-2.021920589004070834e+01
3.896399999999999864e+00,-2.016090885586390513e+01
3.896399999999999864e+00,-2.026688141895384732e+01
3.897400000000000198e+00,-2.029177018502123175e+01
3.897499999999999964e+00,-2.031030623802772794e+01
3.899500000000000188e+00,-2.032540978715699609e+01
