# T (K), dc/c (x 1e-5)
3.073000000000000176e-01,1.590779694283062007e+01
3.074000000000000066e-01,1.593853334645511666e+01
3.074999999999999956e-01,1.595403368901238039e+01
3.075999999999999845e-01,1.594636625716516676e+01
3.076999999999999735e-01,1.594503567877380767e+01
3.078000000000000180e-01,1.593952788128849463e+01
3.079000000000000070e-01,1.593793299244250328e+01
3.079999999999999960e-01,1.595933383052638810e+01
3.080999999999999850e-01,1.597107757519644267e+01
3.081999999999999740e-01,1.598722494586312948e+01
3.083000000000000185e-01,1.600931671940031009e+01
3.084000000000000075e-01,1.598699977873929434e+01
3.084999999999999964e-01,1.595581068791817891e+01
3.085999999999999854e-01,1.596978909661372725e+01
3.086999999999999744e-01,1.599326420325786025e+01
3.088000000000000189e-01,1.597443552752819507e+01
3.089000000000000079e-01,1.596923653602977211e+01
3.089999999999999969e-01,1.593800583634841139e+01
3.090999999999999859e-01,1.593181894175732438e+01
3.091999999999999749e-01,1.588463595676381246e+01
3.093000000000000194e-01,1.590277912058068743e+01
3.094000000000000083e-01,1.591166600808102416e+01
3.094999999999999973e-01,1.593434108716651387e+01
3.095999999999999863e-01,1.592985686905801046e+01
3.096999999999999753e-01,1.593106567225499504e+01
3.098000000000000198e-01,1.588506496547070412e+01
3.099000000000000088e-01,1.585417046258807794e+01
3.099999999999999978e-01,1.584390592837270084e+01
3.100999999999999868e-01,1.581551130987013210e+01
3.101999999999999758e-01,1.577755934679403182e+01
3.103000000000000203e-01,1.580083921622621190e+01
3.104000000000000092e-01,1.578590780709099128e+01
3.104999999999999982e-01,1.576814232350842460e+01
3.105999999999999872e-01,1.576497568949342032e+01
3.106999999999999762e-01,1.576936495848890551e+01
3.108000000000000207e-01,1.573598408021403472e+01
3.109000000000000097e-01,1.571676723159720446e+01
3.109999999999999987e-01,1.570034550333054568e+01
3.110999999999999877e-01,1.570860422309472249e+01
3.111999999999999766e-01,1.574528536617325436e+01
3.113000000000000211e-01,1.573581448981231468e+01
3.114000000000000101e-01,1.574187702157170143e+01
3.114999999999999991e-01,1.574533262911459275e+01
3.115999999999999881e-01,1.572655083846407997e+01
3.116999999999999771e-01,1.569892017548257535e+01
3.118000000000000216e-01,1.570773966988403281e+01
3.119000000000000106e-01,1.569324983574315802e+01
3.119999999999999996e-01,1.569780137285481025e+01
3.120999999999999885e-01,1.570556848178860854e+01
3.121999999999999775e-01,1.569078829251557572e+01
3.123000000000000220e-01,1.568697644227012589e+01
3.124000000000000110e-01,1.568708567987186697e+01
3.125000000000000000e-01,1.568156760296423968e+01
3.125999999999999890e-01,1.567523386339364144e+01
3.126999999999999780e-01,1.565322714432770645e+01
3.128000000000000225e-01,1.561748040670163107e+01
3.129000000000000115e-01,1.562530969404951442e+01
3.130000000000000004e-01,1.560632488620205827e+01
3.130999999999999894e-01,1.559308934009850667e+01
3.131999999999999784e-01,1.559589403722638501e+01
3.133000000000000229e-01,1.560298502067569615e+01
3.134000000000000119e-01,1.558103502417196218e+01
3.135000000000000009e-01,1.556155170823358880e+01
3.135999999999999899e-01,1.553408433675906686e+01
3.136999999999999789e-01,1.552233833893856563e+01
3.138000000000000234e-01,1.552135430251732906e+01
3.139000000000000123e-01,1.552702427572771704e+01
3.140000000000000013e-01,1.553709173254813258e+01
3.140999999999999903e-01,1.553624233601058435e+01
3.141999999999999793e-01,1.551766958650335404e+01
3.143000000000000238e-01,1.549845505728730721e+01
3.144000000000000128e-01,1.546665305403482726e+01
3.145000000000000018e-01,1.543495672657546258e+01
3.145999999999999908e-01,1.540426951969153535e+01
3.146999999999999797e-01,1.538690699903533066e+01
3.148000000000000242e-01,1.536971484002891231e+01
3.149000000000000132e-01,1.536094379466168292e+01
3.150000000000000022e-01,1.535799558955608290e+01
3.150999999999999912e-01,1.536105717139523996e+01
3.151999999999999802e-01,1.534098578551190428e+01
3.153000000000000247e-01,1.533229273898983536e+01
3.154000000000000137e-01,1.532161937473241942e+01
3.155000000000000027e-01,1.530118719999917687e+01
3.155999999999999917e-01,1.530344251135073819e+01
3.156999999999999806e-01,1.531985114198663744e+01
3.158000000000000251e-01,1.533165285478254880e+01
3.159000000000000141e-01,1.533601537881790122e+01
3.160000000000000031e-01,1.533060644098915581e+01
3.160999999999999921e-01,1.530916936428039143e+01
3.161999999999999811e-01,1.530366558904594321e+01
3.163000000000000256e-01,1.529291275128130501e+01
3.164000000000000146e-01,1.527372793485914748e+01
3.165000000000000036e-01,1.528528869849499117e+01
3.165999999999999925e-01,1.529632617280729434e+01
3.166999999999999815e-01,1.529350776105830967e+01
3.168000000000000260e-01,1.527554578831080612e+01
3.169000000000000150e-01,1.528058326892733731e+01
3.170000000000000040e-01,1.526708088489925252e+01
3.170999999999999930e-01,1.523159927723338569e+01
3.171999999999999820e-01,1.520390336695764866e+01
3.173000000000000265e-01,1.518637089160889886e+01
3.174000000000000155e-01,1.517091982025097963e+01
3.175000000000000044e-01,1.516499472987209174e+01
3.175999999999999934e-01,1.517402614340246103e+01
3.176999999999999824e-01,1.517679110342784199e+01
3.178000000000000269e-01,1.516284874270301408e+01
3.179000000000000159e-01,1.514723331133060746e+01
3.180000000000000049e-01,1.514183302614435433e+01
3.180999999999999939e-01,1.514474556305489372e+01
3.181999999999999829e-01,1.513558665751146570e+01
3.183000000000000274e-01,1.513376018368594877e+01
3.184000000000000163e-01,1.513185055742938090e+01
3.185000000000000053e-01,1.509921030362015593e+01
3.185999999999999943e-01,1.505892233994054941e+01
3.186999999999999833e-01,1.503755691900032510e+01
3.187999999999999723e-01,1.502142870358102833e+01
3.189000000000000168e-01,1.500790561553388791e+01
3.190000000000000058e-01,1.500107395848548819e+01
3.190999999999999948e-01,1.499380707686736969e+01
3.191999999999999837e-01,1.499586088086313040e+01
3.192999999999999727e-01,1.500056178901032133e+01
3.194000000000000172e-01,1.499574475282427777e+01
3.195000000000000062e-01,1.500075321626659175e+01
3.196999999999999842e-01,1.500184786458302710e+01
3.197999999999999732e-01,1.499176091429354862e+01
3.199000000000000177e-01,1.499671684356329315e+01
3.200000000000000067e-01,1.501844536466789570e+01
3.200999999999999956e-01,1.503922867768902982e+01
3.201999999999999846e-01,1.506859810398441724e+01
3.204000000000000181e-01,1.508871824043800025e+01
3.205000000000000071e-01,1.509719367912276411e+01
3.205999999999999961e-01,1.507490859616044965e+01
3.207999999999999741e-01,1.506639409454501788e+01
3.209000000000000186e-01,1.505560137284311573e+01
3.210000000000000075e-01,1.505501980638368131e+01
3.210999999999999965e-01,1.504216449544237655e+01
3.211999999999999855e-01,1.503017970666486747e+01
3.212999999999999745e-01,1.500902758510835611e+01
3.214000000000000190e-01,1.499151665543707423e+01
3.215000000000000080e-01,1.495105057491618972e+01
3.215999999999999970e-01,1.492080488598501553e+01
3.216999999999999860e-01,1.490684759055782393e+01
3.217999999999999750e-01,1.489035514551151174e+01
3.219000000000000195e-01,1.488167403118855958e+01
3.220000000000000084e-01,1.488916337728685058e+01
3.220999999999999974e-01,1.488141694322542108e+01
3.221999999999999864e-01,1.488618405990016136e+01
3.222999999999999754e-01,1.488050571843535330e+01
3.224000000000000199e-01,1.485734132686155995e+01
3.225000000000000089e-01,1.484118701027992060e+01
3.225999999999999979e-01,1.484062019758203022e+01
3.226999999999999869e-01,1.482306752274176098e+01
3.227999999999999758e-01,1.482113117393213209e+01
3.229000000000000203e-01,1.481471296076341915e+01
3.230000000000000093e-01,1.480532525910516028e+01
3.230999999999999983e-01,1.479715358546073922e+01
3.231999999999999873e-01,1.479535248757712829e+01
3.232999999999999763e-01,1.479496341250163560e+01
3.234000000000000208e-01,1.480255169127197945e+01
3.235000000000000098e-01,1.480074128858699112e+01
3.236999999999999877e-01,1.478282650752671223e+01
3.239000000000000212e-01,1.475028824250712312e+01
3.240000000000000102e-01,1.472130394661486008e+01
3.241999999999999882e-01,1.468480133591243053e+01
3.242999999999999772e-01,1.466136187198651974e+01
3.244000000000000217e-01,1.465594599973029943e+01
3.245000000000000107e-01,1.466035805818666127e+01
3.245999999999999996e-01,1.467083783476263648e+01
3.247999999999999776e-01,1.469914520677239800e+01
3.249000000000000221e-01,1.469835032766652994e+01
3.250000000000000111e-01,1.469366220585965799e+01
3.251000000000000001e-01,1.469635154489667705e+01
3.251999999999999891e-01,1.467361432612445959e+01
3.252999999999999781e-01,1.465581518141078909e+01
3.254000000000000226e-01,1.464800140521249361e+01
3.255000000000000115e-01,1.464242061609832568e+01
3.256000000000000005e-01,1.464516495998879542e+01
3.256999999999999895e-01,1.465290771545723914e+01
3.257999999999999785e-01,1.465748648455111613e+01
3.259000000000000230e-01,1.465955916480354482e+01
3.260000000000000120e-01,1.465639516278649346e+01
3.261000000000000010e-01,1.462132949515748415e+01
3.262999999999999790e-01,1.458371257501034179e+01
3.265000000000000124e-01,1.454924532254708680e+01
3.266999999999999904e-01,1.452176710001140414e+01
3.267999999999999794e-01,1.450310332003545710e+01
3.269000000000000239e-01,1.450378344329316960e+01
3.270000000000000129e-01,1.450034649755127347e+01
3.271999999999999909e-01,1.448211074652927444e+01
3.272999999999999798e-01,1.446887697095722025e+01
3.275000000000000133e-01,1.444671530075214250e+01
3.276000000000000023e-01,1.441526930072878265e+01
3.276999999999999913e-01,1.437926367501562730e+01
3.277999999999999803e-01,1.434251207307113241e+01
3.280000000000000138e-01,1.431838287580422353e+01
3.281999999999999917e-01,1.431184293108733563e+01
3.282999999999999807e-01,1.432674164005331718e+01
3.284000000000000252e-01,1.435158468291397327e+01
3.285000000000000142e-01,1.437387475994033892e+01
3.286999999999999922e-01,1.438972437949215077e+01
3.287999999999999812e-01,1.440104261177410550e+01
3.289000000000000257e-01,1.439035821532097259e+01
3.291000000000000036e-01,1.437666603388287534e+01
3.291999999999999926e-01,1.435995031088987872e+01
3.294000000000000261e-01,1.433584224942385532e+01
3.295000000000000151e-01,1.430076520555212127e+01
3.296000000000000041e-01,1.426908582810970572e+01
3.297999999999999821e-01,1.423679746246963873e+01
3.299000000000000266e-01,1.421795368449829411e+01
3.301000000000000045e-01,1.420213090248034504e+01
3.301999999999999935e-01,1.418604333902006864e+01
3.304000000000000270e-01,1.418243402066809722e+01
3.305000000000000160e-01,1.418731384040083832e+01
3.307999999999999829e-01,1.419416630779657140e+01
3.309000000000000274e-01,1.420284650785252722e+01
3.310000000000000164e-01,1.420676919371144109e+01
3.311999999999999944e-01,1.419009797931525085e+01
3.312999999999999834e-01,1.416540471622373687e+01
3.315000000000000169e-01,1.412544566752660202e+01
3.316000000000000059e-01,1.406718020496522037e+01
3.317999999999999838e-01,1.400536087544701225e+01
3.320000000000000173e-01,1.395488314356873794e+01
3.321999999999999953e-01,1.391485100462052849e+01
3.322999999999999843e-01,1.388758112398469180e+01
3.326000000000000068e-01,1.386236711684141021e+01
3.326999999999999957e-01,1.384718046241461842e+01
3.328999999999999737e-01,1.383142914960777325e+01
3.331000000000000072e-01,1.380465135732866599e+01
3.332999999999999852e-01,1.378051790790146569e+01
3.335000000000000187e-01,1.376935692627700725e+01
3.336000000000000076e-01,1.375640866964511311e+01
3.338999999999999746e-01,1.374691743483424666e+01
3.341000000000000081e-01,1.374390679215298050e+01
3.342999999999999861e-01,1.372503941972913211e+01
3.345000000000000195e-01,1.371073788998755383e+01
3.347999999999999865e-01,1.369804911833749372e+01
3.350000000000000200e-01,1.367184645016561362e+01
3.352999999999999869e-01,1.364461243115622047e+01
3.353999999999999759e-01,1.363206037494623857e+01
3.356999999999999984e-01,1.361013154061729580e+01
3.358999999999999764e-01,1.358132094716968119e+01
3.361999999999999988e-01,1.356950339878370926e+01
3.363999999999999768e-01,1.355049753693160142e+01
3.366999999999999993e-01,1.351933673263083513e+01
3.368999999999999773e-01,1.348568037304820066e+01
3.371999999999999997e-01,1.346101562363532977e+01
3.373999999999999777e-01,1.342650329514915875e+01
3.377999999999999892e-01,1.340013303787967658e+01
3.380000000000000226e-01,1.337337424564932675e+01
3.383999999999999786e-01,1.335422089364046450e+01
3.385000000000000231e-01,1.331936741555905535e+01
3.388999999999999790e-01,1.329536171654155119e+01
3.391000000000000125e-01,1.326541830280303280e+01
3.395000000000000240e-01,1.324860337582389569e+01
3.397999999999999909e-01,1.322764148757537761e+01
3.402000000000000024e-01,1.320665968949530189e+01
3.403999999999999804e-01,1.317549744089207842e+01
3.407999999999999918e-01,1.315185498157289601e+01
3.410000000000000253e-01,1.311727294806774502e+01
3.413999999999999813e-01,1.308221901769157469e+01
3.416000000000000147e-01,1.305647893052041830e+01
3.421000000000000152e-01,1.303287029917221496e+01
3.422999999999999932e-01,1.299175541551289470e+01
3.426000000000000156e-01,1.294615869466219849e+01
3.430000000000000271e-01,1.289683936483709559e+01
3.432999999999999940e-01,1.285265611502717142e+01
3.437999999999999945e-01,1.280410872047443682e+01
3.439999999999999725e-01,1.276326271066607632e+01
3.442000000000000060e-01,1.272647054375630482e+01
3.447000000000000064e-01,1.270200579124969131e+01
3.449999999999999734e-01,1.265910406476555572e+01
3.452999999999999958e-01,1.261319016662376313e+01
3.457999999999999963e-01,1.256448872102910741e+01
3.459999999999999742e-01,1.252071808514665108e+01
3.462999999999999967e-01,1.247863678468185888e+01
3.468999999999999861e-01,1.243759966309654175e+01
3.471000000000000196e-01,1.241769856648533299e+01
3.477000000000000091e-01,1.239433758334518210e+01
3.479999999999999760e-01,1.236318539243719172e+01
3.486000000000000210e-01,1.231111205784784879e+01
3.487999999999999989e-01,1.226896502933616340e+01
3.493999999999999884e-01,1.220499689553011713e+01
3.497000000000000108e-01,1.214976661754796083e+01
3.503999999999999893e-01,1.209947038883940529e+01
3.507000000000000117e-01,1.204369889328982168e+01
3.509999999999999787e-01,1.199728542971400991e+01
3.516000000000000236e-01,1.195724935359909580e+01
3.519999999999999796e-01,1.192352306909116599e+01
3.526000000000000245e-01,1.188161577940327440e+01
3.529999999999999805e-01,1.185679864453448218e+01
3.536000000000000254e-01,1.181288188376761106e+01
3.539999999999999813e-01,1.177913030940946726e+01
3.547000000000000153e-01,1.172991633636710418e+01
3.549999999999999822e-01,1.168445790688699049e+01
3.553999999999999937e-01,1.162211258809941761e+01
3.561000000000000276e-01,1.155488685224692347e+01
3.564999999999999836e-01,1.147009221715677896e+01
3.572000000000000175e-01,1.138130852321006437e+01
3.575999999999999734e-01,1.128842977819066640e+01
3.578999999999999959e-01,1.121616139286185465e+01
3.587000000000000188e-01,1.115488290597321530e+01
3.590999999999999748e-01,1.107789075055820405e+01
3.598999999999999977e-01,1.100909340634559186e+01
3.603000000000000091e-01,1.094570837421981935e+01
3.610999999999999766e-01,1.087491141964380503e+01
3.619999999999999885e-01,1.081079253932359663e+01
3.623999999999999999e-01,1.076457284998832620e+01
3.633000000000000118e-01,1.072384631065514782e+01
3.637000000000000233e-01,1.068518689021524715e+01
3.645999999999999797e-01,1.063595182238252512e+01
3.650999999999999801e-01,1.057474587118356268e+01
3.654999999999999916e-01,1.050133323880541880e+01
3.664000000000000035e-01,1.040885693587844862e+01
3.669000000000000039e-01,1.031476272483788748e+01
3.678000000000000158e-01,1.022463918086357815e+01
3.683000000000000163e-01,1.013757645719093148e+01
3.693000000000000171e-01,1.006416506391771648e+01
3.698000000000000176e-01,9.984922490712808241e+00
3.708000000000000185e-01,9.895048652774903530e+00
3.713000000000000189e-01,9.819345188069592112e+00
3.723000000000000198e-01,9.740007808534119960e+00
3.729000000000000092e-01,9.659389402365546218e+00
3.739000000000000101e-01,9.596580436141419312e+00
3.744999999999999996e-01,9.527247552839067879e+00
3.750000000000000000e-01,9.439239442885492437e+00
3.760999999999999899e-01,9.359222309513468119e+00
3.771999999999999797e-01,9.261365788668650012e+00
3.778000000000000247e-01,9.163606772538132716e+00
3.790000000000000036e-01,9.071208584481846415e+00
3.795000000000000040e-01,8.984075737133442985e+00
3.800999999999999934e-01,8.880624391811029028e+00
3.812999999999999723e-01,8.787482965036950588e+00
3.820000000000000062e-01,8.686210567255267634e+00
3.831999999999999851e-01,8.574370541358785403e+00
3.837999999999999745e-01,8.462109620762102935e+00
3.845000000000000084e-01,8.357659500344281511e+00
3.856999999999999873e-01,8.253326703909767303e+00
3.864000000000000212e-01,8.153773437672427349e+00
3.876999999999999891e-01,8.074398580881766208e+00
3.882999999999999785e-01,8.000505004845944512e+00
3.890000000000000124e-01,7.930046759975216020e+00
3.902999999999999803e-01,7.871057080501286052e+00
3.910000000000000142e-01,7.818590197936067909e+00
3.924000000000000266e-01,7.759433547476764836e+00
3.931000000000000050e-01,7.688960407806197495e+00
3.937999999999999834e-01,7.621595407536482902e+00
3.951999999999999957e-01,7.552528763684062341e+00
3.958999999999999742e-01,7.469326178136112659e+00
3.973999999999999755e-01,7.375200611648978111e+00
3.981000000000000094e-01,7.274574936476095210e+00
3.987999999999999878e-01,7.155748128504500372e+00
4.002999999999999892e-01,7.025265495541051841e+00
4.011000000000000121e-01,6.890087936365916654e+00
4.026000000000000134e-01,6.770674637477934077e+00
4.033999999999999808e-01,6.653995579330437060e+00
4.048999999999999821e-01,6.551164527461849296e+00
4.057000000000000051e-01,6.450923806927129966e+00
4.064999999999999725e-01,6.361148684845828960e+00
4.081000000000000183e-01,6.248617513190387385e+00
4.089999999999999747e-01,6.147544465607277964e+00
4.097999999999999976e-01,6.048447376318929258e+00
4.113999999999999879e-01,5.940245089087190955e+00
4.122999999999999998e-01,5.840032513174106654e+00
4.131000000000000227e-01,5.750607415402894773e+00
4.148000000000000020e-01,5.653318216574661825e+00
4.157000000000000139e-01,5.544014475514778439e+00
4.173999999999999932e-01,5.435189717558627009e+00
4.182000000000000162e-01,5.326267606142740085e+00
4.199999999999999845e-01,5.237199544197432388e+00
4.208999999999999964e-01,5.139797227679540725e+00
4.227000000000000202e-01,5.050750805535851207e+00
4.235999999999999766e-01,4.961856350831902240e+00
4.254000000000000004e-01,4.856032768754122486e+00
4.263000000000000123e-01,4.720339867456678107e+00
4.282000000000000250e-01,4.595216132454723379e+00
4.290999999999999814e-01,4.474262547173864846e+00
4.309999999999999942e-01,4.362002150957165370e+00
4.319000000000000061e-01,4.263223621759347104e+00
4.338000000000000189e-01,4.175182159595888010e+00
4.348000000000000198e-01,4.096340557162569063e+00
4.366999999999999771e-01,4.018058569658640167e+00
4.376999999999999780e-01,3.926331244589185143e+00
4.396999999999999797e-01,3.857878817973279251e+00
4.406999999999999806e-01,3.786981591045177620e+00
4.426999999999999824e-01,3.712171357156401896e+00
4.446999999999999842e-01,3.636791623457533706e+00
4.455999999999999961e-01,3.576854121454804414e+00
4.465999999999999970e-01,3.511690258111154428e+00
4.475999999999999979e-01,3.445298579328177624e+00
4.495000000000000107e-01,3.371773535706945601e+00
4.504000000000000226e-01,3.287758192877519026e+00
4.524000000000000243e-01,3.209220878224724682e+00
4.545000000000000151e-01,3.094697806610424706e+00
4.555000000000000160e-01,3.002731570957980711e+00
4.575000000000000178e-01,2.921549072399938218e+00
4.586000000000000076e-01,2.851265769263642280e+00
4.616999999999999993e-01,2.760035138947287692e+00
4.627999999999999892e-01,2.675785062424826055e+00
4.647999999999999909e-01,2.595661759886012110e+00
4.658999999999999808e-01,2.517695468012837168e+00
4.681000000000000161e-01,2.431716812880123868e+00
4.702000000000000068e-01,2.366376951504212123e+00
4.723999999999999866e-01,2.311748203843717597e+00
4.746000000000000218e-01,2.230277056617930853e+00
4.758000000000000007e-01,2.151750626795396748e+00
4.779999999999999805e-01,2.094409054601562570e+00
4.792000000000000148e-01,2.026146058482498624e+00
4.814999999999999836e-01,1.960716096930932295e+00
4.825999999999999734e-01,1.912929871520361313e+00
4.848999999999999977e-01,1.852885242489832329e+00
4.860999999999999766e-01,1.791586078717652963e+00
4.884000000000000008e-01,1.749286215205203554e+00
4.895999999999999797e-01,1.707112729967819043e+00
4.919000000000000039e-01,1.659283179871183789e+00
4.930999999999999828e-01,1.617073555162940046e+00
4.954999999999999960e-01,1.564581124339765594e+00
4.966999999999999749e-01,1.513963067232280135e+00
4.990999999999999881e-01,1.462918629704934581e+00
5.002999999999999670e-01,1.408672317005363883e+00
5.027000000000000357e-01,1.360831478500190705e+00
5.039000000000000146e-01,1.320011273295838006e+00
5.050999999999999934e-01,1.272022613014176518e+00
5.074999999999999512e-01,1.232593556176330152e+00
5.087000000000000410e-01,1.208958023250490399e+00
5.099000000000000199e-01,1.176490111279846484e+00
5.123999999999999666e-01,1.141129372373426154e+00
5.135999999999999455e-01,1.098997420841406614e+00
5.161000000000000032e-01,1.057579283188502250e+00
5.172999999999999821e-01,1.018100674145537843e+00
5.198000000000000398e-01,9.986283816343334285e-01
5.211000000000000076e-01,9.763746625018844272e-01
5.235999999999999543e-01,9.583803567231276022e-01
5.248000000000000442e-01,9.324230920376685994e-01
5.273999999999999799e-01,8.975945108252714189e-01
5.285999999999999588e-01,8.502239126556522253e-01
5.312000000000000055e-01,7.977935313407935602e-01
5.324999999999999734e-01,7.576257811903143180e-01
5.350000000000000311e-01,7.261730817675849936e-01
5.362999999999999989e-01,6.956898977839021114e-01
5.389000000000000457e-01,6.805285961686269314e-01
5.414999999999999813e-01,6.731187924924320054e-01
5.426999999999999602e-01,6.650662960905329157e-01
5.453999999999999959e-01,6.509679733457374162e-01
5.465999999999999748e-01,6.463056756983399653e-01
5.480000000000000426e-01,6.211149892082468149e-01
5.505999999999999783e-01,5.993251241925845463e-01
5.532000000000000250e-01,5.742079324694260301e-01
5.558999999999999497e-01,5.524009219121095438e-01
5.573000000000000176e-01,5.298563016148394311e-01
5.585999999999999854e-01,5.159130820886481672e-01
5.613000000000000211e-01,5.057816910208901007e-01
5.626999999999999780e-01,5.010647730191430949e-01
5.641000000000000458e-01,5.036950741915680041e-01
5.667999999999999705e-01,4.986123618261307233e-01
5.682000000000000384e-01,5.027758809111849692e-01
5.709999999999999520e-01,5.035361348093558842e-01
5.724000000000000199e-01,4.957309439801405593e-01
5.737999999999999767e-01,4.945947413331720499e-01
5.766999999999999904e-01,4.935463694744025576e-01
5.780999999999999472e-01,4.740518795065540303e-01
5.809999999999999609e-01,4.518936904090997686e-01
5.824000000000000288e-01,4.147058370207457045e-01
5.837999999999999856e-01,3.767538725329977467e-01
5.866999999999999993e-01,3.536928334774125937e-01
5.881999999999999451e-01,3.426561151853558251e-01
5.910999999999999588e-01,3.355851729724967925e-01
5.926000000000000156e-01,3.525117607744389092e-01
5.939999999999999725e-01,3.553452584020822536e-01
5.969999999999999751e-01,3.427541577927218364e-01
5.985000000000000320e-01,3.246120022382104064e-01
6.015000000000000346e-01,3.072565392236948911e-01
6.029999999999999805e-01,2.811874188890463033e-01
6.059999999999999831e-01,2.620880854853303576e-01
6.075000000000000400e-01,2.572030085506950003e-01
6.089999999999999858e-01,2.558470651664557782e-01
6.120999999999999774e-01,2.447776002270619089e-01
6.150999999999999801e-01,2.392275020879320591e-01
6.166000000000000369e-01,2.218793663855134213e-01
6.181999999999999718e-01,1.889216180800401546e-01
6.212999999999999634e-01,1.524709068537156431e-01
6.228000000000000203e-01,1.416890303701490716e-01
6.259000000000000119e-01,1.200797228106910142e-01
6.290000000000000036e-01,1.114005069191570385e-01
6.321999999999999842e-01,1.301960392280344103e-01
6.338000000000000300e-01,1.456469872951305644e-01
6.384999999999999565e-01,1.327938500148007073e-01
6.401000000000000023e-01,1.425199108168152262e-01
6.432999999999999829e-01,1.413524737192684289e-01
6.464999999999999636e-01,1.268328245349048811e-01
6.481000000000000094e-01,1.194238464138886457e-01
6.512999999999999901e-01,1.249653317220134618e-01
6.529000000000000359e-01,1.233212911810855628e-01
6.576999999999999513e-01,1.229315524464680842e-01
6.592999999999999972e-01,1.130734992071935896e-01
6.625999999999999668e-01,1.007703001504312301e-01
6.642000000000000126e-01,7.348726279276640572e-02
6.657999999999999474e-01,5.078066791175069733e-02
6.706999999999999629e-01,2.283322013102006415e-02
6.740000000000000435e-01,-4.796359137659335359e-04
6.773000000000000131e-01,-1.701958440792012209e-02
6.790000000000000480e-01,-1.098920007547624610e-02
6.823000000000000176e-01,-5.871530268377559564e-03
6.838999999999999524e-01,4.550708124217983652e-03
6.855999999999999872e-01,2.243272998414210656e-02
6.888999999999999568e-01,2.624315526527764425e-02
6.905999999999999917e-01,3.046293997915786034e-02
6.939999999999999503e-01,2.301215806465813779e-02
6.955999999999999961e-01,2.319714981074971760e-02
6.989999999999999547e-01,1.255467430543843327e-02
7.006999999999999895e-01,2.152343772209974054e-02
7.040999999999999481e-01,2.807291175132902925e-02
7.057999999999999829e-01,4.510519015981989677e-02
7.090999999999999526e-01,5.640154424751964157e-02
7.107999999999999874e-01,7.787987070323140748e-02
7.141999999999999460e-01,8.432547602021836508e-02
7.176000000000000156e-01,7.437966628414793835e-02
7.193000000000000504e-01,5.205460585327569695e-02
7.209999999999999742e-01,2.875377758393415917e-02
7.244000000000000439e-01,-6.340049331089421883e-03
7.278000000000000025e-01,-3.376492401313763159e-02
7.296000000000000263e-01,-4.517439192580630092e-02
7.329999999999999849e-01,-5.847029788064389555e-02
7.347000000000000197e-01,-6.141794750502910238e-02
7.381999999999999673e-01,-6.311024313116028739e-02
7.399000000000000021e-01,-6.423299389851752639e-02
7.432999999999999607e-01,-6.953984978020233410e-02
7.449999999999999956e-01,-7.489169062069528371e-02
7.485000000000000542e-01,-7.663560455590015530e-02
7.501999999999999780e-01,-7.884790845486097655e-02
7.519000000000000128e-01,-8.169301915356141919e-02
7.553999999999999604e-01,-7.853431360504981029e-02
7.570999999999999952e-01,-7.272929451213483443e-02
7.606000000000000538e-01,-7.260162893402577478e-02
7.622999999999999776e-01,-7.463532864266253508e-02
7.640000000000000124e-01,-7.789820820142340230e-02
7.674999999999999600e-01,-7.570589010852823986e-02
7.691999999999999948e-01,-7.627750670036506642e-02
7.727000000000000535e-01,-7.190273312862593968e-02
7.744999999999999662e-01,-6.196246020773502755e-02
7.780000000000000249e-01,-4.503435809183656963e-02
7.798000000000000487e-01,-3.849213334156217914e-02
7.832000000000000073e-01,-3.092140954535915753e-02
7.868000000000000549e-01,-2.724703534213047257e-02
7.902000000000000135e-01,-2.332234834284685476e-02
7.920000000000000373e-01,-2.382808097473151920e-02
7.954999999999999849e-01,-1.552123105375328126e-02
7.972000000000000197e-01,5.880846914714348006e-03
8.006999999999999673e-01,2.065270830547646236e-02
8.024999999999999911e-01,3.438274798594608689e-02
8.060000000000000497e-01,5.266003100273700110e-02
8.077999999999999625e-01,4.969192241854880621e-02
8.113000000000000211e-01,5.079065049872995979e-02
8.165999999999999925e-01,5.704704904713198133e-02
8.201000000000000512e-01,6.559767429969889929e-02
8.218999999999999639e-01,6.704954568253931879e-02
8.235999999999999988e-01,6.999842007748618977e-02
8.272000000000000464e-01,6.617418919968370838e-02
8.288999999999999702e-01,5.785877894737170846e-02
8.325000000000000178e-01,4.253364692785154694e-02
8.377000000000000002e-01,2.173856983699994777e-02
8.395000000000000240e-01,1.501462108699394386e-02
8.429999999999999716e-01,7.590172169664836932e-03
8.447000000000000064e-01,3.159602269815590947e-03
8.481999999999999540e-01,-7.731521010082486808e-03
8.499999999999999778e-01,-1.404818379541206141e-02
8.518000000000000016e-01,-2.523934114706744350e-02
8.552999999999999492e-01,-4.084893971079356367e-02
8.570999999999999730e-01,-4.607368214448737120e-02
8.606000000000000316e-01,-4.157323566039922147e-02
8.624000000000000554e-01,-2.865122803591413359e-02
8.640999999999999792e-01,-1.723462071279591862e-02
8.676000000000000378e-01,-8.829180746797648735e-03
8.710999999999999854e-01,-1.621867280255143845e-02
8.729000000000000092e-01,-1.752582162145685518e-02
8.763999999999999568e-01,-2.298557759267128020e-02
8.780999999999999917e-01,-2.750520292638114483e-02
8.816000000000000503e-01,-2.030628988459060730e-02
8.833999999999999631e-01,-1.048122879432453365e-02
8.870000000000000107e-01,-5.392694089060212290e-03
8.904999999999999583e-01,-2.456384618490991753e-03
8.922999999999999821e-01,-7.897694593585972284e-03
8.974999999999999645e-01,-4.412683786149092582e-03
8.992999999999999883e-01,0.000000000000000000e+00
9.001000000000000112e-01,0.000000000000000000e+00
9.008000000000000451e-01,-6.359833945032223115e-03
9.013999999999999790e-01,-7.002999709017051003e-03
9.020000000000000240e-01,-3.441347722342750701e-03
9.024999999999999689e-01,-7.327177696802049042e-03
9.028000000000000469e-01,-7.603942187017764809e-03
9.036999999999999478e-01,-5.625864802906140397e-03
9.042999999999999927e-01,1.322287250803437161e-03
9.049000000000000377e-01,7.703758190261622216e-03
9.054999999999999716e-01,1.796451550517769516e-02
9.060000000000000275e-01,2.643427440385368032e-02
9.065999999999999615e-01,3.189677010629102943e-02
9.072000000000000064e-01,3.683437432733141503e-02
9.076999999999999513e-01,4.525271865007951533e-02
9.080000000000000293e-01,4.806333028683942854e-02
9.086999999999999522e-01,4.915595969157138256e-02
9.089000000000000412e-01,4.906757546829679240e-02
9.094999999999999751e-01,4.649657949107213750e-02
9.101000000000000201e-01,3.886220993121517614e-02
9.103999999999999870e-01,3.624833063597845961e-02
9.110000000000000320e-01,3.872317578812456418e-02
9.114999999999999769e-01,3.490215445101194081e-02
9.119000000000000439e-01,2.432453399037518699e-02
9.123999999999999888e-01,1.348750842677937101e-02
9.130000000000000338e-01,5.405314831288202809e-03
9.135999999999999677e-01,5.309165818079535776e-04
9.142000000000000126e-01,-3.922099616192635183e-03
9.147999999999999465e-01,4.678006481072553499e-03
9.155999999999999694e-01,7.059920084098118137e-03
9.159000000000000474e-01,9.798467882627922079e-03
9.164999999999999813e-01,9.904114263160597800e-03
9.171000000000000263e-01,1.733256949632000499e-02
9.173999999999999932e-01,2.047744696809456269e-02
9.180000000000000382e-01,2.570507584232157097e-02
9.185999999999999721e-01,3.021229973421135639e-02
9.189000000000000501e-01,3.363809326417991491e-02
9.194999999999999840e-01,3.030473087473062321e-02
9.201000000000000290e-01,2.331226528373589457e-02
9.203999999999999959e-01,1.688775428610117882e-02
9.210000000000000409e-01,1.365678662046615824e-02
9.219000000000000528e-01,4.496038406024338227e-03
9.224999999999999867e-01,-1.252958859999627264e-03
9.230000000000000426e-01,-4.477155063353777109e-03
9.235999999999999766e-01,-6.990822412064135252e-03
9.242000000000000215e-01,-1.009566979126249632e-02
9.247999999999999554e-01,-5.938639049404359840e-03
9.251000000000000334e-01,-1.404417336868827790e-03
9.256999999999999673e-01,2.299094946643957457e-03
9.260000000000000453e-01,7.406017707992573404e-03
9.265999999999999792e-01,1.175756899174482291e-02
9.267999999999999572e-01,1.089510931029488879e-02
9.276999999999999691e-01,1.259946060705344033e-02
9.280000000000000471e-01,1.155004764496927842e-02
9.284999999999999920e-01,8.712167313132878829e-03
9.291000000000000369e-01,5.064558165072041360e-03
9.296999999999999709e-01,2.776675031015366640e-03
9.303000000000000158e-01,3.399492706226362598e-03
9.308999999999999497e-01,2.755837000826188640e-03
9.314999999999999947e-01,3.552153828858487655e-03
9.321000000000000396e-01,6.695718005603678788e-03
9.325999999999999845e-01,9.598878182305288845e-03
9.332000000000000295e-01,8.895041305747534294e-03
9.337999999999999634e-01,8.616780786677635459e-03
9.341000000000000414e-01,9.459656229448025130e-03
9.346999999999999753e-01,9.701699392737931846e-03
9.354000000000000092e-01,7.952023057812259224e-03
9.356999999999999762e-01,1.391745144352580024e-02
9.365999999999999881e-01,1.680906125623099837e-02
9.368999999999999551e-01,1.948477726610104224e-02
9.374000000000000110e-01,1.935210679815716622e-02
9.379999999999999449e-01,2.392471973755475045e-02
9.383000000000000229e-01,2.206977563812598936e-02
9.388999999999999568e-01,2.514060182923325004e-02
9.395000000000000018e-01,3.248980579906627503e-02
9.397999999999999687e-01,3.444480776937591804e-02
9.404000000000000137e-01,3.432886284460471421e-02
9.406999999999999806e-01,3.450845848407160799e-02
9.412000000000000366e-01,3.415956371766279420e-02
9.417999999999999705e-01,3.417335614930186449e-02
9.424000000000000155e-01,4.059363232556171402e-02
9.428999999999999604e-01,4.387625944679454659e-02
9.435000000000000053e-01,4.911037331578930326e-02
9.441000000000000503e-01,5.106570267976667798e-02
9.446999999999999842e-01,4.834646260332468165e-02
9.449999999999999512e-01,4.070872569928211254e-02
9.455999999999999961e-01,4.093236418589610293e-02
9.461000000000000520e-01,3.413156978382619888e-02
9.465999999999999970e-01,3.393242099081314467e-02
9.468999999999999639e-01,4.022794525937564702e-02
9.475000000000000089e-01,4.590923032066532988e-02
9.482000000000000428e-01,5.310066099495250325e-02
9.484000000000000208e-01,5.957947693757897900e-02
9.489999999999999547e-01,6.072055591333164193e-02
9.498999999999999666e-01,5.354174739013897732e-02
9.506000000000000005e-01,5.419553489094722926e-02
9.508999999999999675e-01,5.386259392392567236e-02
9.515000000000000124e-01,4.904510181757862353e-02
9.520999999999999464e-01,4.649285835656050136e-02
9.524000000000000243e-01,4.534519554511223793e-02
9.529999999999999583e-01,3.806612992485083891e-02
9.533000000000000362e-01,2.325274167436545275e-02
9.538999999999999702e-01,1.769257175765481804e-02
9.545000000000000151e-01,1.330401183330604323e-02
9.547999999999999821e-01,8.560124041822074134e-03
9.554000000000000270e-01,7.001004123099400372e-03
9.558999999999999719e-01,8.944720643057043133e-03
9.566000000000000059e-01,1.248575173029889927e-02
9.568999999999999728e-01,1.853416512265552291e-02
9.575000000000000178e-01,2.415495213403781594e-02
9.580999999999999517e-01,2.804523628663672247e-02
9.586999999999999966e-01,3.520377654830822434e-02
9.593000000000000416e-01,3.994717206356915296e-02
9.598999999999999755e-01,4.149598166636073171e-02
9.605000000000000204e-01,4.334288015717113751e-02
9.609999999999999654e-01,4.714156576990585767e-02
9.616999999999999993e-01,4.686305811963048518e-02
9.622000000000000552e-01,4.689948395864115827e-02
9.625000000000000222e-01,4.693158622726015250e-02
9.630999999999999561e-01,4.878189858948051016e-02
9.637000000000000011e-01,5.413758976668958667e-02
9.640999999999999570e-01,6.431367710502014501e-02
9.647000000000000020e-01,7.707975295812019567e-02
9.651999999999999469e-01,8.285709681699060525e-02
9.658999999999999808e-01,8.789113300267428763e-02
9.661999999999999478e-01,8.695755164822571714e-02
9.667999999999999927e-01,8.330620657859386102e-02
9.676000000000000156e-01,7.865382090410980021e-02
9.681999999999999496e-01,8.054070415819619688e-02
9.687000000000000055e-01,7.518852902510531067e-02
9.689999999999999725e-01,7.182213886958166427e-02
9.696000000000000174e-01,6.409589962674822061e-02
9.703000000000000513e-01,5.373318006762881072e-02
9.708999999999999853e-01,4.913961813679643131e-02
9.717999999999999972e-01,4.874620287642844607e-02
9.720999999999999641e-01,5.242568326347057939e-02
9.727000000000000091e-01,5.825515253521373893e-02
9.733000000000000540e-01,6.281102253313797235e-02
9.736000000000000210e-01,5.795143082299109016e-02
9.741999999999999549e-01,5.708876081090045324e-02
9.747999999999999998e-01,5.120541739178857688e-02
9.750999999999999668e-01,3.938053942831201693e-02
9.757000000000000117e-01,3.054123079660126319e-02
9.762999999999999456e-01,2.990219747256331329e-02
9.768999999999999906e-01,2.498131028483611266e-02
9.776000000000000245e-01,2.275105935534366478e-02
9.781999999999999584e-01,3.253017883397824050e-02
9.790999999999999703e-01,3.666661244072777492e-02
9.797000000000000153e-01,3.418791647780355936e-02
9.801999999999999602e-01,3.747494553119176675e-02
9.808000000000000052e-01,4.592704523576290887e-02
9.814000000000000501e-01,4.085736965309008650e-02
9.819999999999999840e-01,4.567103377928422026e-02
9.826000000000000290e-01,4.836464335133960901e-02
9.831999999999999629e-01,5.166688356483709055e-02
9.838000000000000078e-01,5.009502873743018614e-02
9.847000000000000197e-01,5.951264636205985670e-02
9.852999999999999536e-01,5.629440214316764474e-02
9.858000000000000096e-01,5.980944323469620377e-02
9.860999999999999766e-01,5.700092991389629771e-02
9.867000000000000215e-01,5.266399710657124200e-02
9.872999999999999554e-01,4.562448535194826849e-02
9.879999999999999893e-01,4.461193088501008708e-02
9.886000000000000343e-01,4.587389076715956554e-02
9.891999999999999682e-01,4.858351587144760231e-02
9.897000000000000242e-01,5.005999499263394381e-02
9.902999999999999581e-01,6.038925761453809576e-02
9.909000000000000030e-01,7.635579495124714122e-02
9.911999999999999700e-01,8.112173770058569988e-02
9.920999999999999819e-01,8.469424326862373675e-02
9.927000000000000268e-01,8.322516063641424711e-02
9.932999999999999607e-01,7.587561308808440930e-02
9.939000000000000057e-01,6.502651641815621053e-02
9.949000000000000066e-01,6.323353248238738900e-02
9.953999999999999515e-01,6.436111770536148691e-02
9.960999999999999854e-01,7.407963116490495770e-02
9.963999999999999524e-01,8.511792231935869091e-02
9.969000000000000083e-01,9.049492271318232417e-02
9.978000000000000203e-01,9.378646080415828368e-02
9.981999999999999762e-01,9.947223788442263737e-02
9.987000000000000322e-01,8.868693152308754213e-02
9.993999999999999551e-01,7.781564624775752503e-02
9.999000000000000110e-01,7.069624545330663312e-02
1.000199999999999978e+00,6.465131741184679259e-02
1.001100000000000101e+00,5.221211765938033045e-02
1.001400000000000068e+00,5.280622066506029944e-02
1.002000000000000002e+00,5.265957379818825279e-02
1.002599999999999936e+00,5.501692088128004587e-02
1.003300000000000081e+00,5.470007426678019646e-02
1.003800000000000026e+00,5.656198431070228599e-02
1.004399999999999959e+00,5.340242761997623933e-02
1.004999999999999893e+00,4.775043075832988149e-02
1.005600000000000049e+00,4.252998920373338154e-02
1.006199999999999983e+00,4.025504455884565402e-02
1.006699999999999928e+00,4.969478096250590227e-02
1.006999999999999895e+00,6.073146306629023661e-02
1.007600000000000051e+00,7.138967404451967980e-02
1.008199999999999985e+00,8.390077658404709871e-02
1.008799999999999919e+00,9.296045997420065987e-02
1.009400000000000075e+00,8.973449125315616226e-02
1.010000000000000009e+00,8.517207333081136533e-02
1.010599999999999943e+00,8.116979326677981055e-02
1.011300000000000088e+00,7.121207258098719017e-02
1.012199999999999989e+00,6.833250409399305170e-02
1.012499999999999956e+00,7.011976003723496831e-02
1.013300000000000090e+00,7.680327128722908014e-02
1.013900000000000023e+00,8.701178748182877842e-02
1.014399999999999968e+00,9.621102699641889688e-02
1.014899999999999913e+00,1.001584356952189836e-01
1.015500000000000069e+00,9.912281352608903751e-02
1.016199999999999992e+00,9.190904319167250702e-02
1.016799999999999926e+00,8.351297423603298853e-02
1.017400000000000082e+00,7.836716972020596472e-02
1.017900000000000027e+00,7.610974550154134266e-02
1.018499999999999961e+00,7.510192824078712470e-02
1.019099999999999895e+00,8.164063251436706747e-02
1.019400000000000084e+00,8.200866697394282312e-02
1.020000000000000018e+00,8.101511635105967946e-02
1.020599999999999952e+00,7.538332712053838480e-02
1.021200000000000108e+00,7.786153797262329590e-02
1.021600000000000064e+00,7.471907684575609943e-02
1.022100000000000009e+00,7.747869062546650087e-02
1.022699999999999942e+00,8.008295523165612217e-02
1.023300000000000098e+00,8.595093230035041887e-02
1.023600000000000065e+00,8.472977428452990734e-02
1.024199999999999999e+00,8.581074829372750679e-02
1.024799999999999933e+00,8.460574115410007812e-02
1.025400000000000089e+00,8.790792915713721567e-02
1.026000000000000023e+00,8.902496886453833969e-02
1.026299999999999990e+00,9.075309136519324471e-02
1.026899999999999924e+00,9.429424016271997777e-02
1.027500000000000080e+00,9.899791283185846447e-02
1.028000000000000025e+00,9.627863902683556074e-02
1.028599999999999959e+00,1.027624297633732697e-01
1.029199999999999893e+00,1.060283235521130296e-01
1.029400000000000093e+00,1.016532144804138393e-01
1.030100000000000016e+00,1.027704503597781927e-01
1.030699999999999950e+00,9.913611258350099598e-02
1.031199999999999894e+00,8.929690511805579711e-02
1.031900000000000039e+00,9.046301193249670081e-02
1.032499999999999973e+00,9.183237700605464959e-02
1.033099999999999907e+00,9.007011625428162915e-02
1.033400000000000096e+00,9.343468784450909004e-02
1.033900000000000041e+00,9.206058791288887488e-02
1.034499999999999975e+00,8.407482608441263494e-02
1.035099999999999909e+00,8.179059800106466827e-02
1.035700000000000065e+00,7.533085719102494693e-02
1.036299999999999999e+00,7.191181941590407689e-02
1.036899999999999933e+00,7.085901685077938827e-02
1.037400000000000100e+00,6.987725430840688312e-02
1.037900000000000045e+00,7.645978993164773141e-02
1.038499999999999979e+00,7.328622760760408750e-02
1.039400000000000102e+00,6.960230715336240825e-02
1.040100000000000025e+00,6.952972293250750391e-02
1.040699999999999958e+00,7.015139166344327992e-02
1.041299999999999892e+00,6.010106399223502649e-02
1.041900000000000048e+00,6.031628360547605650e-02
1.042399999999999993e+00,6.252218249791496874e-02
1.042999999999999927e+00,5.924657642375594224e-02
1.043600000000000083e+00,5.459879147795662635e-02
1.044200000000000017e+00,6.233513486164848905e-02
1.044799999999999951e+00,6.481132674429623819e-02
1.045400000000000107e+00,6.839404470548871018e-02
1.046000000000000041e+00,6.938066336670484224e-02
1.046300000000000008e+00,6.958924096634117040e-02
1.046799999999999953e+00,6.111138970199873205e-02
1.047400000000000109e+00,6.176051281170596985e-02
1.048000000000000043e+00,6.099190106523483257e-02
1.048300000000000010e+00,6.512238424849708940e-02
1.048899999999999944e+00,6.676391863691291673e-02
1.049800000000000066e+00,7.031481045305484900e-02
1.050400000000000000e+00,6.744475620323983622e-02
1.050899999999999945e+00,6.498745145799736389e-02
1.051500000000000101e+00,6.650487134108087894e-02
1.052200000000000024e+00,7.370028923703200729e-02
1.053099999999999925e+00,8.140675379131648293e-02
1.053399999999999892e+00,8.982165676685197053e-02
1.053900000000000059e+00,9.909946828812296604e-02
1.054499999999999993e+00,1.013698683838281933e-01
1.055099999999999927e+00,1.023902228058926056e-01
1.055299999999999905e+00,9.868443563876175273e-02
1.056000000000000050e+00,9.596343940487697677e-02
1.056799999999999962e+00,8.971414507175415332e-02
1.057399999999999896e+00,8.613700245963082369e-02
1.058100000000000041e+00,8.209745984033459121e-02
1.058300000000000018e+00,8.263788544238476197e-02
1.058999999999999941e+00,8.498028832737317129e-02
1.059299999999999908e+00,8.803974910320919167e-02
1.059900000000000064e+00,9.449310130471566538e-02
1.060100000000000042e+00,9.734936198491300763e-02
1.060999999999999943e+00,9.782720442608194844e-02
1.061299999999999910e+00,9.678301748916595670e-02
1.061900000000000066e+00,9.358362427769328917e-02
1.062200000000000033e+00,9.183937724977159212e-02
1.062699999999999978e+00,9.050529829024542283e-02
1.062999999999999945e+00,8.926692228961247144e-02
1.063600000000000101e+00,9.322858574578596347e-02
1.063900000000000068e+00,1.009182111744199306e-01
1.064500000000000002e+00,1.025974027846210390e-01
1.065099999999999936e+00,1.104562460518842548e-01
1.065700000000000092e+00,1.206262679720492559e-01
1.066000000000000059e+00,1.191584102833154191e-01
1.066300000000000026e+00,1.228316881451995690e-01
1.066899999999999959e+00,1.196853415386122943e-01
1.067199999999999926e+00,1.143880179732537361e-01
1.067800000000000082e+00,1.088261638770870454e-01
1.068300000000000027e+00,1.103927239698453966e-01
1.068599999999999994e+00,1.077927031267766345e-01
1.069199999999999928e+00,1.127172298032196596e-01
1.069900000000000073e+00,1.167245963895624239e-01
1.070200000000000040e+00,1.204038810231921608e-01
1.070799999999999974e+00,1.242269854850907296e-01
1.071099999999999941e+00,1.219413160857851230e-01
1.071700000000000097e+00,1.186294322885750319e-01
1.072000000000000064e+00,1.147905719289831483e-01
1.072500000000000009e+00,1.163347999888497408e-01
1.073099999999999943e+00,1.106121911753654152e-01
1.073399999999999910e+00,1.071942124164493582e-01
1.074000000000000066e+00,1.073343302937545263e-01
1.074300000000000033e+00,1.053772995041068750e-01
1.074899999999999967e+00,9.554248129650991239e-02
1.075199999999999934e+00,9.886381998392193560e-02
1.075800000000000090e+00,1.044014935513992437e-01
1.076100000000000056e+00,1.083090399844920670e-01
1.076400000000000023e+00,1.142648072016715921e-01
1.076899999999999968e+00,1.257791889464055235e-01
1.077199999999999935e+00,1.297794824173259254e-01
1.077499999999999902e+00,1.337072489604451964e-01
1.078400000000000025e+00,1.437330651588052677e-01
1.078699999999999992e+00,1.441565326665283919e-01
1.079299999999999926e+00,1.386938118341774218e-01
1.079700000000000104e+00,1.381250692211732911e-01
1.080300000000000038e+00,1.362353043543595987e-01
1.080500000000000016e+00,1.266793416510047787e-01
1.081099999999999950e+00,1.258018365080093848e-01
1.081399999999999917e+00,1.215287101596939368e-01
1.081900000000000084e+00,1.129619786655045033e-01
1.082500000000000018e+00,1.108738732835689855e-01
1.082799999999999985e+00,1.107365250607728058e-01
1.083399999999999919e+00,1.101064659914129940e-01
1.084000000000000075e+00,1.172749205124990202e-01
1.084600000000000009e+00,1.228587552837311636e-01
1.085199999999999942e+00,1.244549945433881533e-01
1.085499999999999909e+00,1.313576131545268477e-01
1.086100000000000065e+00,1.338330936229137624e-01
1.086400000000000032e+00,1.357847006810996293e-01
1.086899999999999977e+00,1.417920298008024105e-01
1.087499999999999911e+00,1.408557163506951870e-01
1.087800000000000100e+00,1.400426074127402720e-01
1.088400000000000034e+00,1.430976244254399676e-01
1.088700000000000001e+00,1.390497365361120785e-01
1.088999999999999968e+00,1.327510884363591048e-01
1.089599999999999902e+00,1.379947606783271941e-01
1.089900000000000091e+00,1.367134814278558042e-01
1.090400000000000036e+00,1.361160926649518099e-01
1.090799999999999992e+00,1.440973809663237404e-01
1.091299999999999937e+00,1.530302487884316609e-01
1.091699999999999893e+00,1.555376518191931012e-01
1.092300000000000049e+00,1.550671138195213461e-01
1.092600000000000016e+00,1.487730062932357267e-01
1.093199999999999950e+00,1.368481874175508373e-01
1.093499999999999917e+00,1.280443896289884809e-01
1.093800000000000106e+00,1.239286155052554128e-01
1.094300000000000050e+00,1.247385608515994282e-01
1.094899999999999984e+00,1.341401235577233397e-01
1.095199999999999951e+00,1.438429154965181478e-01
1.095800000000000107e+00,1.483550578851322022e-01
1.096100000000000074e+00,1.514539139768622533e-01
1.096300000000000052e+00,1.510361360301793188e-01
1.096899999999999986e+00,1.495926857508777796e-01
1.097499999999999920e+00,1.592622299029222976e-01
1.097800000000000109e+00,1.704081665343537277e-01
1.098500000000000032e+00,1.784115762426563001e-01
1.098799999999999999e+00,1.826279625893910963e-01
1.099399999999999933e+00,1.810206021224424477e-01
1.099699999999999900e+00,1.689886775013693665e-01
1.100000000000000089e+00,1.561037932951180596e-01
1.100600000000000023e+00,1.401830070946218643e-01
1.100800000000000001e+00,1.318760929336349197e-01
1.101399999999999935e+00,1.236832945838983733e-01
1.102000000000000091e+00,1.184146694455134041e-01
1.102300000000000058e+00,1.134728651031025326e-01
1.102500000000000036e+00,1.126216714908445105e-01
1.103099999999999969e+00,1.117933984939867287e-01
1.103699999999999903e+00,1.135804096952252873e-01
1.104100000000000081e+00,1.141327887022025867e-01
1.104600000000000026e+00,1.170636032532567372e-01
1.104899999999999993e+00,1.195574803425347998e-01
1.105499999999999927e+00,1.157574691201801731e-01
1.105799999999999894e+00,1.121777010981738487e-01
1.106100000000000083e+00,1.148874484147011377e-01
1.106700000000000017e+00,1.119847970143539040e-01
1.107299999999999951e+00,1.117510813253318747e-01
1.107699999999999907e+00,1.161163183494018369e-01
1.108300000000000063e+00,1.224313922321162429e-01
1.108600000000000030e+00,1.247026369388670730e-01
1.109199999999999964e+00,1.339996021232391643e-01
1.109499999999999931e+00,1.377602795393784163e-01
1.110100000000000087e+00,1.429630565630312378e-01
1.110700000000000021e+00,1.496159047542633402e-01
1.110999999999999988e+00,1.495393902606345360e-01
1.111599999999999921e+00,1.470036854356315814e-01
1.111900000000000110e+00,1.503361987853512882e-01
1.112400000000000055e+00,1.507456317850785488e-01
1.112700000000000022e+00,1.527946650514732385e-01
1.113299999999999956e+00,1.572899997115439208e-01
1.113899999999999890e+00,1.587037729500185013e-01
1.114500000000000046e+00,1.596230599953984142e-01
1.114800000000000013e+00,1.661196618407722314e-01
1.115399999999999947e+00,1.672859547574589434e-01
1.115899999999999892e+00,1.656784838943725358e-01
1.116200000000000081e+00,1.674584313282611869e-01
1.116900000000000004e+00,1.670689118715706911e-01
1.117199999999999971e+00,1.642276337610070747e-01
1.117499999999999938e+00,1.600941688884027769e-01
1.118100000000000094e+00,1.617755638738682389e-01
1.118800000000000017e+00,1.612806582407266542e-01
1.119099999999999984e+00,1.576339260145353527e-01
1.119699999999999918e+00,1.461672267388802737e-01
1.120000000000000107e+00,1.358386091410168084e-01
1.120600000000000041e+00,1.202048551685031275e-01
1.121099999999999985e+00,1.078755073058445813e-01
1.121399999999999952e+00,1.041655563416288288e-01
1.121699999999999919e+00,1.165458293728182659e-01
1.122300000000000075e+00,1.302343362874491817e-01
1.122600000000000042e+00,1.457328307086225294e-01
1.123199999999999976e+00,1.595586760227984680e-01
1.123499999999999943e+00,1.655016212587245572e-01
1.123799999999999910e+00,1.595584386504533825e-01
1.124400000000000066e+00,1.546390535311936154e-01
1.124700000000000033e+00,1.510160651618829564e-01
1.125299999999999967e+00,1.457060697374057412e-01
1.125599999999999934e+00,1.457182213293617135e-01
1.126200000000000090e+00,1.493236731509050563e-01
1.126500000000000057e+00,1.549261568078985907e-01
1.127099999999999991e+00,1.587202623987138683e-01
1.127399999999999958e+00,1.649655462043796705e-01
1.127999999999999892e+00,1.609255401258103124e-01
1.128300000000000081e+00,1.613558032786943930e-01
1.129099999999999993e+00,1.627748983013010409e-01
1.129399999999999959e+00,1.681100218098318944e-01
1.129699999999999926e+00,1.675328944961140820e-01
1.130300000000000082e+00,1.703855803503184774e-01
1.130600000000000049e+00,1.740978182718222744e-01
1.131199999999999983e+00,1.727542915053170702e-01
1.131599999999999939e+00,1.682818177384270419e-01
1.132200000000000095e+00,1.655644752618357363e-01
1.132500000000000062e+00,1.686494373387425749e-01
1.133399999999999963e+00,1.630376320160820403e-01
1.133699999999999930e+00,1.579534224538392262e-01
1.134300000000000086e+00,1.537165785325811385e-01
1.134900000000000020e+00,1.527439515403049841e-01
1.135199999999999987e+00,1.517761553160301702e-01
1.135499999999999954e+00,1.515137260610377179e-01
1.135999999999999899e+00,1.478664856557898588e-01
1.136300000000000088e+00,1.465860417315656694e-01
1.136600000000000055e+00,1.452839919313664296e-01
1.137100000000000000e+00,1.344258338686888099e-01
1.137399999999999967e+00,1.312804965014624514e-01
1.137699999999999934e+00,1.295265198170126031e-01
1.138300000000000090e+00,1.307508634623710531e-01
1.138500000000000068e+00,1.270435712685813456e-01
1.139100000000000001e+00,1.333885210580410263e-01
1.139399999999999968e+00,1.346008337194104787e-01
1.140099999999999891e+00,1.410895989828475361e-01
1.140400000000000080e+00,1.374720131497298159e-01
1.141000000000000014e+00,1.389663065543033371e-01
1.141299999999999981e+00,1.443180324506309897e-01
1.141899999999999915e+00,1.503870338520629513e-01
1.142500000000000071e+00,1.543676742454835327e-01
1.142800000000000038e+00,1.668439181862235166e-01
1.143100000000000005e+00,1.784426757545109488e-01
1.143699999999999939e+00,1.838658987113350185e-01
1.143999999999999906e+00,1.806982653873611400e-01
1.144500000000000073e+00,1.828469607240135464e-01
1.145100000000000007e+00,1.778508411853817750e-01
1.145399999999999974e+00,1.713799249730718066e-01
1.145999999999999908e+00,1.640570331090695222e-01
1.146300000000000097e+00,1.582394886789906252e-01
1.146900000000000031e+00,1.536032559690248267e-01
1.147199999999999998e+00,1.523397837088758255e-01
1.147699999999999942e+00,1.544112754331449511e-01
1.147999999999999909e+00,1.506551194069304933e-01
1.148600000000000065e+00,1.549172328380022112e-01
1.149199999999999999e+00,1.470498226735527658e-01
1.149799999999999933e+00,1.361203746980132745e-01
1.150099999999999900e+00,1.256807983140994789e-01
1.150700000000000056e+00,1.282350243114749044e-01
1.151299999999999990e+00,1.279161125261596699e-01
1.151899999999999924e+00,1.357406851459918851e-01
1.152400000000000091e+00,1.457420861950009250e-01
1.153000000000000025e+00,1.462817870007159515e-01
1.153599999999999959e+00,1.440903678368043450e-01
1.154199999999999893e+00,1.420332947071900331e-01
1.154500000000000082e+00,1.452210398078556397e-01
1.155100000000000016e+00,1.478074829952579494e-01
1.155699999999999950e+00,1.579012720753791565e-01
1.155999999999999917e+00,1.701362307859877465e-01
1.156500000000000083e+00,1.805939545712620387e-01
1.157000000000000028e+00,1.806714426017018982e-01
1.157299999999999995e+00,1.796541183468624847e-01
1.157899999999999929e+00,1.793405854283436629e-01
1.158199999999999896e+00,1.778823239695348779e-01
1.158800000000000052e+00,1.733669849357532822e-01
1.159399999999999986e+00,1.666194312782709186e-01
1.159999999999999920e+00,1.708979892584016891e-01
1.160600000000000076e+00,1.701030214090726578e-01
1.161200000000000010e+00,1.663735287360512960e-01
1.161799999999999944e+00,1.654302039155752246e-01
1.162400000000000100e+00,1.692126503349811462e-01
1.162700000000000067e+00,1.692849774248550432e-01
1.163499999999999979e+00,1.771733750494141335e-01
1.164099999999999913e+00,1.771323230786991942e-01
1.164299999999999891e+00,1.804803254729114292e-01
1.165000000000000036e+00,1.848389950920281966e-01
1.165499999999999980e+00,1.849365948997127307e-01
1.165899999999999936e+00,1.802607568496294166e-01
1.166400000000000103e+00,1.758322693429248129e-01
1.166800000000000059e+00,1.705707437077463029e-01
1.167300000000000004e+00,1.552139974791998944e-01
1.167899999999999938e+00,1.456469138860782830e-01
1.168099999999999916e+00,1.398425755988464136e-01
1.168700000000000072e+00,1.430809503760754331e-01
1.169000000000000039e+00,1.446524962495077393e-01
1.169599999999999973e+00,1.602303939240979080e-01
1.169899999999999940e+00,1.692514618228967982e-01
1.170900000000000052e+00,1.758247411420864881e-01
1.171200000000000019e+00,1.774366061285681251e-01
1.171699999999999964e+00,1.782107142844757963e-01
1.171999999999999931e+00,1.737164662990464403e-01
1.172500000000000098e+00,1.709798732862910786e-01
1.172800000000000065e+00,1.736656509304667917e-01
1.173599999999999977e+00,1.773953041067665715e-01
1.173899999999999944e+00,1.790219534025827008e-01
1.174500000000000099e+00,1.801500596654303787e-01
1.174800000000000066e+00,1.814126901111844936e-01
1.175699999999999967e+00,1.740735935901215614e-01
1.176299999999999901e+00,1.629086210391806067e-01
1.176900000000000057e+00,1.589190756695623985e-01
1.177200000000000024e+00,1.582045025794208970e-01
1.177799999999999958e+00,1.561778752784393209e-01
1.178099999999999925e+00,1.570635057901448306e-01
1.178700000000000081e+00,1.624931958477116301e-01
1.179300000000000015e+00,1.690756346101084662e-01
1.179899999999999949e+00,1.774407045462833565e-01
1.180800000000000072e+00,1.845720059590071904e-01
1.181000000000000050e+00,1.925775861055800675e-01
1.181499999999999995e+00,1.985820618799504778e-01
1.181899999999999951e+00,1.992888964835748122e-01
1.182399999999999896e+00,1.964613533500557951e-01
1.182900000000000063e+00,1.973208486516519478e-01
1.183499999999999996e+00,1.993999973276538995e-01
1.183999999999999941e+00,2.068802221555387510e-01
1.184299999999999908e+00,2.132981867203332105e-01
1.184900000000000064e+00,2.144081862792679705e-01
1.185200000000000031e+00,2.210774778083101355e-01
1.185899999999999954e+00,2.238131226017792130e-01
1.186099999999999932e+00,2.160631412490021386e-01
1.186700000000000088e+00,2.063030895060879999e-01
1.187000000000000055e+00,2.052953003300894419e-01
1.187799999999999967e+00,2.039825752819812432e-01
1.188099999999999934e+00,2.052131696889125390e-01
1.188700000000000090e+00,2.139503043646628910e-01
1.188900000000000068e+00,2.202243990323527190e-01
1.189500000000000002e+00,2.323186086228279379e-01
1.190099999999999936e+00,2.373675203037916293e-01
1.190399999999999903e+00,2.417373406471434172e-01
1.191000000000000059e+00,2.424377264803601051e-01
1.191599999999999993e+00,2.540766309083719587e-01
1.191899999999999959e+00,2.592857418381999679e-01
1.193000000000000060e+00,2.622038859873032091e-01
1.193300000000000027e+00,2.681916851909915134e-01
1.193799999999999972e+00,2.725374036866012872e-01
1.194099999999999939e+00,2.734240996704639381e-01
1.194700000000000095e+00,2.694823419069336534e-01
1.195000000000000062e+00,2.591485247588343199e-01
1.195500000000000007e+00,2.436584351916981084e-01
1.195799999999999974e+00,2.357500307470505874e-01
1.196399999999999908e+00,2.329983863436112801e-01
1.197000000000000064e+00,2.305019252329953972e-01
1.197500000000000009e+00,2.389999830920686297e-01
1.197799999999999976e+00,2.400380249412148170e-01
1.198399999999999910e+00,2.458142158234832286e-01
1.198700000000000099e+00,2.453098472443603628e-01
1.199200000000000044e+00,2.449263302029013878e-01
1.199400000000000022e+00,2.332499195289994276e-01
1.199999999999999956e+00,2.350888070007373376e-01
1.200299999999999923e+00,2.336260733631922715e-01
1.200900000000000079e+00,2.296334326729054520e-01
1.201200000000000045e+00,2.281233552525762653e-01
1.201799999999999979e+00,2.386326342351796914e-01
1.202099999999999946e+00,2.432430814097740757e-01
1.202599999999999891e+00,2.470363758833027390e-01
1.202900000000000080e+00,2.562532624489388122e-01
1.203400000000000025e+00,2.635192945482633942e-01
1.203999999999999959e+00,2.695633676169683635e-01
1.204599999999999893e+00,2.751970775227729482e-01
1.204900000000000082e+00,2.743786492248589948e-01
1.205600000000000005e+00,2.692339148729926968e-01
1.206199999999999939e+00,2.714326377323294515e-01
1.206399999999999917e+00,2.688908797215960877e-01
1.207000000000000073e+00,2.726504269595630969e-01
1.207300000000000040e+00,2.799098912648089743e-01
1.207899999999999974e+00,2.872918938523483234e-01
1.208199999999999941e+00,2.901756410195199809e-01
1.208700000000000108e+00,2.915861424351862130e-01
1.209300000000000042e+00,2.898643599386063752e-01
1.209899999999999975e+00,2.926129717167880173e-01
1.210499999999999909e+00,2.916916552536663598e-01
1.211100000000000065e+00,2.906649823053442105e-01
1.211699999999999999e+00,2.940570032139433465e-01
1.212299999999999933e+00,2.985854523979136754e-01
1.212499999999999911e+00,3.018830275225447557e-01
1.213000000000000078e+00,3.080964323476408917e-01
1.213600000000000012e+00,3.058688704793454671e-01
1.214199999999999946e+00,2.977900746165029200e-01
1.214399999999999924e+00,2.862044989782042137e-01
1.215300000000000047e+00,2.707948137692394730e-01
1.215600000000000014e+00,2.548290207865500090e-01
1.216499999999999915e+00,2.409048859908235751e-01
1.216800000000000104e+00,2.379778997702063636e-01
1.217100000000000071e+00,2.414952413953863064e-01
1.217700000000000005e+00,2.467667571293141460e-01
1.218299999999999939e+00,2.588293201527547271e-01
1.218900000000000095e+00,2.750422460762213528e-01
1.219200000000000061e+00,2.828397496407175638e-01
1.220099999999999962e+00,2.901547945494131753e-01
1.220399999999999929e+00,2.936311775669775415e-01
1.221000000000000085e+00,2.880422020362638502e-01
1.221500000000000030e+00,2.838407015809418232e-01
1.221799999999999997e+00,2.825174277726338889e-01
1.222399999999999931e+00,2.773395834992952724e-01
1.223000000000000087e+00,2.709623874153066492e-01
1.223500000000000032e+00,2.736728369923113746e-01
1.223799999999999999e+00,2.715429875727059517e-01
1.224399999999999933e+00,2.721396582439105649e-01
1.225000000000000089e+00,2.647125040844422461e-01
1.225600000000000023e+00,2.625922484872367235e-01
1.226099999999999968e+00,2.553502898444703906e-01
1.226699999999999902e+00,2.491254391628883458e-01
1.227300000000000058e+00,2.471148337035455333e-01
1.227899999999999991e+00,2.549131545670479948e-01
1.228499999999999925e+00,2.627131036309082734e-01
1.229100000000000081e+00,2.656156377350870623e-01
1.229400000000000048e+00,2.698908159093371117e-01
1.229899999999999993e+00,2.703897928330056266e-01
1.230199999999999960e+00,2.655668321804860454e-01
1.230799999999999894e+00,2.629988513935831995e-01
1.231300000000000061e+00,2.728123299677886471e-01
1.231999999999999984e+00,2.759675120489479827e-01
1.232299999999999951e+00,2.775106448116326230e-01
1.232599999999999918e+00,2.859401077981449379e-01
1.233200000000000074e+00,2.826222119844967740e-01
1.233800000000000008e+00,2.729143258423116780e-01
1.234399999999999942e+00,2.736063565283985977e-01
1.235000000000000098e+00,2.702358354000921614e-01
1.235800000000000010e+00,2.717907847521450204e-01
1.236099999999999977e+00,2.809573151507638311e-01
1.237100000000000088e+00,2.924574661844492329e-01
1.237600000000000033e+00,3.078928141542192076e-01
1.238199999999999967e+00,3.231769702505260522e-01
1.238499999999999934e+00,3.212185144363377542e-01
1.239100000000000090e+00,3.171616354563633333e-01
1.239700000000000024e+00,3.064915285744274076e-01
1.239999999999999991e+00,2.900634002628299513e-01
1.240499999999999936e+00,2.777556951294468113e-01
1.241100000000000092e+00,2.719856092769956102e-01
1.241600000000000037e+00,2.691216778077942795e-01
1.242099999999999982e+00,2.697114993360771873e-01
1.242599999999999927e+00,2.859594200793624807e-01
1.242899999999999894e+00,3.015477267648292159e-01
1.243400000000000061e+00,3.173543706724857305e-01
1.244099999999999984e+00,3.274532442976152424e-01
1.244699999999999918e+00,3.415367455211759662e-01
1.245300000000000074e+00,3.405626078073498153e-01
1.245600000000000041e+00,3.315422464189599072e-01
1.246099999999999985e+00,3.235133061552097899e-01
1.246699999999999919e+00,3.182343417512700223e-01
1.247000000000000108e+00,3.036161798036817738e-01
1.247900000000000009e+00,2.912846777020072775e-01
1.248199999999999976e+00,2.911720801379601986e-01
1.248799999999999910e+00,2.985932718840855760e-01
1.249400000000000066e+00,3.081711835301037539e-01
1.249700000000000033e+00,3.242807024728111553e-01
1.250299999999999967e+00,3.303983052466163972e-01
1.250899999999999901e+00,3.356738214471688408e-01
1.251200000000000090e+00,3.354187664905705635e-01
1.251800000000000024e+00,3.313728415860195398e-01
1.252399999999999958e+00,3.305603449960136664e-01
1.252899999999999903e+00,3.328635268629021038e-01
1.253500000000000059e+00,3.287242583088800241e-01
1.254000000000000004e+00,3.249911060138066521e-01
1.254299999999999971e+00,3.263587864632555569e-01
1.254999999999999893e+00,3.212239979305520077e-01
1.255300000000000082e+00,3.176079957140109378e-01
1.255900000000000016e+00,3.171356652292877665e-01
1.256599999999999939e+00,3.167603421500042038e-01
1.257100000000000106e+00,3.149456103163084109e-01
1.257500000000000062e+00,3.090559151103266511e-01
1.258000000000000007e+00,3.066113813748871930e-01
1.258599999999999941e+00,2.992248731908985770e-01
1.258899999999999908e+00,2.935026058459289100e-01
1.259700000000000042e+00,2.847166829139690658e-01
1.260099999999999998e+00,2.800886755738296596e-01
1.260999999999999899e+00,2.779837057115253085e-01
1.261300000000000088e+00,2.808985612168246604e-01
1.261900000000000022e+00,2.840463445136209852e-01
1.262499999999999956e+00,2.909821658958477997e-01
1.262799999999999923e+00,2.975982406178167561e-01
1.263400000000000079e+00,2.996577124980681628e-01
1.264000000000000012e+00,2.973723964377894546e-01
1.264299999999999979e+00,2.936896034511115583e-01
1.264599999999999946e+00,2.929192807393787845e-01
1.265200000000000102e+00,2.999181802992856305e-01
1.265900000000000025e+00,3.051714788854253957e-01
1.266399999999999970e+00,3.143332106930762371e-01
1.267099999999999893e+00,3.247655443533437047e-01
1.267600000000000060e+00,3.263030836170299764e-01
1.268100000000000005e+00,3.228851792202991344e-01
1.268799999999999928e+00,3.194634339992463712e-01
1.268999999999999906e+00,3.181252699008252360e-01
1.269900000000000029e+00,3.094576606943488239e-01
1.270499999999999963e+00,3.061483942923282076e-01
1.270799999999999930e+00,3.107026692572600335e-01
1.271500000000000075e+00,3.141970842879249215e-01
1.272100000000000009e+00,3.187509365076846013e-01
1.272699999999999942e+00,3.292744872762654040e-01
1.272999999999999909e+00,3.448126511268500560e-01
1.273600000000000065e+00,3.543000660466422147e-01
1.273800000000000043e+00,3.657299022807880551e-01
1.274399999999999977e+00,3.733057283400475490e-01
1.275099999999999900e+00,3.762046482014291815e-01
1.275700000000000056e+00,3.740330189644358594e-01
1.276299999999999990e+00,3.629070647498433000e-01
1.276599999999999957e+00,3.511398856231883747e-01
1.277500000000000080e+00,3.396353325019218494e-01
1.277800000000000047e+00,3.278177277216132168e-01
1.278399999999999981e+00,3.178962092692516617e-01
1.278999999999999915e+00,3.167664178466177982e-01
1.279500000000000082e+00,3.237300461805835972e-01
1.280100000000000016e+00,3.310213469948119491e-01
1.280599999999999961e+00,3.396541890637904682e-01
1.280999999999999917e+00,3.489465428907511657e-01
1.281500000000000083e+00,3.570416352949290495e-01
1.282200000000000006e+00,3.616795425614982573e-01
1.282799999999999940e+00,3.610234226825192461e-01
1.283400000000000096e+00,3.568608508608427932e-01
1.283600000000000074e+00,3.497507250271880697e-01
1.284200000000000008e+00,3.439181543718472511e-01
1.284799999999999942e+00,3.349689904408326147e-01
1.285400000000000098e+00,3.354084168827353163e-01
1.286100000000000021e+00,3.455195356566453935e-01
1.286699999999999955e+00,3.514839712620598244e-01
1.287300000000000111e+00,3.504466230452884523e-01
1.287600000000000078e+00,3.499202494844366740e-01
1.288499999999999979e+00,3.467798090489582208e-01
1.288799999999999946e+00,3.435912963634091266e-01
1.289400000000000102e+00,3.454231551641695486e-01
1.290000000000000036e+00,3.545106508484629493e-01
1.290499999999999980e+00,3.674428025168807732e-01
1.291099999999999914e+00,3.806547698925732970e-01
1.291600000000000081e+00,3.884612784238450356e-01
1.292300000000000004e+00,3.975149812363010238e-01
1.292799999999999949e+00,4.105249982172564649e-01
1.293099999999999916e+00,4.141860385448203341e-01
1.293700000000000072e+00,4.116276357069036940e-01
1.294200000000000017e+00,4.119342744934883505e-01
1.294599999999999973e+00,4.130507512622993982e-01
1.295199999999999907e+00,4.049279486828538666e-01
1.295800000000000063e+00,4.012812696757561692e-01
1.296399999999999997e+00,3.998870784327468453e-01
1.297099999999999920e+00,3.921468680950812025e-01
1.297400000000000109e+00,3.848137520867667138e-01
1.298000000000000043e+00,3.810557046535233972e-01
1.298599999999999977e+00,3.767391889131233018e-01
1.299099999999999921e+00,3.803628367554689471e-01
1.299600000000000088e+00,3.819282786127209395e-01
1.300599999999999978e+00,3.787569012503343990e-01
1.301299999999999901e+00,3.754453326237949251e-01
1.301600000000000090e+00,3.752785140492809202e-01
1.302300000000000013e+00,3.666921621298146472e-01
1.302899999999999947e+00,3.638649440163032600e-01
1.303399999999999892e+00,3.588108057533956341e-01
1.303700000000000081e+00,3.632959366817211655e-01
1.304599999999999982e+00,3.679566194220174058e-01
1.305199999999999916e+00,3.762289940034690972e-01
1.305500000000000105e+00,3.865811274084129945e-01
1.306100000000000039e+00,4.027276178975014442e-01
1.306699999999999973e+00,4.058975128151708911e-01
1.307299999999999907e+00,4.062672157695323416e-01
1.307800000000000074e+00,4.090365881964641570e-01
1.308400000000000007e+00,4.092312174874845332e-01
1.308999999999999941e+00,4.043948813159403688e-01
1.309600000000000097e+00,4.101211670354265593e-01
1.310200000000000031e+00,4.252468601845260654e-01
1.310799999999999965e+00,4.317171377465922055e-01
1.311299999999999910e+00,4.333774068959728165e-01
1.311900000000000066e+00,4.387213347595297908e-01
1.312200000000000033e+00,4.343875405671260292e-01
1.312799999999999967e+00,4.265853706764122233e-01
1.313299999999999912e+00,4.175681983881185388e-01
1.313900000000000068e+00,4.166517029258220428e-01
1.314200000000000035e+00,4.218717373266644421e-01
1.315099999999999936e+00,4.352454419898088012e-01
1.315700000000000092e+00,4.371723698420881821e-01
1.316000000000000059e+00,4.401361416089832890e-01
1.316500000000000004e+00,4.415813229502474346e-01
1.316999999999999948e+00,4.396630919634180734e-01
1.317499999999999893e+00,4.323847272347258741e-01
1.318000000000000060e+00,4.354038607778953907e-01
1.318500000000000005e+00,4.447774769139611895e-01
1.319399999999999906e+00,4.570326469871555108e-01
1.320000000000000062e+00,4.714576601833075364e-01
1.320699999999999985e+00,4.815464335716768129e-01
1.321299999999999919e+00,4.890682323627248418e-01
1.321800000000000086e+00,5.004919400869477508e-01
1.322400000000000020e+00,5.004318666174145669e-01
1.322899999999999965e+00,4.913178029247755041e-01
1.323499999999999899e+00,4.841824768020430714e-01
1.324300000000000033e+00,4.789720565689958298e-01
1.324600000000000000e+00,4.661019705354252363e-01
1.325199999999999934e+00,4.611573461865681178e-01
1.325700000000000101e+00,4.576436397946159196e-01
1.326300000000000034e+00,4.528571478673582007e-01
1.326899999999999968e+00,4.422282001848054089e-01
1.327199999999999935e+00,4.360666934344358814e-01
1.327800000000000091e+00,4.325477113437147803e-01
1.328400000000000025e+00,4.320922447570462732e-01
1.328999999999999959e+00,4.374228671766278165e-01
1.329199999999999937e+00,4.484144619448814928e-01
1.329800000000000093e+00,4.568227772333587899e-01
1.330400000000000027e+00,4.597799250660727921e-01
1.330699999999999994e+00,4.654318202890184164e-01
1.331299999999999928e+00,4.684638807900265434e-01
1.331900000000000084e+00,4.650145531825988221e-01
1.332500000000000018e+00,4.657989083511904216e-01
1.333299999999999930e+00,4.687059559027595412e-01
1.333599999999999897e+00,4.702104166676190355e-01
1.334200000000000053e+00,4.688271080471905772e-01
1.334500000000000020e+00,4.775753508029512151e-01
1.334999999999999964e+00,4.785894039727167648e-01
1.335700000000000109e+00,4.775653249977651615e-01
1.336500000000000021e+00,4.722635064158297591e-01
1.336999999999999966e+00,4.746754445250655485e-01
1.337599999999999900e+00,4.735233737701571854e-01
1.338000000000000078e+00,4.764399616002978344e-01
1.338600000000000012e+00,4.850519615645632054e-01
1.339499999999999913e+00,4.974166080057296213e-01
1.340000000000000080e+00,5.030920627280299762e-01
1.340600000000000014e+00,5.019473954759323675e-01
1.341199999999999948e+00,5.017301126036821657e-01
1.341699999999999893e+00,4.941339529318511392e-01
1.342400000000000038e+00,4.880615313512836617e-01
1.342700000000000005e+00,4.885463540371659530e-01
1.343499999999999917e+00,4.935407462658414346e-01
1.343900000000000095e+00,5.013122597252717139e-01
1.344400000000000039e+00,5.132105753147264693e-01
1.344999999999999973e+00,5.170762557965590256e-01
1.345199999999999951e+00,5.188994266702706692e-01
1.345800000000000107e+00,5.158436285240851626e-01
1.346500000000000030e+00,5.099840523126197844e-01
1.347199999999999953e+00,5.040035947134746674e-01
1.347800000000000109e+00,4.972174388034888981e-01
1.348400000000000043e+00,4.916385280462364782e-01
1.348999999999999977e+00,4.933075081670090234e-01
1.349299999999999944e+00,4.982234989703315242e-01
1.349800000000000111e+00,5.030050965898491544e-01
1.350400000000000045e+00,5.153295337850837265e-01
1.350899999999999990e+00,5.241540277739498155e-01
1.351599999999999913e+00,5.417641338811829410e-01
1.352200000000000069e+00,5.584749839926417270e-01
1.352400000000000047e+00,5.739012918820629583e-01
1.352999999999999980e+00,5.828616981240497541e-01
1.353599999999999914e+00,5.922725399043514694e-01
1.354100000000000081e+00,5.852107092629832419e-01
1.354700000000000015e+00,5.734520920513995756e-01
1.354899999999999993e+00,5.607153120712482508e-01
1.355499999999999927e+00,5.476867334308621604e-01
1.356100000000000083e+00,5.395119856360675037e-01
1.356400000000000050e+00,5.382278013410535245e-01
1.357399999999999940e+00,5.502899389903104233e-01
1.357900000000000107e+00,5.559239597158227575e-01
1.358500000000000041e+00,5.697475885296809928e-01
1.358800000000000008e+00,5.716888504181426578e-01
1.359299999999999953e+00,5.697133768339812665e-01
1.359900000000000109e+00,5.583429385386273758e-01
1.360500000000000043e+00,5.586709952493139619e-01
1.360999999999999988e+00,5.620213298757091858e-01
1.361599999999999921e+00,5.730413030108338912e-01
1.362200000000000077e+00,5.822510010689008197e-01
1.362400000000000055e+00,5.867832901823577529e-01
1.363099999999999978e+00,5.910050755270079836e-01
1.363599999999999923e+00,5.845473604337858564e-01
1.363899999999999890e+00,5.763810677700254015e-01
1.364500000000000046e+00,5.758716751219650209e-01
1.364999999999999991e+00,5.747280912266061748e-01
1.365599999999999925e+00,5.685236486283040680e-01
1.365799999999999903e+00,5.683256255656377043e-01
1.366400000000000059e+00,5.733107454120045521e-01
1.366900000000000004e+00,5.770909483879260726e-01
1.367499999999999938e+00,5.882318914390849418e-01
1.367799999999999905e+00,5.992102010857192074e-01
1.368700000000000028e+00,6.060488458548030088e-01
1.368999999999999995e+00,6.114067698489977776e-01
1.369599999999999929e+00,6.177849229505028017e-01
1.370200000000000085e+00,6.239407350880354919e-01
1.370500000000000052e+00,6.350510017716392008e-01
1.370999999999999996e+00,6.502354616813588173e-01
1.371299999999999963e+00,6.585837938280481030e-01
1.371899999999999897e+00,6.602071793385122511e-01
1.372500000000000053e+00,6.598917899539058496e-01
1.372999999999999998e+00,6.554711887121766889e-01
1.373399999999999954e+00,6.510613734569991040e-01
1.374200000000000088e+00,6.505991101501994445e-01
1.374400000000000066e+00,6.551022275988493959e-01
1.375000000000000000e+00,6.615305749674293967e-01
1.375599999999999934e+00,6.732729959474392789e-01
1.376100000000000101e+00,6.809872218929713394e-01
1.377099999999999991e+00,6.900935141254693761e-01
1.377699999999999925e+00,6.883937004104089263e-01
1.377899999999999903e+00,6.851379717562344762e-01
1.378200000000000092e+00,6.750815184455882800e-01
1.378700000000000037e+00,6.715045264665842062e-01
1.379299999999999971e+00,6.632088872757258002e-01
1.379899999999999904e+00,6.623324433191500882e-01
1.380800000000000027e+00,6.618515987746897977e-01
1.381099999999999994e+00,6.672632728596560314e-01
1.381599999999999939e+00,6.745085169704301276e-01
1.382100000000000106e+00,6.784190928924005437e-01
1.382800000000000029e+00,6.831248337127449055e-01
1.383299999999999974e+00,6.937865752570969713e-01
1.383899999999999908e+00,6.976082228604685298e-01
1.384500000000000064e+00,6.998675337011062147e-01
1.385099999999999998e+00,7.053806734747013474e-01
1.385999999999999899e+00,7.133575733669927921e-01
1.386300000000000088e+00,7.127239489720970100e-01
1.386900000000000022e+00,7.119051903980988527e-01
1.387399999999999967e+00,7.087860246554622545e-01
1.387899999999999912e+00,7.110092969023218412e-01
1.388500000000000068e+00,7.155284587967458698e-01
1.389100000000000001e+00,7.162001330704437230e-01
1.389699999999999935e+00,7.238749564450507323e-01
1.390300000000000091e+00,7.290724731043318751e-01
1.391000000000000014e+00,7.315602585036861116e-01
1.391499999999999959e+00,7.339984656257170226e-01
1.391799999999999926e+00,7.436329786619820803e-01
1.392400000000000082e+00,7.518466015957192550e-01
1.392700000000000049e+00,7.610792890810913480e-01
1.393299999999999983e+00,7.763968630580841968e-01
1.393799999999999928e+00,7.799164392158208781e-01
1.394400000000000084e+00,7.812384200867082962e-01
1.394900000000000029e+00,7.764534442755732790e-01
1.395199999999999996e+00,7.746867447139282881e-01
1.395799999999999930e+00,7.720064688718208945e-01
1.396300000000000097e+00,7.748303179994098233e-01
1.396900000000000031e+00,7.773916022610338761e-01
1.397399999999999975e+00,7.864408177080139950e-01
1.397999999999999909e+00,7.898975506001604252e-01
1.398700000000000054e+00,7.870707003029842053e-01
1.399100000000000010e+00,7.852918605019719722e-01
1.399699999999999944e+00,7.853603808641318462e-01
1.400300000000000100e+00,7.882624244279223813e-01
1.400900000000000034e+00,7.893764336922015623e-01
1.401699999999999946e+00,7.913430153619338547e-01
1.401999999999999913e+00,7.951996298244390360e-01
1.402500000000000080e+00,7.957943740127826349e-01
1.402800000000000047e+00,7.903776776130311266e-01
1.403299999999999992e+00,7.894769937527568171e-01
1.404199999999999893e+00,7.916975860808295185e-01
1.404800000000000049e+00,7.912608253182740192e-01
1.405699999999999950e+00,7.923205033463798230e-01
1.406300000000000106e+00,7.862181133555555812e-01
1.406600000000000072e+00,7.794044380798881289e-01
1.407100000000000017e+00,7.708793489291676515e-01
1.407399999999999984e+00,7.650772037545705562e-01
1.407899999999999929e+00,7.618872945225363402e-01
1.408500000000000085e+00,7.686803493844884816e-01
1.408800000000000052e+00,7.762694080915000239e-01
1.409299999999999997e+00,7.849096020276513652e-01
1.409899999999999931e+00,7.970364914000593881e-01
1.410500000000000087e+00,8.080863489870471206e-01
1.411100000000000021e+00,8.269786803416512289e-01
1.411499999999999977e+00,8.437107974224045126e-01
1.412099999999999911e+00,8.593546723267830867e-01
1.412700000000000067e+00,8.662872081963168824e-01
1.413200000000000012e+00,8.669788878995488002e-01
1.413499999999999979e+00,8.675230312818493772e-01
1.414299999999999891e+00,8.688634562897801228e-01
1.414600000000000080e+00,8.645998689771339230e-01
1.415200000000000014e+00,8.695211651846301848e-01
1.415499999999999980e+00,8.811470371297691617e-01
1.416299999999999892e+00,8.789511632653655981e-01
1.416800000000000059e+00,8.838109616465805729e-01
1.417200000000000015e+00,8.942930706193330526e-01
1.417799999999999949e+00,8.936352592509033688e-01
1.418099999999999916e+00,8.913273797708776147e-01
1.418700000000000072e+00,8.956600835216554923e-01
1.419000000000000039e+00,8.984507553874709895e-01
1.419599999999999973e+00,8.994198725609280354e-01
1.420099999999999918e+00,9.051072996438258578e-01
1.420700000000000074e+00,9.136885893873425424e-01
1.421300000000000008e+00,9.225221396205751656e-01
1.421499999999999986e+00,9.344041969980276807e-01
1.422299999999999898e+00,9.405572291174013611e-01
1.422500000000000098e+00,9.524298909457962203e-01
1.423100000000000032e+00,9.557032878931825959e-01
1.423699999999999966e+00,9.590643641327323277e-01
1.423999999999999932e+00,9.580738943790190199e-01
1.424600000000000088e+00,9.634250590584425566e-01
1.424900000000000055e+00,9.690849048446537051e-01
1.425499999999999989e+00,9.816547013263843269e-01
1.425999999999999934e+00,9.924741558148296727e-01
1.426600000000000090e+00,9.982191220706004842e-01
1.427200000000000024e+00,1.000985611696595390e+00
1.427799999999999958e+00,1.002635659097804721e+00
1.428099999999999925e+00,1.001488936714370892e+00
1.428800000000000070e+00,1.003273318224141564e+00
1.429100000000000037e+00,9.951664887150613037e-01
1.429699999999999971e+00,9.912032799860859278e-01
1.429999999999999938e+00,9.841344246983041444e-01
1.430500000000000105e+00,9.815544180513680050e-01
1.431000000000000050e+00,9.786125253929967016e-01
1.431599999999999984e+00,9.882031802588298053e-01
1.431799999999999962e+00,1.001445370250598765e+00
1.432500000000000107e+00,1.012139494432630071e+00
1.432800000000000074e+00,1.013450449857677960e+00
1.433100000000000041e+00,1.016702648888037075e+00
1.433599999999999985e+00,1.019582116890686008e+00
1.434199999999999919e+00,1.021586007581568589e+00
1.434800000000000075e+00,1.024937622616793886e+00
1.435000000000000053e+00,1.036408168204053792e+00
1.435599999999999987e+00,1.045407824608600711e+00
1.436199999999999921e+00,1.052547942135829695e+00
1.436500000000000110e+00,1.063362940783852961e+00
1.437200000000000033e+00,1.076043310712374579e+00
1.437699999999999978e+00,1.087100857710134871e+00
1.438299999999999912e+00,1.098347558774193100e+00
1.438800000000000079e+00,1.108211758901468391e+00
1.439100000000000046e+00,1.109344571280092007e+00
1.439599999999999991e+00,1.109520410753905839e+00
1.439899999999999958e+00,1.106400090282455562e+00
1.440499999999999892e+00,1.102267287710068100e+00
1.440800000000000081e+00,1.104631630478581927e+00
1.441400000000000015e+00,1.110130586965129007e+00
1.441999999999999948e+00,1.119210907135349542e+00
1.442299999999999915e+00,1.126276804211959748e+00
1.442900000000000071e+00,1.133191014783264672e+00
1.443500000000000005e+00,1.134529687877862125e+00
1.443799999999999972e+00,1.135574565514776424e+00
1.444099999999999939e+00,1.131731939537082843e+00
1.444600000000000106e+00,1.132346625426494668e+00
1.445200000000000040e+00,1.135247648428319156e+00
1.445799999999999974e+00,1.135413806832298311e+00
1.446399999999999908e+00,1.132703145312053961e+00
1.447000000000000064e+00,1.135239243595933534e+00
1.447200000000000042e+00,1.137006815139784965e+00
1.447799999999999976e+00,1.138028085179154658e+00
1.448399999999999910e+00,1.147245950636199829e+00
1.448700000000000099e+00,1.160550188246959324e+00
1.449300000000000033e+00,1.175062182399435606e+00
1.449899999999999967e+00,1.184916054557951792e+00
1.450199999999999934e+00,1.189493771803498134e+00
1.450800000000000090e+00,1.193598084884005539e+00
1.451300000000000034e+00,1.190614397947878933e+00
1.451600000000000001e+00,1.189726809918415507e+00
1.452199999999999935e+00,1.195990294679819543e+00
1.452499999999999902e+00,1.209061051673788745e+00
1.453000000000000069e+00,1.224132703483152840e+00
1.453600000000000003e+00,1.243797981521080898e+00
1.454099999999999948e+00,1.260029320903076622e+00
1.454399999999999915e+00,1.277033306023022119e+00
1.454900000000000082e+00,1.292034152467760322e+00
1.455500000000000016e+00,1.295951461326161347e+00
1.455799999999999983e+00,1.300860241584546051e+00
1.456700000000000106e+00,1.300293187675438666e+00
1.457300000000000040e+00,1.296403985812935034e+00
1.457600000000000007e+00,1.293459621019843464e+00
1.458099999999999952e+00,1.298985901407035959e+00
1.458800000000000097e+00,1.295015472310148130e+00
1.459300000000000042e+00,1.294845325051918739e+00
1.459600000000000009e+00,1.299656798157413640e+00
1.460199999999999942e+00,1.295546884838295609e+00
1.460499999999999909e+00,1.296756980542491666e+00
1.461000000000000076e+00,1.299773557278394165e+00
1.461300000000000043e+00,1.300334518062609135e+00
1.461899999999999977e+00,1.298484078237353012e+00
1.462199999999999944e+00,1.306670541675604147e+00
1.462699999999999889e+00,1.307922136062903418e+00
1.463400000000000034e+00,1.321135069524693728e+00
1.463700000000000001e+00,1.333701268781128935e+00
1.464299999999999935e+00,1.351131209873792649e+00
1.464499999999999913e+00,1.362775573512112759e+00
1.465200000000000058e+00,1.375561739152544316e+00
1.465700000000000003e+00,1.385471456493705400e+00
1.466599999999999904e+00,1.394024227712175046e+00
1.467200000000000060e+00,1.397491714959507858e+00
1.467799999999999994e+00,1.406392433420388111e+00
1.468299999999999939e+00,1.416675619139994291e+00
1.469000000000000083e+00,1.421359951492284779e+00
1.469500000000000028e+00,1.432193412272131372e+00
1.469799999999999995e+00,1.439312598311149882e+00
1.470699999999999896e+00,1.450704964173769040e+00
1.471000000000000085e+00,1.461536740917089849e+00
1.471600000000000019e+00,1.474097622682638553e+00
1.471799999999999997e+00,1.484813531243414086e+00
1.472699999999999898e+00,1.497061031941192555e+00
1.473000000000000087e+00,1.497785822446865422e+00
1.473600000000000021e+00,1.501311904865409996e+00
1.473899999999999988e+00,1.503406680334332668e+00
1.474900000000000100e+00,1.509339808905275637e+00
1.475200000000000067e+00,1.518163186184362523e+00
1.475700000000000012e+00,1.533820453116787608e+00
1.476299999999999946e+00,1.544807779465531272e+00
1.476900000000000102e+00,1.557084212531757439e+00
1.477100000000000080e+00,1.564947939753372763e+00
1.477800000000000002e+00,1.576311714479307069e+00
1.478399999999999936e+00,1.577673680473734574e+00
1.478699999999999903e+00,1.583610394431390622e+00
1.479200000000000070e+00,1.588239019148230957e+00
1.479700000000000015e+00,1.596989476589929513e+00
1.479999999999999982e+00,1.604443066952900843e+00
1.480599999999999916e+00,1.613884118537581847e+00
1.480799999999999894e+00,1.619062298411076961e+00
1.481400000000000050e+00,1.623781904432075596e+00
1.481999999999999984e+00,1.630737861823828849e+00
1.482599999999999918e+00,1.643451899741715794e+00
1.482900000000000107e+00,1.655078176968918235e+00
1.483500000000000041e+00,1.668378155019329956e+00
1.484199999999999964e+00,1.686254853701109058e+00
1.484799999999999898e+00,1.693527263541553252e+00
1.485200000000000076e+00,1.693241288166922320e+00
1.485800000000000010e+00,1.700271944585359796e+00
1.485999999999999988e+00,1.704768314060854939e+00
1.486599999999999921e+00,1.712701048583038510e+00
1.486900000000000110e+00,1.722760549578705724e+00
1.487500000000000044e+00,1.728428676240625350e+00
1.488099999999999978e+00,1.732557429968837326e+00
1.488399999999999945e+00,1.735142217852844171e+00
1.489000000000000101e+00,1.732044797989469309e+00
1.489500000000000046e+00,1.743507605009856354e+00
1.489900000000000002e+00,1.756461132497167954e+00
1.490399999999999947e+00,1.777074182984230699e+00
1.490699999999999914e+00,1.807247097253831258e+00
1.491300000000000070e+00,1.834278251362650991e+00
1.491999999999999993e+00,1.850306933720986535e+00
1.492599999999999927e+00,1.872959305284223053e+00
1.493200000000000083e+00,1.883198890311604812e+00
1.493500000000000050e+00,1.884271349292395703e+00
1.493999999999999995e+00,1.894174080269568350e+00
1.494599999999999929e+00,1.898253916870904501e+00
1.494899999999999896e+00,1.896497294074094286e+00
1.495400000000000063e+00,1.892684727000242262e+00
1.496099999999999985e+00,1.900569111298324732e+00
1.496399999999999952e+00,1.909357219603976530e+00
1.496799999999999908e+00,1.924282600428015577e+00
1.497100000000000097e+00,1.938993452871160539e+00
1.497700000000000031e+00,1.967567880183372919e+00
1.498299999999999965e+00,1.983677549361877457e+00
1.498499999999999943e+00,1.998200329228483341e+00
1.499200000000000088e+00,2.007590503418646755e+00
1.499500000000000055e+00,2.017225943776320474e+00
1.500000000000000000e+00,2.017540804340748117e+00
1.500699999999999923e+00,2.020217337487666409e+00
1.500999999999999890e+00,2.025261101579466594e+00
1.501600000000000046e+00,2.032780890338925506e+00
1.502099999999999991e+00,2.039987670654361818e+00
1.502399999999999958e+00,2.054236989136593028e+00
1.502799999999999914e+00,2.072706913251314287e+00
1.503500000000000059e+00,2.088904661416701725e+00
1.503700000000000037e+00,2.101465582520503972e+00
1.504299999999999971e+00,2.110663350843034802e+00
1.504999999999999893e+00,2.114379753847400956e+00
1.505600000000000049e+00,2.118062712349043863e+00
1.505900000000000016e+00,2.116828535312227366e+00
1.506499999999999950e+00,2.126961923741983451e+00
1.507100000000000106e+00,2.140125697101395996e+00
1.507300000000000084e+00,2.157816261684209813e+00
1.507900000000000018e+00,2.174595573559704231e+00
1.508199999999999985e+00,2.194227651508562360e+00
1.508799999999999919e+00,2.208570087198352461e+00
1.509400000000000075e+00,2.217487613645068301e+00
1.510000000000000009e+00,2.224614633644791173e+00
1.510399999999999965e+00,2.232215888681442717e+00
1.510899999999999910e+00,2.238745792869925921e+00
1.511100000000000110e+00,2.249459570078385706e+00
1.511600000000000055e+00,2.265914257735260673e+00
1.512199999999999989e+00,2.287159426234142146e+00
1.512399999999999967e+00,2.309479092778428999e+00
1.513099999999999890e+00,2.329417430752960261e+00
1.513400000000000079e+00,2.347911608354541713e+00
1.514000000000000012e+00,2.365863324757522257e+00
1.514299999999999979e+00,2.373407668894851330e+00
1.514899999999999913e+00,2.384837428051346020e+00
1.515500000000000069e+00,2.397247944736085934e+00
1.515800000000000036e+00,2.403533936266302184e+00
1.516299999999999981e+00,2.414423581931917973e+00
1.516899999999999915e+00,2.430734894447037497e+00
1.517600000000000060e+00,2.439745981646783690e+00
1.517900000000000027e+00,2.454488846266730029e+00
1.518399999999999972e+00,2.468673923142070681e+00
1.518699999999999939e+00,2.487794349511214254e+00
1.519600000000000062e+00,2.516549588396367110e+00
1.519900000000000029e+00,2.540948592356234492e+00
1.520499999999999963e+00,2.568929771531867079e+00
1.520799999999999930e+00,2.605809787197823635e+00
1.521700000000000053e+00,2.638256238387398867e+00
1.521900000000000031e+00,2.661237219727941916e+00
1.522499999999999964e+00,2.683625690111797191e+00
1.523200000000000109e+00,2.701161271838060429e+00
1.523700000000000054e+00,2.713072386870964969e+00
1.524000000000000021e+00,2.724643892047101446e+00
1.524699999999999944e+00,2.736607922920882618e+00
1.525199999999999889e+00,2.759679690015199860e+00
1.525800000000000045e+00,2.780220979807095372e+00
1.526100000000000012e+00,2.802993403232814984e+00
1.526999999999999913e+00,2.825586188970747870e+00
1.527300000000000102e+00,2.852831039747708353e+00
1.527900000000000036e+00,2.881229928787672812e+00
1.528200000000000003e+00,2.916528819479625501e+00
1.528799999999999937e+00,2.949718648288248701e+00
1.529300000000000104e+00,2.982875456365718936e+00
1.529900000000000038e+00,3.013020626336376573e+00
1.530399999999999983e+00,3.033175913055852213e+00
1.530999999999999917e+00,3.042176189683998278e+00
1.531300000000000106e+00,3.053848197260151665e+00
1.531900000000000039e+00,3.060316970568275341e+00
1.532200000000000006e+00,3.070035147672428799e+00
1.532799999999999940e+00,3.089477413412562434e+00
1.533400000000000096e+00,3.115314780641615933e+00
1.533700000000000063e+00,3.139008761834233496e+00
1.534299999999999997e+00,3.167819108502306413e+00
1.534499999999999975e+00,3.196510989081775556e+00
1.535099999999999909e+00,3.225402351623301911e+00
1.535700000000000065e+00,3.251929440658413384e+00
1.536000000000000032e+00,3.277133679766008889e+00
1.536899999999999933e+00,3.298374648941920562e+00
1.537199999999999900e+00,3.314223312164411350e+00
1.537800000000000056e+00,3.327920927910510418e+00
1.538399999999999990e+00,3.350179086179658761e+00
1.538599999999999968e+00,3.374229047097557554e+00
1.539299999999999891e+00,3.403465757992747420e+00
1.539700000000000069e+00,3.427157801540322346e+00
1.540300000000000002e+00,3.454783506820561900e+00
1.540599999999999969e+00,3.481340955772889600e+00
1.540899999999999936e+00,3.511393912013010432e+00
1.541800000000000059e+00,3.542890918468852846e+00
1.542300000000000004e+00,3.585616256575747673e+00
1.542599999999999971e+00,3.621694682323027159e+00
1.543199999999999905e+00,3.657180815434118770e+00
1.543800000000000061e+00,3.686283251937014782e+00
1.544100000000000028e+00,3.715038725189272473e+00
1.544599999999999973e+00,3.745779314684449801e+00
1.544899999999999940e+00,3.776974340951661624e+00
1.545400000000000107e+00,3.804444000835574879e+00
1.545700000000000074e+00,3.837603659123808075e+00
1.546300000000000008e+00,3.869762349071741436e+00
1.546699999999999964e+00,3.898101768225192831e+00
1.547400000000000109e+00,3.923601839190686835e+00
1.547600000000000087e+00,3.956946874071262776e+00
1.548200000000000021e+00,3.989851597248908810e+00
1.548499999999999988e+00,4.023740707351160850e+00
1.549099999999999921e+00,4.061616083729442828e+00
1.549299999999999899e+00,4.103078029477557287e+00
1.549900000000000055e+00,4.136763920691916674e+00
1.550200000000000022e+00,4.176560352870745341e+00
1.550799999999999956e+00,4.216042960620213442e+00
1.551099999999999923e+00,4.251157025755847307e+00
1.551600000000000090e+00,4.292220438782275771e+00
1.551800000000000068e+00,4.344617852628728016e+00
1.552100000000000035e+00,4.385319806939625309e+00
1.552899999999999947e+00,4.424380038949224492e+00
1.553199999999999914e+00,4.463603812148095429e+00
1.553800000000000070e+00,4.504837045314486588e+00
1.554100000000000037e+00,4.537895731143367861e+00
1.554799999999999960e+00,4.577992914215483822e+00
1.555099999999999927e+00,4.620085118867343077e+00
1.555800000000000072e+00,4.663032921868524916e+00
1.556000000000000050e+00,4.704538020582280211e+00
1.556400000000000006e+00,4.747592142117577296e+00
1.556999999999999940e+00,4.794485720584359179e+00
1.557500000000000107e+00,4.841068726262401256e+00
1.557800000000000074e+00,4.891386973496295809e+00
1.558100000000000041e+00,4.949113039639726708e+00
1.558699999999999974e+00,5.006617234368794023e+00
1.559299999999999908e+00,5.068808985586386484e+00
1.559500000000000108e+00,5.140481233899751423e+00
1.560200000000000031e+00,5.218618205840853896e+00
1.560400000000000009e+00,5.282197047807234647e+00
1.561099999999999932e+00,5.347228647183747796e+00
1.561399999999999899e+00,5.406011587385934014e+00
1.562000000000000055e+00,5.453194592246331851e+00
1.562599999999999989e+00,5.503565082806346709e+00
1.563199999999999923e+00,5.558571670394377939e+00
1.563499999999999890e+00,5.620139611918625100e+00
1.564000000000000057e+00,5.688105012059479826e+00
1.564300000000000024e+00,5.762591670387744003e+00
1.564799999999999969e+00,5.835095399828253093e+00
1.564999999999999947e+00,5.913510227492646543e+00
1.565299999999999914e+00,6.005042049499269119e+00
1.565800000000000081e+00,6.091114538521737565e+00
1.566400000000000015e+00,6.193301219262897561e+00
1.567099999999999937e+00,6.292599350016248039e+00
1.567399999999999904e+00,6.393087191831350324e+00
1.568000000000000060e+00,6.482409680004727726e+00
1.568300000000000027e+00,6.577370306952990298e+00
1.568799999999999972e+00,6.667237796817925499e+00
1.569099999999999939e+00,6.762698759811699212e+00
1.569700000000000095e+00,6.860559195617788042e+00
1.570000000000000062e+00,6.995466408793657997e+00
1.570599999999999996e+00,7.134603878563433810e+00
1.570799999999999974e+00,7.282459367445107468e+00
1.571499999999999897e+00,7.433034483688498284e+00
1.572400000000000020e+00,7.590586625340486115e+00
1.572699999999999987e+00,7.722206868226652254e+00
1.573299999999999921e+00,7.868731416236230736e+00
1.573900000000000077e+00,8.011810212843819556e+00
1.574200000000000044e+00,8.166058151893690109e+00
1.574699999999999989e+00,8.329986692778257762e+00
1.574999999999999956e+00,8.502581114674566010e+00
1.575599999999999890e+00,8.669631491567132642e+00
1.575900000000000079e+00,8.848071020455957836e+00
1.576400000000000023e+00,9.023419269903675044e+00
1.576699999999999990e+00,9.229538753927936767e+00
1.577299999999999924e+00,9.444324940455842921e+00
1.577499999999999902e+00,9.672256492601722044e+00
1.578100000000000058e+00,9.913412714060466868e+00
1.578699999999999992e+00,1.017232102897950519e+01
1.578999999999999959e+00,1.040427961663849210e+01
1.579599999999999893e+00,1.063866000628448738e+01
1.579900000000000082e+00,1.087338028976998139e+01
1.580200000000000049e+00,1.110528646666737096e+01
1.580799999999999983e+00,1.134981822186555256e+01
1.580999999999999961e+00,1.161780820853827123e+01
1.581299999999999928e+00,1.188540399030109640e+01
1.581800000000000095e+00,1.217350926039147296e+01
1.582100000000000062e+00,1.247280203991209291e+01
1.582400000000000029e+00,1.277632151800052540e+01
1.582899999999999974e+00,1.307809601917727704e+01
1.583299999999999930e+00,1.338950340336795541e+01
1.583599999999999897e+00,1.369409860756763031e+01
1.584200000000000053e+00,1.400583058092447963e+01
1.584500000000000020e+00,1.435022602984031970e+01
1.584799999999999986e+00,1.467794145277232687e+01
1.585399999999999920e+00,1.501089320935199112e+01
1.585599999999999898e+00,1.534402516275387818e+01
1.586200000000000054e+00,1.566849372445021515e+01
1.586799999999999988e+00,1.595196128315268425e+01
1.586999999999999966e+00,1.624280370869015044e+01
1.587499999999999911e+00,1.651280832662558495e+01
1.587900000000000089e+00,1.679092977137301901e+01
1.588400000000000034e+00,1.705306904417728475e+01
1.588700000000000001e+00,1.729814792682048363e+01
1.589299999999999935e+00,1.753016697011753777e+01
1.590000000000000080e+00,1.774750503946307134e+01
1.590300000000000047e+00,1.792121676816586273e+01
1.590899999999999981e+00,1.807872060035818862e+01
1.591099999999999959e+00,1.821052204123184026e+01
1.591599999999999904e+00,1.831193072994612336e+01
1.591900000000000093e+00,1.838627377738965762e+01
1.592500000000000027e+00,1.843611011471020689e+01
1.593099999999999961e+00,1.845223808157716050e+01
1.593499999999999917e+00,1.845183388568816341e+01
1.594100000000000072e+00,1.844926479873495495e+01
1.594400000000000039e+00,1.844246397010555683e+01
1.594999999999999973e+00,1.843834108256796611e+01
1.595299999999999940e+00,1.844772728728684896e+01
1.595699999999999896e+00,1.846405824473951540e+01
1.596400000000000041e+00,1.848108612558961283e+01
1.596700000000000008e+00,1.849763037129869403e+01
1.597299999999999942e+00,1.851668633048270962e+01
1.597900000000000098e+00,1.853081207849001544e+01
1.598200000000000065e+00,1.853709966547191712e+01
1.598600000000000021e+00,1.854101337710552855e+01
1.599199999999999955e+00,1.855488423074498172e+01
1.599800000000000111e+00,1.856775335112925163e+01
1.600100000000000078e+00,1.858414181647824748e+01
1.600700000000000012e+00,1.860384821263308908e+01
1.600999999999999979e+00,1.862804611038772507e+01
1.601599999999999913e+00,1.864890592584562512e+01
1.601900000000000102e+00,1.866854923057803362e+01
1.602200000000000069e+00,1.868306346875795754e+01
1.602999999999999980e+00,1.870884252487607213e+01
1.603299999999999947e+00,1.872629229313182009e+01
1.603799999999999892e+00,1.874477091833257703e+01
1.604100000000000081e+00,1.876722465346113466e+01
1.604600000000000026e+00,1.879445321389935941e+01
1.605299999999999949e+00,1.880925742263585931e+01
1.605900000000000105e+00,1.883510086131797578e+01
1.606100000000000083e+00,1.885879253272512557e+01
1.606700000000000017e+00,1.887920949669908310e+01
1.607199999999999962e+00,1.889735015164378495e+01
1.607499999999999929e+00,1.892207873472582591e+01
1.608100000000000085e+00,1.894048729144313370e+01
1.608700000000000019e+00,1.895865660602593650e+01
1.608999999999999986e+00,1.897835617390281726e+01
1.609299999999999953e+00,1.900195991647349913e+01
1.609599999999999920e+00,1.902229195188336064e+01
1.610200000000000076e+00,1.904092721701559299e+01
1.610700000000000021e+00,1.906206777735772562e+01
1.611299999999999955e+00,1.908617311010274520e+01
1.611599999999999921e+00,1.911170818369913604e+01
1.612100000000000088e+00,1.913872364336335963e+01
1.612400000000000055e+00,1.916645733995914114e+01
1.612900000000000000e+00,1.919429069390162468e+01
1.613199999999999967e+00,1.922271113223664685e+01
1.613699999999999912e+00,1.925116247160412897e+01
1.614000000000000101e+00,1.927609697070672468e+01
1.614600000000000035e+00,1.930048298012849983e+01
1.614900000000000002e+00,1.932595441535568526e+01
1.615299999999999958e+00,1.934938254617619435e+01
1.615599999999999925e+00,1.937684296260806960e+01
1.616300000000000070e+00,1.940662689292143384e+01
1.616500000000000048e+00,1.944023407153785143e+01
1.617099999999999982e+00,1.946969700726815233e+01
1.617799999999999905e+00,1.949523006460637475e+01
1.618100000000000094e+00,1.951498741667077041e+01
1.618600000000000039e+00,1.954430176549282905e+01
1.618900000000000006e+00,1.957130248498774705e+01
1.619399999999999951e+00,1.960803084702874699e+01
1.619599999999999929e+00,1.965311174927770566e+01
1.620100000000000096e+00,1.969600867349312168e+01
1.620500000000000052e+00,1.973091282090454612e+01
1.621099999999999985e+00,1.976339553657199843e+01
1.621399999999999952e+00,1.979001570154753153e+01
1.621699999999999919e+00,1.981670766274480400e+01
1.622300000000000075e+00,1.984754717791269130e+01
1.622500000000000053e+00,1.987717221288872338e+01
1.623099999999999987e+00,1.991464113259557323e+01
1.623399999999999954e+00,1.995139086119398897e+01
1.624000000000000110e+00,1.998752589079248665e+01
1.624300000000000077e+00,2.002252878453223417e+01
1.624600000000000044e+00,2.005581563962709168e+01
1.625199999999999978e+00,2.009168229503493563e+01
1.625799999999999912e+00,2.012762585267820015e+01
1.626100000000000101e+00,2.015871757087629490e+01
1.626700000000000035e+00,2.018194549521214398e+01
1.627000000000000002e+00,2.021211972817785707e+01
1.627299999999999969e+00,2.023416948943831883e+01
1.627799999999999914e+00,2.025908901954754882e+01
1.628100000000000103e+00,2.028684406020618525e+01
1.628400000000000070e+00,2.033281824233180046e+01
1.629000000000000004e+00,2.037565537838551677e+01
1.629399999999999959e+00,2.042336860492615003e+01
1.629999999999999893e+00,2.047436923918339602e+01
1.630200000000000093e+00,2.053100078819052499e+01
1.630500000000000060e+00,2.057963328041309481e+01
1.631099999999999994e+00,2.062530687619773317e+01
1.631299999999999972e+00,2.066955176385796733e+01
1.631599999999999939e+00,2.072174931931570896e+01
1.632100000000000106e+00,2.077396572623381843e+01
1.632700000000000040e+00,2.082297648779292132e+01
1.633000000000000007e+00,2.087994143468916164e+01
1.633999999999999897e+00,2.094023863553784892e+01
1.634300000000000086e+00,2.098704523288025214e+01
1.634900000000000020e+00,2.103676353390499543e+01
1.635199999999999987e+00,2.109308564654286400e+01
1.635699999999999932e+00,2.115250276751879710e+01
1.635999999999999899e+00,2.120515530525245751e+01
1.636500000000000066e+00,2.125910110019168542e+01
1.636700000000000044e+00,2.131118885594397483e+01
1.637299999999999978e+00,2.135933874849968817e+01
1.637599999999999945e+00,2.140282308748952644e+01
1.637899999999999912e+00,2.144864434540182074e+01
1.638500000000000068e+00,2.149275862429058037e+01
1.639100000000000001e+00,2.154314956564491723e+01
1.639299999999999979e+00,2.159862111021917386e+01
1.639599999999999946e+00,2.165628264276227455e+01
1.640300000000000091e+00,2.171747583384950886e+01
1.640900000000000025e+00,2.178852803213764133e+01
1.641199999999999992e+00,2.185559316092924931e+01
1.641899999999999915e+00,2.191823179122994247e+01
1.642200000000000104e+00,2.197963968073900531e+01
1.642800000000000038e+00,2.204664625548689827e+01
1.643100000000000005e+00,2.210995117246272201e+01
1.643399999999999972e+00,2.216668618879638331e+01
1.643899999999999917e+00,2.222985585109762852e+01
1.644200000000000106e+00,2.229414247606629829e+01
1.644700000000000051e+00,2.235153049554154592e+01
1.645000000000000018e+00,2.241425260200043112e+01
1.645199999999999996e+00,2.247557118821684341e+01
1.645799999999999930e+00,2.253446992018517747e+01
1.646099999999999897e+00,2.258866224997002803e+01
1.646700000000000053e+00,2.264850513709658841e+01
1.647299999999999986e+00,2.270209384968672950e+01
1.647599999999999953e+00,2.276332593197757248e+01
1.647999999999999909e+00,2.282565001710677777e+01
1.648600000000000065e+00,2.289090500342821954e+01
1.649199999999999999e+00,2.295921009810372482e+01
1.649499999999999966e+00,2.303140466821133359e+01
1.649699999999999944e+00,2.309917623505451445e+01
1.649899999999999922e+00,2.316717954788530776e+01
1.650500000000000078e+00,2.323710586613219675e+01
1.650800000000000045e+00,2.329938747347502570e+01
1.651399999999999979e+00,2.336036191955950159e+01
1.651699999999999946e+00,2.342448023793103218e+01
1.651999999999999913e+00,2.349138694517005277e+01
1.652600000000000069e+00,2.356565734056761130e+01
1.652900000000000036e+00,2.364113756167929026e+01
1.653399999999999981e+00,2.371289658925078925e+01
1.653599999999999959e+00,2.378924684464110584e+01
1.653899999999999926e+00,2.385691995880169003e+01
1.654400000000000093e+00,2.392106342267289776e+01
1.654800000000000049e+00,2.398471622827684513e+01
1.655100000000000016e+00,2.405603111504597535e+01
1.655699999999999950e+00,2.412029347010779290e+01
1.655999999999999917e+00,2.418531256499977644e+01
1.656600000000000072e+00,2.425765941456972996e+01
1.656900000000000039e+00,2.432236556092157898e+01
1.657100000000000017e+00,2.438156048661098296e+01
1.657699999999999951e+00,2.444299225640094164e+01
1.657999999999999918e+00,2.450307875929395607e+01
1.658700000000000063e+00,2.455033185345557101e+01
1.659000000000000030e+00,2.460765044301534843e+01
1.659299999999999997e+00,2.466457534144083041e+01
1.659999999999999920e+00,2.473233454688264743e+01
1.660300000000000109e+00,2.479892752115758014e+01
1.660900000000000043e+00,2.486897827220377621e+01
1.661200000000000010e+00,2.493550366025184672e+01
1.661399999999999988e+00,2.501127183468095438e+01
1.661999999999999922e+00,2.507529019611052234e+01
1.662300000000000111e+00,2.514518333582410747e+01
1.662800000000000056e+00,2.522483531155297598e+01
1.663300000000000001e+00,2.530403200477709547e+01
1.663899999999999935e+00,2.537204867218452975e+01
1.664199999999999902e+00,2.544167321716219732e+01
1.664800000000000058e+00,2.551150644051042349e+01
1.665499999999999980e+00,2.556671316339591726e+01
1.665799999999999947e+00,2.561540715666471613e+01
1.666299999999999892e+00,2.566126520839235070e+01
1.666600000000000081e+00,2.570366349978887399e+01
1.666800000000000059e+00,2.574663716729291707e+01
1.667399999999999993e+00,2.578878803889838167e+01
1.667699999999999960e+00,2.583898244632085195e+01
1.668400000000000105e+00,2.588990680662872990e+01
1.668700000000000072e+00,2.593787726361047774e+01
1.668900000000000050e+00,2.598020338332387880e+01
1.669499999999999984e+00,2.602035236027931120e+01
1.669699999999999962e+00,2.605665533755671603e+01
1.670299999999999896e+00,2.609320997036608247e+01
1.670600000000000085e+00,2.612434675057411226e+01
1.670900000000000052e+00,2.615332434610520806e+01
1.671599999999999975e+00,2.618091086749645413e+01
1.671799999999999953e+00,2.620418417633002406e+01
1.672400000000000109e+00,2.622479326619254536e+01
1.672700000000000076e+00,2.624407782962195768e+01
1.672900000000000054e+00,2.626364733070353452e+01
1.673100000000000032e+00,2.628802121783867207e+01
1.673699999999999966e+00,2.631382968024561464e+01
1.673999999999999932e+00,2.633973965356495839e+01
1.674600000000000088e+00,2.636697133827473749e+01
1.674900000000000055e+00,2.639544846534610301e+01
1.675499999999999989e+00,2.642053913289390366e+01
1.675799999999999956e+00,2.644950332703500351e+01
1.676099999999999923e+00,2.648167597888464542e+01
1.676600000000000090e+00,2.651549488642872632e+01
1.676900000000000057e+00,2.654097917139107210e+01
1.677200000000000024e+00,2.656349593430522660e+01
1.677799999999999958e+00,2.658586503749191365e+01
1.678099999999999925e+00,2.660827205318936350e+01
1.678399999999999892e+00,2.663209822435687357e+01
1.679000000000000048e+00,2.665730930706624235e+01
1.679300000000000015e+00,2.668124261184356172e+01
1.679899999999999949e+00,2.669874651219350525e+01
1.680199999999999916e+00,2.671191723686007080e+01
1.680600000000000094e+00,2.672609905593410673e+01
1.681200000000000028e+00,2.674316242024332269e+01
1.681499999999999995e+00,2.676769630629205921e+01
1.681799999999999962e+00,2.679002710012068178e+01
1.682399999999999896e+00,2.681000073170276465e+01
1.683000000000000052e+00,2.683222814553654700e+01
1.683300000000000018e+00,2.685043158057433388e+01
1.683499999999999996e+00,2.685833085463369585e+01
1.684099999999999930e+00,2.687556549215014456e+01
1.684299999999999908e+00,2.689266962828148166e+01
1.684900000000000064e+00,2.690262288951092984e+01
1.685100000000000042e+00,2.691316895253185137e+01
1.685799999999999965e+00,2.693054389799599235e+01
1.686099999999999932e+00,2.693795474509994392e+01
1.686399999999999899e+00,2.694844555527911822e+01
1.687000000000000055e+00,2.696608030458376959e+01
1.687200000000000033e+00,2.698961294268428901e+01
1.687500000000000000e+00,2.701261408246048390e+01
1.688099999999999934e+00,2.704126275466014206e+01
1.688299999999999912e+00,2.706553454192916419e+01
1.688900000000000068e+00,2.708332439267057623e+01
1.689200000000000035e+00,2.709590031525962317e+01
1.689400000000000013e+00,2.710817781849086572e+01
1.689999999999999947e+00,2.711694507629715289e+01
1.690299999999999914e+00,2.712619133158879592e+01
1.690600000000000103e+00,2.714521069042218926e+01
1.691100000000000048e+00,2.716483410420704914e+01
1.691400000000000015e+00,2.717975523041548769e+01
1.692099999999999937e+00,2.719354530596293174e+01
1.692600000000000104e+00,2.721110199587822365e+01
1.692900000000000071e+00,2.721687883285081000e+01
1.693500000000000005e+00,2.722523450768106201e+01
1.694099999999999939e+00,2.723665146437997464e+01
1.694399999999999906e+00,2.724913655458795603e+01
1.694700000000000095e+00,2.725805304796024942e+01
1.695300000000000029e+00,2.726865239603424129e+01
1.695500000000000007e+00,2.727255454697371562e+01
1.695799999999999974e+00,2.727691641463792749e+01
1.696299999999999919e+00,2.728163417697821203e+01
1.696600000000000108e+00,2.729381350074134360e+01
1.697500000000000009e+00,2.731145005496957978e+01
1.697899999999999965e+00,2.733040354412493045e+01
1.698600000000000110e+00,2.735146815377972729e+01
1.699200000000000044e+00,2.737475170450705164e+01
1.699400000000000022e+00,2.739143633722299853e+01
1.699899999999999967e+00,2.740947136955010421e+01
1.700199999999999934e+00,2.742816331482470105e+01
1.700700000000000101e+00,2.744516276293710888e+01
1.701000000000000068e+00,2.746723867310098655e+01
1.701600000000000001e+00,2.748095471345248342e+01
1.702199999999999935e+00,2.748799072906283314e+01
1.702700000000000102e+00,2.749836422988977347e+01
1.703000000000000069e+00,2.751308436919706324e+01
1.703600000000000003e+00,2.751932681958380655e+01
1.704099999999999948e+00,2.753553166580503486e+01
1.704399999999999915e+00,2.755205784683653647e+01
1.704700000000000104e+00,2.756884860262522352e+01
1.705400000000000027e+00,2.758176708958339418e+01
1.705600000000000005e+00,2.759130279959727616e+01
1.705999999999999961e+00,2.760616669219349006e+01
1.706599999999999895e+00,2.762081265713256428e+01
1.706900000000000084e+00,2.763449991701939013e+01
1.707400000000000029e+00,2.764303154524417039e+01
1.707699999999999996e+00,2.765302359663751020e+01
1.708199999999999941e+00,2.766026919230042225e+01
1.708499999999999908e+00,2.766513740878079375e+01
1.708800000000000097e+00,2.767215509230237913e+01
1.709300000000000042e+00,2.768692393599112833e+01
1.709500000000000020e+00,2.770490210216830462e+01
1.710099999999999953e+00,2.771774825270637876e+01
1.710399999999999920e+00,2.772952448444027240e+01
1.711000000000000076e+00,2.774244227450631328e+01
1.711300000000000043e+00,2.775479469010905831e+01
1.711999999999999966e+00,2.776447900513647937e+01
1.712299999999999933e+00,2.777211734157490142e+01
1.712599999999999900e+00,2.778646812985397219e+01
1.713200000000000056e+00,2.780200828199104990e+01
1.713400000000000034e+00,2.781297663788720342e+01
1.713899999999999979e+00,2.782700758651781214e+01
1.714199999999999946e+00,2.784225342909549283e+01
1.714699999999999891e+00,2.785305216896419367e+01
1.714900000000000091e+00,2.785638204600853385e+01
1.715200000000000058e+00,2.786315168490627414e+01
1.715799999999999992e+00,2.786790253838192655e+01
1.716199999999999948e+00,2.787238752795889241e+01
1.716499999999999915e+00,2.787856288561645002e+01
1.717200000000000060e+00,2.788859741410942661e+01
1.717500000000000027e+00,2.789874516399178006e+01
1.717999999999999972e+00,2.790971476040750332e+01
1.718299999999999939e+00,2.792281786067562521e+01
1.718499999999999917e+00,2.793614112424092610e+01
1.719100000000000072e+00,2.794836900389907086e+01
1.719400000000000039e+00,2.795856236253557725e+01
1.719700000000000006e+00,2.796740599554510709e+01
1.720199999999999951e+00,2.797296901923349566e+01
1.720499999999999918e+00,2.797586156810621461e+01
1.721100000000000074e+00,2.798234479882168912e+01
1.721300000000000052e+00,2.799222556809991147e+01
1.721600000000000019e+00,2.800032756278894652e+01
1.722099999999999964e+00,2.800897575193519629e+01
1.722599999999999909e+00,2.801882897600973266e+01
1.722900000000000098e+00,2.802475894081403140e+01
1.723500000000000032e+00,2.802476662304960797e+01
1.723799999999999999e+00,2.802695114064803406e+01
1.723999999999999977e+00,2.803351074141253463e+01
1.724499999999999922e+00,2.803713350996270037e+01
1.724900000000000100e+00,2.804482483642095403e+01
1.725200000000000067e+00,2.805524458991319037e+01
1.725800000000000001e+00,2.807123307690975267e+01
1.726099999999999968e+00,2.808358210776195918e+01
1.726399999999999935e+00,2.810386955280023358e+01
1.727000000000000091e+00,2.811222618009773910e+01
1.727200000000000069e+00,2.812072404443914664e+01
1.727800000000000002e+00,2.812198471588006754e+01
1.728099999999999969e+00,2.812707211191069590e+01
1.728599999999999914e+00,2.812848887689402488e+01
1.729200000000000070e+00,2.813850890257556614e+01
1.729500000000000037e+00,2.814874803883125409e+01
1.729800000000000004e+00,2.815585888625263067e+01
1.730399999999999938e+00,2.816969482391466073e+01
1.730699999999999905e+00,2.817974174719869751e+01
1.731000000000000094e+00,2.819348964187196671e+01
1.731600000000000028e+00,2.820220059791472522e+01
1.731899999999999995e+00,2.821901456946031317e+01
1.732499999999999929e+00,2.823106208011298079e+01
1.732799999999999896e+00,2.824043943314567429e+01
1.733400000000000052e+00,2.824563256544492518e+01
1.733999999999999986e+00,2.824793739092151412e+01
1.734599999999999920e+00,2.824801967200968633e+01
1.734900000000000109e+00,2.824523889843421642e+01
1.735100000000000087e+00,2.824925226605136430e+01
1.735600000000000032e+00,2.825508034823556258e+01
1.735800000000000010e+00,2.826682875610227086e+01
1.736299999999999955e+00,2.827628758893889582e+01
1.736599999999999921e+00,2.828942808944861653e+01
1.737200000000000077e+00,2.830326683595691506e+01
1.737500000000000044e+00,2.831446749335665913e+01
1.737999999999999989e+00,2.832705004743375454e+01
1.738599999999999923e+00,2.834065460723636320e+01
1.738899999999999890e+00,2.835213401867924432e+01
1.739300000000000068e+00,2.836669051689177579e+01
1.739600000000000035e+00,2.838421864502459968e+01
1.740599999999999925e+00,2.839304673971150450e+01
1.740899999999999892e+00,2.840249620453754176e+01
1.741500000000000048e+00,2.841130229287669806e+01
1.741999999999999993e+00,2.841093543406087107e+01
1.742499999999999938e+00,2.840741996829569516e+01
1.742799999999999905e+00,2.841453746817974491e+01
1.743100000000000094e+00,2.841723513826779168e+01
1.743600000000000039e+00,2.841420922133880467e+01
1.743900000000000006e+00,2.841684726562309393e+01
1.744499999999999940e+00,2.841909123352441213e+01
1.744799999999999907e+00,2.842100127947578514e+01
1.745000000000000107e+00,2.842662876700803309e+01
1.745300000000000074e+00,2.843986905064984327e+01
1.745800000000000018e+00,2.845051411724491075e+01
1.746099999999999985e+00,2.846345642386928532e+01
1.746299999999999963e+00,2.846480412921601655e+01
1.746799999999999908e+00,2.846520198240153476e+01
1.747100000000000097e+00,2.846073545839482222e+01
1.747400000000000064e+00,2.846126786525094232e+01
1.747999999999999998e+00,2.846917239236305264e+01
1.748299999999999965e+00,2.848588689853397682e+01
1.748699999999999921e+00,2.850602170431707805e+01
1.749200000000000088e+00,2.852353961514536707e+01
1.749800000000000022e+00,2.853913751009735122e+01
1.750099999999999989e+00,2.854720026957828338e+01
1.750599999999999934e+00,2.855619605989354426e+01
1.750899999999999901e+00,2.856277700731951086e+01
1.751500000000000057e+00,2.857127069569856204e+01
1.751800000000000024e+00,2.857561562083239082e+01
1.752399999999999958e+00,2.857715925900965459e+01
1.752699999999999925e+00,2.858148696787862875e+01
1.752999999999999892e+00,2.858244283275114839e+01
1.753500000000000059e+00,2.859163875422681755e+01
1.753800000000000026e+00,2.859406541918282940e+01
1.754299999999999971e+00,2.860312694019961555e+01
1.754599999999999937e+00,2.860557210121250193e+01
1.754999999999999893e+00,2.861051425641919366e+01
1.755500000000000060e+00,2.860987031509455392e+01
1.756199999999999983e+00,2.861677577863652644e+01
1.756399999999999961e+00,2.861812171451771647e+01
1.756999999999999895e+00,2.861348059431841051e+01
1.757200000000000095e+00,2.861483020196141425e+01
1.757900000000000018e+00,2.861199910533327539e+01
1.758399999999999963e+00,2.861267250592937827e+01
1.758699999999999930e+00,2.861853569889138527e+01
1.759300000000000086e+00,2.862666664159549867e+01
1.759600000000000053e+00,2.862863732495833347e+01
1.760099999999999998e+00,2.863633756773266370e+01
1.760399999999999965e+00,2.864383570428572057e+01
1.760699999999999932e+00,2.864547942005286529e+01
1.761200000000000099e+00,2.865502430254449351e+01
1.761500000000000066e+00,2.866353282409608028e+01
1.761900000000000022e+00,2.866900908866059439e+01
1.762499999999999956e+00,2.867396231985813770e+01
1.762699999999999934e+00,2.868139881983989881e+01
1.763200000000000101e+00,2.868591592877391960e+01
1.763500000000000068e+00,2.869226532989153355e+01
1.764100000000000001e+00,2.869741998411005568e+01
1.764599999999999946e+00,2.870542660179211936e+01
1.764899999999999913e+00,2.871366513773773832e+01
1.765600000000000058e+00,2.872187864203741725e+01
1.766199999999999992e+00,2.872754795294788011e+01
1.766499999999999959e+00,2.873877270926736216e+01
1.766999999999999904e+00,2.874524162114603243e+01
1.767600000000000060e+00,2.875083054662285420e+01
1.768199999999999994e+00,2.876267844641806448e+01
1.768399999999999972e+00,2.877829744786269472e+01
1.768999999999999906e+00,2.878376732233314073e+01
1.769300000000000095e+00,2.879312744659806711e+01
1.769900000000000029e+00,2.879893141494623165e+01
1.770199999999999996e+00,2.880015405757337277e+01
1.770799999999999930e+00,2.880170015570613984e+01
1.771400000000000086e+00,2.880921812606376164e+01
1.771700000000000053e+00,2.881215133262327655e+01
1.772199999999999998e+00,2.881644087869528548e+01
1.772699999999999942e+00,2.882094464478752371e+01
1.772999999999999909e+00,2.882228706533887674e+01
1.773600000000000065e+00,2.882913913627906766e+01
1.773800000000000043e+00,2.883405312385973218e+01
1.774199999999999999e+00,2.883936132706781663e+01
1.774799999999999933e+00,2.884541091534993740e+01
1.775099999999999900e+00,2.885352600305002468e+01
1.775600000000000067e+00,2.885204299649439719e+01
1.775800000000000045e+00,2.885505872222109147e+01
1.776399999999999979e+00,2.886021822576884333e+01
1.776999999999999913e+00,2.886346268661322156e+01
1.777300000000000102e+00,2.886695022706165048e+01
1.778000000000000025e+00,2.887728877974265274e+01
1.778299999999999992e+00,2.887773765347283472e+01
1.778499999999999970e+00,2.887407951833800723e+01
1.779099999999999904e+00,2.887959161758947602e+01
1.779400000000000093e+00,2.887944335916336769e+01
1.780000000000000027e+00,2.887567935317311907e+01
1.780200000000000005e+00,2.887892156075128014e+01
1.780399999999999983e+00,2.888683061686058906e+01
1.780999999999999917e+00,2.888606566415229437e+01
1.781600000000000072e+00,2.889528811416075627e+01
1.782000000000000028e+00,2.890477438914556529e+01
1.782499999999999973e+00,2.890941774953251908e+01
1.782899999999999929e+00,2.891326112986675412e+01
1.783400000000000096e+00,2.891810061448868652e+01
1.783700000000000063e+00,2.891364470748878190e+01
1.784100000000000019e+00,2.891201900103470379e+01
1.784499999999999975e+00,2.891547319712820041e+01
1.784799999999999942e+00,2.892368994937739046e+01
1.785500000000000087e+00,2.892714470949216476e+01
1.785800000000000054e+00,2.893601243334167705e+01
1.786000000000000032e+00,2.894644829897845284e+01
1.786699999999999955e+00,2.895701783083288205e+01
1.786899999999999933e+00,2.895772303652816149e+01
1.787099999999999911e+00,2.896058791281202005e+01
1.787700000000000067e+00,2.896307674815917821e+01
1.788000000000000034e+00,2.896177823386678085e+01
1.788599999999999968e+00,2.896202367995702076e+01
1.788899999999999935e+00,2.896512705068287374e+01
1.789199999999999902e+00,2.897394207276008160e+01
1.789900000000000047e+00,2.897918162517347795e+01
1.790200000000000014e+00,2.898541707896059094e+01
1.790499999999999980e+00,2.898859678461731448e+01
1.791099999999999914e+00,2.899766603598273562e+01
1.791400000000000103e+00,2.900273640693699662e+01
1.792000000000000037e+00,2.901022677493481083e+01
1.792200000000000015e+00,2.901644364998113801e+01
1.792799999999999949e+00,2.902110703717503881e+01
1.793099999999999916e+00,2.901864043164864881e+01
1.793400000000000105e+00,2.901557003210549013e+01
1.794000000000000039e+00,2.901154877067201454e+01
1.794300000000000006e+00,2.900925519612767900e+01
1.794599999999999973e+00,2.900972843797898193e+01
1.795099999999999918e+00,2.901612855562382620e+01
1.795400000000000107e+00,2.902065796927352537e+01
1.795800000000000063e+00,2.902666299101591108e+01
1.796599999999999975e+00,2.902951441030062441e+01
1.796999999999999931e+00,2.903440205904703575e+01
1.797299999999999898e+00,2.903789960989668728e+01
1.797900000000000054e+00,2.903852668148366689e+01
1.798200000000000021e+00,2.903881582939072814e+01
1.798699999999999966e+00,2.904224810867611239e+01
1.798999999999999932e+00,2.904475674903822124e+01
1.799500000000000099e+00,2.905031359493041876e+01
1.800100000000000033e+00,2.906074427580422181e+01
1.800400000000000000e+00,2.907166923261907243e+01
1.800699999999999967e+00,2.907843523544362441e+01
1.800999999999999934e+00,2.908570923872979108e+01
1.801500000000000101e+00,2.908684916101529794e+01
1.801800000000000068e+00,2.909027377224485988e+01
1.802400000000000002e+00,2.909352502003154584e+01
1.802699999999999969e+00,2.909533545659702014e+01
1.803299999999999903e+00,2.909282057743257255e+01
1.803700000000000081e+00,2.909245144814370221e+01
1.804200000000000026e+00,2.908953807540151715e+01
1.804599999999999982e+00,2.908789913725911092e+01
1.804799999999999960e+00,2.909020626248995711e+01
1.805099999999999927e+00,2.909465506807373814e+01
1.805600000000000094e+00,2.909221963423343027e+01
1.805900000000000061e+00,2.908831454498283620e+01
1.806200000000000028e+00,2.908317068524936744e+01
1.806699999999999973e+00,2.908037903278530933e+01
1.806999999999999940e+00,2.907978439978122154e+01
1.807199999999999918e+00,2.908095678686627394e+01
1.807900000000000063e+00,2.907770422242151653e+01
1.808100000000000041e+00,2.907865262674392071e+01
1.808400000000000007e+00,2.907949786199449349e+01
1.808999999999999941e+00,2.907639164814395016e+01
1.809700000000000086e+00,2.907613486959977678e+01
1.810200000000000031e+00,2.908065646679123262e+01
1.810499999999999998e+00,2.908232680441541973e+01
1.811199999999999921e+00,2.908258704966295838e+01
1.811500000000000110e+00,2.908561998604746179e+01
1.812100000000000044e+00,2.909470648550199101e+01
1.812400000000000011e+00,2.910472851338592548e+01
1.812699999999999978e+00,2.911511522967780863e+01
1.813299999999999912e+00,2.912270829755413359e+01
1.813600000000000101e+00,2.913043213297605760e+01
1.814000000000000057e+00,2.913640027588719761e+01
1.814300000000000024e+00,2.914055555483597004e+01
1.814599999999999991e+00,2.914089060046068980e+01
1.814899999999999958e+00,2.914042244030736839e+01
1.815399999999999903e+00,2.913905519968430724e+01
1.815700000000000092e+00,2.913266952831441614e+01
1.816400000000000015e+00,2.912904932981763650e+01
1.816599999999999993e+00,2.913302307005930913e+01
1.816999999999999948e+00,2.914464610654530574e+01
1.817499999999999893e+00,2.915591776770158816e+01
1.817800000000000082e+00,2.916841669332724507e+01
1.818100000000000049e+00,2.918026098586181760e+01
1.818699999999999983e+00,2.918604820125237254e+01
1.819199999999999928e+00,2.918645024722174952e+01
1.819499999999999895e+00,2.918962871975450923e+01
1.819800000000000084e+00,2.919247259579252329e+01
1.820400000000000018e+00,2.919524626153156888e+01
1.820599999999999996e+00,2.919852352110500959e+01
1.820899999999999963e+00,2.920185671666195759e+01
1.821099999999999941e+00,2.920086044254206925e+01
1.821700000000000097e+00,2.919959933196223290e+01
1.822000000000000064e+00,2.919910168177181831e+01
1.822300000000000031e+00,2.919276899155484628e+01
1.822599999999999998e+00,2.918700797273856296e+01
1.823600000000000110e+00,2.918224373736587296e+01
1.823900000000000077e+00,2.918201632110448074e+01
1.824200000000000044e+00,2.918071155738707745e+01
1.824699999999999989e+00,2.918782092726857513e+01
1.824999999999999956e+00,2.919253047394132494e+01
1.825199999999999934e+00,2.919845288920062032e+01
1.825800000000000090e+00,2.919769974744064100e+01
1.826100000000000056e+00,2.919713797758847562e+01
1.826300000000000034e+00,2.919030226033885356e+01
1.826999999999999957e+00,2.919236000219283156e+01
1.827399999999999913e+00,2.919410034416038613e+01
1.827900000000000080e+00,2.920167653339687419e+01
1.828400000000000025e+00,2.921665666581469623e+01
1.828799999999999981e+00,2.923187960377491734e+01
1.829099999999999948e+00,2.924279220886165476e+01
1.829399999999999915e+00,2.925349622264743843e+01
1.830100000000000060e+00,2.925811619782149364e+01
1.830400000000000027e+00,2.925709676129376646e+01
1.830799999999999983e+00,2.925908676987315005e+01
1.831399999999999917e+00,2.925886520547807024e+01
1.831599999999999895e+00,2.926177811398431317e+01
1.831900000000000084e+00,2.926493164854304396e+01
1.832400000000000029e+00,2.926411733913171886e+01
1.832699999999999996e+00,2.925900868515877917e+01
1.832899999999999974e+00,2.925093007408896284e+01
1.833499999999999908e+00,2.924371727000286825e+01
1.833800000000000097e+00,2.923636971778109839e+01
1.834000000000000075e+00,2.923180390465126877e+01
1.834600000000000009e+00,2.922985593787364422e+01
1.834899999999999975e+00,2.923146289781096741e+01
1.835199999999999942e+00,2.923519471630902444e+01
1.835700000000000109e+00,2.924740196136520609e+01
1.836100000000000065e+00,2.925685827425842334e+01
1.836400000000000032e+00,2.926874919549706533e+01
1.836999999999999966e+00,2.928210962889006908e+01
1.837399999999999922e+00,2.928995550975087170e+01
1.838000000000000078e+00,2.928959749827611958e+01
1.838300000000000045e+00,2.928996280317488043e+01
1.838899999999999979e+00,2.928978488931975122e+01
1.839199999999999946e+00,2.928639893064988442e+01
1.839699999999999891e+00,2.928328293752965550e+01
1.840000000000000080e+00,2.928170217993098134e+01
1.840200000000000058e+00,2.928016365368985419e+01
1.840799999999999992e+00,2.927854370730769418e+01
1.841099999999999959e+00,2.927582147919311950e+01
1.841599999999999904e+00,2.927640950232686379e+01
1.841900000000000093e+00,2.927938554882394939e+01
1.842500000000000027e+00,2.928316849738406802e+01
1.842799999999999994e+00,2.928700354123538929e+01
1.843199999999999950e+00,2.929319807001364495e+01
1.843499999999999917e+00,2.929082945667463989e+01
1.843800000000000106e+00,2.929110293616869498e+01
1.844300000000000050e+00,2.929199856677656655e+01
1.844600000000000017e+00,2.929584371260851228e+01
1.845099999999999962e+00,2.929354676340810215e+01
1.845499999999999918e+00,2.929419344698806782e+01
1.845800000000000107e+00,2.929438560858043417e+01
1.846400000000000041e+00,2.929664359198030965e+01
1.846799999999999997e+00,2.929705284734717807e+01
1.847399999999999931e+00,2.930127821623404216e+01
1.847699999999999898e+00,2.930804730420070214e+01
1.848000000000000087e+00,2.931239296209363232e+01
1.848600000000000021e+00,2.931254131129768226e+01
1.848799999999999999e+00,2.931549668864757408e+01
1.849099999999999966e+00,2.932014422343113935e+01
1.849399999999999933e+00,2.932836303953915191e+01
1.849900000000000100e+00,2.933536773732339498e+01
1.850200000000000067e+00,2.934096596175835003e+01
1.850500000000000034e+00,2.934372423779054628e+01
1.851099999999999968e+00,2.934220767702979060e+01
1.851299999999999946e+00,2.933884759286289778e+01
1.851599999999999913e+00,2.933565802987956417e+01
1.851900000000000102e+00,2.934110687756546554e+01
1.852500000000000036e+00,2.934158793247436137e+01
1.852800000000000002e+00,2.934210471194398906e+01
1.852999999999999980e+00,2.933778284238339040e+01
1.853599999999999914e+00,2.933463357444994557e+01
1.853900000000000103e+00,2.932925460514177018e+01
1.854200000000000070e+00,2.932431938910545810e+01
1.854899999999999993e+00,2.932295526317908951e+01
1.855099999999999971e+00,2.932742640290671687e+01
1.855399999999999938e+00,2.933135043910327155e+01
1.856000000000000094e+00,2.933068050037341123e+01
1.856300000000000061e+00,2.933438503935709463e+01
1.856500000000000039e+00,2.934571918806127044e+01
1.856800000000000006e+00,2.935251162057443963e+01
1.857399999999999940e+00,2.935589646328999436e+01
1.857599999999999918e+00,2.935973683530733425e+01
1.857900000000000107e+00,2.935859810017904437e+01
1.858100000000000085e+00,2.935321235827795761e+01
1.858800000000000008e+00,2.935145978640982634e+01
1.859399999999999942e+00,2.935709697290001685e+01
1.860000000000000098e+00,2.936196323062617353e+01
1.860300000000000065e+00,2.936922484428993485e+01
1.860800000000000010e+00,2.937487475404518733e+01
1.861399999999999944e+00,2.937897915170894336e+01
1.862100000000000088e+00,2.937648781190840808e+01
1.862700000000000022e+00,2.937912593522122862e+01
1.863299999999999956e+00,2.938383956462446989e+01
1.863799999999999901e+00,2.938731636679006343e+01
1.864600000000000035e+00,2.939189961347968350e+01
1.865199999999999969e+00,2.940098215565473794e+01
1.865399999999999947e+00,2.940590252015767803e+01
1.866000000000000103e+00,2.941227207586241477e+01
1.866300000000000070e+00,2.941427480271241279e+01
1.866800000000000015e+00,2.941412858562118515e+01
1.867399999999999949e+00,2.941196419947686280e+01
1.868000000000000105e+00,2.940361954206903405e+01
1.868300000000000072e+00,2.939395560078781600e+01
1.868900000000000006e+00,2.939078615776127279e+01
1.869399999999999951e+00,2.939124355090750029e+01
1.869899999999999896e+00,2.939386601146704336e+01
1.870500000000000052e+00,2.940783955798418603e+01
1.870999999999999996e+00,2.941695258446350891e+01
1.871299999999999963e+00,2.942712685409049200e+01
1.872100000000000097e+00,2.943401983879103412e+01
1.872400000000000064e+00,2.943913688361767811e+01
1.872999999999999998e+00,2.943793175597758704e+01
1.873599999999999932e+00,2.943740610066894803e+01
1.874200000000000088e+00,2.943732319946521869e+01
1.874500000000000055e+00,2.943832002048672436e+01
1.874900000000000011e+00,2.943555054533123538e+01
1.875499999999999945e+00,2.943552989281831955e+01
1.876100000000000101e+00,2.944289421738695367e+01
1.876400000000000068e+00,2.944503935139194439e+01
1.877000000000000002e+00,2.944729885104092659e+01
1.877699999999999925e+00,2.944949594436417328e+01
1.878300000000000081e+00,2.945368719543442637e+01
1.878900000000000015e+00,2.945146098357569997e+01
1.879499999999999948e+00,2.945273759474746811e+01
1.879799999999999915e+00,2.945427775374517054e+01
1.880300000000000082e+00,2.945768323571794056e+01
1.880800000000000027e+00,2.945092791460501047e+01
1.881599999999999939e+00,2.944489342160579071e+01
1.882200000000000095e+00,2.944102107879455943e+01
1.882500000000000062e+00,2.943793519851967488e+01
1.883399999999999963e+00,2.943474229298967160e+01
1.883699999999999930e+00,2.943609528368322970e+01
1.884200000000000097e+00,2.944383520689538614e+01
1.884800000000000031e+00,2.944433204285975236e+01
1.885399999999999965e+00,2.944202539115498851e+01
1.885599999999999943e+00,2.944368684036209061e+01
1.886200000000000099e+00,2.944459328508277807e+01
1.886800000000000033e+00,2.944139330464902216e+01
1.887299999999999978e+00,2.944060244742124155e+01
1.887899999999999912e+00,2.943707368626781928e+01
1.888200000000000101e+00,2.943039049243499505e+01
1.888900000000000023e+00,2.943172726518587723e+01
1.889499999999999957e+00,2.943443476795806291e+01
1.889799999999999924e+00,2.943656600254468714e+01
1.890400000000000080e+00,2.943830925559054279e+01
1.890900000000000025e+00,2.944217276930756810e+01
1.891100000000000003e+00,2.944347954753793672e+01
1.891699999999999937e+00,2.944394684529660111e+01
1.892200000000000104e+00,2.944533002852809389e+01
1.893000000000000016e+00,2.945375928484596528e+01
1.893599999999999950e+00,2.946125562693561406e+01
1.894200000000000106e+00,2.947191249232884402e+01
1.894600000000000062e+00,2.948012936079406643e+01
1.895199999999999996e+00,2.948074054200855798e+01
1.895799999999999930e+00,2.948016325241238178e+01
1.896300000000000097e+00,2.947382463532403918e+01
1.896600000000000064e+00,2.946072641233983447e+01
1.897100000000000009e+00,2.945428591233355675e+01
1.897799999999999931e+00,2.945662548486349763e+01
1.898400000000000087e+00,2.945712194297449216e+01
1.898600000000000065e+00,2.945784397003405886e+01
1.899100000000000010e+00,2.945607276600821578e+01
1.899599999999999955e+00,2.945121145597568812e+01
1.900099999999999900e+00,2.944818652107730728e+01
1.900700000000000056e+00,2.944344967349379516e+01
1.901000000000000023e+00,2.944257892699722134e+01
1.901599999999999957e+00,2.944536741654943413e+01
1.902199999999999891e+00,2.944866292205306024e+01
1.902500000000000080e+00,2.945004813540163369e+01
1.903000000000000025e+00,2.945209677157199479e+01
1.903499999999999970e+00,2.944432387572833321e+01
1.903999999999999915e+00,2.943889237437477391e+01
1.904600000000000071e+00,2.943829324126682323e+01
1.904900000000000038e+00,2.943672255941748261e+01
1.905399999999999983e+00,2.944268119791954064e+01
1.905799999999999939e+00,2.945341072172303853e+01
1.906400000000000095e+00,2.945653142779366362e+01
1.906900000000000039e+00,2.945916978431023381e+01
1.907200000000000006e+00,2.946549542092726170e+01
1.908099999999999907e+00,2.946855032959871323e+01
1.908700000000000063e+00,2.947479831408075768e+01
1.909399999999999986e+00,2.948734841727970490e+01
1.909899999999999931e+00,2.948800344216356351e+01
1.910500000000000087e+00,2.948472937953004092e+01
1.911000000000000032e+00,2.948056199515276887e+01
1.911299999999999999e+00,2.947694874553085498e+01
1.911899999999999933e+00,2.947398436342296080e+01
1.912099999999999911e+00,2.947385420362882158e+01
1.913100000000000023e+00,2.947378700806188334e+01
1.913699999999999957e+00,2.946880612080801853e+01
1.913999999999999924e+00,2.946340699419706866e+01
1.914600000000000080e+00,2.946135991410017141e+01
1.915200000000000014e+00,2.946545433583799323e+01
1.915899999999999936e+00,2.946553356490948872e+01
1.916500000000000092e+00,2.947079309588844254e+01
1.916800000000000059e+00,2.947694846468623808e+01
1.917399999999999993e+00,2.947996918774041220e+01
1.917899999999999938e+00,2.948245424038209705e+01
1.918199999999999905e+00,2.948605496719609675e+01
1.918700000000000072e+00,2.949226746320281123e+01
1.919300000000000006e+00,2.950323062945885866e+01
1.919899999999999940e+00,2.950683272367459509e+01
1.920299999999999896e+00,2.950580930886698994e+01
1.920800000000000063e+00,2.950927970793985722e+01
1.921200000000000019e+00,2.951019525607615890e+01
1.921799999999999953e+00,2.950289667117918668e+01
1.921999999999999931e+00,2.950365263494963486e+01
1.922600000000000087e+00,2.950546148184130146e+01
1.923200000000000021e+00,2.950976012468541398e+01
1.923799999999999955e+00,2.950999580583070525e+01
1.924299999999999899e+00,2.951534733727953608e+01
1.924900000000000055e+00,2.952167760779937566e+01
1.925100000000000033e+00,2.952789595083487129e+01
1.925799999999999956e+00,2.952626214603725430e+01
1.926399999999999890e+00,2.952946454430059475e+01
1.926900000000000057e+00,2.953179834308242491e+01
1.927499999999999991e+00,2.952580656712293816e+01
1.928099999999999925e+00,2.952504813756542745e+01
1.928500000000000103e+00,2.952595163700456382e+01
1.929300000000000015e+00,2.952504884697568954e+01
1.929799999999999960e+00,2.952026182733708737e+01
1.930199999999999916e+00,2.951347314174039127e+01
1.930800000000000072e+00,2.950113962462001638e+01
1.931400000000000006e+00,2.948987723598790467e+01
1.931599999999999984e+00,2.948034062700294911e+01
1.932299999999999907e+00,2.947431793899142960e+01
1.932500000000000107e+00,2.947597776026871230e+01
1.933000000000000052e+00,2.948430565822446070e+01
1.933599999999999985e+00,2.949233562308865331e+01
1.933899999999999952e+00,2.949357435527804583e+01
1.934500000000000108e+00,2.949511449670023921e+01
1.935200000000000031e+00,2.949714239314494435e+01
1.935599999999999987e+00,2.949209672409217831e+01
1.935999999999999943e+00,2.949231417464316962e+01
1.936600000000000099e+00,2.949841081979806745e+01
1.937100000000000044e+00,2.950293305669369914e+01
1.937400000000000011e+00,2.950433415021845818e+01
1.937999999999999945e+00,2.950720494911936598e+01
1.938800000000000079e+00,2.950778276012214363e+01
1.939100000000000046e+00,2.950454534581983168e+01
1.939799999999999969e+00,2.949643711314399752e+01
1.940299999999999914e+00,2.948771887676556602e+01
1.940900000000000070e+00,2.948081461057612529e+01
1.941500000000000004e+00,2.948190859611803916e+01
1.941999999999999948e+00,2.948446128936632959e+01
1.942499999999999893e+00,2.949452209571342820e+01
1.942900000000000071e+00,2.951249235039631458e+01
1.943400000000000016e+00,2.952578277022596964e+01
1.943699999999999983e+00,2.952900364239667752e+01
1.944199999999999928e+00,2.953572293745267530e+01
1.944499999999999895e+00,2.954349619556613149e+01
1.945300000000000029e+00,2.954166858194540879e+01
1.945699999999999985e+00,2.953289255500181554e+01
1.946299999999999919e+00,2.952653444897271129e+01
1.947300000000000031e+00,2.951890510370581566e+01
1.947699999999999987e+00,2.950731701233257098e+01
1.948099999999999943e+00,2.950341188236933476e+01
1.948600000000000110e+00,2.950456624683550544e+01
1.948900000000000077e+00,2.950862698579724253e+01
1.949500000000000011e+00,2.951106390974071303e+01
1.950099999999999945e+00,2.951538832323347350e+01
1.950299999999999923e+00,2.952277753609143573e+01
1.951000000000000068e+00,2.953157807559758652e+01
1.951300000000000034e+00,2.953371214059597705e+01
1.951899999999999968e+00,2.953256732807871288e+01
1.952499999999999902e+00,2.952962980812398186e+01
1.952800000000000091e+00,2.952065498110898289e+01
1.953200000000000047e+00,2.951372677226581231e+01
1.953799999999999981e+00,2.951143070245089106e+01
1.953999999999999959e+00,2.950490733691522394e+01
1.954499999999999904e+00,2.950510046315626766e+01
1.954800000000000093e+00,2.950539003976226127e+01
1.955200000000000049e+00,2.950891360401828578e+01
1.955699999999999994e+00,2.950533821181972982e+01
1.956399999999999917e+00,2.950495777641465978e+01
1.957000000000000073e+00,2.949961304000570905e+01
1.957699999999999996e+00,2.950277898584723602e+01
1.957899999999999974e+00,2.950061216474986026e+01
1.958499999999999908e+00,2.949874404613989753e+01
1.958700000000000108e+00,2.949965767766389391e+01
1.959300000000000042e+00,2.950614432830404255e+01
1.959799999999999986e+00,2.950576139082445337e+01
1.960399999999999920e+00,2.950286707569650346e+01
1.960700000000000109e+00,2.950471249143963703e+01
1.961200000000000054e+00,2.951180087106489935e+01
1.961799999999999988e+00,2.951309763641864592e+01
1.962499999999999911e+00,2.951456445929929728e+01
1.962699999999999889e+00,2.952490302427902336e+01
1.963400000000000034e+00,2.953072992228463889e+01
1.963700000000000001e+00,2.952586592627908502e+01
1.964199999999999946e+00,2.952560724444683160e+01
1.964399999999999924e+00,2.952360097954126772e+01
1.965100000000000069e+00,2.951396533554572343e+01
1.965700000000000003e+00,2.950765540438933954e+01
1.966399999999999926e+00,2.951129830197678316e+01
1.966699999999999893e+00,2.951250999926141105e+01
1.967200000000000060e+00,2.951379424069119040e+01
1.967799999999999994e+00,2.951847168155590850e+01
1.968699999999999894e+00,2.951705379757173020e+01
1.969400000000000039e+00,2.950874241501963269e+01
1.970299999999999940e+00,2.950043696103196922e+01
1.970499999999999918e+00,2.948862238493645194e+01
1.971100000000000074e+00,2.948161705918616349e+01
1.971600000000000019e+00,2.948417349245384500e+01
1.972199999999999953e+00,2.948851560984185127e+01
1.972499999999999920e+00,2.949313750367374709e+01
1.973100000000000076e+00,2.950181306912840640e+01
1.973999999999999977e+00,2.951444206716287866e+01
1.974299999999999944e+00,2.952069185669805762e+01
1.974800000000000111e+00,2.952562718987313062e+01
1.975100000000000078e+00,2.952714670874136260e+01
1.975700000000000012e+00,2.952969185499698668e+01
1.976599999999999913e+00,2.952265505223336106e+01
1.976900000000000102e+00,2.951411914210454768e+01
1.977500000000000036e+00,2.950466850715956824e+01
1.978099999999999969e+00,2.950035979167469335e+01
1.978299999999999947e+00,2.949095310905999412e+01
1.978900000000000103e+00,2.948462036489971538e+01
1.979100000000000081e+00,2.948654656546763420e+01
1.979700000000000015e+00,2.949140342976570039e+01
1.980299999999999949e+00,2.949685312853910091e+01
1.980900000000000105e+00,2.949892814895275350e+01
1.981500000000000039e+00,2.950231492954820567e+01
1.981800000000000006e+00,2.950021882495173031e+01
1.982299999999999951e+00,2.950018719928419486e+01
1.982599999999999918e+00,2.950059035365897842e+01
1.983300000000000063e+00,2.950946979488078981e+01
1.983899999999999997e+00,2.951294488568213126e+01
1.984599999999999920e+00,2.951497340961768501e+01
1.985200000000000076e+00,2.951619570828745509e+01
1.985700000000000021e+00,2.950913580120858981e+01
1.986299999999999955e+00,2.950497437582107452e+01
1.986900000000000110e+00,2.949752288953903445e+01
1.987600000000000033e+00,2.949673809063566665e+01
1.988199999999999967e+00,2.948550010040188596e+01
1.988699999999999912e+00,2.948209800612507436e+01
1.989200000000000079e+00,2.947666933796624988e+01
1.989500000000000046e+00,2.947728636007011005e+01
1.990399999999999947e+00,2.947595210524224640e+01
1.991000000000000103e+00,2.948764271680197879e+01
1.991300000000000070e+00,2.950078990935201873e+01
1.991800000000000015e+00,2.950627558374982229e+01
1.992399999999999949e+00,2.950836461840560077e+01
1.992599999999999927e+00,2.950630280609579259e+01
1.993200000000000083e+00,2.950088757706021170e+01
1.993800000000000017e+00,2.948714445596431943e+01
1.994399999999999951e+00,2.948110495224421612e+01
1.995100000000000096e+00,2.948079164934078733e+01
1.995300000000000074e+00,2.947826188063693209e+01
1.995900000000000007e+00,2.947675536388734230e+01
1.996399999999999952e+00,2.947520289718044140e+01
1.997000000000000108e+00,2.947444775943305117e+01
1.997600000000000042e+00,2.946639222661835333e+01
1.998199999999999976e+00,2.946838386938670951e+01
1.998799999999999910e+00,2.946326444564518354e+01
1.999300000000000077e+00,2.946884977529634853e+01
1.999800000000000022e+00,2.947699718197559804e+01
2.000300000000000189e+00,2.949005398813102019e+01
2.000900000000000123e+00,2.949468953079719569e+01
2.001500000000000057e+00,2.950043408386371624e+01
2.001999999999999780e+00,2.950019866880446529e+01
2.002600000000000158e+00,2.949479978155400417e+01
2.002800000000000136e+00,2.948664514796439917e+01
2.003699999999999815e+00,2.948502476568889108e+01
2.004000000000000004e+00,2.948509035284495283e+01
2.004900000000000126e+00,2.948614893760821332e+01
2.005399999999999849e+00,2.948598809126495368e+01
2.005900000000000016e+00,2.948884125364233455e+01
2.006499999999999950e+00,2.947938169908785611e+01
2.006699999999999928e+00,2.947305580004968917e+01
2.007200000000000095e+00,2.946901958501407037e+01
2.007699999999999818e+00,2.946379123177930381e+01
2.008399999999999963e+00,2.945337133278596653e+01
2.009100000000000108e+00,2.945332243882825551e+01
2.010099999999999998e+00,2.945544293947144254e+01
2.010400000000000187e+00,2.944959784707125294e+01
2.011299999999999866e+00,2.944329985314201181e+01
2.011899999999999800e+00,2.944501936677489695e+01
2.012100000000000222e+00,2.945049327367792813e+01
2.012700000000000156e+00,2.945050390154988662e+01
2.013199999999999878e+00,2.945090621563852551e+01
2.013799999999999812e+00,2.945050888424282221e+01
2.014499999999999957e+00,2.944695700957345252e+01
2.015099999999999891e+00,2.944375700124325945e+01
2.015400000000000080e+00,2.944300562336183447e+01
2.015899999999999803e+00,2.944935921574440130e+01
2.016500000000000181e+00,2.945529521340092316e+01
2.016999999999999904e+00,2.946169872106830923e+01
2.017500000000000071e+00,2.946028933333862909e+01
2.018100000000000005e+00,2.946182299181702291e+01
2.018600000000000172e+00,2.945726997810620773e+01
2.019499999999999851e+00,2.945521962666604310e+01
2.019699999999999829e+00,2.945726123545863473e+01
2.020599999999999952e+00,2.946434293069163957e+01
2.021100000000000119e+00,2.946632992060707323e+01
2.022100000000000009e+00,2.947489296909803613e+01
2.022400000000000198e+00,2.947970520400306782e+01
2.023200000000000109e+00,2.947650106082984323e+01
2.023499999999999854e+00,2.946850786514805165e+01
2.024199999999999999e+00,2.946559330156591017e+01
2.024700000000000166e+00,2.945718894043611868e+01
2.025700000000000056e+00,2.944810238766662991e+01
2.025999999999999801e+00,2.943759923371040799e+01
2.026600000000000179e+00,2.943151149273261424e+01
2.027200000000000113e+00,2.942125554231272133e+01
2.027600000000000069e+00,2.941206198298861807e+01
2.028399999999999981e+00,2.940690738575535335e+01
2.028700000000000170e+00,2.940796089395728075e+01
2.029199999999999893e+00,2.940339529855883427e+01
2.029599999999999849e+00,2.940285736587551924e+01
2.030100000000000016e+00,2.940248082972090060e+01
2.030400000000000205e+00,2.940484622755045763e+01
2.030899999999999928e+00,2.940496324133486183e+01
2.031400000000000095e+00,2.940924708103516139e+01
2.032000000000000028e+00,2.941170138988298177e+01
2.032300000000000217e+00,2.941713251133852935e+01
2.032799999999999940e+00,2.942208723424518269e+01
2.033399999999999874e+00,2.942490892777625433e+01
2.033700000000000063e+00,2.941953119962537144e+01
2.034199999999999786e+00,2.941583579580252916e+01
2.034499999999999975e+00,2.941327057172913229e+01
2.035000000000000142e+00,2.940821259343303851e+01
2.035499999999999865e+00,2.940472682099045088e+01
2.036099999999999799e+00,2.941288247835662162e+01
2.036300000000000221e+00,2.941701421524028248e+01
2.036999999999999922e+00,2.941759760105617971e+01
2.037199999999999900e+00,2.941715425190766808e+01
2.037399999999999878e+00,2.941906658084111825e+01
2.037999999999999812e+00,2.942174260733311186e+01
2.038400000000000212e+00,2.942343563835979836e+01
2.038899999999999935e+00,2.942555230146278689e+01
2.039200000000000124e+00,2.942971672933924054e+01
2.039499999999999869e+00,2.943367024440602009e+01
2.040099999999999802e+00,2.943438834507381685e+01
2.040399999999999991e+00,2.943798905259836829e+01
2.040700000000000180e+00,2.943448848596394285e+01
2.041199999999999903e+00,2.943438808982358523e+01
2.041399999999999881e+00,2.943487911694309744e+01
2.041900000000000048e+00,2.943647660765837770e+01
2.042199999999999793e+00,2.943537773781156730e+01
2.042600000000000193e+00,2.943930656931404499e+01
2.043099999999999916e+00,2.943565992968691347e+01
2.043400000000000105e+00,2.942786835279760638e+01
2.044000000000000039e+00,2.941988657395237539e+01
2.044299999999999784e+00,2.941659856305902210e+01
2.044900000000000162e+00,2.941394127808732506e+01
2.045199999999999907e+00,2.941186333082028170e+01
2.045500000000000096e+00,2.941729145499767384e+01
2.045999999999999819e+00,2.941944512155801661e+01
2.046300000000000008e+00,2.941897803814007517e+01
2.046800000000000175e+00,2.941516786513866322e+01
2.047099999999999920e+00,2.941544613291352306e+01
2.047899999999999832e+00,2.941072680844279574e+01
2.048200000000000021e+00,2.941023518591787678e+01
2.048700000000000188e+00,2.940531307177660025e+01
2.048999999999999932e+00,2.939821537136804253e+01
2.049300000000000122e+00,2.939288889088308210e+01
2.049500000000000099e+00,2.938862263881149417e+01
2.049900000000000055e+00,2.938226527693602819e+01
2.050199999999999800e+00,2.938662013578258225e+01
2.050600000000000200e+00,2.938920229180306265e+01
2.050800000000000178e+00,2.938695773512702303e+01
2.051400000000000112e+00,2.938604084698715369e+01
2.051600000000000090e+00,2.938208967804755289e+01
2.052099999999999813e+00,2.937757865583012773e+01
2.052500000000000213e+00,2.938120547630672519e+01
2.052999999999999936e+00,2.938559355053203248e+01
2.053300000000000125e+00,2.938724418824598672e+01
2.053900000000000059e+00,2.938903964786299383e+01
2.054100000000000037e+00,2.938242913999333439e+01
2.054600000000000204e+00,2.937566174315761458e+01
2.054899999999999949e+00,2.937786766613262301e+01
2.055600000000000094e+00,2.938534881920498520e+01
2.055800000000000072e+00,2.939209378917592019e+01
2.056299999999999795e+00,2.939922614324169103e+01
2.056799999999999962e+00,2.939905981789908651e+01
2.056999999999999940e+00,2.939205812316176747e+01
2.057399999999999896e+00,2.937723324301973804e+01
2.057700000000000085e+00,2.936269519624451974e+01
2.058199999999999807e+00,2.935647884714027711e+01
2.058499999999999996e+00,2.935720141253024096e+01
2.058800000000000185e+00,2.936156327745175076e+01
2.059299999999999908e+00,2.936952413182791588e+01
2.059600000000000097e+00,2.938239689126347542e+01
2.059899999999999842e+00,2.938703041274814609e+01
2.060299999999999798e+00,2.938550015207269439e+01
2.060599999999999987e+00,2.938005924498127897e+01
2.061100000000000154e+00,2.937878787597449914e+01
2.061399999999999899e+00,2.937416480966631127e+01
2.061999999999999833e+00,2.937500057582427360e+01
2.062199999999999811e+00,2.938495464536393342e+01
2.062500000000000000e+00,2.939677665412329688e+01
2.062899999999999956e+00,2.940079147654570235e+01
2.063299999999999912e+00,2.940556142583041321e+01
2.063400000000000123e+00,2.940799421528505775e+01
2.064000000000000057e+00,2.939814940918173392e+01
2.064299999999999802e+00,2.938421239942557150e+01
2.064900000000000180e+00,2.937444595679706083e+01
2.065199999999999925e+00,2.936117739774500635e+01
2.065599999999999881e+00,2.934901466520584989e+01
2.065900000000000070e+00,2.934417428707325115e+01
2.066399999999999793e+00,2.934738358571048877e+01
2.066699999999999982e+00,2.934726896837008070e+01
2.067200000000000149e+00,2.934829485089284873e+01
2.067600000000000104e+00,2.934421525445825196e+01
2.067800000000000082e+00,2.933883227748088984e+01
2.068299999999999805e+00,2.932948203921844055e+01
2.068700000000000205e+00,2.932915879877727861e+01
2.069199999999999928e+00,2.933123652716600915e+01
2.069500000000000117e+00,2.933679054335255287e+01
2.069999999999999840e+00,2.934424276881741278e+01
2.070300000000000029e+00,2.934211017926719833e+01
2.070600000000000218e+00,2.933238968715995654e+01
2.071200000000000152e+00,2.932634909467411077e+01
2.071499999999999897e+00,2.932363234389032058e+01
2.072000000000000064e+00,2.932120377651607868e+01
2.072200000000000042e+00,2.932717703497152684e+01
2.072400000000000020e+00,2.933456503570829810e+01
2.072999999999999954e+00,2.933693034232930685e+01
2.073100000000000165e+00,2.934039087573759730e+01
2.073700000000000099e+00,2.934408602226088192e+01
2.073999999999999844e+00,2.934835292035782217e+01
2.074300000000000033e+00,2.935057985485227761e+01
2.074800000000000200e+00,2.935550438031508236e+01
2.075099999999999945e+00,2.935538111941622574e+01
2.075600000000000112e+00,2.935193156039054330e+01
2.075899999999999856e+00,2.934191152057688612e+01
2.076400000000000023e+00,2.933228953128703864e+01
2.076700000000000212e+00,2.932234565869804754e+01
2.076900000000000190e+00,2.930624110680164662e+01
2.077399999999999913e+00,2.929600854587664216e+01
2.077599999999999891e+00,2.929474859249634022e+01
2.077900000000000080e+00,2.929922651224258701e+01
2.078500000000000014e+00,2.930175095164625532e+01
2.078800000000000203e+00,2.930858579931855701e+01
2.079000000000000181e+00,2.931373067305328917e+01
2.079499999999999904e+00,2.931046902895032247e+01
2.079800000000000093e+00,2.930384933632880617e+01
2.080099999999999838e+00,2.930159812195266866e+01
2.080499999999999794e+00,2.930327363145060815e+01
2.080700000000000216e+00,2.930329917387166816e+01
2.080999999999999961e+00,2.930311270294619064e+01
2.081599999999999895e+00,2.931316221288893331e+01
2.081900000000000084e+00,2.931628054406395378e+01
2.082199999999999829e+00,2.932093250435698550e+01
2.082899999999999974e+00,2.932781287524786862e+01
2.083099999999999952e+00,2.933869321487048154e+01
2.083299999999999930e+00,2.933603038562750598e+01
2.083800000000000097e+00,2.933567720436057868e+01
2.084099999999999842e+00,2.933604761721293386e+01
2.084299999999999820e+00,2.933383440060185876e+01
2.084799999999999986e+00,2.932925500495350590e+01
2.084999999999999964e+00,2.932740126285431614e+01
2.085300000000000153e+00,2.932824262887709565e+01
2.085799999999999876e+00,2.932710297271713173e+01
2.086100000000000065e+00,2.932409689532470765e+01
2.086500000000000021e+00,2.932938798488972765e+01
2.086800000000000210e+00,2.933511473650259660e+01
2.087400000000000144e+00,2.933373190641018269e+01
2.087699999999999889e+00,2.932656933422366663e+01
2.088299999999999823e+00,2.932706893759599609e+01
2.088699999999999779e+00,2.932026961969863876e+01
2.089300000000000157e+00,2.931166741650037366e+01
2.089500000000000135e+00,2.930673835815857586e+01
2.090300000000000047e+00,2.930790195057686987e+01
2.090700000000000003e+00,2.930637802458825902e+01
2.091200000000000170e+00,2.930159203038811455e+01
2.091400000000000148e+00,2.929969623324025108e+01
2.092099999999999849e+00,2.930195918965428348e+01
2.092400000000000038e+00,2.929254142116708692e+01
2.092900000000000205e+00,2.928435336720814064e+01
2.093199999999999950e+00,2.928587301755429806e+01
2.093900000000000095e+00,2.928849625260026812e+01
2.094100000000000072e+00,2.928759902104305723e+01
2.094700000000000006e+00,2.929642273822807041e+01
2.094899999999999984e+00,2.930198374368839254e+01
2.095499999999999918e+00,2.930668885428486448e+01
2.096000000000000085e+00,2.930213171744582112e+01
2.096200000000000063e+00,2.930054654665782365e+01
2.096699999999999786e+00,2.929996629021646015e+01
2.096900000000000208e+00,2.929496994936316767e+01
2.097599999999999909e+00,2.928851785787943740e+01
2.097799999999999887e+00,2.928620087327046306e+01
2.098399999999999821e+00,2.928328491982873061e+01
2.098599999999999799e+00,2.928241991941352751e+01
2.099299999999999944e+00,2.928191445789244440e+01
2.099699999999999900e+00,2.927657962727203866e+01
2.099899999999999878e+00,2.927541257495687788e+01
2.100099999999999856e+00,2.927256518435194721e+01
2.100699999999999790e+00,2.926764327418261757e+01
2.101199999999999957e+00,2.927033618602852272e+01
2.101500000000000146e+00,2.927126268457461222e+01
2.101900000000000102e+00,2.927165930211370792e+01
2.102599999999999802e+00,2.927156285489988363e+01
2.102799999999999780e+00,2.926675921468921615e+01
2.103099999999999969e+00,2.926031639646361882e+01
2.103600000000000136e+00,2.925867650269736231e+01
2.104000000000000092e+00,2.925527422547866152e+01
2.104299999999999837e+00,2.925564705722749537e+01
2.104800000000000004e+00,2.925895206012498306e+01
2.105399999999999938e+00,2.925790967714412716e+01
2.105799999999999894e+00,2.925492683786955439e+01
2.106300000000000061e+00,2.925327012295414875e+01
2.106500000000000039e+00,2.924936531364765102e+01
2.106799999999999784e+00,2.924516063568619018e+01
2.107400000000000162e+00,2.924139333866619594e+01
2.107699999999999907e+00,2.924110177176679670e+01
2.108000000000000096e+00,2.923807902350288401e+01
2.108800000000000008e+00,2.923655925157131463e+01
2.108999999999999986e+00,2.923603531548772594e+01
2.109399999999999942e+00,2.924394981640124414e+01
2.109900000000000109e+00,2.924770723108458270e+01
2.110599999999999810e+00,2.925108921464542533e+01
2.110899999999999999e+00,2.926034914190266178e+01
2.111200000000000188e+00,2.926925527221452228e+01
2.111699999999999910e+00,2.926817321853098264e+01
2.111899999999999888e+00,2.926400134154640398e+01
2.112499999999999822e+00,2.926775767223162461e+01
2.112699999999999800e+00,2.926421708635757568e+01
2.112999999999999989e+00,2.925863088736362982e+01
2.113700000000000134e+00,2.925743098817250853e+01
2.113999999999999879e+00,2.926413058551120372e+01
2.114199999999999857e+00,2.926490683536243864e+01
2.114799999999999791e+00,2.926431756454351785e+01
2.115000000000000213e+00,2.926726218915130673e+01
2.115299999999999958e+00,2.927011977476877647e+01
2.115699999999999914e+00,2.926897764754561848e+01
2.116000000000000103e+00,2.926767545011684746e+01
2.116299999999999848e+00,2.926181540282216886e+01
2.116899999999999782e+00,2.925858605483655595e+01
2.117199999999999971e+00,2.925472114821545233e+01
2.117700000000000138e+00,2.925060503386510646e+01
2.117999999999999883e+00,2.924672451479695567e+01
2.118300000000000072e+00,2.924939315090638559e+01
2.118799999999999795e+00,2.924437700018364694e+01
2.119099999999999984e+00,2.923698200725393903e+01
2.119299999999999962e+00,2.923080954216615268e+01
2.119899999999999896e+00,2.922418395668254476e+01
2.120099999999999874e+00,2.921507816457925344e+01
2.120400000000000063e+00,2.920957176759612750e+01
2.120999999999999996e+00,2.920174345767781432e+01
2.121199999999999974e+00,2.919261186256534302e+01
2.121500000000000163e+00,2.919020009656135173e+01
2.122100000000000097e+00,2.918628023468099641e+01
2.122300000000000075e+00,2.918196320243454878e+01
2.122599999999999820e+00,2.918092091885369754e+01
2.123200000000000198e+00,2.918621261251373866e+01
2.123499999999999943e+00,2.918715999620111035e+01
2.123800000000000132e+00,2.919045922188375641e+01
2.124400000000000066e+00,2.919908102794748572e+01
2.124699999999999811e+00,2.920854861610268216e+01
2.125000000000000000e+00,2.921713849413175623e+01
2.125500000000000167e+00,2.922689175197325540e+01
2.125799999999999912e+00,2.923334495120518639e+01
2.126100000000000101e+00,2.923252230112294114e+01
2.126500000000000057e+00,2.923043991067516245e+01
2.126900000000000013e+00,2.922893526550021903e+01
2.127400000000000180e+00,2.922512551200878761e+01
2.127800000000000136e+00,2.922292794909673930e+01
2.128400000000000070e+00,2.922446990421767765e+01
2.128600000000000048e+00,2.922837822845628253e+01
2.128899999999999793e+00,2.922831163992169223e+01
2.129500000000000171e+00,2.922973587083514957e+01
2.129799999999999915e+00,2.923051100007630154e+01
2.130100000000000104e+00,2.922902461143067754e+01
2.130599999999999827e+00,2.923026684311028589e+01
2.130999999999999783e+00,2.923448867127057582e+01
2.131600000000000161e+00,2.923388876132201375e+01
2.131899999999999906e+00,2.923714428592892745e+01
2.132400000000000073e+00,2.923866455988178004e+01
2.132699999999999818e+00,2.923676322628495683e+01
2.133000000000000007e+00,2.923214735606669379e+01
2.133599999999999941e+00,2.922475013569761160e+01
2.133900000000000130e+00,2.921498255241001374e+01
2.134399999999999853e+00,2.921157205505920373e+01
2.134700000000000042e+00,2.920698565237330513e+01
2.135200000000000209e+00,2.920240146103679280e+01
2.135299999999999976e+00,2.920157002167212212e+01
2.136000000000000121e+00,2.920558607061748901e+01
2.136299999999999866e+00,2.920931173031298655e+01
2.136899999999999800e+00,2.921391175166637311e+01
2.137199999999999989e+00,2.922124542305660100e+01
2.137500000000000178e+00,2.923164766210183529e+01
2.138100000000000112e+00,2.923565949214647475e+01
2.138500000000000068e+00,2.923254102065318349e+01
2.138599999999999834e+00,2.922741736350885233e+01
2.139299999999999979e+00,2.921924500528507096e+01
2.139499999999999957e+00,2.920777210563370474e+01
2.139899999999999913e+00,2.920205347529983797e+01
2.140499999999999847e+00,2.920323914118382902e+01
2.140699999999999825e+00,2.920469358234107915e+01
2.141000000000000014e+00,2.920668278374713722e+01
2.141599999999999948e+00,2.921033129698418662e+01
2.141999999999999904e+00,2.921309350847475628e+01
2.142500000000000071e+00,2.921101354676290640e+01
2.142900000000000027e+00,2.920952885577702673e+01
2.143400000000000194e+00,2.920561719688604541e+01
2.143699999999999939e+00,2.920087780751275730e+01
2.144000000000000128e+00,2.919303615988097533e+01
2.144499999999999851e+00,2.918550776314699746e+01
2.144800000000000040e+00,2.918404067597031570e+01
2.145000000000000018e+00,2.919201957435310746e+01
2.145599999999999952e+00,2.919583950394370220e+01
2.145900000000000141e+00,2.919716215862145603e+01
2.146500000000000075e+00,2.919329354809307020e+01
2.146799999999999820e+00,2.918742332815662266e+01
2.147299999999999986e+00,2.917128136218885714e+01
2.147699999999999942e+00,2.916070216725731257e+01
2.148299999999999876e+00,2.915711258400885342e+01
2.148499999999999854e+00,2.916018249731125422e+01
2.149199999999999999e+00,2.916475943107751334e+01
2.149399999999999977e+00,2.917096693341129665e+01
2.149999999999999911e+00,2.917569188863040353e+01
2.150199999999999889e+00,2.917395649403336222e+01
2.150999999999999801e+00,2.917062190729878779e+01
2.151299999999999990e+00,2.915940410838261698e+01
2.152000000000000135e+00,2.915255000913184347e+01
2.152200000000000113e+00,2.914512522000180539e+01
2.152800000000000047e+00,2.913665840158925846e+01
2.153000000000000025e+00,2.912834156563062393e+01
2.153200000000000003e+00,2.912695889413441463e+01
2.153799999999999937e+00,2.912018581893850566e+01
2.153999999999999915e+00,2.912100188703387005e+01
2.154599999999999849e+00,2.912881728796994807e+01
2.154799999999999827e+00,2.913166026623370897e+01
2.155100000000000016e+00,2.913152135646727103e+01
2.155499999999999972e+00,2.913606362658451943e+01
2.155800000000000161e+00,2.913590049060439213e+01
2.156499999999999861e+00,2.912084186579520662e+01
2.156800000000000050e+00,2.912217186731731999e+01
2.157099999999999795e+00,2.912139209980629317e+01
2.157599999999999962e+00,2.912215693102920966e+01
2.157900000000000151e+00,2.912125859477154322e+01
2.158399999999999874e+00,2.913534197498277933e+01
2.158599999999999852e+00,2.914248513864406576e+01
2.158900000000000041e+00,2.915247447982547513e+01
2.159499999999999975e+00,2.915837908990152272e+01
2.159699999999999953e+00,2.916007704776536258e+01
2.160099999999999909e+00,2.915831785831451128e+01
2.160699999999999843e+00,2.914857205751775737e+01
2.161000000000000032e+00,2.913969745763804653e+01
2.161200000000000010e+00,2.913514910228292365e+01
2.161700000000000177e+00,2.912731343447973842e+01
2.161999999999999922e+00,2.912016692093652637e+01
2.162500000000000089e+00,2.911819656502665765e+01
2.162799999999999834e+00,2.911780599597560126e+01
2.162999999999999812e+00,2.911450855045508845e+01
2.163499999999999979e+00,2.911542595346057993e+01
2.163800000000000168e+00,2.911351055150191058e+01
2.164000000000000146e+00,2.911685949053334355e+01
2.164600000000000080e+00,2.911916284810858002e+01
2.164800000000000058e+00,2.911891930224470215e+01
2.165500000000000203e+00,2.912072554161768423e+01
2.165799999999999947e+00,2.912443712580126487e+01
2.166100000000000136e+00,2.911741011419854530e+01
2.166700000000000070e+00,2.911319835013321722e+01
2.166999999999999815e+00,2.910904219117202629e+01
2.167300000000000004e+00,2.910166859209303070e+01
2.167899999999999938e+00,2.909715529127712941e+01
2.168200000000000127e+00,2.910155171644996486e+01
2.168400000000000105e+00,2.910173886042138136e+01
2.168899999999999828e+00,2.909868932919605911e+01
2.169200000000000017e+00,2.910117088270366636e+01
2.169399999999999995e+00,2.909812002378685847e+01
2.169799999999999951e+00,2.909281256609004274e+01
2.170199999999999907e+00,2.908657527170107926e+01
2.170500000000000096e+00,2.908539691756602252e+01
2.171199999999999797e+00,2.908217114401646342e+01
2.171499999999999986e+00,2.908063646500649213e+01
2.172099999999999920e+00,2.907977319783838510e+01
2.172400000000000109e+00,2.907934845986745742e+01
2.172699999999999854e+00,2.907755642655158468e+01
2.173099999999999810e+00,2.907550856831771569e+01
2.173399999999999999e+00,2.907304025464934938e+01
2.173900000000000166e+00,2.906582339908575108e+01
2.174100000000000144e+00,2.905911534185688438e+01
2.174799999999999844e+00,2.905118404575002344e+01
2.174999999999999822e+00,2.904461274925173342e+01
2.175699999999999967e+00,2.903962630119577071e+01
2.176099999999999923e+00,2.903990787053509237e+01
2.176699999999999857e+00,2.904338326258154979e+01
2.176899999999999835e+00,2.905050622289079953e+01
2.177500000000000213e+00,2.905685497858634392e+01
2.177700000000000191e+00,2.906436047716753279e+01
2.178100000000000147e+00,2.906552143648212549e+01
2.178399999999999892e+00,2.906335971765633985e+01
2.178700000000000081e+00,2.906256190183012578e+01
2.179199999999999804e+00,2.906298089710237420e+01
2.179499999999999993e+00,2.906138162533365588e+01
2.179899999999999949e+00,2.906077657058682462e+01
2.180400000000000116e+00,2.906433692354909226e+01
2.180800000000000072e+00,2.906521856330848408e+01
2.181000000000000050e+00,2.906168592034237363e+01
2.181500000000000217e+00,2.905521911449145378e+01
2.181799999999999962e+00,2.904584166975054060e+01
2.182399999999999896e+00,2.903722800640821333e+01
2.182700000000000085e+00,2.902617670599659760e+01
2.182999999999999829e+00,2.901730435037760003e+01
2.183499999999999996e+00,2.900966261019797798e+01
2.183800000000000185e+00,2.901058556326698223e+01
2.184000000000000163e+00,2.900897766927398536e+01
2.184600000000000097e+00,2.901121878166938828e+01
2.184800000000000075e+00,2.901000588910297040e+01
2.185000000000000053e+00,2.901225234491861471e+01
2.185599999999999987e+00,2.901202775775307785e+01
2.185900000000000176e+00,2.901273764935353938e+01
2.186199999999999921e+00,2.900824332505620617e+01
2.186700000000000088e+00,2.900442940985498197e+01
2.186999999999999833e+00,2.900649694646339682e+01
2.187300000000000022e+00,2.900735661844285573e+01
2.188000000000000167e+00,2.900852922142046353e+01
2.188299999999999912e+00,2.900909345545658979e+01
2.188899999999999846e+00,2.901389038204869308e+01
2.189200000000000035e+00,2.901154351597234538e+01
2.189499999999999780e+00,2.900837768279489381e+01
2.189999999999999947e+00,2.899771555735710749e+01
2.190300000000000136e+00,2.898950124129896722e+01
2.190799999999999859e+00,2.898545551566664358e+01
2.191100000000000048e+00,2.898283623184730118e+01
2.191800000000000193e+00,2.898690787600081009e+01
2.192000000000000171e+00,2.898811505590236237e+01
2.192200000000000149e+00,2.899924760128496359e+01
2.192699999999999871e+00,2.900802799346864447e+01
2.193000000000000060e+00,2.901503059529492035e+01
2.193400000000000016e+00,2.901501051140617449e+01
2.193700000000000205e+00,2.901970022925805637e+01
2.193999999999999950e+00,2.901566645106360909e+01
2.194599999999999884e+00,2.900944098704569285e+01
2.194799999999999862e+00,2.900585449754737155e+01
2.195399999999999796e+00,2.900626663404505834e+01
2.195699999999999985e+00,2.900664896533617210e+01
2.195899999999999963e+00,2.900203206241759091e+01
2.196400000000000130e+00,2.899866951119936331e+01
2.196699999999999875e+00,2.899026727360744360e+01
2.197000000000000064e+00,2.897754904394428266e+01
2.197599999999999998e+00,2.896725132149135362e+01
2.197900000000000187e+00,2.896345289286808367e+01
2.198500000000000121e+00,2.895807850360058211e+01
2.198700000000000099e+00,2.895763501416107033e+01
2.198999999999999844e+00,2.896140616251225453e+01
2.199199999999999822e+00,2.896468217062140837e+01
2.199899999999999967e+00,2.896926972138630063e+01
2.200200000000000156e+00,2.897023151953760234e+01
2.200800000000000090e+00,2.897136080365790178e+01
2.201200000000000045e+00,2.897110551105019027e+01
2.201799999999999979e+00,2.897112496887411126e+01
2.202100000000000168e+00,2.896969914441952199e+01
2.202900000000000080e+00,2.897425203936789018e+01
2.203199999999999825e+00,2.897689342106052379e+01
2.204000000000000181e+00,2.898156244763524825e+01
2.204600000000000115e+00,2.898135276376481428e+01
2.204899999999999860e+00,2.897504319554991525e+01
2.205499999999999794e+00,2.896190940257845625e+01
2.205799999999999983e+00,2.894967891381286762e+01
2.206399999999999917e+00,2.894004871702986037e+01
2.206799999999999873e+00,2.893576799071485084e+01
2.207199999999999829e+00,2.894107501591451737e+01
2.207599999999999785e+00,2.895341999903621044e+01
2.208099999999999952e+00,2.896329349975296097e+01
2.208299999999999930e+00,2.896734781710848594e+01
2.208600000000000119e+00,2.897314058524288782e+01
2.209200000000000053e+00,2.897386567870461249e+01
2.209499999999999797e+00,2.897256748553709826e+01
2.210100000000000176e+00,2.897449357673121995e+01
2.210399999999999920e+00,2.897770751240233267e+01
2.210700000000000109e+00,2.898054970430220934e+01
2.211300000000000043e+00,2.898173734219395214e+01
2.211599999999999788e+00,2.897781885933714108e+01
2.211899999999999977e+00,2.897286391966685670e+01
2.212499999999999911e+00,2.896602661903673948e+01
2.212800000000000100e+00,2.895627737051824724e+01
2.213600000000000012e+00,2.894043880989567796e+01
2.213900000000000201e+00,2.893020235235403348e+01
2.214100000000000179e+00,2.892131334440109569e+01
2.214399999999999924e+00,2.891322414448281464e+01
2.214999999999999858e+00,2.890627564034423713e+01
2.215599999999999792e+00,2.890857152517411421e+01
2.215899999999999981e+00,2.891398093773940303e+01
2.216200000000000170e+00,2.891799501716766230e+01
2.216499999999999915e+00,2.892544353029686732e+01
2.217099999999999849e+00,2.893141807166295720e+01
2.217299999999999827e+00,2.894050592580236270e+01
2.217799999999999994e+00,2.894111501509209461e+01
2.217999999999999972e+00,2.894556032401820289e+01
2.218500000000000139e+00,2.894169403740108493e+01
2.218700000000000117e+00,2.893492027456927218e+01
2.219199999999999839e+00,2.892365593815625147e+01
2.219700000000000006e+00,2.891259749824930125e+01
2.219899999999999984e+00,2.889998720586396175e+01
2.220400000000000151e+00,2.888953146787150672e+01
2.220699999999999896e+00,2.888339950223997477e+01
2.221200000000000063e+00,2.888008192941234498e+01
2.221600000000000019e+00,2.888021011373685454e+01
2.222199999999999953e+00,2.888364083060410081e+01
2.222799999999999887e+00,2.888447878151868409e+01
2.223100000000000076e+00,2.888709944167144883e+01
2.223700000000000010e+00,2.888620521652849149e+01
2.224000000000000199e+00,2.888910144526736445e+01
2.224200000000000177e+00,2.889049010772599857e+01
2.224699999999999900e+00,2.889422753739494354e+01
2.224899999999999878e+00,2.889279612229662675e+01
2.225400000000000045e+00,2.888940631335018949e+01
2.225600000000000023e+00,2.888276680401085983e+01
2.226100000000000190e+00,2.887478081061665236e+01
2.226300000000000168e+00,2.887824775542250677e+01
2.226900000000000102e+00,2.888445668767107932e+01
2.227100000000000080e+00,2.889853245259156367e+01
2.227300000000000058e+00,2.891604478599958838e+01
2.227700000000000014e+00,2.892175688783710896e+01
2.228099999999999969e+00,2.891493680134754740e+01
2.228499999999999925e+00,2.891105879190553907e+01
2.228800000000000114e+00,2.890155530512920379e+01
2.229000000000000092e+00,2.888926083214094831e+01
2.229900000000000215e+00,2.888102148024767146e+01
2.230100000000000193e+00,2.888066334005824132e+01
2.230500000000000149e+00,2.887470344987038828e+01
2.230799999999999894e+00,2.887228142548003973e+01
2.231100000000000083e+00,2.886602687589133254e+01
2.231500000000000039e+00,2.886814114969208944e+01
2.231700000000000017e+00,2.886571985718119748e+01
2.232200000000000184e+00,2.886447381507284149e+01
2.232400000000000162e+00,2.885234004337700142e+01
2.232699999999999907e+00,2.884867633920066510e+01
2.232899999999999885e+00,2.884343634065387718e+01
2.233299999999999841e+00,2.883972524415302274e+01
2.233600000000000030e+00,2.883440443526794184e+01
2.234100000000000197e+00,2.883840961101605060e+01
2.234399999999999942e+00,2.883380175767307918e+01
2.234799999999999898e+00,2.882792388014258478e+01
2.235100000000000087e+00,2.882383763270260246e+01
2.235300000000000065e+00,2.882698495016063234e+01
2.235599999999999810e+00,2.883231724269698759e+01
2.236099999999999977e+00,2.884256816637450171e+01
2.236499999999999932e+00,2.885384144788964988e+01
2.236699999999999910e+00,2.886106899967565909e+01
2.237099999999999866e+00,2.886668424516184217e+01
2.237299999999999844e+00,2.886559120319502014e+01
2.237600000000000033e+00,2.886708481125992876e+01
2.237999999999999989e+00,2.886289842771272873e+01
2.238199999999999967e+00,2.886013069421570520e+01
2.238599999999999923e+00,2.885031179797870848e+01
2.238799999999999901e+00,2.884458838047475737e+01
2.239199999999999857e+00,2.883391801400156851e+01
2.239399999999999835e+00,2.882572433147227997e+01
2.239500000000000046e+00,2.881910983425041550e+01
2.239700000000000024e+00,2.881703643366121881e+01
2.240299999999999958e+00,2.881557281830388817e+01
2.240499999999999936e+00,2.881625744999585237e+01
2.240899999999999892e+00,2.881806887752851054e+01
2.241499999999999826e+00,2.882023226894935419e+01
2.241699999999999804e+00,2.882716740743216377e+01
2.241800000000000015e+00,2.883224334976081238e+01
2.242100000000000204e+00,2.883655480850557140e+01
2.242300000000000182e+00,2.883906593914395700e+01
2.242599999999999927e+00,2.884065203613626593e+01
2.242999999999999883e+00,2.883677020394124924e+01
2.243199999999999861e+00,2.883193650457384294e+01
2.243700000000000028e+00,2.882807542140323420e+01
2.244000000000000217e+00,2.882460594252614428e+01
2.244200000000000195e+00,2.881466080989148892e+01
2.244499999999999940e+00,2.880516138576743757e+01
2.244699999999999918e+00,2.880024162085495831e+01
2.245000000000000107e+00,2.879815389850521612e+01
2.245299999999999851e+00,2.879540291424391540e+01
2.245699999999999807e+00,2.879784630415059965e+01
2.246199999999999974e+00,2.880379983317024184e+01
2.246300000000000185e+00,2.880450291335888480e+01
2.246900000000000119e+00,2.879876680139765099e+01
2.247100000000000097e+00,2.879684739578026154e+01
2.247300000000000075e+00,2.880021382826160448e+01
2.247599999999999820e+00,2.879580480476248638e+01
2.247799999999999798e+00,2.879734663371528214e+01
2.248200000000000198e+00,2.880088330929837426e+01
2.248299999999999965e+00,2.879835220906264226e+01
2.248699999999999921e+00,2.879316769340211124e+01
2.249000000000000110e+00,2.879550170415549815e+01
2.249499999999999833e+00,2.879242205980458991e+01
2.249600000000000044e+00,2.879331613483902075e+01
2.249800000000000022e+00,2.879621064452841850e+01
2.250000000000000000e+00,2.879775143633615642e+01
2.250399999999999956e+00,2.879618869564043493e+01
2.250500000000000167e+00,2.879514138815045143e+01
2.250599999999999934e+00,2.879037451354603760e+01
2.251100000000000101e+00,2.878544644619391235e+01
2.251300000000000079e+00,2.878893027711086461e+01
2.251599999999999824e+00,2.879340086677812849e+01
2.251999999999999780e+00,2.879562959177199133e+01
2.252299999999999969e+00,2.879849605394975853e+01
2.252499999999999947e+00,2.880279701131239634e+01
2.252800000000000136e+00,2.880223669339867598e+01
2.252899999999999903e+00,2.880070425865868344e+01
2.253200000000000092e+00,2.880185912783533908e+01
2.253400000000000070e+00,2.880063005230023521e+01
2.253699999999999815e+00,2.880202866425804231e+01
2.253899999999999793e+00,2.879873501398675728e+01
2.254300000000000193e+00,2.879584508459246806e+01
2.254399999999999959e+00,2.879000944031157516e+01
2.254799999999999915e+00,2.878677907259180913e+01
2.255100000000000104e+00,2.878243553075932581e+01
2.255300000000000082e+00,2.877732553609021338e+01
2.255599999999999827e+00,2.877086091075700125e+01
2.255799999999999805e+00,2.876768535681876671e+01
2.255900000000000016e+00,2.877384509375072241e+01
2.256400000000000183e+00,2.877926358307322374e+01
2.256499999999999950e+00,2.878935490887500137e+01
2.256899999999999906e+00,2.880013218331388813e+01
2.257099999999999884e+00,2.880889272159293313e+01
2.257299999999999862e+00,2.881230817805395716e+01
2.257600000000000051e+00,2.881460267464992597e+01
2.257699999999999818e+00,2.881150568014678015e+01
2.258100000000000218e+00,2.880739791381107295e+01
2.258399999999999963e+00,2.879927610545690797e+01
2.258799999999999919e+00,2.878932271017026778e+01
2.258999999999999897e+00,2.877873092047473946e+01
2.259199999999999875e+00,2.876643806265545678e+01
2.259399999999999853e+00,2.876151187761938743e+01
2.259599999999999831e+00,2.875601560310222027e+01
2.259799999999999809e+00,2.875461184070275067e+01
2.259999999999999787e+00,2.875428514364092791e+01
2.260299999999999976e+00,2.875599441295081959e+01
2.260499999999999954e+00,2.874608704482580990e+01
2.260800000000000143e+00,2.874449199618833362e+01
2.261000000000000121e+00,2.874071328848957307e+01
2.261200000000000099e+00,2.873884363225344885e+01
2.261400000000000077e+00,2.874505332142626912e+01
2.261699999999999822e+00,2.875418900959141766e+01
2.261800000000000033e+00,2.875846519113071409e+01
2.261899999999999800e+00,2.875966916909517224e+01
2.262100000000000222e+00,2.876241174678203549e+01
2.262300000000000200e+00,2.875725190599023762e+01
2.262399999999999967e+00,2.875709208477049117e+01
2.262799999999999923e+00,2.875842862675412803e+01
2.262999999999999901e+00,2.875144693509928118e+01
2.263300000000000090e+00,2.874296371345508661e+01
2.263500000000000068e+00,2.873940097194880394e+01
2.263599999999999834e+00,2.873268701369139322e+01
2.263799999999999812e+00,2.872829524787000466e+01
2.263999999999999790e+00,2.873090845849442587e+01
2.264200000000000212e+00,2.872686817959273498e+01
2.264299999999999979e+00,2.872250454883155868e+01
2.264499999999999957e+00,2.871984371669756442e+01
2.264899999999999913e+00,2.871810734510939511e+01
2.265000000000000124e+00,2.871493633000014256e+01
2.265299999999999869e+00,2.872191500762333405e+01
2.265400000000000080e+00,2.872979500379914697e+01
2.265699999999999825e+00,2.873665303546647465e+01
2.265800000000000036e+00,2.873939027698356696e+01
2.266000000000000014e+00,2.874091731758860746e+01
2.266199999999999992e+00,2.873981102691920597e+01
2.266300000000000203e+00,2.873750659701797261e+01
2.266700000000000159e+00,2.873663657834074669e+01
2.266799999999999926e+00,2.873437849728584226e+01
2.266999999999999904e+00,2.873612766123359208e+01
2.267100000000000115e+00,2.873977463659013765e+01
2.267500000000000071e+00,2.874344073795899135e+01
2.267599999999999838e+00,2.874416620842717407e+01
2.267700000000000049e+00,2.874614514646992092e+01
2.267799999999999816e+00,2.874625094868736497e+01
2.267999999999999794e+00,2.874263951715364129e+01
2.268200000000000216e+00,2.873477558544818322e+01
2.268299999999999983e+00,2.872713493183366040e+01
2.268699999999999939e+00,2.872039047945865775e+01
2.268899999999999917e+00,2.871421999710038975e+01
2.269200000000000106e+00,2.871057614692914939e+01
2.269499999999999851e+00,2.870908377872276418e+01
2.269600000000000062e+00,2.870680579347027006e+01
2.269899999999999807e+00,2.870428974874829109e+01
2.270099999999999785e+00,2.870426267474303827e+01
2.270399999999999974e+00,2.870334834579676198e+01
2.270500000000000185e+00,2.869969715139467326e+01
2.270999999999999908e+00,2.870355847140189454e+01
2.271100000000000119e+00,2.870930700657461188e+01
2.271199999999999886e+00,2.871440541785703005e+01
2.271300000000000097e+00,2.871702960394381776e+01
2.271599999999999842e+00,2.871948149399707972e+01
2.271900000000000031e+00,2.871410971157112257e+01
2.272200000000000220e+00,2.870464492217293540e+01
2.272499999999999964e+00,2.869475278074461500e+01
2.272600000000000176e+00,2.868581093586528397e+01
2.273099999999999898e+00,2.868166547114250520e+01
2.273200000000000109e+00,2.868670153477138385e+01
2.273499999999999854e+00,2.869710214548100069e+01
2.273699999999999832e+00,2.870309715690222063e+01
2.273899999999999810e+00,2.870946334448775517e+01
2.274000000000000021e+00,2.871913684324413651e+01
2.274500000000000188e+00,2.872357275644355212e+01
2.274700000000000166e+00,2.872856467664115598e+01
2.274799999999999933e+00,2.873379888768265289e+01
2.274900000000000144e+00,2.873717407002743585e+01
2.274999999999999911e+00,2.873597412103088899e+01
2.275199999999999889e+00,2.872442894874249575e+01
2.275300000000000100e+00,2.871294208354355249e+01
2.275799999999999823e+00,2.870479853502605039e+01
2.275999999999999801e+00,2.869939368703541760e+01
2.276299999999999990e+00,2.869190792656709021e+01
2.276499999999999968e+00,2.869388224946348842e+01
2.276699999999999946e+00,2.869445765374915425e+01
2.276899999999999924e+00,2.869532705275274509e+01
2.277200000000000113e+00,2.869606245560678914e+01
2.277499999999999858e+00,2.869479583160134339e+01
2.277800000000000047e+00,2.869221014551609983e+01
2.277899999999999814e+00,2.868739437771494494e+01
2.278200000000000003e+00,2.868200443436724711e+01
2.278500000000000192e+00,2.867551633360130836e+01
2.278700000000000170e+00,2.867111410513743408e+01
2.279199999999999893e+00,2.867554531951545016e+01
2.279300000000000104e+00,2.867649617011556629e+01
2.279399999999999871e+00,2.867450736346009421e+01
2.279599999999999849e+00,2.867484239510939759e+01
2.279799999999999827e+00,2.867077260058853128e+01
2.279999999999999805e+00,2.866443312495356466e+01
2.280299999999999994e+00,2.866647977693220284e+01
2.280499999999999972e+00,2.867152240211435199e+01
2.280800000000000161e+00,2.867475647725215637e+01
2.280899999999999928e+00,2.867727322024169467e+01
2.281099999999999905e+00,2.867041876639090958e+01
2.281400000000000095e+00,2.866574002204995253e+01
2.281600000000000072e+00,2.865595370630188299e+01
2.281699999999999839e+00,2.865077485285161529e+01
2.282000000000000028e+00,2.864830511586220751e+01
2.282099999999999795e+00,2.864877699641455777e+01
2.282200000000000006e+00,2.864744549501534010e+01
2.282599999999999962e+00,2.864670020602342859e+01
2.282799999999999940e+00,2.863608069058567906e+01
2.283100000000000129e+00,2.862832160877650978e+01
2.283199999999999896e+00,2.862403925071258826e+01
2.283300000000000107e+00,2.861806228945227204e+01
2.283599999999999852e+00,2.861951188984821570e+01
2.283799999999999830e+00,2.862786156521260494e+01
2.283900000000000041e+00,2.863104608293173214e+01
2.284100000000000019e+00,2.862867324840350491e+01
2.284299999999999997e+00,2.863197861027593660e+01
2.284499999999999975e+00,2.863749724731668067e+01
2.284699999999999953e+00,2.863986789470712324e+01
2.285000000000000142e+00,2.864999352090390872e+01
2.285099999999999909e+00,2.866725358332458384e+01
2.285299999999999887e+00,2.866993832738491932e+01
2.285499999999999865e+00,2.866374187386957573e+01
2.285800000000000054e+00,2.865727397676826627e+01
2.285899999999999821e+00,2.865242590730331074e+01
2.286099999999999799e+00,2.864246737716311131e+01
2.286399999999999988e+00,2.864406609134517367e+01
2.286500000000000199e+00,2.864867862267976761e+01
2.286799999999999944e+00,2.865207994998293017e+01
2.286900000000000155e+00,2.865141858992528867e+01
2.287199999999999900e+00,2.864784632278880849e+01
2.287399999999999878e+00,2.864160478749112926e+01
2.287700000000000067e+00,2.863619412157446575e+01
2.287900000000000045e+00,2.863165263070428779e+01
2.288199999999999790e+00,2.862563426463450256e+01
2.288300000000000001e+00,2.862339680793829899e+01
2.288499999999999979e+00,2.861611716650489257e+01
2.288600000000000190e+00,2.861038906083263100e+01
2.288699999999999957e+00,2.860656878180805052e+01
2.288899999999999935e+00,2.860824544461240038e+01
2.289099999999999913e+00,2.860429907915015590e+01
2.289400000000000102e+00,2.859989700660321432e+01
2.289499999999999869e+00,2.859881901616805422e+01
2.289699999999999847e+00,2.860233224060013768e+01
2.290000000000000036e+00,2.860652225121485159e+01
2.290200000000000014e+00,2.861554601823360500e+01
2.290399999999999991e+00,2.863048837220692278e+01
2.290500000000000203e+00,2.864197490071594743e+01
2.290599999999999969e+00,2.864673316854383955e+01
2.290700000000000180e+00,2.865193637346758848e+01
2.290799999999999947e+00,2.865957208035397841e+01
2.290999999999999925e+00,2.866377318949562181e+01
2.291399999999999881e+00,2.866412577407100315e+01
2.291599999999999859e+00,2.866894635607042119e+01
2.291700000000000070e+00,2.866130325650293997e+01
2.291799999999999837e+00,2.864987811641915982e+01
2.291900000000000048e+00,2.864245785568858693e+01
2.292199999999999793e+00,2.863970968159710750e+01
2.292400000000000215e+00,2.862610727153595036e+01
2.292600000000000193e+00,2.861950125400286282e+01
2.292800000000000171e+00,2.861450903066826612e+01
2.292899999999999938e+00,2.861326809206064326e+01
2.293200000000000127e+00,2.861479555289622212e+01
2.293299999999999894e+00,2.862564976058384048e+01
2.293400000000000105e+00,2.863687326472991757e+01
2.293499999999999872e+00,2.864680449020359276e+01
2.293600000000000083e+00,2.864706050603727761e+01
2.293699999999999850e+00,2.863986934698827369e+01
2.293800000000000061e+00,2.863209201003085624e+01
