# T (K), dc/c (x 1e-5)
2.312600000000000211e+00,-0.000000000000000000e+00
2.309699999999999864e+00,1.350939533573125573e-02
2.305200000000000138e+00,9.048160928473020226e-02
2.298000000000000043e+00,1.474194356983205001e-01
2.278300000000000214e+00,2.225470832215893646e-01
2.265299999999999869e+00,3.360975704947387621e-01
2.257600000000000051e+00,2.887386872488933998e-01
2.257299999999999862e+00,2.031295874092148290e-01
2.256600000000000161e+00,1.900260689381531864e-01
2.256299999999999972e+00,1.479881178235824268e-01
2.256099999999999994e+00,1.051542417930192985e-01
2.255599999999999827e+00,8.951318576748412692e-02
2.255399999999999849e+00,1.442521068086184688e-01
2.255100000000000104e+00,1.759545719904644090e-01
2.254599999999999937e+00,1.907429457436403408e-01
2.254199999999999982e+00,1.421685300167889465e-01
2.254000000000000004e+00,1.606577626746263920e-01
2.253400000000000070e+00,2.113156949113195737e-01
2.253099999999999881e+00,2.412231406216484852e-01
2.252899999999999903e+00,1.494604074601425803e-01
2.252099999999999991e+00,3.080543725146427381e-01
2.251900000000000013e+00,2.625993752926325531e-01
2.251599999999999824e+00,2.081335567357886496e-01
2.250900000000000123e+00,3.125591635234382659e-01
2.250599999999999934e+00,2.890089899470864587e-01
2.250300000000000189e+00,2.438403408761696811e-01
2.249800000000000022e+00,2.956290423196915595e-01
2.249499999999999833e+00,2.126114386612892870e-01
2.249200000000000088e+00,2.175161084982252246e-01
2.248800000000000132e+00,1.012037671657348148e-01
2.248499999999999943e+00,1.055322904483339819e-01
2.248299999999999965e+00,1.654614009215238379e-01
2.247599999999999820e+00,2.768759500002166973e-01
2.247399999999999842e+00,2.642635014048038133e-01
2.247199999999999864e+00,1.693050756836761428e-01
2.246700000000000141e+00,2.516170368317693917e-01
2.246500000000000163e+00,2.262320548145589638e-01
2.246300000000000185e+00,2.311508111781448993e-01
2.245800000000000018e+00,2.673665982545064823e-01
2.245499999999999829e+00,3.453753356226843541e-01
2.244899999999999896e+00,5.182694246528597448e-01
2.244699999999999918e+00,3.448951246822276606e-01
2.244299999999999962e+00,2.980423597388586199e-01
2.243799999999999795e+00,3.578169907004873362e-01
2.243599999999999817e+00,2.961448662634931228e-01
2.243300000000000072e+00,2.933143539463403671e-01
2.242799999999999905e+00,4.697436287125905663e-01
2.242599999999999927e+00,2.965855047648742193e-01
2.242100000000000204e+00,2.674793433888288385e-01
2.231500000000000039e+00,3.692504446815500496e-01
2.206399999999999917e+00,4.652749594662337618e-01
2.141700000000000159e+00,6.954004222989134121e-01
2.100800000000000001e+00,7.377562942874859031e-01
2.024700000000000166e+00,1.056755976976478273e+00
1.992099999999999982e+00,9.739631470820007131e-01
1.963899999999999979e+00,1.111168957064218699e+00
1.922199999999999909e+00,1.037519233160200116e+00
1.913399999999999990e+00,1.116534373359762133e+00
1.911599999999999966e+00,1.009663851221989539e+00
1.911000000000000032e+00,1.070465165508519778e+00
1.910500000000000087e+00,1.158830128524489300e+00
1.909799999999999942e+00,9.884548932435899271e-01
1.909699999999999953e+00,1.103389278526729189e+00
1.909599999999999964e+00,8.809284314042175046e-01
1.909499999999999975e+00,1.122710380158098431e+00
1.909100000000000019e+00,9.999041654771765320e-01
1.908700000000000063e+00,1.097887472599392344e+00
1.908500000000000085e+00,1.014538417992271624e+00
1.908300000000000107e+00,9.794677708914629743e-01
1.908099999999999907e+00,1.068678635413825795e+00
1.907699999999999951e+00,1.023702917860198847e+00
1.907499999999999973e+00,9.753962224229479894e-01
1.906700000000000061e+00,9.884185216778480498e-01
1.905999999999999917e+00,1.000194875987354903e+00
1.904900000000000038e+00,1.042959725090254697e+00
1.902400000000000091e+00,9.964156253221625459e-01
1.901200000000000001e+00,1.075415644563766593e+00
1.898400000000000087e+00,1.093793861959950542e+00
1.896900000000000031e+00,1.068459397642138820e+00
1.895299999999999985e+00,9.393341110196413712e-01
1.891999999999999904e+00,1.036383646348549403e+00
1.890300000000000091e+00,1.101901022197964597e+00
1.888500000000000068e+00,1.150757621473825987e+00
1.886600000000000055e+00,9.843161534882522989e-01
1.882800000000000029e+00,1.024765305013102035e+00
1.880800000000000027e+00,1.047532693557954531e+00
1.878800000000000026e+00,1.152330580862521270e+00
1.876800000000000024e+00,1.159936389744792296e+00
1.872900000000000009e+00,1.131402270377040331e+00
1.870999999999999996e+00,1.078252725228261211e+00
1.869199999999999973e+00,1.023491946071028558e+00
1.867299999999999960e+00,1.043190857620990952e+00
1.864400000000000057e+00,9.662102916172671252e-01
1.863899999999999890e+00,1.146719764748022730e+00
1.863599999999999923e+00,1.000235321640778663e+00
1.863399999999999945e+00,9.561155002959197402e-01
1.863099999999999978e+00,1.062655270563095389e+00
1.862900000000000000e+00,1.002760380895174830e+00
1.862800000000000011e+00,1.026738670914864482e+00
1.862400000000000055e+00,1.107450149777974069e+00
1.862200000000000077e+00,1.059859956295625905e+00
1.862000000000000099e+00,1.102574676071620852e+00
1.861599999999999921e+00,1.119119017975543029e+00
1.861399999999999944e+00,1.145352854216904248e+00
1.861099999999999977e+00,1.108074047828297548e+00
1.860600000000000032e+00,1.047704493244757451e+00
1.858800000000000008e+00,1.041058084925213567e+00
1.857599999999999918e+00,1.146712640998689192e+00
1.855399999999999938e+00,1.160193228059124060e+00
1.854300000000000059e+00,1.194768488152996078e+00
1.853099999999999969e+00,1.162507833653032119e+00
1.850400000000000045e+00,1.062234616981162727e+00
1.848899999999999988e+00,9.625639878488821966e-01
1.847399999999999931e+00,9.537482516891460094e-01
1.844100000000000072e+00,9.948841183957634060e-01
1.842500000000000027e+00,1.004313876028575692e+00
1.840799999999999992e+00,1.100771118029125084e+00
1.836300000000000043e+00,1.002135681563935066e+00
1.834799999999999986e+00,1.067421226599949646e+00
1.833299999999999930e+00,1.060714519655718613e+00
1.830600000000000005e+00,1.009294722282161993e+00
1.829299999999999926e+00,1.136101064534711380e+00
1.828000000000000069e+00,1.030316850483738778e+00
1.825199999999999934e+00,1.056324886768936988e+00
1.823800000000000088e+00,9.989793016578797369e-01
1.822400000000000020e+00,9.590494385842452951e-01
1.819199999999999928e+00,1.003603934103015849e+00
1.817600000000000104e+00,8.599792371036598659e-01
1.815900000000000070e+00,9.092739839702996818e-01
1.812500000000000000e+00,1.031491128901298238e+00
1.810699999999999976e+00,1.026606379094484378e+00
1.808999999999999941e+00,8.865684898732607566e-01
1.805600000000000094e+00,8.630453463049150287e-01
1.803800000000000070e+00,8.768268819901379185e-01
1.802100000000000035e+00,8.345749163079542177e-01
1.798999999999999932e+00,8.970535778973776075e-01
1.797500000000000098e+00,8.293400818188030321e-01
1.794599999999999973e+00,8.824108315076684139e-01
1.793199999999999905e+00,9.486536493090793609e-01
1.792200000000000015e+00,9.867823814956565576e-01
1.792100000000000026e+00,1.117154523151264067e+00
1.791800000000000059e+00,1.012757838317682069e+00
1.791400000000000103e+00,1.019866669193375541e+00
1.791099999999999914e+00,9.256463036112078102e-01
1.790699999999999958e+00,9.458755014374320425e-01
1.790399999999999991e+00,9.117461774239832284e-01
1.790100000000000025e+00,9.445413689224656517e-01
1.789800000000000058e+00,1.038998662528968442e+00
1.789700000000000069e+00,1.035014340107758724e+00
1.789299999999999891e+00,9.036770479411635471e-01
1.788599999999999968e+00,9.560011922543285579e-01
1.788300000000000001e+00,9.718511617263017044e-01
1.787800000000000056e+00,8.663069784505330606e-01
1.787700000000000067e+00,9.473599299492270198e-01
1.787400000000000100e+00,9.523341701699050699e-01
1.787099999999999911e+00,8.832897575270469703e-01
1.786399999999999988e+00,8.286210029911575958e-01
1.786000000000000032e+00,7.196522927709926298e-01
1.785700000000000065e+00,8.392870934664959925e-01
1.785600000000000076e+00,8.691229957065449430e-01
1.785099999999999909e+00,8.729799608992588889e-01
1.784999999999999920e+00,8.396228378212099441e-01
1.784599999999999964e+00,9.562890083991172352e-01
1.783900000000000041e+00,8.308231908123187015e-01
1.783600000000000074e+00,9.624587263092065914e-01
1.783400000000000096e+00,8.808590432452835239e-01
1.782699999999999951e+00,8.704031480508307439e-01
1.782499999999999973e+00,9.252249551601130495e-01
1.782399999999999984e+00,8.420228472817357090e-01
1.781900000000000039e+00,8.728433673535831439e-01
1.781600000000000072e+00,8.471405618762015699e-01
1.780999999999999917e+00,9.972907710902555456e-01
1.780899999999999928e+00,9.692839179880480271e-01
1.780499999999999972e+00,9.617947621557570992e-01
1.780200000000000005e+00,8.557445502688741934e-01
1.779500000000000082e+00,8.899476538411742466e-01
1.779400000000000093e+00,9.294651172130942163e-01
1.779199999999999893e+00,8.749033529074218274e-01
1.778899999999999926e+00,9.447537222302335724e-01
1.778299999999999992e+00,9.279087754613529748e-01
1.778200000000000003e+00,8.128703783538866467e-01
1.778000000000000025e+00,9.549515192533788444e-01
1.777800000000000047e+00,9.288445728812023683e-01
1.777700000000000058e+00,8.453967506323600833e-01
1.777099999999999902e+00,8.585177231809280052e-01
1.776799999999999935e+00,9.158278358178950640e-01
1.776000000000000023e+00,9.232181805094927807e-01
1.775700000000000056e+00,9.045909116438439757e-01
1.775400000000000089e+00,8.707405040431042131e-01
1.775199999999999889e+00,9.834081741214723005e-01
1.774799999999999933e+00,8.537379367652176976e-01
1.774499999999999966e+00,9.010816449024107166e-01
1.774199999999999999e+00,9.306280660753042389e-01
1.773600000000000065e+00,7.385592218151632027e-01
1.773300000000000098e+00,7.445195568893565596e-01
1.772899999999999920e+00,8.336780252840049199e-01
1.772199999999999998e+00,6.173897036967218588e-01
1.771800000000000042e+00,7.637478945133127084e-01
1.771500000000000075e+00,7.117347708529564443e-01
1.770899999999999919e+00,7.256892859379936445e-01
1.770699999999999941e+00,8.101226349597860921e-01
1.770499999999999963e+00,8.010399769300263761e-01
1.769800000000000040e+00,8.071829984006122505e-01
1.769600000000000062e+00,7.922750459907375031e-01
1.769500000000000073e+00,9.034297488721803049e-01
1.769300000000000095e+00,9.167188322354268282e-01
1.769200000000000106e+00,8.970810490228388057e-01
1.768599999999999950e+00,8.800842379037832064e-01
1.768000000000000016e+00,9.126555348576079751e-01
1.767800000000000038e+00,8.969281035491917242e-01
1.767700000000000049e+00,9.103777178882770382e-01
1.767400000000000082e+00,8.798226355086549155e-01
1.766999999999999904e+00,7.697496327815738226e-01
1.766299999999999981e+00,7.427379769163120482e-01
1.766100000000000003e+00,1.033857536326693971e+00
1.766000000000000014e+00,8.366813401121733218e-01
1.765700000000000047e+00,8.578810728573221800e-01
1.764999999999999902e+00,8.679584614088193817e-01
1.764699999999999935e+00,7.970187128704397939e-01
1.764100000000000001e+00,8.327483682440267598e-01
1.763800000000000034e+00,8.669270268407691660e-01
1.763500000000000068e+00,9.762615158952387961e-01
1.763300000000000090e+00,7.090898391575068960e-01
1.762899999999999912e+00,1.019892301962546544e+00
1.762799999999999923e+00,7.917373488261665315e-01
1.762499999999999956e+00,9.496331289831836386e-01
1.762199999999999989e+00,9.049187273696239764e-01
1.761800000000000033e+00,6.032438987167363376e-01
1.761500000000000066e+00,9.382708159010217930e-01
1.761200000000000099e+00,9.397586273314149086e-01
1.760899999999999910e+00,8.048414800821378501e-01
1.760599999999999943e+00,8.737933327882841938e-01
1.760299999999999976e+00,8.850593167570099951e-01
1.759700000000000042e+00,8.538411700322046105e-01
1.759500000000000064e+00,9.199052933134971299e-01
1.759400000000000075e+00,9.496438862456255681e-01
1.759100000000000108e+00,8.872807198334262679e-01
1.758999999999999897e+00,7.215552627101717853e-01
1.758399999999999963e+00,8.986716041793456622e-01
1.758000000000000007e+00,9.090357276743572523e-01
1.757700000000000040e+00,9.138791157436120249e-01
1.757200000000000095e+00,7.913169258302703568e-01
1.756899999999999906e+00,7.013471091032661420e-01
1.756399999999999961e+00,8.520150486274191692e-01
1.756299999999999972e+00,7.736100385340172192e-01
1.755800000000000027e+00,7.173368249823071086e-01
1.755400000000000071e+00,6.832460467155743178e-01
1.754799999999999915e+00,7.366070810774748567e-01
1.754699999999999926e+00,6.841669583137686139e-01
1.754599999999999937e+00,8.205918141336241423e-01
1.753900000000000015e+00,7.963021660271386581e-01
1.753600000000000048e+00,7.374248741766863402e-01
1.753300000000000081e+00,8.418712249166383499e-01
1.753200000000000092e+00,7.358149903594589647e-01
1.752699999999999925e+00,7.252656619816805206e-01
1.752599999999999936e+00,7.292068236007011039e-01
1.752399999999999958e+00,7.215588447205545375e-01
1.752099999999999991e+00,7.406693634325056674e-01
1.751400000000000068e+00,6.598608058382311459e-01
1.751100000000000101e+00,7.532478645486291313e-01
1.750699999999999923e+00,7.709068653898378809e-01
1.750099999999999989e+00,6.720245657913271886e-01
1.750000000000000000e+00,8.369373207665551373e-01
1.749600000000000044e+00,7.840458611291580837e-01
1.749200000000000088e+00,6.777131786472705421e-01
1.749100000000000099e+00,6.776402971521606755e-01
1.748699999999999921e+00,6.569622472797804758e-01
1.748599999999999932e+00,7.938348237976518007e-01
1.748299999999999965e+00,7.445619209901256363e-01
1.747999999999999998e+00,7.515989735830224117e-01
1.747800000000000020e+00,7.576083306656301586e-01
1.747300000000000075e+00,8.105349515571437236e-01
1.746699999999999919e+00,6.610337032464213003e-01
1.746599999999999930e+00,8.252415407364148692e-01
1.745999999999999996e+00,7.595156924483821292e-01
1.745500000000000052e+00,7.299726219558988483e-01
1.745200000000000085e+00,6.971552884327443245e-01
1.744899999999999896e+00,8.522973102601493212e-01
1.744699999999999918e+00,7.060695720985734614e-01
1.744399999999999951e+00,8.588045184879621319e-01
1.744299999999999962e+00,7.566480262485679731e-01
1.743800000000000017e+00,7.212874642197574238e-01
1.743700000000000028e+00,8.394895374389323983e-01
1.743500000000000050e+00,7.706551454861494399e-01
1.743400000000000061e+00,7.445732492591776719e-01
1.743200000000000083e+00,7.411458630858687169e-01
1.742899999999999894e+00,6.813745671112141356e-01
1.742599999999999927e+00,7.123643196764450902e-01
1.742299999999999960e+00,6.684622566150398848e-01
1.742199999999999971e+00,7.143684185605992942e-01
1.741900000000000004e+00,7.553695004976733740e-01
1.741600000000000037e+00,6.958077561360597185e-01
1.741500000000000048e+00,7.144067207254245488e-01
1.741000000000000103e+00,7.629348679235106179e-01
1.740799999999999903e+00,6.332365705450683224e-01
1.740699999999999914e+00,7.297757739166410573e-01
1.740499999999999936e+00,7.196053784262745889e-01
1.740299999999999958e+00,8.210455509085126113e-01
1.739900000000000002e+00,7.556927833609130563e-01
1.739700000000000024e+00,8.070639794527899591e-01
1.739300000000000068e+00,7.504899023826061555e-01
1.738899999999999890e+00,6.658068381127680846e-01
1.738199999999999967e+00,7.212618582590029082e-01
1.737900000000000000e+00,7.640491755761709136e-01
1.737600000000000033e+00,7.288818026152283913e-01
1.736900000000000110e+00,7.267765903137823891e-01
1.736599999999999921e+00,7.372963667790811693e-01
1.735899999999999999e+00,6.808443559586270233e-01
1.735700000000000021e+00,7.332934291529209503e-01
1.735100000000000087e+00,7.827625831828382008e-01
1.734799999999999898e+00,9.294353350964776883e-01
1.734499999999999931e+00,6.684428057143407820e-01
1.733800000000000008e+00,6.680432768286712619e-01
1.733500000000000041e+00,7.419830067606492108e-01
1.733200000000000074e+00,6.495451008117596459e-01
1.732499999999999929e+00,6.390883920005980823e-01
1.731800000000000006e+00,7.473096353935275715e-01
1.731500000000000039e+00,7.105378224135476817e-01
1.731200000000000072e+00,7.088795484112321299e-01
1.730799999999999894e+00,6.920016891050727592e-01
1.730199999999999960e+00,6.006803364038727500e-01
1.729800000000000004e+00,6.101581277670637959e-01
1.729500000000000037e+00,6.646510797533520254e-01
1.728900000000000103e+00,5.073978925379529770e-01
1.728699999999999903e+00,4.347294103239189855e-01
1.728399999999999936e+00,5.470462429398199600e-01
1.727700000000000014e+00,4.749595918452677035e-01
1.727400000000000047e+00,5.263288331827307154e-01
1.726699999999999902e+00,6.125113957053917035e-01
1.726299999999999946e+00,5.814930952040102685e-01
1.725899999999999990e+00,5.364878525211669302e-01
1.725200000000000067e+00,6.063571327199688277e-01
1.725000000000000089e+00,5.644613436927952144e-01
1.724699999999999900e+00,6.871216804396791389e-01
1.724099999999999966e+00,8.258358992054536385e-01
1.723799999999999999e+00,6.908809672138277458e-01
1.723400000000000043e+00,7.372863027358191879e-01
1.722800000000000109e+00,6.708402604356338284e-01
1.722499999999999920e+00,6.178339427889354418e-01
1.722099999999999964e+00,6.087748399326124993e-01
1.721500000000000030e+00,4.829117572555455262e-01
1.721200000000000063e+00,5.897417323977826031e-01
1.721000000000000085e+00,5.331634957050391810e-01
1.720399999999999929e+00,5.285875355815449206e-01
1.719899999999999984e+00,5.470459680574462080e-01
1.719600000000000017e+00,5.102655988051957303e-01
1.719000000000000083e+00,4.921755296666968649e-01
1.718599999999999905e+00,6.522856676664627873e-01
1.717899999999999983e+00,7.077704627571866913e-01
1.717600000000000016e+00,6.774512422403310419e-01
1.717300000000000049e+00,5.943918684227222915e-01
1.716699999999999893e+00,3.842416286418092186e-01
1.716299999999999937e+00,2.341649510882899687e-01
1.715999999999999970e+00,3.806517058688695387e-01
1.715300000000000047e+00,5.718907930022874009e-01
1.715000000000000080e+00,5.519400893495319815e-01
1.714699999999999891e+00,4.411068274696832159e-01
1.714099999999999957e+00,4.935147677768633723e-01
1.713799999999999990e+00,6.352890575410559126e-01
1.713500000000000023e+00,6.604162001230471368e-01
1.712800000000000100e+00,6.253446749976756536e-01
1.712499999999999911e+00,5.861590834066801037e-01
1.711699999999999999e+00,5.479762954826994381e-01
1.711300000000000043e+00,5.691126113246091078e-01
1.710900000000000087e+00,6.966460467662873857e-01
1.710299999999999931e+00,5.740999714817611732e-01
1.709899999999999975e+00,5.719233082778287791e-01
1.709600000000000009e+00,4.479633824754775118e-01
1.709100000000000064e+00,5.631823526021546567e-01
1.708800000000000097e+00,6.273324556686430409e-01
1.708499999999999908e+00,6.559134517621599825e-01
1.707899999999999974e+00,5.093889368649323623e-01
1.707600000000000007e+00,4.629649725883255851e-01
1.707300000000000040e+00,5.004038760409237341e-01
1.706599999999999895e+00,4.687630992166250121e-01
1.706299999999999928e+00,5.793171408404428346e-01
1.706099999999999950e+00,6.284089105411048148e-01
1.705500000000000016e+00,5.827821295372771493e-01
1.705200000000000049e+00,5.977112370233670369e-01
1.704599999999999893e+00,5.609360427196938836e-01
1.704199999999999937e+00,3.569833518200782319e-01
1.703899999999999970e+00,3.804945065106514202e-01
1.703200000000000047e+00,4.158827817481863809e-01
1.702800000000000091e+00,5.339829616411196911e-01
1.702499999999999902e+00,4.627934474535182474e-01
1.701899999999999968e+00,4.022595783872117137e-01
1.701600000000000001e+00,4.774318371943315764e-01
1.701300000000000034e+00,5.074537372467581298e-01
1.700700000000000101e+00,5.176697711143165570e-01
1.700299999999999923e+00,3.859763753017581012e-01
1.699999999999999956e+00,3.766979791401323108e-01
1.699200000000000044e+00,4.087097320107542231e-01
1.698499999999999899e+00,4.135726387583492647e-01
1.698099999999999943e+00,3.940027396095828749e-01
1.697500000000000009e+00,3.331117872753738829e-01
1.697200000000000042e+00,3.856852732408121431e-01
1.696800000000000086e+00,3.624767789651116567e-01
1.696299999999999919e+00,4.892030149756220192e-01
1.695899999999999963e+00,4.986219162196430243e-01
1.695599999999999996e+00,4.027325931970845985e-01
1.694900000000000073e+00,4.135578512837190246e-01
1.694600000000000106e+00,4.693190224055315829e-01
1.694199999999999928e+00,3.642179524006652902e-01
1.693599999999999994e+00,3.881576610136223682e-01
1.693200000000000038e+00,2.617393394088902703e-01
1.692900000000000071e+00,3.327437373823807776e-01
1.692299999999999915e+00,3.265602424039164564e-01
1.691999999999999948e+00,3.091329701298585197e-01
1.691699999999999982e+00,2.959281290752270310e-01
1.691100000000000048e+00,4.311258465193590350e-01
1.690700000000000092e+00,4.410136198880997283e-01
1.690399999999999903e+00,4.053789761073768316e-01
1.689799999999999969e+00,3.032082690865474106e-01
1.689400000000000013e+00,3.098280555954325832e-01
1.689100000000000046e+00,3.861030257556845591e-01
1.688399999999999901e+00,3.827667908093933535e-01
1.688199999999999923e+00,3.050615815636432693e-01
1.687500000000000000e+00,3.208275831021422109e-01
1.687200000000000033e+00,2.676478448178712388e-01
1.686900000000000066e+00,3.000905087299776675e-01
1.686299999999999910e+00,3.484752332048868251e-01
1.685999999999999943e+00,3.296360799778796924e-01
1.685699999999999976e+00,3.246790266256232016e-01
1.685100000000000042e+00,3.780143164414453971e-01
1.684700000000000086e+00,3.759758123939374586e-01
1.684500000000000108e+00,3.520863841817434281e-01
1.683799999999999963e+00,3.273557066553294259e-01
1.683499999999999996e+00,3.317824650598752423e-01
1.683100000000000041e+00,2.979207243001581462e-01
1.682399999999999896e+00,1.556976828390524425e-01
1.682099999999999929e+00,1.993520113559472950e-01
1.681599999999999984e+00,3.934881839915901902e-01
1.680900000000000061e+00,3.738309829035349474e-01
1.680700000000000083e+00,2.467209418641203023e-01
1.680399999999999894e+00,3.201935900403601876e-01
1.679699999999999971e+00,2.426347294259140197e-01
1.679400000000000004e+00,3.053642504347725550e-01
1.679100000000000037e+00,3.265412816268707941e-01
1.678500000000000103e+00,2.589979944189052530e-01
1.678099999999999925e+00,2.465684763896733300e-01
1.677899999999999947e+00,2.540884334706686176e-01
1.677200000000000024e+00,2.432487414089253008e-01
1.676900000000000057e+00,1.510325364388782898e-01
1.676199999999999912e+00,2.333093351927946479e-01
1.675899999999999945e+00,2.697277311929785482e-01
1.675499999999999989e+00,2.963555200406406409e-01
1.674900000000000055e+00,4.741440959272514855e-01
1.674299999999999899e+00,3.332935975081281477e-01
1.673899999999999944e+00,8.994422112098762745e-02
1.673399999999999999e+00,3.139159203679846577e-01
1.673000000000000043e+00,1.292851818954741938e-01
1.672700000000000076e+00,1.454847829976055329e-01
1.671999999999999931e+00,1.431157419739224890e-01
1.671699999999999964e+00,2.682717535832345179e-01
1.671399999999999997e+00,1.304866177693521367e-01
1.670700000000000074e+00,2.699261522595350349e-01
1.670400000000000107e+00,3.679944512160679415e-02
1.670099999999999918e+00,1.297556613715118712e-01
1.669499999999999984e+00,1.229564441348855730e-01
1.669100000000000028e+00,2.674804225965589088e-01
1.668800000000000061e+00,1.830710595629621296e-01
1.668099999999999916e+00,1.660727928313662782e-01
1.667799999999999949e+00,2.429828864137888178e-01
1.667499999999999982e+00,1.759467904925357540e-01
1.666800000000000059e+00,7.818756632563608755e-02
1.666400000000000103e+00,5.720344434939628186e-02
1.665799999999999947e+00,-7.866426895014599907e-02
1.665399999999999991e+00,1.088657499053249933e-02
1.665100000000000025e+00,1.377782755084162869e-01
1.664500000000000091e+00,2.971242144059194068e-01
1.664099999999999913e+00,1.148987902820607088e-01
1.663399999999999990e+00,1.118023226254725999e-01
1.663000000000000034e+00,5.697751774705675509e-02
1.662700000000000067e+00,4.922379209498090047e-02
1.661999999999999922e+00,1.677221548035401355e-01
1.661699999999999955e+00,2.431493374731481805e-01
1.661100000000000021e+00,2.122240260883472007e-01
1.660900000000000043e+00,2.197983392610187992e-01
1.660600000000000076e+00,1.877005186109309554e-01
1.660300000000000109e+00,2.533469623114577018e-01
1.659599999999999964e+00,1.373425640965875161e-01
1.659299999999999997e+00,1.819025983333666385e-01
1.658900000000000041e+00,2.034750557849962505e-01
1.658300000000000107e+00,2.119619654518747898e-01
1.657899999999999929e+00,1.788756932428157975e-01
1.657399999999999984e+00,6.363113036053288929e-02
1.657000000000000028e+00,6.811433868967459171e-02
1.656600000000000072e+00,8.078003419700191534e-02
1.655999999999999917e+00,5.289104321702653433e-02
1.655599999999999961e+00,5.975435602434409077e-02
1.655299999999999994e+00,4.929604580303226236e-02
1.654700000000000060e+00,1.996485242752865652e-04
1.654300000000000104e+00,3.470178844043950162e-02
1.653799999999999937e+00,1.839241048203973938e-02
1.653399999999999981e+00,2.961663133913342016e-02
1.652800000000000047e+00,-4.780362506317734073e-02
1.652500000000000080e+00,-5.332386577780456882e-02
1.652199999999999891e+00,-1.203515280259401243e-01
1.651499999999999968e+00,-2.062757249008881355e-01
1.651200000000000001e+00,2.948928375856238460e-02
1.650600000000000067e+00,-7.027547815523574326e-02
1.650300000000000100e+00,-1.453651985934209523e-01
1.649899999999999922e+00,-1.688503422369452833e-01
1.649100000000000010e+00,-9.867719206564304346e-02
1.648800000000000043e+00,2.501849770287362107e-02
1.648400000000000087e+00,-7.441185837066613407e-02
1.647799999999999931e+00,2.196899960837939147e-02
1.647499999999999964e+00,-1.064741205385535960e-01
1.647299999999999986e+00,-1.128287053347651336e-01
1.646700000000000053e+00,-1.612954999249613386e-01
1.646300000000000097e+00,-8.984707356267385148e-02
1.645699999999999941e+00,-7.047349807852432146e-02
1.645299999999999985e+00,-3.239394178144484604e-01
1.644900000000000029e+00,-1.927322092466939030e-01
1.644200000000000106e+00,-8.952924994013247706e-02
1.643799999999999928e+00,-7.779797600521512480e-02
1.643499999999999961e+00,-1.576674283521040110e-01
1.642900000000000027e+00,-2.009296522701223275e-01
1.642500000000000071e+00,-2.322533762039689920e-01
1.642200000000000104e+00,-1.904656858181183465e-01
1.641599999999999948e+00,-9.402059020389638699e-02
1.641299999999999981e+00,-1.169468475065681135e-01
1.640600000000000058e+00,-1.817954779994961079e-01
1.640300000000000091e+00,-2.089637208857117456e-01
1.639699999999999935e+00,-1.590817423746844483e-01
1.639299999999999979e+00,-1.845089552168083236e-01
1.639000000000000012e+00,-2.451345903077550847e-01
1.638500000000000068e+00,-2.027190809122773885e-01
1.638099999999999890e+00,-5.567695460411206665e-02
1.637399999999999967e+00,-7.840077714330040415e-02
1.637000000000000011e+00,-2.376871205834150957e-01
1.636700000000000044e+00,-2.305579289390950748e-01
1.635999999999999899e+00,-1.754923278306751155e-01
1.635599999999999943e+00,-2.087926122535874174e-01
1.635299999999999976e+00,-3.449763295814561870e-01
1.634900000000000020e+00,-4.936011931362671579e-01
1.634200000000000097e+00,-4.516724129390546905e-01
1.633899999999999908e+00,-2.948926740680736236e-01
1.633299999999999974e+00,-2.813060704435349502e-01
1.633099999999999996e+00,-2.532538171226734747e-01
1.632700000000000040e+00,-3.002436350206180715e-01
1.632200000000000095e+00,-2.807345768426547372e-01
1.631999999999999895e+00,-3.253694382219195491e-01
1.631599999999999939e+00,-1.833061880876854510e-01
1.631000000000000005e+00,-3.170169713819642743e-01
1.630600000000000049e+00,-2.540456276512760292e-01
1.629899999999999904e+00,-3.428208162304866025e-01
1.629499999999999948e+00,-3.321857340625282706e-01
1.628800000000000026e+00,-3.007176645539524906e-01
1.628500000000000059e+00,-3.901788691737517745e-01
1.628200000000000092e+00,-4.168362765398156422e-01
1.627499999999999947e+00,-4.291849079773521480e-01
1.627199999999999980e+00,-2.681738136827739316e-01
1.626500000000000057e+00,-5.311806234366625024e-01
1.626100000000000101e+00,-5.195611606050032361e-01
1.625799999999999912e+00,-4.810837622591136453e-01
1.625199999999999978e+00,-4.923774664458875350e-01
1.624900000000000011e+00,-5.139813026376616190e-01
1.624600000000000044e+00,-5.020929485473508702e-01
1.624000000000000110e+00,-6.318070781564586458e-01
1.623699999999999921e+00,-6.066913540373440883e-01
1.623399999999999954e+00,-5.389200956207145232e-01
1.622700000000000031e+00,-5.493262651600633317e-01
1.622400000000000064e+00,-5.417099892711906284e-01
1.621699999999999919e+00,-6.425001333845368201e-01
1.621399999999999952e+00,-5.279345135276656276e-01
1.620999999999999996e+00,-5.220629586084012397e-01
1.620300000000000074e+00,-6.240829147120124931e-01
1.620000000000000107e+00,-6.150458007073145161e-01
1.619299999999999962e+00,-5.071877939387576806e-01
1.618999999999999995e+00,-5.180095547601543116e-01
1.618700000000000028e+00,-4.953432963943592560e-01
1.618000000000000105e+00,-5.561314329861899441e-01
1.617799999999999905e+00,-5.005226771899635718e-01
1.617399999999999949e+00,-7.407981033324094744e-01
1.616800000000000015e+00,-7.531341209706179374e-01
1.616400000000000059e+00,-6.912660454352209660e-01
1.615799999999999903e+00,-7.459489075769925037e-01
1.615399999999999947e+00,-6.624112851808839908e-01
1.615099999999999980e+00,-6.895128627427971058e-01
1.614400000000000057e+00,-6.364944702902732843e-01
1.614000000000000101e+00,-6.721403632134991257e-01
1.613399999999999945e+00,-6.417778193826100264e-01
1.612999999999999989e+00,-6.756209900911012145e-01
1.612700000000000022e+00,-6.355243527097348410e-01
1.612000000000000099e+00,-7.575370824457194896e-01
1.611799999999999899e+00,-9.131663427720642101e-01
1.611099999999999977e+00,-8.735777200394485575e-01
1.610800000000000010e+00,-7.812323414470822014e-01
1.610500000000000043e+00,-8.597218761100324791e-01
1.609799999999999898e+00,-7.928148536289099102e-01
1.609499999999999931e+00,-6.705437945804699762e-01
1.609099999999999975e+00,-8.288227726635684078e-01
1.608500000000000041e+00,-9.362191974587007470e-01
1.608200000000000074e+00,-8.840065113136647001e-01
1.607900000000000107e+00,-8.876305289998686066e-01
1.607199999999999962e+00,-7.623972518074756399e-01
1.606899999999999995e+00,-8.248897436210177458e-01
1.606600000000000028e+00,-1.026706048445642061e+00
1.605900000000000105e+00,-9.463298204033867567e-01
1.605499999999999927e+00,-9.201037180875913934e-01
1.605099999999999971e+00,-1.031590903454934871e+00
1.604500000000000037e+00,-9.684946141549910514e-01
1.604100000000000081e+00,-1.034301550940919245e+00
1.603799999999999892e+00,-8.542259989296856482e-01
1.603199999999999958e+00,-9.382520481113556521e-01
1.602899999999999991e+00,-8.362213239570571721e-01
1.602500000000000036e+00,-8.639559415978339540e-01
1.601799999999999891e+00,-8.886055912877243168e-01
1.601499999999999924e+00,-1.033596875894306155e+00
1.600899999999999990e+00,-1.083219779776743108e+00
1.600600000000000023e+00,-9.997332832110267242e-01
1.599900000000000100e+00,-1.064560976532600511e+00
1.599599999999999911e+00,-1.197289719316856793e+00
1.599099999999999966e+00,-1.098761842640606723e+00
1.598700000000000010e+00,-1.019174646804416717e+00
1.598400000000000043e+00,-1.079203466284889945e+00
1.597800000000000109e+00,-1.205264400075574338e+00
1.597399999999999931e+00,-9.967787264339271758e-01
1.597099999999999964e+00,-9.842095156867985972e-01
1.596400000000000041e+00,-9.467102067824660905e-01
1.595800000000000107e+00,-1.243427831705036457e+00
1.595399999999999929e+00,-1.155137238370140151e+00
1.594999999999999973e+00,-1.024496426902787194e+00
1.594400000000000039e+00,-9.208439370004921631e-01
1.594000000000000083e+00,-1.113348485501375329e+00
1.593699999999999894e+00,-1.274981887280836945e+00
1.592999999999999972e+00,-1.110217492573603693e+00
1.592700000000000005e+00,-1.267945685258162314e+00
1.592100000000000071e+00,-1.257066081003423763e+00
1.591699999999999893e+00,-1.349645354022186661e+00
1.591299999999999937e+00,-1.333619284070008293e+00
1.590700000000000003e+00,-1.315214209479057761e+00
1.590400000000000036e+00,-1.350888026268540987e+00
1.589599999999999902e+00,-1.131551176385570789e+00
1.588999999999999968e+00,-1.278098796098602108e+00
1.588700000000000001e+00,-1.339119259372110404e+00
1.588000000000000078e+00,-1.395413480527029515e+00
1.587699999999999889e+00,-1.421738886049368045e+00
1.587399999999999922e+00,-1.411313862005949993e+00
1.586799999999999988e+00,-1.421471009274873021e+00
1.586200000000000054e+00,-1.434350176858154136e+00
1.585900000000000087e+00,-1.398512834766777679e+00
1.585599999999999898e+00,-1.332535385289643326e+00
1.585199999999999942e+00,-1.382239948633651183e+00
1.584600000000000009e+00,-1.463682493578564392e+00
1.584300000000000042e+00,-1.361699772479355808e+00
1.583900000000000086e+00,-1.339031134860082295e+00
1.583299999999999930e+00,-1.344502542233345865e+00
1.582899999999999974e+00,-1.530964246677577023e+00
1.582500000000000018e+00,-1.465545792538481384e+00
1.581800000000000095e+00,-1.539020856707387530e+00
1.581399999999999917e+00,-1.561290088080823812e+00
1.581099999999999950e+00,-1.508967901485500862e+00
1.580400000000000027e+00,-1.483845823795158170e+00
1.580100000000000060e+00,-1.486668167751444614e+00
1.579900000000000082e+00,-1.538584761737703310e+00
1.579199999999999937e+00,-1.679430060629039101e+00
1.578899999999999970e+00,-1.598770528814415171e+00
1.578300000000000036e+00,-1.663873847318041888e+00
1.578100000000000058e+00,-1.757779789209393151e+00
1.577700000000000102e+00,-1.677702235080603899e+00
1.577099999999999946e+00,-1.698064565270295034e+00
1.576699999999999990e+00,-1.734116794830427910e+00
1.576500000000000012e+00,-1.845233085977227017e+00
1.576200000000000045e+00,-1.727859445016782125e+00
1.575399999999999912e+00,-1.662988330487953581e+00
1.575199999999999934e+00,-1.808560834729803446e+00
1.574600000000000000e+00,-1.778037564739796350e+00
1.574300000000000033e+00,-1.781275497696622301e+00
1.573900000000000077e+00,-1.690407077580696749e+00
1.573399999999999910e+00,-1.794031922995511286e+00
1.573099999999999943e+00,-1.889537086195367088e+00
1.572799999999999976e+00,-1.979182994671108808e+00
1.572400000000000020e+00,-1.977723030944546156e+00
1.571800000000000086e+00,-1.924359012684794701e+00
1.571099999999999941e+00,-1.859136094260836147e+00
1.570699999999999985e+00,-1.837890901915974151e+00
1.570100000000000051e+00,-1.921709121593170089e+00
1.569800000000000084e+00,-1.939319036334090418e+00
1.569399999999999906e+00,-1.746181484447474563e+00
1.568799999999999972e+00,-1.917154438608754230e+00
1.568500000000000005e+00,-1.767983656658298042e+00
1.568200000000000038e+00,-1.804358025509021024e+00
1.567499999999999893e+00,-1.906733942746638544e+00
1.567199999999999926e+00,-1.845810037433108564e+00
1.566500000000000004e+00,-2.148980863421554588e+00
1.565900000000000070e+00,-2.203545143446023591e+00
1.565499999999999892e+00,-2.190969887150978401e+00
1.564899999999999958e+00,-2.128100704014684208e+00
1.564599999999999991e+00,-2.098719419708731770e+00
1.564400000000000013e+00,-2.076398777525658712e+00
1.563700000000000090e+00,-2.053514185534031977e+00
1.563399999999999901e+00,-1.964816318296858766e+00
1.562999999999999945e+00,-2.084552457148024285e+00
1.562799999999999967e+00,-2.131212781059186323e+00
1.562100000000000044e+00,-2.280711608154423864e+00
1.561700000000000088e+00,-2.388498257591392004e+00
1.561500000000000110e+00,-2.268111965087783677e+00
1.560799999999999965e+00,-2.195624829417520907e+00
1.560499999999999998e+00,-2.222068604261061786e+00
1.560200000000000031e+00,-2.417531319817874280e+00
1.559500000000000108e+00,-2.400699815084846200e+00
1.559199999999999919e+00,-2.344133489177307794e+00
1.558799999999999963e+00,-2.315598279979506735e+00
1.558100000000000041e+00,-2.418248446249028571e+00
1.557800000000000074e+00,-2.546005253319366002e+00
1.557500000000000107e+00,-2.579037257963070484e+00
1.556799999999999962e+00,-2.379567774450641604e+00
1.556499999999999995e+00,-2.425630095664009556e+00
1.556200000000000028e+00,-2.383372925302863710e+00
1.555500000000000105e+00,-2.364458578915477727e+00
1.555199999999999916e+00,-2.540563360312140251e+00
1.554799999999999960e+00,-2.641823118816350568e+00
1.554100000000000037e+00,-2.605693534628739982e+00
1.553700000000000081e+00,-2.697152275572388902e+00
1.553299999999999903e+00,-2.626917103715209478e+00
1.552599999999999980e+00,-2.488531607733497797e+00
1.552400000000000002e+00,-2.558453177282926649e+00
1.552100000000000035e+00,-2.728403261121996159e+00
1.551399999999999890e+00,-2.736617820397243328e+00
1.551099999999999923e+00,-2.770428003321875998e+00
1.550799999999999956e+00,-2.719382749107133179e+00
1.550499999999999989e+00,-2.710040728140863830e+00
1.549900000000000055e+00,-2.722222239554418000e+00
1.548999999999999932e+00,-2.854182860224495855e+00
1.548699999999999966e+00,-2.800992605761758902e+00
1.548399999999999999e+00,-2.786627361383696933e+00
1.547700000000000076e+00,-2.820665807236159672e+00
1.547400000000000109e+00,-2.749995444502675745e+00
1.546699999999999964e+00,-2.913675259561335107e+00
1.546399999999999997e+00,-3.149045455589239761e+00
1.546100000000000030e+00,-3.151290345783028357e+00
1.545400000000000107e+00,-3.122995321978589534e+00
1.545099999999999918e+00,-3.140870998849434326e+00
1.544499999999999984e+00,-3.039100120003079830e+00
1.544100000000000028e+00,-3.047631337972905197e+00
1.543800000000000061e+00,-3.169604569059920163e+00
1.543099999999999916e+00,-3.312364000549340215e+00
1.542799999999999949e+00,-3.329609027984733238e+00
1.542100000000000026e+00,-3.165620689605467497e+00
1.541700000000000070e+00,-3.133488983632013003e+00
1.541099999999999914e+00,-3.224022663717886150e+00
1.540799999999999947e+00,-3.236615939881341220e+00
1.540499999999999980e+00,-3.348349110497000680e+00
1.539800000000000058e+00,-3.311156898239825175e+00
1.539500000000000091e+00,-3.182499050002635776e+00
1.538799999999999946e+00,-3.195807503972129648e+00
1.538399999999999990e+00,-3.320253917607832062e+00
1.538100000000000023e+00,-3.264226374333819347e+00
1.537500000000000089e+00,-3.627442034024978668e+00
1.537099999999999911e+00,-3.729299275770717070e+00
1.536799999999999944e+00,-3.616346266343064997e+00
1.536200000000000010e+00,-3.531579123405587772e+00
1.535900000000000043e+00,-3.491266203581918415e+00
1.535600000000000076e+00,-3.597367683807247474e+00
1.535300000000000109e+00,-3.703844480089455438e+00
1.534599999999999964e+00,-3.648129613328682908e+00
1.534299999999999997e+00,-3.702405113988060936e+00
1.534000000000000030e+00,-3.727372363479096951e+00
1.533400000000000096e+00,-3.665842013986144732e+00
1.532999999999999918e+00,-3.775689537685675834e+00
1.532699999999999951e+00,-3.864844857026650260e+00
1.532100000000000017e+00,-3.854107769670194639e+00
1.531700000000000061e+00,-3.735375431432059301e+00
1.531400000000000095e+00,-3.755642379976286360e+00
1.530699999999999950e+00,-3.902351866053293428e+00
1.530399999999999983e+00,-3.910839611466314203e+00
1.530100000000000016e+00,-3.891011004467700207e+00
1.529400000000000093e+00,-3.858852832837496472e+00
1.529099999999999904e+00,-4.035989122162277454e+00
1.528499999999999970e+00,-4.118090025910948526e+00
1.528200000000000003e+00,-4.098284150410441917e+00
1.527500000000000080e+00,-4.123976901525098882e+00
1.527199999999999891e+00,-4.283088637500529039e+00
1.526599999999999957e+00,-4.454202709496847490e+00
1.526200000000000001e+00,-4.457045451598459884e+00
1.525900000000000034e+00,-4.495232413455861220e+00
1.525199999999999889e+00,-4.497504057879645245e+00
1.524799999999999933e+00,-4.505387859998072564e+00
1.524499999999999966e+00,-4.570489841223667860e+00
1.524100000000000010e+00,-4.628921186269723265e+00
1.523500000000000076e+00,-4.602466098420268104e+00
1.523099999999999898e+00,-4.428833052307068030e+00
1.522799999999999931e+00,-4.456475298961031228e+00
1.522100000000000009e+00,-4.552113675818960203e+00
1.521800000000000042e+00,-4.679796878694162388e+00
1.521500000000000075e+00,-4.944548421185156251e+00
1.520899999999999919e+00,-4.893980178680406468e+00
1.520599999999999952e+00,-4.884421246207152123e+00
1.519900000000000029e+00,-4.865515225009088951e+00
1.519600000000000062e+00,-4.936348676264773694e+00
1.519300000000000095e+00,-4.938270674120000869e+00
1.518699999999999939e+00,-4.971463770054185716e+00
1.518299999999999983e+00,-5.013423833843434707e+00
1.518000000000000016e+00,-5.133181333270495195e+00
1.517300000000000093e+00,-5.118249566235955506e+00
1.516899999999999915e+00,-5.065442917218023311e+00
1.516599999999999948e+00,-5.139703515946812296e+00
1.516000000000000014e+00,-5.217120532717903103e+00
1.515700000000000047e+00,-5.281767257158623607e+00
1.514999999999999902e+00,-5.349238908001781034e+00
1.514699999999999935e+00,-5.368554292081457291e+00
1.514299999999999979e+00,-5.260216229389936160e+00
1.514000000000000012e+00,-5.460256786587406097e+00
1.513400000000000079e+00,-5.539653962774796270e+00
1.513099999999999890e+00,-5.675478211596574951e+00
1.512799999999999923e+00,-5.716632335762538375e+00
1.512199999999999989e+00,-5.728169154922257533e+00
1.512000000000000011e+00,-5.693058895036955391e+00
1.511600000000000055e+00,-5.681497224836999926e+00
1.510899999999999910e+00,-5.814286511801082469e+00
1.510599999999999943e+00,-5.852407533987053156e+00
1.509900000000000020e+00,-5.948335732730049230e+00
1.509500000000000064e+00,-6.104485350655678211e+00
1.509200000000000097e+00,-6.156613416502011660e+00
1.508499999999999952e+00,-6.114224347869307685e+00
1.508199999999999985e+00,-6.175145226469322068e+00
1.507900000000000018e+00,-6.275817665883556273e+00
1.507200000000000095e+00,-6.281927534315234318e+00
1.506899999999999906e+00,-6.305741136094274779e+00
1.506599999999999939e+00,-6.321297908860619152e+00
1.505900000000000016e+00,-6.360524282016805309e+00
1.505600000000000049e+00,-6.608698877251257819e+00
1.505200000000000093e+00,-6.667584892173714195e+00
1.504699999999999926e+00,-6.670632662129222012e+00
1.504299999999999971e+00,-6.734355061611876359e+00
1.503600000000000048e+00,-6.762842034000598801e+00
1.503300000000000081e+00,-6.819463171485375952e+00
1.502899999999999903e+00,-7.005645836799610393e+00
1.502599999999999936e+00,-7.070748042964630109e+00
1.501900000000000013e+00,-7.214359224832003648e+00
1.501500000000000057e+00,-7.270261435631756086e+00
1.500899999999999901e+00,-7.317300801935183507e+00
1.500599999999999934e+00,-7.466425382308874426e+00
1.500399999999999956e+00,-7.449183767452727700e+00
1.500000000000000000e+00,-7.593575459532465821e+00
1.499300000000000077e+00,-7.727393875261307166e+00
1.499000000000000110e+00,-7.827829463295104873e+00
1.498699999999999921e+00,-7.918014135233769402e+00
1.497999999999999998e+00,-8.109919136055788513e+00
1.497600000000000042e+00,-8.404505587527969723e+00
1.497400000000000064e+00,-8.560675135738192054e+00
1.497100000000000097e+00,-8.650048185115943866e+00
1.496499999999999941e+00,-8.915352423412466365e+00
1.496099999999999985e+00,-9.068564639243357206e+00
1.495400000000000063e+00,-9.378002561364132461e+00
1.495100000000000096e+00,-9.438398059506605264e+00
1.494699999999999918e+00,-9.665196368222831680e+00
1.494499999999999940e+00,-9.683530174701797222e+00
1.493900000000000006e+00,-9.822877067292532516e+00
1.493600000000000039e+00,-1.005508751670226530e+01
1.493300000000000072e+00,-1.021666344782363289e+01
1.492599999999999927e+00,-1.021252304062242722e+01
1.492299999999999960e+00,-1.047533156482653105e+01
1.491900000000000004e+00,-1.046394872441609358e+01
1.491200000000000081e+00,-1.064813919633015082e+01
1.490799999999999903e+00,-1.096780527711921316e+01
1.490299999999999958e+00,-1.109501948467110921e+01
1.489999999999999991e+00,-1.113760763744473969e+01
1.489600000000000035e+00,-1.131039446978848417e+01
1.489000000000000101e+00,-1.145651038782034092e+01
1.488699999999999912e+00,-1.160834001184152875e+01
1.487999999999999989e+00,-1.179026275132241253e+01
1.487600000000000033e+00,-1.177736527925811139e+01
1.487300000000000066e+00,-1.184566519958716491e+01
1.486499999999999932e+00,-1.200006172412480154e+01
1.486199999999999966e+00,-1.228070042216585556e+01
1.485500000000000043e+00,-1.235527058967922720e+01
1.485200000000000076e+00,-1.243296148404019696e+01
1.484900000000000109e+00,-1.265259017621204407e+01
1.484599999999999920e+00,-1.279273240463339434e+01
1.483999999999999986e+00,-1.287832510161014987e+01
1.483800000000000008e+00,-1.291013648378148559e+01
1.483100000000000085e+00,-1.312948116573833524e+01
1.482799999999999896e+00,-1.323132130475034707e+01
1.482199999999999962e+00,-1.340841186798684781e+01
1.481899999999999995e+00,-1.357507038886301309e+01
1.481500000000000039e+00,-1.353845011769537798e+01
1.480799999999999894e+00,-1.384014819024378973e+01
1.480499999999999927e+00,-1.395202842199910442e+01
1.480099999999999971e+00,-1.416052731673571685e+01
1.479500000000000037e+00,-1.424950006097321697e+01
1.479100000000000081e+00,-1.438062301908809104e+01
1.478799999999999892e+00,-1.454006484414259504e+01
1.478099999999999969e+00,-1.449320461696847850e+01
1.477700000000000014e+00,-1.468343879930831797e+01
1.477000000000000091e+00,-1.482074232139075143e+01
1.476799999999999891e+00,-1.497278184829971970e+01
1.476099999999999968e+00,-1.505328238236717020e+01
1.475700000000000012e+00,-1.512999728769418972e+01
1.475400000000000045e+00,-1.533206011889694587e+01
1.474900000000000100e+00,-1.552371132327382064e+01
1.474599999999999911e+00,-1.553111419414334193e+01
1.474199999999999955e+00,-1.564697609458846550e+01
1.473600000000000021e+00,-1.581197751742285895e+01
1.473300000000000054e+00,-1.592813471638773315e+01
1.473000000000000087e+00,-1.594577037323683832e+01
1.472199999999999953e+00,-1.611217171363695755e+01
1.471799999999999997e+00,-1.619330874702918166e+01
1.471500000000000030e+00,-1.636480666517662996e+01
1.470800000000000107e+00,-1.631876418588659305e+01
1.470399999999999929e+00,-1.654874247135626675e+01
1.469799999999999995e+00,-1.661159630942281495e+01
1.469500000000000028e+00,-1.676739005546370720e+01
1.468900000000000095e+00,-1.683431230487314068e+01
1.468699999999999894e+00,-1.699124732908764557e+01
1.468299999999999939e+00,-1.711369899324343180e+01
1.467799999999999994e+00,-1.709148705118590783e+01
1.467500000000000027e+00,-1.724417875430747671e+01
1.467100000000000071e+00,-1.721276562293904888e+01
1.466399999999999926e+00,-1.731498122622340929e+01
1.466099999999999959e+00,-1.754057851909010068e+01
1.465400000000000036e+00,-1.752493039959487930e+01
1.465100000000000069e+00,-1.769634103294722394e+01
1.464399999999999924e+00,-1.765211986926567533e+01
1.464099999999999957e+00,-1.785743375609201067e+01
1.463700000000000001e+00,-1.768858104900968087e+01
1.463100000000000067e+00,-1.790025329448255675e+01
1.462699999999999889e+00,-1.792217878522437502e+01
1.462299999999999933e+00,-1.802765734750444082e+01
1.461699999999999999e+00,-1.814313899788783147e+01
1.461400000000000032e+00,-1.821225619714414279e+01
1.461100000000000065e+00,-1.818999224259317771e+01
1.460700000000000109e+00,-1.822831532951344968e+01
1.460099999999999953e+00,-1.822761029351624273e+01
1.459799999999999986e+00,-1.850240235806528233e+01
1.459200000000000053e+00,-1.852696453679509858e+01
1.458800000000000097e+00,-1.861572514236563691e+01
1.458499999999999908e+00,-1.873867877776116941e+01
1.457799999999999985e+00,-1.864982284025002457e+01
1.457500000000000018e+00,-1.875063688613681379e+01
1.457200000000000051e+00,-1.873349803495020538e+01
1.456499999999999906e+00,-1.881842471105734305e+01
1.456199999999999939e+00,-1.887073909624626822e+01
1.455600000000000005e+00,-1.883903801483625173e+01
1.455300000000000038e+00,-1.890183980160966470e+01
1.455000000000000071e+00,-1.895964106588665032e+01
1.454299999999999926e+00,-1.904656748465769667e+01
1.453899999999999970e+00,-1.903038957128539010e+01
1.453600000000000003e+00,-1.909862516493426199e+01
1.452900000000000080e+00,-1.921511077715189231e+01
1.452499999999999902e+00,-1.917616076399118441e+01
1.452299999999999924e+00,-1.923481255290343839e+01
1.451600000000000001e+00,-1.925097122141448480e+01
1.451300000000000034e+00,-1.935207155522303069e+01
1.450900000000000079e+00,-1.944748998651945371e+01
1.450299999999999923e+00,-1.952170078278114573e+01
1.449899999999999967e+00,-1.947829107256252357e+01
1.449600000000000000e+00,-1.947774598224276588e+01
1.449000000000000066e+00,-1.959024950675724241e+01
1.448700000000000099e+00,-1.951984811618461890e+01
1.448399999999999910e+00,-1.956601298142455647e+01
1.447699999999999987e+00,-1.974656278723356806e+01
1.447400000000000020e+00,-1.972906224979769263e+01
1.447100000000000053e+00,-1.981588077246176027e+01
1.446499999999999897e+00,-1.983496083489124828e+01
1.446199999999999930e+00,-1.984802555066019991e+01
1.445599999999999996e+00,-1.990133846303939791e+01
1.444900000000000073e+00,-1.990346225701263805e+01
1.444600000000000106e+00,-1.995069219247079317e+01
1.444299999999999917e+00,-1.990693230005729575e+01
1.443500000000000005e+00,-1.983997852509139292e+01
1.443100000000000049e+00,-1.993799426481075443e+01
1.442700000000000093e+00,-1.995368860780314080e+01
1.442099999999999937e+00,-1.996231556230078752e+01
1.441799999999999971e+00,-1.996083806905021163e+01
1.441500000000000004e+00,-1.999574354280518662e+01
1.440800000000000081e+00,-2.003574028612339220e+01
1.440499999999999892e+00,-2.012168449734242870e+01
1.440199999999999925e+00,-2.020228070633949002e+01
1.439500000000000002e+00,-2.032620498945833276e+01
1.439100000000000046e+00,-2.030933300606512404e+01
1.438700000000000090e+00,-2.035442083633560273e+01
1.438099999999999934e+00,-2.036688050304742958e+01
1.437799999999999967e+00,-2.048832090926966032e+01
1.437400000000000011e+00,-2.037982028112467958e+01
1.436800000000000077e+00,-2.042244393199599983e+01
1.436500000000000110e+00,-2.042474481605367487e+01
1.436199999999999921e+00,-2.033946321017302949e+01
1.435499999999999998e+00,-2.032682086795505683e+01
1.435200000000000031e+00,-2.038021164432555210e+01
1.434900000000000064e+00,-2.035685150003768840e+01
1.434199999999999919e+00,-2.043453930663658014e+01
1.433799999999999963e+00,-2.027755042045258804e+01
1.433100000000000041e+00,-2.029588507479422077e+01
1.432800000000000074e+00,-2.016351267835839778e+01
1.432099999999999929e+00,-2.026696515462517922e+01
1.431899999999999951e+00,-2.015280571908955309e+01
1.431599999999999984e+00,-2.022065357206734504e+01
1.431000000000000050e+00,-2.033445571062129886e+01
1.430700000000000083e+00,-2.038752983942581665e+01
1.430099999999999927e+00,-2.037580930328341111e+01
1.429699999999999971e+00,-2.042676883019468548e+01
1.429300000000000015e+00,-2.047526442555324877e+01
1.429000000000000048e+00,-2.045328629638491336e+01
1.428299999999999903e+00,-2.044982274482156370e+01
1.427999999999999936e+00,-2.045933524567984207e+01
1.427599999999999980e+00,-2.036230625754534884e+01
1.427000000000000046e+00,-2.040858888653004755e+01
1.426700000000000079e+00,-2.045304403930029480e+01
1.426399999999999890e+00,-2.067701197892828802e+01
1.425699999999999967e+00,-2.053201275632908107e+01
1.425300000000000011e+00,-2.053780860537344211e+01
1.425000000000000044e+00,-2.051911959396364438e+01
1.424199999999999910e+00,-2.048938268756367975e+01
1.423899999999999944e+00,-2.032539135553628995e+01
1.423499999999999988e+00,-2.038978311015840106e+01
1.422900000000000054e+00,-2.036237331581218868e+01
1.422600000000000087e+00,-2.040895472327653692e+01
1.421999999999999931e+00,-2.038463177981703112e+01
1.421699999999999964e+00,-2.047007925494552438e+01
1.421399999999999997e+00,-2.057127109458710024e+01
1.420800000000000063e+00,-2.046930854280575574e+01
1.420500000000000096e+00,-2.059231568710068672e+01
1.420099999999999918e+00,-2.051388444210466488e+01
1.419399999999999995e+00,-2.053145288760452303e+01
1.419000000000000039e+00,-2.053247937851996952e+01
1.418700000000000072e+00,-2.055512124688177167e+01
1.417999999999999927e+00,-2.046904631812897435e+01
1.417699999999999960e+00,-2.033379418562800822e+01
1.417399999999999993e+00,-2.040613604937799508e+01
1.416700000000000070e+00,-2.042798074082105231e+01
1.416400000000000103e+00,-2.043268966485430838e+01
1.416099999999999914e+00,-2.042231217503102414e+01
1.415799999999999947e+00,-2.055369582292928854e+01
1.415000000000000036e+00,-2.063472265541555828e+01
1.414700000000000069e+00,-2.050982024870513598e+01
1.414299999999999891e+00,-2.047436057486763161e+01
1.413599999999999968e+00,-2.057957039450870695e+01
1.413200000000000012e+00,-2.053399414087865438e+01
1.412900000000000045e+00,-2.061877462866184629e+01
1.412300000000000111e+00,-2.054938030664217052e+01
1.411899999999999933e+00,-2.051697973273073217e+01
1.411699999999999955e+00,-2.051064989466158295e+01
1.411100000000000021e+00,-2.053483545006147892e+01
1.410800000000000054e+00,-2.043320970422204041e+01
1.410400000000000098e+00,-2.045980568638758612e+01
1.409699999999999953e+00,-2.053890804535564030e+01
1.409399999999999986e+00,-2.044160527021549356e+01
1.409100000000000019e+00,-2.044116739659592596e+01
1.408400000000000096e+00,-2.050705356587074135e+01
1.408099999999999907e+00,-2.055073098625069150e+01
1.407499999999999973e+00,-2.055809792802943647e+01
1.407200000000000006e+00,-2.047620949062406837e+01
1.406900000000000039e+00,-2.058475599979311710e+01
1.406199999999999894e+00,-2.042756940254337650e+01
1.405899999999999928e+00,-2.057137322831470527e+01
1.405200000000000005e+00,-2.061534863697167808e+01
1.404800000000000049e+00,-2.048592414357715086e+01
1.404500000000000082e+00,-2.038089738343705548e+01
1.404199999999999893e+00,-2.040826462571740407e+01
1.403499999999999970e+00,-2.047004226373187308e+01
1.403299999999999992e+00,-2.053764250766346677e+01
1.402700000000000058e+00,-2.066253086615505197e+01
1.402400000000000091e+00,-2.071464172272805726e+01
1.401999999999999913e+00,-2.062006643000898976e+01
1.401299999999999990e+00,-2.044083944905327854e+01
1.400900000000000034e+00,-2.047323704940330202e+01
1.400600000000000067e+00,-2.043710660025620030e+01
1.399899999999999922e+00,-2.052651083055559766e+01
1.399699999999999944e+00,-2.039961329422810010e+01
1.399000000000000021e+00,-2.054081821884958714e+01
1.398600000000000065e+00,-2.050898873444057458e+01
1.398300000000000098e+00,-2.056867841709773614e+01
1.397599999999999953e+00,-2.056379464909861099e+01
1.397299999999999986e+00,-2.058433024136434142e+01
1.397000000000000020e+00,-2.061394762320600194e+01
1.396300000000000097e+00,-2.045981879783371582e+01
1.395999999999999908e+00,-2.051804491620679016e+01
1.395699999999999941e+00,-2.053480513723787482e+01
1.395100000000000007e+00,-2.047414908616616813e+01
1.394800000000000040e+00,-2.057919346099990676e+01
1.394099999999999895e+00,-2.051211433205706314e+01
1.393799999999999928e+00,-2.042449699203039160e+01
1.393399999999999972e+00,-2.043065053693700861e+01
1.392700000000000049e+00,-2.052724201997832054e+01
1.392400000000000082e+00,-2.060037738265919671e+01
1.392099999999999893e+00,-2.050938704464526907e+01
1.391799999999999926e+00,-2.053824087005426335e+01
1.391100000000000003e+00,-2.058364971924348197e+01
1.390800000000000036e+00,-2.056760599056387306e+01
1.390500000000000069e+00,-2.055233610187608662e+01
1.389899999999999913e+00,-2.051158621697336670e+01
1.389499999999999957e+00,-2.050703188540272848e+01
1.388900000000000023e+00,-2.048974915001165442e+01
1.388600000000000056e+00,-2.043389669028504230e+01
1.388300000000000090e+00,-2.048851383068886634e+01
1.387599999999999945e+00,-2.053019527592601179e+01
1.387199999999999989e+00,-2.063686356000909683e+01
1.386900000000000022e+00,-2.060353282478605763e+01
1.386300000000000088e+00,-2.057705249045192275e+01
1.385999999999999899e+00,-2.059382234822892244e+01
1.385599999999999943e+00,-2.049497067152933383e+01
1.384900000000000020e+00,-2.048941970904790821e+01
1.384600000000000053e+00,-2.045323563768658559e+01
1.384300000000000086e+00,-2.059836732866433096e+01
1.383599999999999941e+00,-2.053058352908757911e+01
1.383299999999999974e+00,-2.073106499560078930e+01
1.383000000000000007e+00,-2.058112286598152352e+01
1.382700000000000040e+00,-2.058190442468365333e+01
1.382100000000000106e+00,-2.059552072240520104e+01
1.381699999999999928e+00,-2.055596582204695721e+01
1.381399999999999961e+00,-2.057131232856687220e+01
1.380700000000000038e+00,-2.055448227521443982e+01
1.380400000000000071e+00,-2.053010231917850348e+01
1.379699999999999926e+00,-2.052284765329216398e+01
1.379399999999999959e+00,-2.056263322436548791e+01
1.379099999999999993e+00,-2.047818726639794917e+01
1.378400000000000070e+00,-2.038683089507610902e+01
1.378100000000000103e+00,-2.041080933908806827e+01
1.377799999999999914e+00,-2.043585551654942734e+01
1.377099999999999991e+00,-2.060408460305947642e+01
1.376800000000000024e+00,-2.052306292765343443e+01
1.376500000000000057e+00,-2.048254406984096931e+01
1.375799999999999912e+00,-2.050798119462952940e+01
1.375499999999999945e+00,-2.046780962700377415e+01
1.374800000000000022e+00,-2.044821215721245267e+01
1.374400000000000066e+00,-2.049904988596258804e+01
1.374100000000000099e+00,-2.044145240030804800e+01
1.373399999999999954e+00,-2.051800199255257695e+01
1.373099999999999987e+00,-2.049942569540821680e+01
1.372600000000000042e+00,-2.037929077684996315e+01
1.372300000000000075e+00,-2.049987334379193982e+01
1.371899999999999897e+00,-2.049171830710320563e+01
1.371299999999999963e+00,-2.050737881755821590e+01
1.370999999999999996e+00,-2.054588447851024924e+01
1.370700000000000029e+00,-2.044614712570407278e+01
1.370000000000000107e+00,-2.054311784322844048e+01
1.369699999999999918e+00,-2.067401799198762546e+01
1.368999999999999995e+00,-2.051522224495276703e+01
1.368600000000000039e+00,-2.047715067091115770e+01
1.368300000000000072e+00,-2.049873309485379025e+01
1.367699999999999916e+00,-2.048997521494006335e+01
1.367299999999999960e+00,-2.051047966735615447e+01
1.366700000000000026e+00,-2.035312416494103971e+01
1.366400000000000059e+00,-2.043347863319175772e+01
1.366100000000000092e+00,-2.044160086517934971e+01
1.365399999999999947e+00,-2.033305551179644510e+01
1.365099999999999980e+00,-2.030109412520476653e+01
1.364800000000000013e+00,-2.045770916875482470e+01
1.364100000000000090e+00,-2.047164203344224020e+01
1.363799999999999901e+00,-2.034106948891863453e+01
1.363399999999999945e+00,-2.041043785905296915e+01
1.362800000000000011e+00,-2.060589096901559358e+01
1.362500000000000044e+00,-2.056560003958242433e+01
1.362100000000000088e+00,-2.060103982807525114e+01
1.361499999999999932e+00,-2.059517725897233120e+01
1.361199999999999966e+00,-2.052852449543653179e+01
1.360800000000000010e+00,-2.055360309298334442e+01
1.360100000000000087e+00,-2.050012040973707528e+01
1.359799999999999898e+00,-2.047558416239745327e+01
1.359499999999999931e+00,-2.047459930381908322e+01
1.358899999999999997e+00,-2.054527911768922976e+01
1.358600000000000030e+00,-2.055920022615486786e+01
1.358200000000000074e+00,-2.047153150013126321e+01
1.357599999999999918e+00,-2.043828901486599747e+01
1.357299999999999951e+00,-2.041645039502085623e+01
1.356999999999999984e+00,-2.039580313542149881e+01
1.356400000000000050e+00,-2.027067872416906624e+01
1.356000000000000094e+00,-2.037090991941102303e+01
1.355699999999999905e+00,-2.035481124132926567e+01
1.354999999999999982e+00,-2.039407654574627315e+01
1.354700000000000015e+00,-2.035317486144853660e+01
1.354000000000000092e+00,-2.047062626377602967e+01
1.353599999999999914e+00,-2.044097348328586250e+01
1.353299999999999947e+00,-2.047691245865802401e+01
1.352600000000000025e+00,-2.041377137024487709e+01
1.352300000000000058e+00,-2.052779910711264577e+01
1.352000000000000091e+00,-2.047997333598176084e+01
1.351299999999999946e+00,-2.042164952594915306e+01
1.350999999999999979e+00,-2.041946054467322469e+01
1.350700000000000012e+00,-2.044752096894966442e+01
1.350400000000000045e+00,-2.044671171338528026e+01
1.349699999999999900e+00,-2.032025496904567774e+01
1.349399999999999933e+00,-2.036350341161506350e+01
1.348700000000000010e+00,-2.039450789691520427e+01
1.348400000000000043e+00,-2.027595059139525091e+01
1.347800000000000109e+00,-2.035223083806190303e+01
1.347599999999999909e+00,-2.040350171929458156e+01
1.347299999999999942e+00,-2.035250955412671559e+01
1.346600000000000019e+00,-2.048290699556750383e+01
1.346300000000000052e+00,-2.047242524215288739e+01
1.345900000000000096e+00,-2.049656769919820931e+01
1.345199999999999951e+00,-2.036401973175743407e+01
1.344899999999999984e+00,-2.033662561011550096e+01
1.344500000000000028e+00,-2.038319980339538873e+01
1.343900000000000095e+00,-2.031615161038882533e+01
1.343599999999999905e+00,-2.026950783529943578e+01
1.342899999999999983e+00,-2.026145109406927958e+01
1.342600000000000016e+00,-2.024283628316780437e+01
1.342000000000000082e+00,-2.023655388934675159e+01
1.341699999999999893e+00,-2.032036270966444746e+01
1.341399999999999926e+00,-2.038781921881475512e+01
1.340700000000000003e+00,-2.040808253610622103e+01
1.340400000000000036e+00,-2.028735954403603259e+01
1.340000000000000080e+00,-2.029923269695303745e+01
1.339599999999999902e+00,-2.021519652205773099e+01
1.338999999999999968e+00,-2.028233529441716954e+01
1.338600000000000012e+00,-2.020678099853984122e+01
1.338300000000000045e+00,-2.022633161573696370e+01
1.337900000000000089e+00,-2.016430469727395547e+01
1.337299999999999933e+00,-2.019813381061502255e+01
1.336899999999999977e+00,-2.017642299764321123e+01
1.336600000000000010e+00,-2.022254728747605057e+01
1.336000000000000076e+00,-2.033773831881351057e+01
1.335599999999999898e+00,-2.030220085479225389e+01
1.335299999999999931e+00,-2.032549033991687892e+01
1.334699999999999998e+00,-2.017066121267826873e+01
1.334400000000000031e+00,-2.020097099266907392e+01
1.334000000000000075e+00,-2.031759864527110793e+01
1.333399999999999919e+00,-2.027641069021236930e+01
1.333099999999999952e+00,-2.031163581100786431e+01
1.332799999999999985e+00,-2.021905942583036975e+01
1.332100000000000062e+00,-2.021492421317248045e+01
1.331800000000000095e+00,-2.018966421146279799e+01
1.331499999999999906e+00,-2.021353516699015174e+01
1.330799999999999983e+00,-2.019460982628003975e+01
1.330500000000000016e+00,-2.010646299465705411e+01
1.330100000000000060e+00,-2.023158870039908663e+01
1.329499999999999904e+00,-2.017790527683478885e+01
1.329099999999999948e+00,-2.013848072222272023e+01
1.328699999999999992e+00,-2.009417736867245452e+01
1.328100000000000058e+00,-2.017940567524611595e+01
1.327800000000000091e+00,-2.021260129884136703e+01
1.327399999999999913e+00,-2.027053502351864012e+01
1.326699999999999990e+00,-2.020173262461512564e+01
1.326400000000000023e+00,-2.015650177013168687e+01
1.326100000000000056e+00,-2.017966274626050449e+01
1.325700000000000101e+00,-2.008035767172246011e+01
1.324999999999999956e+00,-2.011612927705292364e+01
1.324699999999999989e+00,-2.029512826117975166e+01
1.324100000000000055e+00,-2.027607105436922197e+01
1.323700000000000099e+00,-2.020834792943269065e+01
1.323399999999999910e+00,-2.017057684295993880e+01
1.322699999999999987e+00,-2.008269614691025495e+01
1.322400000000000020e+00,-2.010861839082736680e+01
1.322100000000000053e+00,-2.020332224918251995e+01
1.321499999999999897e+00,-2.015076038341208076e+01
1.321199999999999930e+00,-2.008933385866749077e+01
1.320899999999999963e+00,-2.010235971763524532e+01
1.320200000000000040e+00,-2.015195194860564243e+01
1.319900000000000073e+00,-2.012930653422645477e+01
1.319299999999999917e+00,-2.010860114617495853e+01
1.318999999999999950e+00,-2.017558870436829466e+01
1.318200000000000038e+00,-2.023215011001753538e+01
1.317900000000000071e+00,-2.018995954469974308e+01
1.317499999999999893e+00,-2.014853264209973815e+01
1.316799999999999971e+00,-2.010856071275419765e+01
1.316500000000000004e+00,-2.001460848624139643e+01
1.316200000000000037e+00,-2.011175733972652324e+01
1.315499999999999892e+00,-2.020236616499717641e+01
1.315099999999999936e+00,-2.027726959297152831e+01
1.314799999999999969e+00,-2.019977384561076761e+01
1.314500000000000002e+00,-2.010949390009349358e+01
1.313800000000000079e+00,-2.015705437283486745e+01
1.313499999999999890e+00,-2.002065116073949724e+01
1.313199999999999923e+00,-2.019241164597142912e+01
1.312599999999999989e+00,-2.011380901896474427e+01
1.312200000000000033e+00,-1.998230626396721021e+01
1.311600000000000099e+00,-2.008061537791270013e+01
1.311299999999999910e+00,-2.004336110366057255e+01
1.310899999999999954e+00,-1.999364989444000784e+01
1.310200000000000031e+00,-1.985893498691283554e+01
1.309900000000000064e+00,-1.988898681456940665e+01
1.309600000000000097e+00,-2.000736162001441087e+01
1.308899999999999952e+00,-2.006817644730511319e+01
1.308499999999999996e+00,-1.997184897739251852e+01
1.308200000000000029e+00,-1.993813726783042384e+01
1.307600000000000096e+00,-1.998670836475127999e+01
1.307199999999999918e+00,-1.991514504280583964e+01
1.306899999999999951e+00,-1.990279480742875506e+01
1.306200000000000028e+00,-2.006534477981590925e+01
1.305900000000000061e+00,-1.998462769012346385e+01
1.305600000000000094e+00,-2.015743218396447034e+01
1.304999999999999938e+00,-2.013984072372900869e+01
1.304699999999999971e+00,-2.001987758512291293e+01
1.304100000000000037e+00,-2.004574418520178725e+01
1.303800000000000070e+00,-1.991208967680857000e+01
1.303500000000000103e+00,-1.998295068774986305e+01
1.302799999999999958e+00,-1.989177237646773833e+01
1.302400000000000002e+00,-1.995892579099295361e+01
1.302100000000000035e+00,-1.989017319771382120e+01
1.301399999999999890e+00,-1.999357757040713324e+01
1.300999999999999934e+00,-1.994913306367232764e+01
1.300699999999999967e+00,-1.995645279684408280e+01
1.300000000000000044e+00,-2.003383911180879906e+01
1.299700000000000077e+00,-1.991166853663913017e+01
1.299299999999999899e+00,-2.004360799698423889e+01
1.298699999999999966e+00,-1.999209010606281467e+01
1.298300000000000010e+00,-1.997043227568093116e+01
1.298000000000000043e+00,-1.993550765499174560e+01
1.297400000000000109e+00,-1.993119533214475680e+01
1.297099999999999920e+00,-1.977443107773809672e+01
1.296699999999999964e+00,-1.990811508464996038e+01
1.296000000000000041e+00,-1.986408099292243179e+01
1.295700000000000074e+00,-1.983364677613395699e+01
1.295199999999999907e+00,-1.994167481572358369e+01
1.294599999999999973e+00,-1.998522277681423986e+01
1.294300000000000006e+00,-2.003260212273512764e+01
1.294000000000000039e+00,-1.997432504115981899e+01
1.293500000000000094e+00,-1.995271063525792243e+01
1.293199999999999905e+00,-2.001084364813155503e+01
1.292599999999999971e+00,-1.998223583301031070e+01
1.292300000000000004e+00,-1.990956595191630640e+01
1.291900000000000048e+00,-1.982318850559851953e+01
1.291199999999999903e+00,-1.974599589118983189e+01
1.290799999999999947e+00,-1.983326500245522794e+01
1.290499999999999980e+00,-1.985527418712730352e+01
1.289800000000000058e+00,-1.981099267492703220e+01
1.289500000000000091e+00,-1.996776309289762708e+01
1.288799999999999946e+00,-1.995629707966170585e+01
1.288499999999999979e+00,-1.989504728334128814e+01
1.287900000000000045e+00,-1.984293801856424722e+01
1.287500000000000089e+00,-1.983885888473847814e+01
1.287199999999999900e+00,-1.980435351364370788e+01
1.286799999999999944e+00,-1.985671013252140327e+01
1.286200000000000010e+00,-1.984535608930953288e+01
1.285900000000000043e+00,-1.980466567718490367e+01
1.285500000000000087e+00,-1.972519421756593871e+01
1.284899999999999931e+00,-1.983799731045650816e+01
1.284599999999999964e+00,-1.986932125054513776e+01
1.284299999999999997e+00,-1.982361961900712188e+01
1.283600000000000074e+00,-1.978727599565369033e+01
1.283199999999999896e+00,-1.981614190512933149e+01
1.282899999999999929e+00,-1.987769433497935978e+01
1.282299999999999995e+00,-1.987128483390519662e+01
1.282000000000000028e+00,-1.967470300957424456e+01
1.281600000000000072e+00,-1.974933467271643295e+01
1.280999999999999917e+00,-1.993671829143076124e+01
1.280699999999999950e+00,-1.987633038868707658e+01
1.280000000000000027e+00,-1.981833005398371483e+01
1.279700000000000060e+00,-1.961904508742040321e+01
1.279099999999999904e+00,-1.964418665128158281e+01
1.278699999999999948e+00,-1.966656302616227947e+01
1.278399999999999981e+00,-1.970344460991615421e+01
1.278000000000000025e+00,-1.977806565139602313e+01
1.277400000000000091e+00,-1.978681605230327278e+01
1.276999999999999913e+00,-1.986932417970162135e+01
1.276699999999999946e+00,-1.968563602268054424e+01
1.276100000000000012e+00,-1.964899258944446458e+01
1.275700000000000056e+00,-1.968312801566120740e+01
1.275500000000000078e+00,-1.972623803270009191e+01
1.274799999999999933e+00,-1.969128310418018302e+01
1.274399999999999977e+00,-1.976538624192253479e+01
1.274100000000000010e+00,-1.970683094517427847e+01
1.273400000000000087e+00,-1.969058305453571478e+01
1.272999999999999909e+00,-1.964945740355822679e+01
1.272699999999999942e+00,-1.964289238548869321e+01
1.272100000000000009e+00,-1.969033840495412946e+01
1.271800000000000042e+00,-1.966742939923278755e+01
1.271500000000000075e+00,-1.966151051134654892e+01
1.270799999999999930e+00,-1.979694062403608967e+01
1.270599999999999952e+00,-1.973548413780491018e+01
1.270299999999999985e+00,-1.982818248504941394e+01
1.269600000000000062e+00,-1.974030192591711597e+01
1.269300000000000095e+00,-1.966430108737210247e+01
1.268599999999999950e+00,-1.967591817113277486e+01
1.268299999999999983e+00,-1.984916703619147071e+01
1.267600000000000060e+00,-1.963965450780648681e+01
1.267300000000000093e+00,-1.964547614583360513e+01
1.266999999999999904e+00,-1.963429771097138499e+01
1.266299999999999981e+00,-1.954697256656388760e+01
1.266000000000000014e+00,-1.962899736376241933e+01
1.265700000000000047e+00,-1.977355616748829092e+01
1.264999999999999902e+00,-1.983100640710654616e+01
1.264699999999999935e+00,-1.972746268808700165e+01
1.264399999999999968e+00,-1.982459382007676041e+01
1.263700000000000045e+00,-1.976785365149277141e+01
1.263400000000000079e+00,-1.976745325466588099e+01
1.263099999999999890e+00,-1.955619437709367503e+01
1.262399999999999967e+00,-1.961399480304541854e+01
1.262100000000000000e+00,-1.955828518324462806e+01
1.261800000000000033e+00,-1.966035746468475054e+01
1.261200000000000099e+00,-1.963113302380706315e+01
1.260899999999999910e+00,-1.964266408638589212e+01
1.260599999999999943e+00,-1.961943569958558342e+01
1.259900000000000020e+00,-1.963954288973761919e+01
1.259600000000000053e+00,-1.957183921775336088e+01
1.259200000000000097e+00,-1.943347642234891737e+01
1.258499999999999952e+00,-1.941312757007739975e+01
1.257900000000000018e+00,-1.953714599246935535e+01
1.257500000000000062e+00,-1.957724434558339865e+01
1.257200000000000095e+00,-1.963626428815902614e+01
1.256499999999999950e+00,-1.954250455487782290e+01
1.256199999999999983e+00,-1.950437249214906643e+01
1.255800000000000027e+00,-1.962960731402302983e+01
1.255200000000000093e+00,-1.954442263356857978e+01
1.254899999999999904e+00,-1.950588003891530775e+01
1.254599999999999937e+00,-1.946070109946872151e+01
1.254199999999999982e+00,-1.945423332614833356e+01
1.253600000000000048e+00,-1.942850704261212869e+01
1.253300000000000081e+00,-1.959833366995738757e+01
1.252999999999999892e+00,-1.955467331623741245e+01
1.252299999999999969e+00,-1.947584245782958590e+01
1.252000000000000002e+00,-1.945249552207173593e+01
1.251600000000000046e+00,-1.949232198143954875e+01
1.250999999999999890e+00,-1.938089543773186563e+01
1.250599999999999934e+00,-1.939007817843372550e+01
1.250000000000000000e+00,-1.961366087875502728e+01
1.249700000000000033e+00,-1.962132843143617578e+01
1.249100000000000099e+00,-1.959499768519967944e+01
1.248799999999999910e+00,-1.962399747520611371e+01
1.248399999999999954e+00,-1.959954173767174268e+01
1.247800000000000020e+00,-1.958756405651520183e+01
1.247500000000000053e+00,-1.948345547993683979e+01
1.247100000000000097e+00,-1.944608309283413661e+01
1.246499999999999941e+00,-1.950170867703118915e+01
1.246099999999999985e+00,-1.942301691366518313e+01
1.245500000000000052e+00,-1.945716011050322081e+01
1.245100000000000096e+00,-1.956118480806595628e+01
1.244799999999999907e+00,-1.955103462551906190e+01
1.244199999999999973e+00,-1.952344258391693543e+01
1.243800000000000017e+00,-1.958684487406532426e+01
1.243500000000000050e+00,-1.955822196182720418e+01
1.242799999999999905e+00,-1.960275594747535166e+01
1.242499999999999938e+00,-1.958578070254185022e+01
1.242099999999999982e+00,-1.945621361538109895e+01
1.241800000000000015e+00,-1.944039551213657901e+01
1.241200000000000081e+00,-1.937720487543695214e+01
1.240799999999999903e+00,-1.940831516155016701e+01
1.240499999999999936e+00,-1.953825066112260700e+01
1.239900000000000002e+00,-1.938875193363432459e+01
1.239600000000000035e+00,-1.940761589232656803e+01
1.239300000000000068e+00,-1.940506765714415138e+01
1.238699999999999912e+00,-1.942633640391764871e+01
1.238299999999999956e+00,-1.946840859833902115e+01
1.237999999999999989e+00,-1.949156092320237121e+01
1.237300000000000066e+00,-1.945301495657227164e+01
1.237000000000000099e+00,-1.951942266536932991e+01
1.236599999999999921e+00,-1.945567033281182034e+01
1.235999999999999988e+00,-1.937434338193516581e+01
1.235600000000000032e+00,-1.931972925924797480e+01
1.235300000000000065e+00,-1.941560549754816378e+01
1.234699999999999909e+00,-1.940538062763577543e+01
1.234399999999999942e+00,-1.949530366416318827e+01
1.233999999999999986e+00,-1.948217112006647511e+01
1.233400000000000052e+00,-1.944747687539259928e+01
1.233100000000000085e+00,-1.936177309244278533e+01
1.232499999999999929e+00,-1.934619932754504035e+01
1.232199999999999962e+00,-1.941665172075467183e+01
1.231899999999999995e+00,-1.953048567517159029e+01
1.231200000000000072e+00,-1.947511686250244978e+01
1.230799999999999894e+00,-1.956694919532080945e+01
1.230199999999999960e+00,-1.946742448641720458e+01
1.229800000000000004e+00,-1.938786541684969222e+01
1.229200000000000070e+00,-1.934619619568846005e+01
1.228799999999999892e+00,-1.922882291873293781e+01
1.228499999999999925e+00,-1.925051507474630696e+01
1.227899999999999991e+00,-1.926656240815684029e+01
1.227600000000000025e+00,-1.925878046289590984e+01
1.226900000000000102e+00,-1.921226491565838046e+01
1.226599999999999913e+00,-1.918504027411359303e+01
1.226299999999999946e+00,-1.919876069292709531e+01
1.225600000000000023e+00,-1.929019636884542166e+01
1.225300000000000056e+00,-1.920895720460332612e+01
1.225000000000000089e+00,-1.927887947949730574e+01
1.224299999999999944e+00,-1.932092682925927463e+01
1.223999999999999977e+00,-1.932130361141709329e+01
1.223700000000000010e+00,-1.922713207972411453e+01
1.223000000000000087e+00,-1.913555238014274096e+01
1.222599999999999909e+00,-1.909423650068723077e+01
1.221899999999999986e+00,-1.909539775013201179e+01
1.221600000000000019e+00,-1.919749268795142427e+01
1.221200000000000063e+00,-1.922325766986641682e+01
1.220900000000000096e+00,-1.925443375970044002e+01
1.220199999999999951e+00,-1.924674774227627694e+01
1.219899999999999984e+00,-1.914516801141148150e+01
1.219600000000000017e+00,-1.911359079931028404e+01
1.219200000000000061e+00,-1.924760238135436197e+01
1.218599999999999905e+00,-1.928174371849129187e+01
1.218299999999999939e+00,-1.916316264085112664e+01
1.217600000000000016e+00,-1.911739824258553000e+01
1.217300000000000049e+00,-1.907237155525298533e+01
1.217000000000000082e+00,-1.912150884303478904e+01
1.216299999999999937e+00,-1.923618141774895918e+01
1.215999999999999970e+00,-1.925414007041426601e+01
1.215300000000000047e+00,-1.923769683963962507e+01
1.215000000000000080e+00,-1.914386392188847807e+01
1.214699999999999891e+00,-1.918342227745862161e+01
1.213999999999999968e+00,-1.919429907138786362e+01
1.213700000000000001e+00,-1.926469718336251802e+01
1.213000000000000078e+00,-1.921569662684226643e+01
1.212699999999999889e+00,-1.927791209338442258e+01
1.212399999999999922e+00,-1.919456797112202651e+01
1.211699999999999999e+00,-1.919325259417178131e+01
1.211400000000000032e+00,-1.923605466598076319e+01
1.211100000000000065e+00,-1.925564351755179970e+01
1.210499999999999909e+00,-1.928416044666642293e+01
1.210199999999999942e+00,-1.917048613265084001e+01
1.209899999999999975e+00,-1.934287580447465871e+01
1.209200000000000053e+00,-1.929424784985235419e+01
1.208900000000000086e+00,-1.924732045766250366e+01
1.208499999999999908e+00,-1.913742411873775850e+01
1.207799999999999985e+00,-1.918018513490590848e+01
1.207500000000000018e+00,-1.913807500698132102e+01
1.207200000000000051e+00,-1.909543042089133991e+01
1.206499999999999906e+00,-1.913681250704157577e+01
1.206199999999999939e+00,-1.908987277475949185e+01
1.205500000000000016e+00,-1.916637129070952383e+01
1.205100000000000060e+00,-1.909012244998790209e+01
1.204800000000000093e+00,-1.918582320396709306e+01
1.204099999999999948e+00,-1.909868241735061289e+01
1.203699999999999992e+00,-1.906785242306282058e+01
1.203500000000000014e+00,-1.913648448663429846e+01
1.202800000000000091e+00,-1.917733806691924769e+01
1.202499999999999902e+00,-1.915722786980404280e+01
1.202199999999999935e+00,-1.909227006687812889e+01
1.201500000000000012e+00,-1.909272093179020047e+01
1.201200000000000045e+00,-1.906059101664872557e+01
1.200499999999999901e+00,-1.908369442011953154e+01
1.200099999999999945e+00,-1.913986742703562882e+01
1.199799999999999978e+00,-1.904219416707514512e+01
1.199200000000000044e+00,-1.905409197453756676e+01
1.198800000000000088e+00,-1.888305440881860520e+01
1.198499999999999899e+00,-1.894568897375026140e+01
1.197899999999999965e+00,-1.906606877368219699e+01
1.197500000000000009e+00,-1.911503063495457155e+01
1.197200000000000042e+00,-1.909189922767225767e+01
1.196600000000000108e+00,-1.908219489328080698e+01
1.196299999999999919e+00,-1.902670200505090392e+01
1.195899999999999963e+00,-1.900079472612016218e+01
1.195200000000000040e+00,-1.917497419608423215e+01
1.194900000000000073e+00,-1.912482095650352321e+01
1.194499999999999895e+00,-1.920651324669167082e+01
1.193799999999999972e+00,-1.913946603041257433e+01
1.193500000000000005e+00,-1.909921375240044128e+01
1.193200000000000038e+00,-1.900882194043208173e+01
1.192499999999999893e+00,-1.895279642656248953e+01
1.192199999999999926e+00,-1.899472477157578254e+01
1.191599999999999993e+00,-1.895545204837773667e+01
1.191200000000000037e+00,-1.896797899270316634e+01
1.190900000000000070e+00,-1.898128114632222818e+01
1.190199999999999925e+00,-1.902831678084306333e+01
1.189799999999999969e+00,-1.900209046247847411e+01
1.189500000000000002e+00,-1.899482964806686880e+01
1.188800000000000079e+00,-1.892711112811548446e+01
1.188499999999999890e+00,-1.892275283935859775e+01
1.188199999999999923e+00,-1.888858214206621255e+01
1.187500000000000000e+00,-1.891026883689269766e+01
1.187200000000000033e+00,-1.892655380842499824e+01
1.186800000000000077e+00,-1.905128746753871383e+01
1.186099999999999932e+00,-1.911656352315193885e+01
1.185799999999999965e+00,-1.894444703907580063e+01
1.185499999999999998e+00,-1.913302258475047424e+01
1.184800000000000075e+00,-1.901577173488043115e+01
1.184500000000000108e+00,-1.904791111364502143e+01
1.184199999999999919e+00,-1.897240397070723361e+01
1.183499999999999996e+00,-1.900901982743565455e+01
1.183200000000000029e+00,-1.904649653653983066e+01
1.182800000000000074e+00,-1.898896327021488517e+01
1.182199999999999918e+00,-1.901558525979115544e+01
1.181899999999999951e+00,-1.892802833976924859e+01
1.181300000000000017e+00,-1.884079131291138154e+01
1.180900000000000061e+00,-1.884768568427164936e+01
1.180600000000000094e+00,-1.878819438319249358e+01
1.179899999999999949e+00,-1.885185815811429677e+01
1.179599999999999982e+00,-1.886001064287665585e+01
1.178900000000000059e+00,-1.894467414761793123e+01
1.178600000000000092e+00,-1.894380768492458245e+01
1.177899999999999947e+00,-1.886394686204367233e+01
1.177499999999999991e+00,-1.888271898884321587e+01
1.177200000000000024e+00,-1.890992859377256252e+01
1.176399999999999890e+00,-1.893744952418336069e+01
1.176099999999999923e+00,-1.901289513434054257e+01
1.175699999999999967e+00,-1.894429036906905850e+01
1.175000000000000044e+00,-1.895514065371316903e+01
1.174700000000000077e+00,-1.888782926975059695e+01
1.174400000000000110e+00,-1.898869404940483108e+01
1.173999999999999932e+00,-1.881315758584349496e+01
1.173399999999999999e+00,-1.887914018874979050e+01
1.173100000000000032e+00,-1.889458528204031040e+01
1.172800000000000065e+00,-1.876150823891878261e+01
1.172199999999999909e+00,-1.884328120546879148e+01
1.171799999999999953e+00,-1.892676063488772797e+01
1.171300000000000008e+00,-1.894131477533792207e+01
1.170900000000000052e+00,-1.895330417236180409e+01
1.170600000000000085e+00,-1.877669505629909708e+01
1.170299999999999896e+00,-1.888178120360356260e+01
1.169599999999999973e+00,-1.879070262175526196e+01
1.169200000000000017e+00,-1.884160995935229366e+01
1.168900000000000050e+00,-1.883988526068716141e+01
1.168199999999999905e+00,-1.885992085694475406e+01
1.167899999999999938e+00,-1.889054597660278390e+01
1.167499999999999982e+00,-1.887056166175547034e+01
1.166800000000000059e+00,-1.884390712370860044e+01
1.166500000000000092e+00,-1.891580565989200124e+01
1.166199999999999903e+00,-1.880790169672260959e+01
1.165499999999999980e+00,-1.883430331702769678e+01
1.165100000000000025e+00,-1.888603091955232571e+01
1.164500000000000091e+00,-1.892198896007663222e+01
1.164099999999999913e+00,-1.878903864575365645e+01
1.163799999999999946e+00,-1.881910484394467886e+01
1.163100000000000023e+00,-1.883002629338463052e+01
1.162800000000000056e+00,-1.879287499209816303e+01
1.162500000000000089e+00,-1.884151467033733596e+01
1.161799999999999944e+00,-1.883966220028758087e+01
1.161499999999999977e+00,-1.874859775395764672e+01
1.160900000000000043e+00,-1.879436154482144161e+01
1.160500000000000087e+00,-1.876782786990110807e+01
1.160199999999999898e+00,-1.873939618635108317e+01
1.159599999999999964e+00,-1.874559972121674534e+01
1.159200000000000008e+00,-1.880148898606073260e+01
1.158900000000000041e+00,-1.877813822217383333e+01
1.158600000000000074e+00,-1.879100278409104519e+01
1.157899999999999929e+00,-1.869360344105668048e+01
1.157599999999999962e+00,-1.880029356762184278e+01
1.156900000000000039e+00,-1.878613623816829303e+01
1.156700000000000061e+00,-1.881142177742470523e+01
1.156400000000000095e+00,-1.881645467067113486e+01
1.156099999999999905e+00,-1.879992145232970202e+01
1.155499999999999972e+00,-1.881476267216707043e+01
1.155200000000000005e+00,-1.888234172078787765e+01
1.154700000000000060e+00,-1.889146496864809421e+01
1.154400000000000093e+00,-1.896927041185820073e+01
1.153999999999999915e+00,-1.880753067862285732e+01
1.153399999999999981e+00,-1.868052119552753254e+01
1.153000000000000025e+00,-1.870907716397243448e+01
1.152600000000000069e+00,-1.865116788191930297e+01
1.151899999999999924e+00,-1.873252966773844008e+01
1.151599999999999957e+00,-1.876780404387341150e+01
1.151000000000000023e+00,-1.880578074096748509e+01
1.150600000000000067e+00,-1.876756519194923456e+01
1.150300000000000100e+00,-1.870733086748359497e+01
1.149999999999999911e+00,-1.873762799650133459e+01
1.149399999999999977e+00,-1.887132660127926087e+01
1.149000000000000021e+00,-1.880272242990241338e+01
1.148300000000000098e+00,-1.874563112458076830e+01
1.147999999999999909e+00,-1.875251976890882233e+01
1.147599999999999953e+00,-1.860199522143264161e+01
1.147000000000000020e+00,-1.863090012980727295e+01
1.146600000000000064e+00,-1.858080560618972754e+01
1.146300000000000097e+00,-1.866150328160912153e+01
1.145699999999999941e+00,-1.861919986369158408e+01
1.145399999999999974e+00,-1.870768528773915307e+01
1.145100000000000007e+00,-1.867051176273979607e+01
1.144800000000000040e+00,-1.855096807702851436e+01
1.144099999999999895e+00,-1.851330482169040792e+01
1.143799999999999928e+00,-1.858160959283365443e+01
1.143499999999999961e+00,-1.859736866300720948e+01
1.143100000000000005e+00,-1.869723434714731525e+01
1.142400000000000082e+00,-1.870196271909338037e+01
1.141999999999999904e+00,-1.858270596744532810e+01
1.141399999999999970e+00,-1.869822220593375306e+01
1.141000000000000014e+00,-1.874886600698030392e+01
1.140700000000000047e+00,-1.878416962456681105e+01
1.140099999999999891e+00,-1.862833774535594955e+01
1.139799999999999924e+00,-1.843294836671120152e+01
1.139499999999999957e+00,-1.849306586716986089e+01
1.138700000000000045e+00,-1.845045718753442188e+01
1.138400000000000079e+00,-1.848349481388999038e+01
1.138099999999999890e+00,-1.851147818321234695e+01
1.137499999999999956e+00,-1.862234181208037143e+01
1.137100000000000000e+00,-1.853139728195873559e+01
1.136500000000000066e+00,-1.868908215932442829e+01
1.136200000000000099e+00,-1.849579531799910015e+01
1.135899999999999910e+00,-1.866292953139970123e+01
1.135499999999999954e+00,-1.856684634099345033e+01
1.134900000000000020e+00,-1.862385390976736588e+01
1.134600000000000053e+00,-1.870061527940491075e+01
1.133999999999999897e+00,-1.866508461270815999e+01
1.133699999999999930e+00,-1.853808938459622624e+01
1.133000000000000007e+00,-1.855266587709215997e+01
1.132600000000000051e+00,-1.862891411798916508e+01
1.132300000000000084e+00,-1.869779582652636307e+01
1.131599999999999939e+00,-1.858117212973145627e+01
1.131199999999999983e+00,-1.856417855805843686e+01
1.130900000000000016e+00,-1.853775920336205019e+01
1.130200000000000093e+00,-1.848138440829066909e+01
1.129899999999999904e+00,-1.850347682597888266e+01
1.129499999999999948e+00,-1.862345885712711180e+01
1.128900000000000015e+00,-1.853885173843661249e+01
1.128700000000000037e+00,-1.851511045281098333e+01
1.128400000000000070e+00,-1.846754114893820997e+01
1.127999999999999892e+00,-1.853383546521662950e+01
1.127399999999999958e+00,-1.861686902193482496e+01
1.127000000000000002e+00,-1.863125184163863324e+01
1.126400000000000068e+00,-1.857057958715773793e+01
1.125999999999999890e+00,-1.858851466290051491e+01
1.125699999999999923e+00,-1.855515209295286283e+01
1.125399999999999956e+00,-1.853074228194756046e+01
1.125099999999999989e+00,-1.859882782409534840e+01
1.124500000000000055e+00,-1.855577753462241120e+01
1.124100000000000099e+00,-1.863610969338623136e+01
1.123799999999999910e+00,-1.871819901289066124e+01
1.123499999999999943e+00,-1.864731866406252081e+01
1.122800000000000020e+00,-1.862516164978086408e+01
1.122500000000000053e+00,-1.845923193541610985e+01
1.122200000000000086e+00,-1.843271256907657119e+01
1.121499999999999941e+00,-1.852235989115930437e+01
1.121099999999999985e+00,-1.844033848725397462e+01
1.120800000000000018e+00,-1.843829788774524658e+01
1.120400000000000063e+00,-1.842463600206069785e+01
1.119799999999999907e+00,-1.836153622951182030e+01
1.119499999999999940e+00,-1.853445398922858800e+01
1.118800000000000017e+00,-1.852710297418694196e+01
1.118500000000000050e+00,-1.850027518604802168e+01
1.117899999999999894e+00,-1.862352559835007781e+01
1.117599999999999927e+00,-1.848721797913727372e+01
1.117199999999999971e+00,-1.853380430060225237e+01
1.116600000000000037e+00,-1.857601952205368789e+01
1.116300000000000070e+00,-1.856888308827183565e+01
1.115899999999999892e+00,-1.846454405838564838e+01
1.115199999999999969e+00,-1.842683247413739878e+01
1.114900000000000002e+00,-1.848045593749172610e+01
1.114600000000000035e+00,-1.846853223364929875e+01
1.114200000000000079e+00,-1.855482523675441797e+01
1.113599999999999923e+00,-1.842910499594641394e+01
1.113199999999999967e+00,-1.836742271348421696e+01
1.112900000000000000e+00,-1.844371373278582382e+01
1.112300000000000066e+00,-1.832676327207967404e+01
1.112000000000000099e+00,-1.840463927227052565e+01
1.111699999999999910e+00,-1.847171016936457377e+01
1.111099999999999977e+00,-1.838520034358140975e+01
1.110700000000000021e+00,-1.839136906196820576e+01
1.110400000000000054e+00,-1.848271060373119923e+01
1.109699999999999909e+00,-1.845843093076964436e+01
1.109399999999999942e+00,-1.842865552012336039e+01
1.109099999999999975e+00,-1.861825382960691755e+01
1.108400000000000052e+00,-1.852848311987747110e+01
1.108100000000000085e+00,-1.839759767775298016e+01
1.107799999999999896e+00,-1.839593188024350212e+01
1.107199999999999962e+00,-1.847017609418908890e+01
1.106800000000000006e+00,-1.842567104585052107e+01
1.106500000000000039e+00,-1.842877204755160392e+01
1.105799999999999894e+00,-1.842756269168468108e+01
1.105499999999999927e+00,-1.844912910028738651e+01
1.104800000000000004e+00,-1.841476273074767533e+01
1.104500000000000037e+00,-1.838868000840002281e+01
1.104100000000000081e+00,-1.851417300045123326e+01
1.103799999999999892e+00,-1.839274730742954134e+01
1.103199999999999958e+00,-1.844921036320183916e+01
1.102899999999999991e+00,-1.844104144544380830e+01
1.102200000000000069e+00,-1.849497313815605892e+01
1.101799999999999891e+00,-1.840114763499833117e+01
1.101499999999999924e+00,-1.847512369533999532e+01
1.100899999999999990e+00,-1.842674160113166693e+01
1.100500000000000034e+00,-1.844553378186290260e+01
1.100200000000000067e+00,-1.839108713742121637e+01
1.099800000000000111e+00,-1.841776662607113124e+01
1.099199999999999955e+00,-1.839202568873479393e+01
1.098899999999999988e+00,-1.840114984451362901e+01
1.098500000000000032e+00,-1.843805138824232159e+01
1.097900000000000098e+00,-1.837835366375771073e+01
1.097599999999999909e+00,-1.837005780328561499e+01
1.096999999999999975e+00,-1.844403044666022140e+01
1.096600000000000019e+00,-1.837045565117861301e+01
1.096400000000000041e+00,-1.839227561522194065e+01
1.095699999999999896e+00,-1.836323830493600084e+01
1.095399999999999929e+00,-1.848453630775665957e+01
1.094999999999999973e+00,-1.847770152904803709e+01
1.094400000000000039e+00,-1.849181088351206625e+01
1.094000000000000083e+00,-1.843554267391941082e+01
1.093399999999999928e+00,-1.838176406258927997e+01
1.093099999999999961e+00,-1.842686690401987093e+01
1.092400000000000038e+00,-1.844888598669493618e+01
1.091800000000000104e+00,-1.841049421979889544e+01
1.091399999999999926e+00,-1.834301228958827679e+01
1.091099999999999959e+00,-1.831812187284764448e+01
1.090799999999999992e+00,-1.832211507088237923e+01
1.090100000000000069e+00,-1.837397870964917601e+01
1.089800000000000102e+00,-1.836451752375957724e+01
1.089499999999999913e+00,-1.822049349574214361e+01
1.088799999999999990e+00,-1.832996035472543284e+01
1.088500000000000023e+00,-1.828119412227071550e+01
1.088200000000000056e+00,-1.829010057383855425e+01
1.087499999999999911e+00,-1.818683103039456839e+01
1.087199999999999944e+00,-1.826859370517722425e+01
1.086600000000000010e+00,-1.819869912889288344e+01
1.086300000000000043e+00,-1.822414949737083845e+01
1.085900000000000087e+00,-1.832413556341087357e+01
1.085199999999999942e+00,-1.832366287765809787e+01
1.084799999999999986e+00,-1.822344597634918983e+01
1.084200000000000053e+00,-1.819895572011537155e+01
1.083900000000000086e+00,-1.816131043422542035e+01
1.083199999999999941e+00,-1.818087810286327155e+01
1.082899999999999974e+00,-1.826581242642478031e+01
1.082300000000000040e+00,-1.826917401330100077e+01
1.082000000000000073e+00,-1.825440180229171361e+01
1.081700000000000106e+00,-1.833657434940905162e+01
1.080899999999999972e+00,-1.824190907534087813e+01
1.080600000000000005e+00,-1.828992075741716405e+01
1.080300000000000038e+00,-1.828079658423740739e+01
1.079599999999999893e+00,-1.828236992044342912e+01
1.079299999999999926e+00,-1.829464160917138216e+01
1.078999999999999959e+00,-1.829608474331161005e+01
1.078699999999999992e+00,-1.823692546315675145e+01
1.078100000000000058e+00,-1.831877071047025041e+01
1.077800000000000091e+00,-1.841000806063388495e+01
1.077399999999999913e+00,-1.830240464894697894e+01
1.076799999999999979e+00,-1.826118735199074905e+01
1.076400000000000023e+00,-1.825005916698783892e+01
1.076100000000000056e+00,-1.829873519974293572e+01
1.075399999999999912e+00,-1.808042784075415099e+01
1.075099999999999945e+00,-1.811454284075652410e+01
1.074799999999999978e+00,-1.817934206948318021e+01
1.074100000000000055e+00,-1.832840042117183543e+01
1.073800000000000088e+00,-1.842444922358779991e+01
1.073399999999999910e+00,-1.822460698816556501e+01
1.072799999999999976e+00,-1.822902628724650143e+01
1.072500000000000009e+00,-1.826639496785757899e+01
1.072100000000000053e+00,-1.814817970807779446e+01
1.071399999999999908e+00,-1.817646578738873586e+01
1.071099999999999941e+00,-1.814481186784861677e+01
1.070400000000000018e+00,-1.817811425688514859e+01
1.070100000000000051e+00,-1.817830085793668360e+01
1.069399999999999906e+00,-1.818570339030770810e+01
1.069099999999999939e+00,-1.807546160024660509e+01
1.068500000000000005e+00,-1.811980736019175708e+01
1.068200000000000038e+00,-1.815480871130798946e+01
1.067900000000000071e+00,-1.813267513949296728e+01
1.067499999999999893e+00,-1.823561372951819948e+01
1.066899999999999959e+00,-1.830259863507032136e+01
1.066500000000000004e+00,-1.830445789485490948e+01
1.066200000000000037e+00,-1.828334693403698097e+01
1.065499999999999892e+00,-1.822951910816763643e+01
1.065199999999999925e+00,-1.819763289290111175e+01
1.064899999999999958e+00,-1.822681328178974880e+01
1.064300000000000024e+00,-1.828456893515871684e+01
1.063900000000000068e+00,-1.808869527292148760e+01
1.063600000000000101e+00,-1.808331395717682355e+01
1.062899999999999956e+00,-1.798997310742764810e+01
1.062599999999999989e+00,-1.791467026506328253e+01
1.062300000000000022e+00,-1.808109104678573686e+01
1.061600000000000099e+00,-1.800034429728699337e+01
1.061299999999999910e+00,-1.818794738766499819e+01
1.060899999999999954e+00,-1.812071971565333683e+01
1.060300000000000020e+00,-1.813718667967615872e+01
1.060000000000000053e+00,-1.820305566362654304e+01
1.059700000000000086e+00,-1.815122497805321800e+01
1.058999999999999941e+00,-1.811315321934466027e+01
1.058599999999999985e+00,-1.806977048160515054e+01
1.058300000000000018e+00,-1.811758107211581859e+01
1.057700000000000085e+00,-1.801068949073133751e+01
1.057299999999999907e+00,-1.806688726290750679e+01
1.056699999999999973e+00,-1.805534991482548079e+01
1.056300000000000017e+00,-1.816428083778760083e+01
1.056000000000000050e+00,-1.811046863958581810e+01
1.055399999999999894e+00,-1.808039545081281219e+01
1.055099999999999927e+00,-1.806129591970986326e+01
1.054699999999999971e+00,-1.813946812073661974e+01
1.054100000000000037e+00,-1.816300163921761524e+01
1.053800000000000070e+00,-1.818083066518318347e+01
1.053500000000000103e+00,-1.817023524089958286e+01
1.052699999999999969e+00,-1.823327192708931577e+01
1.052400000000000002e+00,-1.816911297996453101e+01
1.052100000000000035e+00,-1.809914744986922130e+01
1.051800000000000068e+00,-1.811983217634323395e+01
1.050999999999999934e+00,-1.803645639356270536e+01
1.050699999999999967e+00,-1.799914678494423370e+01
1.050000000000000044e+00,-1.801485683518263059e+01
1.049700000000000077e+00,-1.806663544373209618e+01
1.048999999999999932e+00,-1.820374508949822712e+01
1.048799999999999955e+00,-1.803272384960303043e+01
1.048499999999999988e+00,-1.804338022504889238e+01
1.047800000000000065e+00,-1.801659970132448763e+01
1.047500000000000098e+00,-1.804732250465200494e+01
1.047199999999999909e+00,-1.805790427184487257e+01
1.046499999999999986e+00,-1.792782814775788225e+01
1.046100000000000030e+00,-1.807986406344285513e+01
1.045800000000000063e+00,-1.812114350430585574e+01
1.045099999999999918e+00,-1.803453091453986801e+01
1.044799999999999951e+00,-1.794593432856393633e+01
1.044499999999999984e+00,-1.796783684233499301e+01
1.043800000000000061e+00,-1.809293597331510739e+01
1.043500000000000094e+00,-1.819940081522648967e+01
1.043199999999999905e+00,-1.821385946150508772e+01
1.042599999999999971e+00,-1.815100960438831024e+01
1.042200000000000015e+00,-1.809082712107088753e+01
1.041900000000000048e+00,-1.802983609593845316e+01
1.041600000000000081e+00,-1.807909276126057563e+01
1.040899999999999936e+00,-1.807480285574026269e+01
1.040599999999999969e+00,-1.807641900664494727e+01
1.040200000000000014e+00,-1.806444404674556736e+01
1.039600000000000080e+00,-1.793410717261870246e+01
1.039199999999999902e+00,-1.805089189231730273e+01
1.038899999999999935e+00,-1.797855938648713447e+01
1.038200000000000012e+00,-1.810216487490986736e+01
1.037800000000000056e+00,-1.800972961861022625e+01
1.037500000000000089e+00,-1.807352047979047782e+01
1.036799999999999944e+00,-1.800102715944608889e+01
1.036599999999999966e+00,-1.795015434007023458e+01
1.036200000000000010e+00,-1.804968479287563454e+01
1.035600000000000076e+00,-1.806940223476926022e+01
1.035300000000000109e+00,-1.803060831857298751e+01
1.034999999999999920e+00,-1.794140550177743165e+01
1.034299999999999997e+00,-1.794601781104970328e+01
1.033900000000000041e+00,-1.786759606709859938e+01
1.033300000000000107e+00,-1.806278096976284431e+01
1.032899999999999929e+00,-1.798122564762687148e+01
1.032200000000000006e+00,-1.803161720115575761e+01
1.031900000000000039e+00,-1.816130426650327223e+01
1.031300000000000106e+00,-1.815340084340517635e+01
1.030899999999999928e+00,-1.811345961703139551e+01
1.030599999999999961e+00,-1.798278029772849607e+01
1.029900000000000038e+00,-1.796470530724455372e+01
1.029600000000000071e+00,-1.793706811244058841e+01
1.029300000000000104e+00,-1.799356499942225085e+01
1.028599999999999959e+00,-1.797215311875781651e+01
1.028299999999999992e+00,-1.791208147318536703e+01
1.028000000000000025e+00,-1.799655483555352831e+01
1.027700000000000058e+00,-1.803051607546443691e+01
1.026999999999999913e+00,-1.797059787631309291e+01
1.026699999999999946e+00,-1.805992826659158723e+01
1.026299999999999990e+00,-1.806219161143854635e+01
1.025700000000000056e+00,-1.795373672508707941e+01
1.025099999999999900e+00,-1.789507870438170301e+01
1.024699999999999944e+00,-1.785184426404181579e+01
1.024399999999999977e+00,-1.798111395675235613e+01
1.023800000000000043e+00,-1.801056862015303395e+01
1.023400000000000087e+00,-1.792799766518323779e+01
1.023099999999999898e+00,-1.800175751499044452e+01
1.022499999999999964e+00,-1.792064288116366910e+01
1.022199999999999998e+00,-1.794274669581407977e+01
1.021800000000000042e+00,-1.808442714412560903e+01
1.021200000000000108e+00,-1.809325638812897097e+01
1.020899999999999919e+00,-1.813801576237440116e+01
1.020499999999999963e+00,-1.803252237673946468e+01
1.019900000000000029e+00,-1.795155069279222815e+01
1.019500000000000073e+00,-1.817171061948043231e+01
1.019200000000000106e+00,-1.809476155703619327e+01
1.018599999999999950e+00,-1.805049963675880065e+01
1.018199999999999994e+00,-1.801951368825801225e+01
1.017600000000000060e+00,-1.796853987314902668e+01
1.017200000000000104e+00,-1.777792301461272828e+01
1.016899999999999915e+00,-1.772224298891437044e+01
1.016199999999999992e+00,-1.781875119469308189e+01
1.015900000000000025e+00,-1.783315782462246801e+01
1.015300000000000091e+00,-1.783584114357379136e+01
1.014899999999999913e+00,-1.796832474596681450e+01
1.014599999999999946e+00,-1.798218442385125826e+01
1.014000000000000012e+00,-1.794401102730479636e+01
1.013700000000000045e+00,-1.788295188195040097e+01
1.013300000000000090e+00,-1.792514583371547587e+01
1.012599999999999945e+00,-1.791543751495337844e+01
1.012299999999999978e+00,-1.785502802859701887e+01
1.011900000000000022e+00,-1.788973801669898123e+01
1.011300000000000088e+00,-1.783233487625520297e+01
1.010899999999999910e+00,-1.803462877260162500e+01
1.010599999999999943e+00,-1.794868735256905623e+01
1.009900000000000020e+00,-1.784289466107121314e+01
1.009600000000000053e+00,-1.783398970556159924e+01
1.009300000000000086e+00,-1.777815978567208433e+01
1.008699999999999930e+00,-1.782882154004175135e+01
1.008399999999999963e+00,-1.788408963963143705e+01
1.008000000000000007e+00,-1.789419539749226473e+01
1.007400000000000073e+00,-1.788009171037963441e+01
1.007100000000000106e+00,-1.792904335070673838e+01
1.006399999999999961e+00,-1.796806185076771456e+01
1.006000000000000005e+00,-1.784495237158170511e+01
1.005700000000000038e+00,-1.775191868245888926e+01
1.005400000000000071e+00,-1.786929824338471917e+01
1.004599999999999937e+00,-1.787838934007483971e+01
1.004299999999999971e+00,-1.796480579379670672e+01
1.003900000000000015e+00,-1.789428707302106503e+01
1.003200000000000092e+00,-1.781570644161373096e+01
1.002899999999999903e+00,-1.787278146454215033e+01
1.002499999999999947e+00,-1.792779297725768828e+01
1.001900000000000013e+00,-1.795560785222902211e+01
1.001600000000000046e+00,-1.785053554133010323e+01
1.000699999999999923e+00,-1.778144611169580713e+01
1.000399999999999956e+00,-1.782944019855471396e+01
1.000000000000000000e+00,-1.780799836376152001e+01
9.993999999999999551e-01,-1.788063483901094131e+01
9.990999999999999881e-01,-1.789360295153703717e+01
9.987000000000000322e-01,-1.787760891803751662e+01
9.980999999999999872e-01,-1.782058538944975012e+01
9.977000000000000313e-01,-1.771794904032678630e+01
9.973999999999999533e-01,-1.773122213520727541e+01
9.968000000000000194e-01,-1.775579022469430157e+01
9.965000000000000524e-01,-1.765252852009777129e+01
9.960999999999999854e-01,-1.764733748887397624e+01
9.955000000000000515e-01,-1.757817976867888632e+01
9.951999999999999735e-01,-1.767707931846912572e+01
9.945000000000000506e-01,-1.770808513437407683e+01
9.941999999999999726e-01,-1.773304611987430945e+01
9.935000000000000497e-01,-1.763977385790954600e+01
9.931999999999999718e-01,-1.771249467225864649e+01
9.925000000000000488e-01,-1.763992192669715919e+01
9.921999999999999709e-01,-1.771757573212776293e+01
9.918000000000000149e-01,-1.786327304519356574e+01
9.916000000000000369e-01,-1.778736959971646669e+01
9.909000000000000030e-01,-1.785798184658505505e+01
9.905000000000000471e-01,-1.780445498864744991e+01
9.901999999999999691e-01,-1.787744887945434868e+01
9.896000000000000352e-01,-1.775800322577538637e+01
9.891999999999999682e-01,-1.773250719805273334e+01
9.889000000000000012e-01,-1.781144342852310913e+01
9.886000000000000343e-01,-1.779941596548265892e+01
9.879000000000000004e-01,-1.773976554719589771e+01
9.875000000000000444e-01,-1.792085144581663059e+01
9.871999999999999664e-01,-1.787018600680921310e+01
9.865000000000000435e-01,-1.790811938972604267e+01
9.862999999999999545e-01,-1.781309862817857237e+01
9.859999999999999876e-01,-1.771126154523185647e+01
9.852999999999999536e-01,-1.765665476496742770e+01
9.849999999999999867e-01,-1.763364386479669221e+01
9.846000000000000307e-01,-1.767623528410892675e+01
9.839999999999999858e-01,-1.772568393953481447e+01
9.836000000000000298e-01,-1.758759012281067058e+01
9.829999999999999849e-01,-1.772062710951056275e+01
9.826000000000000290e-01,-1.783287743832078931e+01
9.819999999999999840e-01,-1.782244405224894024e+01
9.817000000000000171e-01,-1.793078999463033085e+01
9.809999999999999831e-01,-1.787496505440810424e+01
9.807000000000000162e-01,-1.785367681191689471e+01
9.802999999999999492e-01,-1.786082109410374485e+01
9.799999999999999822e-01,-1.784538229022830791e+01
9.792999999999999483e-01,-1.775907902134875727e+01
9.789999999999999813e-01,-1.774701334805416053e+01
9.784000000000000474e-01,-1.773239134094366776e+01
9.780999999999999694e-01,-1.770863451683859680e+01
9.778000000000000025e-01,-1.768750959909191423e+01
9.775000000000000355e-01,-1.765020415463161285e+01
9.768000000000000016e-01,-1.775645680791738101e+01
9.765000000000000346e-01,-1.773943500474380741e+01
9.760999999999999677e-01,-1.785159024288457985e+01
9.758000000000000007e-01,-1.790530369999024884e+01
9.750999999999999668e-01,-1.786924240666934693e+01
9.747999999999999998e-01,-1.771239387920158492e+01
9.741999999999999549e-01,-1.769402456940280643e+01
9.737999999999999989e-01,-1.779299089429168745e+01
9.735000000000000320e-01,-1.767943433179756951e+01
9.727999999999999980e-01,-1.783106441053915248e+01
9.725000000000000311e-01,-1.774837401362925249e+01
9.720999999999999641e-01,-1.769530653982602431e+01
9.714000000000000412e-01,-1.781153921388617078e+01
9.710999999999999632e-01,-1.762822147422099661e+01
9.707999999999999963e-01,-1.772407145158470598e+01
9.700999999999999623e-01,-1.774079876550064583e+01
9.697999999999999954e-01,-1.774656459294435251e+01
9.690999999999999615e-01,-1.773710517266203368e+01
9.687999999999999945e-01,-1.769792344683239449e+01
9.685000000000000275e-01,-1.787940154226305367e+01
9.678999999999999826e-01,-1.780374611488914383e+01
9.676000000000000156e-01,-1.770444142030749646e+01
9.673000000000000487e-01,-1.760117701224634246e+01
9.669999999999999707e-01,-1.751390185528497412e+01
9.663000000000000478e-01,-1.750228786856922980e+01
9.658999999999999808e-01,-1.759116497720104633e+01
9.656000000000000139e-01,-1.768710900516444084e+01
9.648999999999999799e-01,-1.768496108709560133e+01
9.645000000000000240e-01,-1.774435070177335660e+01
9.641999999999999460e-01,-1.766963345458602674e+01
9.635000000000000231e-01,-1.778707002487618638e+01
9.631999999999999451e-01,-1.763721640436442684e+01
9.627999999999999892e-01,-1.767311919367593021e+01
9.622000000000000552e-01,-1.762612949620595870e+01
9.618999999999999773e-01,-1.761194958353014073e+01
9.616000000000000103e-01,-1.758494941816552881e+01
9.609999999999999654e-01,-1.769424510057876532e+01
9.606000000000000094e-01,-1.758253691832969068e+01
9.599999999999999645e-01,-1.766672666378412870e+01
9.596000000000000085e-01,-1.771922143094404944e+01
9.593000000000000416e-01,-1.767156815159747651e+01
9.586000000000000076e-01,-1.754718726243668314e+01
9.582000000000000517e-01,-1.759684915006391037e+01
9.578999999999999737e-01,-1.779750341366270305e+01
9.576000000000000068e-01,-1.761372325636331126e+01
9.569999999999999618e-01,-1.751294519434206265e+01
9.566999999999999948e-01,-1.753959451681625481e+01
9.563000000000000389e-01,-1.763369615114581634e+01
9.556999999999999940e-01,-1.775640424135256623e+01
9.554000000000000270e-01,-1.766882613772084198e+01
9.546999999999999931e-01,-1.758115907405464284e+01
9.544000000000000261e-01,-1.769415794030393485e+01
9.540999999999999481e-01,-1.755649881535507362e+01
9.536999999999999922e-01,-1.763089506357949432e+01
9.530999999999999472e-01,-1.753289959743791115e+01
9.527999999999999803e-01,-1.750395376794132574e+01
9.520999999999999464e-01,-1.763492756932712879e+01
9.516999999999999904e-01,-1.776579270101773034e+01
9.514000000000000234e-01,-1.771534309950193986e+01
9.507999999999999785e-01,-1.757904351099709572e+01
9.504000000000000226e-01,-1.755945266502046209e+01
9.500999999999999446e-01,-1.746515955321605418e+01
9.495000000000000107e-01,-1.752713119801763497e+01
9.492000000000000437e-01,-1.759796362754278931e+01
9.487999999999999767e-01,-1.771374264130376375e+01
9.481000000000000538e-01,-1.765606840977863001e+01
9.477999999999999758e-01,-1.769151806534502569e+01
9.475000000000000089e-01,-1.760095326146038630e+01
9.467999999999999750e-01,-1.750714432024545175e+01
9.464000000000000190e-01,-1.758255598686333343e+01
9.461000000000000520e-01,-1.765545012954233428e+01
9.457999999999999741e-01,-1.765729169922779462e+01
9.451000000000000512e-01,-1.766441217325364832e+01
9.447999999999999732e-01,-1.773587831139710858e+01
9.441000000000000503e-01,-1.766769220648556171e+01
9.436999999999999833e-01,-1.751139534105876194e+01
9.434000000000000163e-01,-1.744104560303357232e+01
9.427999999999999714e-01,-1.751811547655015744e+01
9.425000000000000044e-01,-1.764275536093708396e+01
9.421000000000000485e-01,-1.764747947248669036e+01
9.417999999999999705e-01,-1.767022119620615683e+01
9.412000000000000366e-01,-1.759598018672789976e+01
9.407999999999999696e-01,-1.750358345736120924e+01
9.405000000000000027e-01,-1.755318799261888074e+01
9.398999999999999577e-01,-1.761997143484043704e+01
9.395000000000000018e-01,-1.756750156761271953e+01
9.388999999999999568e-01,-1.757536497306276502e+01
9.385000000000000009e-01,-1.742742844289043447e+01
9.382000000000000339e-01,-1.736581322448636300e+01
9.375000000000000000e-01,-1.739121844217521939e+01
9.372000000000000330e-01,-1.742830379000927010e+01
9.368999999999999551e-01,-1.749973410899528048e+01
9.363000000000000211e-01,-1.745002984490893994e+01
9.360000000000000542e-01,-1.741429520083388738e+01
9.355999999999999872e-01,-1.749143606258546768e+01
9.350000000000000533e-01,-1.739797655781064378e+01
9.345999999999999863e-01,-1.750578722322796210e+01
9.343000000000000194e-01,-1.746565556959281196e+01
9.335999999999999854e-01,-1.755256854571564773e+01
9.333000000000000185e-01,-1.753183492614659400e+01
9.326999999999999735e-01,-1.744128747657742196e+01
9.324000000000000066e-01,-1.750570047837464926e+01
9.316999999999999726e-01,-1.752617539206883635e+01
9.314000000000000057e-01,-1.752507347064571874e+01
9.310000000000000497e-01,-1.758113942825671927e+01
9.305999999999999828e-01,-1.753308748761190472e+01
9.300000000000000488e-01,-1.764491448472248791e+01
9.295999999999999819e-01,-1.743355946207990570e+01
9.293000000000000149e-01,-1.757324847277896396e+01
9.286999999999999700e-01,-1.765049021298969123e+01
9.284000000000000030e-01,-1.749470017512874165e+01
9.281000000000000361e-01,-1.746854443118459344e+01
9.274000000000000021e-01,-1.742143740937306262e+01
9.271000000000000352e-01,-1.743796445044173993e+01
9.267999999999999572e-01,-1.735181717950479197e+01
9.261000000000000343e-01,-1.749551660184490487e+01
9.256999999999999673e-01,-1.748949577353468499e+01
9.254000000000000004e-01,-1.739972148769065896e+01
9.247999999999999554e-01,-1.729563063911070842e+01
9.243999999999999995e-01,-1.741792177348188986e+01
9.241000000000000325e-01,-1.748511543065069773e+01
9.233999999999999986e-01,-1.751921477713726105e+01
9.231000000000000316e-01,-1.735982454003168840e+01
9.224999999999999867e-01,-1.739126025314709167e+01
9.222000000000000197e-01,-1.735265995325687882e+01
9.219000000000000528e-01,-1.744153835142947884e+01
9.215999999999999748e-01,-1.740601504036870750e+01
9.209000000000000519e-01,-1.743166850122915790e+01
9.205999999999999739e-01,-1.742255692679939472e+01
9.202000000000000179e-01,-1.746338827899101886e+01
9.195999999999999730e-01,-1.741608033309204728e+01
9.193000000000000060e-01,-1.739498910317697167e+01
9.190000000000000391e-01,-1.742837985985586968e+01
9.183999999999999941e-01,-1.748313155887845483e+01
9.181000000000000272e-01,-1.743712771547865259e+01
9.176999999999999602e-01,-1.741875001916122301e+01
9.170000000000000373e-01,-1.757293365759965909e+01
9.166999999999999593e-01,-1.744204740663163733e+01
9.163999999999999924e-01,-1.737895216253199138e+01
9.156999999999999584e-01,-1.725382201178968700e+01
9.153999999999999915e-01,-1.732970048470240343e+01
9.151000000000000245e-01,-1.733296326522672359e+01
9.143999999999999906e-01,-1.734667303284736306e+01
9.141000000000000236e-01,-1.742509649835131569e+01
9.136999999999999567e-01,-1.745517132915111347e+01
9.131000000000000227e-01,-1.749334538299635611e+01
9.126999999999999558e-01,-1.750279423811847224e+01
9.121000000000000218e-01,-1.748527431383152830e+01
9.116999999999999549e-01,-1.760493957607342352e+01
9.113999999999999879e-01,-1.759732797343791688e+01
9.108000000000000540e-01,-1.745307304325573128e+01
9.103999999999999870e-01,-1.747960035935634338e+01
9.101000000000000201e-01,-1.747200760276570009e+01
9.094999999999999751e-01,-1.754911340625187322e+01
9.092000000000000082e-01,-1.752718978342074507e+01
9.088000000000000522e-01,-1.735996668487688765e+01
9.084999999999999742e-01,-1.753870457186267373e+01
9.078000000000000513e-01,-1.754357890503717599e+01
9.074999999999999734e-01,-1.748771429421081791e+01
9.072000000000000064e-01,-1.735141484337544782e+01
9.064999999999999725e-01,-1.743371837827772808e+01
9.062000000000000055e-01,-1.735593051538225495e+01
9.059000000000000385e-01,-1.735382499286801661e+01
9.052999999999999936e-01,-1.750674539754224668e+01
9.050000000000000266e-01,-1.744656793623783742e+01
9.045999999999999597e-01,-1.755379095950172896e+01
9.039000000000000368e-01,-1.737975350665056951e+01
9.035999999999999588e-01,-1.746782634880822016e+01
9.032000000000000028e-01,-1.732957419522830023e+01
9.025999999999999579e-01,-1.732784423035382204e+01
9.022999999999999909e-01,-1.746113702967896231e+01
9.019000000000000350e-01,-1.739083733171501578e+01
9.012999999999999901e-01,-1.746884860237881654e+01
9.010000000000000231e-01,-1.745136272922904297e+01
9.002999999999999892e-01,-1.740900449986896703e+01
8.999000000000000332e-01,-1.741015454607159541e+01
8.992999999999999883e-01,-1.750876138722082587e+01
8.989000000000000323e-01,-1.741617391071278576e+01
8.982999999999999874e-01,-1.749593346923152382e+01
8.980000000000000204e-01,-1.743583688827701295e+01
8.975999999999999535e-01,-1.748681252730548508e+01
8.970000000000000195e-01,-1.738997741346842218e+01
8.967000000000000526e-01,-1.740246504686702878e+01
8.963999999999999746e-01,-1.740117171702562970e+01
8.957000000000000517e-01,-1.735640723221961679e+01
8.953999999999999737e-01,-1.748029690857222107e+01
8.951000000000000068e-01,-1.744684157726781137e+01
8.943999999999999728e-01,-1.742827604811732556e+01
8.941000000000000059e-01,-1.750325816130280288e+01
8.938000000000000389e-01,-1.749333118430109835e+01
8.931000000000000050e-01,-1.743674671987102087e+01
8.928000000000000380e-01,-1.725306179457576761e+01
8.923999999999999710e-01,-1.733340204405093488e+01
8.918000000000000371e-01,-1.737214663264339976e+01
8.913999999999999702e-01,-1.753879990213586382e+01
8.911000000000000032e-01,-1.740040123911334291e+01
8.904999999999999583e-01,-1.728953948351222181e+01
8.901999999999999913e-01,-1.735678602132672665e+01
8.898000000000000353e-01,-1.738295157036199257e+01
8.891999999999999904e-01,-1.737355381390189635e+01
8.889000000000000234e-01,-1.744069464369984246e+01
8.881000000000000005e-01,-1.750375530084778219e+01
8.878000000000000336e-01,-1.744526959973416425e+01
8.871999999999999886e-01,-1.750777346314078287e+01
8.868000000000000327e-01,-1.741259924535366821e+01
8.861999999999999877e-01,-1.735303449732893810e+01
8.859000000000000208e-01,-1.743925227447162030e+01
8.856000000000000538e-01,-1.749028726856548488e+01
8.852999999999999758e-01,-1.739024408475330574e+01
8.846000000000000529e-01,-1.733979642983057445e+01
8.842999999999999750e-01,-1.716227581633426169e+01
8.840000000000000080e-01,-1.723239981182324243e+01
8.831999999999999851e-01,-1.709470602946766604e+01
8.829000000000000181e-01,-1.719310215660078356e+01
8.826000000000000512e-01,-1.720149685220401992e+01
8.816000000000000503e-01,-1.727977675423410275e+01
8.811999999999999833e-01,-1.731771151074132220e+01
8.809000000000000163e-01,-1.730297139586655319e+01
8.802999999999999714e-01,-1.724660683822204987e+01
8.800000000000000044e-01,-1.726757209926351422e+01
8.796000000000000485e-01,-1.733037453706728215e+01
8.790000000000000036e-01,-1.732121566318002692e+01
8.787000000000000366e-01,-1.745980387745675344e+01
8.782999999999999696e-01,-1.743575114675037341e+01
8.777000000000000357e-01,-1.740622759540434572e+01
8.772999999999999687e-01,-1.733663509469159436e+01
8.767000000000000348e-01,-1.749450438663221519e+01
8.762999999999999678e-01,-1.726803104735111916e+01
8.760000000000000009e-01,-1.719202929262300472e+01
8.757000000000000339e-01,-1.722942259935866005e+01
8.750000000000000000e-01,-1.725186716636266127e+01
8.747000000000000330e-01,-1.719694925517174156e+01
8.743999999999999551e-01,-1.716923314841736570e+01
8.739999999999999991e-01,-1.715645302040993059e+01
8.733999999999999542e-01,-1.717221937671525112e+01
8.730999999999999872e-01,-1.725628373662434356e+01
8.728000000000000203e-01,-1.726107677387893347e+01
8.720999999999999863e-01,-1.716095125409164623e+01
8.717000000000000304e-01,-1.729615937227984901e+01
8.713999999999999524e-01,-1.725612465374422655e+01
8.707000000000000295e-01,-1.723490632079645124e+01
8.702999999999999625e-01,-1.719975947722428700e+01
8.699999999999999956e-01,-1.732342224211721771e+01
8.693999999999999506e-01,-1.730152768743067782e+01
8.690999999999999837e-01,-1.722020119329812715e+01
8.687000000000000277e-01,-1.729093100458619858e+01
8.680999999999999828e-01,-1.742602118660905219e+01
8.678000000000000158e-01,-1.720735756094186542e+01
8.671999999999999709e-01,-1.748502285756417507e+01
8.668000000000000149e-01,-1.736896496624829567e+01
8.661999999999999700e-01,-1.728211240538696813e+01
8.658000000000000140e-01,-1.713483390791987304e+01
8.655000000000000471e-01,-1.722905043943520909e+01
8.648000000000000131e-01,-1.727137742386234365e+01
8.645000000000000462e-01,-1.724490276712315051e+01
8.641999999999999682e-01,-1.715743296352815861e+01
8.638000000000000123e-01,-1.713829035856276306e+01
8.631999999999999673e-01,-1.721445472841545765e+01
8.628000000000000114e-01,-1.705582750521506696e+01
8.625000000000000444e-01,-1.717450694115009213e+01
8.618000000000000105e-01,-1.718552563752893292e+01
8.615000000000000435e-01,-1.723684953089379590e+01
8.610999999999999766e-01,-1.741568164019286513e+01
8.605000000000000426e-01,-1.723825890942686101e+01
8.600999999999999757e-01,-1.719918863167845302e+01
8.598000000000000087e-01,-1.718660549544824789e+01
8.591999999999999638e-01,-1.718532017621430441e+01
8.588000000000000078e-01,-1.733934626214879771e+01
8.585000000000000409e-01,-1.749308436184288240e+01
8.578000000000000069e-01,-1.748723531661425667e+01
8.575000000000000400e-01,-1.742346388011140945e+01
8.571999999999999620e-01,-1.730958220738150999e+01
8.565000000000000391e-01,-1.731945329456301153e+01
8.561999999999999611e-01,-1.724135549541101753e+01
8.558000000000000052e-01,-1.728650922418984948e+01
8.550999999999999712e-01,-1.729436647209641009e+01
8.548000000000000043e-01,-1.718998298179093709e+01
8.544000000000000483e-01,-1.718736598174241337e+01
8.538000000000000034e-01,-1.724805586546199976e+01
8.534000000000000474e-01,-1.718887857369444916e+01
8.530999999999999694e-01,-1.734695959008615063e+01
8.524000000000000465e-01,-1.727613638285900777e+01
8.520999999999999686e-01,-1.724775557197955678e+01
8.518000000000000016e-01,-1.720691967255121213e+01
8.510999999999999677e-01,-1.714209309056939290e+01
8.504000000000000448e-01,-1.715017475156753335e+01
8.500999999999999668e-01,-1.734047579072458944e+01
8.497000000000000108e-01,-1.724218016816827159e+01
8.490999999999999659e-01,-1.732183701190423264e+01
8.487000000000000099e-01,-1.732874145329975946e+01
8.484000000000000430e-01,-1.728514679630163187e+01
8.477000000000000091e-01,-1.709309539217347051e+01
8.473000000000000531e-01,-1.728741581731281940e+01
8.469999999999999751e-01,-1.715495844549505833e+01
8.464000000000000412e-01,-1.723765738217792887e+01
8.459999999999999742e-01,-1.738815237118619450e+01
8.457000000000000073e-01,-1.737404677238244233e+01
8.449999999999999734e-01,-1.726603413019682876e+01
8.447000000000000064e-01,-1.718350936878243829e+01
8.444000000000000394e-01,-1.722390052064396926e+01
8.437000000000000055e-01,-1.724694654296780527e+01
8.433000000000000496e-01,-1.730604054757615273e+01
8.429999999999999716e-01,-1.726593756582149553e+01
8.423000000000000487e-01,-1.729763916058050910e+01
8.419999999999999707e-01,-1.720230925247676623e+01
8.413000000000000478e-01,-1.724792597463638799e+01
8.409999999999999698e-01,-1.716551350214477267e+01
8.404000000000000359e-01,-1.718530788646400964e+01
8.397000000000000020e-01,-1.707767353784431208e+01
8.394000000000000350e-01,-1.729054837450137683e+01
8.389999999999999680e-01,-1.716225061160871590e+01
8.384000000000000341e-01,-1.719496406315731818e+01
8.379999999999999671e-01,-1.717982894534012672e+01
8.377000000000000002e-01,-1.708934136015662730e+01
8.369999999999999662e-01,-1.715055292149658683e+01
8.366999999999999993e-01,-1.723291274508603266e+01
8.364000000000000323e-01,-1.726375003605219050e+01
8.356999999999999984e-01,-1.706419756773184560e+01
8.354000000000000314e-01,-1.698216056054187817e+01
8.350999999999999535e-01,-1.695041510354628045e+01
8.344000000000000306e-01,-1.700791912243263582e+01
8.340999999999999526e-01,-1.711770574974744363e+01
8.336999999999999966e-01,-1.707839111624760875e+01
8.329999999999999627e-01,-1.713289541913805181e+01
8.326999999999999957e-01,-1.706385762430731035e+01
8.324000000000000288e-01,-1.705794377663358929e+01
8.316999999999999948e-01,-1.700365233100889739e+01
8.314000000000000279e-01,-1.709005000259397988e+01
8.306999999999999940e-01,-1.703705355745027106e+01
8.304000000000000270e-01,-1.704538243536288533e+01
8.299999999999999600e-01,-1.703367899511766126e+01
8.294000000000000261e-01,-1.696522234305372479e+01
8.289999999999999591e-01,-1.702924192688720595e+01
8.283000000000000362e-01,-1.686036374162888407e+01
8.276000000000000023e-01,-1.687819954787608623e+01
8.273000000000000353e-01,-1.704870545113203661e+01
8.266999999999999904e-01,-1.720161017485545685e+01
8.264000000000000234e-01,-1.722743877025541437e+01
8.260999999999999455e-01,-1.717798813829557147e+01
8.256000000000000005e-01,-1.716536042198745804e+01
8.253000000000000336e-01,-1.712882061650055476e+01
8.248999999999999666e-01,-1.708268225399170603e+01
8.243000000000000327e-01,-1.704084463649809322e+01
8.238999999999999657e-01,-1.716299130193220179e+01
8.235999999999999988e-01,-1.727512711171448601e+01
8.228999999999999648e-01,-1.719313093145663274e+01
8.225999999999999979e-01,-1.722431919287271285e+01
8.224000000000000199e-01,-1.724601096594058447e+01
8.216999999999999860e-01,-1.717568975420653032e+01
8.214000000000000190e-01,-1.710533078618861680e+01
8.211000000000000520e-01,-1.709317650765047958e+01
8.204000000000000181e-01,-1.731124716027546739e+01
8.199999999999999512e-01,-1.733120638262759883e+01
8.196999999999999842e-01,-1.723859405356846608e+01
8.189999999999999503e-01,-1.712192932149143942e+01
8.186999999999999833e-01,-1.725294154859713913e+01
8.179999999999999494e-01,-1.729049450756555117e+01
8.176999999999999824e-01,-1.737638482336442891e+01
8.169999999999999485e-01,-1.732074085662926421e+01
8.166999999999999815e-01,-1.720313347016201533e+01
8.164000000000000146e-01,-1.711409497998136331e+01
8.156999999999999806e-01,-1.714303002266839826e+01
8.154000000000000137e-01,-1.716519300498419298e+01
8.151000000000000467e-01,-1.711429429193224649e+01
8.144000000000000128e-01,-1.706205532133906999e+01
8.141000000000000458e-01,-1.717673578588898309e+01
8.136999999999999789e-01,-1.719851439146392380e+01
8.131000000000000449e-01,-1.715286871182214767e+01
8.126999999999999780e-01,-1.707521065870479404e+01
8.121000000000000441e-01,-1.694299958032198461e+01
8.117999999999999661e-01,-1.714958367915455995e+01
8.114000000000000101e-01,-1.713560286262603327e+01
8.107999999999999652e-01,-1.704968499434238183e+01
8.104999999999999982e-01,-1.732027080530527385e+01
8.101000000000000423e-01,-1.723275754550871142e+01
8.094000000000000083e-01,-1.726040465695249537e+01
8.091000000000000414e-01,-1.719797721639031707e+01
8.087999999999999634e-01,-1.719040271823818600e+01
8.081000000000000405e-01,-1.725479994793078120e+01
8.077999999999999625e-01,-1.730797055590543465e+01
8.074999999999999956e-01,-1.731351979096596239e+01
8.067999999999999616e-01,-1.717471667062034157e+01
8.064999999999999947e-01,-1.715604242498100618e+01
8.057999999999999607e-01,-1.702963048665108303e+01
8.054999999999999938e-01,-1.718406496201314937e+01
8.047999999999999599e-01,-1.709757883703623449e+01
8.044999999999999929e-01,-1.716575004364930024e+01
8.042000000000000259e-01,-1.705608816464313549e+01
8.034999999999999920e-01,-1.708676605643791291e+01
8.032000000000000250e-01,-1.709803411919430260e+01
8.027999999999999581e-01,-1.712653041113024344e+01
8.021000000000000352e-01,-1.715487055253357340e+01
8.017999999999999572e-01,-1.713412567169196166e+01
8.014000000000000012e-01,-1.711297919028114478e+01
8.007999999999999563e-01,-1.704503277463135547e+01
8.004999999999999893e-01,-1.704054378608424258e+01
8.001000000000000334e-01,-1.724075455860063499e+01
7.994999999999999885e-01,-1.721278198807745952e+01
7.992000000000000215e-01,-1.704254713407252098e+01
7.989000000000000545e-01,-1.729296933906656975e+01
7.982000000000000206e-01,-1.730070594496832115e+01
7.979000000000000536e-01,-1.722564301104186058e+01
7.975999999999999757e-01,-1.727449781572642351e+01
7.969000000000000528e-01,-1.707707011950731513e+01
7.965999999999999748e-01,-1.714043890906390644e+01
7.959000000000000519e-01,-1.695430869875624325e+01
7.955999999999999739e-01,-1.704233841721605103e+01
7.953000000000000069e-01,-1.698371408824488782e+01
7.945999999999999730e-01,-1.694347332502578141e+01
7.943000000000000060e-01,-1.707752105269072729e+01
7.935999999999999721e-01,-1.702674157206800842e+01
7.933000000000000052e-01,-1.697348686186487399e+01
7.930000000000000382e-01,-1.690414496536346078e+01
7.923000000000000043e-01,-1.712668420868861219e+01
7.920000000000000373e-01,-1.709655965933670885e+01
7.915999999999999703e-01,-1.721327447805074229e+01
7.910000000000000364e-01,-1.718596512219018280e+01
7.905999999999999694e-01,-1.720911923147293265e+01
7.903000000000000025e-01,-1.715218944858170147e+01
7.900000000000000355e-01,-1.699591246133455869e+01
7.893000000000000016e-01,-1.702088020784911038e+01
7.890000000000000346e-01,-1.719542957032381381e+01
7.886999999999999567e-01,-1.720009103900735070e+01
7.880000000000000338e-01,-1.714195719026015752e+01
7.876999999999999558e-01,-1.709428294662468772e+01
7.872999999999999998e-01,-1.700856863046688616e+01
7.866999999999999549e-01,-1.703503822707685345e+01
7.863999999999999879e-01,-1.713454454007100836e+01
7.860000000000000320e-01,-1.720248110972464417e+01
7.853999999999999870e-01,-1.709740664845999092e+01
7.851000000000000201e-01,-1.688898670172151739e+01
7.846999999999999531e-01,-1.716134722916148192e+01
7.841000000000000192e-01,-1.726231998429028636e+01
7.836999999999999522e-01,-1.704892062223449756e+01
7.833999999999999853e-01,-1.704134422895612033e+01
7.828000000000000513e-01,-1.711542510392984795e+01
7.823999999999999844e-01,-1.692240532149150667e+01
7.818000000000000504e-01,-1.687428681961767651e+01
7.814999999999999725e-01,-1.691740041071619061e+01
7.812000000000000055e-01,-1.692976602931679153e+01
7.809000000000000385e-01,-1.686545466374538904e+01
7.802000000000000046e-01,-1.698046678560421441e+01
7.799000000000000377e-01,-1.691087864604309132e+01
7.795999999999999597e-01,-1.695532372357391182e+01
7.789000000000000368e-01,-1.696192558471396694e+01
7.785999999999999588e-01,-1.695390754892543939e+01
7.782000000000000028e-01,-1.700083420896466890e+01
7.775999999999999579e-01,-1.710072060609182643e+01
7.772999999999999909e-01,-1.717637590138943793e+01
7.769000000000000350e-01,-1.693679236904645080e+01
7.762999999999999901e-01,-1.694036099267690787e+01
7.759000000000000341e-01,-1.698150925060941674e+01
7.755999999999999561e-01,-1.709799724714626379e+01
7.750000000000000222e-01,-1.707597623945731868e+01
7.747000000000000552e-01,-1.702712171583022283e+01
7.742999999999999883e-01,-1.689654759084377389e+01
7.735999999999999543e-01,-1.700645822188930367e+01
7.732999999999999874e-01,-1.709706480513741766e+01
7.727000000000000535e-01,-1.708984648628461755e+01
7.723999999999999755e-01,-1.714003579372565866e+01
7.717000000000000526e-01,-1.716754392964000786e+01
7.713999999999999746e-01,-1.700983841003223418e+01
7.708000000000000407e-01,-1.690494836348024421e+01
7.704999999999999627e-01,-1.698453122539675419e+01
7.701000000000000068e-01,-1.708271894189051565e+01
7.698000000000000398e-01,-1.688865492701884108e+01
7.691000000000000059e-01,-1.700887480390791140e+01
7.688000000000000389e-01,-1.689839744937627586e+01
7.684999999999999609e-01,-1.691487266050374672e+01
7.678000000000000380e-01,-1.692943067720178973e+01
7.674999999999999600e-01,-1.699169969879062947e+01
7.671999999999999931e-01,-1.685345155633313041e+01
7.664999999999999591e-01,-1.707312412612622055e+01
7.661999999999999922e-01,-1.704177451956221745e+01
7.659000000000000252e-01,-1.693320710112510241e+01
7.651999999999999913e-01,-1.693795012282141954e+01
7.649000000000000243e-01,-1.696598153195496650e+01
7.645999999999999464e-01,-1.704791885030788734e+01
7.639000000000000234e-01,-1.706970830648571180e+01
7.635999999999999455e-01,-1.711042009680599563e+01
7.632999999999999785e-01,-1.710781558229628985e+01
7.625999999999999446e-01,-1.710960112351637719e+01
7.622999999999999776e-01,-1.706785375185883069e+01
7.620000000000000107e-01,-1.690543805710747449e+01
7.612999999999999767e-01,-1.694229147600236018e+01
7.610000000000000098e-01,-1.698344127817660265e+01
7.606000000000000538e-01,-1.680383761639937390e+01
7.600000000000000089e-01,-1.699300828388152240e+01
7.597000000000000419e-01,-1.696388416353323336e+01
7.592999999999999750e-01,-1.702727546987929941e+01
7.587000000000000410e-01,-1.697561261042095992e+01
7.583999999999999631e-01,-1.699504015611362107e+01
7.577000000000000401e-01,-1.696313356675960904e+01
7.573999999999999622e-01,-1.696270292827701098e+01
7.570000000000000062e-01,-1.694066067765061945e+01
7.563999999999999613e-01,-1.693266684134808386e+01
7.560999999999999943e-01,-1.697868834051909204e+01
7.553999999999999604e-01,-1.696282786521679853e+01
7.550999999999999934e-01,-1.703329668603257829e+01
7.548000000000000265e-01,-1.676307487593082257e+01
7.543999999999999595e-01,-1.686591161429344865e+01
7.538000000000000256e-01,-1.692273384864941477e+01
7.533999999999999586e-01,-1.696986006275115244e+01
7.528000000000000247e-01,-1.699792208031299268e+01
7.524999999999999467e-01,-1.702613285025147860e+01
7.520999999999999908e-01,-1.707617120391587306e+01
7.513999999999999568e-01,-1.709013999288688979e+01
7.510999999999999899e-01,-1.703426839860236086e+01
7.508000000000000229e-01,-1.705013969171258736e+01
7.501999999999999780e-01,-1.690067597068670580e+01
7.498000000000000220e-01,-1.697801779727186045e+01
7.495000000000000551e-01,-1.699978358555105373e+01
7.489000000000000101e-01,-1.694660123943998187e+01
7.486000000000000432e-01,-1.698633120989310186e+01
7.481999999999999762e-01,-1.687204058612402591e+01
7.476000000000000423e-01,-1.697817918433122131e+01
7.472999999999999643e-01,-1.710004313853477242e+01
7.465000000000000524e-01,-1.718113185411604604e+01
7.461999999999999744e-01,-1.694720740120815705e+01
7.459000000000000075e-01,-1.708447032717210945e+01
7.455000000000000515e-01,-1.711655633497817774e+01
7.449000000000000066e-01,-1.706872211380419913e+01
7.445000000000000506e-01,-1.682815970702449704e+01
7.439000000000000057e-01,-1.695777647570187341e+01
7.436000000000000387e-01,-1.701339627803669785e+01
7.432999999999999607e-01,-1.705917260823057191e+01
7.426000000000000378e-01,-1.709232998976110096e+01
7.422999999999999599e-01,-1.713290879625075291e+01
7.416000000000000369e-01,-1.701600279109555913e+01
7.411999999999999700e-01,-1.698095205729267221e+01
7.409000000000000030e-01,-1.694002575764628560e+01
7.402999999999999581e-01,-1.694100439907659350e+01
7.399000000000000021e-01,-1.684237985514055680e+01
7.392999999999999572e-01,-1.689899048804253923e+01
7.389999999999999902e-01,-1.694808059339181838e+01
7.387000000000000233e-01,-1.675745786646060154e+01
7.379999999999999893e-01,-1.681225579435660578e+01
7.377000000000000224e-01,-1.691639924818752760e+01
7.372999999999999554e-01,-1.687038802666183557e+01
7.367000000000000215e-01,-1.683557050843054270e+01
7.362999999999999545e-01,-1.679948185509868352e+01
7.357000000000000206e-01,-1.691304022554528785e+01
7.354000000000000536e-01,-1.687248413994547391e+01
7.350999999999999757e-01,-1.699506562508777208e+01
7.344000000000000528e-01,-1.681599738033029467e+01
7.338000000000000078e-01,-1.688906027481028360e+01
7.334000000000000519e-01,-1.685691873691674303e+01
7.330999999999999739e-01,-1.682787629389837036e+01
7.324000000000000510e-01,-1.692350753729225232e+01
7.319999999999999840e-01,-1.698631382786889787e+01
7.314000000000000501e-01,-1.702100265719716887e+01
7.309999999999999831e-01,-1.686588498582630891e+01
7.304000000000000492e-01,-1.704896518115251070e+01
7.299999999999999822e-01,-1.699195412449396514e+01
7.297000000000000153e-01,-1.688099160924005204e+01
7.289999999999999813e-01,-1.676843331945478965e+01
7.287000000000000144e-01,-1.675936316839271356e+01
7.284000000000000474e-01,-1.668836571884577680e+01
7.278000000000000025e-01,-1.674672538784669840e+01
7.274000000000000465e-01,-1.686087810932723130e+01
7.270999999999999686e-01,-1.696149137848917121e+01
7.268000000000000016e-01,-1.691924685284368479e+01
7.261999999999999567e-01,-1.700182644642500662e+01
7.258000000000000007e-01,-1.698364920223200514e+01
7.255000000000000338e-01,-1.698321717439974776e+01
7.247999999999999998e-01,-1.693447889463579870e+01
7.244000000000000439e-01,-1.701177193860403491e+01
7.240999999999999659e-01,-1.695590225231973847e+01
7.234000000000000430e-01,-1.706696248012827866e+01
7.229999999999999760e-01,-1.714674422850365332e+01
7.227000000000000091e-01,-1.691550582331360175e+01
7.219999999999999751e-01,-1.687518300547827010e+01
7.217000000000000082e-01,-1.687752884321370317e+01
7.214000000000000412e-01,-1.691811722210794144e+01
7.207999999999999963e-01,-1.693564299312545174e+01
7.204000000000000403e-01,-1.693901566159608052e+01
7.200999999999999623e-01,-1.692706433936968224e+01
7.194000000000000394e-01,-1.685569074052224181e+01
7.190999999999999615e-01,-1.686461452625039925e+01
7.184000000000000385e-01,-1.689879701634736620e+01
7.180999999999999606e-01,-1.692663271499732858e+01
7.177000000000000046e-01,-1.700488522680182157e+01
7.169999999999999707e-01,-1.694789115678496572e+01
7.167000000000000037e-01,-1.707565313640484561e+01
7.164000000000000368e-01,-1.695970334585732076e+01
7.157000000000000028e-01,-1.692095429372012916e+01
7.150999999999999579e-01,-1.689813214753623072e+01
7.147000000000000020e-01,-1.689204956098478050e+01
7.140999999999999570e-01,-1.688288288295746398e+01
7.137000000000000011e-01,-1.686120815425490349e+01
7.134000000000000341e-01,-1.688281448039338173e+01
7.127000000000000002e-01,-1.684513569456917637e+01
7.123000000000000442e-01,-1.689797599732029454e+01
7.119999999999999662e-01,-1.695973672884943895e+01
7.113000000000000433e-01,-1.703764320005124944e+01
7.109999999999999654e-01,-1.699170498258521178e+01
7.106000000000000094e-01,-1.692363591140645696e+01
7.099999999999999645e-01,-1.692634571701535151e+01
7.096000000000000085e-01,-1.687297973955621799e+01
7.089999999999999636e-01,-1.698453285851548245e+01
7.086999999999999966e-01,-1.696587038417249715e+01
7.083000000000000407e-01,-1.680861047032855637e+01
7.076999999999999957e-01,-1.695447006186713423e+01
7.073000000000000398e-01,-1.671914686976021258e+01
7.066000000000000059e-01,-1.670253069143761948e+01
7.063000000000000389e-01,-1.671912462169831315e+01
7.058999999999999719e-01,-1.660774620177553729e+01
7.056000000000000050e-01,-1.665629152126550849e+01
7.048999999999999710e-01,-1.671084584377053517e+01
7.045000000000000151e-01,-1.681683189441295667e+01
7.042000000000000481e-01,-1.695127312416645893e+01
7.038999999999999702e-01,-1.696627259307219049e+01
7.032000000000000473e-01,-1.717915777673601241e+01
7.027999999999999803e-01,-1.700648380580900820e+01
7.022000000000000464e-01,-1.689437581017389078e+01
7.018999999999999684e-01,-1.698357965264430192e+01
7.016000000000000014e-01,-1.695081796148235043e+01
7.008999999999999675e-01,-1.691852834275571027e+01
7.005000000000000115e-01,-1.690679944591462913e+01
7.002000000000000446e-01,-1.699599624143000653e+01
6.995000000000000107e-01,-1.699396444561785557e+01
6.991000000000000547e-01,-1.672828527377904706e+01
6.987999999999999767e-01,-1.671556993502326804e+01
6.981000000000000538e-01,-1.677780603702040096e+01
6.976999999999999869e-01,-1.672686435553599793e+01
6.971000000000000529e-01,-1.676564674835730884e+01
6.966999999999999860e-01,-1.665973897554381011e+01
6.964000000000000190e-01,-1.676360880196753911e+01
6.961000000000000520e-01,-1.692560448433534148e+01
6.954000000000000181e-01,-1.698691033996798794e+01
6.951000000000000512e-01,-1.682431175638642529e+01
6.946999999999999842e-01,-1.676990492497322194e+01
6.939999999999999503e-01,-1.685537461058421371e+01
6.936999999999999833e-01,-1.669642805805391816e+01
6.934000000000000163e-01,-1.691699929543466041e+01
6.931000000000000494e-01,-1.700713677085623132e+01
6.924000000000000155e-01,-1.677850544784254083e+01
6.919999999999999485e-01,-1.683772533171605801e+01
6.914000000000000146e-01,-1.678076653036523069e+01
6.909999999999999476e-01,-1.668192374175573178e+01
6.904000000000000137e-01,-1.687589150692458162e+01
6.901000000000000467e-01,-1.682223311730620452e+01
6.894000000000000128e-01,-1.686929695348150915e+01
6.889999999999999458e-01,-1.678440831253073284e+01
6.886999999999999789e-01,-1.681908088712064853e+01
6.879999999999999449e-01,-1.683533012245396776e+01
6.876999999999999780e-01,-1.683621936709924682e+01
6.873000000000000220e-01,-1.673925070563983297e+01
6.866999999999999771e-01,-1.676365877077744670e+01
6.863000000000000211e-01,-1.699759189797214631e+01
6.856999999999999762e-01,-1.685727389723196268e+01
6.853000000000000203e-01,-1.676247423860232288e+01
6.845999999999999863e-01,-1.682317288542638423e+01
6.842000000000000304e-01,-1.677464166446587512e+01
6.838999999999999524e-01,-1.683102365849717330e+01
6.832000000000000295e-01,-1.696223390911097084e+01
6.824999999999999956e-01,-1.692798009718813290e+01
6.822000000000000286e-01,-1.696772789561568118e+01
6.814999999999999947e-01,-1.691672132345806290e+01
6.812000000000000277e-01,-1.685227682487518663e+01
6.807999999999999607e-01,-1.675623134708504125e+01
6.802000000000000268e-01,-1.671053503753492464e+01
6.798999999999999488e-01,-1.662102656194639039e+01
6.794999999999999929e-01,-1.670141005550678059e+01
6.787999999999999590e-01,-1.660159616035808838e+01
6.784999999999999920e-01,-1.667510503394970200e+01
6.782000000000000250e-01,-1.679750561329402103e+01
6.774999999999999911e-01,-1.673636530817243440e+01
6.772000000000000242e-01,-1.671054785355894978e+01
6.765999999999999792e-01,-1.670260712991903063e+01
6.762000000000000233e-01,-1.677287515621526026e+01
6.758999999999999453e-01,-1.679363032074708784e+01
6.752000000000000224e-01,-1.677252192578632517e+01
6.747999999999999554e-01,-1.678125286550232431e+01
6.744999999999999885e-01,-1.672236482480656505e+01
6.739000000000000545e-01,-1.674815660614673618e+01
6.734999999999999876e-01,-1.691263997737144820e+01
6.732000000000000206e-01,-1.677295112875870586e+01
6.725999999999999757e-01,-1.669360537224313745e+01
6.719000000000000528e-01,-1.690646877822070593e+01
6.715999999999999748e-01,-1.693587381675345682e+01
6.712000000000000188e-01,-1.690900099941949364e+01
6.709000000000000519e-01,-1.690460341305967518e+01
6.699000000000000510e-01,-1.693936414187561112e+01
6.695999999999999730e-01,-1.674745928303750020e+01
6.692000000000000171e-01,-1.678089669767514636e+01
6.689000000000000501e-01,-1.686972357993511551e+01
6.682000000000000162e-01,-1.682734506663896568e+01
6.679000000000000492e-01,-1.679422749615994093e+01
6.674999999999999822e-01,-1.671571076373324516e+01
6.669000000000000483e-01,-1.687221574230481735e+01
6.664999999999999813e-01,-1.689504519383705983e+01
6.662000000000000144e-01,-1.691851569673485045e+01
6.655999999999999694e-01,-1.699867051224287806e+01
6.653000000000000025e-01,-1.693306584030496253e+01
6.649000000000000465e-01,-1.692743219520540521e+01
6.643000000000000016e-01,-1.682236830231574487e+01
6.640000000000000346e-01,-1.691177726377089030e+01
6.635999999999999677e-01,-1.686086020960706833e+01
6.630000000000000338e-01,-1.679097318949759909e+01
6.625999999999999668e-01,-1.674454636724090761e+01
6.622999999999999998e-01,-1.676779278668542972e+01
6.615999999999999659e-01,-1.678507737741460915e+01
6.612999999999999989e-01,-1.676848423460561577e+01
6.606999999999999540e-01,-1.699541963418628399e+01
6.603999999999999870e-01,-1.687998922446287509e+01
6.601000000000000201e-01,-1.687455974393780167e+01
6.598000000000000531e-01,-1.680048525142564841e+01
6.591000000000000192e-01,-1.682465814435464679e+01
6.588000000000000522e-01,-1.685726921890270802e+01
6.584999999999999742e-01,-1.682338891376908308e+01
6.578000000000000513e-01,-1.685523354734387169e+01
6.573999999999999844e-01,-1.677851294081726863e+01
6.571000000000000174e-01,-1.674193621076756955e+01
6.564999999999999725e-01,-1.675602926467356113e+01
6.562000000000000055e-01,-1.668573943229730006e+01
6.559000000000000385e-01,-1.685951870362897864e+01
6.552000000000000046e-01,-1.683850193192710876e+01
6.549000000000000377e-01,-1.677757888617886195e+01
6.545999999999999597e-01,-1.669360146413197654e+01
6.540000000000000258e-01,-1.681922174400019188e+01
6.536999999999999478e-01,-1.672535337834853308e+01
6.530000000000000249e-01,-1.689120062704236602e+01
6.526999999999999469e-01,-1.684520895548135755e+01
6.523999999999999799e-01,-1.692956737628414032e+01
6.518000000000000460e-01,-1.693924584206156680e+01
6.513999999999999790e-01,-1.696118741865825541e+01
6.511000000000000121e-01,-1.694598359240949748e+01
6.504999999999999671e-01,-1.695219531085978559e+01
6.502000000000000002e-01,-1.673936285496932541e+01
6.499000000000000332e-01,-1.690147073149916324e+01
6.492999999999999883e-01,-1.687202888086209285e+01
6.489000000000000323e-01,-1.684291756509949423e+01
6.485999999999999543e-01,-1.685605156603797283e+01
6.480000000000000204e-01,-1.675055576832425430e+01
6.477000000000000535e-01,-1.683493166428134558e+01
6.473999999999999755e-01,-1.684756454013560045e+01
6.467000000000000526e-01,-1.687722114035606324e+01
6.464999999999999636e-01,-1.682610323116675133e+01
6.461999999999999966e-01,-1.667303128331199957e+01
6.459000000000000297e-01,-1.682564868599788710e+01
6.451999999999999957e-01,-1.670951057583065591e+01
6.449000000000000288e-01,-1.687810635415511484e+01
6.445999999999999508e-01,-1.665841315916204124e+01
6.440000000000000169e-01,-1.674528901340960019e+01
6.437000000000000499e-01,-1.675849643788286514e+01
6.431000000000000050e-01,-1.674297740606412788e+01
6.428000000000000380e-01,-1.680027574812838509e+01
6.424999999999999600e-01,-1.687834340227123420e+01
6.421999999999999931e-01,-1.680875837135990736e+01
6.415999999999999481e-01,-1.673490344583864697e+01
6.412999999999999812e-01,-1.674853278689231928e+01
6.409000000000000252e-01,-1.663456793906262732e+01
6.403999999999999693e-01,-1.677985902012657249e+01
6.401000000000000023e-01,-1.664576725947204494e+01
6.398000000000000353e-01,-1.665527270383682534e+01
6.391999999999999904e-01,-1.670452820680323569e+01
6.389000000000000234e-01,-1.677004545099607213e+01
6.385999999999999455e-01,-1.683888203153636098e+01
6.380000000000000115e-01,-1.687626377425300461e+01
6.377000000000000446e-01,-1.687875937320696806e+01
6.373999999999999666e-01,-1.683777047599308929e+01
6.368000000000000327e-01,-1.685513966413927633e+01
6.364999999999999547e-01,-1.664165965491702792e+01
6.361999999999999877e-01,-1.680987358174037283e+01
6.356000000000000538e-01,-1.674276246121783274e+01
6.352999999999999758e-01,-1.681368236149125295e+01
6.350000000000000089e-01,-1.668186743469411226e+01
6.344999999999999529e-01,-1.675924752614493940e+01
6.340999999999999970e-01,-1.679597659458870851e+01
6.338000000000000300e-01,-1.667790389440395415e+01
6.331999999999999851e-01,-1.675070368893326389e+01
6.329000000000000181e-01,-1.682116689466399606e+01
6.322999999999999732e-01,-1.690278672736942411e+01
6.320000000000000062e-01,-1.677602824313962770e+01
6.313999999999999613e-01,-1.664463863684795086e+01
6.310999999999999943e-01,-1.669611963546887878e+01
6.309000000000000163e-01,-1.686746572793747490e+01
6.302999999999999714e-01,-1.678336624199696203e+01
6.300000000000000044e-01,-1.685180944275520432e+01
6.293999999999999595e-01,-1.693192248605653205e+01
6.290999999999999925e-01,-1.688526946293173125e+01
6.289000000000000146e-01,-1.694650506802513945e+01
6.284999999999999476e-01,-1.695075167999233301e+01
6.279000000000000137e-01,-1.695165729922801390e+01
6.277000000000000357e-01,-1.687952379669215830e+01
6.270999999999999908e-01,-1.684163002806625542e+01
6.268000000000000238e-01,-1.678122681975924380e+01
6.264999999999999458e-01,-1.670894525133120112e+01
6.261999999999999789e-01,-1.668986329363521648e+01
6.256000000000000449e-01,-1.677780558615561901e+01
6.252999999999999670e-01,-1.686836365610557920e+01
6.247000000000000330e-01,-1.685782485045458756e+01
6.243999999999999551e-01,-1.689477568398885410e+01
6.240999999999999881e-01,-1.675482631580856108e+01
6.238000000000000211e-01,-1.678629569540016675e+01
6.231999999999999762e-01,-1.658915890591023157e+01
6.229000000000000092e-01,-1.664004627538722403e+01
6.222999999999999643e-01,-1.679353053539740159e+01
6.219999999999999973e-01,-1.679927450848302684e+01
6.217000000000000304e-01,-1.676881252841043235e+01
6.213999999999999524e-01,-1.677673858893075831e+01
6.208000000000000185e-01,-1.691794866556491428e+01
6.205000000000000515e-01,-1.688849004151098754e+01
6.202999999999999625e-01,-1.688479214879082946e+01
6.197000000000000286e-01,-1.676827880715461205e+01
6.193999999999999506e-01,-1.676340280052351162e+01
6.190999999999999837e-01,-1.674987147032387469e+01
6.185000000000000497e-01,-1.680018157013745750e+01
6.181999999999999718e-01,-1.669679587979677393e+01
6.176000000000000378e-01,-1.677433934994081000e+01
6.172999999999999599e-01,-1.663777761519028431e+01
6.169999999999999929e-01,-1.682667575804699567e+01
6.163999999999999480e-01,-1.681474811454797802e+01
6.159999999999999920e-01,-1.673840122181635692e+01
6.157000000000000250e-01,-1.679373934160045678e+01
6.150999999999999801e-01,-1.677851653027855150e+01
6.148000000000000131e-01,-1.678447837586642066e+01
6.145000000000000462e-01,-1.681201572731293226e+01
6.139000000000000012e-01,-1.677398156330655254e+01
6.136000000000000343e-01,-1.673444037107608295e+01
6.132999999999999563e-01,-1.669915252662072902e+01
6.126000000000000334e-01,-1.674922765896166510e+01
6.124000000000000554e-01,-1.680235907777650439e+01
6.117000000000000215e-01,-1.690641820646775884e+01
6.114000000000000545e-01,-1.683276720602965426e+01
6.110999999999999766e-01,-1.686061663817200085e+01
6.105000000000000426e-01,-1.667917746581296612e+01
6.101999999999999647e-01,-1.671062578108405816e+01
6.098000000000000087e-01,-1.676343102756895220e+01
6.091999999999999638e-01,-1.674863849513153014e+01
6.088999999999999968e-01,-1.665930411957000956e+01
6.086000000000000298e-01,-1.674079441045433114e+01
6.078999999999999959e-01,-1.676306684935411084e+01
6.076000000000000290e-01,-1.675131459480377316e+01
6.071999999999999620e-01,-1.668712761693424795e+01
6.066000000000000281e-01,-1.672190741974699080e+01
6.062999999999999501e-01,-1.687441533284351891e+01
6.058999999999999941e-01,-1.686212576638432736e+01
6.052999999999999492e-01,-1.677638166343743009e+01
6.049999999999999822e-01,-1.679612766593476536e+01
6.042999999999999483e-01,-1.680166111280743735e+01
6.039999999999999813e-01,-1.683392894813459861e+01
6.036000000000000254e-01,-1.679596347422904756e+01
6.028999999999999915e-01,-1.678358287519176528e+01
6.026000000000000245e-01,-1.678639195422408292e+01
6.018999999999999906e-01,-1.664423554610461764e+01
6.016000000000000236e-01,-1.668453986827756808e+01
6.011999999999999567e-01,-1.664806961073732339e+01
6.005000000000000338e-01,-1.671638307245340016e+01
6.001999999999999558e-01,-1.664316804195929222e+01
5.997999999999999998e-01,-1.661396725036413713e+01
5.990999999999999659e-01,-1.671949474416553727e+01
5.987999999999999989e-01,-1.669074311128398591e+01
5.984000000000000430e-01,-1.673210572109735850e+01
5.977000000000000091e-01,-1.673798723928208076e+01
5.973000000000000531e-01,-1.677109557133215745e+01
5.967000000000000082e-01,-1.673414013971591174e+01
5.963000000000000522e-01,-1.676188038061956576e+01
5.955000000000000293e-01,-1.685363975420812466e+01
5.951999999999999513e-01,-1.669967583919464360e+01
5.947999999999999954e-01,-1.681518032897802328e+01
5.940999999999999615e-01,-1.665404667968266139e+01
5.936000000000000165e-01,-1.674949221866046756e+01
5.933000000000000496e-01,-1.681384879462129334e+01
5.925000000000000266e-01,-1.680135563509373853e+01
5.920999999999999597e-01,-1.685636396527257830e+01
5.917999999999999927e-01,-1.664867014495741770e+01
5.909999999999999698e-01,-1.669260549584487663e+01
5.906000000000000139e-01,-1.662691684522349433e+01
5.901999999999999469e-01,-1.659324019417764617e+01
5.894000000000000350e-01,-1.667174598647619632e+01
5.889999999999999680e-01,-1.683601710079840430e+01
5.881999999999999451e-01,-1.692438208279441625e+01
5.877999999999999892e-01,-1.697748126804907542e+01
5.874000000000000332e-01,-1.696276239673269259e+01
5.866000000000000103e-01,-1.688051228753272781e+01
5.862000000000000544e-01,-1.673010336751675808e+01
5.857999999999999874e-01,-1.669105139900581136e+01
5.849999999999999645e-01,-1.681221196133970253e+01
5.846000000000000085e-01,-1.675996670638668462e+01
5.842000000000000526e-01,-1.669790666261380352e+01
5.833000000000000407e-01,-1.685673440998099437e+01
5.828999999999999737e-01,-1.681615184392099849e+01
5.825000000000000178e-01,-1.664183068930793041e+01
5.816999999999999948e-01,-1.660122197625051754e+01
5.812000000000000499e-01,-1.656033610716225368e+01
5.807999999999999829e-01,-1.666872282813161732e+01
5.798999999999999710e-01,-1.664964158124560001e+01
5.795000000000000151e-01,-1.664723373523829864e+01
5.786000000000000032e-01,-1.667266582421992993e+01
5.780999999999999472e-01,-1.664322638567300672e+01
5.773000000000000353e-01,-1.658598876830052049e+01
5.767999999999999794e-01,-1.660061798523463494e+01
5.764000000000000234e-01,-1.662750964283622679e+01
5.755000000000000115e-01,-1.667652812113894001e+01
5.749999999999999556e-01,-1.656187617975774629e+01
5.741000000000000547e-01,-1.660603492281438065e+01
5.736999999999999877e-01,-1.663420632426054624e+01
5.732000000000000428e-01,-1.668587929513987334e+01
5.727999999999999758e-01,-1.672339386439136177e+01
5.718999999999999639e-01,-1.673337808905765556e+01
5.714000000000000190e-01,-1.663959341853321305e+01
5.705000000000000071e-01,-1.672900479301759447e+01
5.699999999999999512e-01,-1.662807258231363861e+01
5.695999999999999952e-01,-1.663143417213689546e+01
5.685999999999999943e-01,-1.654927297672238140e+01
5.682000000000000384e-01,-1.652056026256575905e+01
5.676999999999999824e-01,-1.665300770516148887e+01
5.666999999999999815e-01,-1.663277898218415629e+01
5.662000000000000366e-01,-1.667447661832079575e+01
5.653000000000000247e-01,-1.662245842634887083e+01
5.647999999999999687e-01,-1.653426790191678819e+01
5.643000000000000238e-01,-1.656569417007747802e+01
5.634000000000000119e-01,-1.661466508892529248e+01
5.628999999999999559e-01,-1.659167473747839239e+01
5.624000000000000110e-01,-1.674713044100941062e+01
5.614000000000000101e-01,-1.664751980285624455e+01
5.608999999999999542e-01,-1.662602088509180120e+01
5.604000000000000092e-01,-1.671615679700606094e+01
5.594000000000000083e-01,-1.668597520820417301e+01
5.588999999999999524e-01,-1.657509471249844424e+01
5.580000000000000515e-01,-1.655671904414110429e+01
5.574999999999999956e-01,-1.642201630243349797e+01
5.570000000000000506e-01,-1.653066144637910995e+01
5.560000000000000497e-01,-1.680769185269112853e+01
5.554999999999999938e-01,-1.679856877257876135e+01
5.550000000000000488e-01,-1.674537310027233161e+01
5.544999999999999929e-01,-1.671963932394554320e+01
5.534999999999999920e-01,-1.677780967426949488e+01
5.530000000000000471e-01,-1.669054880920461414e+01
5.524999999999999911e-01,-1.664829127543867315e+01
5.514999999999999902e-01,-1.664417012049897338e+01
5.510000000000000453e-01,-1.669229437233476432e+01
5.504999999999999893e-01,-1.674871263539802513e+01
5.500000000000000444e-01,-1.676530752806612767e+01
5.490000000000000435e-01,-1.659152254403798921e+01
5.484999999999999876e-01,-1.663005744288225074e+01
5.481000000000000316e-01,-1.665045275965025695e+01
5.471000000000000307e-01,-1.644378933081218364e+01
5.465999999999999748e-01,-1.665103823189516064e+01
5.461000000000000298e-01,-1.662038242178850922e+01
5.451000000000000290e-01,-1.672062758382459435e+01
5.445999999999999730e-01,-1.664573014501600312e+01
5.441000000000000281e-01,-1.668758032401145286e+01
5.431000000000000272e-01,-1.675898900306837902e+01
5.425999999999999712e-01,-1.667091140263987015e+01
5.417999999999999483e-01,-1.673813638068816090e+01
5.416999999999999593e-01,-1.674174883573020622e+01
5.415999999999999703e-01,-1.660277451453135100e+01
5.414999999999999813e-01,-1.677097094566230595e+01
5.413000000000000034e-01,-1.670494903904771888e+01
5.411000000000000254e-01,-1.675171866502680018e+01
5.410000000000000364e-01,-1.665133295708177741e+01
5.409000000000000474e-01,-1.665585623370074941e+01
5.406999999999999584e-01,-1.669504538101109148e+01
5.404999999999999805e-01,-1.665751537862133347e+01
5.403000000000000025e-01,-1.660420112646401947e+01
5.402000000000000135e-01,-1.676225030317769082e+01
5.400000000000000355e-01,-1.670128905170344780e+01
5.399000000000000465e-01,-1.661110520660199441e+01
5.396999999999999575e-01,-1.679915375923709320e+01
5.394999999999999796e-01,-1.656546294577666245e+01
5.393999999999999906e-01,-1.660758348981982380e+01
5.391000000000000236e-01,-1.671955012039405375e+01
5.390000000000000346e-01,-1.655529385894737260e+01
5.387999999999999456e-01,-1.681829893921847230e+01
5.384999999999999787e-01,-1.644753770841198559e+01
5.383000000000000007e-01,-1.683124958598110155e+01
5.380000000000000338e-01,-1.658907455599030101e+01
5.379000000000000448e-01,-1.675638936580710592e+01
5.377999999999999448e-01,-1.672286267298548168e+01
5.376999999999999558e-01,-1.655673859420276273e+01
5.373999999999999888e-01,-1.669621152250062934e+01
5.372000000000000108e-01,-1.658320363126424368e+01
5.369000000000000439e-01,-1.665366508839761650e+01
5.365999999999999659e-01,-1.650633608208497805e+01
5.364999999999999769e-01,-1.660004194940735189e+01
5.360000000000000320e-01,-1.649921276981915241e+01
5.359000000000000430e-01,-1.682893557156343078e+01
5.355999999999999650e-01,-1.664755376642656870e+01
5.354999999999999760e-01,-1.669710933320141422e+01
5.353999999999999870e-01,-1.676742044864265324e+01
5.352999999999999980e-01,-1.667354117092754962e+01
5.351000000000000201e-01,-1.663669839491992875e+01
5.350000000000000311e-01,-1.664802790387262377e+01
5.345999999999999641e-01,-1.680045976339503966e+01
5.342999999999999972e-01,-1.665245886428206035e+01
5.342000000000000082e-01,-1.673778926763458230e+01
5.340000000000000302e-01,-1.662449624614736621e+01
5.335999999999999632e-01,-1.685379388513402787e+01
5.334999999999999742e-01,-1.665602773537082015e+01
5.332999999999999963e-01,-1.659350762643731514e+01
5.332000000000000073e-01,-1.694009189008825800e+01
5.330000000000000293e-01,-1.669660499282795385e+01
5.328000000000000513e-01,-1.660650415921238121e+01
5.326999999999999513e-01,-1.680318586692562732e+01
5.325999999999999623e-01,-1.676200976016006905e+01
5.322999999999999954e-01,-1.679426889835584902e+01
5.314999999999999725e-01,-1.661443913773168646e+01
5.313999999999999835e-01,-1.671938634011365465e+01
5.312999999999999945e-01,-1.662067325246975003e+01
5.312000000000000055e-01,-1.677075195508637151e+01
5.310000000000000275e-01,-1.658019858756971843e+01
5.305999999999999606e-01,-1.659034487691748438e+01
5.304999999999999716e-01,-1.655379654837765813e+01
5.302000000000000046e-01,-1.666442343749548627e+01
5.299000000000000377e-01,-1.665482277241102693e+01
5.296999999999999487e-01,-1.660787020790884938e+01
5.292999999999999927e-01,-1.666597144214859227e+01
5.292000000000000037e-01,-1.670655632123978052e+01
5.289000000000000368e-01,-1.677646956324127103e+01
5.284999999999999698e-01,-1.671528828118620780e+01
5.280000000000000249e-01,-1.675023251385514200e+01
5.279000000000000359e-01,-1.654819819154034732e+01
5.278000000000000469e-01,-1.668904986681998892e+01
5.275999999999999579e-01,-1.676591259688557045e+01
5.274999999999999689e-01,-1.662364833912542750e+01
5.272000000000000020e-01,-1.677450946146550592e+01
5.271000000000000130e-01,-1.669431778188110016e+01
5.270000000000000240e-01,-1.659999924039758312e+01
5.264999999999999680e-01,-1.661896482078881476e+01
5.263999999999999790e-01,-1.685985652733375417e+01
5.262000000000000011e-01,-1.660312821010340301e+01
5.260000000000000231e-01,-1.671144310392098475e+01
5.255999999999999561e-01,-1.660142729539519024e+01
5.254999999999999671e-01,-1.659671044713104493e+01
5.252000000000000002e-01,-1.659573283717546843e+01
5.250000000000000222e-01,-1.655154208474243660e+01
5.249000000000000332e-01,-1.664538853261062457e+01
5.248000000000000442e-01,-1.659308922405712394e+01
5.243999999999999773e-01,-1.656611635713666431e+01
5.241999999999999993e-01,-1.666958602872508521e+01
5.240000000000000213e-01,-1.662686858718565119e+01
5.239000000000000323e-01,-1.655803367323054687e+01
5.238000000000000433e-01,-1.653638374279472600e+01
5.232999999999999874e-01,-1.661182089396319128e+01
5.231000000000000094e-01,-1.663693741062698095e+01
5.229000000000000314e-01,-1.672607596932829210e+01
5.228000000000000425e-01,-1.678679162315120266e+01
5.225999999999999535e-01,-1.670130767949121520e+01
5.223999999999999755e-01,-1.667879708388362303e+01
5.219000000000000306e-01,-1.679457902212400811e+01
5.218000000000000416e-01,-1.677392176876023910e+01
5.215999999999999526e-01,-1.669670048595186884e+01
5.214999999999999636e-01,-1.666962845063898158e+01
5.213999999999999746e-01,-1.685659903178327923e+01
5.211000000000000076e-01,-1.679798140556895802e+01
5.208000000000000407e-01,-1.661190074171443243e+01
5.204999999999999627e-01,-1.672645065716477930e+01
5.201999999999999957e-01,-1.673641032325107858e+01
5.199000000000000288e-01,-1.681612000798016737e+01
5.198000000000000398e-01,-1.673607515153092606e+01
5.194999999999999618e-01,-1.663108604587140604e+01
5.192999999999999838e-01,-1.678290751868614805e+01
5.191999999999999948e-01,-1.662291884839839895e+01
5.191000000000000059e-01,-1.668899723136973634e+01
5.190000000000000169e-01,-1.683539249957818029e+01
5.184999999999999609e-01,-1.670254171109676378e+01
5.183999999999999719e-01,-1.670543168874492679e+01
5.181999999999999940e-01,-1.673502918153246455e+01
5.181000000000000050e-01,-1.661128698944363791e+01
5.179000000000000270e-01,-1.665882613804108558e+01
5.178000000000000380e-01,-1.663805908513598553e+01
5.172999999999999821e-01,-1.648012496453478093e+01
5.171000000000000041e-01,-1.654741139869185318e+01
5.170000000000000151e-01,-1.660793062027397937e+01
5.168000000000000371e-01,-1.656001224093700941e+01
5.164999999999999591e-01,-1.671346771223635841e+01
5.162999999999999812e-01,-1.644370481113030635e+01
5.161999999999999922e-01,-1.666179957901777442e+01
5.160000000000000142e-01,-1.661061630066542349e+01
5.159000000000000252e-01,-1.664994100082336104e+01
5.158000000000000362e-01,-1.668474104946134773e+01
5.154999999999999583e-01,-1.672616134223157047e+01
5.152999999999999803e-01,-1.649052788587086127e+01
5.151999999999999913e-01,-1.664336638500510190e+01
5.151000000000000023e-01,-1.670203047018786791e+01
5.150000000000000133e-01,-1.663934484255041113e+01
5.148000000000000353e-01,-1.669740704640203077e+01
5.144999999999999574e-01,-1.670623488800922729e+01
5.143999999999999684e-01,-1.667309119674758477e+01
5.142999999999999794e-01,-1.667608685045037475e+01
5.141999999999999904e-01,-1.680247745914180513e+01
5.141000000000000014e-01,-1.658299379692414988e+01
5.137000000000000455e-01,-1.668996841881261517e+01
5.134999999999999565e-01,-1.673247312164527756e+01
5.132999999999999785e-01,-1.677369797290209164e+01
5.131000000000000005e-01,-1.678204688852266102e+01
5.128000000000000336e-01,-1.661676643595717451e+01
5.125999999999999446e-01,-1.647861341244928468e+01
5.123999999999999666e-01,-1.652631584353149208e+01
5.122999999999999776e-01,-1.656892473749652339e+01
5.121999999999999886e-01,-1.648970476004711117e+01
5.120999999999999996e-01,-1.661745637535714337e+01
5.120000000000000107e-01,-1.647419151899970657e+01
5.118000000000000327e-01,-1.668133581525753328e+01
5.117000000000000437e-01,-1.665400386556418155e+01
5.116000000000000547e-01,-1.661303675623126352e+01
5.114999999999999547e-01,-1.668722043469067984e+01
5.112999999999999767e-01,-1.664379730074447750e+01
5.111999999999999877e-01,-1.675735184735408723e+01
5.110999999999999988e-01,-1.644469666743572489e+01
5.109000000000000208e-01,-1.654480836169383551e+01
5.108000000000000318e-01,-1.659937924015676813e+01
5.107000000000000428e-01,-1.653419092082610220e+01
5.106000000000000538e-01,-1.661280292487611732e+01
5.104999999999999538e-01,-1.659938897950645753e+01
5.103999999999999648e-01,-1.669748600483184475e+01
5.074999999999999512e-01,-1.664479813671655961e+01
5.058000000000000274e-01,-1.654912827195789049e+01
5.040999999999999925e-01,-1.652718243811916210e+01
5.004999999999999449e-01,-1.657736723666858936e+01
4.986999999999999766e-01,-1.657623688873207257e+01
4.969000000000000083e-01,-1.666355496430767502e+01
4.930999999999999828e-01,-1.656602485049993234e+01
4.912000000000000255e-01,-1.662360701344461589e+01
4.893000000000000127e-01,-1.667152985363636120e+01
4.854999999999999871e-01,-1.653795105887312289e+01
4.835999999999999743e-01,-1.651283624290308438e+01
4.815999999999999726e-01,-1.647675098607080457e+01
4.796000000000000263e-01,-1.655559857314421635e+01
4.754999999999999782e-01,-1.656374541005260070e+01
4.733999999999999875e-01,-1.657437015092659038e+01
4.712000000000000077e-01,-1.647543952623007968e+01
4.667000000000000037e-01,-1.646752677701207190e+01
4.642999999999999905e-01,-1.658773611985615659e+01
4.618999999999999773e-01,-1.653063709830572492e+01
4.570000000000000173e-01,-1.652955931568502379e+01
4.545000000000000151e-01,-1.662691060834754708e+01
4.519000000000000239e-01,-1.659734714224130769e+01
4.466999999999999860e-01,-1.647461330011165259e+01
4.440000000000000058e-01,-1.650863183383566124e+01
4.413000000000000256e-01,-1.664581422788063136e+01
4.359000000000000097e-01,-1.652703836628414180e+01
4.331999999999999740e-01,-1.653991403960169748e+01
4.304000000000000048e-01,-1.658271129999344140e+01
4.247000000000000219e-01,-1.662259426828682862e+01
4.217000000000000193e-01,-1.657465926502080222e+01
4.187000000000000166e-01,-1.654584991782172665e+01
4.122000000000000108e-01,-1.649475173941981510e+01
4.088999999999999857e-01,-1.647181805582544456e+01
4.052999999999999936e-01,-1.651490504822432470e+01
3.978999999999999759e-01,-1.644893079156836890e+01
3.938999999999999724e-01,-1.649752939334968360e+01
3.855000000000000093e-01,-1.640497727058310673e+01
3.810999999999999943e-01,-1.634073682899341051e+01
3.765999999999999903e-01,-1.641692051404649888e+01
3.719999999999999973e-01,-1.641052383607854281e+01
3.625999999999999779e-01,-1.635167780765197065e+01
3.578999999999999959e-01,-1.640395722790431066e+01
3.532000000000000139e-01,-1.634970806771215379e+01
3.486000000000000210e-01,-1.635875873692493698e+01
3.398999999999999799e-01,-1.645794612233431309e+01
3.358999999999999764e-01,-1.637173742928361619e+01
3.291000000000000036e-01,-1.640735151448554063e+01
3.261999999999999900e-01,-1.638186717730560460e+01
3.237999999999999767e-01,-1.638881301750287989e+01
3.201999999999999846e-01,-1.640707281180689847e+01
3.189000000000000168e-01,-1.633307535239452335e+01
3.178000000000000269e-01,-1.631577681079285469e+01
3.170000000000000040e-01,-1.638570015120195578e+01
3.156999999999999806e-01,-1.645687326712096521e+01
3.153000000000000247e-01,-1.647106022599287556e+01
3.145999999999999908e-01,-1.643228102700955517e+01
3.144000000000000128e-01,-1.640292086489943557e+01
3.141999999999999793e-01,-1.634435349875734289e+01
3.139000000000000123e-01,-1.632691836088102022e+01
3.138000000000000234e-01,-1.641941729910350034e+01
3.135999999999999899e-01,-1.635868994819275812e+01
3.135000000000000009e-01,-1.634087835780334785e+01
3.133000000000000229e-01,-1.637582899051996321e+01
3.131999999999999784e-01,-1.639137837217609928e+01
3.130999999999999894e-01,-1.651505247430269918e+01
3.129000000000000115e-01,-1.635907682527625440e+01
3.128000000000000225e-01,-1.644796752752995772e+01
3.125999999999999890e-01,-1.638212919255815692e+01
3.125000000000000000e-01,-1.638792240245736664e+01
3.124000000000000110e-01,-1.640057804908586192e+01
3.123000000000000220e-01,-1.635304063706821864e+01
3.121999999999999775e-01,-1.630335763427330065e+01
3.120999999999999885e-01,-1.644154510951926795e+01
3.119999999999999996e-01,-1.648645678084918842e+01
3.118000000000000216e-01,-1.647734207060038969e+01
3.116999999999999771e-01,-1.649166809143823542e+01
3.115999999999999881e-01,-1.650130974985156485e+01
3.114999999999999991e-01,-1.659749844993415735e+01
3.114000000000000101e-01,-1.650454909231536504e+01
3.113000000000000211e-01,-1.645368419910245095e+01
3.111999999999999766e-01,-1.635295811865241689e+01
3.110999999999999877e-01,-1.635045858120265549e+01
3.109999999999999987e-01,-1.630201167407896179e+01
3.109000000000000097e-01,-1.632967972404345502e+01
3.108000000000000207e-01,-1.631839530413167694e+01
3.106999999999999762e-01,-1.637363611888022064e+01
3.105999999999999872e-01,-1.647029325728471605e+01
3.104999999999999982e-01,-1.642687550514635930e+01
3.104000000000000092e-01,-1.641500512204515516e+01
3.103000000000000203e-01,-1.628462432353428113e+01
3.101999999999999758e-01,-1.628787356162649402e+01
3.100999999999999868e-01,-1.629975230584904011e+01
3.099999999999999978e-01,-1.630613806123410470e+01
3.099000000000000088e-01,-1.637843335782415721e+01
3.098000000000000198e-01,-1.627498050879826152e+01
3.096999999999999753e-01,-1.626891777088855306e+01
3.095999999999999863e-01,-1.623029242135186578e+01
3.094999999999999973e-01,-1.624409897717582751e+01
3.094000000000000083e-01,-1.636863258536293486e+01
3.093000000000000194e-01,-1.648934293712166976e+01
3.091999999999999749e-01,-1.654938118980965456e+01
3.090999999999999859e-01,-1.656282746271076434e+01
3.089999999999999969e-01,-1.627960614705662579e+01
3.089000000000000079e-01,-1.637273362215061567e+01
3.088000000000000189e-01,-1.630302286339205864e+01
3.086999999999999744e-01,-1.625529374055774667e+01
3.085999999999999854e-01,-1.640496932379829431e+01
3.084999999999999964e-01,-1.639204453057294941e+01
3.084000000000000075e-01,-1.640686113602366092e+01
3.083000000000000185e-01,-1.654820883682656074e+01
3.081999999999999740e-01,-1.641011806108100046e+01
3.080999999999999850e-01,-1.646609741469432819e+01
3.079999999999999960e-01,-1.648145116915069863e+01
3.079000000000000070e-01,-1.636119418116288315e+01
3.078000000000000180e-01,-1.637196761138017820e+01
3.076999999999999735e-01,-1.641236179479041724e+01
3.075999999999999845e-01,-1.638804497984406083e+01
3.074999999999999956e-01,-1.641943425976909765e+01
3.074000000000000066e-01,-1.627351048910756504e+01
3.073000000000000176e-01,-1.632376839348819075e+01
3.071999999999999731e-01,-1.627339766166998203e+01
3.070999999999999841e-01,-1.638182924059306700e+01
3.069999999999999951e-01,-1.630374564864020570e+01
3.069000000000000061e-01,-1.631881843708327295e+01
3.068000000000000171e-01,-1.653919389010688334e+01
3.066999999999999726e-01,-1.645564653911697661e+01
3.065999999999999837e-01,-1.638242972199621050e+01
3.064999999999999947e-01,-1.634742537824553921e+01
3.064000000000000057e-01,-1.642727596367268106e+01
3.063000000000000167e-01,-1.637748209816136225e+01
3.062000000000000277e-01,-1.641202501190134200e+01
3.060999999999999832e-01,-1.622000105536078252e+01
3.059999999999999942e-01,-1.625451803467115752e+01
3.059000000000000052e-01,-1.641311293494847590e+01
3.058000000000000163e-01,-1.646461902127483867e+01
