# T (K), dc/c (x 1e-5)
2.328699999999999992e+00,-0.000000000000000000e+00
2.326799999999999979e+00,-1.636807263593817452e-01
2.326200000000000045e+00,8.737310451169960634e-02
2.317499999999999893e+00,8.796363836641521439e-02
2.311399999999999899e+00,6.900759609226869706e-03
2.304699999999999971e+00,9.790308761453009323e-02
2.297899999999999832e+00,8.255169653302238397e-02
2.290799999999999947e+00,2.362156176063077984e-01
2.284100000000000019e+00,-6.013385456162673171e-03
2.277099999999999902e+00,1.357000687745441025e-01
2.276899999999999924e+00,3.061493577589773363e-01
2.263500000000000068e+00,2.780767544799389590e-01
2.250999999999999890e+00,1.780161153981489608e-01
2.245099999999999874e+00,3.373267043958217970e-01
2.240400000000000169e+00,4.016194246266556744e-01
2.233299999999999841e+00,3.274492504643997104e-01
2.227599999999999802e+00,2.655764772013791131e-01
2.216600000000000126e+00,5.069360922369154920e-01
2.216400000000000148e+00,3.892586819410903676e-01
2.204899999999999860e+00,3.817839703575479082e-01
2.199199999999999822e+00,3.676159126747569061e-01
2.188000000000000167e+00,5.581904871715046568e-01
2.176600000000000090e+00,5.076627648733893494e-01
2.165399999999999991e+00,5.435749811398549181e-01
2.159899999999999931e+00,6.541357626250327018e-01
2.143699999999999939e+00,6.167351687499933455e-01
2.138599999999999834e+00,8.477097208435535602e-01
2.128000000000000114e+00,7.405612873756344250e-01
2.117799999999999905e+00,7.853461610630302348e-01
2.107600000000000140e+00,8.740141728692286671e-01
2.103099999999999969e+00,8.872971792898802779e-01
2.102500000000000036e+00,8.305427066239261524e-01
2.092200000000000060e+00,6.954820673857852187e-01
2.082399999999999807e+00,7.228372254103159200e-01
2.077399999999999913e+00,8.236878167798035166e-01
2.067699999999999871e+00,7.138400357653562622e-01
2.057999999999999829e+00,8.475442761416915882e-01
2.053199999999999914e+00,1.000032663923174692e+00
2.043400000000000105e+00,9.986156406872719327e-01
2.038400000000000212e+00,9.205009169257344359e-01
2.028399999999999981e+00,8.283357265066910724e-01
2.018499999999999961e+00,8.958953582350117628e-01
2.015000000000000124e+00,1.012081447596905548e+00
2.013599999999999834e+00,8.925402969660150010e-01
2.013399999999999856e+00,1.031072196392302631e+00
2.010400000000000187e+00,1.028463916121630239e+00
2.005900000000000016e+00,9.684928933635129633e-01
2.003899999999999793e+00,9.300784071302088396e-01
2.001599999999999824e+00,1.091970264306338478e+00
1.994599999999999929e+00,8.133138861869497749e-01
1.989999999999999991e+00,9.040512476423366861e-01
1.989000000000000101e+00,1.049046095365040232e+00
1.988799999999999901e+00,9.886654569164244899e-01
1.988599999999999923e+00,1.007067048067970205e+00
1.987300000000000066e+00,1.040423726733109788e+00
1.986900000000000110e+00,9.992745854807937311e-01
1.986299999999999955e+00,1.001984389569637868e+00
1.985300000000000065e+00,1.032883179357888093e+00
1.984199999999999964e+00,1.077857329931548813e+00
1.982399999999999940e+00,1.229773713112055411e+00
1.980699999999999905e+00,1.026078429317532681e+00
1.980199999999999960e+00,1.011073066200986803e+00
1.979500000000000037e+00,1.243738409946459900e+00
1.977999999999999980e+00,1.219458999337282634e+00
1.975600000000000023e+00,9.802245733706548281e-01
1.975500000000000034e+00,1.104186078417033423e+00
1.974800000000000111e+00,1.087153909996342538e+00
1.972599999999999909e+00,1.059698063175101845e+00
1.971500000000000030e+00,1.085711943402817292e+00
1.970499999999999918e+00,1.143442030201221371e+00
1.969799999999999995e+00,1.009674905267949452e+00
1.963700000000000001e+00,1.087913573610300944e+00
1.962099999999999955e+00,1.078704579039573064e+00
1.961100000000000065e+00,1.120694272359855415e+00
1.957600000000000007e+00,1.037239657346745281e+00
1.956099999999999950e+00,1.133819374870680852e+00
1.953000000000000069e+00,1.079372208993324644e+00
1.951899999999999968e+00,1.057889941137764245e+00
1.950800000000000090e+00,1.006338290377058131e+00
1.947899999999999965e+00,9.984948469733516685e-01
1.947599999999999998e+00,1.139683781194340773e+00
1.943999999999999950e+00,9.341427750023285626e-01
1.943699999999999983e+00,1.209196819874826856e+00
1.943599999999999994e+00,1.091065796588776227e+00
1.942199999999999926e+00,9.647377352978505627e-01
1.941899999999999959e+00,9.935329983308884838e-01
1.940399999999999903e+00,1.124209373773964238e+00
1.936700000000000088e+00,1.099329014062934373e+00
1.934399999999999897e+00,1.165038776323751968e+00
1.933300000000000018e+00,1.117709491573436242e+00
1.930500000000000105e+00,1.099336555749133471e+00
1.930199999999999916e+00,1.010559895409449016e+00
1.928099999999999925e+00,1.048662246223071914e+00
1.925100000000000033e+00,1.030504271170868513e+00
1.918199999999999905e+00,1.034720031793754602e+00
1.915999999999999925e+00,1.137427592055526127e+00
1.915799999999999947e+00,1.043159334007757399e+00
1.911799999999999944e+00,1.096978829857615079e+00
1.906700000000000061e+00,1.105525122758327372e+00
1.902199999999999891e+00,1.121417695689602700e+00
1.899299999999999988e+00,9.137976130505626182e-01
1.887499999999999956e+00,1.143133329051075675e+00
1.887299999999999978e+00,1.201344035422959644e+00
1.887199999999999989e+00,1.095664614822380090e+00
1.886900000000000022e+00,9.617120789826884009e-01
1.886600000000000055e+00,1.135114499177958924e+00
1.886200000000000099e+00,1.005037949762879634e+00
1.885899999999999910e+00,1.032903914512280030e+00
1.885299999999999976e+00,1.119874440685432404e+00
1.885099999999999998e+00,1.106480264985616691e+00
1.884500000000000064e+00,1.117512501790790536e+00
1.884400000000000075e+00,1.045582732939632331e+00
1.883000000000000007e+00,9.472599862693324990e-01
1.882500000000000062e+00,1.066823001861366693e+00
1.881899999999999906e+00,1.042278559771313340e+00
1.880900000000000016e+00,9.752851716417904049e-01
1.880800000000000027e+00,9.633178977753835692e-01
1.880600000000000049e+00,1.081571346185205451e+00
1.880400000000000071e+00,1.125089199490326264e+00
1.879699999999999926e+00,1.166055882133396837e+00
1.878600000000000048e+00,1.185143147291317645e+00
1.875199999999999978e+00,1.032925666510746465e+00
1.873399999999999954e+00,9.301513445868041519e-01
1.870000000000000107e+00,8.209561574988242239e-01
1.869499999999999940e+00,1.011974231218248255e+00
1.868400000000000061e+00,9.333176737888471131e-01
1.864600000000000035e+00,1.005670858051331606e+00
1.864400000000000057e+00,1.049929111246634905e+00
1.860600000000000032e+00,9.846469962523745068e-01
1.858600000000000030e+00,1.160500882443037174e+00
1.854899999999999993e+00,1.053051397981955795e+00
1.853699999999999903e+00,1.100651335351338078e+00
1.852600000000000025e+00,1.069029829763382011e+00
1.850899999999999990e+00,1.034018451008013262e+00
1.848899999999999988e+00,1.039845039029711149e+00
1.845199999999999951e+00,1.096946151652507861e+00
1.843800000000000106e+00,1.048856972315527436e+00
1.841599999999999904e+00,1.171983984552069868e+00
1.838999999999999968e+00,1.104735253399519168e+00
1.838400000000000034e+00,9.397255352968335584e-01
1.838000000000000078e+00,9.999531183857435224e-01
1.836200000000000054e+00,9.752274699004019887e-01
1.834799999999999986e+00,1.153749244848546684e+00
1.833700000000000108e+00,1.075463330343223722e+00
1.833099999999999952e+00,9.200878742449472014e-01
1.832999999999999963e+00,9.085287573766704927e-01
1.832400000000000029e+00,9.845522392168231107e-01
1.828600000000000003e+00,9.735641765097092781e-01
1.824600000000000000e+00,9.862482091438189435e-01
1.820799999999999974e+00,9.662556381462295008e-01
1.817199999999999926e+00,9.388753410193538818e-01
1.815499999999999892e+00,8.592104875543120635e-01
1.812000000000000055e+00,8.768236601824214160e-01
1.810200000000000031e+00,8.485007976922858131e-01
1.806699999999999973e+00,8.550007992457787642e-01
1.803199999999999914e+00,9.011783661728133277e-01
1.799700000000000077e+00,8.860481440522288699e-01
1.798100000000000032e+00,9.566341143500516342e-01
1.794699999999999962e+00,9.419130103363072548e-01
1.793700000000000072e+00,9.421302099602186786e-01
1.793500000000000094e+00,9.397364063854114491e-01
1.793099999999999916e+00,9.232056726025429372e-01
1.792399999999999993e+00,1.030343090287471508e+00
1.791800000000000059e+00,9.533045341766737124e-01
1.791400000000000103e+00,1.006315847082960069e+00
1.790699999999999958e+00,9.582889195673855998e-01
1.790499999999999980e+00,8.152091297094870015e-01
1.790200000000000014e+00,9.827752493065701200e-01
1.789700000000000069e+00,8.661541986859123687e-01
1.789600000000000080e+00,9.902878884153822892e-01
1.789099999999999913e+00,9.601682813299532437e-01
1.788499999999999979e+00,8.701544062910890887e-01
1.787700000000000067e+00,9.190501498949205095e-01
1.787400000000000100e+00,9.843576630697882246e-01
1.787199999999999900e+00,1.010448147228514726e+00
1.786699999999999955e+00,9.089765982179045523e-01
1.786599999999999966e+00,8.833630287516380797e-01
1.786100000000000021e+00,7.634091957029083275e-01
1.785800000000000054e+00,9.178999430207307464e-01
1.785500000000000087e+00,1.060355219148316541e+00
1.785199999999999898e+00,1.000183037530057106e+00
1.784899999999999931e+00,8.748766311765174830e-01
1.784599999999999964e+00,9.079341022363505154e-01
1.784299999999999997e+00,9.130897243492599458e-01
1.783600000000000074e+00,9.353569351505317542e-01
1.783199999999999896e+00,9.288419283156462702e-01
1.782299999999999995e+00,8.112766460669461610e-01
1.782000000000000028e+00,9.428746922071629122e-01
1.781900000000000039e+00,9.451548413944195204e-01
1.781600000000000072e+00,8.602295948697755712e-01
1.781300000000000106e+00,8.920895263409347464e-01
1.780699999999999950e+00,8.682183577554507536e-01
1.780100000000000016e+00,8.442500088166188243e-01
1.779700000000000060e+00,9.065728820316538705e-01
1.779400000000000093e+00,9.524485638335439264e-01
1.779099999999999904e+00,9.223711861080542418e-01
1.778899999999999926e+00,9.574582299773544136e-01
1.778499999999999970e+00,8.940127728467375245e-01
1.777900000000000036e+00,1.003831662339371045e+00
1.777500000000000080e+00,9.958924868197667202e-01
1.776899999999999924e+00,9.896407007370204845e-01
1.776299999999999990e+00,8.462511817765132616e-01
1.776200000000000001e+00,8.475219331925860633e-01
1.775500000000000078e+00,9.316400642892658235e-01
1.775199999999999889e+00,9.218663077523516769e-01
1.774699999999999944e+00,9.229643750273929248e-01
1.774299999999999988e+00,7.595063919061013635e-01
1.773600000000000065e+00,8.168031835711387911e-01
1.773200000000000109e+00,7.200668436392783089e-01
1.772599999999999953e+00,7.440654149783003657e-01
1.772199999999999998e+00,8.592570847597464923e-01
1.771700000000000053e+00,9.385149006658349835e-01
1.771300000000000097e+00,8.853570339623257901e-01
1.770699999999999941e+00,7.608888535433691036e-01
1.770599999999999952e+00,8.382228851062587527e-01
1.770399999999999974e+00,8.293491169995663714e-01
1.769800000000000040e+00,9.097266869085435248e-01
1.769099999999999895e+00,8.893583056369946949e-01
1.768799999999999928e+00,8.112993664047101205e-01
1.768699999999999939e+00,8.987887889074994696e-01
1.768199999999999994e+00,8.067167458465986929e-01
1.767900000000000027e+00,8.258061133895391315e-01
1.767600000000000060e+00,7.894511102129846414e-01
1.767300000000000093e+00,9.181050727891971741e-01
1.766999999999999904e+00,9.188562438109358910e-01
1.766699999999999937e+00,9.706418233630837999e-01
1.766000000000000014e+00,7.937861842387782252e-01
1.765300000000000091e+00,8.602104119410924898e-01
1.764999999999999902e+00,7.977492839267817937e-01
1.764899999999999913e+00,9.249492487569190846e-01
1.764199999999999990e+00,9.851740515458805580e-01
1.763900000000000023e+00,9.881910361770989137e-01
1.763400000000000079e+00,9.516304541156394015e-01
1.763300000000000090e+00,8.338959321920608181e-01
1.762999999999999901e+00,8.100237036103019594e-01
1.762699999999999934e+00,7.470261587454695151e-01
1.762299999999999978e+00,7.245335377287047685e-01
1.761900000000000022e+00,8.681311883043663080e-01
1.761200000000000099e+00,8.624078042271908773e-01
1.760799999999999921e+00,8.482550565670938791e-01
1.760499999999999954e+00,7.968828574656493524e-01
1.759900000000000020e+00,7.456836339412957759e-01
1.759600000000000053e+00,8.295816889752199996e-01
1.759400000000000075e+00,8.479538148780351170e-01
1.759100000000000108e+00,7.203803946263624969e-01
1.758499999999999952e+00,7.706924192480910651e-01
1.758199999999999985e+00,7.769338034468824539e-01
1.757800000000000029e+00,9.054486267348962336e-01
1.757500000000000062e+00,7.165644139218475539e-01
1.756799999999999917e+00,7.873854326229806633e-01
1.756199999999999983e+00,8.802806330815080571e-01
1.755900000000000016e+00,6.806968844690931553e-01
1.755500000000000060e+00,6.840606505534307935e-01
1.754899999999999904e+00,8.132356168957278753e-01
1.754599999999999937e+00,8.434648470280816657e-01
1.754099999999999993e+00,7.979712374917707907e-01
1.753800000000000026e+00,7.915144485840658328e-01
1.753600000000000048e+00,8.973421141277027058e-01
1.752899999999999903e+00,8.696377446592955529e-01
1.752499999999999947e+00,7.763371678166584022e-01
1.752099999999999991e+00,7.054563781569433978e-01
1.751900000000000013e+00,7.922979575128095142e-01
1.751500000000000057e+00,7.416969935380817169e-01
1.750799999999999912e+00,6.394971519433322316e-01
1.750399999999999956e+00,6.853987190291559450e-01
1.749900000000000011e+00,6.594506373254482856e-01
1.749600000000000044e+00,6.217698813573181438e-01
1.749300000000000077e+00,7.254940003245322622e-01
1.749000000000000110e+00,7.889147767616357942e-01
1.748699999999999921e+00,8.862231411511587442e-01
1.748399999999999954e+00,7.622105312642818431e-01
1.747700000000000031e+00,7.849962916832952109e-01
1.747400000000000064e+00,6.428016056653564902e-01
1.746899999999999897e+00,6.516281042584850525e-01
1.746699999999999919e+00,7.667014216072159938e-01
1.746399999999999952e+00,7.587718776092335915e-01
1.745800000000000018e+00,7.242476516002189779e-01
1.745600000000000041e+00,8.522450024302935523e-01
1.745200000000000085e+00,8.369122741495177431e-01
1.744599999999999929e+00,8.395350091407703941e-01
1.743999999999999995e+00,9.338379925833208972e-01
1.743700000000000028e+00,7.720785916365963120e-01
1.743600000000000039e+00,6.802726702229838773e-01
1.743100000000000094e+00,7.505725063379660167e-01
1.742799999999999905e+00,6.829440469227794352e-01
1.742399999999999949e+00,7.625952072514395885e-01
1.741999999999999993e+00,7.816242800454987760e-01
1.741700000000000026e+00,7.880375579227480998e-01
1.741400000000000059e+00,5.913154935915411192e-01
1.740699999999999914e+00,7.296522485394745239e-01
1.740299999999999958e+00,7.211888436318459883e-01
1.739700000000000024e+00,7.409628154019138879e-01
1.739500000000000046e+00,6.914898478002293736e-01
1.739300000000000068e+00,7.002330836242826040e-01
1.739200000000000079e+00,7.908202734691928137e-01
1.738899999999999890e+00,6.847047321859034419e-01
1.738599999999999923e+00,7.809809342168051449e-01
1.737999999999999989e+00,8.442252949964791364e-01
1.737900000000000000e+00,7.087728780118089933e-01
1.737700000000000022e+00,7.943716770020780027e-01
1.737500000000000044e+00,6.663384438090370621e-01
1.737000000000000099e+00,7.607807568680950983e-01
1.736900000000000110e+00,7.023600967046190746e-01
1.736599999999999921e+00,7.283425260063564055e-01
1.736199999999999966e+00,7.966230319358079681e-01
1.735800000000000010e+00,7.627611569879442222e-01
1.735600000000000032e+00,7.710823706658619381e-01
1.735400000000000054e+00,9.135138957236734747e-01
1.735300000000000065e+00,6.763415886146608713e-01
1.735000000000000098e+00,8.599209306445199097e-01
1.734299999999999953e+00,6.502872805888570973e-01
1.733999999999999986e+00,6.545982333308608681e-01
1.733300000000000063e+00,6.764635852780399583e-01
1.732900000000000107e+00,6.424829401652926153e-01
1.732299999999999951e+00,7.178603537407596269e-01
1.731700000000000017e+00,6.807815853568898179e-01
1.731300000000000061e+00,5.620950464528713386e-01
1.730599999999999916e+00,6.182045760614457430e-01
1.730399999999999938e+00,5.097991366040388606e-01
1.730099999999999971e+00,6.930716239327873174e-01
1.729300000000000059e+00,6.570610418390326890e-01
1.729000000000000092e+00,6.188060562481099147e-01
1.728399999999999936e+00,5.898028777404779044e-01
1.727999999999999980e+00,6.933390991114251056e-01
1.727300000000000058e+00,5.932727487252889009e-01
1.727000000000000091e+00,5.690994785100683684e-01
1.726499999999999924e+00,5.855262234867424365e-01
1.726099999999999968e+00,6.659181560024831636e-01
1.725500000000000034e+00,7.751298940917444869e-01
1.724699999999999900e+00,7.069763994836317789e-01
1.724399999999999933e+00,7.391503595043091845e-01
1.723700000000000010e+00,6.172893994979209431e-01
1.723400000000000043e+00,6.553510702297580259e-01
1.723000000000000087e+00,6.037075976629037166e-01
1.722199999999999953e+00,6.686897330071897017e-01
1.721899999999999986e+00,7.363566194938837572e-01
1.721700000000000008e+00,8.534385915063940065e-01
1.721000000000000085e+00,7.374745159737828848e-01
1.720599999999999907e+00,6.536648868374523857e-01
1.720399999999999929e+00,7.622243618858257630e-01
1.719700000000000006e+00,8.447731309590110760e-01
1.719100000000000072e+00,3.734873595746985853e-01
1.718699999999999894e+00,3.882985904581255365e-01
1.718099999999999961e+00,5.328853460016824695e-01
1.717700000000000005e+00,5.685936465158087927e-01
1.717000000000000082e+00,6.426461631484254866e-01
1.716699999999999893e+00,5.380979608853377893e-01
1.716299999999999937e+00,4.838196840978477020e-01
1.715799999999999992e+00,6.410086249560541516e-01
1.715400000000000036e+00,6.242113210455819683e-01
1.714699999999999891e+00,5.092555805535220470e-01
1.714399999999999924e+00,5.855273626188470804e-01
1.713700000000000001e+00,4.794177040456752970e-01
1.713400000000000034e+00,4.579592556521426827e-01
1.712800000000000100e+00,5.591707346831384928e-01
1.712499999999999911e+00,5.423207854279854523e-01
1.711799999999999988e+00,5.164582866618028234e-01
1.711500000000000021e+00,4.938232243819132283e-01
1.710700000000000109e+00,4.988340234450897026e-01
1.710399999999999920e+00,5.072694157521456804e-01
1.709600000000000009e+00,4.211292656194042250e-01
1.709300000000000042e+00,5.012535885622754206e-01
1.708700000000000108e+00,3.800268256783090326e-01
1.708399999999999919e+00,5.064715251508998817e-01
1.707799999999999985e+00,5.621794190095557031e-01
1.707400000000000029e+00,4.801955868756133117e-01
1.706900000000000084e+00,4.747700584346870034e-01
1.706299999999999928e+00,5.145056027872247917e-01
1.705799999999999983e+00,4.744229931883531259e-01
1.705500000000000016e+00,5.303972661191078686e-01
1.705200000000000049e+00,4.695174157361148293e-01
1.704499999999999904e+00,5.190570950653478066e-01
1.704199999999999937e+00,5.010934584065256381e-01
1.703899999999999970e+00,5.041374831346416840e-01
1.703300000000000036e+00,4.315790556867760142e-01
1.702900000000000080e+00,4.997899038217644696e-01
1.702199999999999935e+00,4.269503182714566858e-01
1.701899999999999968e+00,5.280905060919306448e-01
1.701500000000000012e+00,4.304137816739904698e-01
1.700900000000000079e+00,4.764867908508934047e-01
1.700499999999999901e+00,4.345267845605287338e-01
1.700199999999999934e+00,3.881071499920417667e-01
1.699600000000000000e+00,4.739368085471089564e-01
1.699300000000000033e+00,4.391366788475750682e-01
1.698600000000000110e+00,3.888535559460997160e-01
1.698199999999999932e+00,4.404525831782149514e-01
1.697599999999999998e+00,3.479840472636608339e-01
1.697200000000000042e+00,4.649036454645524841e-01
1.696900000000000075e+00,6.003314939312560661e-01
1.696199999999999930e+00,5.709901742710459249e-01
1.695899999999999963e+00,5.313488020388702493e-01
1.695599999999999996e+00,4.065907940469480897e-01
1.695000000000000062e+00,3.983167418353423805e-01
1.694700000000000095e+00,4.675914026424851655e-01
1.693999999999999950e+00,3.547988961486933657e-01
1.693699999999999983e+00,5.396377762427635449e-01
1.693000000000000060e+00,5.017889956014653929e-01
1.692600000000000104e+00,4.161973761489766721e-01
1.691899999999999959e+00,5.022432415424139540e-01
1.691599999999999993e+00,4.146821717715583056e-01
1.691200000000000037e+00,2.502129335817809830e-01
1.690600000000000103e+00,2.921286924697022447e-01
1.690299999999999914e+00,3.344452980993603552e-01
1.690099999999999936e+00,3.501713551668644842e-01
1.689400000000000013e+00,3.115914508978676056e-01
1.689100000000000046e+00,3.309632787830765754e-01
1.688499999999999890e+00,3.124920582782061973e-01
1.688099999999999934e+00,2.513512217590385678e-01
1.687799999999999967e+00,3.648719493162290162e-01
1.687200000000000033e+00,3.504743801793254177e-01
1.686900000000000066e+00,2.489985772286332222e-01
1.686199999999999921e+00,2.852246593021412480e-01
1.685899999999999954e+00,3.677184342234726677e-01
1.685300000000000020e+00,2.119125134886906681e-01
1.684900000000000064e+00,1.800420761774966516e-01
1.684399999999999897e+00,2.129147598360636717e-01
1.684099999999999930e+00,2.190494745558761724e-01
1.683400000000000007e+00,1.955803192128791057e-01
1.683000000000000052e+00,2.059704219071513409e-01
1.682399999999999896e+00,1.490601043651305913e-01
1.681999999999999940e+00,2.640786161016428490e-01
1.681300000000000017e+00,3.577811961689991715e-01
1.681000000000000050e+00,3.025892379728521986e-01
1.680399999999999894e+00,3.044660863956230590e-01
1.679699999999999971e+00,3.404742354307620511e-01
1.679400000000000004e+00,2.207219013445130273e-01
1.678700000000000081e+00,2.861278365174496630e-01
1.678299999999999903e+00,2.043589368269649320e-01
1.677599999999999980e+00,6.510641383577694952e-02
1.677300000000000013e+00,1.694510436860315050e-01
1.676900000000000057e+00,1.318336371181061395e-02
1.676199999999999912e+00,1.382123584378266989e-01
1.675899999999999945e+00,1.270583153614203431e-01
1.675499999999999989e+00,2.412437256581884126e-01
1.675100000000000033e+00,2.962702346364677330e-01
1.674400000000000110e+00,1.928192204963749545e-01
1.673999999999999932e+00,2.668084387593208651e-01
1.673699999999999966e+00,2.106899858987654195e-01
1.673100000000000032e+00,2.807907725290402778e-01
1.672700000000000076e+00,3.646062835586071360e-01
1.671999999999999931e+00,2.417620111095503121e-01
1.671799999999999953e+00,2.389859368821106722e-01
1.671100000000000030e+00,2.380370781982117656e-01
1.670800000000000063e+00,1.249336611552041842e-01
1.670199999999999907e+00,1.585803839090037248e-01
1.669899999999999940e+00,2.539257911318357208e-01
1.669300000000000006e+00,2.899242929139261848e-01
1.669000000000000039e+00,2.343363144028873246e-01
1.668600000000000083e+00,1.456314565349836609e-01
1.667899999999999938e+00,2.141470278519894133e-01
1.667599999999999971e+00,9.350311146330905765e-02
1.666900000000000048e+00,1.462070584947426644e-01
1.666600000000000081e+00,7.953351016344242796e-02
1.665899999999999936e+00,1.220034731237544523e-01
1.665599999999999969e+00,9.023177157761047562e-02
1.665000000000000036e+00,1.300119424169424165e-01
1.664800000000000058e+00,9.381642280719207361e-02
1.664199999999999902e+00,6.270519370896177058e-02
1.663899999999999935e+00,9.492243266771144272e-02
1.663599999999999968e+00,1.723234715715962762e-01
1.663000000000000034e+00,5.775376400564760648e-02
1.662800000000000056e+00,9.034922033414674591e-02
1.662099999999999911e+00,7.301410589423060205e-02
1.661799999999999944e+00,6.386392563959356061e-02
1.661399999999999988e+00,5.303891126373985743e-02
1.660800000000000054e+00,4.189511275181842520e-02
1.660500000000000087e+00,1.309300163048615628e-01
1.659799999999999942e+00,2.561875618979983504e-02
1.659399999999999986e+00,-4.008921343145663285e-02
1.659100000000000019e+00,1.561371578105708036e-02
1.658500000000000085e+00,6.695048369457015647e-02
1.658099999999999907e+00,2.762062278780993974e-02
1.657399999999999984e+00,-4.131792555135335721e-02
1.657200000000000006e+00,1.453958700659008230e-02
1.656500000000000083e+00,7.323568622548404239e-02
1.656199999999999894e+00,-6.936957735658930146e-02
1.655499999999999972e+00,-1.817510167009643574e-01
1.655200000000000005e+00,-1.167407768315475991e-01
1.654700000000000060e+00,-1.388355647375001667e-01
1.654300000000000104e+00,3.528585420554952723e-02
1.653799999999999937e+00,-8.173421874816538812e-02
1.653499999999999970e+00,-9.061155637878764990e-03
1.653100000000000014e+00,1.872206462734046784e-02
1.652800000000000047e+00,1.968763431300576960e-02
1.651999999999999913e+00,-1.494374948956753157e-01
1.651699999999999946e+00,-1.842981582689424969e-01
1.651299999999999990e+00,-1.548676425731920769e-01
1.650600000000000067e+00,-4.916445451429857227e-02
1.650300000000000100e+00,-9.629817378682681284e-02
1.649599999999999955e+00,-2.924980219039252649e-02
1.649299999999999988e+00,-1.633396065558838373e-01
1.648600000000000065e+00,-1.610962039038689453e-01
1.648300000000000098e+00,-1.470187548866137839e-01
1.647599999999999953e+00,-1.257045666586999177e-01
1.647299999999999986e+00,-2.500246583304021053e-01
1.646800000000000042e+00,-2.423428140546982079e-01
1.646500000000000075e+00,-2.374380060507670642e-01
1.646099999999999897e+00,-1.442847296800366108e-01
1.645699999999999941e+00,-8.647437338121094497e-02
1.645000000000000018e+00,-2.487572166121575223e-01
1.644700000000000051e+00,-9.332961842375628314e-02
1.643899999999999917e+00,-8.355299588357414931e-02
1.643499999999999961e+00,-1.395530294182219244e-01
1.642800000000000038e+00,-5.271195990331004055e-02
1.642400000000000082e+00,-6.911092833858725748e-02
1.641799999999999926e+00,-3.223145540934453379e-01
1.641199999999999992e+00,-3.714393991740422285e-02
1.640600000000000058e+00,-2.983578071024013401e-01
1.640200000000000102e+00,-1.723727106605309201e-01
1.639599999999999946e+00,-1.670619050137163442e-01
1.639299999999999979e+00,-1.744296382282135849e-01
1.638700000000000045e+00,-1.917162784535568487e-01
1.638400000000000079e+00,-4.650413346039827811e-02
1.637799999999999923e+00,-3.259419586501208221e-01
1.637399999999999967e+00,-2.187453554070885320e-01
1.636600000000000055e+00,-4.479074911414686611e-01
1.636300000000000088e+00,-1.298118724879157582e-01
1.635499999999999954e+00,-1.974615522658089428e-01
1.634700000000000042e+00,-2.223881079792440485e-01
1.634400000000000075e+00,-3.057546628192249205e-01
1.633899999999999908e+00,-8.729090702468828011e-02
1.633599999999999941e+00,-1.839909728918072418e-01
1.633000000000000007e+00,-2.558281632254570948e-01
1.632700000000000040e+00,-3.017171847717603494e-01
1.632400000000000073e+00,-3.263273952454348592e-01
1.631799999999999917e+00,-2.943593371252349877e-01
1.631099999999999994e+00,-3.949556738327801853e-01
1.630500000000000060e+00,-2.631591716741044085e-01
1.630100000000000104e+00,-4.163778422256944611e-01
1.629399999999999959e+00,-3.687656212923891008e-01
1.629000000000000004e+00,-3.957244173995871916e-01
1.628400000000000070e+00,-4.451071701185721485e-01
1.628100000000000103e+00,-5.821343583348008721e-01
1.627499999999999947e+00,-5.469839679748609296e-01
1.627199999999999980e+00,-3.944801451016312077e-01
1.626500000000000057e+00,-2.800124277164799391e-01
1.626200000000000090e+00,-4.556769794376858140e-01
1.625499999999999945e+00,-4.826365682495878384e-01
1.624800000000000022e+00,-5.939813076219144783e-01
1.624100000000000099e+00,-4.947735788071033758e-01
1.623599999999999932e+00,-4.702892715653661515e-01
1.622900000000000009e+00,-5.381414242078621513e-01
1.622200000000000086e+00,-5.720466227950200544e-01
1.621499999999999941e+00,-4.023396609283309555e-01
1.621099999999999985e+00,-5.194109481240944959e-01
1.620100000000000096e+00,-6.006593284772244745e-01
1.619799999999999907e+00,-5.180568211315267346e-01
1.619199999999999973e+00,-6.585437371679596641e-01
1.618300000000000072e+00,-5.070125897648457558e-01
1.617699999999999916e+00,-6.480443533410200629e-01
1.617399999999999949e+00,-5.710877730710945954e-01
1.616800000000000015e+00,-5.691898763897016433e-01
1.616500000000000048e+00,-5.515099507940289802e-01
1.615799999999999903e+00,-6.155381264329011781e-01
1.615199999999999969e+00,-7.127473843088899530e-01
1.614900000000000002e+00,-5.948285217756075216e-01
1.614200000000000079e+00,-5.924818340060679089e-01
1.613899999999999890e+00,-7.609461058342114059e-01
1.613599999999999923e+00,-7.330437552764690334e-01
1.612999999999999989e+00,-7.241957025868988040e-01
1.612600000000000033e+00,-7.959924919143969158e-01
1.611900000000000110e+00,-7.318769714702646478e-01
1.611499999999999932e+00,-6.569653148261710429e-01
1.610800000000000010e+00,-8.174718328116288291e-01
1.610500000000000043e+00,-7.029228505255925574e-01
1.609799999999999898e+00,-9.658690963004756824e-01
1.609499999999999931e+00,-9.634947196163201610e-01
1.608800000000000008e+00,-8.853195639705463416e-01
1.608500000000000041e+00,-8.882907094418662775e-01
1.607900000000000107e+00,-7.967026882851196978e-01
1.607499999999999929e+00,-8.024914548435818640e-01
1.607099999999999973e+00,-8.971443544659313263e-01
1.606500000000000039e+00,-9.044683415324050735e-01
1.606200000000000072e+00,-9.601075945761539110e-01
1.605900000000000105e+00,-8.292626159381311091e-01
1.605499999999999927e+00,-8.466227496592253488e-01
1.604899999999999993e+00,-8.728882019800460190e-01
1.604600000000000026e+00,-9.516130838428844552e-01
1.604300000000000059e+00,-7.776719147274853139e-01
1.604000000000000092e+00,-9.674573857266708377e-01
1.603299999999999947e+00,-9.012744368648399895e-01
1.602899999999999991e+00,-9.699977895538148820e-01
1.602600000000000025e+00,-9.134782567921106988e-01
1.602200000000000069e+00,-9.803494575902870212e-01
1.601599999999999913e+00,-9.219240032253168682e-01
1.601299999999999946e+00,-9.337624094808705255e-01
1.600999999999999979e+00,-8.533502829130568124e-01
1.600400000000000045e+00,-8.113612820047876317e-01
1.600100000000000078e+00,-8.009205539554787867e-01
1.599800000000000111e+00,-8.907989578075571346e-01
1.599099999999999966e+00,-1.017655357120686332e+00
1.598700000000000010e+00,-1.039717168037791017e+00
1.598100000000000076e+00,-1.011564357429866501e+00
1.597299999999999942e+00,-1.031668855064858725e+00
1.597099999999999964e+00,-9.774288855995266756e-01
1.596500000000000030e+00,-1.029177290963467772e+00
1.596100000000000074e+00,-9.556980138491176779e-01
1.595499999999999918e+00,-9.574543893611613399e-01
1.595099999999999962e+00,-1.110563612167787095e+00
1.594799999999999995e+00,-1.032864453313908637e+00
1.594100000000000072e+00,-1.012373906479277608e+00
1.593800000000000106e+00,-1.217435379494580916e+00
1.593499999999999917e+00,-1.140265390891202824e+00
1.592899999999999983e+00,-1.178506944687907065e+00
1.592600000000000016e+00,-1.203685516039300962e+00
1.592300000000000049e+00,-1.258407426553073805e+00
1.591699999999999893e+00,-1.113086928518532082e+00
1.591299999999999937e+00,-1.171312103373685298e+00
1.590999999999999970e+00,-1.126538553159785128e+00
1.590200000000000058e+00,-1.217121290292798363e+00
1.589499999999999913e+00,-1.272879974193938502e+00
1.589199999999999946e+00,-1.296644588711162616e+00
1.588899999999999979e+00,-1.212252932000692285e+00
1.588300000000000045e+00,-1.146011376244610691e+00
1.588000000000000078e+00,-1.386090969279687224e+00
1.587699999999999889e+00,-1.248574543488961019e+00
1.587399999999999922e+00,-1.306100012671979060e+00
1.586699999999999999e+00,-1.356848787035461967e+00
1.586400000000000032e+00,-1.392142046567883984e+00
1.585700000000000109e+00,-1.439794920699531744e+00
1.585499999999999909e+00,-1.514877399296649108e+00
1.584799999999999986e+00,-1.508003748030509961e+00
1.584500000000000020e+00,-1.378295800612532762e+00
1.584100000000000064e+00,-1.295784631968974976e+00
1.583399999999999919e+00,-1.262970196050199112e+00
1.583099999999999952e+00,-1.347646165296943810e+00
1.582799999999999985e+00,-1.450410636859647440e+00
1.582400000000000029e+00,-1.480181544235431579e+00
1.581800000000000095e+00,-1.420929928729660396e+00
1.581499999999999906e+00,-1.465962446520977736e+00
1.581099999999999950e+00,-1.580843567719134146e+00
1.580799999999999983e+00,-1.566310432543627229e+00
1.580100000000000060e+00,-1.618223945404860586e+00
1.579499999999999904e+00,-1.614491017716025656e+00
1.579099999999999948e+00,-1.476539761312723575e+00
1.578600000000000003e+00,-1.484071431515597617e+00
1.578300000000000036e+00,-1.691702137316709820e+00
1.577599999999999891e+00,-1.690070887982661585e+00
1.577299999999999924e+00,-1.534000155066148174e+00
1.576999999999999957e+00,-1.602463121889649678e+00
1.576300000000000034e+00,-1.662161973967936301e+00
1.575900000000000079e+00,-1.612645176550693504e+00
1.575499999999999901e+00,-1.658073723784757370e+00
1.574899999999999967e+00,-1.787148842490385192e+00
1.574600000000000000e+00,-1.642373260816228697e+00
1.574300000000000033e+00,-1.791877357543072202e+00
1.573800000000000088e+00,-1.752593846333829530e+00
1.573399999999999910e+00,-1.829521994899368398e+00
1.573099999999999943e+00,-1.783361375180814168e+00
1.572500000000000009e+00,-1.840548899134653027e+00
1.572100000000000053e+00,-1.826585965159117864e+00
1.571700000000000097e+00,-1.864849341579044584e+00
1.570999999999999952e+00,-1.929618929450913178e+00
1.570599999999999996e+00,-1.813802452974282886e+00
1.570300000000000029e+00,-1.792089279259445611e+00
1.569700000000000095e+00,-1.688289784656724191e+00
1.569399999999999906e+00,-1.967164056923629500e+00
1.569099999999999939e+00,-1.817160464449071089e+00
1.568400000000000016e+00,-1.854542646087097735e+00
1.568100000000000049e+00,-1.879390053949759443e+00
1.567800000000000082e+00,-2.027216580594015660e+00
1.567499999999999893e+00,-1.943621870531108575e+00
1.566799999999999971e+00,-1.866566394063528422e+00
1.566500000000000004e+00,-1.893720877501909428e+00
1.566100000000000048e+00,-1.801620605495959149e+00
1.565099999999999936e+00,-1.887878823805637429e+00
1.564500000000000002e+00,-1.987245421213208685e+00
1.564100000000000046e+00,-1.932476944351002590e+00
1.563900000000000068e+00,-1.978278106431075711e+00
1.563499999999999890e+00,-2.018852415747608209e+00
1.562899999999999956e+00,-2.210236154406939324e+00
1.562599999999999989e+00,-2.165073559588347685e+00
1.562300000000000022e+00,-2.211938291890331421e+00
1.561700000000000088e+00,-2.195912473297850109e+00
1.561399999999999899e+00,-2.120197325249963072e+00
1.561099999999999932e+00,-2.233426294511679178e+00
1.560499999999999998e+00,-2.199469163004230676e+00
1.559900000000000064e+00,-2.296033730594948530e+00
1.559500000000000108e+00,-2.137956434595383648e+00
1.558799999999999963e+00,-2.265390769645193814e+00
1.558400000000000007e+00,-2.307640365095415369e+00
1.557600000000000096e+00,-2.377016866528247618e+00
1.557299999999999907e+00,-2.472568761236349832e+00
1.556999999999999940e+00,-2.516482354474481653e+00
1.556400000000000006e+00,-2.541760974929165862e+00
1.555700000000000083e+00,-2.531754947409335710e+00
1.555399999999999894e+00,-2.530992235332939710e+00
1.554799999999999960e+00,-2.409416745225920309e+00
1.554499999999999993e+00,-2.358282296573838366e+00
1.554200000000000026e+00,-2.505404184118681599e+00
1.553800000000000070e+00,-2.686933554076672337e+00
1.553199999999999914e+00,-2.620436779247198089e+00
1.552899999999999947e+00,-2.469051990581713873e+00
1.552300000000000013e+00,-2.600482486039660923e+00
1.552000000000000046e+00,-2.651544361381794612e+00
1.551700000000000079e+00,-2.600589642300522364e+00
1.551500000000000101e+00,-2.637330990385832408e+00
1.550799999999999956e+00,-2.786162465455172654e+00
1.550400000000000000e+00,-2.834639982856115736e+00
1.550100000000000033e+00,-2.668909477243717188e+00
1.549400000000000110e+00,-2.844156772269408773e+00
1.548699999999999966e+00,-2.809893703945107735e+00
1.548300000000000010e+00,-2.824372106791442238e+00
1.547900000000000054e+00,-2.835831099811878087e+00
1.547199999999999909e+00,-2.743571017865559902e+00
1.546899999999999942e+00,-3.022223360044876905e+00
1.546200000000000019e+00,-2.986938452383038900e+00
1.545900000000000052e+00,-3.097791771864994548e+00
1.545600000000000085e+00,-3.007900256952415141e+00
1.544999999999999929e+00,-3.008712869689150970e+00
1.544699999999999962e+00,-2.918241673268568093e+00
1.544399999999999995e+00,-2.865092299814825161e+00
1.543400000000000105e+00,-3.078563546394207151e+00
1.542999999999999927e+00,-2.939948834295748270e+00
1.542699999999999960e+00,-3.059188171588862026e+00
1.542399999999999993e+00,-3.145510273319315875e+00
1.541800000000000059e+00,-3.219818189037493283e+00
1.541400000000000103e+00,-3.208710176143356740e+00
1.540699999999999958e+00,-3.178139903882437611e+00
1.540399999999999991e+00,-3.222628910218381382e+00
1.539800000000000058e+00,-3.128787963378471648e+00
1.539400000000000102e+00,-3.134623937381744607e+00
1.539099999999999913e+00,-3.217761988424157948e+00
1.538799999999999946e+00,-3.345962922615686175e+00
1.538100000000000023e+00,-3.229896161738385896e+00
1.537700000000000067e+00,-3.276618581765818217e+00
1.536999999999999922e+00,-3.420715487283381595e+00
1.536699999999999955e+00,-3.411869511215238404e+00
1.536299999999999999e+00,-3.484576265236349890e+00
1.535900000000000043e+00,-3.664348903560481041e+00
1.535300000000000109e+00,-3.767458651656504287e+00
1.535099999999999909e+00,-3.563740228223512219e+00
1.534799999999999942e+00,-3.613123185362398182e+00
1.534200000000000008e+00,-3.637994949145205492e+00
1.533900000000000041e+00,-3.697273862201394756e+00
1.533300000000000107e+00,-3.653022149255856554e+00
1.532999999999999918e+00,-3.756578011312409426e+00
1.532299999999999995e+00,-3.711262541741377152e+00
1.532000000000000028e+00,-3.688890370509567695e+00
1.531300000000000106e+00,-3.845955238056600223e+00
1.530999999999999917e+00,-4.038961334070986453e+00
1.530699999999999950e+00,-3.924378685518474352e+00
1.530000000000000027e+00,-3.882912875356747673e+00
1.529700000000000060e+00,-3.898683239997487338e+00
1.529300000000000104e+00,-4.096737471041053347e+00
1.528599999999999959e+00,-4.037162653542075041e+00
1.528299999999999992e+00,-4.088656058306213481e+00
1.527900000000000036e+00,-4.068332601874381282e+00
1.527099999999999902e+00,-3.946689164652239512e+00
1.526799999999999935e+00,-4.075024885912513106e+00
1.526000000000000023e+00,-4.255536200988788487e+00
1.525700000000000056e+00,-4.269442763142009767e+00
1.525300000000000100e+00,-4.230104656634953386e+00
1.524699999999999944e+00,-4.307084774367742952e+00
1.524399999999999977e+00,-4.305504293875863198e+00
1.524100000000000010e+00,-4.314704108853307574e+00
1.523600000000000065e+00,-4.322847080875935610e+00
1.523300000000000098e+00,-4.368886389905565437e+00
1.522599999999999953e+00,-4.493841121426707552e+00
1.522199999999999998e+00,-4.499941400121134194e+00
1.521900000000000031e+00,-4.563486190363192918e+00
1.521200000000000108e+00,-4.581977124799505141e+00
1.520499999999999963e+00,-4.683458548844932956e+00
1.520100000000000007e+00,-4.700797349331802266e+00
1.519500000000000073e+00,-4.701814295684190625e+00
1.519200000000000106e+00,-4.737089485722014714e+00
1.518599999999999950e+00,-4.781314625733681822e+00
1.518399999999999972e+00,-4.939052988867011607e+00
1.518100000000000005e+00,-4.891018249979748767e+00
1.517500000000000071e+00,-4.924817479852721114e+00
1.517200000000000104e+00,-5.027201671655746829e+00
1.516499999999999959e+00,-5.112185760993738448e+00
1.516100000000000003e+00,-5.123638542514717287e+00
1.515400000000000080e+00,-5.233810068145609229e+00
1.515099999999999891e+00,-5.103408742245050256e+00
1.514499999999999957e+00,-5.129527134884511952e+00
1.514100000000000001e+00,-5.135389616496479626e+00
1.513500000000000068e+00,-5.168306940172336716e+00
1.513200000000000101e+00,-5.342427718085188459e+00
1.512799999999999923e+00,-5.367945662954065611e+00
1.512199999999999989e+00,-5.337959919689359012e+00
1.511900000000000022e+00,-5.453638763005131729e+00
1.511500000000000066e+00,-5.678948515198175784e+00
1.510799999999999921e+00,-5.689633690741675132e+00
1.510599999999999943e+00,-5.561186624957522362e+00
1.509600000000000053e+00,-5.800025757177803776e+00
1.509300000000000086e+00,-5.779317025525823937e+00
1.508899999999999908e+00,-5.839626237105505879e+00
1.508299999999999974e+00,-5.951912439571514390e+00
1.508000000000000007e+00,-5.976324061411977695e+00
1.507600000000000051e+00,-5.961885297801114092e+00
1.506799999999999917e+00,-6.083721572190323279e+00
1.506499999999999950e+00,-6.055463261947935827e+00
1.506199999999999983e+00,-6.142288477875220920e+00
1.505600000000000049e+00,-6.113546734248190617e+00
1.505200000000000093e+00,-6.194629939155777976e+00
1.504899999999999904e+00,-6.220867949178685130e+00
1.504299999999999971e+00,-6.220902062901989993e+00
1.503900000000000015e+00,-6.373724870244439344e+00
1.503600000000000048e+00,-6.400323414467324667e+00
1.502899999999999903e+00,-6.568005145459430594e+00
1.502599999999999936e+00,-6.669924631535605997e+00
1.502199999999999980e+00,-6.725828384357511069e+00
1.501500000000000057e+00,-6.703184381879473186e+00
1.501200000000000090e+00,-6.664554078166309736e+00
1.500899999999999901e+00,-6.778213765147675929e+00
1.500199999999999978e+00,-6.855109862845525370e+00
1.499900000000000011e+00,-6.936911679244085249e+00
1.499300000000000077e+00,-6.913072082144564590e+00
1.498299999999999965e+00,-7.020808688585743695e+00
1.497999999999999998e+00,-7.013005549950154460e+00
1.497700000000000031e+00,-7.126513573109567901e+00
1.497300000000000075e+00,-7.241691615538468518e+00
1.496599999999999930e+00,-7.364922453295587701e+00
1.496299999999999963e+00,-7.271527837688675611e+00
1.495900000000000007e+00,-7.325610936685222008e+00
1.495300000000000074e+00,-7.401526942715612734e+00
1.495000000000000107e+00,-7.504086606126194603e+00
1.494699999999999918e+00,-7.627486665590446968e+00
1.494099999999999984e+00,-7.555481770255088492e+00
1.493800000000000017e+00,-7.724637521909407667e+00
1.493100000000000094e+00,-7.699141280648885477e+00
1.492499999999999938e+00,-7.776505112412710474e+00
1.492099999999999982e+00,-7.960228240708882907e+00
1.491400000000000059e+00,-7.942485931308751468e+00
1.491100000000000092e+00,-8.098518479207964305e+00
1.490299999999999958e+00,-8.179320343519504988e+00
1.489999999999999991e+00,-8.309252179179976494e+00
1.489600000000000035e+00,-8.226692529234112428e+00
1.489000000000000101e+00,-8.250226342669011004e+00
1.488699999999999912e+00,-8.250858475151913396e+00
1.488399999999999945e+00,-8.451716068553441374e+00
1.488199999999999967e+00,-8.459295741573054528e+00
1.487600000000000033e+00,-8.599927214614309534e+00
1.487300000000000066e+00,-8.743432911412131858e+00
1.486499999999999932e+00,-8.721167150005978641e+00
1.486199999999999966e+00,-8.958046650202334149e+00
1.485400000000000054e+00,-8.964297933835956300e+00
1.485100000000000087e+00,-9.060213041718785831e+00
1.484299999999999953e+00,-9.095335284833687695e+00
1.484099999999999975e+00,-9.155943320637589977e+00
1.483800000000000008e+00,-9.230598031714341900e+00
1.483100000000000085e+00,-9.279886477743787054e+00
1.482799999999999896e+00,-9.334034105858494357e+00
1.482199999999999962e+00,-9.488551051426830085e+00
1.481600000000000028e+00,-9.632324011126652152e+00
1.481300000000000061e+00,-9.714356305217611620e+00
1.480900000000000105e+00,-9.881494190318740323e+00
1.480299999999999949e+00,-9.980590741619568718e+00
1.479999999999999982e+00,-9.942666112168833337e+00
1.479700000000000015e+00,-1.001439799158928068e+01
1.479000000000000092e+00,-1.011268557218891750e+01
1.478699999999999903e+00,-1.017687332729374994e+01
1.478399999999999936e+00,-1.019850414294611696e+01
1.477800000000000002e+00,-1.030573150127842297e+01
1.477400000000000047e+00,-1.055559750842236610e+01
1.477100000000000080e+00,-1.054212301179633826e+01
1.476399999999999935e+00,-1.046484756460404952e+01
1.476099999999999968e+00,-1.053290305534984661e+01
1.475800000000000001e+00,-1.066081985043312486e+01
1.475000000000000089e+00,-1.077331464530636929e+01
1.474800000000000111e+00,-1.083030166737107258e+01
1.474199999999999955e+00,-1.096458534403507379e+01
1.473799999999999999e+00,-1.097520070188753571e+01
1.473500000000000032e+00,-1.109690562795077895e+01
1.472699999999999898e+00,-1.123365372291545938e+01
1.472399999999999931e+00,-1.129069801309255006e+01
1.471700000000000008e+00,-1.138886590314530345e+01
1.471400000000000041e+00,-1.151329626173222209e+01
1.470599999999999907e+00,-1.143126378646197239e+01
1.470099999999999962e+00,-1.174489943585608032e+01
1.469500000000000028e+00,-1.180545857360389128e+01
1.469100000000000072e+00,-1.190235414142131631e+01
1.468699999999999894e+00,-1.199948076936298591e+01
1.468399999999999928e+00,-1.199382645520556068e+01
1.467700000000000005e+00,-1.208708158511187847e+01
1.467400000000000038e+00,-1.217659163419209811e+01
1.467000000000000082e+00,-1.227044750787944061e+01
1.466399999999999926e+00,-1.235081922978499946e+01
1.466199999999999948e+00,-1.246299801456844669e+01
1.465899999999999981e+00,-1.267641457519293269e+01
1.465300000000000047e+00,-1.268648905411945726e+01
1.464699999999999891e+00,-1.279530104216566855e+01
1.464099999999999957e+00,-1.285842080083780381e+01
1.463700000000000001e+00,-1.300436451542770477e+01
1.463100000000000067e+00,-1.319653264110782409e+01
1.462800000000000100e+00,-1.316671760701647642e+01
1.462399999999999922e+00,-1.328603236418124034e+01
1.461699999999999999e+00,-1.334269423206684024e+01
1.461400000000000032e+00,-1.351735300651763616e+01
1.461100000000000065e+00,-1.366663536596559503e+01
1.460399999999999920e+00,-1.376167713173581930e+01
1.459999999999999964e+00,-1.376614970706284424e+01
1.459699999999999998e+00,-1.372854324129119163e+01
1.459000000000000075e+00,-1.379825905023787946e+01
1.458700000000000108e+00,-1.391786415804912025e+01
1.458299999999999930e+00,-1.395994058740971511e+01
1.457899999999999974e+00,-1.410626700644249176e+01
1.457300000000000040e+00,-1.406594891479968545e+01
1.456900000000000084e+00,-1.426041965599273631e+01
1.456299999999999928e+00,-1.424524978987243706e+01
1.455999999999999961e+00,-1.429302013683086336e+01
1.455699999999999994e+00,-1.450586552706164056e+01
1.455100000000000060e+00,-1.460022379357042333e+01
1.454399999999999915e+00,-1.464426279413908283e+01
1.454099999999999948e+00,-1.481251100103313867e+01
1.453500000000000014e+00,-1.477987032346035612e+01
1.453100000000000058e+00,-1.485705342439336007e+01
1.452499999999999902e+00,-1.496941478245873292e+01
1.452199999999999935e+00,-1.513517293402384745e+01
1.451500000000000012e+00,-1.523816893282247520e+01
1.450800000000000090e+00,-1.541637267252222365e+01
1.450199999999999934e+00,-1.537672860621895232e+01
1.449899999999999967e+00,-1.538658340350888132e+01
1.449600000000000000e+00,-1.555058956832786343e+01
1.449000000000000066e+00,-1.573851651893850701e+01
1.448600000000000110e+00,-1.569714302698480779e+01
1.447999999999999954e+00,-1.581575766137583905e+01
1.447699999999999987e+00,-1.591303551593441590e+01
1.447000000000000064e+00,-1.609376075451564247e+01
1.446600000000000108e+00,-1.616430851136014368e+01
1.445899999999999963e+00,-1.614540814432663041e+01
1.445200000000000040e+00,-1.625280348014840825e+01
1.444900000000000073e+00,-1.622655338085034415e+01
1.444199999999999928e+00,-1.650287916936700583e+01
1.443599999999999994e+00,-1.650270829840969000e+01
1.443300000000000027e+00,-1.653332490000256172e+01
1.442299999999999915e+00,-1.665935180650843606e+01
1.441999999999999948e+00,-1.665041052391572762e+01
1.441599999999999993e+00,-1.672230760444131548e+01
1.440900000000000070e+00,-1.685608267903773694e+01
1.440600000000000103e+00,-1.678386124766015541e+01
1.439999999999999947e+00,-1.684481514885828091e+01
1.439400000000000013e+00,-1.707994659809813598e+01
1.439100000000000046e+00,-1.705022487244875151e+01
1.438399999999999901e+00,-1.712784082250791329e+01
1.438099999999999934e+00,-1.713254243856637160e+01
1.437400000000000011e+00,-1.711642225987238675e+01
1.437000000000000055e+00,-1.716670069455078718e+01
1.436399999999999899e+00,-1.718535661115764768e+01
1.436099999999999932e+00,-1.723412519552122291e+01
1.435499999999999998e+00,-1.734434852884193745e+01
1.435200000000000031e+00,-1.739258614261362723e+01
1.434500000000000108e+00,-1.744159740468265340e+01
1.434299999999999908e+00,-1.749604780360647638e+01
1.433499999999999996e+00,-1.751607616804215795e+01
1.433200000000000029e+00,-1.769237401610624971e+01
1.433000000000000052e+00,-1.764912674490108202e+01
1.432299999999999907e+00,-1.772634685859343762e+01
1.431599999999999984e+00,-1.782269979997298037e+01
1.431300000000000017e+00,-1.771783964722491689e+01
1.431000000000000050e+00,-1.782001994252140875e+01
1.430299999999999905e+00,-1.774780139287522474e+01
1.429999999999999938e+00,-1.794131117161786548e+01
1.429599999999999982e+00,-1.791482705154881216e+01
1.428700000000000081e+00,-1.793573916166833015e+01
1.428399999999999892e+00,-1.807799447090000911e+01
1.427699999999999969e+00,-1.798020003106054432e+01
1.427300000000000013e+00,-1.805226578409785532e+01
1.426700000000000079e+00,-1.799379667609792222e+01
1.426299999999999901e+00,-1.819650551770609326e+01
1.425999999999999934e+00,-1.822625160351025286e+01
1.425400000000000000e+00,-1.825852250094709817e+01
1.424700000000000077e+00,-1.829882501236850345e+01
1.424400000000000110e+00,-1.831051258261249259e+01
1.424099999999999921e+00,-1.829969806039274260e+01
1.423499999999999988e+00,-1.839872208619919292e+01
1.423200000000000021e+00,-1.835038214324860562e+01
1.422600000000000087e+00,-1.842771266081684445e+01
1.421999999999999931e+00,-1.842530149890660951e+01
1.421599999999999975e+00,-1.856406465173396114e+01
1.420900000000000052e+00,-1.857519196289975838e+01
1.420299999999999896e+00,-1.856665307269460286e+01
1.419599999999999973e+00,-1.863880610405970728e+01
1.419000000000000039e+00,-1.867322392739957948e+01
1.418299999999999894e+00,-1.853226001262611078e+01
1.417999999999999927e+00,-1.865693654825549430e+01
1.417699999999999960e+00,-1.868195083319507077e+01
1.417000000000000037e+00,-1.868315468416840730e+01
1.416600000000000081e+00,-1.875555418717738476e+01
1.415999999999999925e+00,-1.873847341493104324e+01
1.415699999999999958e+00,-1.869477958843816268e+01
1.415100000000000025e+00,-1.883711541102884368e+01
1.414400000000000102e+00,-1.884029579812913724e+01
1.414099999999999913e+00,-1.885059353263184079e+01
1.413399999999999990e+00,-1.877818012628509337e+01
1.413100000000000023e+00,-1.887298251594714671e+01
1.412500000000000089e+00,-1.880292517083045212e+01
1.412099999999999911e+00,-1.889170323971451282e+01
1.411499999999999977e+00,-1.892225579706394711e+01
1.411200000000000010e+00,-1.904525068447578207e+01
1.410500000000000087e+00,-1.899680645900923892e+01
1.410199999999999898e+00,-1.901989235083946994e+01
1.409499999999999975e+00,-1.911728671764477028e+01
1.408900000000000041e+00,-1.897823425468696712e+01
1.408500000000000085e+00,-1.886381783003749746e+01
1.407899999999999929e+00,-1.908932964509758889e+01
1.407599999999999962e+00,-1.914501936540694871e+01
1.406900000000000039e+00,-1.914280981275898341e+01
1.406500000000000083e+00,-1.917415323334581601e+01
1.405799999999999939e+00,-1.912094677806036458e+01
1.405499999999999972e+00,-1.905152332927969994e+01
1.404800000000000049e+00,-1.919730046741905127e+01
1.404300000000000104e+00,-1.923787978842022639e+01
1.403599999999999959e+00,-1.926789395741207045e+01
1.403299999999999992e+00,-1.915600030625401473e+01
1.402600000000000069e+00,-1.919827582186270476e+01
1.401899999999999924e+00,-1.927166824678252155e+01
1.401499999999999968e+00,-1.926660458105161666e+01
1.400900000000000034e+00,-1.925045413139342543e+01
1.400600000000000067e+00,-1.927836184840436928e+01
1.399999999999999911e+00,-1.933865168247802657e+01
1.399299999999999988e+00,-1.919472060320104845e+01
1.398700000000000054e+00,-1.933554944801556985e+01
1.398400000000000087e+00,-1.935472021298238232e+01
1.397699999999999942e+00,-1.931315282103218678e+01
1.397399999999999975e+00,-1.942254154330023752e+01
1.397100000000000009e+00,-1.937091628884928696e+01
1.396400000000000086e+00,-1.934170161030715462e+01
1.395799999999999930e+00,-1.931634473043572697e+01
1.395499999999999963e+00,-1.943335016051659281e+01
1.395100000000000007e+00,-1.937937098520315971e+01
1.394500000000000073e+00,-1.934155122313568853e+01
1.394200000000000106e+00,-1.921289311942767952e+01
1.393599999999999950e+00,-1.929627444618355625e+01
1.393299999999999983e+00,-1.939132236566483058e+01
1.392600000000000060e+00,-1.936423035011581817e+01
1.392300000000000093e+00,-1.948763536717039813e+01
1.391599999999999948e+00,-1.939891772943392567e+01
1.391199999999999992e+00,-1.928837042990535622e+01
1.390600000000000058e+00,-1.933310338881168633e+01
1.389899999999999913e+00,-1.936939170060509596e+01
1.389299999999999979e+00,-1.918966269777626721e+01
1.388700000000000045e+00,-1.931258825775029919e+01
1.388400000000000079e+00,-1.931786386011802037e+01
1.387399999999999967e+00,-1.937936423764552529e+01
1.386700000000000044e+00,-1.942675507917834210e+01
1.385799999999999921e+00,-1.929156915866413513e+01
1.385399999999999965e+00,-1.923432856414100200e+01
1.384800000000000031e+00,-1.930940631733393786e+01
1.384100000000000108e+00,-1.938304339193673087e+01
1.383399999999999963e+00,-1.943367632771158071e+01
1.383000000000000007e+00,-1.954957687279861744e+01
1.382400000000000073e+00,-1.947015028495946609e+01
1.381299999999999972e+00,-1.949244242856222087e+01
1.380600000000000049e+00,-1.936410727939865950e+01
1.379999999999999893e+00,-1.925639547832600229e+01
1.379399999999999959e+00,-1.932437266925681740e+01
1.379000000000000004e+00,-1.930407584976199686e+01
1.378300000000000081e+00,-1.938919854774555773e+01
1.378100000000000103e+00,-1.942297272505581418e+01
1.377399999999999958e+00,-1.937128628812624953e+01
1.376800000000000024e+00,-1.951984762251597161e+01
1.376500000000000057e+00,-1.948311977501152370e+01
1.375899999999999901e+00,-1.957763472015339445e+01
1.375299999999999967e+00,-1.946689227896262508e+01
1.374600000000000044e+00,-1.950993331241842910e+01
1.373899999999999899e+00,-1.942505603323222019e+01
1.373599999999999932e+00,-1.957122931404093080e+01
1.372500000000000053e+00,-1.961642825108051014e+01
1.371899999999999897e+00,-1.958907312079550778e+01
1.371599999999999930e+00,-1.959005123166983253e+01
1.370700000000000029e+00,-1.949054142732133954e+01
1.370400000000000063e+00,-1.941321682754244904e+01
1.369799999999999907e+00,-1.956926678089894622e+01
1.369099999999999984e+00,-1.954867523710221633e+01
1.368400000000000061e+00,-1.955060051024443268e+01
1.367699999999999916e+00,-1.967438169574436202e+01
1.366999999999999993e+00,-1.950318229159463357e+01
1.366300000000000070e+00,-1.945272079826171208e+01
1.366000000000000103e+00,-1.947434296587268321e+01
1.365299999999999958e+00,-1.957771109039815727e+01
1.364600000000000035e+00,-1.956894110438202716e+01
1.364000000000000101e+00,-1.967379488299319235e+01
1.363599999999999923e+00,-1.969201895245286238e+01
1.362999999999999989e+00,-1.972867464744105703e+01
1.362300000000000066e+00,-1.963850722374871438e+01
1.361599999999999921e+00,-1.954470179039800115e+01
1.360999999999999988e+00,-1.951662394059361461e+01
1.360300000000000065e+00,-1.954902364799454162e+01
1.360000000000000098e+00,-1.963339382486072182e+01
1.359399999999999942e+00,-1.956085352487514584e+01
1.358800000000000008e+00,-1.963530280013666385e+01
1.358200000000000074e+00,-1.943600279060916947e+01
1.357900000000000107e+00,-1.932981672477171387e+01
1.357199999999999962e+00,-1.948785366959956988e+01
1.356600000000000028e+00,-1.943084134850350964e+01
1.356000000000000094e+00,-1.958293625328620280e+01
1.355299999999999949e+00,-1.957650151763979807e+01
1.354600000000000026e+00,-1.952826789854153944e+01
1.353799999999999892e+00,-1.948055191697281785e+01
1.353099999999999969e+00,-1.960436908804369693e+01
1.352800000000000002e+00,-1.954339380028282491e+01
1.352100000000000080e+00,-1.954763770684302671e+01
1.351399999999999935e+00,-1.954864372657009852e+01
1.351099999999999968e+00,-1.947567446157578530e+01
1.350100000000000078e+00,-1.964378716396266356e+01
1.349800000000000111e+00,-1.949250444093575751e+01
1.349099999999999966e+00,-1.950359559516751062e+01
1.348799999999999999e+00,-1.950622553820958771e+01
1.348100000000000076e+00,-1.959471290591896775e+01
1.347499999999999920e+00,-1.959947406161696293e+01
1.346799999999999997e+00,-1.957510939055561749e+01
1.346400000000000041e+00,-1.968321573475300568e+01
1.345800000000000107e+00,-1.953044459903734165e+01
1.345099999999999962e+00,-1.961066257762230691e+01
1.344500000000000028e+00,-1.961915003919839862e+01
1.343900000000000095e+00,-1.967856914687959602e+01
1.343199999999999950e+00,-1.964009735889084851e+01
1.342600000000000016e+00,-1.970824412135694814e+01
1.341900000000000093e+00,-1.956566477786447322e+01
1.341199999999999948e+00,-1.961986238081629708e+01
1.340600000000000014e+00,-1.962623181349593438e+01
1.339499999999999913e+00,-1.951137986068293273e+01
1.338600000000000012e+00,-1.959065646793388993e+01
1.338200000000000056e+00,-1.961537357326520237e+01
1.337599999999999900e+00,-1.956992069126169653e+01
1.336999999999999966e+00,-1.949363132571074786e+01
1.336699999999999999e+00,-1.944963640928224535e+01
1.335700000000000109e+00,-1.951563761796752416e+01
1.335399999999999920e+00,-1.963241868839391913e+01
1.334699999999999998e+00,-1.946374414669828568e+01
1.334000000000000075e+00,-1.952694145842589180e+01
1.332999999999999963e+00,-1.950041217852358955e+01
1.332000000000000073e+00,-1.956495498150571777e+01
1.331399999999999917e+00,-1.951026717800109012e+01
1.330799999999999983e+00,-1.956812468075289146e+01
1.330200000000000049e+00,-1.955405325321357068e+01
1.329399999999999915e+00,-1.950908264275403070e+01
1.329099999999999948e+00,-1.955433562900359590e+01
1.328100000000000058e+00,-1.952709268638235329e+01
1.327299999999999924e+00,-1.953375943794608816e+01
1.326300000000000034e+00,-1.944918758267867176e+01
1.325599999999999890e+00,-1.958310223433368691e+01
1.324600000000000000e+00,-1.964246557926620795e+01
1.324000000000000066e+00,-1.959257172235639644e+01
1.322999999999999954e+00,-1.950031393981570815e+01
1.322000000000000064e+00,-1.945549315810314894e+01
1.321700000000000097e+00,-1.950560140698206979e+01
1.321099999999999941e+00,-1.961256807056074436e+01
1.320799999999999974e+00,-1.954318351298049805e+01
1.319800000000000084e+00,-1.952981538506223558e+01
1.319099999999999939e+00,-1.955168079814800919e+01
1.318500000000000005e+00,-1.947109772382459170e+01
1.317800000000000082e+00,-1.954842060925563274e+01
1.316799999999999971e+00,-1.953994365409715073e+01
1.316100000000000048e+00,-1.947428059686316004e+01
1.315399999999999903e+00,-1.948468130323465530e+01
1.314500000000000002e+00,-1.933874661882023460e+01
1.313800000000000079e+00,-1.964725404515234430e+01
1.313299999999999912e+00,-1.943631895781694752e+01
1.312599999999999989e+00,-1.943636675712685857e+01
1.312000000000000055e+00,-1.940958891056008184e+01
1.310999999999999943e+00,-1.975777426650648749e+01
1.310400000000000009e+00,-1.964601062281277066e+01
1.309399999999999897e+00,-1.941598302958253086e+01
1.308999999999999941e+00,-1.939395892240850827e+01
1.308300000000000018e+00,-1.926222215628600054e+01
1.307299999999999907e+00,-1.939059013533967146e+01
1.306999999999999940e+00,-1.943529345000590070e+01
1.306000000000000050e+00,-1.942629356775915639e+01
1.305700000000000083e+00,-1.947565399645903383e+01
1.304699999999999971e+00,-1.945920233963555290e+01
1.304000000000000048e+00,-1.939168493805811977e+01
1.303700000000000081e+00,-1.945386865425608391e+01
1.302999999999999936e+00,-1.943564180914439632e+01
1.302400000000000002e+00,-1.937644477943267063e+01
1.302000000000000046e+00,-1.939819355348927843e+01
1.301399999999999890e+00,-1.926121550416418415e+01
1.300400000000000000e+00,-1.936808528371766513e+01
1.299700000000000077e+00,-1.941962484157911817e+01
1.299400000000000110e+00,-1.944229153506074681e+01
1.298699999999999966e+00,-1.937620457222238457e+01
1.298399999999999999e+00,-1.937996709687507391e+01
1.297800000000000065e+00,-1.947411420842159302e+01
1.297099999999999920e+00,-1.949494716994978560e+01
1.296799999999999953e+00,-1.933025131949754538e+01
1.296200000000000019e+00,-1.929861780570621832e+01
1.295600000000000085e+00,-1.938816258585610797e+01
1.294899999999999940e+00,-1.934563817705967281e+01
1.294200000000000017e+00,-1.943308215509084036e+01
1.293600000000000083e+00,-1.937712659005981308e+01
1.292899999999999938e+00,-1.936586765451950498e+01
1.292499999999999982e+00,-1.945194580062151957e+01
1.291900000000000048e+00,-1.943697571998659512e+01
1.291199999999999903e+00,-1.934108491277609332e+01
1.290599999999999969e+00,-1.940459865011363050e+01
1.290000000000000036e+00,-1.949697753960612800e+01
1.289600000000000080e+00,-1.943786843470497772e+01
1.288899999999999935e+00,-1.947948971344039748e+01
1.288599999999999968e+00,-1.951393845519375958e+01
1.287600000000000078e+00,-1.959665095406584712e+01
1.286999999999999922e+00,-1.941908469492203082e+01
1.286299999999999999e+00,-1.939442545496345716e+01
1.285500000000000087e+00,-1.925853174328398865e+01
1.284799999999999942e+00,-1.938103495911450835e+01
1.284200000000000008e+00,-1.929722836252747697e+01
1.283500000000000085e+00,-1.943115509348731962e+01
1.283199999999999896e+00,-1.935467627617722997e+01
1.282599999999999962e+00,-1.941135977697669546e+01
1.282000000000000028e+00,-1.939851728140580178e+01
1.281400000000000095e+00,-1.927941850248856426e+01
1.280699999999999950e+00,-1.929352472161095378e+01
1.280000000000000027e+00,-1.917139365713825683e+01
1.279400000000000093e+00,-1.925043163476984986e+01
1.278999999999999915e+00,-1.928978832167020485e+01
1.278000000000000025e+00,-1.957619254168360712e+01
1.277700000000000058e+00,-1.941836682620348142e+01
1.276999999999999913e+00,-1.936173296331021731e+01
1.276699999999999946e+00,-1.919254063934483057e+01
1.276000000000000023e+00,-1.929505601535874604e+01
1.275400000000000089e+00,-1.923928284625784713e+01
1.274899999999999922e+00,-1.924330738957693754e+01
1.274199999999999999e+00,-1.929549999008864347e+01
1.273800000000000043e+00,-1.929584776267090263e+01
1.273200000000000109e+00,-1.935429814920045288e+01
1.272399999999999975e+00,-1.915360476146153346e+01
1.272100000000000009e+00,-1.924133216837740079e+01
1.271200000000000108e+00,-1.909191173451322143e+01
1.270499999999999963e+00,-1.921198483090438103e+01
1.270100000000000007e+00,-1.935128030671681643e+01
1.269500000000000073e+00,-1.933074411268462001e+01
1.268799999999999928e+00,-1.940332386790848673e+01
1.268100000000000005e+00,-1.923673652254086619e+01
1.267800000000000038e+00,-1.921935970316109987e+01
1.266899999999999915e+00,-1.922268007666086120e+01
1.266299999999999981e+00,-1.931496771957275271e+01
1.265600000000000058e+00,-1.924225468499353653e+01
1.264999999999999902e+00,-1.912710690904536293e+01
1.264699999999999935e+00,-1.920527347838612187e+01
1.264000000000000012e+00,-1.917650152708375444e+01
1.263700000000000045e+00,-1.924305551236444956e+01
1.262999999999999901e+00,-1.928585547384753696e+01
1.262699999999999934e+00,-1.913054661249772792e+01
1.262000000000000011e+00,-1.910895848869333591e+01
1.261300000000000088e+00,-1.936678747556696223e+01
1.260699999999999932e+00,-1.918763600156384896e+01
1.260000000000000009e+00,-1.915160696645285654e+01
1.259400000000000075e+00,-1.912678317593412558e+01
1.258699999999999930e+00,-1.917796310910938828e+01
1.257600000000000051e+00,-1.910860483727641679e+01
1.256899999999999906e+00,-1.893262210439219473e+01
1.256299999999999972e+00,-1.912170043016896770e+01
1.255900000000000016e+00,-1.912758034974077859e+01
1.255300000000000082e+00,-1.893423123867513524e+01
1.254799999999999915e+00,-1.906655725710977478e+01
1.254199999999999982e+00,-1.908981231443750204e+01
1.253800000000000026e+00,-1.915120238692126264e+01
1.253300000000000081e+00,-1.920913921925381374e+01
1.252599999999999936e+00,-1.912551689600200078e+01
1.252199999999999980e+00,-1.907690304893674593e+01
1.251200000000000090e+00,-1.899888764017891063e+01
1.250899999999999901e+00,-1.904987094263881886e+01
1.250099999999999989e+00,-1.901583662212175696e+01
1.249500000000000055e+00,-1.898908782695021102e+01
1.249100000000000099e+00,-1.898840553860850022e+01
1.248499999999999943e+00,-1.902324147968307955e+01
1.247900000000000009e+00,-1.899065525518750164e+01
1.246899999999999897e+00,-1.900138085707816771e+01
1.246599999999999930e+00,-1.893807113732609082e+01
1.245900000000000007e+00,-1.902409702904377653e+01
1.245200000000000085e+00,-1.903790718362670376e+01
1.244799999999999907e+00,-1.903683938163968037e+01
1.244199999999999973e+00,-1.903546218703037241e+01
1.243800000000000017e+00,-1.898858757639681727e+01
1.243200000000000083e+00,-1.902869348640009051e+01
1.242599999999999927e+00,-1.913779270041587210e+01
1.241900000000000004e+00,-1.903894370485683396e+01
1.241600000000000037e+00,-1.915742112664946717e+01
1.241000000000000103e+00,-1.907764833136869598e+01
1.240299999999999958e+00,-1.900617749798043477e+01
1.239600000000000035e+00,-1.902764838272209857e+01
1.239300000000000068e+00,-1.905537015050914107e+01
1.238599999999999923e+00,-1.890886858453740160e+01
1.238299999999999956e+00,-1.879523049007278246e+01
1.237700000000000022e+00,-1.892580390157275971e+01
1.237100000000000088e+00,-1.886447958288533044e+01
1.236399999999999944e+00,-1.887914716379706448e+01
1.235800000000000010e+00,-1.897418734609643565e+01
1.235100000000000087e+00,-1.896547182398487053e+01
1.234799999999999898e+00,-1.895742933704855204e+01
1.233999999999999986e+00,-1.900551411862126372e+01
1.233400000000000052e+00,-1.898509117129231427e+01
1.233000000000000096e+00,-1.902000658599179417e+01
1.232399999999999940e+00,-1.888726834283682265e+01
1.232099999999999973e+00,-1.881093011020474748e+01
1.231400000000000050e+00,-1.885713762687377582e+01
1.230699999999999905e+00,-1.888441472476789684e+01
1.230399999999999938e+00,-1.890028965582423126e+01
1.229700000000000015e+00,-1.897800863953835560e+01
1.228799999999999892e+00,-1.908289408902499318e+01
1.228199999999999958e+00,-1.885618119333767240e+01
1.227500000000000036e+00,-1.899031123185424264e+01
1.226799999999999891e+00,-1.899202971096395132e+01
1.226099999999999968e+00,-1.894918289223976871e+01
1.225800000000000001e+00,-1.881631186310128712e+01
1.225100000000000078e+00,-1.892959439765530760e+01
1.224800000000000111e+00,-1.884480726884836344e+01
1.224199999999999955e+00,-1.891203625065977434e+01
1.223200000000000065e+00,-1.900923703947159638e+01
1.222499999999999920e+00,-1.891368822251630633e+01
1.221899999999999986e+00,-1.894128500921684477e+01
1.221000000000000085e+00,-1.886665073591109731e+01
1.220299999999999940e+00,-1.892547181167351411e+01
1.219700000000000006e+00,-1.893381752453787925e+01
1.219000000000000083e+00,-1.892176049470926102e+01
1.218399999999999928e+00,-1.888718405840599956e+01
1.217700000000000005e+00,-1.881041507997473872e+01
1.217000000000000082e+00,-1.891440154853738775e+01
1.216699999999999893e+00,-1.897230561477029553e+01
1.215700000000000003e+00,-1.894323090637023910e+01
1.214599999999999902e+00,-1.887905939407666622e+01
1.213700000000000001e+00,-1.882586863264064903e+01
1.213100000000000067e+00,-1.875582611482202466e+01
1.212699999999999889e+00,-1.881013662348085091e+01
1.212099999999999955e+00,-1.883418537461647801e+01
1.211699999999999999e+00,-1.887886261461414961e+01
1.211000000000000076e+00,-1.885041146603236939e+01
1.210299999999999931e+00,-1.889407652535283688e+01
1.209999999999999964e+00,-1.886663038017368876e+01
1.209400000000000031e+00,-1.875759530214097737e+01
1.208700000000000108e+00,-1.874457401049101435e+01
1.208099999999999952e+00,-1.873346342802038222e+01
1.207500000000000018e+00,-1.876075636645744282e+01
1.206499999999999906e+00,-1.873870748435547640e+01
1.205899999999999972e+00,-1.888362832796032720e+01
1.205500000000000016e+00,-1.875807315622436278e+01
1.204800000000000093e+00,-1.885357931636000117e+01
1.204099999999999948e+00,-1.881145072168454391e+01
1.203500000000000014e+00,-1.873796619984253553e+01
1.203200000000000047e+00,-1.864518189544942928e+01
1.202199999999999935e+00,-1.873285788374593608e+01
1.201899999999999968e+00,-1.870886584023328325e+01
1.200900000000000079e+00,-1.877189422880079661e+01
1.200599999999999890e+00,-1.872656135395523336e+01
1.199600000000000000e+00,-1.873872112561868164e+01
1.199300000000000033e+00,-1.871343601512380772e+01
1.198700000000000099e+00,-1.867163402403722827e+01
1.198299999999999921e+00,-1.870333315723681622e+01
1.197699999999999987e+00,-1.872272571694410104e+01
1.197400000000000020e+00,-1.867288636508632038e+01
1.196700000000000097e+00,-1.868406559409341128e+01
1.196399999999999908e+00,-1.875338366470703377e+01
1.195300000000000029e+00,-1.872353612930388778e+01
1.194700000000000095e+00,-1.871942917821634467e+01
1.193799999999999972e+00,-1.878414323790720175e+01
1.193500000000000005e+00,-1.869003225386722633e+01
1.192499999999999893e+00,-1.868761329421337436e+01
1.192099999999999937e+00,-1.868275136147692805e+01
1.191100000000000048e+00,-1.872893438992174708e+01
1.190800000000000081e+00,-1.885275009190804951e+01
1.190099999999999936e+00,-1.870386412537771292e+01
1.189699999999999980e+00,-1.861065060473308819e+01
1.189100000000000046e+00,-1.856553357992883946e+01
1.188399999999999901e+00,-1.856856247086369294e+01
1.188199999999999923e+00,-1.858945476475538428e+01
1.187599999999999989e+00,-1.870226862141812063e+01
1.187200000000000033e+00,-1.865401134810906569e+01
1.186500000000000110e+00,-1.860203369188307931e+01
1.185799999999999965e+00,-1.862981644514174207e+01
1.185499999999999998e+00,-1.858259459091423693e+01
1.184600000000000097e+00,-1.857650306839988019e+01
1.183999999999999941e+00,-1.853859945194890457e+01
1.183599999999999985e+00,-1.852309541702833684e+01
1.182900000000000063e+00,-1.861619176668338227e+01
1.182600000000000096e+00,-1.851801508930281770e+01
1.181599999999999984e+00,-1.867334009798332417e+01
1.181300000000000017e+00,-1.871769592790666081e+01
1.180900000000000061e+00,-1.871244884074848969e+01
1.180299999999999905e+00,-1.861214676149988279e+01
1.179999999999999938e+00,-1.863961402742689089e+01
1.179300000000000015e+00,-1.865964332245315660e+01
1.179000000000000048e+00,-1.861053206663317994e+01
1.178299999999999903e+00,-1.864127625885803496e+01
1.177999999999999936e+00,-1.856829651947673909e+01
1.177300000000000013e+00,-1.863360840827846232e+01
1.177000000000000046e+00,-1.861198870981954556e+01
1.176399999999999890e+00,-1.853256377076558437e+01
1.175999999999999934e+00,-1.860478455023286770e+01
1.175300000000000011e+00,-1.856282775259451157e+01
1.175000000000000044e+00,-1.852906444914518147e+01
1.174400000000000110e+00,-1.854931621546318610e+01
1.173999999999999932e+00,-1.852805559732686191e+01
1.173399999999999999e+00,-1.851973397550962375e+01
1.173100000000000032e+00,-1.851765522244393480e+01
1.172400000000000109e+00,-1.858191505339804905e+01
1.171999999999999931e+00,-1.854735282332212876e+01
1.171399999999999997e+00,-1.851518662882648059e+01
1.171000000000000041e+00,-1.855499217620843311e+01
1.170400000000000107e+00,-1.857018877435296389e+01
1.169799999999999951e+00,-1.849772530161351725e+01
1.169100000000000028e+00,-1.857369122714889542e+01
1.168400000000000105e+00,-1.857034640022157390e+01
1.167999999999999927e+00,-1.841792991604156526e+01
1.167399999999999993e+00,-1.852619161416746252e+01
1.167100000000000026e+00,-1.848769475773946525e+01
1.166400000000000103e+00,-1.854372682845517772e+01
1.166099999999999914e+00,-1.847685658074079385e+01
1.165499999999999980e+00,-1.849856541977727176e+01
1.164500000000000091e+00,-1.849392790145383358e+01
1.164199999999999902e+00,-1.847715562264011169e+01
1.163499999999999979e+00,-1.847853949128079876e+01
1.163200000000000012e+00,-1.849631786690602553e+01
1.162600000000000078e+00,-1.839764276832392653e+01
1.162199999999999900e+00,-1.840657113289694280e+01
1.161599999999999966e+00,-1.839744890891926943e+01
1.161200000000000010e+00,-1.838873370857332290e+01
1.160600000000000076e+00,-1.844138067102919010e+01
1.159899999999999931e+00,-1.845441172923460016e+01
1.159599999999999964e+00,-1.842344912113425792e+01
1.158900000000000041e+00,-1.850025422661981622e+01
1.158199999999999896e+00,-1.833955937757155041e+01
1.157899999999999929e+00,-1.831387753850446032e+01
1.157200000000000006e+00,-1.842083552493160070e+01
1.156900000000000039e+00,-1.840937043645100601e+01
1.156199999999999894e+00,-1.842914719045202787e+01
1.155899999999999928e+00,-1.832083991156942915e+01
1.155200000000000005e+00,-1.825271001037057417e+01
1.154900000000000038e+00,-1.825096181418302166e+01
1.154300000000000104e+00,-1.847129326899583290e+01
1.153999999999999915e+00,-1.853844422467845732e+01
1.153599999999999959e+00,-1.863200204726116738e+01
1.153000000000000025e+00,-1.849627467303280781e+01
1.152300000000000102e+00,-1.846873735290820306e+01
1.151999999999999913e+00,-1.841979043826361462e+01
1.151200000000000001e+00,-1.836397125942225372e+01
1.150900000000000034e+00,-1.820480117633721662e+01
1.150199999999999889e+00,-1.822942999602636149e+01
1.149899999999999922e+00,-1.831116447138037273e+01
1.149199999999999999e+00,-1.819359764864752549e+01
1.148900000000000032e+00,-1.819498653553037215e+01
1.148300000000000098e+00,-1.806407799898011746e+01
1.147599999999999953e+00,-1.822276372858474502e+01
1.147299999999999986e+00,-1.822409575953391325e+01
1.146600000000000064e+00,-1.829349861465073701e+01
1.145999999999999908e+00,-1.834541174762045301e+01
1.145599999999999952e+00,-1.836686577213882998e+01
1.145000000000000018e+00,-1.826976689005346799e+01
1.144700000000000051e+00,-1.859828963539636248e+01
1.144099999999999895e+00,-1.845594390293909015e+01
1.143499999999999961e+00,-1.819050204905229151e+01
1.143100000000000005e+00,-1.817287487443789118e+01
1.142500000000000071e+00,-1.818925675329697356e+01
1.142099999999999893e+00,-1.857823648450515108e+01
1.141399999999999970e+00,-1.845760360992829519e+01
1.141000000000000014e+00,-1.835542244966806180e+01
1.140700000000000047e+00,-1.828187476821648261e+01
1.139999999999999902e+00,-1.818789983779800323e+01
1.139699999999999935e+00,-1.819180701670116207e+01
1.139000000000000012e+00,-1.825798541765224670e+01
1.138700000000000045e+00,-1.825933736776955385e+01
1.137999999999999901e+00,-1.823594486359096578e+01
1.137699999999999934e+00,-1.821693811281006958e+01
1.137000000000000011e+00,-1.830093007761431778e+01
1.136700000000000044e+00,-1.823028547203791661e+01
1.136100000000000110e+00,-1.824851867842577846e+01
1.135699999999999932e+00,-1.809460100869438293e+01
1.135399999999999965e+00,-1.821636877355247108e+01
1.134800000000000031e+00,-1.822088551499965092e+01
1.134400000000000075e+00,-1.802564278086463290e+01
1.133799999999999919e+00,-1.806498045910523942e+01
1.133499999999999952e+00,-1.816897095207959012e+01
1.132800000000000029e+00,-1.811653388525454744e+01
1.132200000000000095e+00,-1.823954075911172268e+01
1.131499999999999950e+00,-1.811707670010620674e+01
1.131099999999999994e+00,-1.814789124234463813e+01
1.130500000000000060e+00,-1.819230489175311050e+01
1.130100000000000104e+00,-1.833275568211833928e+01
1.129499999999999948e+00,-1.816375222644765586e+01
1.129199999999999982e+00,-1.814243045447378577e+01
1.128600000000000048e+00,-1.808189902170785857e+01
1.127999999999999892e+00,-1.806826963588635238e+01
1.127299999999999969e+00,-1.801431265033397011e+01
1.127000000000000002e+00,-1.807926500369001133e+01
1.126600000000000046e+00,-1.805992933962222935e+01
1.125999999999999890e+00,-1.811373373414035726e+01
1.125699999999999923e+00,-1.810063778961597336e+01
1.125000000000000000e+00,-1.814832365843923512e+01
1.124600000000000044e+00,-1.815321621736129387e+01
1.124300000000000077e+00,-1.801120141639239947e+01
1.123299999999999965e+00,-1.797391805034575896e+01
1.122999999999999998e+00,-1.808277793448947790e+01
1.122300000000000075e+00,-1.814982434700908698e+01
1.121699999999999919e+00,-1.805275624495276787e+01
1.121099999999999985e+00,-1.812048497229152133e+01
1.120500000000000052e+00,-1.808646827897797849e+01
1.120100000000000096e+00,-1.802301985242838001e+01
1.119499999999999940e+00,-1.803153171481318751e+01
1.119199999999999973e+00,-1.796694877949653701e+01
1.118500000000000050e+00,-1.804873168488969526e+01
1.117899999999999894e+00,-1.806206099818491495e+01
1.117199999999999971e+00,-1.806396709871779294e+01
1.116800000000000015e+00,-1.812565253657563957e+01
1.115799999999999903e+00,-1.807785132843320497e+01
1.115499999999999936e+00,-1.799977110687441240e+01
1.114800000000000013e+00,-1.810616382035669858e+01
1.114100000000000090e+00,-1.788635002587793110e+01
1.113399999999999945e+00,-1.811093917322122593e+01
1.113099999999999978e+00,-1.811132149320600959e+01
1.112500000000000044e+00,-1.815128627134033223e+01
1.111900000000000110e+00,-1.809532896308134298e+01
1.111299999999999955e+00,-1.802780817335564123e+01
1.110899999999999999e+00,-1.804418853864854100e+01
1.110600000000000032e+00,-1.807358036499126897e+01
1.109900000000000109e+00,-1.797932018518122987e+01
1.109199999999999964e+00,-1.802593776070492382e+01
1.108200000000000074e+00,-1.801221147579553161e+01
1.107900000000000107e+00,-1.805209652087271621e+01
1.107199999999999962e+00,-1.810539962194546248e+01
1.106600000000000028e+00,-1.807556850077886779e+01
1.105900000000000105e+00,-1.820127609592110574e+01
1.105599999999999916e+00,-1.811459178280303206e+01
1.104600000000000026e+00,-1.813675700083009801e+01
1.104000000000000092e+00,-1.793126576435048136e+01
1.103599999999999914e+00,-1.797054588710527412e+01
1.102999999999999980e+00,-1.787733368573355719e+01
1.102400000000000047e+00,-1.793900052400182332e+01
1.102000000000000091e+00,-1.799945881869654229e+01
1.101399999999999935e+00,-1.798951210369246212e+01
1.100800000000000001e+00,-1.809233735116742281e+01
1.100200000000000067e+00,-1.799563658840819258e+01
1.099499999999999922e+00,-1.798818143726350982e+01
1.098799999999999999e+00,-1.796940482366353820e+01
1.098500000000000032e+00,-1.793188780447102104e+01
1.097900000000000098e+00,-1.805359678491037201e+01
1.097499999999999920e+00,-1.806896137007693781e+01
1.096799999999999997e+00,-1.807366974197581300e+01
1.096200000000000063e+00,-1.811731457402746415e+01
1.095900000000000096e+00,-1.792897727826044019e+01
1.095199999999999951e+00,-1.804057141984345591e+01
1.094600000000000017e+00,-1.799242533175836201e+01
1.093599999999999905e+00,-1.795108543533301670e+01
1.092899999999999983e+00,-1.797914580216270153e+01
1.092600000000000016e+00,-1.804998119995966732e+01
1.092300000000000049e+00,-1.798574954636270107e+01
1.091699999999999893e+00,-1.794795570978493870e+01
1.091399999999999926e+00,-1.796196003509709627e+01
1.090700000000000003e+00,-1.792409162774087505e+01
1.090400000000000036e+00,-1.788816839095657940e+01
1.089499999999999913e+00,-1.787848418663114458e+01
1.088700000000000001e+00,-1.793913747490166344e+01
1.088100000000000067e+00,-1.776959540627344936e+01
1.087399999999999922e+00,-1.774631825456150125e+01
1.086699999999999999e+00,-1.791459482520362556e+01
1.086400000000000032e+00,-1.806393004632981558e+01
1.085800000000000098e+00,-1.810487723917144365e+01
1.085099999999999953e+00,-1.791153881665974623e+01
1.084799999999999986e+00,-1.791074658287613630e+01
1.084300000000000042e+00,-1.772192337323322775e+01
1.083599999999999897e+00,-1.779606757308562592e+01
1.083299999999999930e+00,-1.774013202455954286e+01
1.082699999999999996e+00,-1.787070754277857176e+01
1.082100000000000062e+00,-1.784044550582897415e+01
1.081700000000000106e+00,-1.794938907526003291e+01
1.081099999999999950e+00,-1.794531034737907405e+01
1.080400000000000027e+00,-1.792433984676667791e+01
1.079599999999999893e+00,-1.788426860361248316e+01
1.078999999999999959e+00,-1.791015741915095205e+01
1.078600000000000003e+00,-1.787412995178337738e+01
1.078300000000000036e+00,-1.773437018570194823e+01
1.077700000000000102e+00,-1.782826035363355999e+01
1.077399999999999913e+00,-1.791669949473073942e+01
1.076699999999999990e+00,-1.784495717025158612e+01
1.076100000000000056e+00,-1.775764213689063808e+01
1.075800000000000090e+00,-1.776280262783249952e+01
1.075099999999999945e+00,-1.779401023001550186e+01
1.074799999999999978e+00,-1.777667039716659048e+01
1.074200000000000044e+00,-1.767698921459849259e+01
1.073299999999999921e+00,-1.780902566996577363e+01
1.072899999999999965e+00,-1.781198793234447919e+01
1.072300000000000031e+00,-1.779713550900396868e+01
1.071600000000000108e+00,-1.776830337673852611e+01
1.070999999999999952e+00,-1.763504286169149893e+01
1.070699999999999985e+00,-1.766205950821785819e+01
1.070100000000000051e+00,-1.784650765519826976e+01
1.069399999999999906e+00,-1.769877624724636078e+01
1.069099999999999939e+00,-1.777398461478311731e+01
1.068400000000000016e+00,-1.781061099514306889e+01
1.067700000000000093e+00,-1.772447301564804434e+01
1.067099999999999937e+00,-1.778006115499240636e+01
1.066699999999999982e+00,-1.769186295142114673e+01
1.066100000000000048e+00,-1.767191365378093693e+01
1.065399999999999903e+00,-1.767185136988839744e+01
1.064799999999999969e+00,-1.778780469017734944e+01
1.064500000000000002e+00,-1.770260178167908549e+01
1.063800000000000079e+00,-1.771790845665173819e+01
1.063199999999999923e+00,-1.780728349918157605e+01
1.062599999999999989e+00,-1.783212463453047647e+01
1.062200000000000033e+00,-1.782052332264926520e+01
1.061600000000000099e+00,-1.764909092344070274e+01
1.060999999999999943e+00,-1.771839872213454825e+01
1.060300000000000020e+00,-1.766877675241189394e+01
1.059900000000000064e+00,-1.761809658451431915e+01
1.059199999999999919e+00,-1.765377285878047076e+01
1.058899999999999952e+00,-1.756514724032265207e+01
1.058200000000000029e+00,-1.772673815014589493e+01
1.057900000000000063e+00,-1.770891411673834170e+01
1.057299999999999907e+00,-1.758153899868164416e+01
1.056599999999999984e+00,-1.778957957515765642e+01
1.055900000000000061e+00,-1.777428843536448255e+01
1.055299999999999905e+00,-1.773037248556886780e+01
1.054999999999999938e+00,-1.781555610590743655e+01
1.054300000000000015e+00,-1.774302700031336855e+01
1.054000000000000048e+00,-1.777932811815414738e+01
1.053399999999999892e+00,-1.773244567542285921e+01
1.053099999999999925e+00,-1.770136403893658539e+01
1.052000000000000046e+00,-1.767168429853078138e+01
1.051299999999999901e+00,-1.763170773470042718e+01
1.050699999999999967e+00,-1.762664233463219787e+01
1.050400000000000000e+00,-1.758252255698597821e+01
1.049500000000000099e+00,-1.757772645312478232e+01
1.049099999999999921e+00,-1.761643194072397378e+01
1.048499999999999988e+00,-1.759934705537228794e+01
1.047700000000000076e+00,-1.763321345265057971e+01
1.047400000000000109e+00,-1.758574746609283679e+01
1.046799999999999953e+00,-1.752064334447434391e+01
1.046100000000000030e+00,-1.756471880617112902e+01
1.045400000000000107e+00,-1.767126015498289249e+01
1.045099999999999918e+00,-1.758425982502044249e+01
1.044399999999999995e+00,-1.762532806524096429e+01
1.043700000000000072e+00,-1.753003175028154814e+01
1.042699999999999960e+00,-1.762710023929005132e+01
1.042399999999999993e+00,-1.759222919333787516e+01
1.041800000000000059e+00,-1.744330423283256337e+01
1.041099999999999914e+00,-1.760152122502467620e+01
1.040799999999999947e+00,-1.764482832103415078e+01
1.039800000000000058e+00,-1.758602720817598097e+01
1.039500000000000091e+00,-1.763393410871500322e+01
1.038799999999999946e+00,-1.770493104012796337e+01
1.038100000000000023e+00,-1.774730986445439740e+01
1.037400000000000100e+00,-1.763074605866292899e+01
1.036799999999999944e+00,-1.760359434258996458e+01
1.036100000000000021e+00,-1.779607830528781776e+01
1.035700000000000065e+00,-1.770388876767723829e+01
1.034999999999999920e+00,-1.756803921187273687e+01
1.034399999999999986e+00,-1.756001394886130740e+01
1.033700000000000063e+00,-1.756891509609370416e+01
1.033400000000000096e+00,-1.754211043672572856e+01
1.032699999999999951e+00,-1.757839021713954253e+01
1.032000000000000028e+00,-1.763080941659328715e+01
1.031300000000000106e+00,-1.755423615605339904e+01
1.030699999999999950e+00,-1.751404860500490202e+01
1.030100000000000016e+00,-1.746310401200042861e+01
1.029800000000000049e+00,-1.754052129892815870e+01
1.029099999999999904e+00,-1.749044824789561403e+01
1.027700000000000058e+00,-1.753879513138817714e+01
1.027400000000000091e+00,-1.748666142925171130e+01
1.026299999999999990e+00,-1.754102829438410893e+01
1.026000000000000023e+00,-1.763630557766945728e+01
1.025400000000000089e+00,-1.760175314656168410e+01
1.024999999999999911e+00,-1.760009815266654343e+01
1.024299999999999988e+00,-1.753407325242066150e+01
1.023600000000000065e+00,-1.745874201230278544e+01
1.022599999999999953e+00,-1.742169324402999209e+01
1.022299999999999986e+00,-1.745043046083999272e+01
1.021600000000000064e+00,-1.752748975362688455e+01
1.021300000000000097e+00,-1.758954336754945302e+01
1.020599999999999952e+00,-1.749508298430919240e+01
1.019900000000000029e+00,-1.747590391087336315e+01
1.019500000000000073e+00,-1.743150778635502007e+01
1.018899999999999917e+00,-1.753947878760280332e+01
1.018199999999999994e+00,-1.752150381768595011e+01
1.017900000000000027e+00,-1.751807061857154224e+01
1.017200000000000104e+00,-1.747274589368541697e+01
1.016499999999999959e+00,-1.750171745712892601e+01
1.015900000000000025e+00,-1.752880884885758306e+01
1.015200000000000102e+00,-1.758412120686980273e+01
1.014499999999999957e+00,-1.752683828983381531e+01
1.013800000000000034e+00,-1.755094740040277657e+01
1.013200000000000101e+00,-1.754092303545961329e+01
1.012199999999999989e+00,-1.743919460427383683e+01
1.011900000000000022e+00,-1.750836474183692815e+01
1.011300000000000088e+00,-1.742631485649771861e+01
1.010499999999999954e+00,-1.736829394823596218e+01
1.009500000000000064e+00,-1.748600413610246207e+01
1.008799999999999919e+00,-1.745410136811988266e+01
1.008499999999999952e+00,-1.744602375488395296e+01
1.007800000000000029e+00,-1.740963805727203706e+01
1.007200000000000095e+00,-1.746176198894663045e+01
1.006499999999999950e+00,-1.730798176060388727e+01
1.006199999999999983e+00,-1.741027932468212924e+01
1.005200000000000093e+00,-1.740510783759200564e+01
1.004099999999999993e+00,-1.733349339239267195e+01
1.003500000000000059e+00,-1.731776919322832242e+01
1.002799999999999914e+00,-1.746915803670437484e+01
1.002199999999999980e+00,-1.744905213354975615e+01
1.001500000000000057e+00,-1.739140251021892780e+01
1.001200000000000090e+00,-1.723891604330932381e+01
1.000599999999999934e+00,-1.733799229396010233e+01
9.996000000000000441e-01,-1.741590038443667865e+01
9.989999999999999991e-01,-1.731603793101495725e+01
9.983999999999999542e-01,-1.729445395239198646e+01
9.977000000000000313e-01,-1.724681667527464413e+01
9.968000000000000194e-01,-1.726642032595857046e+01
9.961999999999999744e-01,-1.736460419680500777e+01
9.955000000000000515e-01,-1.735702532050893510e+01
9.946000000000000396e-01,-1.725543640934360567e+01
9.941999999999999726e-01,-1.741292310622946005e+01
9.931999999999999718e-01,-1.723356328299230356e+01
9.926000000000000378e-01,-1.740471546139449899e+01
9.919000000000000039e-01,-1.755681131571087761e+01
9.909000000000000030e-01,-1.732698643841321839e+01
9.906000000000000361e-01,-1.724670933953400009e+01
9.896000000000000352e-01,-1.729634661667978079e+01
9.891999999999999682e-01,-1.734650289813288637e+01
9.886000000000000343e-01,-1.728174421596938615e+01
9.879000000000000004e-01,-1.731639764746151755e+01
9.876000000000000334e-01,-1.728767134724024501e+01
9.868999999999999995e-01,-1.739416217468965442e+01
9.866000000000000325e-01,-1.737336678286375857e+01
9.859999999999999876e-01,-1.736949737222897028e+01
9.856000000000000316e-01,-1.735974381862452631e+01
9.849999999999999867e-01,-1.736614398091798250e+01
9.847000000000000197e-01,-1.721393046622840828e+01
9.839999999999999858e-01,-1.725006971784537768e+01
9.837000000000000188e-01,-1.719383270614846282e+01
9.829999999999999849e-01,-1.720695021675492598e+01
9.827000000000000179e-01,-1.719596695782645313e+01
9.820999999999999730e-01,-1.731654500194421331e+01
9.817000000000000171e-01,-1.726744435835581726e+01
9.814000000000000501e-01,-1.722610328785349054e+01
9.808000000000000052e-01,-1.715239117117710066e+01
9.805000000000000382e-01,-1.717855696458008197e+01
9.798000000000000043e-01,-1.720313262494324391e+01
9.794000000000000483e-01,-1.711256274510852649e+01
9.788000000000000034e-01,-1.709013127941518917e+01
9.780999999999999694e-01,-1.723817432464054988e+01
9.778000000000000025e-01,-1.712792871107014037e+01
9.771999999999999575e-01,-1.707299040152824432e+01
9.768999999999999906e-01,-1.710728128736620235e+01
9.761999999999999567e-01,-1.718387718843764134e+01
9.756000000000000227e-01,-1.713196009454224011e+01
9.751999999999999558e-01,-1.699587907486206717e+01
9.741999999999999549e-01,-1.720834786691988683e+01
9.738999999999999879e-01,-1.731038853585113202e+01
9.728999999999999870e-01,-1.714907320547543179e+01
9.726000000000000201e-01,-1.727543113897930738e+01
9.718999999999999861e-01,-1.711687306070507475e+01
9.716000000000000192e-01,-1.721279821855830860e+01
9.709999999999999742e-01,-1.723953551459617728e+01
9.706000000000000183e-01,-1.719766151157741874e+01
9.699999999999999734e-01,-1.719249845378734776e+01
9.697000000000000064e-01,-1.724558801994438895e+01
9.689999999999999725e-01,-1.722780129592479170e+01
9.687000000000000055e-01,-1.716552731638150675e+01
9.679999999999999716e-01,-1.725940624338947416e+01
9.677000000000000046e-01,-1.714173124282014626e+01
9.669999999999999707e-01,-1.722392599109705813e+01
9.667000000000000037e-01,-1.717992748428102345e+01
9.664000000000000368e-01,-1.717979441585686118e+01
9.657999999999999918e-01,-1.720113240151694356e+01
9.654000000000000359e-01,-1.703403348409134210e+01
9.647999999999999909e-01,-1.704664130390146326e+01
9.640999999999999570e-01,-1.708739644196658602e+01
9.637999999999999901e-01,-1.711258005351427869e+01
9.631999999999999451e-01,-1.708552893646660564e+01
9.625000000000000222e-01,-1.708910447515768638e+01
9.622000000000000552e-01,-1.709495776014468049e+01
9.615000000000000213e-01,-1.716695595253073137e+01
9.607999999999999874e-01,-1.712541421188844026e+01
9.600999999999999535e-01,-1.708208158624256967e+01
9.597999999999999865e-01,-1.704171133745822431e+01
9.590999999999999526e-01,-1.701206206726176262e+01
9.585000000000000187e-01,-1.707610301852668044e+01
9.578999999999999737e-01,-1.720532158363593211e+01
9.572000000000000508e-01,-1.715080238450109462e+01
9.569999999999999618e-01,-1.706692386029065744e+01
9.563000000000000389e-01,-1.713607877613107888e+01
9.559999999999999609e-01,-1.723450297878449078e+01
9.553000000000000380e-01,-1.712233323663305029e+01
9.549999999999999600e-01,-1.715054336282389613e+01
9.543000000000000371e-01,-1.708214629913733518e+01
9.536999999999999922e-01,-1.703216050682439686e+01
9.534000000000000252e-01,-1.706981249734304029e+01
9.526999999999999913e-01,-1.694830204757450076e+01
9.524000000000000243e-01,-1.718901954781736308e+01
9.517999999999999794e-01,-1.719328980478770319e+01
9.514000000000000234e-01,-1.714132794169778862e+01
9.507999999999999785e-01,-1.709267253898923045e+01
9.500999999999999446e-01,-1.698386168607667557e+01
9.495000000000000107e-01,-1.715596896461248733e+01
9.488999999999999657e-01,-1.709431144226187271e+01
9.482000000000000428e-01,-1.713661908224134933e+01
9.478999999999999648e-01,-1.712331668985676814e+01
9.473000000000000309e-01,-1.719603798252091309e+01
9.469999999999999529e-01,-1.709824310801317537e+01
9.463000000000000300e-01,-1.706220857153372350e+01
9.456999999999999851e-01,-1.709970332403089444e+01
9.453000000000000291e-01,-1.710564778825522581e+01
9.445999999999999952e-01,-1.716781716617791531e+01
9.443000000000000282e-01,-1.721729250490147578e+01
9.436999999999999833e-01,-1.708801093878043531e+01
9.434000000000000163e-01,-1.713365628081882974e+01
9.426999999999999824e-01,-1.701011472888744436e+01
9.424000000000000155e-01,-1.704188538640873674e+01
9.416999999999999815e-01,-1.710076017217374655e+01
9.414000000000000146e-01,-1.711801783220055384e+01
9.406999999999999806e-01,-1.698984445932466869e+01
9.404000000000000137e-01,-1.706170479302635812e+01
9.396999999999999797e-01,-1.700665969478626494e+01
9.394000000000000128e-01,-1.709666289192975341e+01
9.391000000000000458e-01,-1.703261260897308205e+01
9.385000000000000009e-01,-1.693135672712559270e+01
9.382000000000000339e-01,-1.686036181012522661e+01
9.375999999999999890e-01,-1.690841075332903287e+01
9.372000000000000330e-01,-1.696361644077694208e+01
9.365999999999999881e-01,-1.707427430447045325e+01
9.362000000000000322e-01,-1.707280001205877795e+01
9.355999999999999872e-01,-1.696253148250502107e+01
9.353000000000000203e-01,-1.696830950096714830e+01
9.348999999999999533e-01,-1.696209586918564582e+01
9.343000000000000194e-01,-1.700269283943468324e+01
9.338999999999999524e-01,-1.701387207317332084e+01
9.333000000000000185e-01,-1.708485365798147981e+01
9.330000000000000515e-01,-1.710533608377026127e+01
9.323000000000000176e-01,-1.696291295848386582e+01
9.320000000000000506e-01,-1.699570990720995667e+01
9.310000000000000497e-01,-1.701134911666311922e+01
9.305999999999999828e-01,-1.694782119605687143e+01
9.300000000000000488e-01,-1.697335550940983140e+01
9.296999999999999709e-01,-1.703796004273701570e+01
9.290000000000000480e-01,-1.707383717197523509e+01
9.285999999999999810e-01,-1.696955139274735913e+01
9.280000000000000471e-01,-1.697960506430538175e+01
9.276999999999999691e-01,-1.693753849219764973e+01
9.271000000000000352e-01,-1.691764516186782785e+01
9.267999999999999572e-01,-1.702104356921365280e+01
9.264999999999999902e-01,-1.698577130456414608e+01
9.257999999999999563e-01,-1.695898755546760128e+01
9.254999999999999893e-01,-1.690979510478949521e+01
9.247999999999999554e-01,-1.694470565419599950e+01
9.242000000000000215e-01,-1.695348013180403868e+01
9.237999999999999545e-01,-1.692861496496939466e+01
9.231000000000000316e-01,-1.682592639633264753e+01
9.227999999999999536e-01,-1.701250948283267661e+01
9.222000000000000197e-01,-1.707510638979939088e+01
9.217999999999999527e-01,-1.709232586802871623e+01
9.212000000000000188e-01,-1.700937210604384120e+01
9.209000000000000519e-01,-1.696196477086117582e+01
9.203000000000000069e-01,-1.697531238621938598e+01
9.200000000000000400e-01,-1.705076139360750176e+01
9.193000000000000060e-01,-1.698501919168401031e+01
9.185999999999999721e-01,-1.700344990280553148e+01
9.179000000000000492e-01,-1.700895326340757308e+01
9.175999999999999712e-01,-1.716326384618655254e+01
9.169000000000000483e-01,-1.707411553221417222e+01
9.163000000000000034e-01,-1.685336880151520234e+01
9.155999999999999694e-01,-1.686866780374555219e+01
9.149000000000000465e-01,-1.692660341198748597e+01
9.145999999999999686e-01,-1.703260766824600125e+01
9.140000000000000346e-01,-1.691497872384241319e+01
9.135999999999999677e-01,-1.690451968829826157e+01
9.125999999999999668e-01,-1.707696773740217466e+01
9.122999999999999998e-01,-1.682390862320524505e+01
9.116999999999999549e-01,-1.696066997713945668e+01
9.112999999999999989e-01,-1.697614887917605841e+01
9.109000000000000430e-01,-1.690589724133847582e+01
9.102999999999999980e-01,-1.686709477314758843e+01
9.100000000000000311e-01,-1.693111584777588163e+01
9.093999999999999861e-01,-1.681900922801786535e+01
9.086999999999999522e-01,-1.691644256388690692e+01
9.080000000000000293e-01,-1.693609827524405276e+01
9.076999999999999513e-01,-1.699582300983791683e+01
9.070000000000000284e-01,-1.695958395441007127e+01
9.066999999999999504e-01,-1.678869145042959943e+01
9.060000000000000275e-01,-1.694629716808984909e+01
9.052999999999999936e-01,-1.691558384220824607e+01
9.045999999999999597e-01,-1.679334901733987095e+01
9.042999999999999927e-01,-1.683235983721874618e+01
9.035999999999999588e-01,-1.678204747336004843e+01
9.029000000000000359e-01,-1.673788392921827750e+01
9.025999999999999579e-01,-1.673590773885423744e+01
9.019000000000000350e-01,-1.672661660881129819e+01
9.015999999999999570e-01,-1.684215059255516422e+01
9.010000000000000231e-01,-1.700203596469596690e+01
9.006999999999999451e-01,-1.682785487719610273e+01
9.000000000000000222e-01,-1.677155678069253142e+01
8.992999999999999883e-01,-1.683285059879161949e+01
8.990000000000000213e-01,-1.686423967590042139e+01
8.982999999999999874e-01,-1.689179498300785198e+01
8.975999999999999535e-01,-1.699550309860473263e+01
8.970000000000000195e-01,-1.690114403078632321e+01
8.962999999999999856e-01,-1.677243252597958190e+01
8.955999999999999517e-01,-1.687730072728573205e+01
8.952999999999999847e-01,-1.700082252326668453e+01
8.945999999999999508e-01,-1.687753623627868294e+01
8.939000000000000279e-01,-1.684104678156515789e+01
8.932999999999999829e-01,-1.689101633423487314e+01
8.925999999999999490e-01,-1.680741558172703876e+01
8.921999999999999931e-01,-1.676918140934742496e+01
8.915999999999999481e-01,-1.680055323427034963e+01
8.909000000000000252e-01,-1.677751065654129548e+01
8.905999999999999472e-01,-1.674978229845632782e+01
8.899000000000000243e-01,-1.690055439126482639e+01
8.891999999999999904e-01,-1.674500348771224267e+01
8.889000000000000234e-01,-1.682506883918019014e+01
8.881999999999999895e-01,-1.676622160890779156e+01
8.879000000000000226e-01,-1.668000885276608258e+01
8.871999999999999886e-01,-1.675439953537898674e+01
8.868000000000000327e-01,-1.683554000691620800e+01
8.860999999999999988e-01,-1.677954176613127402e+01
8.854999999999999538e-01,-1.693979159537285994e+01
8.851999999999999869e-01,-1.705527948390010806e+01
8.844999999999999529e-01,-1.685153240896554294e+01
8.841999999999999860e-01,-1.682925105253255893e+01
8.836000000000000520e-01,-1.679231154482850030e+01
8.829000000000000181e-01,-1.681338519977102308e+01
8.826000000000000512e-01,-1.671581603660612814e+01
8.818000000000000282e-01,-1.668497977300141599e+01
8.814999999999999503e-01,-1.677846074094983919e+01
8.804999999999999494e-01,-1.687587913574029841e+01
8.801999999999999824e-01,-1.684540697575939561e+01
8.794999999999999485e-01,-1.678639635927167717e+01
8.791999999999999815e-01,-1.680429880324876279e+01
8.784999999999999476e-01,-1.675156056910433477e+01
8.778000000000000247e-01,-1.670408530108861456e+01
8.770999999999999908e-01,-1.674837159643663043e+01
8.768000000000000238e-01,-1.666548131421547652e+01
8.761999999999999789e-01,-1.668536400456039814e+01
8.754999999999999449e-01,-1.672401943370229560e+01
8.751999999999999780e-01,-1.682110911152513211e+01
8.745000000000000551e-01,-1.666088028206306504e+01
8.738000000000000211e-01,-1.675676764382755835e+01
8.735000000000000542e-01,-1.676000187593096058e+01
8.728000000000000203e-01,-1.680220903803805754e+01
8.725000000000000533e-01,-1.678382877925562866e+01
8.719000000000000083e-01,-1.673106722873954055e+01
8.716000000000000414e-01,-1.662063704277218079e+01
8.709000000000000075e-01,-1.665932425849881682e+01
8.701999999999999735e-01,-1.663924539254211510e+01
8.699000000000000066e-01,-1.679202880773928896e+01
8.691999999999999726e-01,-1.678382150498598691e+01
8.686000000000000387e-01,-1.678566543977487413e+01
8.681999999999999718e-01,-1.677631120894510275e+01
8.676000000000000378e-01,-1.681549066236349077e+01
8.669000000000000039e-01,-1.678634713222632158e+01
8.662999999999999590e-01,-1.681737932599973817e+01
8.659000000000000030e-01,-1.675545584722184245e+01
8.651999999999999691e-01,-1.673159376576888135e+01
8.646000000000000352e-01,-1.670594193562959973e+01
8.641999999999999682e-01,-1.670315093770784998e+01
8.635000000000000453e-01,-1.667633701281662795e+01
8.631999999999999673e-01,-1.668556834836121894e+01
8.626000000000000334e-01,-1.672869511775065376e+01
8.621999999999999664e-01,-1.662201531481746031e+01
8.616000000000000325e-01,-1.663161258476340976e+01
8.608999999999999986e-01,-1.656857587137572452e+01
8.606000000000000316e-01,-1.657879115739722664e+01
8.598999999999999977e-01,-1.663058736581122687e+01
8.591999999999999638e-01,-1.660980499463794402e+01
8.586000000000000298e-01,-1.668731737547984295e+01
8.581999999999999629e-01,-1.674611150620291866e+01
8.575000000000000400e-01,-1.678554688968524999e+01
8.571999999999999620e-01,-1.674416130551716719e+01
8.565000000000000391e-01,-1.690941993445936120e+01
8.558999999999999941e-01,-1.681600242893948050e+01
8.556000000000000272e-01,-1.681835802472188846e+01
8.548999999999999932e-01,-1.668731641442855107e+01
8.542999999999999483e-01,-1.656795208719871937e+01
8.539999999999999813e-01,-1.649851244850154686e+01
8.532999999999999474e-01,-1.647724774574387041e+01
8.527000000000000135e-01,-1.655703989668398890e+01
8.522999999999999465e-01,-1.660009004356847129e+01
8.517000000000000126e-01,-1.661659557265285514e+01
8.512999999999999456e-01,-1.650180994879537622e+01
8.507000000000000117e-01,-1.656903307714766527e+01
8.499999999999999778e-01,-1.656524576402794935e+01
8.497000000000000108e-01,-1.668378213435656221e+01
8.489999999999999769e-01,-1.672285819078259195e+01
8.487000000000000099e-01,-1.663629508537566082e+01
8.479999999999999760e-01,-1.671606454969705169e+01
8.474000000000000421e-01,-1.665751166155041219e+01
8.470999999999999641e-01,-1.668587260118059845e+01
8.464000000000000412e-01,-1.669013112264783061e+01
8.460999999999999632e-01,-1.651153320997439522e+01
8.455000000000000293e-01,-1.669983873045640976e+01
8.447999999999999954e-01,-1.664258311597239270e+01
8.440999999999999615e-01,-1.660383543314151922e+01
8.437999999999999945e-01,-1.661846708671619410e+01
8.430999999999999606e-01,-1.671120924133483143e+01
8.427999999999999936e-01,-1.666663644335720562e+01
8.420999999999999597e-01,-1.671203496485850337e+01
8.415000000000000258e-01,-1.667558823995086925e+01
8.407999999999999918e-01,-1.660358271666885699e+01
8.401999999999999469e-01,-1.653151908203075493e+01
8.395000000000000240e-01,-1.657827064884508061e+01
8.387999999999999901e-01,-1.660461741151246429e+01
8.385000000000000231e-01,-1.655665699942946389e+01
8.378999999999999782e-01,-1.650735811399676933e+01
8.373000000000000442e-01,-1.653579488556274057e+01
8.369999999999999662e-01,-1.667847894596891578e+01
8.363000000000000433e-01,-1.663676498140139515e+01
8.359999999999999654e-01,-1.665636648593938673e+01
8.353000000000000425e-01,-1.651696851521300857e+01
8.349999999999999645e-01,-1.667318392062121646e+01
8.343000000000000416e-01,-1.661629617771822964e+01
8.336999999999999966e-01,-1.655744332038850075e+01
8.329999999999999627e-01,-1.657009871299996817e+01
8.326999999999999957e-01,-1.654340044697473999e+01
8.316999999999999948e-01,-1.674217795139664489e+01
8.314000000000000279e-01,-1.666106876654187374e+01
8.306999999999999940e-01,-1.659269893055700251e+01
8.299999999999999600e-01,-1.657861010174602612e+01
8.294000000000000261e-01,-1.657785198929109427e+01
8.286999999999999922e-01,-1.664432474054507693e+01
8.284000000000000252e-01,-1.663993799422324216e+01
8.277999999999999803e-01,-1.651581665916687314e+01
8.272000000000000464e-01,-1.654076696935586455e+01
8.265000000000000124e-01,-1.656670839204577916e+01
8.262000000000000455e-01,-1.662049118407102455e+01
8.255000000000000115e-01,-1.646046504893842055e+01
8.252000000000000446e-01,-1.651453871852163857e+01
8.245000000000000107e-01,-1.662602709030852211e+01
8.238999999999999657e-01,-1.659069362165343620e+01
8.233000000000000318e-01,-1.659099265338553764e+01
8.228999999999999648e-01,-1.661164363938932453e+01
8.223000000000000309e-01,-1.663061383963089312e+01
8.219999999999999529e-01,-1.654666336246574687e+01
8.213000000000000300e-01,-1.654303328459663192e+01
8.208999999999999631e-01,-1.656200101720984108e+01
8.203000000000000291e-01,-1.665746711248840128e+01
8.195999999999999952e-01,-1.659373347411944977e+01
8.193000000000000282e-01,-1.660451226291464977e+01
8.185999999999999943e-01,-1.651355087879478134e+01
8.183000000000000274e-01,-1.666121443614403574e+01
8.176999999999999824e-01,-1.649018897104106784e+01
8.171000000000000485e-01,-1.658206956556265510e+01
8.166999999999999815e-01,-1.652517984172402521e+01
8.157999999999999696e-01,-1.641219693290481629e+01
8.155000000000000027e-01,-1.659249984270194744e+01
8.147999999999999687e-01,-1.666408426178331581e+01
8.141000000000000458e-01,-1.659225030461565709e+01
8.134000000000000119e-01,-1.649709083097489781e+01
8.127999999999999670e-01,-1.644792372032418015e+01
8.124000000000000110e-01,-1.643468344731669006e+01
8.114999999999999991e-01,-1.644463233580724904e+01
8.111000000000000432e-01,-1.647276543235796353e+01
8.104999999999999982e-01,-1.639225203320278368e+01
8.097999999999999643e-01,-1.642687958790175884e+01
8.094999999999999973e-01,-1.653697021475339568e+01
8.087999999999999634e-01,-1.662417193717237751e+01
8.084999999999999964e-01,-1.658985145989843346e+01
8.082000000000000295e-01,-1.654485157901374848e+01
8.074999999999999956e-01,-1.649593570584280755e+01
8.072000000000000286e-01,-1.639624513780687209e+01
8.064999999999999947e-01,-1.649143830939996036e+01
8.058999999999999497e-01,-1.645124888146401432e+01
8.052000000000000268e-01,-1.651968171649965100e+01
8.048999999999999488e-01,-1.660589712477213098e+01
8.043000000000000149e-01,-1.655257350553444340e+01
8.035999999999999810e-01,-1.658841874942187644e+01
8.028999999999999471e-01,-1.662408615519918698e+01
8.025999999999999801e-01,-1.659462681833385389e+01
8.018999999999999462e-01,-1.654783958118252940e+01
8.014999999999999902e-01,-1.652747721414124271e+01
8.007999999999999563e-01,-1.652787696938022322e+01
8.002000000000000224e-01,-1.642720969928781827e+01
7.994999999999999885e-01,-1.653647109396676740e+01
7.985999999999999766e-01,-1.654030016942564529e+01
7.982000000000000206e-01,-1.645375444712113477e+01
7.974999999999999867e-01,-1.651276783113855018e+01
7.972000000000000197e-01,-1.641024424598718667e+01
7.969000000000000528e-01,-1.648828213802709541e+01
7.959000000000000519e-01,-1.637532532012802378e+01
7.955999999999999739e-01,-1.649926262651509390e+01
7.949000000000000510e-01,-1.659600311852043220e+01
7.943000000000000060e-01,-1.646620704000845237e+01
7.935999999999999721e-01,-1.642917463362276465e+01
7.930000000000000382e-01,-1.647510604842888782e+01
7.926999999999999602e-01,-1.641523982674518933e+01
7.916999999999999593e-01,-1.643824095030272048e+01
7.913999999999999924e-01,-1.648789851530860773e+01
7.906999999999999584e-01,-1.672594161522440714e+01
7.901000000000000245e-01,-1.657371858296502865e+01
7.896999999999999575e-01,-1.658065970238454057e+01
7.890000000000000346e-01,-1.656449099199010888e+01
7.886999999999999567e-01,-1.665631043225451791e+01
7.880000000000000338e-01,-1.663971840827191073e+01
7.876999999999999558e-01,-1.642586246994653720e+01
7.870000000000000329e-01,-1.634493851921008556e+01
7.863999999999999879e-01,-1.630119346566509009e+01
7.861000000000000210e-01,-1.637090448854076286e+01
7.853999999999999870e-01,-1.635241961143018585e+01
7.851000000000000201e-01,-1.645943951462036381e+01
7.848000000000000531e-01,-1.642517085982267844e+01
7.841000000000000192e-01,-1.667942590172421902e+01
7.834999999999999742e-01,-1.663280274647582146e+01
7.831000000000000183e-01,-1.652945244963689220e+01
7.823999999999999844e-01,-1.650838872172361960e+01
7.819000000000000394e-01,-1.665511666607373087e+01
7.812000000000000055e-01,-1.659217624783090983e+01
7.804999999999999716e-01,-1.654852309867140647e+01
7.802000000000000046e-01,-1.639889142409046485e+01
7.792000000000000037e-01,-1.636363847950386941e+01
7.790000000000000258e-01,-1.639470310114496954e+01
7.782999999999999918e-01,-1.632416286855417198e+01
7.775999999999999579e-01,-1.634502374891974696e+01
7.772999999999999909e-01,-1.633870304827544118e+01
7.766999999999999460e-01,-1.645079585013082024e+01
7.760000000000000231e-01,-1.659568714095097519e+01
7.758000000000000451e-01,-1.645798299851879776e+01
7.751000000000000112e-01,-1.642713972587446847e+01
7.743999999999999773e-01,-1.653101198867091881e+01
7.741000000000000103e-01,-1.653257476265518378e+01
7.733999999999999764e-01,-1.649254379238774959e+01
7.730000000000000204e-01,-1.658473942115178090e+01
7.723999999999999755e-01,-1.647715557307350664e+01
7.721000000000000085e-01,-1.642836083114414691e+01
7.713999999999999746e-01,-1.641150985668918949e+01
7.707000000000000517e-01,-1.646413984551032073e+01
7.703999999999999737e-01,-1.645813337859021530e+01
7.700000000000000178e-01,-1.645372735624246374e+01
7.691000000000000059e-01,-1.646837032220176056e+01
7.683999999999999719e-01,-1.633943048040872270e+01
7.678000000000000380e-01,-1.638848020958172569e+01
7.674999999999999600e-01,-1.649097623677032232e+01
7.669000000000000261e-01,-1.641510335669838128e+01
7.661999999999999922e-01,-1.638122563410388466e+01
7.659000000000000252e-01,-1.651690556879834659e+01
7.651999999999999913e-01,-1.656747874960650790e+01
7.644999999999999574e-01,-1.643625201722016982e+01
7.641999999999999904e-01,-1.642337386200086513e+01
7.634999999999999565e-01,-1.647737204708279535e+01
7.631999999999999895e-01,-1.642559419646767083e+01
7.624999999999999556e-01,-1.647243062521041779e+01
7.621999999999999886e-01,-1.644778651193794516e+01
7.616000000000000547e-01,-1.632104009102724262e+01
7.609000000000000208e-01,-1.643299989461536015e+01
7.606000000000000538e-01,-1.653795816911442529e+01
7.599000000000000199e-01,-1.656401190593872386e+01
7.596000000000000529e-01,-1.646371196044544050e+01
7.589000000000000190e-01,-1.635290603129707065e+01
7.582999999999999741e-01,-1.638589711865342124e+01
7.579000000000000181e-01,-1.643281231021006050e+01
7.571999999999999842e-01,-1.637239481761523407e+01
7.569000000000000172e-01,-1.635928531433438948e+01
7.562999999999999723e-01,-1.641367056272671832e+01
7.559000000000000163e-01,-1.641636939556890695e+01
7.551999999999999824e-01,-1.648465205197268801e+01
7.549000000000000155e-01,-1.649686077928262051e+01
7.542999999999999705e-01,-1.645131721346874087e+01
7.539000000000000146e-01,-1.638096631856132035e+01
7.532999999999999696e-01,-1.643847957931328452e+01
7.526000000000000467e-01,-1.631988514862580431e+01
7.522999999999999687e-01,-1.636112907161639640e+01
7.517000000000000348e-01,-1.660555807535849837e+01
7.513999999999999568e-01,-1.642073071799641681e+01
7.507000000000000339e-01,-1.638750263989177469e+01
7.503999999999999559e-01,-1.648581958817668891e+01
7.497000000000000330e-01,-1.651460924774680805e+01
7.490999999999999881e-01,-1.636203023214835639e+01
7.482999999999999652e-01,-1.656723688104755965e+01
7.479999999999999982e-01,-1.655872717355186552e+01
7.472999999999999643e-01,-1.655746234456309907e+01
7.467000000000000304e-01,-1.649353560139177333e+01
7.463999999999999524e-01,-1.641441054066484284e+01
7.457000000000000295e-01,-1.636088045332264684e+01
7.450999999999999845e-01,-1.643818285457119899e+01
7.447000000000000286e-01,-1.630998395514542665e+01
7.439999999999999947e-01,-1.635092405750608080e+01
7.433999999999999497e-01,-1.640414806712477969e+01
7.430999999999999828e-01,-1.644884679067636313e+01
7.423999999999999488e-01,-1.651348822828708407e+01
7.420999999999999819e-01,-1.639611058972959512e+01
7.415000000000000480e-01,-1.636422694681607481e+01
7.408000000000000140e-01,-1.639790065789481943e+01
7.401999999999999691e-01,-1.640739041096220774e+01
7.396000000000000352e-01,-1.638742724257820882e+01
7.389000000000000012e-01,-1.639761144649450486e+01
7.381999999999999673e-01,-1.638997422650527014e+01
7.379000000000000004e-01,-1.633728821863172342e+01
7.371999999999999664e-01,-1.646371251729852858e+01
7.366000000000000325e-01,-1.652019447586717149e+01
7.361999999999999655e-01,-1.644491250810927241e+01
7.355000000000000426e-01,-1.639304321323226077e+01
7.348999999999999977e-01,-1.641344987405105016e+01
7.342999999999999527e-01,-1.639302246651680406e+01
7.336000000000000298e-01,-1.640266266391158823e+01
7.329999999999999849e-01,-1.629005382618392872e+01
7.322999999999999510e-01,-1.631930328175705469e+01
7.317000000000000171e-01,-1.642999570801422493e+01
7.309999999999999831e-01,-1.641150530127038820e+01
7.307000000000000162e-01,-1.633543375571481349e+01
7.299999999999999822e-01,-1.645468099443561627e+01
7.294000000000000483e-01,-1.642676490386961063e+01
7.289999999999999813e-01,-1.640961885887044147e+01
7.284000000000000474e-01,-1.645089434512518523e+01
7.277000000000000135e-01,-1.635429314616925112e+01
7.269999999999999796e-01,-1.634335343809910057e+01
7.267000000000000126e-01,-1.640058388427696201e+01
7.259999999999999787e-01,-1.629651207580920413e+01
7.254000000000000448e-01,-1.635621138777968753e+01
7.249999999999999778e-01,-1.638227925375331040e+01
7.240999999999999659e-01,-1.643920355529184363e+01
7.237000000000000099e-01,-1.630772376096188125e+01
7.230999999999999650e-01,-1.631943804757786864e+01
7.227999999999999980e-01,-1.628592271016261250e+01
7.224000000000000421e-01,-1.629536760354459091e+01
7.213000000000000522e-01,-1.630330388566252964e+01
7.209999999999999742e-01,-1.633671344902229805e+01
7.203000000000000513e-01,-1.621563187278983520e+01
7.199999999999999734e-01,-1.626816819728744790e+01
7.194000000000000394e-01,-1.629087437837904417e+01
7.189999999999999725e-01,-1.624777507975476709e+01
7.184000000000000385e-01,-1.628112218031935399e+01
7.180999999999999606e-01,-1.629157823579878794e+01
7.174000000000000377e-01,-1.632860160576035113e+01
7.170999999999999597e-01,-1.627570682958129211e+01
7.165000000000000258e-01,-1.633247731840405237e+01
7.161999999999999478e-01,-1.625882537981595277e+01
7.155000000000000249e-01,-1.645761435281698581e+01
7.151999999999999469e-01,-1.633603862627886727e+01
7.145000000000000240e-01,-1.629648403855370020e+01
7.138999999999999790e-01,-1.643535589572024591e+01
7.135000000000000231e-01,-1.647167289459874340e+01
7.127999999999999892e-01,-1.652515453938923073e+01
7.125000000000000222e-01,-1.641934971270469745e+01
7.117999999999999883e-01,-1.622189330124012940e+01
7.115000000000000213e-01,-1.622021325636130484e+01
7.107999999999999874e-01,-1.618392556903269863e+01
7.105000000000000204e-01,-1.629908206789206560e+01
7.097999999999999865e-01,-1.637914725836292718e+01
7.090999999999999526e-01,-1.641024221074298950e+01
7.086999999999999966e-01,-1.630988185351280961e+01
7.080999999999999517e-01,-1.635115233614486741e+01
7.076999999999999957e-01,-1.637621730888145777e+01
7.074000000000000288e-01,-1.630331070778135683e+01
7.066999999999999948e-01,-1.626156552207757144e+01
7.060999999999999499e-01,-1.637026551579859657e+01
7.056999999999999940e-01,-1.631486304445543212e+01
7.049999999999999600e-01,-1.640147020952375101e+01
7.046999999999999931e-01,-1.626651109933371231e+01
7.044000000000000261e-01,-1.621791920294549882e+01
7.036999999999999922e-01,-1.626970529049641101e+01
7.030999999999999472e-01,-1.618082861584609233e+01
7.027999999999999803e-01,-1.614317286294164333e+01
7.020999999999999464e-01,-1.621559738359023228e+01
7.016999999999999904e-01,-1.633575986219179299e+01
7.010999999999999455e-01,-1.629508210052510009e+01
7.006999999999999895e-01,-1.630927837570428807e+01
7.000999999999999446e-01,-1.629330344579960155e+01
6.996999999999999886e-01,-1.645011748569327992e+01
6.989999999999999547e-01,-1.633488009819610909e+01
6.986999999999999877e-01,-1.635842666071760476e+01
6.979999999999999538e-01,-1.644884345468828002e+01
6.973000000000000309e-01,-1.635824835149943368e+01
6.969999999999999529e-01,-1.636041365327828245e+01
6.964000000000000190e-01,-1.639914945129302382e+01
6.959999999999999520e-01,-1.627112351485857644e+01
6.956999999999999851e-01,-1.638218906072726000e+01
6.949999999999999512e-01,-1.632970171181417385e+01
6.945999999999999952e-01,-1.631134793642326741e+01
6.939999999999999503e-01,-1.642586228314969077e+01
6.935999999999999943e-01,-1.637883824853747683e+01
6.928999999999999604e-01,-1.632418253597351665e+01
6.925999999999999934e-01,-1.642815423020813270e+01
6.918999999999999595e-01,-1.638316198295406778e+01
6.915999999999999925e-01,-1.636624498683701745e+01
6.912000000000000366e-01,-1.638554564713842154e+01
6.905000000000000027e-01,-1.640020676807280964e+01
6.898999999999999577e-01,-1.637877292384164818e+01
6.895999999999999908e-01,-1.637298500750403463e+01
6.888999999999999568e-01,-1.632492250021391911e+01
6.885999999999999899e-01,-1.629146114345706309e+01
6.878999999999999559e-01,-1.627410744713727553e+01
6.875000000000000000e-01,-1.636892712437946429e+01
6.867999999999999661e-01,-1.640585199750889345e+01
6.864999999999999991e-01,-1.624236730809434803e+01
6.857999999999999652e-01,-1.630328591424564166e+01
6.854999999999999982e-01,-1.647349391431986732e+01
6.847999999999999643e-01,-1.654046198776657661e+01
6.844000000000000083e-01,-1.648417752889977095e+01
6.841000000000000414e-01,-1.639018136223337052e+01
6.834000000000000075e-01,-1.633950514309898949e+01
6.831000000000000405e-01,-1.631668849590472092e+01
6.826999999999999735e-01,-1.623020009963371635e+01
6.824000000000000066e-01,-1.630256714839706689e+01
6.816999999999999726e-01,-1.646168565658809513e+01
6.814000000000000057e-01,-1.635078146293954404e+01
6.810000000000000497e-01,-1.622211342754064844e+01
6.806999999999999718e-01,-1.624631769346022381e+01
6.804000000000000048e-01,-1.622911962972242961e+01
6.796999999999999709e-01,-1.630799335391886729e+01
6.794000000000000039e-01,-1.639286803876123955e+01
6.790000000000000480e-01,-1.633017982028903248e+01
6.783000000000000140e-01,-1.632319667473659663e+01
6.780000000000000471e-01,-1.622885524329674567e+01
6.775999999999999801e-01,-1.621846173420760095e+01
6.773000000000000131e-01,-1.637589425959101419e+01
6.765999999999999792e-01,-1.633108383030127797e+01
6.763000000000000123e-01,-1.627714029788273109e+01
6.758999999999999453e-01,-1.620089164590327258e+01
6.755999999999999783e-01,-1.631326528806313547e+01
6.749000000000000554e-01,-1.636110660139140904e+01
6.744999999999999885e-01,-1.631942643018809136e+01
6.742000000000000215e-01,-1.627071662104332361e+01
6.734999999999999876e-01,-1.633430882822172947e+01
6.732000000000000206e-01,-1.641302974167971129e+01
6.729000000000000536e-01,-1.637947294002460197e+01
6.724999999999999867e-01,-1.630924932680610340e+01
6.722000000000000197e-01,-1.641403740731597338e+01
6.714999999999999858e-01,-1.628817513640483838e+01
6.712000000000000188e-01,-1.641924293787483435e+01
6.707999999999999519e-01,-1.644092914138053274e+01
6.701000000000000290e-01,-1.645005438941976195e+01
6.697999999999999510e-01,-1.632607608580676484e+01
6.693999999999999950e-01,-1.639158173423966147e+01
6.691000000000000281e-01,-1.633756720064178580e+01
6.686999999999999611e-01,-1.640367457330285106e+01
6.681000000000000272e-01,-1.633804077438077584e+01
6.676999999999999602e-01,-1.630865726416465478e+01
6.673999999999999932e-01,-1.631486371986949635e+01
6.667999999999999483e-01,-1.629675975719502290e+01
6.663999999999999924e-01,-1.639283085454320599e+01
6.661000000000000254e-01,-1.649509085815273579e+01
6.657999999999999474e-01,-1.648176268855931781e+01
6.651000000000000245e-01,-1.639181999384849320e+01
6.647999999999999465e-01,-1.644511152183872582e+01
6.644999999999999796e-01,-1.638216482057665857e+01
6.642000000000000126e-01,-1.628864912171200530e+01
6.635999999999999677e-01,-1.634834670338055673e+01
6.633999999999999897e-01,-1.638208333410249296e+01
6.631000000000000227e-01,-1.626527081744887937e+01
6.626999999999999558e-01,-1.633940076347546722e+01
6.623999999999999888e-01,-1.638455305168528042e+01
6.616999999999999549e-01,-1.631774677140311525e+01
6.613999999999999879e-01,-1.634822348516662771e+01
6.611000000000000210e-01,-1.642160011551966292e+01
6.608000000000000540e-01,-1.638713027970134917e+01
6.601000000000000201e-01,-1.635993365729469673e+01
6.598000000000000531e-01,-1.628604526831651711e+01
6.594999999999999751e-01,-1.633403016596335533e+01
6.591000000000000192e-01,-1.643685687128968809e+01
6.584999999999999742e-01,-1.642273977122748718e+01
6.582000000000000073e-01,-1.643506463182590593e+01
6.578000000000000513e-01,-1.633138518533335315e+01
6.574999999999999734e-01,-1.637801910335766209e+01
6.572000000000000064e-01,-1.629472609917074877e+01
6.564999999999999725e-01,-1.640990311464153351e+01
6.562000000000000055e-01,-1.637085098488213930e+01
6.559000000000000385e-01,-1.633114533313786865e+01
6.554999999999999716e-01,-1.626120148688799105e+01
6.549000000000000377e-01,-1.639150001902303799e+01
6.545999999999999597e-01,-1.628748516717985240e+01
6.542000000000000037e-01,-1.633573518628906385e+01
6.539000000000000368e-01,-1.646225062970716735e+01
6.535999999999999588e-01,-1.641362225170139766e+01
6.529000000000000359e-01,-1.638822902894493438e+01
6.525999999999999579e-01,-1.644629368448584117e+01
6.522999999999999909e-01,-1.635362549454550773e+01
6.519000000000000350e-01,-1.637194754331968127e+01
6.515999999999999570e-01,-1.637800489429405104e+01
6.509000000000000341e-01,-1.636499143061829287e+01
6.505999999999999561e-01,-1.635219600109628857e+01
6.502999999999999892e-01,-1.635616991790683628e+01
6.500000000000000222e-01,-1.634795230787749531e+01
6.492999999999999883e-01,-1.641921728641375822e+01
6.490000000000000213e-01,-1.631763690731306937e+01
6.487000000000000544e-01,-1.638969460286149982e+01
6.483999999999999764e-01,-1.635376125385928248e+01
6.477000000000000535e-01,-1.647295170449664781e+01
6.473999999999999755e-01,-1.635005006321464194e+01
6.470000000000000195e-01,-1.650553031859180919e+01
6.467000000000000526e-01,-1.654030889778551838e+01
6.461000000000000076e-01,-1.640355147660803325e+01
6.454999999999999627e-01,-1.634753392176719089e+01
6.451999999999999957e-01,-1.640310521412247269e+01
6.448000000000000398e-01,-1.638088733963367005e+01
6.444999999999999618e-01,-1.645185071230195817e+01
6.435999999999999499e-01,-1.653152598732419420e+01
6.431999999999999940e-01,-1.643046345880475911e+01
6.425999999999999490e-01,-1.641127366567175017e+01
6.422999999999999821e-01,-1.637188965952591602e+01
6.420000000000000151e-01,-1.637169407216832084e+01
6.413999999999999702e-01,-1.636813467911823139e+01
6.410000000000000142e-01,-1.631887752647029899e+01
6.407000000000000473e-01,-1.628839358670634851e+01
6.403999999999999693e-01,-1.634232311313660091e+01
6.398000000000000353e-01,-1.634614551532303750e+01
6.394999999999999574e-01,-1.643036763007343737e+01
6.391999999999999904e-01,-1.631829890230982372e+01
6.389000000000000234e-01,-1.628922691051274896e+01
6.385999999999999455e-01,-1.634628840751130952e+01
6.379000000000000226e-01,-1.633488146570005028e+01
6.375999999999999446e-01,-1.633392241431495506e+01
6.372999999999999776e-01,-1.630483798712679544e+01
6.370000000000000107e-01,-1.627158702473107610e+01
6.363999999999999657e-01,-1.626877288799493471e+01
6.360999999999999988e-01,-1.622129407225772013e+01
6.358000000000000318e-01,-1.621893989474480691e+01
6.354999999999999538e-01,-1.630265497703691224e+01
6.349000000000000199e-01,-1.643432004654532363e+01
6.344999999999999529e-01,-1.658781484497372460e+01
6.341999999999999860e-01,-1.642414671578391960e+01
6.339000000000000190e-01,-1.653288605612127427e+01
6.332999999999999741e-01,-1.641886672071445830e+01
6.330000000000000071e-01,-1.634876806673813121e+01
6.327000000000000401e-01,-1.637830433135921027e+01
6.323999999999999622e-01,-1.649543979331709309e+01
6.318000000000000282e-01,-1.642382601904461481e+01
6.314999999999999503e-01,-1.638021117362949042e+01
6.311999999999999833e-01,-1.647557876212147221e+01
6.309000000000000163e-01,-1.636216771522605740e+01
6.301999999999999824e-01,-1.645319883224645352e+01
6.299000000000000155e-01,-1.621560029257092594e+01
6.296000000000000485e-01,-1.625019309152708757e+01
6.292999999999999705e-01,-1.628846988856579614e+01
6.290000000000000036e-01,-1.637120230675737886e+01
6.283999999999999586e-01,-1.636595609568651710e+01
6.280999999999999917e-01,-1.643902845447084715e+01
6.278000000000000247e-01,-1.632821073888138130e+01
6.274999999999999467e-01,-1.628842716562160575e+01
6.270999999999999908e-01,-1.628997652295231902e+01
6.264999999999999458e-01,-1.636046766380254880e+01
6.261999999999999789e-01,-1.652145966755461259e+01
6.259000000000000119e-01,-1.639957343607242635e+01
6.256000000000000449e-01,-1.651646681871572753e+01
6.250000000000000000e-01,-1.635138811407538029e+01
6.247000000000000330e-01,-1.639650531349056095e+01
6.243999999999999551e-01,-1.634337448064241727e+01
6.240999999999999881e-01,-1.636213896796176570e+01
6.235000000000000542e-01,-1.642918881667124964e+01
6.231999999999999762e-01,-1.639694614453705412e+01
6.229999999999999982e-01,-1.647052233167203994e+01
6.227000000000000313e-01,-1.637664772361898713e+01
6.220999999999999863e-01,-1.636550757282417834e+01
6.217000000000000304e-01,-1.624877587446055571e+01
6.213999999999999524e-01,-1.628434211115867569e+01
6.211999999999999744e-01,-1.628689114151282880e+01
6.209000000000000075e-01,-1.643440466898692875e+01
6.201999999999999735e-01,-1.644596324294408873e+01
6.199000000000000066e-01,-1.639780092283658419e+01
6.196000000000000396e-01,-1.635724398615688813e+01
6.192999999999999616e-01,-1.637004425816121156e+01
6.189999999999999947e-01,-1.629769567711340983e+01
6.183999999999999497e-01,-1.633045087963570197e+01
6.180999999999999828e-01,-1.617415367730322373e+01
6.178000000000000158e-01,-1.641388156156586575e+01
6.175000000000000488e-01,-1.637613054836098669e+01
6.169000000000000039e-01,-1.648024261273923941e+01
6.166000000000000369e-01,-1.641363950238006097e+01
6.162999999999999590e-01,-1.629956886859363863e+01
6.159999999999999920e-01,-1.647900869103632004e+01
6.153999999999999471e-01,-1.635298222428614068e+01
6.150999999999999801e-01,-1.632238764738731973e+01
6.148000000000000131e-01,-1.640176226481169053e+01
6.141999999999999682e-01,-1.641460188142613319e+01
6.139000000000000012e-01,-1.628018071084371243e+01
6.136000000000000343e-01,-1.627998030680607755e+01
6.129999999999999893e-01,-1.636890163055010561e+01
6.127000000000000224e-01,-1.629566899051916806e+01
6.124000000000000554e-01,-1.632018493411095506e+01
6.120999999999999774e-01,-1.629483393598860985e+01
6.115000000000000435e-01,-1.645123251591013869e+01
6.111999999999999655e-01,-1.646706446417189085e+01
6.108999999999999986e-01,-1.626602247253323341e+01
6.106000000000000316e-01,-1.632679466523553913e+01
6.102999999999999536e-01,-1.620599442812339319e+01
6.097000000000000197e-01,-1.622983376870137207e+01
6.094000000000000528e-01,-1.615359705262209999e+01
6.090999999999999748e-01,-1.619402384425132979e+01
6.085000000000000409e-01,-1.615393865544104912e+01
6.080999999999999739e-01,-1.606505628100069671e+01
6.078000000000000069e-01,-1.618338823409365546e+01
6.075000000000000400e-01,-1.621477691410040123e+01
6.071999999999999620e-01,-1.628154497960851188e+01
6.066000000000000281e-01,-1.626104487522268727e+01
6.061999999999999611e-01,-1.626013071019159995e+01
6.058999999999999941e-01,-1.615633419858146524e+01
6.052999999999999492e-01,-1.614952227948964492e+01
6.049999999999999822e-01,-1.622862042409785133e+01
6.046000000000000263e-01,-1.616409348343264796e+01
6.042999999999999483e-01,-1.599609429393479232e+01
6.039999999999999813e-01,-1.601888649677384180e+01
6.034000000000000474e-01,-1.611445363252856211e+01
6.030999999999999694e-01,-1.616222146411314142e+01
6.027000000000000135e-01,-1.613703965323131584e+01
6.020999999999999686e-01,-1.599209629986227199e+01
6.017000000000000126e-01,-1.605019685470736590e+01
6.014000000000000457e-01,-1.607020339192037994e+01
6.010999999999999677e-01,-1.594739141033522856e+01
6.008000000000000007e-01,-1.610079859098376076e+01
6.000999999999999668e-01,-1.600230203896591519e+01
5.997999999999999998e-01,-1.614317609931305597e+01
5.995000000000000329e-01,-1.620536328817145844e+01
5.991999999999999549e-01,-1.607687043174554375e+01
5.985000000000000320e-01,-1.612255105924928600e+01
5.981999999999999540e-01,-1.612881302551971530e+01
5.978999999999999870e-01,-1.598465821378777818e+01
5.975000000000000311e-01,-1.612165679087664927e+01
5.967999999999999972e-01,-1.602501941104575423e+01
5.965000000000000302e-01,-1.594625245737776176e+01
5.960999999999999632e-01,-1.607560812245788995e+01
5.957999999999999963e-01,-1.590911001423528326e+01
5.954000000000000403e-01,-1.599661874787071447e+01
5.947999999999999954e-01,-1.603321179518314565e+01
5.944000000000000394e-01,-1.602308993895904976e+01
5.940999999999999615e-01,-1.596301944335881728e+01
5.937999999999999945e-01,-1.590881125568700050e+01
5.934000000000000385e-01,-1.605830145918535123e+01
5.927000000000000046e-01,-1.603366926929070146e+01
5.924000000000000377e-01,-1.589421361278039235e+01
5.919999999999999707e-01,-1.583934497149013332e+01
5.913000000000000478e-01,-1.579767767602348982e+01
5.909999999999999698e-01,-1.572281915002389852e+01
5.906000000000000139e-01,-1.574112906495023978e+01
5.901999999999999469e-01,-1.587029631142317498e+01
5.895000000000000240e-01,-1.585616891070472434e+01
5.891999999999999460e-01,-1.577093418551524984e+01
5.887999999999999901e-01,-1.580145898991995246e+01
5.884000000000000341e-01,-1.587825599728221171e+01
5.877000000000000002e-01,-1.585316690449955779e+01
5.873000000000000442e-01,-1.561396454844033599e+01
5.868999999999999773e-01,-1.558484040852670738e+01
5.865000000000000213e-01,-1.568975189802142900e+01
5.856999999999999984e-01,-1.570569887667169695e+01
5.853000000000000425e-01,-1.574874350501950815e+01
5.848999999999999755e-01,-1.586413042725665079e+01
5.846000000000000085e-01,-1.582155942756050315e+01
5.837999999999999856e-01,-1.568707818633196815e+01
5.834000000000000297e-01,-1.567140830356821368e+01
5.829999999999999627e-01,-1.572112648201970053e+01
5.826000000000000068e-01,-1.555815027294987729e+01
5.817999999999999838e-01,-1.552078095736113639e+01
5.814000000000000279e-01,-1.550188908534160248e+01
5.809999999999999609e-01,-1.548761750635226697e+01
5.802000000000000490e-01,-1.530760964191810558e+01
5.797999999999999821e-01,-1.538230486270520103e+01
5.794000000000000261e-01,-1.547652027295157495e+01
5.788999999999999702e-01,-1.548582764801780698e+01
5.785000000000000142e-01,-1.542477971406778359e+01
5.776999999999999913e-01,-1.540331147132159550e+01
5.773000000000000353e-01,-1.543334823829491143e+01
5.767999999999999794e-01,-1.541482144943318033e+01
5.759999999999999565e-01,-1.540239445506205307e+01
5.756000000000000005e-01,-1.524536227502388464e+01
5.752000000000000446e-01,-1.522814665127240552e+01
5.747999999999999776e-01,-1.518679305053203343e+01
5.738999999999999657e-01,-1.526771662710823385e+01
5.735000000000000098e-01,-1.525079986865523729e+01
5.731000000000000538e-01,-1.530374356343202535e+01
5.722000000000000419e-01,-1.520372921241120601e+01
5.716999999999999860e-01,-1.509392055572674884e+01
5.713000000000000300e-01,-1.502500830238041907e+01
5.704000000000000181e-01,-1.504618630430200277e+01
5.699999999999999512e-01,-1.495750292179716823e+01
5.691000000000000503e-01,-1.498549778521495668e+01
5.685999999999999943e-01,-1.500381534895985425e+01
5.682000000000000384e-01,-1.510820208773652418e+01
5.673000000000000265e-01,-1.506701801055367085e+01
5.668999999999999595e-01,-1.501572253966307713e+01
5.664000000000000146e-01,-1.494501817702097490e+01
5.659999999999999476e-01,-1.486830999445536428e+01
5.655000000000000027e-01,-1.493456908053377852e+01
5.645999999999999908e-01,-1.480327166129965732e+01
5.641000000000000458e-01,-1.497952009074298907e+01
5.636999999999999789e-01,-1.478012829673374107e+01
5.632000000000000339e-01,-1.471019818089737008e+01
5.626999999999999780e-01,-1.467065197173931779e+01
5.617999999999999661e-01,-1.460792915443697204e+01
5.613000000000000211e-01,-1.462651517654001765e+01
5.608999999999999542e-01,-1.479346372054626180e+01
5.604000000000000092e-01,-1.467514998728068676e+01
5.594999999999999973e-01,-1.474165454538097642e+01
5.590000000000000524e-01,-1.471492367450021455e+01
5.584999999999999964e-01,-1.481823739314103250e+01
5.580000000000000515e-01,-1.462319481056340642e+01
5.570000000000000506e-01,-1.446366364763655987e+01
5.565999999999999837e-01,-1.449415389488386730e+01
5.561000000000000387e-01,-1.447851487727594488e+01
5.555999999999999828e-01,-1.445350774210126410e+01
5.545999999999999819e-01,-1.444507235936944767e+01
5.541000000000000369e-01,-1.437368548220180742e+01
5.535999999999999810e-01,-1.443995566198395508e+01
5.526999999999999691e-01,-1.448562239370655647e+01
5.522000000000000242e-01,-1.440118721910540600e+01
5.516999999999999682e-01,-1.439922225301938319e+01
5.513000000000000123e-01,-1.441067929952872362e+01
5.503000000000000114e-01,-1.432279685926402379e+01
5.497999999999999554e-01,-1.420510575621961458e+01
5.493000000000000105e-01,-1.431070580394646896e+01
5.483999999999999986e-01,-1.419896687317734418e+01
5.479000000000000536e-01,-1.414991828110100514e+01
5.473999999999999977e-01,-1.411651509453685627e+01
5.469000000000000528e-01,-1.412745621041187150e+01
5.463999999999999968e-01,-1.417661007557281749e+01
5.453999999999999959e-01,-1.416481676067109241e+01
5.450000000000000400e-01,-1.421779401945084587e+01
5.444999999999999840e-01,-1.423630049497606009e+01
5.440000000000000391e-01,-1.421781197741564817e+01
5.430000000000000382e-01,-1.425543475111392588e+01
5.424999999999999822e-01,-1.411853826510829713e+01
5.420000000000000373e-01,-1.403273861950550838e+01
5.411000000000000254e-01,-1.396805350881548691e+01
5.405999999999999694e-01,-1.391605384059683992e+01
5.401000000000000245e-01,-1.404160472890910327e+01
5.396999999999999575e-01,-1.409693361084235441e+01
5.393000000000000016e-01,-1.406784105355014169e+01
5.392000000000000126e-01,-1.419657836560887709e+01
5.391000000000000236e-01,-1.418814190048429325e+01
5.390000000000000346e-01,-1.410400805009577319e+01
5.389000000000000457e-01,-1.401659624684480754e+01
5.386999999999999567e-01,-1.406295902740680859e+01
5.385999999999999677e-01,-1.389169828661428596e+01
5.383999999999999897e-01,-1.414741222576640034e+01
5.383000000000000007e-01,-1.406642931127697160e+01
5.382000000000000117e-01,-1.418339993005061217e+01
5.381000000000000227e-01,-1.417694785947939273e+01
5.377999999999999448e-01,-1.408543642264833196e+01
5.376999999999999558e-01,-1.413133699231967988e+01
5.374999999999999778e-01,-1.410806124374532011e+01
5.372999999999999998e-01,-1.404469323100119738e+01
5.372000000000000108e-01,-1.389448707670550398e+01
5.369000000000000439e-01,-1.398542649215109712e+01
5.368000000000000549e-01,-1.382125680204618057e+01
5.365999999999999659e-01,-1.403774612059316418e+01
5.363999999999999879e-01,-1.395412091243428065e+01
5.361000000000000210e-01,-1.380897991391950086e+01
5.359000000000000430e-01,-1.406058425724105199e+01
5.356999999999999540e-01,-1.377730619221348363e+01
5.355999999999999650e-01,-1.401488527538897344e+01
5.353999999999999870e-01,-1.400108074575282302e+01
5.352999999999999980e-01,-1.404420784953267365e+01
5.351000000000000201e-01,-1.397462541608265596e+01
5.349000000000000421e-01,-1.399086430845372320e+01
5.344999999999999751e-01,-1.401788570217724761e+01
5.342999999999999972e-01,-1.361111168738529997e+01
5.341000000000000192e-01,-1.405901914452289247e+01
5.338000000000000522e-01,-1.402035145968184793e+01
5.335999999999999632e-01,-1.398075323588562568e+01
5.334999999999999742e-01,-1.405212630766344795e+01
5.332999999999999963e-01,-1.356132974306206407e+01
5.331000000000000183e-01,-1.403643089840922542e+01
5.328000000000000513e-01,-1.401688572767291774e+01
5.326999999999999513e-01,-1.387318604463587057e+01
5.324999999999999734e-01,-1.409756638796558903e+01
5.322000000000000064e-01,-1.379708801607605295e+01
5.314999999999999725e-01,-1.421786267322170794e+01
5.313999999999999835e-01,-1.363990928869478481e+01
5.312999999999999945e-01,-1.394002096175867678e+01
5.311000000000000165e-01,-1.408417440459074044e+01
5.309000000000000385e-01,-1.391331873800607433e+01
5.308000000000000496e-01,-1.405152651162864785e+01
5.306999999999999496e-01,-1.363528998940084414e+01
5.303999999999999826e-01,-1.396850749510302592e+01
5.301000000000000156e-01,-1.400851015949736222e+01
5.300000000000000266e-01,-1.399346385647613822e+01
5.298000000000000487e-01,-1.410358382780826503e+01
5.293999999999999817e-01,-1.410400302273989759e+01
5.291000000000000147e-01,-1.391800288798291163e+01
5.290000000000000258e-01,-1.408202223329227465e+01
5.286999999999999478e-01,-1.398459809772148077e+01
5.283999999999999808e-01,-1.344535415835762571e+01
5.282999999999999918e-01,-1.407686924189783717e+01
5.282000000000000028e-01,-1.380714755708717689e+01
5.279000000000000359e-01,-1.404423917304477243e+01
5.278000000000000469e-01,-1.379441868715417741e+01
5.275999999999999579e-01,-1.401697811414838490e+01
5.270000000000000240e-01,-1.389935648596811824e+01
5.268000000000000460e-01,-1.421451949229447465e+01
5.265999999999999570e-01,-1.389337246477540688e+01
5.264999999999999680e-01,-1.410547681979686097e+01
5.262000000000000011e-01,-1.383611199771905476e+01
5.261000000000000121e-01,-1.401037181428706191e+01
5.258000000000000451e-01,-1.344936061125068250e+01
5.256999999999999451e-01,-1.386743960573181056e+01
5.250000000000000222e-01,-1.402265767647889483e+01
5.249000000000000332e-01,-1.383837130933939719e+01
5.245999999999999552e-01,-1.392621320666642681e+01
5.244999999999999662e-01,-1.393443779714358399e+01
5.242999999999999883e-01,-1.402088980005291496e+01
5.241000000000000103e-01,-1.384077017382552910e+01
5.239000000000000323e-01,-1.398209196834298140e+01
5.237000000000000544e-01,-1.377437341725951825e+01
5.231999999999999984e-01,-1.384267434573456867e+01
5.229000000000000314e-01,-1.377037930704082669e+01
5.228000000000000425e-01,-1.390633421412415949e+01
5.224999999999999645e-01,-1.380826513999152283e+01
5.221999999999999975e-01,-1.376919751418489035e+01
5.221000000000000085e-01,-1.379704646936380108e+01
5.218000000000000416e-01,-1.383001378453332997e+01
5.213999999999999746e-01,-1.390335943012993525e+01
5.211000000000000076e-01,-1.387026012684162346e+01
5.210000000000000187e-01,-1.394557071066086351e+01
5.207000000000000517e-01,-1.393746089399421351e+01
5.202999999999999847e-01,-1.385618616749507304e+01
5.201000000000000068e-01,-1.384443751502734088e+01
5.200000000000000178e-01,-1.381926587646865556e+01
5.197000000000000508e-01,-1.395194519072870420e+01
5.195999999999999508e-01,-1.399926868362781995e+01
5.194999999999999618e-01,-1.320093423480125594e+01
5.193999999999999728e-01,-1.398558262287611242e+01
5.189000000000000279e-01,-1.400309686373111795e+01
5.187000000000000499e-01,-1.397329143386057559e+01
5.185999999999999499e-01,-1.380950627454299173e+01
5.183999999999999719e-01,-1.370341182993402285e+01
5.182999999999999829e-01,-1.300605814185708198e+01
5.181999999999999940e-01,-1.377689210444541601e+01
5.179000000000000270e-01,-1.383426351110874819e+01
5.177000000000000490e-01,-1.377931979884353098e+01
5.173999999999999710e-01,-1.401051869765425018e+01
5.171999999999999931e-01,-1.381958295808751558e+01
5.171000000000000041e-01,-1.389908795148692100e+01
5.169000000000000261e-01,-1.391161894893537898e+01
5.165999999999999481e-01,-1.372130580001079281e+01
5.164999999999999591e-01,-1.406022614658221670e+01
5.161999999999999922e-01,-1.375937000698216472e+01
5.160000000000000142e-01,-1.373605780026539769e+01
5.157000000000000473e-01,-1.357966774107937802e+01
5.155999999999999472e-01,-1.389163098675354924e+01
5.153999999999999693e-01,-1.359780694685222180e+01
5.152999999999999803e-01,-1.384148287308052261e+01
5.151000000000000023e-01,-1.353995769856350684e+01
5.145999999999999464e-01,-1.363425836408537606e+01
5.144999999999999574e-01,-1.404193622488543092e+01
5.142999999999999794e-01,-1.367000932560443971e+01
5.141999999999999904e-01,-1.395922703638311724e+01
5.140000000000000124e-01,-1.362327590788232534e+01
5.134999999999999565e-01,-1.365542655876869205e+01
5.132999999999999785e-01,-1.377105294603098784e+01
5.131999999999999895e-01,-1.383899944792134384e+01
5.130000000000000115e-01,-1.376618388927329129e+01
5.129000000000000226e-01,-1.309952152836130601e+01
5.125999999999999446e-01,-1.372489065926355778e+01
5.123999999999999666e-01,-1.373277555692439122e+01
5.122999999999999776e-01,-1.365753930781098902e+01
5.120999999999999996e-01,-1.370310768652703537e+01
5.119000000000000217e-01,-1.390022083983732593e+01
5.117000000000000437e-01,-1.373451866879182504e+01
5.114999999999999547e-01,-1.367549039703996172e+01
5.112999999999999767e-01,-1.372970699489049373e+01
5.110999999999999988e-01,-1.370438817079591409e+01
5.109000000000000208e-01,-1.374828387431829491e+01
5.108000000000000318e-01,-1.345521072272119412e+01
5.107000000000000428e-01,-1.349924100895781898e+01
5.106000000000000538e-01,-1.378174091066055063e+01
5.104999999999999538e-01,-1.355932039969840552e+01
5.103999999999999648e-01,-1.368299520591491714e+01
5.102999999999999758e-01,-1.361723208181666855e+01
5.100999999999999979e-01,-1.380260604552331216e+01
5.100000000000000089e-01,-1.368498323279466611e+01
5.099000000000000199e-01,-1.373642032527410883e+01
5.098000000000000309e-01,-1.365149642762889393e+01
5.096000000000000529e-01,-1.364506842199512882e+01
5.093999999999999639e-01,-1.371504440744915421e+01
5.092999999999999750e-01,-1.374528133399844876e+01
5.091999999999999860e-01,-1.358955962261080153e+01
5.090999999999999970e-01,-1.360441613974822772e+01
5.090000000000000080e-01,-1.375591901430763997e+01
5.089000000000000190e-01,-1.370497658627154536e+01
5.088000000000000300e-01,-1.370921771823036650e+01
5.087000000000000410e-01,-1.363005004154276278e+01
5.084999999999999520e-01,-1.293072711953981191e+01
5.052999999999999714e-01,-1.288103567736202315e+01
5.036000000000000476e-01,-1.283271769137520124e+01
5.019000000000000128e-01,-1.285834460043140304e+01
4.984999999999999987e-01,-1.265387814469772643e+01
4.968000000000000194e-01,-1.256676903223386610e+01
4.949999999999999956e-01,-1.261315930156043130e+01
4.914999999999999925e-01,-1.257139986796367737e+01
4.898000000000000131e-01,-1.259486402269294913e+01
4.880999999999999783e-01,-1.247549394661744770e+01
4.845999999999999752e-01,-1.247333850032117297e+01
4.828000000000000069e-01,-1.245792475815903089e+01
4.809999999999999831e-01,-1.230264763206903922e+01
4.772000000000000131e-01,-1.236210073235419138e+01
4.752000000000000113e-01,-1.239128267558481333e+01
4.732000000000000095e-01,-1.217989386683359854e+01
4.711000000000000187e-01,-1.209972684729186732e+01
4.667000000000000037e-01,-1.208573729745030967e+01
4.645000000000000240e-01,-1.211389038562535347e+01
4.621999999999999997e-01,-1.204982275464852570e+01
4.598999999999999755e-01,-1.194863216034056030e+01
4.551999999999999935e-01,-1.188638365015072473e+01
4.527999999999999803e-01,-1.176186799782923131e+01
4.502999999999999781e-01,-1.172973481213890601e+01
4.455000000000000071e-01,-1.169912256939924511e+01
4.430000000000000049e-01,-1.172655236483235619e+01
4.405000000000000027e-01,-1.175650386090907773e+01
4.380999999999999894e-01,-1.167663314895241200e+01
4.329999999999999960e-01,-1.164588457553249867e+01
4.303000000000000158e-01,-1.149003030954560955e+01
4.277000000000000246e-01,-1.138738620246734357e+01
4.220999999999999752e-01,-1.148264098384367848e+01
4.190999999999999726e-01,-1.147076357958113135e+01
4.161000000000000254e-01,-1.139580786553616853e+01
4.096000000000000196e-01,-1.132296821639245898e+01
4.025000000000000244e-01,-1.117173791012563555e+01
3.986999999999999988e-01,-1.114229797580072656e+01
3.905000000000000138e-01,-1.105523904167023197e+01
3.860999999999999988e-01,-1.097487153162183660e+01
3.815999999999999948e-01,-1.109582441857891943e+01
3.769000000000000128e-01,-1.082997342271210073e+01
3.672000000000000264e-01,-1.086410048087909885e+01
3.622000000000000219e-01,-1.088776060315958460e+01
3.572000000000000175e-01,-1.071453026282595822e+01
3.523000000000000020e-01,-1.076144130491623763e+01
3.428999999999999826e-01,-1.076186340087095417e+01
3.386000000000000121e-01,-1.080959229499967122e+01
3.346999999999999975e-01,-1.070483213209813123e+01
3.281000000000000028e-01,-1.061126913060334687e+01
3.255000000000000115e-01,-1.070932566742338921e+01
3.232999999999999763e-01,-1.080394226096277244e+01
3.200999999999999956e-01,-1.076696311459769717e+01
3.189000000000000168e-01,-1.068667066848917635e+01
3.185000000000000053e-01,-1.079956091004155638e+01
3.183000000000000274e-01,-1.083233821805654173e+01
3.181999999999999829e-01,-1.089071938160535780e+01
3.180999999999999939e-01,-1.075154890302727395e+01
3.180000000000000049e-01,-1.064294599565623223e+01
3.179000000000000159e-01,-1.061771612909413776e+01
3.178000000000000269e-01,-1.075640976498978141e+01
3.175999999999999934e-01,-1.068123219363894094e+01
3.175000000000000044e-01,-1.084704252768730193e+01
3.174000000000000155e-01,-1.085416256834765747e+01
3.173000000000000265e-01,-1.084346333212254621e+01
3.171999999999999820e-01,-1.083099207456247193e+01
3.170999999999999930e-01,-1.074955992000628235e+01
3.169000000000000150e-01,-1.081019893351166417e+01
3.168000000000000260e-01,-1.074506725020360776e+01
3.165999999999999925e-01,-1.075183524897205878e+01
3.165000000000000036e-01,-1.062047865015387416e+01
3.164000000000000146e-01,-1.079262610332275329e+01
3.163000000000000256e-01,-1.075055012328797766e+01
3.161999999999999811e-01,-1.073257236229629008e+01
3.160999999999999921e-01,-1.079429172071372633e+01
3.159000000000000141e-01,-1.076976963168838353e+01
3.158000000000000251e-01,-1.074076740416856524e+01
3.156999999999999806e-01,-1.076517335208016668e+01
3.155999999999999917e-01,-1.070652085033620793e+01
3.155000000000000027e-01,-1.067224670101693107e+01
3.154000000000000137e-01,-1.074516745304537935e+01
3.153000000000000247e-01,-1.063741857009097380e+01
3.151999999999999802e-01,-1.070947226763400550e+01
3.150999999999999912e-01,-1.064724815348647446e+01
3.150000000000000022e-01,-1.068423260076646564e+01
3.149000000000000132e-01,-1.069105460116907125e+01
3.148000000000000242e-01,-1.066827822664264147e+01
3.146999999999999797e-01,-1.089383758750058639e+01
3.145999999999999908e-01,-1.087621588391658811e+01
3.145000000000000018e-01,-1.064932748257247219e+01
3.144000000000000128e-01,-1.054475287133038819e+01
3.143000000000000238e-01,-1.067909213451206973e+01
3.141999999999999793e-01,-1.063397787677694595e+01
3.140999999999999903e-01,-1.064826980474147611e+01
3.140000000000000013e-01,-1.057700482304602474e+01
3.139000000000000123e-01,-1.055512508216496492e+01
3.138000000000000234e-01,-1.061738518627992534e+01
3.136999999999999789e-01,-1.048263512256420249e+01
3.135999999999999899e-01,-1.064334213456280587e+01
3.135000000000000009e-01,-1.078502242205436623e+01
3.134000000000000119e-01,-1.068159421450500268e+01
3.133000000000000229e-01,-1.064581704410720953e+01
3.131999999999999784e-01,-1.076403706157932483e+01
3.130999999999999894e-01,-1.053045927118497360e+01
3.130000000000000004e-01,-1.062856874396271500e+01
3.129000000000000115e-01,-1.087135034538626677e+01
3.128000000000000225e-01,-1.055175192031668630e+01
3.126999999999999780e-01,-1.061444329746768034e+01
3.125999999999999890e-01,-1.069734161357333058e+01
3.125000000000000000e-01,-1.065543097365159753e+01
3.124000000000000110e-01,-1.064050539126221473e+01
3.123000000000000220e-01,-1.063732135701224024e+01
3.121999999999999775e-01,-1.069480871015559487e+01
3.120999999999999885e-01,-1.069272979259024225e+01
3.119999999999999996e-01,-1.058280082776698627e+01
3.119000000000000106e-01,-1.045306567356695737e+01
3.118000000000000216e-01,-1.062092005229111180e+01
3.116999999999999771e-01,-1.060942638008953409e+01
3.115999999999999881e-01,-1.066551417795279910e+01
3.114999999999999991e-01,-1.069724239550033573e+01
3.114000000000000101e-01,-1.064871994639077890e+01
3.113000000000000211e-01,-1.072450588776915126e+01
3.111999999999999766e-01,-1.060352223619751655e+01
3.110999999999999877e-01,-1.045044785655015218e+01
3.109999999999999987e-01,-1.058608644687016387e+01
3.109000000000000097e-01,-1.051850575823362988e+01
3.108000000000000207e-01,-1.051037273713823694e+01
3.106999999999999762e-01,-1.054806319779810408e+01
3.105999999999999872e-01,-1.070457704773399676e+01
3.104999999999999982e-01,-1.066430945125497054e+01
3.104000000000000092e-01,-1.068786213926234829e+01
3.103000000000000203e-01,-1.061963721051056453e+01
3.101999999999999758e-01,-1.070888247400644033e+01
3.100999999999999868e-01,-1.075810817767414562e+01
3.099999999999999978e-01,-1.060678717937791404e+01
3.099000000000000088e-01,-1.068420174423845559e+01
3.098000000000000198e-01,-1.057491813970384875e+01
3.096999999999999753e-01,-1.063182490097973698e+01
3.095999999999999863e-01,-1.051283974399762400e+01
3.094999999999999973e-01,-1.059322684378548374e+01
3.094000000000000083e-01,-1.075393961401226939e+01
3.093000000000000194e-01,-1.074803799630732293e+01
3.091999999999999749e-01,-1.074553244439797162e+01
3.090999999999999859e-01,-1.070112622895257815e+01
3.089999999999999969e-01,-1.071595227235188830e+01
3.089000000000000079e-01,-1.060483444606579972e+01
3.088000000000000189e-01,-1.060768550260361742e+01
3.086999999999999744e-01,-1.070317228286689293e+01
3.085999999999999854e-01,-1.060195978993877119e+01
3.084999999999999964e-01,-1.057031933371964705e+01
3.084000000000000075e-01,-1.040905713717279646e+01
3.083000000000000185e-01,-1.055668576729704888e+01
3.081999999999999740e-01,-1.058677825602786626e+01
3.080999999999999850e-01,-1.063929403753993697e+01
3.079999999999999960e-01,-1.062642800159808942e+01
3.079000000000000070e-01,-1.059180783315270169e+01
3.078000000000000180e-01,-1.042484170201193194e+01
3.076999999999999735e-01,-1.054004680042788422e+01
3.075999999999999845e-01,-1.069844035344524613e+01
3.074999999999999956e-01,-1.067258277662368471e+01
3.074000000000000066e-01,-1.073870889495938030e+01
3.073000000000000176e-01,-1.050986344329702149e+01
3.071999999999999731e-01,-1.072224605334036518e+01
3.070999999999999841e-01,-1.072167316235571377e+01
3.069999999999999951e-01,-1.054254963726445204e+01
3.069000000000000061e-01,-1.042511804824732380e+01
3.068000000000000171e-01,-1.057271208248439542e+01
3.066999999999999726e-01,-1.068695658791767400e+01
3.065999999999999837e-01,-1.067870740007210273e+01
3.064999999999999947e-01,-1.057587649602141688e+01
3.064000000000000057e-01,-1.056947920560664933e+01
3.063000000000000167e-01,-1.062928506549484098e+01
3.062000000000000277e-01,-1.044043762513553730e+01
3.060999999999999832e-01,-1.058293875361880332e+01
3.059999999999999942e-01,-1.051219424472995811e+01
3.059000000000000052e-01,-1.062067419271154201e+01
3.058000000000000163e-01,-1.074732968640640074e+01
3.057000000000000273e-01,-1.063682320835614803e+01
3.055999999999999828e-01,-1.069406014006209560e+01
3.054999999999999938e-01,-1.058876533079639692e+01
3.054000000000000048e-01,-1.063706080379461127e+01
