# T (K), dc/c (x 1e-5)
2.261200000000000099e+00,-0.000000000000000000e+00
2.260499999999999954e+00,4.241351201778043034e-02
2.259500000000000064e+00,5.931947932203036900e-02
2.258000000000000007e+00,7.850583694745100205e-02
2.257000000000000117e+00,8.725251592804975087e-03
2.253600000000000048e+00,-3.568319773708614889e-02
2.247500000000000053e+00,2.508516743901382240e-01
2.245400000000000063e+00,1.965227138544340946e-01
2.240400000000000169e+00,-2.345402176453332821e-01
2.238799999999999901e+00,1.351582124875559954e-01
2.235300000000000065e+00,-9.734211426281821899e-03
2.224699999999999900e+00,2.311185097363718105e-02
2.219300000000000050e+00,1.252229186309884723e-01
2.214500000000000135e+00,1.239510478514378455e-01
2.208600000000000119e+00,-4.286308834984542404e-02
2.203199999999999825e+00,2.905590426572311757e-02
2.198100000000000165e+00,1.154468259055400903e-01
2.187699999999999978e+00,1.690066374625135148e-01
2.182599999999999874e+00,2.697675402313359783e-01
2.178300000000000125e+00,7.036876742503445081e-03
2.177599999999999980e+00,4.448525708208514451e-02
2.167899999999999938e+00,1.574206746400444723e-01
2.163100000000000023e+00,3.093837782415942983e-01
2.158599999999999852e+00,1.973042345019800359e-01
2.155199999999999783e+00,3.212171122563868275e-01
2.149700000000000166e+00,1.937993540361126477e-01
2.145300000000000207e+00,7.904995946244296190e-02
2.140800000000000036e+00,1.061631011106982103e-01
2.131699999999999928e+00,4.567846694232546856e-01
2.129000000000000004e+00,7.774753933550895280e-01
2.127400000000000180e+00,4.833538544181132379e-01
2.118500000000000050e+00,4.608533066529198474e-01
2.114100000000000090e+00,4.755940610960598391e-01
2.109700000000000131e+00,4.481068122644433771e-01
2.101399999999999935e+00,3.340824554548668113e-01
2.097399999999999931e+00,5.520526030881791613e-01
2.093300000000000161e+00,6.126071041083783753e-01
2.084999999999999964e+00,5.529931105776892952e-01
2.080799999999999983e+00,7.888713798921395126e-01
2.076600000000000001e+00,5.768514208113550978e-01
2.068299999999999805e+00,5.616615077914119958e-01
2.063899999999999846e+00,4.630048509269126256e-01
2.060000000000000053e+00,9.906232259009615237e-01
2.059600000000000097e+00,6.955678521370711742e-01
2.051000000000000156e+00,7.621798346274262226e-01
2.046800000000000175e+00,8.372462569431740054e-01
2.038400000000000212e+00,5.950575294599511622e-01
2.034400000000000208e+00,6.302028835758564096e-01
2.030499999999999972e+00,9.101613086316597823e-01
2.022499999999999964e+00,9.241104981157340914e-01
2.021100000000000119e+00,8.733979068489611253e-01
2.018600000000000172e+00,8.127623994252670681e-01
2.014800000000000146e+00,8.646088511128289245e-01
2.007099999999999884e+00,8.106365001631261613e-01
2.003200000000000092e+00,6.804995910334680209e-01
1.999300000000000077e+00,1.081332741826972255e+00
1.993000000000000105e+00,1.009589404496274101e+00
1.991800000000000015e+00,1.114603984189092678e+00
1.987999999999999989e+00,1.121760597699861250e+00
1.987900000000000000e+00,9.593723997249536950e-01
1.985500000000000043e+00,1.009194677393837836e+00
1.984399999999999942e+00,1.050106490358619471e+00
1.984099999999999975e+00,1.093863484320821700e+00
1.983200000000000074e+00,1.079219079657919300e+00
1.978799999999999892e+00,9.857393063352317686e-01
1.976499999999999924e+00,1.176208283878879435e+00
1.975200000000000067e+00,1.040243266944612888e+00
1.974900000000000100e+00,1.007710375471970510e+00
1.974800000000000111e+00,9.220332480883641768e-01
1.974499999999999922e+00,1.106947491485033686e+00
1.974299999999999944e+00,1.177288580267378704e+00
1.973000000000000087e+00,1.111474394936131871e+00
1.972800000000000109e+00,9.120718327952290760e-01
1.972599999999999909e+00,1.167667029784388300e+00
1.972199999999999953e+00,1.046350266975244470e+00
1.971899999999999986e+00,1.041794511870766549e+00
1.971200000000000063e+00,1.178844150428364213e+00
1.971000000000000085e+00,8.051005630498909715e-01
1.968800000000000106e+00,8.017684835647745922e-01
1.968699999999999894e+00,1.076066503409990327e+00
1.967899999999999983e+00,9.939978441735877190e-01
1.967700000000000005e+00,9.652869078937256209e-01
1.966299999999999937e+00,1.169409464337280991e+00
1.965799999999999992e+00,7.322525016817708066e-01
1.965200000000000058e+00,9.559651576168149978e-01
1.963899999999999979e+00,1.156780014754401398e+00
1.963700000000000001e+00,6.977449830164461630e-01
1.963400000000000034e+00,1.260292483940168795e+00
1.961999999999999966e+00,1.161025067865362193e+00
1.961699999999999999e+00,8.705696551320222243e-01
1.960900000000000087e+00,1.031383219323301903e+00
1.960399999999999920e+00,8.764407812239136675e-01
1.959400000000000031e+00,1.125507104688533433e+00
1.958599999999999897e+00,1.112289497293031282e+00
1.958199999999999941e+00,8.901350629546408433e-01
1.957200000000000051e+00,9.648161767873524308e-01
1.957100000000000062e+00,1.095991897303466134e+00
1.956099999999999950e+00,8.861582258221654129e-01
1.955899999999999972e+00,1.191530617723106644e+00
1.954900000000000082e+00,1.313899455755631385e+00
1.953600000000000003e+00,9.323678526403349487e-01
1.953500000000000014e+00,1.090669038085814613e+00
1.953100000000000058e+00,1.484752775420591142e+00
1.951999999999999957e+00,1.072118748172696812e+00
1.951300000000000034e+00,1.046481620501173992e+00
1.950499999999999901e+00,8.548073154020316977e-01
1.949799999999999978e+00,9.442398191548875275e-01
1.949699999999999989e+00,9.151150125427274240e-01
1.949000000000000066e+00,1.206822983660922333e+00
1.948600000000000110e+00,8.984309966727057617e-01
1.948499999999999899e+00,8.927738043825427239e-01
1.948299999999999921e+00,9.286996929007504953e-01
1.948099999999999943e+00,8.634673401158605710e-01
1.947999999999999954e+00,1.051431267106751832e+00
1.947899999999999965e+00,1.052200092601035974e+00
1.947799999999999976e+00,1.113654540271249216e+00
1.947699999999999987e+00,1.148433613158261091e+00
1.947599999999999998e+00,1.175349850782094085e+00
1.947500000000000009e+00,1.152339971923150186e+00
1.947400000000000020e+00,9.220067707124733891e-01
1.947300000000000031e+00,7.530882095673364640e-01
1.947200000000000042e+00,9.439586275779418001e-01
1.946800000000000086e+00,8.178056948898683176e-01
1.946700000000000097e+00,1.066712458263176622e+00
1.946600000000000108e+00,7.221755513172386509e-01
1.946499999999999897e+00,9.236486901096621072e-01
1.946399999999999908e+00,9.288800335598883517e-01
1.946299999999999919e+00,9.088485090384506027e-01
1.946199999999999930e+00,9.256175764324556798e-01
1.946099999999999941e+00,1.088287264591585091e+00
1.945999999999999952e+00,9.393769740216997288e-01
1.945799999999999974e+00,1.106697968134310761e+00
1.945699999999999985e+00,8.037628740514531911e-01
1.945599999999999996e+00,1.277000065923487471e+00
1.945500000000000007e+00,1.100988424132141486e+00
1.945400000000000018e+00,9.248506099423983162e-01
1.945200000000000040e+00,7.546983135844638202e-01
1.945100000000000051e+00,9.664170252362060953e-01
1.945000000000000062e+00,1.065954292504031509e+00
1.944900000000000073e+00,7.133576376382915196e-01
1.944800000000000084e+00,1.104311267177715106e+00
1.944700000000000095e+00,1.233938297772775528e+00
1.944600000000000106e+00,1.261890873280476555e+00
1.944399999999999906e+00,1.123718111804145048e+00
1.944299999999999917e+00,1.171879703776583792e+00
1.944199999999999928e+00,1.214786588230824194e+00
1.944099999999999939e+00,1.229220199057867946e+00
1.943999999999999950e+00,1.263944049018691285e+00
1.943799999999999972e+00,1.020600354635203155e+00
1.943599999999999994e+00,8.890547340657503073e-01
1.943400000000000016e+00,1.030749518315010826e+00
1.943100000000000049e+00,1.043056759300674097e+00
1.942700000000000093e+00,1.016210165090815076e+00
1.942499999999999893e+00,1.031192848692193964e+00
1.942399999999999904e+00,1.263864988713361948e+00
1.942099999999999937e+00,1.088171962764796552e+00
1.941999999999999948e+00,1.259925298420657480e+00
1.941899999999999959e+00,8.429524606180013313e-01
1.941799999999999971e+00,1.270882802636096542e+00
1.941200000000000037e+00,9.610293828718040610e-01
1.941100000000000048e+00,1.118400139370461677e+00
1.940800000000000081e+00,1.179229841255188260e+00
1.940499999999999892e+00,5.710574826003986804e-01
1.940399999999999903e+00,1.136692628902514990e+00
1.940199999999999925e+00,1.325639624637545699e+00
1.939400000000000013e+00,1.394066192021269801e+00
1.939300000000000024e+00,9.821462041559011480e-01
1.939200000000000035e+00,8.687392375894207319e-01
1.938900000000000068e+00,1.196882675707729993e+00
1.938800000000000079e+00,1.144993470497831289e+00
1.938600000000000101e+00,8.180524413128583694e-01
1.938299999999999912e+00,8.736365368492913230e-01
1.938199999999999923e+00,1.054847095980910865e+00
1.937899999999999956e+00,8.267882266860433482e-01
1.937599999999999989e+00,9.553257660603609036e-01
1.937400000000000011e+00,1.221296296019590111e+00
1.937100000000000044e+00,1.009399872114969954e+00
1.936900000000000066e+00,1.193828959672894152e+00
1.936500000000000110e+00,1.027690508870410691e+00
1.936399999999999899e+00,1.080580146136517206e+00
1.936199999999999921e+00,9.864917034610410917e-01
1.935899999999999954e+00,1.187923760436241372e+00
1.935400000000000009e+00,1.099111821858999027e+00
1.935200000000000031e+00,1.172862655992429781e+00
1.935000000000000053e+00,1.153198947698142351e+00
1.934800000000000075e+00,1.215106793101819127e+00
1.934700000000000086e+00,1.246474002293855188e+00
1.934399999999999897e+00,1.229601812277191231e+00
1.934299999999999908e+00,1.130212029301549181e+00
1.934199999999999919e+00,1.150120087549367121e+00
1.933999999999999941e+00,1.172592786452672176e+00
1.933899999999999952e+00,9.521451965843839016e-01
1.933799999999999963e+00,9.235241278876884508e-01
1.933599999999999985e+00,1.047120987917454782e+00
1.933499999999999996e+00,1.044389372709944253e+00
1.932800000000000074e+00,1.170311373972711566e+00
1.931499999999999995e+00,9.135678633624515488e-01
1.931300000000000017e+00,9.928183066170489512e-01
1.930700000000000083e+00,1.020187450543881269e+00
1.930299999999999905e+00,1.198941209384972284e+00
1.929799999999999960e+00,1.179545180961770523e+00
1.929200000000000026e+00,1.307601104428342875e+00
1.928800000000000070e+00,1.212552720795175620e+00
1.927499999999999991e+00,9.255215244013481612e-01
1.926700000000000079e+00,1.029676266095015169e+00
1.925999999999999934e+00,1.368178048235407340e+00
1.925699999999999967e+00,1.059669276961020978e+00
1.925499999999999989e+00,1.206378349830517172e+00
1.925200000000000022e+00,1.193540136829865039e+00
1.925100000000000033e+00,1.022711540884244430e+00
1.924800000000000066e+00,1.141296290150953574e+00
1.923599999999999977e+00,9.778768702501609011e-01
1.923499999999999988e+00,1.044375158621335897e+00
1.923300000000000010e+00,1.183989836258661166e+00
1.922600000000000087e+00,1.198739012587212382e+00
1.922500000000000098e+00,8.674099121389663436e-01
1.921799999999999953e+00,7.820553701009483882e-01
1.921699999999999964e+00,1.060760261152485118e+00
1.921200000000000019e+00,1.076827533810428950e+00
1.920800000000000063e+00,1.043716405583930307e+00
1.920700000000000074e+00,7.519676101189242123e-01
1.920500000000000096e+00,1.078804304838480999e+00
1.920199999999999907e+00,1.167285585327898723e+00
1.919699999999999962e+00,1.037713712985564696e+00
1.919599999999999973e+00,1.258015756536623675e+00
1.919300000000000006e+00,1.196220637703559575e+00
1.915799999999999947e+00,1.019925007631275360e+00
1.915699999999999958e+00,1.180820209439339186e+00
1.911899999999999933e+00,1.087501105433326343e+00
1.908099999999999907e+00,1.215958279520020557e+00
1.906300000000000106e+00,1.133191797021986247e+00
1.903499999999999970e+00,1.270805221801523111e+00
1.901499999999999968e+00,1.175748289455251339e+00
1.900700000000000056e+00,1.098661297858384511e+00
1.897199999999999998e+00,1.198247481271562886e+00
1.893499999999999961e+00,1.108323551196068513e+00
1.891999999999999904e+00,1.136028164260547646e+00
1.887399999999999967e+00,1.095028719875611900e+00
1.886400000000000077e+00,1.372902351540953969e+00
1.883999999999999897e+00,1.451004564877547143e+00
1.883799999999999919e+00,1.297347632734833223e+00
1.883399999999999963e+00,1.517272180479121380e+00
1.882900000000000018e+00,1.286338165596540462e+00
1.882800000000000029e+00,1.279154663543554449e+00
1.882400000000000073e+00,1.533882708773461223e+00
1.881599999999999939e+00,9.844299893310226590e-01
1.880300000000000082e+00,1.246072618179714819e+00
1.879299999999999971e+00,1.305565931363958931e+00
1.878900000000000015e+00,1.228488025631292890e+00
1.877499999999999947e+00,1.314585028448279402e+00
1.876300000000000079e+00,1.390049005622873590e+00
1.875699999999999923e+00,1.086160310729438860e+00
1.874300000000000077e+00,1.519177435525278286e+00
1.874200000000000088e+00,1.254069445037189423e+00
1.873499999999999943e+00,1.635624795536254616e+00
1.872100000000000097e+00,1.298583740988652258e+00
1.870100000000000096e+00,1.425939012000355000e+00
1.869499999999999940e+00,1.674340932624374334e+00
1.868400000000000061e+00,1.125655585864433927e+00
1.868200000000000083e+00,1.501151503603844528e+00
1.866900000000000004e+00,1.236670657768675019e+00
1.866100000000000092e+00,1.249618754385986019e+00
1.864700000000000024e+00,1.367424021496291608e+00
1.864200000000000079e+00,1.303662220913243130e+00
1.862800000000000011e+00,1.227609937020160302e+00
1.861199999999999966e+00,1.087320360404486763e+00
1.859499999999999931e+00,1.085747559733665435e+00
1.859099999999999975e+00,9.153336815369024215e-01
1.858600000000000030e+00,1.123249880266422807e+00
1.857799999999999896e+00,1.085968678046843161e+00
1.857399999999999940e+00,1.253632982101170468e+00
1.856800000000000006e+00,1.157269714577215725e+00
1.855900000000000105e+00,1.336092828885921291e+00
1.855199999999999960e+00,1.298248965181901582e+00
1.854400000000000048e+00,1.558878004224995006e+00
1.854200000000000070e+00,1.239516937635788851e+00
1.852800000000000002e+00,1.482366853862459699e+00
1.851399999999999935e+00,9.584401439558225544e-01
1.850700000000000012e+00,1.235391609334278051e+00
1.849299999999999944e+00,1.342726616597998079e+00
1.848600000000000021e+00,9.189982179786445604e-01
1.847299999999999942e+00,1.284360291975081392e+00
1.846899999999999986e+00,1.042937493808010041e+00
1.846799999999999997e+00,1.179993768810668531e+00
1.844300000000000050e+00,1.322589124877937783e+00
1.843900000000000095e+00,1.495163057446983634e+00
1.843399999999999928e+00,1.338678411511766697e+00
1.843299999999999939e+00,1.214272476248281052e+00
1.843199999999999950e+00,1.304634224220577732e+00
1.842999999999999972e+00,1.400616406482119158e+00
1.841099999999999959e+00,1.194003845318486023e+00
1.838999999999999968e+00,1.286552829701413270e+00
1.834699999999999998e+00,1.242152043692476671e+00
1.832600000000000007e+00,1.231435729644354771e+00
1.830500000000000016e+00,1.201328630255995567e+00
1.826300000000000034e+00,1.193935587986819868e+00
1.824300000000000033e+00,8.975635304556399685e-01
1.822100000000000053e+00,1.073819728961362019e+00
1.817900000000000071e+00,9.987127207015250585e-01
1.815900000000000070e+00,1.159965328243958815e+00
1.813900000000000068e+00,1.275700400038873861e+00
1.809800000000000075e+00,1.494169417911575204e+00
1.807900000000000063e+00,1.528674733628984761e+00
1.806000000000000050e+00,1.387470849035653542e+00
1.802400000000000002e+00,1.186187361066747714e+00
1.800599999999999978e+00,9.296141866598330861e-01
1.798599999999999977e+00,1.202492945393028867e+00
1.794999999999999929e+00,1.378128255518111134e+00
1.794000000000000039e+00,1.262019460350201072e+00
1.793700000000000072e+00,1.032096070385183584e+00
1.793299999999999894e+00,1.056865794304452599e+00
1.793199999999999905e+00,1.197112655983980867e+00
1.793099999999999916e+00,1.041837050868633430e+00
1.792699999999999960e+00,1.158008818621697689e+00
1.792399999999999993e+00,1.261900696105148212e+00
1.792100000000000026e+00,1.094996879406743506e+00
1.791600000000000081e+00,1.026242169418546180e+00
1.791500000000000092e+00,1.093566900413106779e+00
1.790899999999999936e+00,7.838693710666631009e-01
1.790699999999999958e+00,1.031922283423344133e+00
1.789900000000000047e+00,9.688814660197258011e-01
1.789600000000000080e+00,1.216130838656293012e+00
1.789500000000000091e+00,8.474799928327638732e-01
1.788899999999999935e+00,1.197202064752910911e+00
1.788599999999999968e+00,1.180253606106488773e+00
1.788100000000000023e+00,1.246884829991107280e+00
1.787900000000000045e+00,1.100394462313306843e+00
1.787600000000000078e+00,1.187729605581482772e+00
1.786899999999999933e+00,1.362752803171925819e+00
1.786599999999999966e+00,1.348187543273636768e+00
1.786399999999999988e+00,1.179799143362640912e+00
1.786000000000000032e+00,1.120492526567907987e+00
1.785600000000000076e+00,1.305606657504279289e+00
1.785300000000000109e+00,1.165580162078750037e+00
1.784999999999999920e+00,1.261758923509922248e+00
1.784899999999999931e+00,1.080739687422732187e+00
1.784699999999999953e+00,1.038355398924671436e+00
1.784399999999999986e+00,9.877289993115391242e-01
1.784000000000000030e+00,1.158828125818718968e+00
1.783400000000000096e+00,1.131465713251670335e+00
1.783300000000000107e+00,1.347910879293261477e+00
1.782799999999999940e+00,1.449027567913319992e+00
1.782499999999999973e+00,1.443718684280876019e+00
1.781800000000000050e+00,9.825426558211693973e-01
1.781700000000000061e+00,9.515864649759431249e-01
1.781500000000000083e+00,1.243650263817891011e+00
1.781099999999999905e+00,1.039174805034823068e+00
1.780499999999999972e+00,1.086081024145152840e+00
1.780299999999999994e+00,9.943689833763134089e-01
1.779900000000000038e+00,1.322650636811440350e+00
1.779800000000000049e+00,1.572813215912132856e+00
1.779300000000000104e+00,1.227773731826546033e+00
1.779099999999999904e+00,1.244287831468366523e+00
1.778499999999999970e+00,1.255422785104306271e+00
1.778399999999999981e+00,1.094728475627680053e+00
1.778100000000000014e+00,1.180592899547813213e+00
1.778000000000000025e+00,1.220692138720336217e+00
1.777800000000000047e+00,1.118904408672211082e+00
1.777199999999999891e+00,1.262229223541371237e+00
1.776799999999999935e+00,1.265077095325144452e+00
1.776200000000000001e+00,1.407729407449449965e+00
1.775900000000000034e+00,1.407963449745128326e+00
1.775300000000000100e+00,1.600676805634296818e+00
1.775099999999999900e+00,1.244278907090571540e+00
1.774999999999999911e+00,1.330369071303114215e+00
1.774299999999999988e+00,1.355442534958762213e+00
1.773900000000000032e+00,9.569821726925072936e-01
1.773300000000000098e+00,9.689591914671366046e-01
1.772899999999999920e+00,9.704544813054398755e-01
1.772599999999999953e+00,1.486376901973975651e+00
1.772000000000000020e+00,1.108283611978618577e+00
1.771800000000000042e+00,1.406089483367979343e+00
1.771300000000000097e+00,1.146527115328450419e+00
1.770899999999999919e+00,1.593250115815660894e+00
1.770199999999999996e+00,1.265532177381796464e+00
1.770000000000000018e+00,1.433213811929783033e+00
1.769700000000000051e+00,1.591696725640229459e+00
1.769200000000000106e+00,1.328848940354066865e+00
1.768999999999999906e+00,1.421326692587604912e+00
1.768799999999999928e+00,1.396974318682150606e+00
1.768599999999999950e+00,9.555946786613802590e-01
1.768000000000000016e+00,1.367807836268769117e+00
1.767300000000000093e+00,1.354719740334674460e+00
1.767200000000000104e+00,1.240124439728972350e+00
1.766999999999999904e+00,1.191714339970613157e+00
1.766899999999999915e+00,1.272760198082470096e+00
1.766599999999999948e+00,1.436865914417159829e+00
1.765900000000000025e+00,1.364409036226101657e+00
1.765700000000000047e+00,1.284803273969071569e+00
1.765500000000000069e+00,1.355628446530771747e+00
1.764799999999999924e+00,1.402393659372894952e+00
1.764599999999999946e+00,1.195103648087784354e+00
1.764299999999999979e+00,1.320300391196671308e+00
1.763600000000000056e+00,1.264873841504143837e+00
1.763300000000000090e+00,9.808014820010926282e-01
1.762899999999999912e+00,1.034205555618312511e+00
1.762599999999999945e+00,1.214700735070761262e+00
1.762100000000000000e+00,1.338967793005230833e+00
1.761900000000000022e+00,1.367970733229836755e+00
1.761600000000000055e+00,1.195572849209056265e+00
1.761100000000000110e+00,1.345292703878162799e+00
1.760999999999999899e+00,1.072817767940569045e+00
1.760599999999999943e+00,1.066475058598666648e+00
1.760399999999999965e+00,1.041597119267982707e+00
1.759600000000000053e+00,9.355736501391728188e-01
1.759300000000000086e+00,1.151319152368633913e+00
1.758999999999999897e+00,1.428701763641856415e+00
1.758699999999999930e+00,1.041722948674989491e+00
1.758199999999999985e+00,1.121036491426655068e+00
1.758000000000000007e+00,1.062636854208586223e+00
1.757400000000000073e+00,1.607363555733670513e+00
1.757300000000000084e+00,9.547127872577702012e-01
1.756999999999999895e+00,8.985083726447632424e-01
1.756899999999999906e+00,1.254634915541096296e+00
1.756699999999999928e+00,1.143953992267430220e+00
1.756099999999999994e+00,1.293278910492918987e+00
1.755800000000000027e+00,1.578291333847103406e+00
1.755600000000000049e+00,1.459861419789826753e+00
1.755500000000000060e+00,1.370895703284346068e+00
1.755200000000000093e+00,1.189944782512388333e+00
1.754899999999999904e+00,1.186098060406500121e+00
1.754199999999999982e+00,1.111496717267940415e+00
1.753800000000000026e+00,6.967872715804438455e-01
1.753400000000000070e+00,9.130658183184592325e-01
1.752899999999999903e+00,1.344129456894941566e+00
1.752799999999999914e+00,1.285217204724216744e+00
1.752599999999999936e+00,1.432506882522908143e+00
1.752099999999999991e+00,1.274261468733124847e+00
1.751800000000000024e+00,1.224456429087857678e+00
1.751700000000000035e+00,1.324553567109997942e+00
1.751300000000000079e+00,1.416937480613347011e+00
1.751100000000000101e+00,1.244381008954362544e+00
1.750799999999999912e+00,1.200462641960361010e+00
1.750699999999999923e+00,1.354285989500661369e+00
1.750099999999999989e+00,1.092048225614797641e+00
1.749800000000000022e+00,1.402578996888997453e+00
1.749300000000000077e+00,9.285949873383010367e-01
1.749000000000000110e+00,1.153926870987842968e+00
1.748699999999999921e+00,1.381307140890840612e+00
1.748499999999999943e+00,1.113159576453226940e+00
1.747900000000000009e+00,1.251003953875668318e+00
1.747600000000000042e+00,1.060786581373400983e+00
1.747400000000000064e+00,1.185863584752242739e+00
1.747300000000000075e+00,1.152432746993675261e+00
1.747100000000000097e+00,1.216977331131409823e+00
1.746699999999999919e+00,1.083241845719023821e+00
1.746499999999999941e+00,1.244227431137535866e+00
1.746399999999999952e+00,1.105769866003290192e+00
1.746099999999999985e+00,1.047131393950282652e+00
1.745900000000000007e+00,1.257056503887847621e+00
1.745500000000000052e+00,1.304106961157939892e+00
1.745100000000000096e+00,1.193298825381350792e+00
1.744799999999999907e+00,1.090976914200629810e+00
1.744699999999999918e+00,1.143886390600999725e+00
1.744399999999999951e+00,1.046265588182100359e+00
1.744099999999999984e+00,1.037178502324596518e+00
1.743999999999999995e+00,1.254750243681688415e+00
1.743800000000000017e+00,1.209776828389936609e+00
1.743300000000000072e+00,1.107784491014744965e+00
1.743000000000000105e+00,1.195851688996167006e+00
1.742299999999999960e+00,1.173833011609598742e+00
1.742199999999999971e+00,9.012576522925619393e-01
1.742099999999999982e+00,1.443342478094750581e+00
1.741900000000000004e+00,1.113422252531880208e+00
1.741800000000000015e+00,1.123255451497312762e+00
1.741500000000000048e+00,1.297468036754747311e+00
1.741300000000000070e+00,1.294830121566963310e+00
1.741000000000000103e+00,1.313546735318962488e+00
1.740699999999999914e+00,1.351974796020291913e+00
1.740399999999999947e+00,1.332474585359752162e+00
1.739800000000000013e+00,1.194918906727120200e+00
1.739500000000000046e+00,1.294098197343867440e+00
1.738899999999999890e+00,1.055424047093555640e+00
1.738599999999999923e+00,8.953760337126072111e-01
1.737900000000000000e+00,9.478554237432037510e-01
1.737600000000000033e+00,1.281005007230072490e+00
1.737200000000000077e+00,1.439215241846262483e+00
1.736399999999999944e+00,1.617939206418348208e+00
1.736099999999999977e+00,1.673440307122723958e+00
1.735899999999999999e+00,1.446889199831148831e+00
1.735300000000000065e+00,1.541175287763318025e+00
1.735000000000000098e+00,1.268638280580206557e+00
1.734499999999999931e+00,1.262363898574172305e+00
1.734199999999999964e+00,1.444377979339310336e+00
1.733899999999999997e+00,1.278884333097050074e+00
1.733200000000000074e+00,1.043134811827117092e+00
1.732799999999999896e+00,1.107589309454507953e+00
1.732399999999999940e+00,1.090956800872439292e+00
1.731700000000000017e+00,1.349660956110232624e+00
1.731400000000000050e+00,1.114534249624788975e+00
1.731100000000000083e+00,1.285528885819971379e+00
1.730399999999999938e+00,1.166870469153933110e+00
1.730099999999999971e+00,1.344563471869899107e+00
1.729400000000000048e+00,1.601633719906553566e+00
1.729000000000000092e+00,1.459626232086226327e+00
1.728299999999999947e+00,1.570400674407693264e+00
1.727999999999999980e+00,1.557352742810884649e+00
1.727700000000000014e+00,1.387777331693005323e+00
1.727000000000000091e+00,1.337534998411800791e+00
1.726799999999999891e+00,1.087087720062144935e+00
1.726199999999999957e+00,1.012944267210122984e+00
1.725899999999999990e+00,1.278148730260008525e+00
1.725200000000000067e+00,1.066976566252235914e+00
1.724900000000000100e+00,1.048788277487142873e+00
1.724699999999999900e+00,1.233412936468445853e+00
1.724099999999999966e+00,1.225877745641675398e+00
1.723700000000000010e+00,1.155091914089787064e+00
1.723400000000000043e+00,1.054440369775895059e+00
1.722800000000000109e+00,1.104360902117211163e+00
1.722399999999999931e+00,9.711494037207982766e-01
1.721700000000000008e+00,1.311136668160381324e+00
1.721300000000000052e+00,1.328547916128381745e+00
1.721000000000000085e+00,1.212088726758168367e+00
1.720299999999999940e+00,1.259483398246175279e+00
1.719999999999999973e+00,1.068612693888278509e+00
1.719700000000000006e+00,1.351839857514545162e+00
1.719100000000000072e+00,1.294677298930581921e+00
1.718699999999999894e+00,1.139677890543678185e+00
1.718399999999999928e+00,1.265859503147117149e+00
1.717799999999999994e+00,1.436804910545782743e+00
1.717400000000000038e+00,1.233071490995378605e+00
1.716800000000000104e+00,1.299345289811765225e+00
1.716399999999999926e+00,1.254453946082537019e+00
1.716099999999999959e+00,9.421967593557702969e-01
1.715500000000000025e+00,8.682059378424793472e-01
1.715100000000000069e+00,9.120719162144814707e-01
1.714800000000000102e+00,9.010176083325055485e-01
1.714099999999999957e+00,1.081644715560450720e+00
1.713799999999999990e+00,1.009146744566902676e+00
1.713400000000000034e+00,1.148080922774548762e+00
1.712699999999999889e+00,1.351730621185600167e+00
1.712399999999999922e+00,1.075955570490976454e+00
1.711699999999999999e+00,1.245908670292460885e+00
1.711400000000000032e+00,1.123311146912497893e+00
1.711100000000000065e+00,1.237240259896466021e+00
1.710499999999999909e+00,1.014237284210992796e+00
1.710099999999999953e+00,1.171672126730537000e+00
1.709799999999999986e+00,1.316244459823772139e+00
1.709200000000000053e+00,1.137954263066192073e+00
1.708800000000000097e+00,1.163080650452320786e+00
1.708499999999999908e+00,1.069732562381528806e+00
1.707799999999999985e+00,8.815876677781926407e-01
1.707400000000000029e+00,9.215169947239141290e-01
1.707100000000000062e+00,8.550311233273708567e-01
1.706399999999999917e+00,1.089364425532974190e+00
1.706099999999999950e+00,9.133918806724208306e-01
1.705899999999999972e+00,9.809138823898069237e-01
1.705200000000000049e+00,9.106021664749466282e-01
1.704900000000000082e+00,1.120907562494172671e+00
1.704599999999999893e+00,1.212132919066813308e+00
1.703999999999999959e+00,1.233216433787543753e+00
1.703699999999999992e+00,9.175538423133707822e-01
1.703000000000000069e+00,9.620726196235638294e-01
1.702700000000000102e+00,1.001917171787060967e+00
1.702399999999999913e+00,1.089449082598489937e+00
1.701600000000000001e+00,1.036375738902540755e+00
1.701400000000000023e+00,1.086210881219486835e+00
1.700900000000000079e+00,1.062913069555144974e+00
1.700399999999999912e+00,1.053665924471373305e+00
1.699999999999999956e+00,9.682317120910918229e-01
1.699600000000000000e+00,1.373540917732783306e+00
1.699100000000000055e+00,1.598675631943172970e+00
1.698700000000000099e+00,1.507744725593763935e+00
1.698099999999999943e+00,1.182685210819709010e+00
1.697699999999999987e+00,1.142978194718134999e+00
1.697300000000000031e+00,1.139651387556438467e+00
1.696800000000000086e+00,1.108994280434798085e+00
1.696399999999999908e+00,1.235581935744747728e+00
1.696099999999999941e+00,9.735552199909794924e-01
1.695400000000000018e+00,7.964705121669231058e-01
1.695000000000000062e+00,8.050236111103006298e-01
1.694700000000000095e+00,1.094501879165426628e+00
1.694099999999999939e+00,1.181162256521446796e+00
1.693699999999999983e+00,1.158985251917612924e+00
1.693100000000000049e+00,8.926226159490904255e-01
1.692800000000000082e+00,9.361039768223050617e-01
1.692499999999999893e+00,8.911921709737081754e-01
1.691799999999999971e+00,1.004078797507538479e+00
1.691400000000000015e+00,1.036057119864464582e+00
1.690800000000000081e+00,1.223859883167101925e+00
1.690499999999999892e+00,9.884546691868575374e-01
1.690099999999999936e+00,9.796175189435291086e-01
1.689500000000000002e+00,1.178028650708831560e+00
1.689200000000000035e+00,1.091898282094480699e+00
1.688600000000000101e+00,1.101264861995627120e+00
1.688199999999999923e+00,1.256931875994512282e+00
1.687899999999999956e+00,1.077187023492917062e+00
1.687400000000000011e+00,1.289344654857387473e+00
1.687000000000000055e+00,1.177828177354334871e+00
1.686700000000000088e+00,1.419989945553772337e+00
1.686199999999999921e+00,1.284901511454383805e+00
1.685899999999999954e+00,1.185564410655917333e+00
1.685300000000000020e+00,1.036514943807175237e+00
1.685000000000000053e+00,1.264038950052294163e+00
1.684600000000000097e+00,1.250254000103776519e+00
1.683899999999999952e+00,1.291796956231637816e+00
1.683499999999999996e+00,1.196721807328110065e+00
1.683200000000000029e+00,1.091708242083712754e+00
1.682399999999999896e+00,8.967744275114111208e-01
1.681999999999999940e+00,9.568191902963951723e-01
1.681799999999999962e+00,1.030839541174555229e+00
1.681499999999999995e+00,9.954124605026118955e-01
1.680800000000000072e+00,6.779845508227393402e-01
1.680399999999999894e+00,9.258056646450386618e-01
1.679699999999999971e+00,9.247854863461907327e-01
1.679499999999999993e+00,1.098109257602472244e+00
1.679100000000000037e+00,1.116243799014404292e+00
1.678399999999999892e+00,1.026717250712512186e+00
1.678099999999999925e+00,1.034768511443714845e+00
1.677499999999999991e+00,1.046443039704001654e+00
1.677200000000000024e+00,1.141495036197895496e+00
1.676900000000000057e+00,1.255361988556670472e+00
1.676299999999999901e+00,1.178132495928863266e+00
1.675899999999999945e+00,1.225558278383667599e+00
1.675499999999999989e+00,1.295637150318081465e+00
1.674900000000000055e+00,1.330195851276488650e+00
1.674500000000000099e+00,1.428518047376283517e+00
1.674099999999999921e+00,1.252648554798669878e+00
1.673399999999999999e+00,1.175510029654300181e+00
1.673000000000000043e+00,1.069955525695291065e+00
1.672400000000000109e+00,1.065786284822197949e+00
1.672099999999999920e+00,1.082850563125805410e+00
1.671499999999999986e+00,9.290517422478032916e-01
1.671200000000000019e+00,9.255377425487028020e-01
1.670600000000000085e+00,8.400146846066109951e-01
1.670299999999999896e+00,1.110212269336851687e+00
1.669599999999999973e+00,1.077174056467915531e+00
1.669200000000000017e+00,1.186942234336477942e+00
1.668900000000000050e+00,1.251834054913228744e+00
1.668199999999999905e+00,1.487569173407358170e+00
1.667899999999999938e+00,1.335745284579978653e+00
1.667599999999999971e+00,9.480125972260913247e-01
1.667000000000000037e+00,1.037999088340899156e+00
1.666700000000000070e+00,8.304604340067132107e-01
1.666400000000000103e+00,8.432031042478107530e-01
1.665699999999999958e+00,9.680490800215765246e-01
1.665499999999999980e+00,1.392522688059062208e+00
1.664800000000000058e+00,1.519178054626120877e+00
1.664400000000000102e+00,1.371714369986245297e+00
1.664099999999999913e+00,1.125067347022769448e+00
1.663399999999999990e+00,1.053657389705206837e+00
1.663000000000000034e+00,6.823399689037277227e-01
1.662700000000000067e+00,1.162699099866814967e+00
1.662099999999999911e+00,1.249294779568136393e+00
1.661799999999999944e+00,1.270972400208231656e+00
1.661499999999999977e+00,1.148157083888010632e+00
1.661000000000000032e+00,1.078801618404701568e+00
1.660700000000000065e+00,9.865202275934027432e-01
1.660300000000000109e+00,7.234155266048342137e-01
1.659699999999999953e+00,9.710794225053793749e-01
1.659399999999999986e+00,1.227456336159332251e+00
1.658800000000000052e+00,1.132961960991765382e+00
1.658099999999999907e+00,1.167134067294058664e+00
1.657499999999999973e+00,1.071140668914075000e+00
1.657200000000000006e+00,1.008867437239159059e+00
1.656800000000000050e+00,8.389701995055324213e-01
1.656199999999999894e+00,5.859586520800229570e-01
1.655899999999999928e+00,5.677580498000736053e-01
1.655200000000000005e+00,9.493368760412355112e-01
1.654900000000000038e+00,7.883086173372669814e-01
1.654199999999999893e+00,1.175801860648284070e+00
1.653899999999999926e+00,1.208112619619536199e+00
1.653200000000000003e+00,1.056458519965090659e+00
1.652900000000000036e+00,9.932662548246558032e-01
1.652199999999999891e+00,1.368813243599075857e+00
1.651799999999999935e+00,1.151797868480155307e+00
1.651499999999999968e+00,1.096903431130292761e+00
1.650900000000000034e+00,1.154092320562174701e+00
1.650500000000000078e+00,1.025184923811339299e+00
1.649799999999999933e+00,1.098821959471043996e+00
1.649499999999999966e+00,1.020295801204746722e+00
1.649299999999999988e+00,9.495092949464737364e-01
1.648600000000000065e+00,9.568165181409729048e-01
1.648200000000000109e+00,1.184152417247762434e+00
1.647599999999999953e+00,1.063408690847589266e+00
1.647299999999999986e+00,1.142983639858632383e+00
1.647000000000000020e+00,8.163845017996165243e-01
1.646300000000000097e+00,1.049435761406661172e+00
1.645999999999999908e+00,8.797281378635943838e-01
1.645699999999999941e+00,1.197098077461346888e+00
1.645100000000000007e+00,1.148882038661935168e+00
1.644800000000000040e+00,1.138728651051352125e+00
1.644099999999999895e+00,1.143289063958207175e+00
1.643699999999999939e+00,1.054959774209919487e+00
1.643299999999999983e+00,8.786836142469491850e-01
1.642800000000000038e+00,8.118754569699793144e-01
1.642500000000000071e+00,9.591484089555534220e-01
1.642200000000000104e+00,9.930279883810797514e-01
1.641599999999999948e+00,1.008558665197066384e+00
1.641199999999999992e+00,1.154364899588755655e+00
1.640600000000000058e+00,1.027134603479571640e+00
1.640300000000000091e+00,9.630241407383721697e-01
1.639899999999999913e+00,8.739899877864076849e-01
1.639299999999999979e+00,1.255724082679433362e+00
1.639000000000000012e+00,1.198169276702049979e+00
1.638300000000000090e+00,1.024569915128925146e+00
1.637999999999999901e+00,8.897121922787518677e-01
1.637699999999999934e+00,1.005073379013450285e+00
1.637000000000000011e+00,8.813084277811168432e-01
1.636700000000000044e+00,1.037602818518496450e+00
1.636400000000000077e+00,7.724306044508281177e-01
1.635699999999999932e+00,9.125723568976454869e-01
1.635499999999999954e+00,9.131814515648835062e-01
1.634800000000000031e+00,8.835887110870445094e-01
1.634400000000000075e+00,7.331883420134965856e-01
1.633799999999999919e+00,6.806493448740027485e-01
1.633499999999999952e+00,4.381426126218428974e-01
1.633099999999999996e+00,6.708075974421433552e-01
1.632400000000000073e+00,6.597438609633101692e-01
1.632100000000000106e+00,1.050774352555588820e+00
1.631499999999999950e+00,1.137254733857610001e+00
1.631099999999999994e+00,9.214108481569007747e-01
1.630400000000000071e+00,1.136961159876447747e+00
1.630100000000000104e+00,1.024368212122609645e+00
1.629699999999999926e+00,1.161908221061010327e+00
1.629099999999999993e+00,1.217645255709794316e+00
1.628800000000000026e+00,1.304696732396079639e+00
1.628200000000000092e+00,1.029955821974090302e+00
1.627899999999999903e+00,1.076366651422510978e+00
1.627499999999999947e+00,1.214588602572097109e+00
1.626900000000000013e+00,9.062680259378776970e-01
1.626600000000000046e+00,7.594429012056005401e-01
1.626200000000000090e+00,9.777512050840406754e-01
1.625499999999999945e+00,5.612068030507334493e-01
1.625199999999999978e+00,6.141411813414621168e-01
1.624500000000000055e+00,8.520592911766917688e-01
1.624200000000000088e+00,8.902760398053202184e-01
1.623899999999999899e+00,8.242459320939241607e-01
1.623299999999999965e+00,8.350727113766399645e-01
1.622999999999999998e+00,8.512654278727349588e-01
1.622300000000000075e+00,7.643528479562948785e-01
1.621899999999999897e+00,6.720818147532567899e-01
1.621599999999999930e+00,6.771302461102638448e-01
1.620999999999999996e+00,8.054535901922190710e-01
1.620700000000000029e+00,1.047387316480000496e+00
1.620000000000000107e+00,6.520126699243421475e-01
1.619699999999999918e+00,9.173768387465540686e-01
1.619299999999999962e+00,6.346257258987939576e-01
1.618600000000000039e+00,4.568664322603371297e-01
1.618200000000000083e+00,6.219062737764218252e-01
1.617899999999999894e+00,7.993980357073274812e-01
1.617299999999999960e+00,1.026073984584843002e+00
1.616999999999999993e+00,9.247674526612504886e-01
1.616800000000000015e+00,8.139688475991817551e-01
1.616200000000000081e+00,8.180169002717412319e-01
1.615899999999999892e+00,6.525849083841711584e-01
1.615299999999999958e+00,9.710428247640704447e-01
1.614999999999999991e+00,6.705269203317919535e-01
1.614600000000000035e+00,8.826094419068239993e-01
1.613899999999999890e+00,6.927258993607915416e-01
1.613599999999999923e+00,7.592145257832080274e-01
1.612900000000000000e+00,6.294512429234032647e-01
1.612600000000000033e+00,4.846230024459089458e-01
1.612300000000000066e+00,4.288976561129349552e-01
1.611599999999999921e+00,5.635346340529100440e-01
1.611299999999999955e+00,7.937892944046790467e-01
1.610999999999999988e+00,7.360327436545635038e-01
1.610400000000000054e+00,9.263991504290368662e-01
1.610100000000000087e+00,9.001699919432325503e-01
1.609699999999999909e+00,5.364692687586649633e-01
1.608999999999999986e+00,8.002007412543461484e-01
1.608700000000000019e+00,8.031108732990199783e-01
1.608000000000000096e+00,1.053497322157188609e+00
1.607599999999999918e+00,1.007827195967478495e+00
1.607299999999999951e+00,1.026006708149205471e+00
1.606600000000000028e+00,9.674012669464316927e-01
1.606300000000000061e+00,8.557065839700194188e-01
1.605699999999999905e+00,5.332474680670891143e-01
1.605399999999999938e+00,5.263704355053808737e-01
1.604700000000000015e+00,4.871177006579791580e-01
1.604300000000000059e+00,6.169568149375732613e-01
1.604000000000000092e+00,5.581048300779336557e-01
1.603199999999999958e+00,3.664418921800471907e-01
1.602999999999999980e+00,2.771225164350425985e-01
1.602600000000000025e+00,4.820580413483332438e-01
1.602000000000000091e+00,4.932070741252075341e-01
1.601699999999999902e+00,4.682010982919861952e-01
1.601299999999999946e+00,6.832075595659091727e-01
1.600800000000000001e+00,7.866854607714925951e-01
1.600400000000000045e+00,7.519579147799047014e-01
1.600100000000000078e+00,8.222572607444103010e-01
1.599399999999999933e+00,8.346921310175723363e-01
1.599099999999999966e+00,7.964822618245718244e-01
1.598400000000000043e+00,6.877919184632239613e-01
1.598100000000000076e+00,7.661564988082746330e-01
1.597800000000000109e+00,7.031124908848462862e-01
1.596999999999999975e+00,6.924147598228510558e-01
1.596700000000000008e+00,6.525847452748880784e-01
1.596300000000000052e+00,4.737039238350299608e-01
1.595699999999999896e+00,5.789127590476996765e-01
1.595299999999999940e+00,8.614204831683837105e-01
1.594700000000000006e+00,5.989884698715192135e-01
1.594400000000000039e+00,6.184547956077220965e-01
1.594100000000000072e+00,6.184245855216400356e-01
1.593399999999999928e+00,7.915390992961797156e-01
1.592999999999999972e+00,6.285822311160975673e-01
1.592300000000000049e+00,6.408674692156158814e-01
1.592000000000000082e+00,3.809414489871695841e-01
1.591699999999999893e+00,5.150345782608481970e-01
1.591099999999999959e+00,2.133463080534721557e-01
1.590899999999999981e+00,3.816175642867457030e-01
1.590300000000000047e+00,7.315170628868381542e-01
1.590000000000000080e+00,6.642731901677781936e-01
1.589599999999999902e+00,7.901333728700535852e-01
1.588999999999999968e+00,9.053816525249293035e-01
1.588600000000000012e+00,6.900420122542663126e-01
1.588200000000000056e+00,6.681894795442520074e-01
1.587599999999999900e+00,1.029298393873979922e+00
1.587199999999999944e+00,9.942646889594606296e-01
1.586500000000000021e+00,9.132509856725870012e-01
1.586300000000000043e+00,6.460634913226610543e-01
1.585900000000000087e+00,5.125550937923458727e-01
1.585399999999999920e+00,6.807168686856317485e-01
1.585099999999999953e+00,6.412609345540298822e-01
1.584600000000000009e+00,9.579739881027983239e-01
1.584300000000000042e+00,6.587179165299956729e-01
1.583900000000000086e+00,6.977477803295868419e-01
1.583299999999999930e+00,6.810796370050088422e-01
1.582999999999999963e+00,6.681489733279237786e-01
1.582600000000000007e+00,6.546346325898800833e-01
1.581900000000000084e+00,1.048075322814868482e+00
1.581499999999999906e+00,1.016634675223481832e+00
1.581199999999999939e+00,9.284858167605581913e-01
1.580500000000000016e+00,7.272844490447196719e-01
1.580100000000000060e+00,6.978141037870767560e-01
1.579900000000000082e+00,5.221033316973877625e-01
1.579199999999999937e+00,5.768479090592246727e-01
1.578799999999999981e+00,5.871178324440241569e-01
1.578400000000000025e+00,5.326138327801629435e-01
1.577800000000000091e+00,5.516290074813242628e-01
1.577399999999999913e+00,5.042589272448568805e-01
1.576999999999999957e+00,8.451559437946086772e-01
1.576400000000000023e+00,9.719614795115688599e-01
1.576100000000000056e+00,7.307026620315126841e-01
1.575399999999999912e+00,5.528266677908575399e-01
1.575099999999999945e+00,4.453086799357163783e-01
1.574600000000000000e+00,5.323169861332901487e-01
1.574200000000000044e+00,4.457974759822583288e-01
1.573900000000000077e+00,5.214779434544163372e-01
1.573299999999999921e+00,4.091969422577055870e-01
1.572999999999999954e+00,3.533700995855988403e-01
1.572599999999999998e+00,4.788422178501070547e-01
1.571900000000000075e+00,6.874460897457165265e-01
1.571600000000000108e+00,9.227941758263493721e-01
1.571199999999999930e+00,5.561704167428423995e-01
1.570500000000000007e+00,4.231136900267103984e-01
1.570200000000000040e+00,1.491723674600011762e-01
1.569499999999999895e+00,2.742478461757865693e-01
1.569199999999999928e+00,2.771009062884711160e-01
1.568899999999999961e+00,3.771279306685271782e-01
1.568200000000000038e+00,3.088260177851100963e-01
1.567900000000000071e+00,3.759380951983380958e-01
1.567499999999999893e+00,3.573337638308575759e-01
1.567199999999999926e+00,1.476669410519024922e-02
1.566400000000000015e+00,1.516796894902080473e-01
1.566100000000000048e+00,3.409770002582319104e-01
1.565700000000000092e+00,1.270423577906087398e-01
1.565199999999999925e+00,4.041811479912546523e-01
1.564799999999999969e+00,3.601564710995191487e-01
1.564599999999999991e+00,3.055579252284230662e-01
1.564100000000000046e+00,4.538494073565157993e-01
1.563800000000000079e+00,3.597747511654286745e-01
1.563199999999999923e+00,3.606916175594556129e-01
1.562799999999999967e+00,4.007585289043458787e-01
1.562500000000000000e+00,3.847939595277849456e-01
1.561800000000000077e+00,6.545228264815847741e-01
1.561500000000000110e+00,6.034185330853558682e-01
1.561099999999999932e+00,5.929429938417336565e-01
1.560400000000000009e+00,5.411332414825137382e-01
1.560100000000000042e+00,3.555007073625026659e-01
1.559800000000000075e+00,1.462861506526524913e-01
1.559099999999999930e+00,3.872329241465721217e-01
1.558799999999999963e+00,3.145924353924536843e-01
1.558100000000000041e+00,2.960217681621194474e-01
1.557700000000000085e+00,1.911656188873043227e-01
1.557500000000000107e+00,1.468561887319787262e-01
1.556799999999999962e+00,2.382490734623068374e-01
1.556499999999999995e+00,5.270019492208772860e-01
1.555800000000000072e+00,3.823748520011185370e-01
1.555500000000000105e+00,1.267493720816725566e-01
1.555199999999999916e+00,1.779007800480460477e-01
1.554499999999999993e+00,4.140826136530845747e-01
1.554200000000000026e+00,3.245511257683568740e-01
1.553700000000000081e+00,3.349604059704964221e-01
1.553099999999999925e+00,7.078412468603748620e-01
1.552799999999999958e+00,5.598374057527244485e-01
1.552499999999999991e+00,4.777335546863811788e-01
1.551800000000000068e+00,4.244396117945988811e-01
1.551399999999999890e+00,3.346637907308998017e-01
1.550899999999999945e+00,9.060408668827482637e-02
1.550499999999999989e+00,3.111719272631775501e-01
1.549900000000000055e+00,3.693155894262051819e-01
1.549600000000000088e+00,5.269271675315944509e-02
1.549299999999999899e+00,7.150986241701191848e-02
1.548699999999999966e+00,1.731405960104115960e-01
1.548399999999999999e+00,3.875038646209468807e-01
1.548100000000000032e+00,3.598564139081425473e-01
1.547400000000000109e+00,2.891753702073283638e-01
1.546999999999999931e+00,3.123827855398223496e-01
1.546699999999999964e+00,1.807625143972549364e-01
1.546000000000000041e+00,2.017726576058641030e-01
1.545700000000000074e+00,1.345533309162925684e-01
1.544999999999999929e+00,1.915791704705602921e-02
1.544599999999999973e+00,1.770735021071248028e-01
1.544300000000000006e+00,3.009805742220121316e-01
1.543600000000000083e+00,4.446443625156755730e-01
1.543299999999999894e+00,3.440426769010709318e-01
1.542699999999999960e+00,4.265215767951940906e-02
1.542300000000000004e+00,2.975589210108767757e-01
1.542100000000000026e+00,3.488383076794520088e-01
1.541400000000000103e+00,3.067866846171058981e-01
1.540999999999999925e+00,2.460629090037143307e-02
1.540300000000000002e+00,1.874732945554742625e-01
1.540000000000000036e+00,-2.666927913592877925e-02
1.539700000000000069e+00,-1.222439065106262907e-01
1.539099999999999913e+00,1.695515654422715679e-01
1.538799999999999946e+00,2.841831860947918176e-01
1.538399999999999990e+00,4.541827547662174447e-01
1.537800000000000056e+00,3.882655382533807265e-01
1.537500000000000089e+00,3.855985107936504286e-01
1.537199999999999900e+00,1.353032476725897215e-01
1.536499999999999977e+00,2.314197373448753370e-01
1.536200000000000010e+00,2.259870065023832364e-01
1.535500000000000087e+00,2.775779331596435195e-01
1.535199999999999898e+00,1.968795140476443661e-01
1.534799999999999942e+00,1.948529182585869157e-01
1.534100000000000019e+00,4.109743271052748725e-02
1.533800000000000052e+00,2.226342403059168584e-02
1.532999999999999918e+00,-7.697660514842559476e-03
1.532699999999999951e+00,-1.531931468361138332e-02
1.532299999999999995e+00,-2.220798758442460996e-01
1.531700000000000061e+00,-2.008697596967345678e-01
1.531400000000000095e+00,-3.135234019511698444e-02
1.531099999999999905e+00,-5.000646719508037435e-02
1.530399999999999983e+00,-1.928217239547313777e-01
1.530100000000000016e+00,-1.440179976207453250e-01
1.529600000000000071e+00,-3.584984807576685473e-01
1.529199999999999893e+00,-6.793699082215023388e-01
1.528899999999999926e+00,-4.191112413097454192e-01
1.528200000000000003e+00,-2.530464006987283576e-01
1.527900000000000036e+00,-2.395993398585701817e-01
1.527500000000000080e+00,-3.608595597714590597e-01
1.526799999999999935e+00,-3.233558869980080464e-01
1.526499999999999968e+00,-1.447848010091090931e-01
1.525900000000000034e+00,1.542296021330488154e-01
1.525600000000000067e+00,7.542309624392236345e-02
1.525199999999999889e+00,-1.194321251716135707e-01
1.524599999999999955e+00,-9.039362524527506937e-02
1.524199999999999999e+00,-7.344875263769722051e-02
1.523500000000000076e+00,1.632756036617751261e-01
1.523300000000000098e+00,-1.266180496661654942e-02
1.522899999999999920e+00,7.250066298269269849e-02
1.522299999999999986e+00,-3.229768083637266640e-01
1.522000000000000020e+00,-2.596090160138144753e-01
1.521700000000000053e+00,6.999532499831276344e-03
1.520999999999999908e+00,-2.857214566683204116e-02
1.520599999999999952e+00,3.125537781575871144e-02
1.520000000000000018e+00,6.230108344205433080e-02
1.519700000000000051e+00,-4.627601104683926742e-02
1.519300000000000095e+00,-1.093248984194777618e-01
1.518699999999999939e+00,-2.716305770181356438e-01
1.518399999999999972e+00,-1.338972969124573031e-01
1.517700000000000049e+00,8.913680493670678162e-02
1.517400000000000082e+00,1.421370885430588149e-01
1.516999999999999904e+00,1.433720284229516029e-01
1.516399999999999970e+00,-3.485974943179693392e-02
1.516000000000000014e+00,7.264840185998780453e-02
1.515700000000000047e+00,-1.612170148658628455e-01
1.515099999999999891e+00,-1.756050570982407577e-01
1.514799999999999924e+00,-1.217247250618821997e-01
1.514399999999999968e+00,-6.642839799246916255e-02
1.513800000000000034e+00,-1.717378926478557444e-01
1.513500000000000068e+00,4.847173209053968340e-02
1.513200000000000101e+00,-2.233223352521730015e-02
1.512499999999999956e+00,-4.721304238286105348e-01
1.512199999999999989e+00,-5.666217327830952444e-01
1.511500000000000066e+00,-5.687059388929417425e-01
1.511100000000000110e+00,-5.875621733077802666e-01
1.510399999999999965e+00,-6.102933526947817988e-01
1.510000000000000009e+00,-5.138824370137925479e-01
1.509600000000000053e+00,-2.498536255065826883e-01
1.508899999999999908e+00,-4.573512364675763608e-01
1.508599999999999941e+00,-2.317809456847414462e-01
1.507900000000000018e+00,-3.605900098858569325e-01
1.507600000000000051e+00,-2.752059530466239856e-01
1.507300000000000084e+00,-3.137567098401936594e-01
1.506799999999999917e+00,-3.659937642425332149e-01
1.506299999999999972e+00,-5.082747234467230868e-01
1.505600000000000049e+00,-5.447949660731784549e-01
1.505200000000000093e+00,-6.603635509253502622e-01
1.504899999999999904e+00,-5.273389711520298784e-01
1.504199999999999982e+00,-3.277150461039992080e-01
1.503900000000000015e+00,-4.925168167375665873e-01
1.503500000000000059e+00,-3.112004529988356971e-01
1.502899999999999903e+00,-5.679267234330989123e-01
1.502599999999999936e+00,-5.786566185902011217e-01
1.502199999999999980e+00,-5.577420467587279607e-01
1.501500000000000057e+00,-6.414708877327223169e-01
1.501100000000000101e+00,-4.335725768578324590e-01
1.500499999999999945e+00,-6.153965854840829364e-01
1.500199999999999978e+00,-4.285040342380400658e-01
1.499900000000000011e+00,-3.759246778807339151e-01
1.499200000000000088e+00,-4.939532129445570741e-01
1.498699999999999921e+00,-3.170484228473980370e-01
1.498399999999999954e+00,-5.902996454011438798e-01
1.497999999999999998e+00,-4.071228109503097214e-01
1.497400000000000064e+00,-5.279366537137407667e-01
1.497000000000000108e+00,-8.023257808308786876e-01
1.496699999999999919e+00,-4.415921695109575329e-01
1.496099999999999985e+00,-4.697477364562713809e-01
1.495700000000000029e+00,-2.753888873034074924e-01
1.495400000000000063e+00,-2.832416817947916998e-01
1.494699999999999918e+00,-2.802055402919331195e-01
1.494399999999999951e+00,-7.128476519496513841e-01
1.493800000000000017e+00,-7.609102012835680107e-01
1.493200000000000083e+00,-7.852750257070695294e-01
1.492799999999999905e+00,-6.705045862044709537e-01
1.492499999999999938e+00,-7.477272196318743847e-01
1.491800000000000015e+00,-6.517970632842268186e-01
1.491400000000000059e+00,-5.671113704806916012e-01
1.490699999999999914e+00,-5.806317766503775735e-01
1.490299999999999958e+00,-7.489186246854591111e-01
1.489999999999999991e+00,-5.585495835033196244e-01
1.489400000000000057e+00,-6.844092224610968112e-01
1.489100000000000090e+00,-7.119973187554939908e-01
1.488799999999999901e+00,-5.208582307179073778e-01
1.488099999999999978e+00,-3.924690926742019914e-01
1.487800000000000011e+00,-4.013440166867341397e-01
1.487400000000000055e+00,-5.181800603783074388e-01
1.486699999999999910e+00,-8.210893864295546463e-01
1.486399999999999944e+00,-7.962216096755536654e-01
1.485999999999999988e+00,-9.599451383615490441e-01
1.485400000000000054e+00,-7.713173782184292726e-01
1.485100000000000087e+00,-6.967205652365446866e-01
1.484799999999999898e+00,-7.007777743002008286e-01
1.484099999999999975e+00,-5.511598611428583094e-01
1.483899999999999997e+00,-7.465490700203029073e-01
1.483600000000000030e+00,-7.645268062917918162e-01
1.482900000000000107e+00,-6.397780360341233097e-01
1.482299999999999951e+00,-7.257600481851622654e-01
1.481899999999999995e+00,-1.030400981384097081e+00
1.481500000000000039e+00,-8.075868629948317334e-01
1.480799999999999894e+00,-6.727022981847536887e-01
1.480499999999999927e+00,-7.658797167465949407e-01
1.479800000000000004e+00,-8.076735031871830062e-01
1.479400000000000048e+00,-1.049628467745394866e+00
1.479100000000000081e+00,-9.650292403179729916e-01
1.478499999999999925e+00,-6.332279345119253833e-01
1.478199999999999958e+00,-8.949086734596350956e-01
1.477899999999999991e+00,-8.131645973075575240e-01
1.477200000000000069e+00,-9.376280009324496900e-01
1.476900000000000102e+00,-8.181614943232953241e-01
1.476199999999999957e+00,-6.475687262739266981e-01
1.475899999999999990e+00,-6.757764323267467788e-01
1.475600000000000023e+00,-4.959798851446924894e-01
1.474900000000000100e+00,-5.877305775986397807e-01
1.474499999999999922e+00,-6.282315980082843199e-01
1.473799999999999999e+00,-5.257577040984920957e-01
1.473500000000000032e+00,-6.876926441331263629e-01
1.473200000000000065e+00,-8.838231720315405937e-01
1.472499999999999920e+00,-1.115190110740444940e+00
1.472099999999999964e+00,-1.011258687584853710e+00
1.471899999999999986e+00,-1.138117513196533093e+00
1.471200000000000063e+00,-1.347965738248682266e+00
1.470900000000000096e+00,-1.274606661256518558e+00
1.470599999999999907e+00,-1.430479570504951559e+00
1.469999999999999973e+00,-1.423289690070180136e+00
1.469700000000000006e+00,-1.186252429221626548e+00
1.469300000000000050e+00,-1.035816937693741391e+00
1.468599999999999905e+00,-1.065784697269647641e+00
1.468199999999999950e+00,-9.983601110926960676e-01
1.467899999999999983e+00,-1.322428774975679566e+00
1.467400000000000038e+00,-1.278746718981265795e+00
1.467100000000000071e+00,-1.111947489758975838e+00
1.466399999999999926e+00,-1.205720133312594866e+00
1.466099999999999959e+00,-1.493119131300638003e+00
1.465799999999999992e+00,-1.510918759947211143e+00
1.465100000000000069e+00,-1.352831594027617435e+00
1.464699999999999891e+00,-1.596108215070972891e+00
1.464399999999999924e+00,-1.659646293347173618e+00
1.463600000000000012e+00,-1.613388013761599016e+00
1.463300000000000045e+00,-1.413709552140372416e+00
1.462599999999999900e+00,-1.343308677351781943e+00
1.462299999999999933e+00,-1.300635679213238305e+00
1.461899999999999977e+00,-1.253681344377658657e+00
1.461300000000000043e+00,-1.318345143155419175e+00
1.461000000000000076e+00,-1.349337645449979028e+00
1.460299999999999931e+00,-1.347637836267073341e+00
1.459899999999999975e+00,-1.530009365780307551e+00
1.459300000000000042e+00,-1.549132426595378753e+00
1.459000000000000075e+00,-1.583922941929792660e+00
1.458299999999999930e+00,-1.679807363596814263e+00
1.457899999999999974e+00,-1.601748645808725113e+00
1.457600000000000007e+00,-1.398837552400050255e+00
1.457000000000000073e+00,-1.345213124448918718e+00
1.456599999999999895e+00,-1.553467857693226595e+00
1.455899999999999972e+00,-1.630251990768953885e+00
1.455600000000000005e+00,-1.472971412534457958e+00
1.455300000000000038e+00,-1.448020622484024855e+00
1.454599999999999893e+00,-1.588035530481943791e+00
1.454299999999999926e+00,-1.546866570709928945e+00
1.453999999999999959e+00,-1.450931380768904155e+00
1.453400000000000025e+00,-1.545842334467863566e+00
1.453000000000000069e+00,-1.606258135065149251e+00
1.452700000000000102e+00,-1.612010724532275896e+00
1.452099999999999946e+00,-1.543595532382943336e+00
1.451699999999999990e+00,-1.521501969541224852e+00
1.451400000000000023e+00,-1.541947540384109860e+00
1.450700000000000101e+00,-1.612143580168230228e+00
1.450299999999999923e+00,-1.541348905557005766e+00
1.449999999999999956e+00,-1.434247751093973067e+00
1.449400000000000022e+00,-1.621840864113300196e+00
1.449000000000000066e+00,-1.421898274137685991e+00
1.448399999999999910e+00,-1.808670762641520380e+00
1.448099999999999943e+00,-1.929408522580579044e+00
1.447799999999999976e+00,-1.732107826860843858e+00
1.447200000000000042e+00,-1.830813751206800566e+00
1.446800000000000086e+00,-1.737399362550240411e+00
1.446499999999999897e+00,-1.928837785919890857e+00
1.445699999999999985e+00,-1.865635858052435481e+00
1.445300000000000029e+00,-1.533900776136583266e+00
1.444700000000000095e+00,-1.869605943451710717e+00
1.444299999999999917e+00,-1.966796602857301179e+00
1.443999999999999950e+00,-1.894916055355773787e+00
1.443300000000000027e+00,-1.752775699928512454e+00
1.443000000000000060e+00,-2.046267678576735527e+00
1.442800000000000082e+00,-2.044817987728944519e+00
1.441999999999999948e+00,-1.842943631861462928e+00
1.441699999999999982e+00,-1.798207334200775165e+00
1.441100000000000048e+00,-2.047533139771184008e+00
1.440800000000000081e+00,-1.980405316573180086e+00
1.439999999999999947e+00,-2.118940372328376842e+00
1.439699999999999980e+00,-2.141527034837833909e+00
1.439400000000000013e+00,-2.063635776759927598e+00
1.438800000000000079e+00,-2.438424949226854821e+00
1.438499999999999890e+00,-1.817786295647588979e+00
1.437999999999999945e+00,-1.900610004113576279e+00
1.437699999999999978e+00,-2.098073620297410624e+00
1.437000000000000055e+00,-2.246629609872546673e+00
1.436700000000000088e+00,-2.164487244123874277e+00
1.436099999999999932e+00,-2.265865594018785067e+00
1.435799999999999965e+00,-2.427691020853608883e+00
1.435499999999999998e+00,-2.132741748564091377e+00
1.434800000000000075e+00,-2.417013570935912181e+00
1.434600000000000097e+00,-2.160959311257784066e+00
1.433899999999999952e+00,-2.285457948547056084e+00
1.433599999999999985e+00,-2.269258808511916747e+00
1.433300000000000018e+00,-2.403938708386756939e+00
1.432700000000000085e+00,-2.342761681572796295e+00
1.432299999999999907e+00,-2.344935684963733724e+00
1.431999999999999940e+00,-2.467201785649893786e+00
1.431300000000000017e+00,-2.474420958736801346e+00
1.431000000000000050e+00,-2.500874595286694202e+00
1.430700000000000083e+00,-2.471451631795747339e+00
1.429999999999999938e+00,-2.672606896067498017e+00
1.429699999999999971e+00,-2.633875989993018862e+00
1.429400000000000004e+00,-2.490995153671513140e+00
1.428800000000000070e+00,-2.770282685486918695e+00
1.428500000000000103e+00,-2.701332280853748991e+00
1.428099999999999925e+00,-2.467437875693849314e+00
1.427400000000000002e+00,-2.673130557573756505e+00
1.427000000000000046e+00,-2.871798143283966542e+00
1.426700000000000079e+00,-2.676535947042260499e+00
1.426099999999999923e+00,-2.515687714377441875e+00
1.425799999999999956e+00,-2.468850637012457216e+00
1.425200000000000022e+00,-2.499316349501988554e+00
1.424900000000000055e+00,-2.778906991069535870e+00
1.424600000000000088e+00,-2.806116636072859105e+00
1.423799999999999955e+00,-2.911074247447182017e+00
1.423499999999999988e+00,-2.961841623123212308e+00
1.423100000000000032e+00,-2.863022456792716497e+00
1.422500000000000098e+00,-2.658738208510054601e+00
1.422099999999999920e+00,-2.617397206170239521e+00
1.421799999999999953e+00,-2.659266478272949374e+00
1.421100000000000030e+00,-2.491492580056513084e+00
1.420800000000000063e+00,-2.374065630169133634e+00
1.420199999999999907e+00,-2.666410134865801140e+00
1.419899999999999940e+00,-2.918964743162761888e+00
1.419499999999999984e+00,-2.945099238330258107e+00
1.418900000000000050e+00,-3.065489537732888792e+00
1.418600000000000083e+00,-3.017150638320908129e+00
1.417999999999999927e+00,-3.304876065037313015e+00
1.417599999999999971e+00,-3.144648088470821889e+00
1.417200000000000015e+00,-3.038938252196117684e+00
1.416600000000000081e+00,-3.358827404964601637e+00
1.415999999999999925e+00,-3.106973764692628315e+00
1.415699999999999958e+00,-3.276338422104180914e+00
1.415000000000000036e+00,-3.045605001831706460e+00
1.414700000000000069e+00,-3.037806482754953574e+00
1.414400000000000102e+00,-3.248964430658499491e+00
1.413699999999999957e+00,-3.154518675832235886e+00
1.413300000000000001e+00,-3.356526667091532357e+00
1.413000000000000034e+00,-3.245261861761794098e+00
1.412300000000000111e+00,-3.505563197909620676e+00
1.411899999999999933e+00,-3.390799710787989252e+00
1.411599999999999966e+00,-3.251164105427741369e+00
1.410900000000000043e+00,-3.257862771843919703e+00
1.410400000000000098e+00,-3.375466686615300027e+00
1.409999999999999920e+00,-3.371382688166610464e+00
1.409000000000000030e+00,-3.546779792530023290e+00
1.408700000000000063e+00,-3.532742663612371103e+00
1.407999999999999918e+00,-3.620760007180638507e+00
1.407599999999999962e+00,-3.403673946766536229e+00
1.407299999999999995e+00,-3.368974951212591495e+00
1.406700000000000061e+00,-3.325858908292651961e+00
1.406300000000000106e+00,-3.668075629628176682e+00
1.405999999999999917e+00,-3.711405326190398757e+00
1.405399999999999983e+00,-3.507625608875977630e+00
1.405100000000000016e+00,-3.461796478744266992e+00
1.404300000000000104e+00,-3.861267357249241972e+00
1.403999999999999915e+00,-3.844103632603436349e+00
1.403399999999999981e+00,-3.959774399731746719e+00
1.403100000000000014e+00,-4.072526919548071334e+00
1.402700000000000058e+00,-3.883155439379608165e+00
1.402199999999999891e+00,-3.690361446796785128e+00
1.401899999999999924e+00,-3.851405461073337921e+00
1.401499999999999968e+00,-3.679043134165302043e+00
1.400800000000000045e+00,-3.493423294202496532e+00
1.400500000000000078e+00,-4.006927597865746371e+00
1.399899999999999922e+00,-4.091360655500593246e+00
1.399499999999999966e+00,-3.927768895638857227e+00
1.399199999999999999e+00,-3.658342155358281111e+00
1.398600000000000065e+00,-3.693356376313476019e+00
1.398200000000000109e+00,-3.729502754269784504e+00
1.397499999999999964e+00,-3.967744808245385002e+00
1.397199999999999998e+00,-4.152051028809299993e+00
1.396600000000000064e+00,-4.304420084009574765e+00
1.396300000000000097e+00,-4.241874349647099862e+00
1.395999999999999908e+00,-3.933518894825107637e+00
1.395100000000000007e+00,-4.198687995059170674e+00
1.394800000000000040e+00,-4.196941868985122781e+00
1.393999999999999906e+00,-4.388056469504120649e+00
1.393599999999999950e+00,-4.581877132238789230e+00
1.392900000000000027e+00,-4.176557183066856638e+00
1.392600000000000060e+00,-4.153815483216990678e+00
1.392300000000000093e+00,-4.339894358140381492e+00
1.391599999999999948e+00,-4.488803610924437137e+00
1.391199999999999992e+00,-4.376952313763513125e+00
1.390500000000000069e+00,-4.477329293097083607e+00
1.390200000000000102e+00,-4.261104274390381086e+00
1.389899999999999913e+00,-4.535125158782837396e+00
1.389199999999999990e+00,-4.722696182063446102e+00
1.388900000000000023e+00,-4.613878283779007106e+00
1.388600000000000056e+00,-4.516410439792638343e+00
1.387999999999999901e+00,-4.451245888513195581e+00
1.387299999999999978e+00,-4.700707476247198535e+00
1.387000000000000011e+00,-4.681501510847823511e+00
1.386700000000000044e+00,-4.446527660961633543e+00
1.385999999999999899e+00,-4.581646616818950690e+00
1.385699999999999932e+00,-4.484247582166702273e+00
1.385000000000000009e+00,-4.630759277756009595e+00
1.384700000000000042e+00,-4.772942973930690336e+00
1.384100000000000108e+00,-5.053138001609599250e+00
1.383799999999999919e+00,-4.899686133159105950e+00
1.383499999999999952e+00,-4.912049377179443788e+00
1.382800000000000029e+00,-5.006189033957887169e+00
1.382500000000000062e+00,-5.049559266420200920e+00
1.382200000000000095e+00,-5.128064054303518304e+00
1.381399999999999961e+00,-5.132200590133163765e+00
1.381099999999999994e+00,-5.104716950826444055e+00
1.380700000000000038e+00,-5.258963573019854287e+00
1.380100000000000104e+00,-5.153729066664476832e+00
1.379699999999999926e+00,-5.168372037998555157e+00
1.379099999999999993e+00,-5.120384490295781355e+00
1.378800000000000026e+00,-5.230393321185313305e+00
1.378500000000000059e+00,-5.308388808128190028e+00
1.377799999999999914e+00,-5.319437984807996678e+00
1.377499999999999947e+00,-5.490243682554373450e+00
1.377199999999999980e+00,-5.699592358636451195e+00
1.376600000000000046e+00,-5.601031620288614121e+00
1.376200000000000090e+00,-5.383330363556643405e+00
1.375899999999999901e+00,-5.359490720210501102e+00
1.375299999999999967e+00,-5.311912411399091205e+00
1.374900000000000011e+00,-5.240856925521597987e+00
1.374600000000000044e+00,-5.198402119348374484e+00
1.373899999999999899e+00,-5.730080433281534269e+00
1.373599999999999932e+00,-5.633029633911259104e+00
1.373299999999999965e+00,-5.436813745580948876e+00
1.372500000000000053e+00,-5.521124824872875259e+00
1.372200000000000086e+00,-5.816951063894395091e+00
1.371899999999999897e+00,-5.761450838687978582e+00
1.371299999999999963e+00,-5.883741301392856116e+00
1.370900000000000007e+00,-5.881247172087773478e+00
1.370600000000000041e+00,-5.674381396655316934e+00
1.370000000000000107e+00,-5.588595898196337508e+00
1.369699999999999918e+00,-5.762426072285090406e+00
1.369299999999999962e+00,-6.022194119012675984e+00
1.368600000000000039e+00,-6.056882221329375149e+00
1.368300000000000072e+00,-6.162984172392612869e+00
1.368000000000000105e+00,-6.113643349657136739e+00
1.367399999999999949e+00,-6.266416706269119175e+00
1.367099999999999982e+00,-6.089403093098469277e+00
1.366400000000000059e+00,-6.121141708712225515e+00
1.366000000000000103e+00,-6.297674652250653260e+00
1.365299999999999958e+00,-6.198744519718499824e+00
1.364900000000000002e+00,-5.954665553038534398e+00
1.364200000000000079e+00,-6.370145301579674069e+00
1.363899999999999890e+00,-6.141831045157106317e+00
1.363599999999999923e+00,-6.286789190148634354e+00
1.362999999999999989e+00,-6.226161703849763640e+00
1.362700000000000022e+00,-6.324347118966686665e+00
1.362300000000000066e+00,-6.462134722573617651e+00
1.361699999999999910e+00,-6.633387690633618661e+00
1.361399999999999944e+00,-6.262683130395674702e+00
1.360700000000000021e+00,-6.363204627933527924e+00
1.360300000000000065e+00,-6.465376101289161070e+00
1.360000000000000098e+00,-6.619475671689021290e+00
1.359399999999999942e+00,-6.665123315475834254e+00
1.359099999999999975e+00,-6.731909101005358664e+00
1.358800000000000008e+00,-6.683495301860586046e+00
1.358100000000000085e+00,-6.705257810823246345e+00
1.357799999999999896e+00,-6.516778552993351070e+00
1.357099999999999973e+00,-6.875605752419059691e+00
1.356800000000000006e+00,-7.189576415796063991e+00
1.356400000000000050e+00,-7.318357811057947693e+00
1.355799999999999894e+00,-7.250704214827973892e+00
1.355099999999999971e+00,-7.166075871807065845e+00
1.354800000000000004e+00,-7.253959662026029598e+00
1.354100000000000081e+00,-7.024238553790637773e+00
1.353499999999999925e+00,-7.100670274363669598e+00
1.353199999999999958e+00,-6.808985907774114388e+00
1.352800000000000002e+00,-7.089935241365719953e+00
1.352200000000000069e+00,-7.425141090961449919e+00
1.351900000000000102e+00,-7.316136926870022705e+00
1.351299999999999946e+00,-7.159919922693669392e+00
1.350899999999999990e+00,-7.139903977951517433e+00
1.350700000000000012e+00,-7.225474556443234775e+00
1.350000000000000089e+00,-7.286571562301253913e+00
1.349699999999999900e+00,-7.289232409196698903e+00
1.349399999999999933e+00,-7.362837021059163156e+00
1.348700000000000010e+00,-7.535982602278911813e+00
1.348400000000000043e+00,-7.735064317618451923e+00
1.348100000000000076e+00,-7.821347557544484630e+00
1.347099999999999964e+00,-7.782441274951988675e+00
1.346700000000000008e+00,-7.680884200322326549e+00
1.346400000000000041e+00,-7.580282753123107398e+00
1.345800000000000107e+00,-7.552437022785856158e+00
1.345399999999999929e+00,-7.494734949987599038e+00
1.345099999999999962e+00,-7.312649743334491248e+00
1.344400000000000039e+00,-7.554882472979307373e+00
1.344100000000000072e+00,-7.952304275733691696e+00
1.343399999999999928e+00,-8.151698890789200291e+00
1.343099999999999961e+00,-7.936825750103374766e+00
1.342799999999999994e+00,-7.812779812258721535e+00
1.342100000000000071e+00,-8.127039897411853175e+00
1.341699999999999893e+00,-7.932298276530028502e+00
1.341399999999999926e+00,-8.208458708211258781e+00
1.340700000000000003e+00,-7.908624702541024121e+00
1.340400000000000036e+00,-7.738026998946973656e+00
1.340100000000000069e+00,-8.123279971984771919e+00
1.339399999999999924e+00,-7.991540248351078013e+00
1.339199999999999946e+00,-7.945414267234536254e+00
1.338500000000000023e+00,-8.267262378093489517e+00
1.337800000000000100e+00,-8.464422635670901585e+00
1.337499999999999911e+00,-8.585263701257439095e+00
1.336799999999999988e+00,-9.069559574820967640e+00
1.336500000000000021e+00,-8.899657839032157014e+00
1.335800000000000098e+00,-8.757831214426468946e+00
1.335599999999999898e+00,-8.471452149510410479e+00
1.335199999999999942e+00,-8.489587361780047914e+00
1.334600000000000009e+00,-8.656828507726038069e+00
1.334300000000000042e+00,-8.485376579134371156e+00
1.333700000000000108e+00,-8.915044532694164303e+00
1.333299999999999930e+00,-8.780938834638446266e+00
1.332600000000000007e+00,-8.646371249693315164e+00
1.332300000000000040e+00,-9.012970458361497350e+00
1.331900000000000084e+00,-8.936045114105390041e+00
1.331199999999999939e+00,-9.150119062985078600e+00
1.330899999999999972e+00,-8.916720850067095583e+00
1.330500000000000016e+00,-8.773788513699653180e+00
1.329900000000000082e+00,-8.911209056526809391e+00
1.329599999999999893e+00,-9.195474467644485728e+00
1.328999999999999959e+00,-8.705543578622997103e+00
1.328699999999999992e+00,-8.991548901982147513e+00
1.328100000000000058e+00,-8.822875037691261468e+00
1.327700000000000102e+00,-9.017531026035479513e+00
1.326999999999999957e+00,-9.093687115020667733e+00
1.326699999999999990e+00,-9.165082416395039289e+00
1.326400000000000023e+00,-9.550953011876108789e+00
1.325700000000000101e+00,-9.212621532767853338e+00
1.325299999999999923e+00,-9.270925019266872624e+00
1.324999999999999956e+00,-9.490138257194557170e+00
1.324400000000000022e+00,-9.267306579063784966e+00
1.324000000000000066e+00,-9.663622349005848378e+00
1.323299999999999921e+00,-9.520577468704683355e+00
1.322999999999999954e+00,-9.445220306927305742e+00
1.322699999999999987e+00,-9.312840393033150477e+00
1.322100000000000053e+00,-9.562453145752044747e+00
1.321800000000000086e+00,-9.800514524207397216e+00
1.321399999999999908e+00,-9.670695422947126474e+00
1.320799999999999974e+00,-9.635963567448296629e+00
1.320500000000000007e+00,-1.011318593484174677e+01
1.320200000000000040e+00,-9.837130090929539605e+00
1.319499999999999895e+00,-9.444046406196930477e+00
1.319199999999999928e+00,-9.830408946188084585e+00
1.318599999999999994e+00,-9.899018464994201238e+00
1.318300000000000027e+00,-9.977539431338129816e+00
1.317900000000000071e+00,-9.704520016628809032e+00
1.317299999999999915e+00,-9.949524264143928320e+00
1.316999999999999948e+00,-1.009989604489258319e+01
1.316599999999999993e+00,-9.877773335669328247e+00
1.315900000000000070e+00,-1.034744376971943502e+01
1.315499999999999892e+00,-1.035474412080031392e+01
1.314899999999999958e+00,-1.028588601887485154e+01
1.314599999999999991e+00,-1.027083731558106905e+01
1.313900000000000068e+00,-1.042779682001789432e+01
1.313600000000000101e+00,-1.013017162161187912e+01
1.312999999999999945e+00,-1.027698570164243641e+01
1.312699999999999978e+00,-1.040392089944582388e+01
1.312000000000000055e+00,-1.036716976859442241e+01
1.311500000000000110e+00,-1.022194723344466993e+01
1.311199999999999921e+00,-1.042996971970489817e+01
1.310799999999999965e+00,-1.063942984267950997e+01
1.310200000000000031e+00,-1.069583643321357336e+01
1.309800000000000075e+00,-1.074111793960552674e+01
1.309099999999999930e+00,-1.072244591866548014e+01
1.308799999999999963e+00,-1.104248061438880057e+01
1.308200000000000029e+00,-1.089094590623334113e+01
1.307800000000000074e+00,-1.096034118091167642e+01
1.307500000000000107e+00,-1.125298800278558176e+01
1.306799999999999962e+00,-1.099596935369114625e+01
1.306100000000000039e+00,-1.138593545343547930e+01
1.305800000000000072e+00,-1.126501163593632882e+01
1.305500000000000105e+00,-1.137109352917771332e+01
1.304799999999999960e+00,-1.114130934853092114e+01
1.304499999999999993e+00,-1.107644103377531053e+01
1.304200000000000026e+00,-1.121987351178381154e+01
1.303600000000000092e+00,-1.121710729343014989e+01
1.303199999999999914e+00,-1.113596520720082594e+01
1.302899999999999947e+00,-1.147898750644511523e+01
1.302200000000000024e+00,-1.142418535241204758e+01
1.301900000000000057e+00,-1.154763450990237850e+01
1.301600000000000090e+00,-1.146728212565897742e+01
1.300899999999999945e+00,-1.149145658109864243e+01
1.300599999999999978e+00,-1.132429631612095910e+01
1.299900000000000055e+00,-1.131633596875116510e+01
1.299600000000000088e+00,-1.143077827862231111e+01
1.299400000000000110e+00,-1.137164942796246336e+01
1.298699999999999966e+00,-1.125545720481906642e+01
1.298399999999999999e+00,-1.170073379018236359e+01
1.297700000000000076e+00,-1.183974596384383204e+01
1.297500000000000098e+00,-1.188803863093263580e+01
1.297099999999999920e+00,-1.165560725440557022e+01
1.296499999999999986e+00,-1.159253538095005887e+01
1.296100000000000030e+00,-1.197134737565459517e+01
1.295500000000000096e+00,-1.180854522192062817e+01
1.295199999999999907e+00,-1.196568986161837422e+01
1.294799999999999951e+00,-1.174052632586125000e+01
1.294100000000000028e+00,-1.158224139121896989e+01
1.293800000000000061e+00,-1.187638256578240359e+01
1.293099999999999916e+00,-1.186997872624098882e+01
1.292799999999999949e+00,-1.187678756349502684e+01
1.292599999999999971e+00,-1.188904639347163439e+01
1.291900000000000048e+00,-1.181590914129300174e+01
1.291600000000000081e+00,-1.192396132760366534e+01
1.291199999999999903e+00,-1.182965881273308462e+01
1.290599999999999969e+00,-1.179680282426501670e+01
1.290300000000000002e+00,-1.181833693094959692e+01
1.289600000000000080e+00,-1.165171354415789651e+01
1.289299999999999891e+00,-1.177467493495630357e+01
1.288999999999999924e+00,-1.191596358939310107e+01
1.288300000000000001e+00,-1.203099245280212770e+01
1.288000000000000034e+00,-1.209062421751673355e+01
1.287700000000000067e+00,-1.193022170282462291e+01
1.286999999999999922e+00,-1.194825562730766144e+01
1.286599999999999966e+00,-1.230934167297380810e+01
1.286299999999999999e+00,-1.205637809971618779e+01
1.285600000000000076e+00,-1.226920847300309170e+01
1.285199999999999898e+00,-1.232338098302271234e+01
1.284599999999999964e+00,-1.226113119966267817e+01
1.284299999999999997e+00,-1.235970966699646034e+01
1.283700000000000063e+00,-1.256953976075572221e+01
1.283400000000000096e+00,-1.254397401967664827e+01
1.283099999999999907e+00,-1.219903369448363861e+01
1.282399999999999984e+00,-1.229974452713554989e+01
1.282100000000000017e+00,-1.192619256225406943e+01
1.281800000000000050e+00,-1.213920128397935727e+01
1.281099999999999905e+00,-1.197117542601100837e+01
1.280799999999999939e+00,-1.226164391782433327e+01
1.280399999999999983e+00,-1.240428505919239299e+01
1.279800000000000049e+00,-1.238924171507462546e+01
1.279500000000000082e+00,-1.263331887943540188e+01
1.278799999999999937e+00,-1.273639393103924000e+01
1.278499999999999970e+00,-1.266023990375132868e+01
1.278100000000000014e+00,-1.269781410740712957e+01
1.277500000000000080e+00,-1.262825967973672903e+01
1.277199999999999891e+00,-1.278012874756247719e+01
1.276799999999999935e+00,-1.313792003553523635e+01
1.276200000000000001e+00,-1.305865327590148794e+01
1.275900000000000034e+00,-1.305899297937848935e+01
1.275300000000000100e+00,-1.320938814187186239e+01
1.274599999999999955e+00,-1.309625435492176670e+01
1.274199999999999999e+00,-1.339920817071320336e+01
1.273900000000000032e+00,-1.356131293863934495e+01
1.273200000000000109e+00,-1.337702285092749399e+01
1.272899999999999920e+00,-1.319699229029359344e+01
1.272599999999999953e+00,-1.350613442077340487e+01
1.272000000000000020e+00,-1.351989569656681667e+01
1.271700000000000053e+00,-1.365900951377275696e+01
1.271400000000000086e+00,-1.384232152340173805e+01
1.270699999999999941e+00,-1.404947157516410172e+01
1.270399999999999974e+00,-1.346681771362693070e+01
1.270000000000000018e+00,-1.319149586040493460e+01
1.269400000000000084e+00,-1.329483106425925243e+01
1.268999999999999906e+00,-1.322289240313476100e+01
1.268399999999999972e+00,-1.311742503877278665e+01
1.268100000000000005e+00,-1.359499816648616033e+01
1.267500000000000071e+00,-1.399515509350624676e+01
1.267200000000000104e+00,-1.364410589628803194e+01
1.266899999999999915e+00,-1.386646921816725886e+01
1.266199999999999992e+00,-1.360662349401812499e+01
1.265900000000000025e+00,-1.383536081690920483e+01
1.265600000000000058e+00,-1.360921107011886555e+01
1.264799999999999924e+00,-1.365929502249595373e+01
1.264499999999999957e+00,-1.382568409136154486e+01
1.264199999999999990e+00,-1.368944932771726108e+01
1.263500000000000068e+00,-1.375891100990817861e+01
1.263099999999999890e+00,-1.339279077625546321e+01
1.262799999999999923e+00,-1.345980815686189302e+01
1.262199999999999989e+00,-1.381705608616856118e+01
1.261800000000000033e+00,-1.404339962768992223e+01
1.261500000000000066e+00,-1.372844861289939367e+01
1.260899999999999910e+00,-1.392302088865538323e+01
1.260599999999999943e+00,-1.381248677409362813e+01
1.260299999999999976e+00,-1.408245312119031389e+01
1.259600000000000053e+00,-1.372671638230529467e+01
1.259300000000000086e+00,-1.379322898821828325e+01
1.258699999999999930e+00,-1.377778391987163253e+01
1.258299999999999974e+00,-1.343209913649840814e+01
1.258000000000000007e+00,-1.380829695354526621e+01
1.257300000000000084e+00,-1.409187417710545986e+01
1.256599999999999939e+00,-1.400689849519393704e+01
1.255900000000000016e+00,-1.386178600929779137e+01
1.255600000000000049e+00,-1.432572541581796699e+01
1.254999999999999893e+00,-1.436561801866141508e+01
1.254599999999999937e+00,-1.440792679907468710e+01
1.254299999999999971e+00,-1.465901465795785974e+01
1.253700000000000037e+00,-1.422038420097655553e+01
1.253400000000000070e+00,-1.406619544676776812e+01
1.252999999999999892e+00,-1.397692677498132952e+01
1.252399999999999958e+00,-1.428744694630069567e+01
1.252099999999999991e+00,-1.447392476876820666e+01
1.251800000000000024e+00,-1.414611398148197274e+01
1.251100000000000101e+00,-1.435909407225645928e+01
1.250699999999999923e+00,-1.444973167714661955e+01
1.250399999999999956e+00,-1.435404782530965662e+01
1.249700000000000033e+00,-1.439599599428391130e+01
1.249500000000000055e+00,-1.435748555367482560e+01
1.248799999999999910e+00,-1.423454869454408822e+01
1.248499999999999943e+00,-1.417172904465237870e+01
1.248099999999999987e+00,-1.420096143724676274e+01
1.247500000000000053e+00,-1.447685616798948516e+01
1.247200000000000086e+00,-1.455030239188700847e+01
1.246799999999999908e+00,-1.426562238943812311e+01
1.246199999999999974e+00,-1.404318064119713760e+01
1.245900000000000007e+00,-1.379023729467269632e+01
1.245500000000000052e+00,-1.384284149083373983e+01
1.244799999999999907e+00,-1.426298111630211096e+01
1.244499999999999940e+00,-1.426693835549206746e+01
1.243800000000000017e+00,-1.432860817400533726e+01
1.243500000000000050e+00,-1.446787055020158341e+01
1.243200000000000083e+00,-1.413305218880343617e+01
1.242599999999999927e+00,-1.454881507544989816e+01
1.242199999999999971e+00,-1.453281084638495635e+01
1.241600000000000037e+00,-1.418295815025112994e+01
1.241300000000000070e+00,-1.425500305444844429e+01
1.241000000000000103e+00,-1.433366901374528091e+01
1.240299999999999958e+00,-1.432351010126390278e+01
1.239999999999999991e+00,-1.424324274796988377e+01
1.239700000000000024e+00,-1.432733488545914469e+01
1.239000000000000101e+00,-1.460412435823645261e+01
1.238699999999999912e+00,-1.464969296813578126e+01
1.237999999999999989e+00,-1.436922984829245209e+01
1.237700000000000022e+00,-1.466990489056494162e+01
1.237300000000000066e+00,-1.470077763325073938e+01
1.236699999999999910e+00,-1.463158756684716977e+01
1.236399999999999944e+00,-1.458245445567416176e+01
1.236099999999999977e+00,-1.428761064975179451e+01
1.235400000000000054e+00,-1.450495559151166347e+01
1.235100000000000087e+00,-1.466158898940556909e+01
1.234599999999999920e+00,-1.464348380578492126e+01
1.234299999999999953e+00,-1.466323312741325324e+01
1.233600000000000030e+00,-1.473625179500667848e+01
1.233200000000000074e+00,-1.469515135195165989e+01
1.232900000000000107e+00,-1.450998689726916346e+01
1.232199999999999962e+00,-1.449194843375124542e+01
1.231899999999999995e+00,-1.461261318192077852e+01
1.231500000000000039e+00,-1.461688935181469695e+01
1.230799999999999894e+00,-1.458304935474676611e+01
1.230499999999999927e+00,-1.459990414458436803e+01
1.230099999999999971e+00,-1.472426155249405966e+01
1.229500000000000037e+00,-1.478662845936687020e+01
1.229200000000000070e+00,-1.488099851212852975e+01
1.228499999999999925e+00,-1.503516488920407568e+01
1.228199999999999958e+00,-1.474092047950661488e+01
1.227899999999999991e+00,-1.502859082388918743e+01
1.227200000000000069e+00,-1.486822175495515275e+01
1.226900000000000102e+00,-1.510425469824908795e+01
1.226199999999999957e+00,-1.498538692484769363e+01
1.225899999999999990e+00,-1.496175371449061409e+01
1.225600000000000023e+00,-1.478000786198309235e+01
1.224900000000000100e+00,-1.503022691118397525e+01
1.224599999999999911e+00,-1.501447312089133490e+01
1.224299999999999944e+00,-1.525168860355401890e+01
1.223700000000000010e+00,-1.514167592240529103e+01
1.223300000000000054e+00,-1.503486401930366156e+01
1.223000000000000087e+00,-1.483115513827180543e+01
1.222399999999999931e+00,-1.473230516772805032e+01
1.222099999999999964e+00,-1.483943950159488168e+01
1.221400000000000041e+00,-1.472097553848327323e+01
1.221100000000000074e+00,-1.499734156725570067e+01
1.220399999999999929e+00,-1.501874701657465927e+01
1.220099999999999962e+00,-1.501034863186814583e+01
1.219700000000000006e+00,-1.494460857035058332e+01
1.219100000000000072e+00,-1.502437488882174854e+01
1.218800000000000106e+00,-1.521757571888030292e+01
1.218099999999999961e+00,-1.522414898111113857e+01
1.217799999999999994e+00,-1.519135918366732518e+01
1.217100000000000071e+00,-1.497493933240478370e+01
1.216800000000000104e+00,-1.497447148023965724e+01
1.216499999999999915e+00,-1.488893353089764737e+01
1.215799999999999992e+00,-1.515840389572505842e+01
1.215500000000000025e+00,-1.522220878922865772e+01
1.215200000000000058e+00,-1.519709249264437823e+01
1.214499999999999913e+00,-1.520841162573180405e+01
1.214199999999999946e+00,-1.525659191591677377e+01
1.213799999999999990e+00,-1.514551967123787968e+01
1.213200000000000056e+00,-1.519762329858220973e+01
1.212800000000000100e+00,-1.523198175750455796e+01
1.212099999999999955e+00,-1.520325047787603268e+01
1.211799999999999988e+00,-1.502268440585587683e+01
1.211500000000000021e+00,-1.481953219777613384e+01
1.210800000000000098e+00,-1.528393860342211852e+01
1.210499999999999909e+00,-1.522092395066629145e+01
1.209899999999999975e+00,-1.533458433405296084e+01
1.209600000000000009e+00,-1.530995554556945315e+01
1.209200000000000053e+00,-1.515832680945114852e+01
1.208599999999999897e+00,-1.509061810628605826e+01
1.208299999999999930e+00,-1.511489369762895585e+01
1.207899999999999974e+00,-1.518664032166031852e+01
1.207300000000000040e+00,-1.524507504236784250e+01
1.207000000000000073e+00,-1.492018148680539547e+01
1.206299999999999928e+00,-1.501310118669325355e+01
1.205999999999999961e+00,-1.492557178644745086e+01
1.205400000000000027e+00,-1.504038838796495092e+01
1.205000000000000071e+00,-1.473793493952655353e+01
1.204700000000000104e+00,-1.480549267170278860e+01
1.203999999999999959e+00,-1.499594091995432521e+01
1.203600000000000003e+00,-1.505518572997340954e+01
1.203300000000000036e+00,-1.523861430043902487e+01
1.202700000000000102e+00,-1.488852106539409803e+01
1.202299999999999924e+00,-1.488408784809716856e+01
1.201899999999999968e+00,-1.527745614725458090e+01
1.201300000000000034e+00,-1.549369690678444655e+01
1.201000000000000068e+00,-1.549068235141336380e+01
1.200700000000000101e+00,-1.517575454879627195e+01
1.199999999999999956e+00,-1.533289349838324256e+01
1.199699999999999989e+00,-1.515059214392410070e+01
1.199100000000000055e+00,-1.510984342718570872e+01
1.198700000000000099e+00,-1.522817482845939985e+01
1.198399999999999910e+00,-1.530665554427205599e+01
1.197699999999999987e+00,-1.564531652650565974e+01
1.197300000000000031e+00,-1.548350994166386307e+01
1.197000000000000064e+00,-1.535629229914771798e+01
1.196399999999999908e+00,-1.514285779786370689e+01
1.196099999999999941e+00,-1.516171746495447614e+01
1.195400000000000018e+00,-1.516458578853989536e+01
1.194700000000000095e+00,-1.525264448573335230e+01
1.194399999999999906e+00,-1.515401227546321117e+01
1.193699999999999983e+00,-1.515857368034150277e+01
1.193300000000000027e+00,-1.512855165767823529e+01
1.193000000000000060e+00,-1.503620526568778004e+01
1.192399999999999904e+00,-1.529062360028138201e+01
1.191999999999999948e+00,-1.497767804713734208e+01
1.191300000000000026e+00,-1.513030640090603995e+01
1.191000000000000059e+00,-1.497251003613657794e+01
1.190700000000000092e+00,-1.518886843970591904e+01
1.189999999999999947e+00,-1.476641363309626165e+01
1.189699999999999980e+00,-1.493145083203875245e+01
1.189400000000000013e+00,-1.513946513262531468e+01
1.188700000000000090e+00,-1.492911565091812243e+01
1.188299999999999912e+00,-1.498342815629866287e+01
1.187999999999999945e+00,-1.520721081320725787e+01
1.187300000000000022e+00,-1.535276698724828748e+01
1.186900000000000066e+00,-1.509289550712257011e+01
1.186299999999999910e+00,-1.490280795086002819e+01
1.185999999999999943e+00,-1.497589532888532915e+01
1.185599999999999987e+00,-1.517863054891061303e+01
1.185000000000000053e+00,-1.505410272480568068e+01
1.184700000000000086e+00,-1.538491262556319938e+01
1.184099999999999930e+00,-1.529203734440382512e+01
1.183799999999999963e+00,-1.538263564896820945e+01
1.183400000000000007e+00,-1.540748667573337904e+01
1.182800000000000074e+00,-1.543718975442281049e+01
1.182500000000000107e+00,-1.559700628867895844e+01
1.182099999999999929e+00,-1.531959319020870325e+01
1.181499999999999995e+00,-1.522370562155614415e+01
1.181100000000000039e+00,-1.529812666663478105e+01
1.180800000000000072e+00,-1.531179039190120506e+01
1.180399999999999894e+00,-1.516380117989528209e+01
1.179699999999999971e+00,-1.516020598589947355e+01
1.179400000000000004e+00,-1.507491621840603813e+01
1.179000000000000048e+00,-1.530015685268389447e+01
1.178299999999999903e+00,-1.530415737797570230e+01
1.177999999999999936e+00,-1.510102827265464143e+01
1.177699999999999969e+00,-1.510678751768653960e+01
1.177000000000000046e+00,-1.484258421484373436e+01
1.176600000000000090e+00,-1.523118325005704676e+01
1.176299999999999901e+00,-1.522233227033071579e+01
1.175699999999999967e+00,-1.511436472023761723e+01
1.175400000000000000e+00,-1.520455661852796148e+01
1.175100000000000033e+00,-1.530532618785728616e+01
1.174400000000000110e+00,-1.532451743929607879e+01
1.174099999999999921e+00,-1.547976515586890756e+01
1.173399999999999999e+00,-1.536375819018100231e+01
1.173100000000000032e+00,-1.551016683594419376e+01
1.172400000000000109e+00,-1.557199974515778429e+01
1.172099999999999920e+00,-1.577541000303802221e+01
1.171699999999999964e+00,-1.543452391162961668e+01
1.171100000000000030e+00,-1.549361311391152363e+01
1.170700000000000074e+00,-1.555379101809092290e+01
1.170400000000000107e+00,-1.561285218428427690e+01
1.169699999999999962e+00,-1.556740858821474838e+01
1.169300000000000006e+00,-1.550830223874496205e+01
1.169000000000000039e+00,-1.539178738722132422e+01
1.168299999999999894e+00,-1.552382818027732014e+01
1.167999999999999927e+00,-1.531427647373645762e+01
1.167699999999999960e+00,-1.522190253966867957e+01
1.167000000000000037e+00,-1.555001788767934023e+01
1.166700000000000070e+00,-1.527186569061317378e+01
1.166400000000000103e+00,-1.568337904186128284e+01
1.165699999999999958e+00,-1.549010907236515067e+01
1.165399999999999991e+00,-1.547223522289364794e+01
1.165100000000000025e+00,-1.568627113833474240e+01
1.164400000000000102e+00,-1.560508415331331378e+01
1.163999999999999924e+00,-1.535806905003282985e+01
1.163399999999999990e+00,-1.561272143808063362e+01
1.163100000000000023e+00,-1.565060200097202703e+01
1.162700000000000067e+00,-1.558522279795952237e+01
1.162099999999999911e+00,-1.534269399220376862e+01
1.161799999999999944e+00,-1.554724056187387227e+01
1.161499999999999977e+00,-1.533934169846719797e+01
1.160700000000000065e+00,-1.532269618306385794e+01
1.160400000000000098e+00,-1.540869258115646723e+01
1.160099999999999909e+00,-1.531622383258966558e+01
1.159399999999999986e+00,-1.535093545313739050e+01
1.159100000000000019e+00,-1.547430349927545024e+01
1.158800000000000052e+00,-1.539740536604151622e+01
1.158099999999999907e+00,-1.576260323271827168e+01
1.157799999999999940e+00,-1.568736903766385282e+01
1.157399999999999984e+00,-1.518159921370170906e+01
1.156800000000000050e+00,-1.531089842325707728e+01
1.156400000000000095e+00,-1.511700656651100161e+01
1.155699999999999950e+00,-1.527302043702713696e+01
1.155399999999999983e+00,-1.527625169430240604e+01
1.155100000000000016e+00,-1.565469491376962097e+01
1.154400000000000093e+00,-1.562409996084827668e+01
1.153999999999999915e+00,-1.539470593424432643e+01
1.153399999999999981e+00,-1.521182874114697547e+01
1.153000000000000025e+00,-1.540097917747029754e+01
1.152700000000000058e+00,-1.571008619908266724e+01
1.152099999999999902e+00,-1.572875815732937355e+01
1.151699999999999946e+00,-1.533853834751041312e+01
1.151399999999999979e+00,-1.558433857753145979e+01
1.150700000000000056e+00,-1.536779590542585971e+01
1.150400000000000089e+00,-1.527330182620146815e+01
1.149799999999999933e+00,-1.572636237352205235e+01
1.149499999999999966e+00,-1.549871052526636639e+01
1.149199999999999999e+00,-1.523766271160852703e+01
1.148500000000000076e+00,-1.550674997073985573e+01
1.148200000000000109e+00,-1.557728426261767218e+01
1.147799999999999931e+00,-1.524455970378952152e+01
1.147199999999999998e+00,-1.545131716301996327e+01
1.146800000000000042e+00,-1.532937858722200453e+01
1.146099999999999897e+00,-1.531205771465983823e+01
1.145799999999999930e+00,-1.511891165179208940e+01
1.145199999999999996e+00,-1.526273242673844344e+01
1.144800000000000040e+00,-1.517143848707670450e+01
1.144200000000000106e+00,-1.519709028551486796e+01
1.143799999999999928e+00,-1.536972471122255968e+01
1.143199999999999994e+00,-1.591409719425226577e+01
1.142900000000000027e+00,-1.591674630456478212e+01
1.142500000000000071e+00,-1.567437290312307674e+01
1.141899999999999915e+00,-1.565166594102833031e+01
1.141499999999999959e+00,-1.565551986009484686e+01
1.140900000000000025e+00,-1.568552062381595924e+01
1.140500000000000069e+00,-1.565134021599785541e+01
1.139799999999999924e+00,-1.568431073100883744e+01
1.139499999999999957e+00,-1.538016534172173166e+01
1.139199999999999990e+00,-1.532086197082154655e+01
1.138500000000000068e+00,-1.540023800714583402e+01
1.138200000000000101e+00,-1.555058261021554422e+01
1.137899999999999912e+00,-1.538415994653860075e+01
1.137199999999999989e+00,-1.535433127441382162e+01
1.136900000000000022e+00,-1.531733134703873844e+01
1.136600000000000055e+00,-1.552758706964685587e+01
1.135899999999999910e+00,-1.553691964140794823e+01
1.135599999999999943e+00,-1.556368846002827944e+01
1.135299999999999976e+00,-1.555444890036950412e+01
1.134700000000000042e+00,-1.543785868836561903e+01
1.134300000000000086e+00,-1.560059329850480125e+01
1.133699999999999930e+00,-1.547617613753742027e+01
1.133299999999999974e+00,-1.570943592866910876e+01
1.133000000000000007e+00,-1.592434009829121244e+01
1.132300000000000084e+00,-1.552663416746725389e+01
1.131999999999999895e+00,-1.563934869291737506e+01
1.131599999999999939e+00,-1.565335994940751974e+01
1.131000000000000005e+00,-1.577079700673443696e+01
1.130600000000000049e+00,-1.575664358029785994e+01
1.130300000000000082e+00,-1.566287047211820393e+01
1.129699999999999926e+00,-1.581492237166539283e+01
1.129299999999999971e+00,-1.583267134789079833e+01
1.128600000000000048e+00,-1.593810994162355499e+01
1.128300000000000081e+00,-1.614304079040945794e+01
1.127999999999999892e+00,-1.615289155359003104e+01
1.127299999999999969e+00,-1.563668424698976800e+01
1.127000000000000002e+00,-1.571820243080625801e+01
1.126600000000000046e+00,-1.541237026570470725e+01
1.125999999999999890e+00,-1.550966317799961303e+01
1.125699999999999923e+00,-1.533046066763054860e+01
1.125399999999999956e+00,-1.552362579310864277e+01
1.124700000000000033e+00,-1.558027925293340665e+01
1.124300000000000077e+00,-1.536820941287673215e+01
1.124000000000000110e+00,-1.520259201054840759e+01
1.123299999999999965e+00,-1.532074443603486813e+01
1.122999999999999998e+00,-1.545058772604540387e+01
1.122400000000000064e+00,-1.542929673670097301e+01
1.122100000000000097e+00,-1.524144793316063229e+01
1.121699999999999919e+00,-1.523757199881718982e+01
1.121099999999999985e+00,-1.545613340535457780e+01
1.120800000000000018e+00,-1.548424410930235240e+01
1.120400000000000063e+00,-1.535588457483223301e+01
1.119699999999999918e+00,-1.530983220809219958e+01
1.119399999999999951e+00,-1.512452255654011424e+01
1.118800000000000017e+00,-1.545749476317415017e+01
1.118500000000000050e+00,-1.547063826596250280e+01
1.118200000000000083e+00,-1.512165051249594683e+01
1.117499999999999938e+00,-1.545317159874644730e+01
1.117199999999999971e+00,-1.547722625755568515e+01
1.116900000000000004e+00,-1.551228426522027348e+01
1.116200000000000081e+00,-1.551789874506275169e+01
1.115899999999999892e+00,-1.536397924413028093e+01
1.115499999999999936e+00,-1.518933226652445079e+01
1.114900000000000002e+00,-1.494302796707588676e+01
1.114500000000000046e+00,-1.537958601136582182e+01
1.114200000000000079e+00,-1.529650955300334481e+01
1.113599999999999923e+00,-1.528060782994976563e+01
1.113299999999999956e+00,-1.524038412428233968e+01
1.112900000000000000e+00,-1.537215052034959051e+01
1.112300000000000066e+00,-1.558231097161957912e+01
1.112000000000000099e+00,-1.559080349160326939e+01
1.111699999999999910e+00,-1.578827018735467291e+01
1.111099999999999977e+00,-1.560309547069930680e+01
1.110800000000000010e+00,-1.560213949813071110e+01
1.110400000000000054e+00,-1.526444332702932982e+01
1.109799999999999898e+00,-1.554157195165267602e+01
1.109499999999999931e+00,-1.538876307270828825e+01
1.108700000000000019e+00,-1.528452705116098365e+01
1.108400000000000052e+00,-1.525182768398372168e+01
1.108100000000000085e+00,-1.525076893435775283e+01
1.107399999999999940e+00,-1.557383079020921635e+01
1.107099999999999973e+00,-1.556450375001161213e+01
1.106500000000000039e+00,-1.546955293410512944e+01
1.106200000000000072e+00,-1.521784277296526788e+01
1.105799999999999894e+00,-1.524728904145206165e+01
1.105199999999999960e+00,-1.535420943209338773e+01
1.104800000000000004e+00,-1.539436284421272561e+01
1.104500000000000037e+00,-1.530506601963494795e+01
1.103900000000000103e+00,-1.502665521938802762e+01
1.103499999999999925e+00,-1.489435896550308769e+01
1.103299999999999947e+00,-1.505061538690914169e+01
1.102600000000000025e+00,-1.550536124866304810e+01
1.102400000000000047e+00,-1.540685226973680777e+01
1.101699999999999902e+00,-1.543826521620667513e+01
1.101499999999999924e+00,-1.575755712634146910e+01
1.100600000000000023e+00,-1.536573260206538016e+01
1.100300000000000056e+00,-1.532109697018235828e+01
1.099699999999999900e+00,-1.506236211395502878e+01
1.099299999999999944e+00,-1.511073026553852827e+01
1.098400000000000043e+00,-1.499702478514081605e+01
1.098100000000000076e+00,-1.519118301804914317e+01
1.097399999999999931e+00,-1.533138516523965755e+01
1.097099999999999964e+00,-1.540938264112611478e+01
1.096700000000000008e+00,-1.573031104943872016e+01
1.096100000000000074e+00,-1.566973449411747055e+01
1.095800000000000107e+00,-1.559248258262626230e+01
1.095399999999999929e+00,-1.530513005223966516e+01
1.094700000000000006e+00,-1.515293069375607260e+01
1.094400000000000039e+00,-1.517037298660586409e+01
1.093800000000000106e+00,-1.531894080648091361e+01
1.093399999999999928e+00,-1.544897545185919796e+01
1.093199999999999950e+00,-1.554961138606563331e+01
1.092600000000000016e+00,-1.547436280952558718e+01
1.092300000000000049e+00,-1.533643129700921293e+01
1.091900000000000093e+00,-1.532519352464461271e+01
1.091299999999999937e+00,-1.544829855865781276e+01
1.090999999999999970e+00,-1.533975080068364605e+01
1.090300000000000047e+00,-1.532700328932292066e+01
1.090000000000000080e+00,-1.561899879727243956e+01
1.089399999999999924e+00,-1.548609628178479625e+01
1.088999999999999968e+00,-1.586293407925976773e+01
1.088700000000000001e+00,-1.569471419043168048e+01
1.088000000000000078e+00,-1.534856091584889271e+01
1.087699999999999889e+00,-1.528923533757615516e+01
1.087399999999999922e+00,-1.528150248392386779e+01
1.086699999999999999e+00,-1.554164205128166465e+01
1.086400000000000032e+00,-1.531106920320988607e+01
1.085700000000000109e+00,-1.541248786821036987e+01
1.085499999999999909e+00,-1.512891609718150754e+01
1.084799999999999986e+00,-1.536920379716134555e+01
1.084500000000000020e+00,-1.525925229027545171e+01
1.084100000000000064e+00,-1.533932247450705688e+01
1.083399999999999919e+00,-1.541501604992710206e+01
1.082999999999999963e+00,-1.574329471521547674e+01
1.082600000000000007e+00,-1.567638762028178512e+01
1.081900000000000084e+00,-1.589978540674757213e+01
1.081499999999999906e+00,-1.573575220346753589e+01
1.081099999999999950e+00,-1.533951346553113915e+01
1.080400000000000027e+00,-1.532956029820259758e+01
1.080200000000000049e+00,-1.549917606799404091e+01
1.079800000000000093e+00,-1.561278645702791223e+01
1.079199999999999937e+00,-1.576244495376500332e+01
1.078899999999999970e+00,-1.571524079107774519e+01
1.078600000000000003e+00,-1.549747347362477434e+01
1.077900000000000080e+00,-1.530951564034628909e+01
1.077499999999999902e+00,-1.526199553616041626e+01
1.076899999999999968e+00,-1.527704352083079620e+01
1.076500000000000012e+00,-1.542904653460634101e+01
1.075800000000000090e+00,-1.548982112827693847e+01
1.075499999999999901e+00,-1.544991869257949446e+01
1.075199999999999934e+00,-1.554589464811005506e+01
1.074500000000000011e+00,-1.524664201846806399e+01
1.074200000000000044e+00,-1.501062015613354461e+01
1.073600000000000110e+00,-1.526575362750170761e+01
1.073199999999999932e+00,-1.527630424361988482e+01
1.072999999999999954e+00,-1.545431538336500665e+01
1.072200000000000042e+00,-1.546052460361115521e+01
1.071900000000000075e+00,-1.553365005902498730e+01
1.071600000000000108e+00,-1.521949817205609889e+01
1.070899999999999963e+00,-1.533094410743815672e+01
1.070599999999999996e+00,-1.528287732296383439e+01
1.070200000000000040e+00,-1.537054558214149758e+01
1.069499999999999895e+00,-1.556164936440151259e+01
1.069199999999999928e+00,-1.577531577888037795e+01
1.068899999999999961e+00,-1.565791950006154920e+01
1.068200000000000038e+00,-1.556592268861518491e+01
1.067900000000000071e+00,-1.559516112466835658e+01
1.067600000000000104e+00,-1.559174264731133341e+01
1.066999999999999948e+00,-1.542019554924443625e+01
1.066699999999999982e+00,-1.542116639369831077e+01
1.066300000000000026e+00,-1.558208692445206367e+01
1.065700000000000092e+00,-1.565683428578620529e+01
1.065299999999999914e+00,-1.565198845177109632e+01
1.064599999999999991e+00,-1.544038507174608910e+01
1.064400000000000013e+00,-1.538696715665058079e+01
1.064000000000000057e+00,-1.548921765417302510e+01
1.063299999999999912e+00,-1.524083678668081276e+01
1.062999999999999945e+00,-1.529588101728026750e+01
1.062699999999999978e+00,-1.511167564452662049e+01
1.062000000000000055e+00,-1.522807330275894522e+01
1.061600000000000099e+00,-1.509591048891359932e+01
1.060999999999999943e+00,-1.523120989573942907e+01
1.060699999999999976e+00,-1.546068329495119364e+01
1.060000000000000053e+00,-1.537083829004678570e+01
1.059700000000000086e+00,-1.536500510301416611e+01
1.059299999999999908e+00,-1.536756683000232115e+01
1.058699999999999974e+00,-1.537517067970823881e+01
1.058400000000000007e+00,-1.526013417568897523e+01
1.058000000000000052e+00,-1.508841385631355791e+01
1.057299999999999907e+00,-1.535603674904335492e+01
1.056999999999999940e+00,-1.531181791108403623e+01
1.056699999999999973e+00,-1.521337418372988814e+01
1.056100000000000039e+00,-1.538893155777082100e+01
1.055800000000000072e+00,-1.516201641868484629e+01
1.055399999999999894e+00,-1.512708717526366620e+01
1.054799999999999960e+00,-1.539781533923020440e+01
1.054400000000000004e+00,-1.539379896216151700e+01
1.054100000000000037e+00,-1.538977508813350425e+01
1.053399999999999892e+00,-1.561060339874706493e+01
1.053099999999999925e+00,-1.532420432610050653e+01
1.052699999999999969e+00,-1.571679950969925876e+01
1.052100000000000035e+00,-1.541402562807844490e+01
1.051800000000000068e+00,-1.523633333351966535e+01
1.051399999999999890e+00,-1.536923824014945694e+01
1.050799999999999956e+00,-1.506594133657639567e+01
1.050499999999999989e+00,-1.501108618987480803e+01
1.050200000000000022e+00,-1.508782919988562021e+01
1.049500000000000099e+00,-1.516153866084972890e+01
1.049199999999999910e+00,-1.546624967858451782e+01
1.048799999999999955e+00,-1.537537960654450764e+01
1.048100000000000032e+00,-1.538695267416252044e+01
1.047800000000000065e+00,-1.538978597582930519e+01
1.047099999999999920e+00,-1.532107016247302944e+01
1.046799999999999953e+00,-1.520773927166339767e+01
1.046100000000000030e+00,-1.523111872783627696e+01
1.045700000000000074e+00,-1.513483015895121930e+01
1.045400000000000107e+00,-1.517276640095373885e+01
1.044799999999999951e+00,-1.538933614260915306e+01
1.044399999999999995e+00,-1.525836348583975877e+01
1.044100000000000028e+00,-1.523591960372180587e+01
1.043500000000000094e+00,-1.530324658624673084e+01
1.043199999999999905e+00,-1.539198891941388680e+01
1.042499999999999982e+00,-1.531446673356010812e+01
1.042200000000000015e+00,-1.548957969911737464e+01
1.041800000000000059e+00,-1.529054751140583868e+01
1.041199999999999903e+00,-1.538475596874232920e+01
1.040799999999999947e+00,-1.532126230346462314e+01
1.040499999999999980e+00,-1.530655633571434571e+01
1.039800000000000058e+00,-1.532322363360519724e+01
1.039500000000000091e+00,-1.578377597151446032e+01
1.039199999999999902e+00,-1.552015855607337969e+01
1.038499999999999979e+00,-1.534448634316664162e+01
1.038200000000000012e+00,-1.557203413770577249e+01
1.037500000000000089e+00,-1.539335010974395601e+01
1.037199999999999900e+00,-1.526038132778054113e+01
1.036799999999999944e+00,-1.531184179986773941e+01
1.036200000000000010e+00,-1.513791681355830221e+01
1.035900000000000043e+00,-1.517356753188538576e+01
1.035500000000000087e+00,-1.526746785602548506e+01
1.034799999999999942e+00,-1.549763795435615421e+01
1.034499999999999975e+00,-1.547731393770010122e+01
1.033800000000000052e+00,-1.572972615530422758e+01
1.033500000000000085e+00,-1.528493001473837687e+01
1.032899999999999929e+00,-1.519963068482819679e+01
1.032499999999999973e+00,-1.540939150018116344e+01
1.031900000000000039e+00,-1.538778308894010749e+01
1.031500000000000083e+00,-1.536421786081734453e+01
1.031199999999999894e+00,-1.553172728402424596e+01
1.030599999999999961e+00,-1.527381837264614894e+01
1.030200000000000005e+00,-1.538534589161175781e+01
1.029900000000000038e+00,-1.525584327081979552e+01
1.029199999999999893e+00,-1.540682747458136070e+01
1.028899999999999926e+00,-1.558422029264603559e+01
1.028599999999999959e+00,-1.528556805959404130e+01
1.027900000000000036e+00,-1.529684935002437740e+01
1.027500000000000080e+00,-1.516904278165837106e+01
1.027199999999999891e+00,-1.513225125753699096e+01
1.026599999999999957e+00,-1.522897284589848788e+01
1.026200000000000001e+00,-1.522735083110181442e+01
1.025500000000000078e+00,-1.538755865381576093e+01
1.025199999999999889e+00,-1.545731100107085254e+01
1.024499999999999966e+00,-1.558816686698574117e+01
1.024199999999999999e+00,-1.577332340600495186e+01
1.023900000000000032e+00,-1.546684929335743419e+01
1.023200000000000109e+00,-1.529972631660536031e+01
1.022899999999999920e+00,-1.534615485191946149e+01
1.022599999999999953e+00,-1.558042728120687848e+01
1.021900000000000031e+00,-1.547277570555275439e+01
1.021600000000000064e+00,-1.551255296500565528e+01
1.021200000000000108e+00,-1.543605208135583773e+01
1.020499999999999963e+00,-1.509772131811830498e+01
1.020100000000000007e+00,-1.544761678073248490e+01
1.019500000000000073e+00,-1.564301978080088418e+01
1.019099999999999895e+00,-1.545220235431171396e+01
1.018499999999999961e+00,-1.550680977131591298e+01
1.018199999999999994e+00,-1.510476598879134791e+01
1.017600000000000060e+00,-1.522459855845686683e+01
1.017400000000000082e+00,-1.543355201289559808e+01
1.016899999999999915e+00,-1.538807567376967178e+01
1.016599999999999948e+00,-1.557074018307526408e+01
1.016000000000000014e+00,-1.539997677626006123e+01
1.015700000000000047e+00,-1.543383903152770209e+01
1.014999999999999902e+00,-1.523117451175596848e+01
1.014599999999999946e+00,-1.524063429103384770e+01
1.014199999999999990e+00,-1.529455809188601378e+01
1.013600000000000056e+00,-1.533749140756753526e+01
1.013300000000000090e+00,-1.529549388665178000e+01
1.012899999999999912e+00,-1.503824238294952664e+01
1.012299999999999978e+00,-1.489151046532818157e+01
1.012000000000000011e+00,-1.512553408096657392e+01
1.011300000000000088e+00,-1.531145807467050446e+01
1.010899999999999910e+00,-1.533684101193881766e+01
1.010299999999999976e+00,-1.544114275329007135e+01
1.009900000000000020e+00,-1.572986268154226508e+01
1.009600000000000053e+00,-1.531333631387314931e+01
1.008999999999999897e+00,-1.533561776566475388e+01
1.008699999999999930e+00,-1.550643024674194947e+01
1.008299999999999974e+00,-1.545662501034898639e+01
1.007600000000000051e+00,-1.525526678107769740e+01
1.007300000000000084e+00,-1.530413365380134216e+01
1.006899999999999906e+00,-1.526345331161621210e+01
1.006299999999999972e+00,-1.521493021999203243e+01
1.006000000000000005e+00,-1.532654062798600947e+01
1.005400000000000071e+00,-1.545584552556688429e+01
1.004999999999999893e+00,-1.515698782023459579e+01
1.004399999999999959e+00,-1.529090368076820283e+01
1.004000000000000004e+00,-1.505627787931661565e+01
1.003400000000000070e+00,-1.515303971934814342e+01
1.002999999999999892e+00,-1.519317291086264454e+01
1.002699999999999925e+00,-1.497220881690212657e+01
1.002099999999999991e+00,-1.520194249979831902e+01
1.001800000000000024e+00,-1.520184015099386521e+01
1.001400000000000068e+00,-1.523969708936811607e+01
1.001100000000000101e+00,-1.514765810066787388e+01
1.000399999999999956e+00,-1.516226864031252219e+01
1.000000000000000000e+00,-1.515202749074735600e+01
9.997000000000000330e-01,-1.498061824122887664e+01
9.989999999999999991e-01,-1.507998712731736823e+01
9.987000000000000322e-01,-1.519174875635543032e+01
9.983999999999999542e-01,-1.514602032067731940e+01
9.980999999999999872e-01,-1.498937842801236009e+01
9.975000000000000533e-01,-1.502995155262963500e+01
9.971999999999999753e-01,-1.532444533275504917e+01
9.968000000000000194e-01,-1.523787909236424376e+01
9.965000000000000524e-01,-1.524969576789699843e+01
9.958000000000000185e-01,-1.541131115853631250e+01
9.955000000000000515e-01,-1.536853785168116282e+01
9.951999999999999735e-01,-1.535038042661163082e+01
9.945000000000000506e-01,-1.510456867371129697e+01
9.941999999999999726e-01,-1.518871190501068646e+01
9.939000000000000057e-01,-1.507678220742199038e+01
9.931999999999999718e-01,-1.507266032514157317e+01
9.929000000000000048e-01,-1.504237068215826056e+01
9.926000000000000378e-01,-1.484313679174489842e+01
9.918000000000000149e-01,-1.507528650092544176e+01
9.915000000000000480e-01,-1.517870705703336576e+01
9.909000000000000030e-01,-1.520289739699609122e+01
9.906000000000000361e-01,-1.503455164790705290e+01
9.899999999999999911e-01,-1.511154058123126376e+01
9.897000000000000242e-01,-1.533917936160354145e+01
9.893999999999999462e-01,-1.494144460313948208e+01
9.887000000000000233e-01,-1.505620145034844803e+01
9.883999999999999453e-01,-1.496660882537520898e+01
9.877000000000000224e-01,-1.487337677867875563e+01
9.872999999999999554e-01,-1.498721872681351464e+01
9.869999999999999885e-01,-1.507577816903759071e+01
9.862999999999999545e-01,-1.516533106803166220e+01
9.859999999999999876e-01,-1.504471557012294269e+01
9.856000000000000316e-01,-1.524160405128255746e+01
9.849999999999999867e-01,-1.515479310077092201e+01
9.847000000000000197e-01,-1.505898131791312622e+01
9.839999999999999858e-01,-1.532086499761873988e+01
9.837000000000000188e-01,-1.522080118566246476e+01
9.834000000000000519e-01,-1.511883954120906814e+01
9.827000000000000179e-01,-1.480619395012108797e+01
9.822999999999999510e-01,-1.495505675816913183e+01
9.817000000000000171e-01,-1.484843732289734852e+01
9.814000000000000501e-01,-1.501422261679999437e+01
9.807000000000000162e-01,-1.487327478088399779e+01
9.804000000000000492e-01,-1.492822157601525213e+01
9.799999999999999822e-01,-1.511681344977763253e+01
9.794000000000000483e-01,-1.519938244969518415e+01
9.789999999999999813e-01,-1.539668010949754695e+01
9.784000000000000474e-01,-1.516954755486326789e+01
9.779999999999999805e-01,-1.488975453186199438e+01
9.777000000000000135e-01,-1.509372045818916597e+01
9.770999999999999686e-01,-1.479379613790463566e+01
9.767000000000000126e-01,-1.461282282359920970e+01
9.764000000000000457e-01,-1.491148889683970502e+01
9.758000000000000007e-01,-1.515899432091508992e+01
9.755000000000000338e-01,-1.502531961182218545e+01
9.747999999999999998e-01,-1.510352312577827760e+01
9.745000000000000329e-01,-1.525472866034250785e+01
9.741999999999999549e-01,-1.524587293820962408e+01
9.735000000000000320e-01,-1.501774376446588377e+01
9.730999999999999650e-01,-1.513589962142186351e+01
9.724000000000000421e-01,-1.479048146722846369e+01
9.720999999999999641e-01,-1.474389117370334823e+01
9.717000000000000082e-01,-1.475488899297494250e+01
9.710999999999999632e-01,-1.487062522064798387e+01
9.707000000000000073e-01,-1.508540331736935691e+01
9.704000000000000403e-01,-1.521676902313771862e+01
9.697999999999999954e-01,-1.514413624274112102e+01
9.695000000000000284e-01,-1.531260957687995372e+01
9.690999999999999615e-01,-1.510061732984506477e+01
9.685000000000000275e-01,-1.482899339804849781e+01
9.680999999999999606e-01,-1.486896808647842860e+01
9.677999999999999936e-01,-1.504604581368622540e+01
9.671999999999999487e-01,-1.518255006273624375e+01
9.667999999999999927e-01,-1.528781271539971343e+01
9.665000000000000258e-01,-1.530981567328757542e+01
9.658999999999999808e-01,-1.506532865927757037e+01
9.656000000000000139e-01,-1.515201407578422632e+01
9.648999999999999799e-01,-1.497472122093392777e+01
9.645000000000000240e-01,-1.518164449715354536e+01
9.641999999999999460e-01,-1.514280226853252920e+01
9.635000000000000231e-01,-1.517741363751307304e+01
9.630999999999999561e-01,-1.470203295494286344e+01
9.625000000000000222e-01,-1.471691952161726036e+01
9.620999999999999552e-01,-1.510620731910170278e+01
9.615000000000000213e-01,-1.523022537930403963e+01
9.610999999999999543e-01,-1.509300968649429997e+01
9.607999999999999874e-01,-1.500756003921036097e+01
9.600999999999999535e-01,-1.472651232989877101e+01
9.597999999999999865e-01,-1.471950898120498685e+01
9.595000000000000195e-01,-1.478938755372976743e+01
9.588999999999999746e-01,-1.428910014943658524e+01
9.585000000000000187e-01,-1.438770804895654720e+01
9.582000000000000517e-01,-1.452674709496648298e+01
9.576000000000000068e-01,-1.463597794586694611e+01
9.572000000000000508e-01,-1.487125821954054494e+01
9.568999999999999728e-01,-1.461664966049993986e+01
9.562000000000000499e-01,-1.470478715512024870e+01
9.558999999999999719e-01,-1.459913010921404108e+01
9.553000000000000380e-01,-1.452864115291420433e+01
9.549999999999999600e-01,-1.516855441981070740e+01
9.546000000000000041e-01,-1.514125162680767644e+01
9.538999999999999702e-01,-1.475287478569474509e+01
9.536000000000000032e-01,-1.475541521501397568e+01
9.533000000000000362e-01,-1.486781517701192179e+01
9.526000000000000023e-01,-1.467209650318299730e+01
9.522000000000000464e-01,-1.471711101379046305e+01
9.518999999999999684e-01,-1.475662013374564907e+01
9.513000000000000345e-01,-1.470924266400092684e+01
9.508999999999999675e-01,-1.519556357513888756e+01
9.503000000000000336e-01,-1.505892189786019841e+01
9.498999999999999666e-01,-1.477481301721196694e+01
9.495999999999999996e-01,-1.478397919000915905e+01
9.488999999999999657e-01,-1.513786730323292851e+01
9.485999999999999988e-01,-1.496879309326982366e+01
9.483000000000000318e-01,-1.504543858954251512e+01
9.476999999999999869e-01,-1.496984431100577417e+01
9.473000000000000309e-01,-1.499790455554430579e+01
9.469999999999999529e-01,-1.515929139124271607e+01
9.463000000000000300e-01,-1.496834311070843349e+01
9.459999999999999520e-01,-1.499569928276394570e+01
9.455999999999999961e-01,-1.513716600000530654e+01
9.449999999999999512e-01,-1.493992439926419991e+01
9.446999999999999842e-01,-1.489231630191270916e+01
9.444000000000000172e-01,-1.488801063212800102e+01
9.436999999999999833e-01,-1.493172939556865586e+01
9.434000000000000163e-01,-1.508584640776927444e+01
9.427999999999999714e-01,-1.520955883107504647e+01
9.425000000000000044e-01,-1.507643811018910007e+01
9.417999999999999705e-01,-1.490185612095635292e+01
9.414000000000000146e-01,-1.472682274034492522e+01
9.411000000000000476e-01,-1.495163087645221189e+01
9.404000000000000137e-01,-1.493608317758646287e+01
9.401000000000000467e-01,-1.507741435401886321e+01
9.394000000000000128e-01,-1.496616744851677439e+01
9.391000000000000458e-01,-1.506844856821462919e+01
9.387999999999999678e-01,-1.519498960548711075e+01
9.382000000000000339e-01,-1.528422199760413314e+01
9.377999999999999670e-01,-1.537120336246168328e+01
9.372000000000000330e-01,-1.518361812261170485e+01
9.368999999999999551e-01,-1.507720773752257770e+01
9.366999999999999771e-01,-1.499392340834624449e+01
9.360000000000000542e-01,-1.496235886292455852e+01
9.355999999999999872e-01,-1.472395508557669963e+01
9.353000000000000203e-01,-1.453967637061561469e+01
9.345999999999999863e-01,-1.445970871880727238e+01
9.343000000000000194e-01,-1.466046423260710618e+01
9.335999999999999854e-01,-1.474639946638849075e+01
9.333000000000000185e-01,-1.465095796744997614e+01
9.330000000000000515e-01,-1.460116935196004029e+01
9.323000000000000176e-01,-1.501894881236636792e+01
9.318999999999999506e-01,-1.474525807971650870e+01
9.313000000000000167e-01,-1.476836587074952512e+01
9.308999999999999497e-01,-1.453872016963545732e+01
9.304999999999999938e-01,-1.471755591459179691e+01
9.298999999999999488e-01,-1.467445715107214355e+01
9.294999999999999929e-01,-1.486836381525971085e+01
9.292000000000000259e-01,-1.486846690706465957e+01
9.285999999999999810e-01,-1.476342243864265491e+01
9.283000000000000140e-01,-1.455983656590696818e+01
9.275999999999999801e-01,-1.493431309462153678e+01
9.273000000000000131e-01,-1.477914614198051169e+01
9.270000000000000462e-01,-1.472213440769356829e+01
9.264000000000000012e-01,-1.475209629144753087e+01
9.261000000000000343e-01,-1.479943929486224619e+01
9.256999999999999673e-01,-1.489446895322143405e+01
9.251000000000000334e-01,-1.483641496874443000e+01
9.247999999999999554e-01,-1.473109784847364878e+01
9.241000000000000325e-01,-1.498668013093029927e+01
9.236999999999999655e-01,-1.507946924558087254e+01
9.231000000000000316e-01,-1.472771749769046146e+01
9.227999999999999536e-01,-1.469820678941774084e+01
9.223999999999999977e-01,-1.483174777938058497e+01
9.214999999999999858e-01,-1.473997503076676630e+01
9.212000000000000188e-01,-1.492055398428996682e+01
9.204999999999999849e-01,-1.485037133832874723e+01
9.202000000000000179e-01,-1.482842798539417117e+01
9.199000000000000510e-01,-1.484740919671732406e+01
9.193000000000000060e-01,-1.495789686885538927e+01
9.189000000000000501e-01,-1.469344550686364670e+01
9.179000000000000492e-01,-1.505808363210109135e+01
9.175999999999999712e-01,-1.489698250688896053e+01
9.173000000000000043e-01,-1.501877662325424545e+01
9.165999999999999703e-01,-1.494228732778367252e+01
9.163000000000000034e-01,-1.510565024801172918e+01
9.160000000000000364e-01,-1.501495645907296606e+01
9.153000000000000025e-01,-1.490257629679207341e+01
9.150000000000000355e-01,-1.478569670379300227e+01
9.143000000000000016e-01,-1.472212936645235892e+01
9.140000000000000346e-01,-1.457049822621908319e+01
9.133000000000000007e-01,-1.493692512549438334e+01
9.130000000000000338e-01,-1.507113765451240539e+01
9.123999999999999888e-01,-1.513176928489103901e+01
9.121000000000000218e-01,-1.461944865219137846e+01
9.113999999999999879e-01,-1.487376020764910045e+01
9.111000000000000210e-01,-1.485006565785412924e+01
9.108000000000000540e-01,-1.482788925772227984e+01
9.101000000000000201e-01,-1.455486134534218579e+01
9.098000000000000531e-01,-1.435524585258333197e+01
9.093999999999999861e-01,-1.476324693215980410e+01
9.088000000000000522e-01,-1.476254097832654466e+01
9.084999999999999742e-01,-1.468107356779350603e+01
9.082000000000000073e-01,-1.470534357875638776e+01
9.074999999999999734e-01,-1.419568296205375724e+01
9.072000000000000064e-01,-1.451745901340686551e+01
9.064999999999999725e-01,-1.476671823234653402e+01
9.062000000000000055e-01,-1.472527962939173740e+01
9.058000000000000496e-01,-1.466448496922185285e+01
9.052000000000000046e-01,-1.494100935118005147e+01
9.049000000000000377e-01,-1.475315278954482778e+01
9.045999999999999597e-01,-1.478131365430554034e+01
9.040000000000000258e-01,-1.470891409287985674e+01
9.035999999999999588e-01,-1.454470213880566298e+01
9.032999999999999918e-01,-1.466361906748317345e+01
9.025999999999999579e-01,-1.441996568626599817e+01
9.022999999999999909e-01,-1.454719458209737226e+01
9.015999999999999570e-01,-1.468354899227925436e+01
9.012000000000000011e-01,-1.469749878438937252e+01
9.009000000000000341e-01,-1.473958504219694277e+01
9.002000000000000002e-01,-1.507218735770244500e+01
8.999000000000000332e-01,-1.489495840763862233e+01
8.995999999999999552e-01,-1.471900174296180275e+01
8.989000000000000323e-01,-1.496359208760411796e+01
8.985999999999999543e-01,-1.516150293311047292e+01
8.979000000000000314e-01,-1.524281343519456122e+01
8.975999999999999535e-01,-1.499370562471275647e+01
8.972999999999999865e-01,-1.447477288001410933e+01
8.965999999999999526e-01,-1.459992497936757161e+01
8.962999999999999856e-01,-1.480805295536414690e+01
8.960000000000000187e-01,-1.480519362911669567e+01
8.952999999999999847e-01,-1.470590432319023755e+01
8.950000000000000178e-01,-1.457342069898397696e+01
8.942999999999999838e-01,-1.466264693538411201e+01
8.940000000000000169e-01,-1.481993549681290112e+01
8.937000000000000499e-01,-1.497336851869189012e+01
8.931000000000000050e-01,-1.483147464537357152e+01
8.927000000000000490e-01,-1.471212505097239109e+01
8.923999999999999710e-01,-1.438525058399099699e+01
8.917000000000000481e-01,-1.450832554082287018e+01
8.913999999999999702e-01,-1.455039578628720953e+01
8.911000000000000032e-01,-1.445482280658903740e+01
8.903999999999999693e-01,-1.445280119311640554e+01
8.901000000000000023e-01,-1.450589877322137156e+01
8.897000000000000464e-01,-1.469042156491088136e+01
8.891000000000000014e-01,-1.473037805429695624e+01
8.888000000000000345e-01,-1.475140910964008789e+01
8.883999999999999675e-01,-1.463640336198512237e+01
8.878000000000000336e-01,-1.448602183922137243e+01
8.873999999999999666e-01,-1.413162406612305766e+01
8.870999999999999996e-01,-1.414876383362389412e+01
8.864999999999999547e-01,-1.431496440713541674e+01
8.860999999999999988e-01,-1.447672266948476505e+01
8.854999999999999538e-01,-1.419149006357009313e+01
8.850999999999999979e-01,-1.441018169639769297e+01
8.844999999999999529e-01,-1.473444518684055282e+01
8.840999999999999970e-01,-1.462687357207058980e+01
8.833999999999999631e-01,-1.462863729657125944e+01
8.830999999999999961e-01,-1.437280485730447666e+01
8.823999999999999622e-01,-1.443547779491995975e+01
8.820999999999999952e-01,-1.404958812679664071e+01
8.814999999999999503e-01,-1.425919963594962780e+01
8.810999999999999943e-01,-1.458847407331228219e+01
8.808000000000000274e-01,-1.455995530234906710e+01
8.800999999999999934e-01,-1.449463089979873232e+01
8.798000000000000265e-01,-1.460248142138797256e+01
8.790999999999999925e-01,-1.447114723616576626e+01
8.788000000000000256e-01,-1.458416169789844652e+01
8.784999999999999476e-01,-1.461140530462977516e+01
8.778000000000000247e-01,-1.440552149666830495e+01
8.774999999999999467e-01,-1.441456038982198784e+01
8.771999999999999797e-01,-1.439508107018638228e+01
8.764999999999999458e-01,-1.417154400119521540e+01
8.761999999999999789e-01,-1.429735946090488596e+01
8.759000000000000119e-01,-1.463315727407187694e+01
8.752999999999999670e-01,-1.482767845633629733e+01
8.749000000000000110e-01,-1.458284817449785109e+01
8.746000000000000441e-01,-1.457833154554560551e+01
8.739000000000000101e-01,-1.471881309275753402e+01
8.735000000000000542e-01,-1.460984700068766173e+01
8.729000000000000092e-01,-1.451858278358742105e+01
8.725000000000000533e-01,-1.438517587675810638e+01
8.719000000000000083e-01,-1.418802150538612672e+01
8.715000000000000524e-01,-1.441013717450058707e+01
8.709000000000000075e-01,-1.420680407697861725e+01
8.705000000000000515e-01,-1.424880273148119514e+01
8.701999999999999735e-01,-1.419036253948295290e+01
8.696000000000000396e-01,-1.433807846010571119e+01
8.691999999999999726e-01,-1.454283675230130690e+01
8.689000000000000057e-01,-1.469816903409023112e+01
8.681999999999999718e-01,-1.451185889891385727e+01
8.679000000000000048e-01,-1.446788306880481656e+01
8.676000000000000378e-01,-1.443716137417012568e+01
8.669999999999999929e-01,-1.444910546557313857e+01
8.666000000000000369e-01,-1.431054129284452614e+01
8.661999999999999700e-01,-1.434496820444312704e+01
8.656000000000000361e-01,-1.460752496678628454e+01
8.651999999999999691e-01,-1.453483976925579313e+01
8.645000000000000462e-01,-1.411749597512465648e+01
8.641999999999999682e-01,-1.451189941406669881e+01
8.639000000000000012e-01,-1.432571174595559071e+01
8.631999999999999673e-01,-1.399723112368472044e+01
8.629999999999999893e-01,-1.421266693137719628e+01
8.626000000000000334e-01,-1.435462155393338080e+01
8.622999999999999554e-01,-1.425243413904989787e+01
8.616000000000000325e-01,-1.453020063644997784e+01
8.612999999999999545e-01,-1.450753008371615493e+01
8.609999999999999876e-01,-1.477818751414582543e+01
8.604000000000000536e-01,-1.469671276509865798e+01
8.600999999999999757e-01,-1.465083833114713840e+01
8.597000000000000197e-01,-1.437707997450790742e+01
8.589999999999999858e-01,-1.431984281067117415e+01
8.587000000000000188e-01,-1.437221486337047338e+01
8.582999999999999519e-01,-1.431535539197579610e+01
8.577000000000000179e-01,-1.431802133555202339e+01
8.572999999999999510e-01,-1.451821135255587336e+01
8.569999999999999840e-01,-1.461311325257899085e+01
8.562999999999999501e-01,-1.457365785196820696e+01
8.559999999999999831e-01,-1.469603878777475181e+01
8.557000000000000162e-01,-1.461224790273885432e+01
8.549999999999999822e-01,-1.446044353874942878e+01
8.547000000000000153e-01,-1.444849731175735563e+01
8.539999999999999813e-01,-1.446111052632759630e+01
8.537000000000000144e-01,-1.432600168386210804e+01
8.530999999999999694e-01,-1.429947208743814713e+01
8.527000000000000135e-01,-1.421767657097062987e+01
8.524000000000000465e-01,-1.433424465500567813e+01
8.517000000000000126e-01,-1.432676644278988576e+01
8.514000000000000457e-01,-1.461918015439194996e+01
8.509999999999999787e-01,-1.433307348451863206e+01
8.504000000000000448e-01,-1.454753805404463129e+01
8.500999999999999668e-01,-1.435370369165449134e+01
8.497999999999999998e-01,-1.413213414692352821e+01
8.490999999999999659e-01,-1.414606529735321772e+01
8.487999999999999989e-01,-1.445854845900350050e+01
8.485000000000000320e-01,-1.465086855403573907e+01
8.477999999999999980e-01,-1.456357476473644574e+01
8.475000000000000311e-01,-1.422546397818718766e+01
8.467999999999999972e-01,-1.440938173157314495e+01
8.465000000000000302e-01,-1.425286154404981076e+01
8.461999999999999522e-01,-1.424359931682564095e+01
8.456000000000000183e-01,-1.441026484445601064e+01
8.451999999999999513e-01,-1.399525030171561824e+01
8.448999999999999844e-01,-1.402775913361183768e+01
8.441999999999999504e-01,-1.414594946669239839e+01
8.438999999999999835e-01,-1.402302225257552948e+01
8.436000000000000165e-01,-1.425607214303467885e+01
8.428999999999999826e-01,-1.438023566701840039e+01
8.426000000000000156e-01,-1.439176704784560989e+01
8.418999999999999817e-01,-1.408992711981011858e+01
8.416000000000000147e-01,-1.417939819985415895e+01
8.411999999999999478e-01,-1.450633082085922965e+01
8.406000000000000139e-01,-1.454172923435323028e+01
8.403000000000000469e-01,-1.429060107927735146e+01
8.396000000000000130e-01,-1.400975738713083807e+01
8.393000000000000460e-01,-1.438570709407184189e+01
8.389999999999999680e-01,-1.438144893430644800e+01
8.383000000000000451e-01,-1.420246630976075686e+01
8.379999999999999671e-01,-1.443856621917930738e+01
8.373000000000000442e-01,-1.443790021374415211e+01
8.369999999999999662e-01,-1.435878717111901359e+01
8.364000000000000323e-01,-1.438275913628454283e+01
8.359999999999999654e-01,-1.440365540501204045e+01
8.356999999999999984e-01,-1.428530464240302855e+01
8.349999999999999645e-01,-1.441513776049209916e+01
8.346999999999999975e-01,-1.423861487237412149e+01
8.344000000000000306e-01,-1.424506498570795188e+01
8.336999999999999966e-01,-1.410771631557177486e+01
8.334000000000000297e-01,-1.409867184552166108e+01
8.330999999999999517e-01,-1.393131345082201733e+01
8.325000000000000178e-01,-1.438715781624799739e+01
8.320999999999999508e-01,-1.446534602875843234e+01
8.315000000000000169e-01,-1.458325731556575278e+01
8.312000000000000499e-01,-1.453335866082742101e+01
8.307999999999999829e-01,-1.445217077686391605e+01
8.302000000000000490e-01,-1.451672867505021181e+01
8.297999999999999821e-01,-1.433887716998487072e+01
8.288999999999999702e-01,-1.445515912810273207e+01
8.285000000000000142e-01,-1.446571329400585526e+01
8.278999999999999693e-01,-1.450176849624085129e+01
8.275000000000000133e-01,-1.441437835973957426e+01
8.272000000000000464e-01,-1.470498829365210014e+01
8.265000000000000124e-01,-1.449148719941460506e+01
8.262000000000000455e-01,-1.459040066282384096e+01
8.258999999999999675e-01,-1.478110810417979160e+01
8.252000000000000446e-01,-1.472177892494822338e+01
8.248999999999999666e-01,-1.456042827749682900e+01
8.245000000000000107e-01,-1.463827607550243215e+01
8.238999999999999657e-01,-1.443436296869589519e+01
8.235000000000000098e-01,-1.426086335412819572e+01
8.228999999999999648e-01,-1.470077688650131087e+01
8.225000000000000089e-01,-1.437203485014054216e+01
8.222000000000000419e-01,-1.446848844034902903e+01
8.215999999999999970e-01,-1.439541434081613858e+01
8.212000000000000410e-01,-1.441278772795538821e+01
8.205999999999999961e-01,-1.445438537966477632e+01
8.202000000000000401e-01,-1.432718484360995248e+01
8.198999999999999622e-01,-1.440855130451536326e+01
8.193000000000000282e-01,-1.448263128991102988e+01
8.189999999999999503e-01,-1.444975642180832232e+01
8.186999999999999833e-01,-1.407677114363165138e+01
8.179999999999999494e-01,-1.399411298682803917e+01
8.176999999999999824e-01,-1.415947143013796428e+01
8.173000000000000265e-01,-1.408328103591073166e+01
8.165999999999999925e-01,-1.426709290047953083e+01
8.163000000000000256e-01,-1.427008886952479827e+01
8.155999999999999917e-01,-1.421412812395099046e+01
8.152000000000000357e-01,-1.416077658176126342e+01
8.145999999999999908e-01,-1.393989593579288133e+01
8.143000000000000238e-01,-1.385853905736017744e+01
8.139999999999999458e-01,-1.376976954572939604e+01
8.133000000000000229e-01,-1.365730279468773034e+01
8.129999999999999449e-01,-1.370121347725743277e+01
8.126999999999999780e-01,-1.396345123784010234e+01
8.120000000000000551e-01,-1.396829606498696741e+01
8.116999999999999771e-01,-1.368530681962578122e+01
8.113000000000000211e-01,-1.370860044715310266e+01
8.106999999999999762e-01,-1.349098330872709361e+01
8.104000000000000092e-01,-1.353769358881837803e+01
8.100000000000000533e-01,-1.379818127716888299e+01
8.094000000000000083e-01,-1.322167823460927494e+01
8.090000000000000524e-01,-1.334064622603506400e+01
8.086999999999999744e-01,-1.316986877407469159e+01
8.080000000000000515e-01,-1.315168599597493859e+01
8.076999999999999735e-01,-1.316039935599488331e+01
8.073000000000000176e-01,-1.310089537668824811e+01
8.066999999999999726e-01,-1.332355383485309019e+01
8.063000000000000167e-01,-1.336407551509990022e+01
8.056999999999999718e-01,-1.294261528763506597e+01
8.054000000000000048e-01,-1.275677817263465030e+01
8.051000000000000378e-01,-1.301714145640776188e+01
8.044000000000000039e-01,-1.289169178347307110e+01
8.041000000000000369e-01,-1.275504130365053257e+01
8.037999999999999590e-01,-1.242822078687327192e+01
8.031000000000000361e-01,-1.226530974830809839e+01
8.026999999999999691e-01,-1.236547976726741815e+01
8.024000000000000021e-01,-1.235683218385485560e+01
8.017999999999999572e-01,-1.217132340011811387e+01
8.014000000000000012e-01,-1.215319735933908341e+01
8.011000000000000343e-01,-1.229460012007385927e+01
8.004999999999999893e-01,-1.196726740232726627e+01
8.001000000000000334e-01,-1.199792969554800415e+01
7.997999999999999554e-01,-1.209635625043529572e+01
7.992000000000000215e-01,-1.190081182557117323e+01
7.987999999999999545e-01,-1.186867818612998882e+01
7.984999999999999876e-01,-1.176907073548118099e+01
7.977999999999999536e-01,-1.179713165574368716e+01
7.974999999999999867e-01,-1.149490518336003930e+01
7.972000000000000197e-01,-1.179536263262153462e+01
7.964999999999999858e-01,-1.194642013311320028e+01
7.962000000000000188e-01,-1.205293546970604268e+01
7.957999999999999519e-01,-1.176684779478516774e+01
7.952000000000000179e-01,-1.150323805218719819e+01
7.949000000000000510e-01,-1.188300795937154142e+01
7.942000000000000171e-01,-1.200222851842189087e+01
7.939000000000000501e-01,-1.168638088332551916e+01
7.934999999999999831e-01,-1.158246079102237225e+01
7.929000000000000492e-01,-1.165315389346330477e+01
7.924999999999999822e-01,-1.143237438065182765e+01
7.922000000000000153e-01,-1.154322325883571665e+01
7.915999999999999703e-01,-1.161627354836387838e+01
7.912000000000000144e-01,-1.127285373436813565e+01
7.909000000000000474e-01,-1.125888179338118888e+01
7.902000000000000135e-01,-1.127820744369072337e+01
7.899000000000000465e-01,-1.139875665730723853e+01
7.893000000000000016e-01,-1.108231724871420987e+01
7.889000000000000457e-01,-1.087119530271416323e+01
7.885999999999999677e-01,-1.118560378793210042e+01
7.879000000000000448e-01,-1.113024483500280759e+01
7.875999999999999668e-01,-1.094026305942631971e+01
7.872000000000000108e-01,-1.107748252285449020e+01
7.865999999999999659e-01,-1.095022297705604686e+01
7.862999999999999989e-01,-1.097054417643944646e+01
7.859000000000000430e-01,-1.085577803602456193e+01
7.852999999999999980e-01,-1.074775851985861230e+01
7.850000000000000311e-01,-1.095939043102773347e+01
7.842999999999999972e-01,-1.060008358668186546e+01
7.840000000000000302e-01,-1.066487616412520012e+01
7.835999999999999632e-01,-1.070702923464869905e+01
7.830000000000000293e-01,-1.062022347662358612e+01
7.825999999999999623e-01,-1.065720328559214103e+01
7.820000000000000284e-01,-1.088639293647429973e+01
7.815999999999999615e-01,-1.046480942390379454e+01
7.812999999999999945e-01,-1.062559556793596371e+01
7.805999999999999606e-01,-1.069220337325707426e+01
7.802999999999999936e-01,-1.056801918132240736e+01
7.800000000000000266e-01,-1.048176892160862117e+01
7.792999999999999927e-01,-1.073673262780457449e+01
7.790000000000000258e-01,-1.076657336928554543e+01
7.785999999999999588e-01,-1.034664645762543955e+01
7.779000000000000359e-01,-1.025928670766399620e+01
7.775999999999999579e-01,-1.007087713548830976e+01
7.769000000000000350e-01,-1.025978498485824097e+01
7.765999999999999570e-01,-1.000672256780737968e+01
7.762999999999999901e-01,-9.889604199183233746e+00
7.755999999999999561e-01,-9.986470193010417162e+00
7.752999999999999892e-01,-1.004938842579373848e+01
7.745999999999999552e-01,-1.001870176225894227e+01
7.742999999999999883e-01,-9.828837965064227689e+00
7.737000000000000544e-01,-1.005493925073234251e+01
7.732999999999999874e-01,-1.009781660481416488e+01
7.727000000000000535e-01,-1.014325479754933568e+01
7.723999999999999755e-01,-1.024646972278867807e+01
7.721000000000000085e-01,-1.023866289118387307e+01
7.713999999999999746e-01,-1.004709073328794844e+01
7.711000000000000076e-01,-9.983561020682445886e+00
7.708000000000000407e-01,-9.945325077420152482e+00
7.701000000000000068e-01,-9.830528455228920492e+00
7.697000000000000508e-01,-9.805215445570425459e+00
7.690000000000000169e-01,-9.833341788651329907e+00
7.687000000000000499e-01,-9.943183569916641318e+00
7.680000000000000160e-01,-1.002145576524142001e+01
7.677000000000000490e-01,-1.012980139588200856e+01
7.673999999999999710e-01,-9.967093532393294097e+00
7.668000000000000371e-01,-9.719013275828833898e+00
7.664999999999999591e-01,-9.533651420161390888e+00
7.661999999999999922e-01,-9.811834047583145590e+00
7.654999999999999583e-01,-9.981843805889905497e+00
7.651999999999999913e-01,-9.915974204342619558e+00
7.644999999999999574e-01,-9.674244991683504935e+00
7.641999999999999904e-01,-9.460415754241322972e+00
7.635999999999999455e-01,-9.460491095470477063e+00
7.632999999999999785e-01,-9.638329801095641969e+00
7.629000000000000226e-01,-9.595435094941697329e+00
7.622999999999999776e-01,-9.673113928705808107e+00
7.619000000000000217e-01,-9.859544601866030433e+00
7.612999999999999767e-01,-9.736042021026426241e+00
7.610000000000000098e-01,-9.841625200635853332e+00
7.606000000000000538e-01,-9.375210152824729803e+00
7.600000000000000089e-01,-9.101472691444090657e+00
7.596000000000000529e-01,-9.245570866627494055e+00
7.590000000000000080e-01,-9.448696091119019869e+00
7.587000000000000410e-01,-9.395028293508028483e+00
7.582999999999999741e-01,-9.456038090586613265e+00
7.577000000000000401e-01,-9.514786011948048738e+00
7.573999999999999622e-01,-9.597363754130974201e+00
7.570999999999999952e-01,-9.270716125323389178e+00
7.563999999999999613e-01,-9.091727487482584635e+00
7.560999999999999943e-01,-9.280963167310499529e+00
7.553999999999999604e-01,-9.354293578871979875e+00
7.550999999999999934e-01,-9.703935246915644797e+00
7.548000000000000265e-01,-9.522136537468638195e+00
7.540999999999999925e-01,-9.633936544550520509e+00
7.538000000000000256e-01,-9.713347846802117047e+00
7.530999999999999917e-01,-9.444681325441539599e+00
7.528000000000000247e-01,-9.378551258709331151e+00
7.524999999999999467e-01,-9.149435662436145478e+00
7.518000000000000238e-01,-9.039576157232218634e+00
7.514999999999999458e-01,-9.018180306382783229e+00
7.511999999999999789e-01,-9.140847892211297676e+00
7.504999999999999449e-01,-9.325927440797990187e+00
7.501999999999999780e-01,-9.083401744969959779e+00
7.499000000000000110e-01,-9.191475117210110568e+00
7.491999999999999771e-01,-8.930788846110443657e+00
7.489000000000000101e-01,-8.984696440947978147e+00
7.481999999999999762e-01,-8.951802865122898467e+00
7.479000000000000092e-01,-8.892634984383166241e+00
7.475000000000000533e-01,-8.833967225886468100e+00
7.469000000000000083e-01,-8.806205264708035330e+00
7.466000000000000414e-01,-8.859229939715071112e+00
7.459000000000000075e-01,-8.781332759676867994e+00
7.456000000000000405e-01,-9.098450993826252997e+00
7.449000000000000066e-01,-8.830568759124879819e+00
7.446000000000000396e-01,-8.763880606892961111e+00
7.439000000000000057e-01,-8.982633275620854008e+00
7.436000000000000387e-01,-8.999227292182695237e+00
7.429000000000000048e-01,-8.865547401508715453e+00
7.426000000000000378e-01,-9.094040713124849518e+00
7.421999999999999709e-01,-8.926053158090242690e+00
7.416000000000000369e-01,-8.637881791328400283e+00
7.411999999999999700e-01,-8.519141899875700474e+00
7.406000000000000361e-01,-8.665797637065073999e+00
7.401999999999999691e-01,-8.834325570922164417e+00
7.399000000000000021e-01,-8.802962709572332400e+00
7.392999999999999572e-01,-8.514929477519370238e+00
7.389000000000000012e-01,-8.463091572806783702e+00
7.386000000000000343e-01,-8.539262208388841202e+00
7.379000000000000004e-01,-8.664499840511561857e+00
7.376000000000000334e-01,-8.400120038381500009e+00
7.372999999999999554e-01,-8.544678453236970839e+00
7.366000000000000325e-01,-8.553035242880760336e+00
7.362999999999999545e-01,-8.310714584761308643e+00
7.356000000000000316e-01,-8.354656673807584255e+00
7.352999999999999536e-01,-8.017380666823807900e+00
7.349999999999999867e-01,-7.920064318921670399e+00
7.342999999999999527e-01,-8.124175835202063212e+00
7.339999999999999858e-01,-8.318032448719316463e+00
7.336000000000000298e-01,-8.019747640720487070e+00
7.329999999999999849e-01,-8.240268566089532953e+00
7.327000000000000179e-01,-8.182187086189035341e+00
7.319999999999999840e-01,-8.020149361906099728e+00
7.317000000000000171e-01,-8.430608202107604754e+00
7.314000000000000501e-01,-8.203253557100540050e+00
7.307000000000000162e-01,-7.791924616730081077e+00
7.304000000000000492e-01,-7.999740389787461936e+00
7.298000000000000043e-01,-7.959843808244375651e+00
7.295000000000000373e-01,-7.984544405862650684e+00
7.290999999999999703e-01,-8.202138940685273383e+00
7.285000000000000364e-01,-7.883605983183272770e+00
7.280999999999999694e-01,-7.779927112546271672e+00
7.278000000000000025e-01,-8.017976499362822196e+00
7.270999999999999686e-01,-7.929251986580221789e+00
7.268000000000000016e-01,-8.014631657480338234e+00
7.264000000000000457e-01,-7.971254754701641687e+00
7.258000000000000007e-01,-7.887451069605514675e+00
7.254000000000000448e-01,-7.807781366913723708e+00
7.247999999999999998e-01,-7.604700606699595689e+00
7.245000000000000329e-01,-7.877987616069473731e+00
7.240999999999999659e-01,-7.900439202089722279e+00
7.235000000000000320e-01,-7.549144195111851197e+00
7.230999999999999650e-01,-7.506711453676316204e+00
7.224000000000000421e-01,-7.476514321279543296e+00
7.220999999999999641e-01,-7.278097686566251667e+00
7.217999999999999972e-01,-7.500942049457211880e+00
7.210999999999999632e-01,-7.373231140860307953e+00
7.207000000000000073e-01,-7.408566088565045504e+00
7.200999999999999623e-01,-7.365735892609714952e+00
7.197999999999999954e-01,-7.384634679792915435e+00
7.190999999999999615e-01,-7.644530826146763935e+00
7.187999999999999945e-01,-7.468472380300601898e+00
7.180999999999999606e-01,-7.267013408415387232e+00
7.177999999999999936e-01,-7.510111781019318755e+00
7.175000000000000266e-01,-7.199056659159815297e+00
7.167999999999999927e-01,-6.953655699363960885e+00
7.164000000000000368e-01,-6.927899189133023050e+00
7.157999999999999918e-01,-6.976249149697106411e+00
7.150999999999999579e-01,-7.056367980683088348e+00
7.147000000000000020e-01,-7.166783202196204350e+00
7.140999999999999570e-01,-7.330722264364255558e+00
7.137000000000000011e-01,-7.197591103932053258e+00
7.129999999999999671e-01,-7.183006120213704548e+00
7.127000000000000002e-01,-7.050883219686019387e+00
7.124000000000000332e-01,-7.152467315062432718e+00
7.116999999999999993e-01,-7.174851929347492607e+00
7.114000000000000323e-01,-7.005446039727125651e+00
7.106999999999999984e-01,-7.160648311738516902e+00
7.104000000000000314e-01,-7.056876519796555947e+00
7.100999999999999535e-01,-7.128735685161744051e+00
7.094000000000000306e-01,-7.288524521233585851e+00
7.089999999999999636e-01,-7.031145383632570578e+00
7.084000000000000297e-01,-6.906681146272102723e+00
7.079999999999999627e-01,-6.843217284210390439e+00
7.073000000000000398e-01,-6.894236407858000959e+00
7.069999999999999618e-01,-6.924892903673322664e+00
7.066999999999999948e-01,-6.709590703235599918e+00
7.059999999999999609e-01,-7.035928032156661516e+00
7.056000000000000050e-01,-6.827176138215215850e+00
7.049999999999999600e-01,-7.096110113892256877e+00
7.046999999999999931e-01,-6.844201694093817068e+00
7.043000000000000371e-01,-6.776688201728052974e+00
7.036000000000000032e-01,-6.575567668090426032e+00
7.033000000000000362e-01,-6.397356963248543416e+00
7.026999999999999913e-01,-6.183622566500210027e+00
7.018999999999999684e-01,-6.455734972987160702e+00
7.016000000000000014e-01,-6.638784237196579952e+00
7.013000000000000345e-01,-6.573638515793489567e+00
7.006000000000000005e-01,-6.552264943335077696e+00
7.002000000000000446e-01,-6.351684703964047607e+00
6.998999999999999666e-01,-6.775318164126348464e+00
6.992000000000000437e-01,-6.720256348426634219e+00
6.987999999999999767e-01,-6.813075239616860124e+00
6.985000000000000098e-01,-6.826454169676074990e+00
6.978999999999999648e-01,-6.671852261822507124e+00
6.975000000000000089e-01,-6.857053054481446530e+00
6.972000000000000419e-01,-6.786551848857939717e+00
6.965000000000000080e-01,-6.651032403804670423e+00
6.962000000000000410e-01,-6.526650960081122221e+00
6.955000000000000071e-01,-6.494456248253097641e+00
6.947999999999999732e-01,-6.633023558937013675e+00
6.945000000000000062e-01,-6.512544404123441488e+00
6.942000000000000393e-01,-6.714877361387993737e+00
6.934000000000000163e-01,-6.667708036663631432e+00
6.931000000000000494e-01,-6.651745451130043563e+00
6.924000000000000155e-01,-6.581625461073116412e+00
6.921000000000000485e-01,-6.249336518021641140e+00
6.916999999999999815e-01,-6.206581423240744577e+00
6.909999999999999476e-01,-6.409970771405074430e+00
6.906999999999999806e-01,-6.355079714223644594e+00
6.903000000000000247e-01,-6.308271823478816209e+00
6.895999999999999908e-01,-6.227673607405760592e+00
6.893000000000000238e-01,-6.104124587910523481e+00
6.885999999999999899e-01,-6.089325173465591767e+00
6.882000000000000339e-01,-6.026339583412704926e+00
6.878999999999999559e-01,-6.121391486839421248e+00
6.872000000000000330e-01,-6.029104763836468095e+00
6.868999999999999551e-01,-5.901960709147626716e+00
6.862000000000000322e-01,-5.624174884901432137e+00
6.858999999999999542e-01,-5.937660745459192313e+00
6.854999999999999982e-01,-5.998473210462682559e+00
6.848999999999999533e-01,-6.381706671233062345e+00
6.844999999999999973e-01,-6.383467096284130449e+00
6.842000000000000304e-01,-6.286143191431594168e+00
6.834999999999999964e-01,-6.196174103372301900e+00
6.831000000000000405e-01,-6.099776460330875061e+00
6.827999999999999625e-01,-6.029434327121052206e+00
6.821000000000000396e-01,-6.161236849579481145e+00
6.817999999999999616e-01,-6.329813516732247791e+00
6.812000000000000277e-01,-6.353093568940270330e+00
6.810000000000000497e-01,-6.241951825589650227e+00
6.806999999999999718e-01,-6.198526610421295935e+00
6.801000000000000378e-01,-6.042823029260395273e+00
6.797999999999999599e-01,-6.060788472639572433e+00
6.794999999999999929e-01,-5.903323275424947170e+00
6.787999999999999590e-01,-6.078484419733219291e+00
6.781000000000000361e-01,-5.973223040493651048e+00
6.777999999999999581e-01,-5.917019514522928958e+00
6.774000000000000021e-01,-5.893968970726247925e+00
6.767999999999999572e-01,-5.800918699621249175e+00
6.764000000000000012e-01,-5.889712221032110229e+00
6.761000000000000343e-01,-6.013141443290481725e+00
6.754000000000000004e-01,-5.857663530176916211e+00
6.751000000000000334e-01,-5.946979503713046178e+00
6.747999999999999554e-01,-5.954213237281658522e+00
6.741000000000000325e-01,-5.705397946529429554e+00
6.737999999999999545e-01,-5.949931717403331710e+00
6.731000000000000316e-01,-5.732322824686603369e+00
6.727999999999999536e-01,-5.757318158073135628e+00
6.724999999999999867e-01,-5.969416732584339691e+00
6.717999999999999527e-01,-5.836838223552149429e+00
6.714999999999999858e-01,-6.093766925077638064e+00
6.711000000000000298e-01,-6.012326361640282890e+00
6.704999999999999849e-01,-5.839139669418626610e+00
6.702000000000000179e-01,-5.742944316795492554e+00
6.694999999999999840e-01,-5.783885200929899106e+00
6.691000000000000281e-01,-5.887800132303635081e+00
6.687999999999999501e-01,-5.753025381867037602e+00
6.681000000000000272e-01,-5.465293966393399039e+00
6.677999999999999492e-01,-5.517569182671546280e+00
6.671000000000000263e-01,-5.620122698138190209e+00
6.667999999999999483e-01,-5.668101171009236161e+00
6.663999999999999924e-01,-5.788277844246520587e+00
6.656999999999999584e-01,-5.858666261393811858e+00
6.653999999999999915e-01,-5.806475756282869050e+00
6.651000000000000245e-01,-5.576335200556566285e+00
6.643999999999999906e-01,-5.652201360102095506e+00
6.641000000000000236e-01,-5.854219903501001632e+00
6.634999999999999787e-01,-5.735276323423632583e+00
6.632000000000000117e-01,-5.560711135077869294e+00
6.624999999999999778e-01,-5.495717465468786145e+00
6.622000000000000108e-01,-5.392909428569175212e+00
6.612000000000000099e-01,-5.418578878494230366e+00
6.609000000000000430e-01,-5.368350752750169264e+00
6.602000000000000091e-01,-5.401662672361662310e+00
6.599000000000000421e-01,-5.498229341658190883e+00
6.592999999999999972e-01,-5.246415208542336117e+00
6.590000000000000302e-01,-5.560327412167326955e+00
6.585999999999999632e-01,-5.463461166057073548e+00
6.579000000000000403e-01,-5.633122553591628723e+00
6.575999999999999623e-01,-5.849789432909409115e+00
6.572999999999999954e-01,-5.721031177059114015e+00
6.565999999999999615e-01,-5.620289055371496367e+00
6.562999999999999945e-01,-5.697212410745865263e+00
6.560000000000000275e-01,-5.740489111363692665e+00
6.552999999999999936e-01,-5.541950232696725820e+00
6.550000000000000266e-01,-5.279006794022141236e+00
6.543999999999999817e-01,-5.225800952182312109e+00
6.540000000000000258e-01,-5.410489214970948701e+00
6.536999999999999478e-01,-5.405349251874571159e+00
6.530000000000000249e-01,-5.561440239390210927e+00
6.526999999999999469e-01,-5.461737651013976347e+00
6.523999999999999799e-01,-5.362251734483290733e+00
6.516999999999999460e-01,-5.288265462106067183e+00
6.513999999999999790e-01,-5.322163735650372374e+00
6.508000000000000451e-01,-5.348947789118245311e+00
6.504999999999999671e-01,-5.559812900824615767e+00
6.501000000000000112e-01,-5.414116749791154426e+00
6.494999999999999662e-01,-5.319328373060995929e+00
6.491999999999999993e-01,-5.397902760235226971e+00
6.485999999999999543e-01,-5.532000211257614986e+00
6.482999999999999874e-01,-5.429509894795399028e+00
6.479000000000000314e-01,-5.503800272705564822e+00
6.472999999999999865e-01,-5.519227875164190777e+00
6.470000000000000195e-01,-5.374771178715096021e+00
6.467000000000000526e-01,-5.400681751084515092e+00
6.460000000000000187e-01,-5.397436503361057625e+00
6.457000000000000517e-01,-5.259765574227334817e+00
6.453999999999999737e-01,-5.253893165395036036e+00
6.448000000000000398e-01,-5.429427013633027599e+00
6.443999999999999728e-01,-5.408672712317878606e+00
6.441000000000000059e-01,-5.331997034122991863e+00
6.434999999999999609e-01,-5.315190044735229158e+00
6.431999999999999940e-01,-5.263727494779100624e+00
6.429000000000000270e-01,-5.269338379760516666e+00
6.422999999999999821e-01,-5.197878192537063846e+00
6.420000000000000151e-01,-5.171821524012440996e+00
6.412999999999999812e-01,-5.085760434052799539e+00
6.410000000000000142e-01,-4.929973294691240682e+00
6.403999999999999693e-01,-4.733868762523047558e+00
6.401000000000000023e-01,-4.764832586500030942e+00
6.394999999999999574e-01,-4.968518681608652621e+00
6.391999999999999904e-01,-5.049855839322310302e+00
6.385999999999999455e-01,-5.002203847721885310e+00
6.382999999999999785e-01,-5.066758885371937637e+00
6.380000000000000115e-01,-5.114061086894535535e+00
6.372999999999999776e-01,-4.891882500803043321e+00
6.370000000000000107e-01,-4.947674789240849691e+00
6.363999999999999657e-01,-5.156997995062434725e+00
6.360999999999999988e-01,-5.000669193854683670e+00
6.358000000000000318e-01,-5.100796664050640139e+00
6.351999999999999869e-01,-5.091102599840509058e+00
6.349000000000000199e-01,-5.274293945655761817e+00
6.344999999999999529e-01,-5.191541140841692048e+00
6.339000000000000190e-01,-4.929053966803141229e+00
6.336000000000000520e-01,-4.880977651696761122e+00
6.330999999999999961e-01,-5.082199478253167868e+00
6.328000000000000291e-01,-5.060556930288370836e+00
6.321999999999999842e-01,-5.025942602620561139e+00
6.319000000000000172e-01,-5.041700343420135511e+00
6.316000000000000503e-01,-4.960629637229844846e+00
6.310000000000000053e-01,-4.916442302988301982e+00
6.307000000000000384e-01,-4.862540244898001518e+00
6.303999999999999604e-01,-5.065796281816608015e+00
6.298000000000000265e-01,-5.239530164128682443e+00
6.294999999999999485e-01,-4.902971559776043264e+00
6.289000000000000146e-01,-4.901115058645721057e+00
6.286000000000000476e-01,-4.941068457027541605e+00
6.282999999999999696e-01,-4.726012639878524269e+00
6.277000000000000357e-01,-4.500684900163657076e+00
6.273999999999999577e-01,-4.593870804637883332e+00
6.270999999999999908e-01,-4.714125756152473201e+00
6.264999999999999458e-01,-4.937307145256534469e+00
6.261999999999999789e-01,-4.853064222011256312e+00
6.259000000000000119e-01,-4.777750138773269484e+00
6.252999999999999670e-01,-4.790757825631872358e+00
6.250000000000000000e-01,-4.989644264866079482e+00
6.243999999999999551e-01,-4.808210959852086575e+00
6.240999999999999881e-01,-4.928884381448332519e+00
6.238000000000000211e-01,-5.176977553763401296e+00
6.231999999999999762e-01,-5.088979856846409966e+00
6.226000000000000423e-01,-4.863044625877084748e+00
6.222999999999999643e-01,-4.717009000437138333e+00
6.217000000000000304e-01,-4.851659717455803822e+00
6.215000000000000524e-01,-4.559376122196352021e+00
6.209000000000000075e-01,-4.539331557626620217e+00
6.206000000000000405e-01,-4.501634114984984336e+00
6.199999999999999956e-01,-4.354638245713583267e+00
6.197000000000000286e-01,-4.590030189357651835e+00
6.193999999999999506e-01,-4.728116589966177230e+00
6.188000000000000167e-01,-4.782393185320680473e+00
6.186000000000000387e-01,-4.558674917539708993e+00
6.182999999999999607e-01,-4.687395786373539153e+00
6.176000000000000378e-01,-4.628287835025594710e+00
6.172999999999999599e-01,-4.591407554762022336e+00
6.169999999999999929e-01,-4.558014915954683666e+00
6.163999999999999480e-01,-4.442362046862378122e+00
6.160999999999999810e-01,-4.330496372179732489e+00
6.155000000000000471e-01,-4.547992480957783634e+00
6.151999999999999691e-01,-4.541956511913475047e+00
6.149000000000000021e-01,-4.546171087857898918e+00
6.141999999999999682e-01,-4.695482110260743802e+00
6.139000000000000012e-01,-4.831210632241897507e+00
6.132999999999999563e-01,-4.774388414712079864e+00
6.129999999999999893e-01,-4.780535158504855886e+00
6.124000000000000554e-01,-4.632326642541517714e+00
6.120999999999999774e-01,-4.641546883122401823e+00
6.118000000000000105e-01,-4.539196291555294138e+00
6.111999999999999655e-01,-4.562943950399845683e+00
6.108999999999999986e-01,-4.371789268682721108e+00
6.102999999999999536e-01,-4.340282406341484212e+00
6.099999999999999867e-01,-4.488040966444100555e+00
6.096000000000000307e-01,-4.310501892431685356e+00
6.089999999999999858e-01,-4.302141007032412645e+00
6.087000000000000188e-01,-4.565204179468812740e+00
6.084000000000000519e-01,-4.733169101042559390e+00
6.078000000000000069e-01,-4.671236605719125912e+00
6.074000000000000510e-01,-4.381859291890076058e+00
6.070999999999999730e-01,-4.217183804319617479e+00
6.065000000000000391e-01,-4.555918748514365291e+00
6.061999999999999611e-01,-4.504698110237987052e+00
6.055000000000000382e-01,-4.460594064113515778e+00
6.051999999999999602e-01,-4.449779232172808463e+00
6.046000000000000263e-01,-4.612509030754371686e+00
6.041999999999999593e-01,-4.429515069508875413e+00
6.038999999999999924e-01,-4.291284127980578234e+00
6.031999999999999584e-01,-4.320415708690384271e+00
6.028999999999999915e-01,-4.614690905324668968e+00
6.026000000000000245e-01,-4.488524905390633535e+00
6.019999999999999796e-01,-4.271848746593390089e+00
6.016000000000000236e-01,-4.149578997101840194e+00
6.009999999999999787e-01,-4.331350594431824241e+00
6.006000000000000227e-01,-4.294112734711582391e+00
6.002999999999999448e-01,-4.110524286434760199e+00
5.996000000000000218e-01,-4.428825010794473549e+00
5.991999999999999549e-01,-4.313048486788298774e+00
5.986000000000000210e-01,-4.539127395365564865e+00
5.981999999999999540e-01,-4.423555137398693660e+00
5.978999999999999870e-01,-4.523706300421864945e+00
5.975000000000000311e-01,-4.542066751834269667e+00
5.967999999999999972e-01,-4.560701300326559071e+00
5.965000000000000302e-01,-4.645093413902499080e+00
5.960999999999999632e-01,-4.360591685567075437e+00
5.954000000000000403e-01,-4.414748957321770639e+00
5.949999999999999734e-01,-4.290419035574144502e+00
5.943000000000000504e-01,-4.322280145864129786e+00
5.939999999999999725e-01,-4.308297160841596529e+00
5.931999999999999496e-01,-4.260661582142374115e+00
5.928999999999999826e-01,-3.912895522579953766e+00
5.920999999999999597e-01,-3.957654592499915136e+00
5.917999999999999927e-01,-4.190915461378024176e+00
5.909999999999999698e-01,-4.239957534074145329e+00
5.907000000000000028e-01,-4.184314888836513369e+00
5.903000000000000469e-01,-4.145081260187375882e+00
5.895000000000000240e-01,-4.226658248519159500e+00
5.890999999999999570e-01,-4.170810500394141584e+00
5.887000000000000011e-01,-3.935703636038200059e+00
5.879999999999999671e-01,-4.251449895049984384e+00
5.876000000000000112e-01,-4.076574862025270640e+00
5.872000000000000552e-01,-3.905631882298275848e+00
5.865000000000000213e-01,-3.963328475657711625e+00
5.860999999999999543e-01,-4.043778913496846705e+00
5.856999999999999984e-01,-4.080339933427014287e+00
5.848999999999999755e-01,-4.035827449017786783e+00
5.845000000000000195e-01,-4.103477957749274374e+00
5.836999999999999966e-01,-4.427367775004234396e+00
5.833000000000000407e-01,-4.335148921330707950e+00
5.828999999999999737e-01,-4.288670085716246305e+00
5.820999999999999508e-01,-4.281910972437253271e+00
5.813000000000000389e-01,-4.003042867857585563e+00
5.808999999999999719e-01,-4.030986397274651800e+00
5.799999999999999600e-01,-4.117419261580064216e+00
5.796000000000000041e-01,-3.893978262160661341e+00
5.787999999999999812e-01,-3.724475863148431820e+00
5.784000000000000252e-01,-3.882298590919715409e+00
5.779999999999999583e-01,-3.933264113300085185e+00
5.775000000000000133e-01,-4.193825854137823939e+00
5.766999999999999904e-01,-4.100036403507424154e+00
5.762000000000000455e-01,-3.925843569022838597e+00
5.753000000000000336e-01,-3.901855491452734359e+00
5.748999999999999666e-01,-3.827755948521593954e+00
5.745000000000000107e-01,-3.926395398600140751e+00
5.735999999999999988e-01,-3.685660394681274266e+00
5.732000000000000428e-01,-3.863654597644861077e+00
5.723000000000000309e-01,-3.865165375854058283e+00
5.717999999999999750e-01,-3.863590239015605832e+00
5.708999999999999631e-01,-4.220100657719729753e+00
5.705000000000000071e-01,-3.904134545094331887e+00
5.695999999999999952e-01,-3.892612379354301488e+00
5.691000000000000503e-01,-3.891606398994198468e+00
5.685999999999999943e-01,-3.959993244585118699e+00
5.676999999999999824e-01,-3.748026405142124595e+00
5.672000000000000375e-01,-4.117861405441712641e+00
5.663000000000000256e-01,-3.935379797975410820e+00
5.657999999999999696e-01,-4.081258803350848119e+00
5.654000000000000137e-01,-3.952023082465510040e+00
5.644000000000000128e-01,-3.563139044257470189e+00
5.638999999999999568e-01,-3.554453211261567436e+00
5.629999999999999449e-01,-3.775647962059596185e+00
5.625000000000000000e-01,-3.889203814463459086e+00
5.620000000000000551e-01,-3.539560893372128536e+00
5.614999999999999991e-01,-3.790693154491421968e+00
5.605999999999999872e-01,-3.681089570183146531e+00
5.601000000000000423e-01,-3.538502800643763546e+00
5.592000000000000304e-01,-3.571479893806420058e+00
5.586999999999999744e-01,-3.600669787203717220e+00
5.582000000000000295e-01,-3.686006259396982454e+00
5.572000000000000286e-01,-3.718261325718307031e+00
5.566999999999999726e-01,-3.602972436878904894e+00
5.562000000000000277e-01,-3.594053466202356883e+00
5.552000000000000268e-01,-3.589642750927678261e+00
5.547999999999999599e-01,-3.455554606462680756e+00
5.543000000000000149e-01,-3.544011380721872051e+00
5.533000000000000140e-01,-3.663398349792231556e+00
5.527999999999999581e-01,-3.651460254125459937e+00
5.517999999999999572e-01,-3.517974372442035591e+00
5.513000000000000123e-01,-3.618896109121934490e+00
5.507999999999999563e-01,-3.628287789564171195e+00
5.497999999999999554e-01,-3.628752385979438166e+00
5.493999999999999995e-01,-3.660133684524400799e+00
5.489000000000000545e-01,-3.648020636411891005e+00
5.479000000000000536e-01,-3.478222605129391631e+00
5.473999999999999977e-01,-3.745650309618184792e+00
5.464999999999999858e-01,-3.711556893736781326e+00
5.460000000000000409e-01,-3.556851189989371331e+00
5.454999999999999849e-01,-3.632830596975579418e+00
5.443999999999999950e-01,-3.958417244219816666e+00
5.439000000000000501e-01,-3.775352522580963655e+00
5.431000000000000272e-01,-3.876845645630700332e+00
5.430000000000000382e-01,-3.655455183968034483e+00
5.429000000000000492e-01,-3.874080639590534503e+00
5.427999999999999492e-01,-3.679955350709813278e+00
5.425999999999999712e-01,-3.442752120587063036e+00
5.424999999999999822e-01,-3.331718236122414911e+00
5.423999999999999932e-01,-3.591123570451646874e+00
5.421000000000000263e-01,-3.634230083858361660e+00
5.420000000000000373e-01,-3.118782880675218916e+00
5.419000000000000483e-01,-3.757051125301844596e+00
5.417999999999999483e-01,-3.715100132634790775e+00
5.414999999999999813e-01,-3.872722051506531038e+00
5.413000000000000034e-01,-3.765862098143954118e+00
5.412000000000000144e-01,-3.709724174159640064e+00
5.410000000000000364e-01,-3.363452755562922558e+00
5.409000000000000474e-01,-3.551919822167835417e+00
5.407999999999999474e-01,-3.723808998055575969e+00
5.405999999999999694e-01,-3.783403651642989640e+00
5.404999999999999805e-01,-3.425597547704805734e+00
5.400000000000000355e-01,-3.368035564500901025e+00
5.397999999999999465e-01,-3.428228611784736035e+00
5.396999999999999575e-01,-3.312543161499586386e+00
5.394999999999999796e-01,-3.549385139858004745e+00
5.393999999999999906e-01,-3.509218048882464469e+00
5.391000000000000236e-01,-3.473970421671141562e+00
5.390000000000000346e-01,-3.485779434311635949e+00
5.387999999999999456e-01,-3.693436955098960528e+00
5.385999999999999677e-01,-3.542874388513198802e+00
5.384999999999999787e-01,-3.565940367836542446e+00
5.380000000000000338e-01,-3.577995800051647635e+00
5.379000000000000448e-01,-3.539055393372760872e+00
5.375999999999999668e-01,-3.382319857738618651e+00
5.372999999999999998e-01,-3.413280892134687772e+00
5.371000000000000218e-01,-3.733928105817125864e+00
5.369000000000000439e-01,-3.467282229994094411e+00
5.365999999999999659e-01,-3.685730423999924454e+00
5.362999999999999989e-01,-3.353382470841774765e+00
5.362000000000000099e-01,-3.552974314565099156e+00
5.359000000000000430e-01,-3.485880668638286384e+00
5.352000000000000091e-01,-3.564626363017505462e+00
5.350000000000000311e-01,-3.198091601285869334e+00
5.348000000000000531e-01,-3.664993430295198973e+00
5.346999999999999531e-01,-3.704445242881139411e+00
5.342000000000000082e-01,-3.434147569249062393e+00
5.341000000000000192e-01,-3.758218845002899933e+00
5.338000000000000522e-01,-3.283816177139065040e+00
5.336999999999999522e-01,-3.500544044189417114e+00
5.334999999999999742e-01,-3.282086046984514560e+00
5.333999999999999853e-01,-3.559325868806835658e+00
5.332999999999999963e-01,-3.572124672950906188e+00
5.329000000000000403e-01,-3.310597582108199433e+00
5.326999999999999513e-01,-3.147441315603095813e+00
5.324999999999999734e-01,-3.780149658394222012e+00
5.321000000000000174e-01,-4.062756637984569430e+00
5.320000000000000284e-01,-3.251581752532835434e+00
5.318000000000000504e-01,-3.791532599468948828e+00
5.314999999999999725e-01,-3.540887318186666466e+00
5.310000000000000275e-01,-3.277208323010155411e+00
5.309000000000000385e-01,-3.613686510543583807e+00
5.305999999999999606e-01,-3.344144837743602938e+00
5.304999999999999716e-01,-3.595750514337448411e+00
5.302000000000000046e-01,-3.345915909313970982e+00
5.301000000000000156e-01,-3.270300527785652278e+00
5.296999999999999487e-01,-3.762478634922552523e+00
5.292999999999999927e-01,-3.464333360333831546e+00
5.291000000000000147e-01,-3.083549600413435510e+00
5.289000000000000368e-01,-3.366198810935642438e+00
5.282000000000000028e-01,-3.261390049855996232e+00
5.280000000000000249e-01,-3.135934508983486246e+00
5.278000000000000469e-01,-3.364710327691299518e+00
5.275999999999999579e-01,-3.233818581525275349e+00
5.271000000000000130e-01,-2.980459975969202535e+00
5.270000000000000240e-01,-3.241347834259948879e+00
5.266999999999999460e-01,-3.216991358013111313e+00
5.262999999999999901e-01,-3.553848067418111878e+00
5.262000000000000011e-01,-3.417244790500156615e+00
5.260000000000000231e-01,-3.027987339272036671e+00
5.258000000000000451e-01,-3.167208957088993415e+00
5.254999999999999671e-01,-3.573754348100616873e+00
5.251000000000000112e-01,-3.287120166481491079e+00
5.249000000000000332e-01,-2.916679245619090199e+00
5.247000000000000552e-01,-3.034527145101659329e+00
5.242999999999999883e-01,-3.231365561970215072e+00
5.239000000000000323e-01,-3.124029224818060335e+00
5.234999999999999654e-01,-3.140109259826577404e+00
5.231000000000000094e-01,-3.055077456924973234e+00
5.228000000000000425e-01,-3.404735056766359680e+00
5.224999999999999645e-01,-3.197999294682189131e+00
5.223999999999999755e-01,-3.272775401996774747e+00
5.222999999999999865e-01,-3.257119645205547975e+00
5.219000000000000306e-01,-3.184781760449798771e+00
5.217000000000000526e-01,-3.184318265083709409e+00
5.212999999999999856e-01,-3.347130853732175559e+00
5.211999999999999966e-01,-2.946522176814031280e+00
5.211000000000000076e-01,-3.191129393564288819e+00
5.208000000000000407e-01,-3.520871334258303342e+00
5.205999999999999517e-01,-3.159462774597501689e+00
5.203999999999999737e-01,-3.213208140752247033e+00
5.202999999999999847e-01,-3.283643217910701573e+00
5.199000000000000288e-01,-3.471750224460601331e+00
5.197000000000000508e-01,-3.170712562598028139e+00
5.193999999999999728e-01,-3.018614451001438770e+00
5.191999999999999948e-01,-3.251335162271582480e+00
5.190000000000000169e-01,-3.167740950041483483e+00
5.189000000000000279e-01,-3.206150545314971456e+00
5.184999999999999609e-01,-3.281692437504327042e+00
5.183999999999999719e-01,-3.290480549702503144e+00
5.180000000000000160e-01,-3.367833212137758547e+00
5.179000000000000270e-01,-3.421851597554173008e+00
5.175999999999999490e-01,-3.318453060090317930e+00
5.173999999999999710e-01,-3.304178159798699888e+00
5.172999999999999821e-01,-3.452968607249888411e+00
5.171000000000000041e-01,-2.922381814913209030e+00
5.168000000000000371e-01,-3.329675943033951313e+00
5.165999999999999481e-01,-3.594105404458439956e+00
5.164999999999999591e-01,-3.376951413376822586e+00
5.162999999999999812e-01,-3.586924149556422137e+00
5.161999999999999922e-01,-3.412220466394045637e+00
5.158000000000000362e-01,-3.562944837951788735e+00
5.157000000000000473e-01,-3.000069059255934700e+00
5.155999999999999472e-01,-3.387847799345687250e+00
5.154999999999999583e-01,-3.468704604861049479e+00
5.152999999999999803e-01,-3.487097195911041503e+00
5.151999999999999913e-01,-3.043577882710446936e+00
5.148000000000000353e-01,-3.140010923406298726e+00
5.147000000000000464e-01,-3.150257275924702505e+00
5.144999999999999574e-01,-3.280797915952140542e+00
5.143999999999999684e-01,-3.164460551060644278e+00
5.142999999999999794e-01,-3.348909685795811164e+00
5.139000000000000234e-01,-3.236708759549482117e+00
5.138000000000000345e-01,-3.110564821683027947e+00
5.137000000000000455e-01,-3.366263553833880984e+00
5.134999999999999565e-01,-3.343405572597086817e+00
5.132999999999999785e-01,-3.129519127181477067e+00
5.131999999999999895e-01,-3.291459946587211416e+00
5.128000000000000336e-01,-3.202038280782320889e+00
5.125999999999999446e-01,-3.201552230782159558e+00
5.123999999999999666e-01,-3.228365883098643252e+00
5.121999999999999886e-01,-3.055549226538885943e+00
5.120999999999999996e-01,-3.404248870347089007e+00
5.119000000000000217e-01,-3.146852869960969024e+00
5.118000000000000327e-01,-3.171996399917381915e+00
5.116000000000000547e-01,-2.976706683873961090e+00
5.114999999999999547e-01,-3.145597496728713693e+00
5.113999999999999657e-01,-3.245148905163357078e+00
5.112999999999999767e-01,-3.361573390947840689e+00
5.111999999999999877e-01,-3.104616961726127666e+00
5.110999999999999988e-01,-3.149231720112272370e+00
5.110000000000000098e-01,-3.115847207046007483e+00
5.109000000000000208e-01,-3.077719673056267258e+00
5.108000000000000318e-01,-3.167981429945204042e+00
5.107000000000000428e-01,-3.207259389669502081e+00
5.106000000000000538e-01,-3.099151764625980299e+00
5.104999999999999538e-01,-3.164908910562665323e+00
5.102999999999999758e-01,-3.355835534898780281e+00
5.101999999999999869e-01,-3.242266613378641971e+00
5.100999999999999979e-01,-3.350942318137549947e+00
5.100000000000000089e-01,-3.337051985088978157e+00
5.099000000000000199e-01,-3.645719600213763734e+00
5.098000000000000309e-01,-3.352338324419910975e+00
5.097000000000000419e-01,-3.101607196906875696e+00
5.096000000000000529e-01,-3.214682342838064422e+00
5.094999999999999529e-01,-3.161836052160927668e+00
5.093999999999999639e-01,-3.099927424176913693e+00
5.092999999999999750e-01,-3.014128594078344214e+00
5.077000000000000401e-01,-2.998138903445861647e+00
5.060000000000000053e-01,-2.759400468676912688e+00
5.042999999999999705e-01,-2.703934519592541719e+00
5.008000000000000229e-01,-2.648235468675759208e+00
4.990999999999999881e-01,-2.781491992092928189e+00
4.973000000000000198e-01,-2.602633755845987551e+00
4.939000000000000057e-01,-2.685564250739743919e+00
4.920999999999999819e-01,-2.885090420252727661e+00
4.904000000000000026e-01,-2.985017781520081570e+00
4.869999999999999885e-01,-2.688154098615352705e+00
4.852000000000000202e-01,-2.810419576456725022e+00
4.814999999999999836e-01,-2.599345024293124418e+00
4.796000000000000263e-01,-2.683354177605780766e+00
4.756000000000000227e-01,-2.643640292345557530e+00
4.734999999999999765e-01,-2.485730434792976062e+00
4.692000000000000060e-01,-2.893178528497381663e+00
4.670000000000000262e-01,-2.519941804339335789e+00
4.647000000000000020e-01,-2.457966262688201731e+00
4.601000000000000090e-01,-2.184071640371127554e+00
4.577999999999999847e-01,-2.221943253449300215e+00
4.531000000000000028e-01,-2.003489044693552490e+00
4.506999999999999895e-01,-2.149270835112202516e+00
4.484000000000000208e-01,-2.262811198272085544e+00
4.435999999999999943e-01,-2.203762230860800031e+00
4.413000000000000256e-01,-2.132997808501580828e+00
4.364999999999999991e-01,-1.969904590660336297e+00
4.340999999999999859e-01,-1.995185628230985442e+00
4.316999999999999726e-01,-1.946870736400387658e+00
4.267000000000000237e-01,-1.818326461722500786e+00
4.240999999999999770e-01,-1.802362294895396344e+00
4.214999999999999858e-01,-1.913918558340893084e+00
4.159999999999999809e-01,-1.841851000404450156e+00
4.131000000000000227e-01,-1.998342852300386774e+00
4.068999999999999839e-01,-1.952495922407336604e+00
4.002000000000000002e-01,-1.958616662272325337e+00
3.966000000000000081e-01,-1.529659265839190985e+00
3.927999999999999825e-01,-1.697946793272108179e+00
3.845000000000000084e-01,-1.406550568004358404e+00
3.800999999999999934e-01,-1.619262452792584517e+00
3.754000000000000115e-01,-1.630631472758492517e+00
3.657000000000000250e-01,-1.565503083787592509e+00
3.607000000000000206e-01,-1.409479130763864108e+00
3.508000000000000007e-01,-1.504312065288629263e+00
3.462000000000000077e-01,-1.381415590959861328e+00
3.377999999999999892e-01,-1.527216175612540638e+00
3.341999999999999971e-01,-1.745395000843472211e+00
3.282999999999999807e-01,-1.583903364057981822e+00
3.260000000000000120e-01,-1.660627513552022538e+00
3.225000000000000089e-01,-1.679290109588417179e+00
3.201999999999999846e-01,-1.604911024196721492e+00
3.194000000000000172e-01,-1.550345320963913309e+00
3.186999999999999833e-01,-1.493010972450836249e+00
3.178000000000000269e-01,-1.474970995617359337e+00
3.175000000000000044e-01,-1.604856167564052027e+00
3.173000000000000265e-01,-1.610833427599807965e+00
3.169000000000000150e-01,-1.765601149378032808e+00
3.166999999999999815e-01,-1.648911583052221408e+00
3.164000000000000146e-01,-1.680596442000278801e+00
3.163000000000000256e-01,-1.612870978666284039e+00
3.161999999999999811e-01,-1.601134343855929565e+00
3.160000000000000031e-01,-1.711903403688779246e+00
3.159000000000000141e-01,-1.790711679067256812e+00
3.158000000000000251e-01,-1.841467200679289373e+00
3.155999999999999917e-01,-1.749428027768154870e+00
3.155000000000000027e-01,-1.819211909010300499e+00
3.153000000000000247e-01,-1.897881374956123191e+00
3.151999999999999802e-01,-1.943433638402006114e+00
3.150999999999999912e-01,-1.919658790843089324e+00
3.150000000000000022e-01,-1.805739174596805441e+00
3.149000000000000132e-01,-2.156086438692673024e+00
3.148000000000000242e-01,-1.980817374013931209e+00
3.146999999999999797e-01,-1.674561931658703040e+00
3.145999999999999908e-01,-1.591142599235897181e+00
3.145000000000000018e-01,-1.411278669739834957e+00
3.144000000000000128e-01,-1.562425148692319077e+00
3.143000000000000238e-01,-1.914250760543445118e+00
3.141999999999999793e-01,-1.670645305356624588e+00
3.140999999999999903e-01,-1.666219727467594947e+00
3.140000000000000013e-01,-1.440752651676413310e+00
3.139000000000000123e-01,-1.343732240709476944e+00
3.138000000000000234e-01,-1.444189255463287136e+00
3.136999999999999789e-01,-1.302438112090560374e+00
3.135999999999999899e-01,-1.484293552487473633e+00
3.135000000000000009e-01,-1.429479640389940798e+00
3.134000000000000119e-01,-1.308748558908039872e+00
3.133000000000000229e-01,-1.599165525369150576e+00
3.131999999999999784e-01,-1.322897926331399576e+00
3.130999999999999894e-01,-1.493251003009937072e+00
3.130000000000000004e-01,-1.560981218456719111e+00
3.129000000000000115e-01,-1.387840565601891285e+00
3.128000000000000225e-01,-1.438926740955615458e+00
3.126999999999999780e-01,-1.643788144759937841e+00
3.125000000000000000e-01,-1.251551182439194942e+00
3.124000000000000110e-01,-1.326254277615171118e+00
3.123000000000000220e-01,-1.628912873969648123e+00
3.121999999999999775e-01,-1.600980802118467272e+00
3.119999999999999996e-01,-1.383011997262845183e+00
3.119000000000000106e-01,-1.709129022537184017e+00
3.118000000000000216e-01,-1.506566024577914442e+00
3.116999999999999771e-01,-1.542104699118725497e+00
3.115999999999999881e-01,-1.436076933978907677e+00
3.114999999999999991e-01,-1.587182296465799336e+00
3.114000000000000101e-01,-1.662323927249212518e+00
3.113000000000000211e-01,-1.464702954806496038e+00
3.111999999999999766e-01,-1.515391989075336898e+00
3.110999999999999877e-01,-1.319069194602299433e+00
3.109999999999999987e-01,-1.556381770972101952e+00
3.109000000000000097e-01,-1.608649849212432370e+00
3.108000000000000207e-01,-1.561449648920104627e+00
3.106999999999999762e-01,-1.450703531279476266e+00
3.105999999999999872e-01,-1.570588415017665662e+00
3.104999999999999982e-01,-1.803078642657624631e+00
3.104000000000000092e-01,-1.421760547629276283e+00
3.103000000000000203e-01,-1.701683190091915154e+00
3.100999999999999868e-01,-1.661458343033472396e+00
3.099999999999999978e-01,-1.786400773778765494e+00
3.099000000000000088e-01,-1.617055792431940420e+00
3.098000000000000198e-01,-1.473728388452582250e+00
3.096999999999999753e-01,-1.504244455610400211e+00
3.095999999999999863e-01,-1.559637136093320553e+00
3.094999999999999973e-01,-1.725363885605925907e+00
3.094000000000000083e-01,-1.468436954488909763e+00
3.093000000000000194e-01,-1.360078999585161874e+00
3.091999999999999749e-01,-1.438120367009678935e+00
3.090999999999999859e-01,-2.015296818720104355e+00
3.089999999999999969e-01,-2.153532537362500499e+00
3.089000000000000079e-01,-1.515234563784846777e+00
3.088000000000000189e-01,-1.445073984845360426e+00
3.086999999999999744e-01,-1.522194565157803492e+00
3.085999999999999854e-01,-1.602008367939094402e+00
3.084999999999999964e-01,-1.713430266458613183e+00
3.084000000000000075e-01,-1.380186556856487501e+00
3.083000000000000185e-01,-1.846554467586133175e+00
3.081999999999999740e-01,-1.541288994765638742e+00
3.080999999999999850e-01,-1.689905355165086887e+00
3.079999999999999960e-01,-1.698691933335713777e+00
3.079000000000000070e-01,-1.612889647878423816e+00
3.078000000000000180e-01,-1.437153071489390754e+00
3.076999999999999735e-01,-1.694459121055172490e+00
3.075999999999999845e-01,-1.650855045212478389e+00
3.074999999999999956e-01,-1.672892738205540519e+00
3.074000000000000066e-01,-1.476505025422040651e+00
3.073000000000000176e-01,-1.490151645440734196e+00
3.071999999999999731e-01,-1.475627464183801862e+00
3.070999999999999841e-01,-1.451651006723021498e+00
3.069999999999999951e-01,-1.310866935469098937e+00
3.069000000000000061e-01,-1.492930755533027565e+00
3.068000000000000171e-01,-1.928312722317745198e+00
3.066999999999999726e-01,-1.447060420541523396e+00
3.065999999999999837e-01,-1.510522938964298012e+00
3.064999999999999947e-01,-1.278059375529666086e+00
3.064000000000000057e-01,-1.347307101361877146e+00
3.063000000000000167e-01,-1.801378224055129706e+00
3.062000000000000277e-01,-1.417397858902505359e+00
3.060999999999999832e-01,-1.640202048767817278e+00
3.059999999999999942e-01,-1.599769159223076498e+00
3.059000000000000052e-01,-1.640802978060797557e+00
3.058000000000000163e-01,-1.706064980664463882e+00
