# T (K), dc/c (x 1e-5)
2.312600000000000211e+00,-0.000000000000000000e+00
2.309699999999999864e+00,-7.804030452548613161e-03
2.305200000000000138e+00,-2.847997353395558262e-01
2.298000000000000043e+00,-1.371120345135235508e-01
2.278300000000000214e+00,-4.709766101869752863e-01
2.265299999999999869e+00,-2.176346922749534674e-01
2.257600000000000051e+00,-5.276280623154835370e-01
2.257299999999999862e+00,-4.871333215130443373e-01
2.256600000000000161e+00,-9.765794378652822849e-02
2.256299999999999972e+00,-3.609672738999069042e-01
2.256099999999999994e+00,-2.011882209586855208e-01
2.255599999999999827e+00,-2.383569901821596948e-01
2.255399999999999849e+00,-3.011193323569530400e-01
2.255100000000000104e+00,-5.580008992665373979e-01
2.254599999999999937e+00,-3.629760789999902371e-01
2.254199999999999982e+00,-5.769226232839731461e-01
2.254000000000000004e+00,-3.220467005517549386e-01
2.253400000000000070e+00,-1.688369565979288001e-01
2.253099999999999881e+00,-2.598469351407163841e-01
2.252899999999999903e+00,-1.184588643908567329e-01
2.252099999999999991e+00,-2.258451355086976975e-01
2.251900000000000013e+00,-3.631069076852995181e-01
2.251599999999999824e+00,-1.157414133134472001e-01
2.250900000000000123e+00,-9.019601064074464492e-02
2.250599999999999934e+00,-1.426435028435159846e-01
2.250300000000000189e+00,-1.822749255967663906e-01
2.249800000000000022e+00,-1.467181963795598579e-02
2.249499999999999833e+00,-2.792186038999035225e-03
2.249200000000000088e+00,-1.222946578708912352e-01
2.248800000000000132e+00,-9.360109376906328160e-02
2.248499999999999943e+00,-7.058295078913451315e-02
2.248299999999999965e+00,-4.209911002474222563e-01
2.247599999999999820e+00,-2.942627005168081955e-01
2.247399999999999842e+00,-7.246655292746095878e-02
2.247199999999999864e+00,-8.069305639908869177e-02
2.246700000000000141e+00,-3.193920681939182993e-02
2.246500000000000163e+00,-5.332009052512465264e-03
2.246300000000000185e+00,-1.901532459617637505e-01
2.245800000000000018e+00,-1.944229594035657982e-01
2.245499999999999829e+00,-1.934327354237126984e-01
2.244899999999999896e+00,-4.495682203421442757e-01
2.244699999999999918e+00,-2.793718660440793755e-01
2.244299999999999962e+00,-3.316807656838388074e-01
2.243799999999999795e+00,-2.918433337891477852e-01
2.243599999999999817e+00,-5.538332451858712924e-01
2.243300000000000072e+00,-7.175909924830251585e-01
2.242799999999999905e+00,-7.388860722704038153e-01
2.242599999999999927e+00,-5.300687768860601334e-01
2.242100000000000204e+00,2.650448427279992331e-03
2.231500000000000039e+00,-7.633139257800115596e-01
2.206399999999999917e+00,-6.684104870446059277e-01
2.141700000000000159e+00,-7.036837970893173866e-01
2.100800000000000001e+00,-6.290781162018149741e-01
2.024700000000000166e+00,-1.049468081588966539e+00
1.992099999999999982e+00,-1.283131398888506247e+00
1.963899999999999979e+00,-1.223698227535946259e+00
1.922199999999999909e+00,-1.291778072702327140e+00
1.913399999999999990e+00,-1.279471668375433469e+00
1.911599999999999966e+00,-1.286227261650509490e+00
1.911000000000000032e+00,-1.372317440352210483e+00
1.910500000000000087e+00,-9.653597447605694049e-01
1.909799999999999942e+00,-1.381117196354861854e+00
1.909699999999999953e+00,-1.316144763474126345e+00
1.909599999999999964e+00,-1.065214261703167464e+00
1.909499999999999975e+00,-1.085600660444177246e+00
1.909100000000000019e+00,-9.479821156053590547e-01
1.908700000000000063e+00,-1.348853126264116797e+00
1.908500000000000085e+00,-7.730161883326793770e-01
1.908300000000000107e+00,-5.863356923243938645e-01
1.908099999999999907e+00,-1.608110960184564897e+00
1.907699999999999951e+00,-1.099460887733988868e+00
1.907499999999999973e+00,-1.206116958923464155e+00
1.906700000000000061e+00,-1.207420834742941818e+00
1.905999999999999917e+00,-1.209779801294660562e+00
1.904900000000000038e+00,-1.147330760560116403e+00
1.902400000000000091e+00,-9.979350247951214170e-01
1.901200000000000001e+00,-9.758748867356591417e-01
1.898400000000000087e+00,-1.263156054687674557e+00
1.896900000000000031e+00,-8.790901316058953308e-01
1.895299999999999985e+00,-1.362444758847621396e+00
1.891999999999999904e+00,-1.553732143099167073e+00
1.890300000000000091e+00,-1.699209730036076449e+00
1.888500000000000068e+00,-1.319054883995682603e+00
1.886600000000000055e+00,-1.389575744449741190e+00
1.882800000000000029e+00,-1.374337205147088348e+00
1.880800000000000027e+00,-1.284998844118599548e+00
1.878800000000000026e+00,-1.262082137118761604e+00
1.876800000000000024e+00,-1.504728214485903770e+00
1.872900000000000009e+00,-1.145416246412964911e+00
1.870999999999999996e+00,-8.734348569858565448e-01
1.869199999999999973e+00,-9.880345347432597514e-01
1.867299999999999960e+00,-9.891059932083754447e-01
1.864400000000000057e+00,-1.057368856372279842e+00
1.863899999999999890e+00,-1.556434712330419634e+00
1.863599999999999923e+00,-1.301665652789425032e+00
1.863399999999999945e+00,-1.266467236839946775e+00
1.863099999999999978e+00,-1.170938138437237264e+00
1.862900000000000000e+00,-1.100454043515572522e+00
1.862800000000000011e+00,-1.174695121266948306e+00
1.862400000000000055e+00,-9.176953306569489710e-01
1.862200000000000077e+00,-1.383506613257046824e+00
1.862000000000000099e+00,-9.522709653002792152e-01
1.861599999999999921e+00,-1.342373832922613808e+00
1.861399999999999944e+00,-1.412232933015818093e+00
1.861099999999999977e+00,-7.758670234574399638e-01
1.860600000000000032e+00,-1.558026825737048204e+00
1.858800000000000008e+00,-1.070583016765484841e+00
1.857599999999999918e+00,-1.394094329389096165e+00
1.855399999999999938e+00,-1.439013333489312485e+00
1.854300000000000059e+00,-1.439327096005172724e+00
1.853099999999999969e+00,-1.376019184838963572e+00
1.850400000000000045e+00,-1.469825422324114506e+00
1.848899999999999988e+00,-1.791973019821203827e+00
1.847399999999999931e+00,-1.814774883239218539e+00
1.844100000000000072e+00,-1.716197445676052924e+00
1.842500000000000027e+00,-1.323267553335046198e+00
1.840799999999999992e+00,-1.110266782401269969e+00
1.836300000000000043e+00,-1.173545120908216388e+00
1.834799999999999986e+00,-1.007938689339305194e+00
1.833299999999999930e+00,-9.001777056685399403e-01
1.830600000000000005e+00,-1.162597251261896281e+00
1.829299999999999926e+00,-1.381434749176519317e+00
1.828000000000000069e+00,-1.314010279048535068e+00
1.825199999999999934e+00,-1.137230991979311545e+00
1.823800000000000088e+00,-9.483837123809091274e-01
1.822400000000000020e+00,-1.102737076310385422e+00
1.819199999999999928e+00,-1.008278274994712342e+00
1.817600000000000104e+00,-5.520594318584431948e-01
1.815900000000000070e+00,-1.469780542302887349e+00
1.812500000000000000e+00,-1.634019596460098755e+00
1.810699999999999976e+00,-1.561856747291372471e+00
1.808999999999999941e+00,-1.349559400145694088e+00
1.805600000000000094e+00,-1.440314828123675284e+00
1.803800000000000070e+00,-1.077117395553858215e+00
1.802100000000000035e+00,-1.284154262951356928e+00
1.798999999999999932e+00,-1.327334274447045326e+00
1.797500000000000098e+00,-1.336000942190229912e+00
1.794599999999999973e+00,-1.486858528722387218e+00
1.793199999999999905e+00,-1.541000780213165111e+00
1.792200000000000015e+00,-1.150894918872677586e+00
1.792100000000000026e+00,-1.765737405897869428e+00
1.791800000000000059e+00,-1.550427440659093437e+00
1.791400000000000103e+00,-1.321119927013127304e+00
1.791099999999999914e+00,-1.510839325031187563e+00
1.790699999999999958e+00,-1.267562163895241456e+00
1.790399999999999991e+00,-1.515421740585956245e+00
1.790100000000000025e+00,-9.565775748588528637e-01
1.789800000000000058e+00,-1.495842764970907623e+00
1.789700000000000069e+00,-1.025424800708959694e+00
1.789299999999999891e+00,-1.227114633922232079e+00
1.788599999999999968e+00,-1.517856097557298334e+00
1.788300000000000001e+00,-1.350266407956334680e+00
1.787800000000000056e+00,-1.784149916247263379e+00
1.787700000000000067e+00,-1.726087718072948141e+00
1.787400000000000100e+00,-1.749501034783789599e+00
1.787099999999999911e+00,-1.393413910948701151e+00
1.786399999999999988e+00,-1.373888711080160308e+00
1.786000000000000032e+00,-1.775426784356344267e+00
1.785700000000000065e+00,-1.498175696822015901e+00
1.785600000000000076e+00,-1.044905062212058366e+00
1.785099999999999909e+00,-1.257751632181955292e+00
1.784999999999999920e+00,-1.528684911868160690e+00
1.784599999999999964e+00,-1.472748730248988780e+00
1.783900000000000041e+00,-1.187351344609393733e+00
1.783600000000000074e+00,-1.579678499237415989e+00
1.783400000000000096e+00,-1.457871630702791466e+00
1.782699999999999951e+00,-1.003446883767356468e+00
1.782499999999999973e+00,-9.455082277597288698e-01
1.782399999999999984e+00,-1.305107859122102143e+00
1.781900000000000039e+00,-8.211421986861625610e-01
1.781600000000000072e+00,-6.772932675139752279e-01
1.780999999999999917e+00,-1.464198501753045667e+00
1.780899999999999928e+00,-1.446553831623270003e+00
1.780499999999999972e+00,-1.568708636879516005e+00
1.780200000000000005e+00,-1.253462907171239094e+00
1.779500000000000082e+00,-8.057827365753823523e-01
1.779400000000000093e+00,-1.019301518631631875e+00
1.779199999999999893e+00,-1.130348622376106560e+00
1.778899999999999926e+00,-1.373120815738662515e+00
1.778299999999999992e+00,-1.570225912721505246e+00
1.778200000000000003e+00,-1.759740731689706239e+00
1.778000000000000025e+00,-1.591261958061021220e+00
1.777800000000000047e+00,-1.524630500237980746e+00
1.777700000000000058e+00,-1.217540656539984667e+00
1.777099999999999902e+00,-1.261074669256447178e+00
1.776799999999999935e+00,-1.672189451269127325e+00
1.776000000000000023e+00,-1.741327741912876981e+00
1.775700000000000056e+00,-1.850674356095331596e+00
1.775400000000000089e+00,-1.695430191411481768e+00
1.775199999999999889e+00,-1.342351932413765825e+00
1.774799999999999933e+00,-1.433525270995710477e+00
1.774499999999999966e+00,-1.224677359925327780e+00
1.774199999999999999e+00,-8.817507071563172039e-01
1.773600000000000065e+00,-7.165060402320139188e-01
1.773300000000000098e+00,-1.225210611522807191e+00
1.772899999999999920e+00,-1.511405431183442616e+00
1.772199999999999998e+00,-1.761975154901797458e+00
1.771800000000000042e+00,-1.850202094153615029e+00
1.771500000000000075e+00,-1.856636959057399006e+00
1.770899999999999919e+00,-1.564060156013962422e+00
1.770699999999999941e+00,-1.035170416601675303e+00
1.770499999999999963e+00,-1.125520664054912690e+00
1.769800000000000040e+00,-1.539727226622822798e+00
1.769600000000000062e+00,-1.630180731916998971e+00
1.769500000000000073e+00,-1.463127184448580698e+00
1.769300000000000095e+00,-1.559539348678403936e+00
1.769200000000000106e+00,-1.288938234630867097e+00
1.768599999999999950e+00,-1.359305255635380405e+00
1.768000000000000016e+00,-1.601863261060855859e+00
1.767800000000000038e+00,-1.446389923701843827e+00
1.767700000000000049e+00,-1.078314238504125333e+00
1.767400000000000082e+00,-1.503622063138638110e+00
1.766999999999999904e+00,-1.646077667045965143e+00
1.766299999999999981e+00,-1.680190325679758123e+00
1.766100000000000003e+00,-1.451792919750010791e+00
1.766000000000000014e+00,-1.997493635396113243e+00
1.765700000000000047e+00,-1.697797341391820591e+00
1.764999999999999902e+00,-1.093734762467105437e+00
1.764699999999999935e+00,-1.315906179998429293e+00
1.764100000000000001e+00,-8.745775695402114858e-01
1.763800000000000034e+00,-1.045914583053513702e+00
1.763500000000000068e+00,-1.432305934221474120e+00
1.763300000000000090e+00,-1.282966114215069231e+00
1.762899999999999912e+00,-1.688907834282947773e+00
1.762799999999999923e+00,-1.609273273507931146e+00
1.762499999999999956e+00,-1.580854454014081201e+00
1.762199999999999989e+00,-1.242297066913957249e+00
1.761800000000000033e+00,-1.011124344515296425e+00
1.761500000000000066e+00,-1.238732698802746279e+00
1.761200000000000099e+00,-1.601392732969474597e+00
1.760899999999999910e+00,-1.099275670983339115e+00
1.760599999999999943e+00,-1.158843687033719982e+00
1.760299999999999976e+00,-1.241758694540322283e+00
1.759700000000000042e+00,-1.588715459794991292e+00
1.759500000000000064e+00,-1.616978643227055645e+00
1.759400000000000075e+00,-1.733487726200233281e+00
1.759100000000000108e+00,-1.395662465586086309e+00
1.758999999999999897e+00,-1.132603317635020979e+00
1.758399999999999963e+00,-1.494182571647466595e+00
1.758000000000000007e+00,-1.497948325733695851e+00
1.757700000000000040e+00,-1.084723586959916108e+00
1.757200000000000095e+00,-1.633003994494573563e+00
1.756899999999999906e+00,-1.417677336792890985e+00
1.756399999999999961e+00,-1.319355300614531989e+00
1.756299999999999972e+00,-1.231013998187436842e+00
1.755800000000000027e+00,-1.228495086857332552e+00
1.755400000000000071e+00,-1.487092526444291574e+00
1.754799999999999915e+00,-1.412604345236198267e+00
1.754699999999999926e+00,-1.190383686075480396e+00
1.754599999999999937e+00,-1.215770680710703600e+00
1.753900000000000015e+00,-1.399779974891061762e+00
1.753600000000000048e+00,-1.632734269307531516e+00
1.753300000000000081e+00,-1.592673467256799036e+00
1.753200000000000092e+00,-1.337563707713631089e+00
1.752699999999999925e+00,-1.468068710108890507e+00
1.752599999999999936e+00,-1.632349163272893922e+00
1.752399999999999958e+00,-1.559430689384243784e+00
1.752099999999999991e+00,-1.396249550459174316e+00
1.751400000000000068e+00,-1.522084031314386410e+00
1.751100000000000101e+00,-6.698716117085087296e-01
1.750699999999999923e+00,-8.740306392699976890e-01
1.750099999999999989e+00,-1.072952198766306653e+00
1.750000000000000000e+00,-1.288990379053923885e+00
1.749600000000000044e+00,-1.279537765364242352e+00
1.749200000000000088e+00,-1.592626779443938378e+00
1.749100000000000099e+00,-1.564260041022756953e+00
1.748699999999999921e+00,-1.580102607074481247e+00
1.748599999999999932e+00,-1.687351259311382856e+00
1.748299999999999965e+00,-1.258524101005443097e+00
1.747999999999999998e+00,-1.164150472749889698e+00
1.747800000000000020e+00,-1.823991498281799961e+00
1.747300000000000075e+00,-2.013795390166472909e+00
1.746699999999999919e+00,-8.291914520176389969e-01
1.746599999999999930e+00,-1.705839459077067355e+00
1.745999999999999996e+00,-1.122022354373857889e+00
1.745500000000000052e+00,-8.431995571584632865e-01
1.745200000000000085e+00,-8.144180092262143233e-01
1.744899999999999896e+00,-1.511993614115847651e+00
1.744699999999999918e+00,-8.408427749444918886e-01
1.744399999999999951e+00,-1.342874646334296873e+00
1.744299999999999962e+00,-8.887123312392264385e-01
1.743800000000000017e+00,-1.662436299223991387e+00
1.743700000000000028e+00,-1.879014602173081361e+00
1.743500000000000050e+00,-1.913332977052930595e+00
1.743400000000000061e+00,-1.542221420705580881e+00
1.743200000000000083e+00,-1.867945652563789194e+00
1.742899999999999894e+00,-1.705339808687254877e+00
1.742599999999999927e+00,-1.519886792130656028e+00
1.742299999999999960e+00,-1.276582737820704860e+00
1.742199999999999971e+00,-1.284938383092982139e+00
1.741900000000000004e+00,-1.186977357826922264e+00
1.741600000000000037e+00,-1.563842439592617373e+00
1.741500000000000048e+00,-1.535731685193240992e+00
1.741000000000000103e+00,-1.843599435184719360e+00
1.740799999999999903e+00,-1.714629845825051957e+00
1.740699999999999914e+00,-1.370011094914901806e+00
1.740499999999999936e+00,-1.129394942049979367e+00
1.740299999999999958e+00,-1.477471731916690567e+00
1.739900000000000002e+00,-1.265498791864041239e+00
1.739700000000000024e+00,-1.204622243800186787e+00
1.739300000000000068e+00,-1.539919013691210870e+00
1.738899999999999890e+00,-1.564202732841097454e+00
1.738199999999999967e+00,-1.300505068856701918e+00
1.737900000000000000e+00,-1.096979709088840682e+00
1.737600000000000033e+00,-1.062980157136099946e+00
1.736900000000000110e+00,-1.119466372817123467e+00
1.736599999999999921e+00,-8.793766703703232990e-01
1.735899999999999999e+00,-1.099102159129159650e+00
1.735700000000000021e+00,-1.342464600882005810e+00
1.735100000000000087e+00,-1.715470362737003818e+00
1.734799999999999898e+00,-1.922663255116683567e+00
1.734499999999999931e+00,-1.459282896014066910e+00
1.733800000000000008e+00,-1.534086784158383177e+00
1.733500000000000041e+00,-1.438502851451486597e+00
1.733200000000000074e+00,-1.247099717908354943e+00
1.732499999999999929e+00,-1.154699784198577106e+00
1.731800000000000006e+00,-1.519288969426143332e+00
1.731500000000000039e+00,-1.646783968915972007e+00
1.731200000000000072e+00,-2.025748375271841706e+00
1.730799999999999894e+00,-2.099535029613150972e+00
1.730199999999999960e+00,-1.751342164438003390e+00
1.729800000000000004e+00,-1.758861387518584118e+00
1.729500000000000037e+00,-1.643011904307661419e+00
1.728900000000000103e+00,-1.633866261742465298e+00
1.728699999999999903e+00,-1.331706393687315249e+00
1.728399999999999936e+00,-1.287900210617800800e+00
1.727700000000000014e+00,-1.190175676207654076e+00
1.727400000000000047e+00,-1.227089103415107463e+00
1.726699999999999902e+00,-1.126066218344438763e+00
1.726299999999999946e+00,-1.267065986341239014e+00
1.725899999999999990e+00,-1.530552132244448638e+00
1.725200000000000067e+00,-1.473483616176805233e+00
1.725000000000000089e+00,-1.234823865155860956e+00
1.724699999999999900e+00,-1.438812776009140482e+00
1.724099999999999966e+00,-1.215187293538127378e+00
1.723799999999999999e+00,-1.602851663679103700e+00
1.723400000000000043e+00,-1.271060155683936710e+00
1.722800000000000109e+00,-1.534457455478757115e+00
1.722499999999999920e+00,-1.911754560093826161e+00
1.722099999999999964e+00,-1.482149264297474067e+00
1.721500000000000030e+00,-1.322373139663762354e+00
1.721200000000000063e+00,-1.453091426674847364e+00
1.721000000000000085e+00,-1.333650334042703278e+00
1.720399999999999929e+00,-1.597015750108956134e+00
1.719899999999999984e+00,-1.477759664032666009e+00
1.719600000000000017e+00,-1.524173689940427456e+00
1.719000000000000083e+00,-1.622014582124793103e+00
1.718599999999999905e+00,-1.489929531341116942e+00
1.717899999999999983e+00,-1.565619601998926358e+00
1.717600000000000016e+00,-1.402592101359489973e+00
1.717300000000000049e+00,-1.830025922270738459e+00
1.716699999999999893e+00,-9.822453462864630946e-01
1.716299999999999937e+00,-9.192645679686031190e-01
1.715999999999999970e+00,-1.032011640447489498e+00
1.715300000000000047e+00,-1.140485728167827784e+00
1.715000000000000080e+00,-1.786748490818410584e+00
1.714699999999999891e+00,-1.568703836237297145e+00
1.714099999999999957e+00,-1.531087413427650645e+00
1.713799999999999990e+00,-1.378674549802627380e+00
1.713500000000000023e+00,-1.358034176278692273e+00
1.712800000000000100e+00,-1.364318410255734193e+00
1.712499999999999911e+00,-1.685470409476606424e+00
1.711699999999999999e+00,-1.913487115915086356e+00
1.711300000000000043e+00,-1.609766318651901118e+00
1.710900000000000087e+00,-1.156608399503376461e+00
1.710299999999999931e+00,-1.018218816835282592e+00
1.709899999999999975e+00,-9.086363759402211748e-01
1.709600000000000009e+00,-9.068949576798799317e-01
1.709100000000000064e+00,-1.138560518145132594e+00
1.708800000000000097e+00,-1.289306322490527901e+00
1.708499999999999908e+00,-1.525640757603851538e+00
1.707899999999999974e+00,-1.340043280288153227e+00
1.707600000000000007e+00,-1.471235023574031686e+00
1.707300000000000040e+00,-1.177451761328154101e+00
1.706599999999999895e+00,-1.484006927784703667e+00
1.706299999999999928e+00,-1.076298409144937906e+00
1.706099999999999950e+00,-1.480964779508272544e+00
1.705500000000000016e+00,-1.653624878069335891e+00
1.705200000000000049e+00,-1.669163238594275844e+00
1.704599999999999893e+00,-1.394763436366526888e+00
1.704199999999999937e+00,-1.169921400914362808e+00
1.703899999999999970e+00,-1.370572266032462627e+00
1.703200000000000047e+00,-1.990509371490743584e+00
1.702800000000000091e+00,-2.067637555679482819e+00
1.702499999999999902e+00,-1.989245679125258848e+00
1.701899999999999968e+00,-1.364117013033278258e+00
1.701600000000000001e+00,-1.199290113952709680e+00
1.701300000000000034e+00,-1.254675609372755574e+00
1.700700000000000101e+00,-1.238035497424616382e+00
1.700299999999999923e+00,-1.336710951684190629e+00
1.699999999999999956e+00,-1.711761107152311334e+00
1.699200000000000044e+00,-1.617467073113858289e+00
1.698499999999999899e+00,-1.819177841979040755e+00
1.698099999999999943e+00,-1.696329160597758401e+00
1.697500000000000009e+00,-1.793017737768793696e+00
1.697200000000000042e+00,-1.724561264525379833e+00
1.696800000000000086e+00,-1.425555149104219543e+00
1.696299999999999919e+00,-1.396960404512908926e+00
1.695899999999999963e+00,-1.464114725100080561e+00
1.695599999999999996e+00,-1.683521625555988388e+00
1.694900000000000073e+00,-2.149555045498526162e+00
1.694600000000000106e+00,-2.172377214853442595e+00
1.694199999999999928e+00,-1.852824958762798735e+00
1.693599999999999994e+00,-1.637739905566452547e+00
1.693200000000000038e+00,-1.352792908854703047e+00
1.692900000000000071e+00,-1.603152346056190725e+00
1.692299999999999915e+00,-2.060451696852757753e+00
1.691999999999999948e+00,-1.862133122315797529e+00
1.691699999999999982e+00,-1.641305173801443251e+00
1.691100000000000048e+00,-1.236100602383964242e+00
1.690700000000000092e+00,-1.392165799657700154e+00
1.690399999999999903e+00,-1.535335698022723960e+00
1.689799999999999969e+00,-1.930422546038120357e+00
1.689400000000000013e+00,-2.136106307054999043e+00
1.689100000000000046e+00,-1.801914344565247017e+00
1.688399999999999901e+00,-1.381428280588961499e+00
1.688199999999999923e+00,-1.379803775300274316e+00
1.687500000000000000e+00,-1.862531558829657596e+00
1.687200000000000033e+00,-1.612365635698389532e+00
1.686900000000000066e+00,-2.065060653704908766e+00
1.686299999999999910e+00,-1.701462700864615929e+00
1.685999999999999943e+00,-1.534357404819137960e+00
1.685699999999999976e+00,-1.708752869917010475e+00
1.685100000000000042e+00,-1.496209123535280572e+00
1.684700000000000086e+00,-1.274061787646420196e+00
1.684500000000000108e+00,-1.529227022315274853e+00
1.683799999999999963e+00,-1.703574264087402312e+00
1.683499999999999996e+00,-1.673009930831738545e+00
1.683100000000000041e+00,-1.940976844016064184e+00
1.682399999999999896e+00,-1.725712637161988861e+00
1.682099999999999929e+00,-1.599923265340570389e+00
1.681599999999999984e+00,-1.775411593984879355e+00
1.680900000000000061e+00,-1.540311209559711569e+00
1.680700000000000083e+00,-1.668450230467061424e+00
1.680399999999999894e+00,-1.753930786821899179e+00
1.679699999999999971e+00,-1.676217534405570753e+00
1.679400000000000004e+00,-2.235434597179346117e+00
1.679100000000000037e+00,-2.035179273443803893e+00
1.678500000000000103e+00,-1.318610455723915997e+00
1.678099999999999925e+00,-1.661563400317872086e+00
1.677899999999999947e+00,-1.581253022247142814e+00
1.677200000000000024e+00,-1.194993914679269853e+00
1.676900000000000057e+00,-1.515314026266276759e+00
1.676199999999999912e+00,-1.502656610856065278e+00
1.675899999999999945e+00,-1.601488989731833623e+00
1.675499999999999989e+00,-1.877156460357775725e+00
1.674900000000000055e+00,-1.655261434095557593e+00
1.674299999999999899e+00,-1.548949007825503710e+00
1.673899999999999944e+00,-1.359978451486527851e+00
1.673399999999999999e+00,-1.480529440986790846e+00
1.673000000000000043e+00,-1.218848110787434935e+00
1.672700000000000076e+00,-1.418203167039770340e+00
1.671999999999999931e+00,-1.368471867055516711e+00
1.671699999999999964e+00,-1.373905233272823656e+00
1.671399999999999997e+00,-1.634150977584015063e+00
1.670700000000000074e+00,-1.419244080818748088e+00
1.670400000000000107e+00,-1.482906392810093399e+00
1.670099999999999918e+00,-1.745775694948900281e+00
1.669499999999999984e+00,-1.826623515507105111e+00
1.669100000000000028e+00,-1.844000434698966684e+00
1.668800000000000061e+00,-1.419685762037278698e+00
1.668099999999999916e+00,-1.557729152114697424e+00
1.667799999999999949e+00,-1.357284903254966757e+00
1.667499999999999982e+00,-1.604567764444382760e+00
1.666800000000000059e+00,-1.550681660851256360e+00
1.666400000000000103e+00,-1.589191849943479617e+00
1.665799999999999947e+00,-1.449828994161167728e+00
1.665399999999999991e+00,-1.274989751213670974e+00
1.665100000000000025e+00,-1.677368835979070161e+00
1.664500000000000091e+00,-1.458017142612799910e+00
1.664099999999999913e+00,-8.695274552974834315e-01
1.663399999999999990e+00,-1.263477534101196342e+00
1.663000000000000034e+00,-1.292065021816276360e+00
1.662700000000000067e+00,-1.115564175156302129e+00
1.661999999999999922e+00,-1.240872649547564155e+00
1.661699999999999955e+00,-1.538120298274093356e+00
1.661100000000000021e+00,-1.959654609354742449e+00
1.660900000000000043e+00,-2.204668160877437000e+00
1.660600000000000076e+00,-1.331452822062875185e+00
1.660300000000000109e+00,-1.487754216315752220e+00
1.659599999999999964e+00,-1.311513035456759235e+00
1.659299999999999997e+00,-1.580600763881410575e+00
1.658900000000000041e+00,-1.746441782150766509e+00
1.658300000000000107e+00,-1.852204572885276290e+00
1.657899999999999929e+00,-1.672687701312412623e+00
1.657399999999999984e+00,-1.882533424647401477e+00
1.657000000000000028e+00,-1.728155875911510764e+00
1.656600000000000072e+00,-1.757952968919711534e+00
1.655999999999999917e+00,-1.670876775077044574e+00
1.655599999999999961e+00,-1.650006775596990938e+00
1.655299999999999994e+00,-1.193869306401109442e+00
1.654700000000000060e+00,-1.356452180561725118e+00
1.654300000000000104e+00,-1.376713623243801532e+00
1.653799999999999937e+00,-1.520588473702183085e+00
1.653399999999999981e+00,-1.583147028511153076e+00
1.652800000000000047e+00,-2.022344908471330527e+00
1.652500000000000080e+00,-1.878302862892526681e+00
1.652199999999999891e+00,-1.798704794435000309e+00
1.651499999999999968e+00,-1.482318128004172175e+00
1.651200000000000001e+00,-1.214837342868252845e+00
1.650600000000000067e+00,-1.435867217551892727e+00
1.650300000000000100e+00,-1.551936671276602731e+00
1.649899999999999922e+00,-1.736976671389770965e+00
1.649100000000000010e+00,-1.558838330319644694e+00
1.648800000000000043e+00,-1.656398871919813054e+00
1.648400000000000087e+00,-1.594071368026049207e+00
1.647799999999999931e+00,-1.623475917394111345e+00
1.647499999999999964e+00,-1.686984361831916690e+00
1.647299999999999986e+00,-1.526713250158133750e+00
1.646700000000000053e+00,-1.249599137053097664e+00
1.646300000000000097e+00,-1.418758090176509112e+00
1.645699999999999941e+00,-1.681502287224901027e+00
1.645299999999999985e+00,-1.639213777315806420e+00
1.644900000000000029e+00,-1.637240124578763778e+00
1.644200000000000106e+00,-1.724804509274744158e+00
1.643799999999999928e+00,-1.732063616224162272e+00
1.643499999999999961e+00,-1.958497719600521991e+00
1.642900000000000027e+00,-2.068206144219199683e+00
1.642500000000000071e+00,-2.007200088165791207e+00
1.642200000000000104e+00,-2.142722786874543317e+00
1.641599999999999948e+00,-1.548532046525858297e+00
1.641299999999999981e+00,-1.736270425909335779e+00
1.640600000000000058e+00,-1.879111223596855673e+00
1.640300000000000091e+00,-1.606784968040582129e+00
1.639699999999999935e+00,-1.856543454974320273e+00
1.639299999999999979e+00,-1.815264846143321620e+00
1.639000000000000012e+00,-1.750596000043918465e+00
1.638500000000000068e+00,-1.554123597868081630e+00
1.638099999999999890e+00,-1.617290467509965080e+00
1.637399999999999967e+00,-1.752451221371002177e+00
1.637000000000000011e+00,-1.516843390879287545e+00
1.636700000000000044e+00,-1.773591446176884689e+00
1.635999999999999899e+00,-1.390051956725864013e+00
1.635599999999999943e+00,-1.488914409786376680e+00
1.635299999999999976e+00,-1.271723560265271002e+00
1.634900000000000020e+00,-1.331208260464114224e+00
1.634200000000000097e+00,-1.556068511475384941e+00
1.633899999999999908e+00,-1.705857053862906092e+00
1.633299999999999974e+00,-1.511965246466775881e+00
1.633099999999999996e+00,-1.499695979289368486e+00
1.632700000000000040e+00,-1.715642763228141465e+00
1.632200000000000095e+00,-1.326313323523578891e+00
1.631999999999999895e+00,-1.818017203457540587e+00
1.631599999999999939e+00,-1.674559163447023158e+00
1.631000000000000005e+00,-1.384329804363895855e+00
1.630600000000000049e+00,-1.704925116420964892e+00
1.629899999999999904e+00,-1.828231297375422448e+00
1.629499999999999948e+00,-1.973479178709572457e+00
1.628800000000000026e+00,-1.652921526677482822e+00
1.628500000000000059e+00,-1.960887633916654993e+00
1.628200000000000092e+00,-1.744821353471940562e+00
1.627499999999999947e+00,-1.415542045238792790e+00
1.627199999999999980e+00,-1.519101021712533361e+00
1.626500000000000057e+00,-1.407317983045117460e+00
1.626100000000000101e+00,-1.381158515997285230e+00
1.625799999999999912e+00,-1.342402510529994597e+00
1.625199999999999978e+00,-1.202602359510725583e+00
1.624900000000000011e+00,-1.461350286956198063e+00
1.624600000000000044e+00,-1.493833067348862897e+00
1.624000000000000110e+00,-1.627485714045641796e+00
1.623699999999999921e+00,-1.745389911340998301e+00
1.623399999999999954e+00,-1.312420246980859684e+00
1.622700000000000031e+00,-1.608711853971474426e+00
1.622400000000000064e+00,-1.741208375783331208e+00
1.621699999999999919e+00,-1.855602636031896013e+00
1.621399999999999952e+00,-1.827488480425360828e+00
1.620999999999999996e+00,-1.600892330194084279e+00
1.620300000000000074e+00,-1.520337131992834712e+00
1.620000000000000107e+00,-1.466729631488387087e+00
1.619299999999999962e+00,-1.309215745300140510e+00
1.618999999999999995e+00,-1.138233871685382148e+00
1.618700000000000028e+00,-1.609861551062627960e+00
1.618000000000000105e+00,-1.340586106709400704e+00
1.617799999999999905e+00,-1.457150036309059482e+00
1.617399999999999949e+00,-1.662723402426997676e+00
1.616800000000000015e+00,-1.305809994445639388e+00
1.616400000000000059e+00,-1.654862354985759954e+00
1.615799999999999903e+00,-1.324596472010864723e+00
1.615399999999999947e+00,-1.636935874483919306e+00
1.615099999999999980e+00,-1.428722592514684253e+00
1.614400000000000057e+00,-1.524970249074976358e+00
1.614000000000000101e+00,-1.561083811246082975e+00
1.613399999999999945e+00,-1.318977550117926389e+00
1.612999999999999989e+00,-1.603245249543578721e+00
1.612700000000000022e+00,-1.084054230042789557e+00
1.612000000000000099e+00,-1.786824167191694679e+00
1.611799999999999899e+00,-1.749406515999931022e+00
1.611099999999999977e+00,-1.844752005096626180e+00
1.610800000000000010e+00,-1.486919317055315659e+00
1.610500000000000043e+00,-1.809426139386615340e+00
1.609799999999999898e+00,-1.521919525007057850e+00
1.609499999999999931e+00,-1.664547022017228928e+00
1.609099999999999975e+00,-1.319245400356703124e+00
1.608500000000000041e+00,-1.518368167200421004e+00
1.608200000000000074e+00,-1.728812024747252929e+00
1.607900000000000107e+00,-1.431644916716602989e+00
1.607199999999999962e+00,-1.084503805986417380e+00
1.606899999999999995e+00,-1.136198662324869213e+00
1.606600000000000028e+00,-1.054565156306873197e+00
1.605900000000000105e+00,-1.830917667605496124e+00
1.605499999999999927e+00,-1.839989805836096393e+00
1.605099999999999971e+00,-1.852944196271207211e+00
1.604500000000000037e+00,-1.659456009857850356e+00
1.604100000000000081e+00,-1.534720578602849050e+00
1.603799999999999892e+00,-1.159073066892219339e+00
1.603199999999999958e+00,-9.354587640107627777e-01
1.602899999999999991e+00,-1.223504402152653103e+00
1.602500000000000036e+00,-1.448666327207698723e+00
1.601799999999999891e+00,-1.744253098235476473e+00
1.601499999999999924e+00,-1.060493429760553052e+00
1.600899999999999990e+00,-1.149314586535539195e+00
1.600600000000000023e+00,-1.596448913127230806e+00
1.599900000000000100e+00,-2.197161647108367699e+00
1.599599999999999911e+00,-1.915912532232178611e+00
1.599099999999999966e+00,-1.692938245607576109e+00
1.598700000000000010e+00,-1.773787682769756291e+00
1.598400000000000043e+00,-2.075801882798751663e+00
1.597800000000000109e+00,-2.031064526601211728e+00
1.597399999999999931e+00,-2.398900951505603896e+00
1.597099999999999964e+00,-2.656159537728699949e+00
1.596400000000000041e+00,-2.086962528370162495e+00
1.595800000000000107e+00,-1.963873006409890154e+00
1.595399999999999929e+00,-1.704002174044089601e+00
1.594999999999999973e+00,-1.802625651990490629e+00
1.594400000000000039e+00,-1.900531848999305717e+00
1.594000000000000083e+00,-2.066874891433012618e+00
1.593699999999999894e+00,-1.925755722793594860e+00
1.592999999999999972e+00,-1.592567199759891805e+00
1.592700000000000005e+00,-1.766903443282149988e+00
1.592100000000000071e+00,-1.872238217390806758e+00
1.591699999999999893e+00,-1.431856611593931738e+00
1.591299999999999937e+00,-1.688386581986803803e+00
1.590700000000000003e+00,-2.039501809168264845e+00
1.590400000000000036e+00,-1.850297085988683587e+00
1.589599999999999902e+00,-1.585769065342299555e+00
1.588999999999999968e+00,-1.456019848780881309e+00
1.588700000000000001e+00,-1.710929242627185154e+00
1.588000000000000078e+00,-1.391897323050120594e+00
1.587699999999999889e+00,-1.423098482750389415e+00
1.587399999999999922e+00,-1.479399968255204811e+00
1.586799999999999988e+00,-1.406624364681124728e+00
1.586200000000000054e+00,-1.665319722312936568e+00
1.585900000000000087e+00,-1.586134030162459574e+00
1.585599999999999898e+00,-1.754354268662108307e+00
1.585199999999999942e+00,-1.492738281756375684e+00
1.584600000000000009e+00,-1.631859105124687348e+00
1.584300000000000042e+00,-1.696970296523314881e+00
1.583900000000000086e+00,-1.975787869556956178e+00
1.583299999999999930e+00,-1.736305819329572619e+00
1.582899999999999974e+00,-1.300777770574701675e+00
1.582500000000000018e+00,-1.422551095462852189e+00
1.581800000000000095e+00,-1.282019548857061819e+00
1.581399999999999917e+00,-1.020896065345776371e+00
1.581099999999999950e+00,-1.252110583036902813e+00
1.580400000000000027e+00,-1.378725509292163531e+00
1.580100000000000060e+00,-1.371076696828261499e+00
1.579900000000000082e+00,-1.561691912323442510e+00
1.579199999999999937e+00,-1.576421865605076578e+00
1.578899999999999970e+00,-1.445817851423569111e+00
1.578300000000000036e+00,-1.376362822052038748e+00
1.578100000000000058e+00,-1.525569250149575229e+00
1.577700000000000102e+00,-1.348779900257120579e+00
1.577099999999999946e+00,-1.288662863071306175e+00
1.576699999999999990e+00,-1.460383517197050285e+00
1.576500000000000012e+00,-1.814255762882610590e+00
1.576200000000000045e+00,-1.612859184507947408e+00
1.575399999999999912e+00,-2.077373718677958170e+00
1.575199999999999934e+00,-1.913595627610299443e+00
1.574600000000000000e+00,-1.739974276855052349e+00
1.574300000000000033e+00,-1.488585692820338258e+00
1.573900000000000077e+00,-1.400389516571125759e+00
1.573399999999999910e+00,-1.890672970994769830e+00
1.573099999999999943e+00,-1.965575550598257726e+00
1.572799999999999976e+00,-1.776139652626552490e+00
1.572400000000000020e+00,-1.550435415720492482e+00
1.571800000000000086e+00,-1.504602040378229200e+00
1.571099999999999941e+00,-1.614221359593848604e+00
1.570699999999999985e+00,-1.398392864550887182e+00
1.570100000000000051e+00,-1.429311836571725891e+00
1.569800000000000084e+00,-1.518652055222701414e+00
1.569399999999999906e+00,-1.867568861981026895e+00
1.568799999999999972e+00,-1.783835302260653677e+00
1.568500000000000005e+00,-1.536376222333523778e+00
1.568200000000000038e+00,-2.020249892097178979e+00
1.567499999999999893e+00,-1.865482887096014952e+00
1.567199999999999926e+00,-1.589182132289942206e+00
1.566500000000000004e+00,-1.349566576763815418e+00
1.565900000000000070e+00,-1.607690012266104418e+00
1.565499999999999892e+00,-2.151860317651914212e+00
1.564899999999999958e+00,-1.693379847497711754e+00
1.564599999999999991e+00,-1.570107120238840359e+00
1.564400000000000013e+00,-1.630174186899367772e+00
1.563700000000000090e+00,-1.933190958124846315e+00
1.563399999999999901e+00,-1.677027119369569164e+00
1.562999999999999945e+00,-1.573440242964678548e+00
1.562799999999999967e+00,-1.643484971463194722e+00
1.562100000000000044e+00,-2.075827532739061176e+00
1.561700000000000088e+00,-2.262554356977802161e+00
1.561500000000000110e+00,-1.661374645531266570e+00
1.560799999999999965e+00,-1.997016158238496430e+00
1.560499999999999998e+00,-1.848506187257341393e+00
1.560200000000000031e+00,-2.065421820222500315e+00
1.559500000000000108e+00,-2.012642476805295733e+00
1.559199999999999919e+00,-1.616289436989488681e+00
1.558799999999999963e+00,-1.549252978829014804e+00
1.558100000000000041e+00,-1.403876941239660558e+00
1.557800000000000074e+00,-1.427042531403847514e+00
1.557500000000000107e+00,-1.180225556382150875e+00
1.556799999999999962e+00,-1.260367167410091582e+00
1.556499999999999995e+00,-1.335940111994683432e+00
1.556200000000000028e+00,-1.370272287656599142e+00
1.555500000000000105e+00,-1.603828036841382643e+00
1.555199999999999916e+00,-1.696069801511142394e+00
1.554799999999999960e+00,-2.044499734430317073e+00
1.554100000000000037e+00,-1.701983624992386090e+00
1.553700000000000081e+00,-1.700201243316366684e+00
1.553299999999999903e+00,-1.526249749410314216e+00
1.552599999999999980e+00,-1.766858501077797294e+00
1.552400000000000002e+00,-1.366805147109202867e+00
1.552100000000000035e+00,-1.756999165469308899e+00
1.551399999999999890e+00,-1.540180579150877804e+00
1.551099999999999923e+00,-1.294430023071309721e+00
1.550799999999999956e+00,-1.294420065267273046e+00
1.550499999999999989e+00,-1.756630885975352996e+00
1.549900000000000055e+00,-1.703106689338030000e+00
1.548999999999999932e+00,-1.480859639748440149e+00
1.548699999999999966e+00,-1.588091514429141871e+00
1.548399999999999999e+00,-1.286957722505734480e+00
1.547700000000000076e+00,-1.218133942670527325e+00
1.547400000000000109e+00,-1.417447839960046974e+00
1.546699999999999964e+00,-1.566531801888563225e+00
1.546399999999999997e+00,-1.457041686696259886e+00
1.546100000000000030e+00,-1.368136145741833731e+00
1.545400000000000107e+00,-1.405881280124542387e+00
1.545099999999999918e+00,-1.334081427321323288e+00
1.544499999999999984e+00,-1.646438770569783827e+00
1.544100000000000028e+00,-1.432895115194797730e+00
1.543800000000000061e+00,-1.803266694763391298e+00
1.543099999999999916e+00,-1.847685036991881358e+00
1.542799999999999949e+00,-1.767564415312969039e+00
1.542100000000000026e+00,-1.330458919997343115e+00
1.541700000000000070e+00,-1.775204905927530774e+00
1.541099999999999914e+00,-1.790954618090039974e+00
1.540799999999999947e+00,-1.383154949488748287e+00
1.540499999999999980e+00,-1.577693139151155721e+00
1.539800000000000058e+00,-1.642472274224746842e+00
1.539500000000000091e+00,-1.845889927230067284e+00
1.538799999999999946e+00,-1.786395627087836058e+00
1.538399999999999990e+00,-1.537856006592497993e+00
1.538100000000000023e+00,-1.643803799397539178e+00
1.537500000000000089e+00,-1.392430903572963397e+00
1.537099999999999911e+00,-1.357739736858049939e+00
1.536799999999999944e+00,-1.477988782362074760e+00
1.536200000000000010e+00,-9.660778701512978683e-01
1.535900000000000043e+00,-6.598296490913655443e-01
1.535600000000000076e+00,-1.384341097742801674e+00
1.535300000000000109e+00,-1.072787018361730960e+00
1.534599999999999964e+00,-1.215336776631131821e+00
1.534299999999999997e+00,-1.081155679881701692e+00
1.534000000000000030e+00,-1.410397721473839239e+00
1.533400000000000096e+00,-1.222352611354986962e+00
1.532999999999999918e+00,-9.638244061382830186e-01
1.532699999999999951e+00,-1.186699681666927075e+00
1.532100000000000017e+00,-9.227731506897913771e-01
1.531700000000000061e+00,-1.334464771095679625e+00
1.531400000000000095e+00,-1.582484747713274409e+00
1.530699999999999950e+00,-1.143923095791221645e+00
1.530399999999999983e+00,-1.790530293105017101e+00
1.530100000000000016e+00,-1.906192517988757551e+00
1.529400000000000093e+00,-1.526164404414009690e+00
1.529099999999999904e+00,-2.002970132115097002e+00
1.528499999999999970e+00,-1.747806745187494792e+00
1.528200000000000003e+00,-1.453391385954972526e+00
1.527500000000000080e+00,-1.360242446846822384e+00
1.527199999999999891e+00,-1.283545673203911885e+00
1.526599999999999957e+00,-1.165839869108806770e+00
1.526200000000000001e+00,-1.069349526633118774e+00
1.525900000000000034e+00,-1.465012554642335818e+00
1.525199999999999889e+00,-1.488997956334886519e+00
1.524799999999999933e+00,-1.910965305630424771e+00
1.524499999999999966e+00,-1.937714217825387220e+00
1.524100000000000010e+00,-1.778189122855267978e+00
1.523500000000000076e+00,-1.858828278444738080e+00
1.523099999999999898e+00,-1.937302980583146095e+00
1.522799999999999931e+00,-1.853616173987657767e+00
1.522100000000000009e+00,-2.042234395886386000e+00
1.521800000000000042e+00,-2.141202790860755822e+00
1.521500000000000075e+00,-1.643531099101275483e+00
1.520899999999999919e+00,-1.600924781044381184e+00
1.520599999999999952e+00,-1.394495161254440729e+00
1.519900000000000029e+00,-1.770476990826279851e+00
1.519600000000000062e+00,-1.891829392700137502e+00
1.519300000000000095e+00,-1.612990826029307323e+00
1.518699999999999939e+00,-1.509507426447750600e+00
1.518299999999999983e+00,-1.353300878084457537e+00
1.518000000000000016e+00,-1.721142766380166611e+00
1.517300000000000093e+00,-1.072119082636306064e+00
1.516899999999999915e+00,-1.416456900256608753e+00
1.516599999999999948e+00,-1.529817964946193376e+00
1.516000000000000014e+00,-1.652309679835487266e+00
1.515700000000000047e+00,-1.419050971505463998e+00
1.514999999999999902e+00,-1.241648059245560098e+00
1.514699999999999935e+00,-1.359452148095869450e+00
1.514299999999999979e+00,-1.606487167944931072e+00
1.514000000000000012e+00,-1.438159709154867238e+00
1.513400000000000079e+00,-1.557025983978544525e+00
1.513099999999999890e+00,-1.686954771231742534e+00
1.512799999999999923e+00,-1.612439198937125617e+00
1.512199999999999989e+00,-1.486020830147394722e+00
1.512000000000000011e+00,-1.716414209388392731e+00
1.511600000000000055e+00,-1.515271367415703674e+00
1.510899999999999910e+00,-1.180825842897058608e+00
1.510599999999999943e+00,-1.244195215710476088e+00
1.509900000000000020e+00,-1.054289501390478057e+00
1.509500000000000064e+00,-1.231607074039038796e+00
1.509200000000000097e+00,-1.458619377936031469e+00
1.508499999999999952e+00,-1.406554117670496540e+00
1.508199999999999985e+00,-1.276530676176581336e+00
1.507900000000000018e+00,-9.163261483969642462e-01
1.507200000000000095e+00,-8.941425792483785884e-01
1.506899999999999906e+00,-1.369357724428509337e+00
1.506599999999999939e+00,-1.655706366975072896e+00
1.505900000000000016e+00,-1.130816896865332710e+00
1.505600000000000049e+00,-1.312574695332927366e+00
1.505200000000000093e+00,-1.346497021565231655e+00
1.504699999999999926e+00,-1.173629008125994133e+00
1.504299999999999971e+00,-1.163788396752601928e+00
1.503600000000000048e+00,-1.186327883164026264e+00
1.503300000000000081e+00,-1.234602334379325539e+00
1.502899999999999903e+00,-7.402950579507572293e-01
1.502599999999999936e+00,-1.424074827527539888e+00
1.501900000000000013e+00,-8.682328328922300775e-01
1.501500000000000057e+00,-1.137250484223360836e+00
1.500899999999999901e+00,-1.251743809988696388e+00
1.500599999999999934e+00,-1.119428276637071784e+00
1.500399999999999956e+00,-1.418544975536597974e+00
1.500000000000000000e+00,-1.235106954925184741e+00
1.499300000000000077e+00,-9.606425680755296126e-01
1.499000000000000110e+00,-1.347261241776108509e+00
1.498699999999999921e+00,-1.550463066062502060e+00
1.497999999999999998e+00,-1.682706253245042971e+00
1.497600000000000042e+00,-1.213746518306021205e+00
1.497400000000000064e+00,-1.266803626446080244e+00
1.497100000000000097e+00,-1.132712554243419101e+00
1.496499999999999941e+00,-7.933393516112280386e-01
1.496099999999999985e+00,-1.165949611392697705e+00
1.495400000000000063e+00,-1.399634258787696428e+00
1.495100000000000096e+00,-9.697997328444247778e-01
1.494699999999999918e+00,-1.154916204616784681e+00
1.494499999999999940e+00,-1.217071413073494757e+00
1.493900000000000006e+00,-1.422227747264613873e+00
1.493600000000000039e+00,-1.401943471872964420e+00
1.493300000000000072e+00,-1.660998704931099468e+00
1.492599999999999927e+00,-1.372208697169316816e+00
1.492299999999999960e+00,-1.050184844476073742e+00
1.491900000000000004e+00,-1.044615366658206534e+00
1.491200000000000081e+00,-9.646950906553133365e-01
1.490799999999999903e+00,-7.136243121611745011e-01
1.490299999999999958e+00,-7.156983082102943428e-01
1.489999999999999991e+00,-8.122858530111749520e-01
1.489600000000000035e+00,-9.304005732183409094e-01
1.489000000000000101e+00,-8.646702301855300199e-01
1.488699999999999912e+00,-8.295713751383368972e-01
1.487999999999999989e+00,-1.325487505067014071e+00
1.487600000000000033e+00,-1.494621404344675941e+00
1.487300000000000066e+00,-1.788951126608002706e+00
1.486499999999999932e+00,-9.748386258360978163e-01
1.486199999999999966e+00,-7.892212140270531417e-01
1.485500000000000043e+00,-9.798184835625852740e-01
1.485200000000000076e+00,-1.078420017780814977e+00
1.484900000000000109e+00,-1.484189060801889504e+00
1.484599999999999920e+00,-8.887714025919510874e-01
1.483999999999999986e+00,-1.109194821290876432e+00
1.483800000000000008e+00,-1.356010373629963350e+00
1.483100000000000085e+00,-1.214033052190607087e+00
1.482799999999999896e+00,-1.054184340536809428e+00
1.482199999999999962e+00,-6.692433591440946072e-01
1.481899999999999995e+00,-6.881292270910738251e-01
1.481500000000000039e+00,-5.556717384966520790e-01
1.480799999999999894e+00,-6.559274650097318693e-01
1.480499999999999927e+00,-6.325768480528837223e-01
1.480099999999999971e+00,-6.131409891385305455e-01
1.479500000000000037e+00,-1.022047939246075288e+00
1.479100000000000081e+00,-9.716395330184061097e-01
1.478799999999999892e+00,-7.190757006718720978e-01
1.478099999999999969e+00,-7.354168087655011954e-01
1.477700000000000014e+00,-5.613635529148853776e-01
1.477000000000000091e+00,-5.037372428541184721e-01
1.476799999999999891e+00,-6.756367598780748107e-01
1.476099999999999968e+00,-2.236557561566547836e-01
1.475700000000000012e+00,-4.298440388442420490e-01
1.475400000000000045e+00,4.061848200864227876e-03
1.474900000000000100e+00,-3.915242258717161472e-01
1.474599999999999911e+00,-3.202288084807529134e-01
1.474199999999999955e+00,-3.890914730567108237e-01
1.473600000000000021e+00,-2.570207192762971049e-01
1.473300000000000054e+00,-2.345456491284611256e-01
1.473000000000000087e+00,-4.626698772923726333e-01
1.472199999999999953e+00,-5.560166522609443218e-01
1.471799999999999997e+00,-2.957744274558696818e-01
1.471500000000000030e+00,-5.297884505784723475e-01
1.470800000000000107e+00,-7.415683403419666142e-01
1.470399999999999929e+00,-6.800263644598397716e-01
1.469799999999999995e+00,-4.445517847710840909e-01
1.469500000000000028e+00,-6.483302354197829631e-01
1.468900000000000095e+00,-5.201013407781971409e-01
1.468699999999999894e+00,-4.557858727872749482e-01
1.468299999999999939e+00,-4.566923125987553123e-01
1.467799999999999994e+00,-4.202404528292832953e-01
1.467500000000000027e+00,-3.378705781147779419e-01
1.467100000000000071e+00,-6.218045185843131817e-01
1.466399999999999926e+00,-3.782147646429396826e-01
1.466099999999999959e+00,-3.881624059545751293e-01
1.465400000000000036e+00,-8.283612392652960343e-01
1.465100000000000069e+00,-8.050873852594132574e-01
1.464399999999999924e+00,-4.404096549739293653e-01
1.464099999999999957e+00,-6.155161660304918625e-01
1.463700000000000001e+00,-3.148060778634638734e-01
1.463100000000000067e+00,1.074567594836254303e-01
1.462699999999999889e+00,-2.415753068621103172e-01
1.462299999999999933e+00,-6.392436188462115310e-02
1.461699999999999999e+00,-1.535972564461682288e-01
1.461400000000000032e+00,-4.589279070196143617e-02
1.461100000000000065e+00,-1.470974318865440056e-01
1.460700000000000109e+00,-1.117100009002079675e-02
1.460099999999999953e+00,-1.867234878348230653e-01
1.459799999999999986e+00,-5.312561223107313824e-01
1.459200000000000053e+00,-3.439113967830227936e-01
1.458800000000000097e+00,-3.075005511097498867e-01
1.458499999999999908e+00,-1.310250538106238205e-01
1.457799999999999985e+00,-2.159817368543892058e-01
1.457500000000000018e+00,-9.253745092196791200e-02
1.457200000000000051e+00,-5.341476528492733467e-01
1.456499999999999906e+00,-2.487112272514437894e-01
1.456199999999999939e+00,8.985742708048907734e-02
1.455600000000000005e+00,-3.117001175472443597e-01
1.455300000000000038e+00,1.563505635586242282e-01
1.455000000000000071e+00,-2.198466595564182724e-01
1.454299999999999926e+00,-4.589066867948942141e-01
1.453899999999999970e+00,-3.465515771437625570e-01
1.453600000000000003e+00,-4.156691718913653188e-01
1.452900000000000080e+00,-3.553536399496758369e-01
1.452499999999999902e+00,-4.843835140500843406e-02
1.452299999999999924e+00,9.431672799910684191e-02
1.451600000000000001e+00,-1.951955511394652398e-01
1.451300000000000034e+00,-2.543162985369374351e-01
1.450900000000000079e+00,-8.054739073421780804e-02
1.450299999999999923e+00,-5.311637705278913213e-01
1.449899999999999967e+00,-2.043421295631702439e-01
1.449600000000000000e+00,-2.218243885916356684e-01
1.449000000000000066e+00,-5.794785043718771872e-02
1.448700000000000099e+00,-6.896404784774434749e-02
1.448399999999999910e+00,6.201729338161428989e-02
1.447699999999999987e+00,-2.181983317890300311e-01
1.447400000000000020e+00,-2.884673999162127300e-01
1.447100000000000053e+00,-1.903286062776695861e-02
1.446499999999999897e+00,-3.367116903287394325e-01
1.446199999999999930e+00,-3.291469191332914157e-01
1.445599999999999996e+00,-1.573339470762095127e-01
1.444900000000000073e+00,-1.731699525259157157e-01
1.444600000000000106e+00,2.674997353822070045e-01
1.444299999999999917e+00,6.138935642744313137e-01
1.443500000000000005e+00,4.928862468440921574e-01
1.443100000000000049e+00,2.318650495223401609e-01
1.442700000000000093e+00,4.942404350183294826e-01
1.442099999999999937e+00,2.191220572646973008e-01
1.441799999999999971e+00,-4.026437393095014805e-01
1.441500000000000004e+00,-3.938064811746344596e-01
1.440800000000000081e+00,-3.761372672951438512e-01
1.440499999999999892e+00,9.128984303960994973e-02
1.440199999999999925e+00,-3.375872035515318226e-01
1.439500000000000002e+00,-4.935570209083582904e-01
1.439100000000000046e+00,-7.078992183759402756e-03
1.438700000000000090e+00,-7.443327173472764902e-02
1.438099999999999934e+00,-1.529383108953312198e-01
1.437799999999999967e+00,2.885654008139633686e-01
1.437400000000000011e+00,4.242866531267751595e-01
1.436800000000000077e+00,2.785388359271547820e-01
1.436500000000000110e+00,1.327807277431286570e-01
1.436199999999999921e+00,1.630847623637155241e-01
1.435499999999999998e+00,2.619893724277022051e-01
1.435200000000000031e+00,3.479959482333236931e-01
1.434900000000000064e+00,2.475895793499103825e-01
1.434199999999999919e+00,-2.462387555607673528e-01
1.433799999999999963e+00,2.058608810800262034e-01
1.433100000000000041e+00,3.552974978899463565e-01
1.432800000000000074e+00,2.443013948544119074e-01
1.432099999999999929e+00,3.645467775878181993e-02
1.431899999999999951e+00,5.102347784385159457e-01
1.431599999999999984e+00,6.444474285664000268e-01
1.431000000000000050e+00,-3.756409716827897871e-02
1.430700000000000083e+00,-3.334573473597621796e-01
1.430099999999999927e+00,-3.477503691381783613e-02
1.429699999999999971e+00,-9.270767931807144535e-03
1.429300000000000015e+00,1.689822951443783750e-01
1.429000000000000048e+00,-3.657932532807710302e-03
1.428299999999999903e+00,7.358182683367409105e-02
1.427999999999999936e+00,-1.230697153297398427e-01
1.427599999999999980e+00,-5.005941991282270020e-02
1.427000000000000046e+00,3.136317859122315643e-01
1.426700000000000079e+00,4.164041465992067148e-01
1.426399999999999890e+00,6.265240471025235180e-01
1.425699999999999967e+00,5.434780479517293816e-01
1.425300000000000011e+00,2.288640945503190305e-01
1.425000000000000044e+00,3.614864348995680543e-02
1.424199999999999910e+00,1.273973373282243915e-01
1.423899999999999944e+00,-1.518049220889132189e-01
1.423499999999999988e+00,2.703184111818297541e-01
1.422900000000000054e+00,2.700170913131423878e-01
1.422600000000000087e+00,1.492350411049425396e-01
1.421999999999999931e+00,3.876860997471007209e-01
1.421699999999999964e+00,3.817611360336088389e-01
1.421399999999999997e+00,5.784855553553130969e-01
1.420800000000000063e+00,4.480516298385403551e-02
1.420500000000000096e+00,5.675390322322981795e-02
1.420099999999999918e+00,4.253883894472332283e-01
1.419399999999999995e+00,3.284128830989379022e-01
1.419000000000000039e+00,-2.838062318537065143e-01
1.418700000000000072e+00,-9.155602502455970071e-02
1.417999999999999927e+00,1.190870802327036529e-02
1.417699999999999960e+00,4.844159285198471054e-02
1.417399999999999993e+00,2.063273349009833169e-01
1.416700000000000070e+00,2.765990931893240745e-01
1.416400000000000103e+00,2.637427474211297418e-01
1.416099999999999914e+00,4.387674730715212523e-01
1.415799999999999947e+00,2.253960053671456298e-01
1.415000000000000036e+00,-2.466247386170372993e-02
1.414700000000000069e+00,-2.892338752482010444e-01
1.414299999999999891e+00,1.941806169481201660e-01
1.413599999999999968e+00,4.707869162871836655e-01
1.413200000000000012e+00,2.826250871804493747e-01
1.412900000000000045e+00,3.713113277603249940e-02
1.412300000000000111e+00,2.071393214220164647e-01
1.411899999999999933e+00,4.192239498646910811e-01
1.411699999999999955e+00,3.152960546581591306e-01
1.411100000000000021e+00,4.044107387662053688e-01
1.410800000000000054e+00,1.570618865682550103e-01
1.410400000000000098e+00,1.674237544647483589e-01
1.409699999999999953e+00,1.645367555622645195e-01
1.409399999999999986e+00,-1.027672608067023291e-01
1.409100000000000019e+00,-6.715354875396666035e-02
1.408400000000000096e+00,-1.313139171147227890e-01
1.408099999999999907e+00,3.476716194890480671e-01
1.407499999999999973e+00,-5.437713082542296184e-02
1.407200000000000006e+00,9.434315680511466684e-02
1.406900000000000039e+00,-1.118180290793726606e-01
1.406199999999999894e+00,2.495498323490472625e-01
1.405899999999999928e+00,1.979261363915037486e-01
1.405200000000000005e+00,-4.286147287774471487e-03
1.404800000000000049e+00,5.598685149821097662e-01
1.404500000000000082e+00,4.507063818408405531e-01
1.404199999999999893e+00,5.809566787922434417e-01
1.403499999999999970e+00,6.000587005047688383e-01
1.403299999999999992e+00,3.744255625971748547e-01
1.402700000000000058e+00,2.385856563831838528e-01
1.402400000000000091e+00,4.194026309863041480e-01
1.401999999999999913e+00,7.047932429362063766e-02
1.401299999999999990e+00,5.090919583611536181e-01
1.400900000000000034e+00,3.545369132827692060e-01
1.400600000000000067e+00,8.300565673897736252e-01
1.399899999999999922e+00,1.019978288912225306e+00
1.399699999999999944e+00,4.264979414405614122e-01
1.399000000000000021e+00,4.683557471097071767e-01
1.398600000000000065e+00,5.191086561128692711e-01
1.398300000000000098e+00,3.016423961050293881e-02
1.397599999999999953e+00,1.052875026295863048e-01
1.397299999999999986e+00,2.287911177616878677e-01
1.397000000000000020e+00,2.067951241060332346e-01
1.396300000000000097e+00,3.874950607896608945e-01
1.395999999999999908e+00,3.286525494080130283e-01
1.395699999999999941e+00,2.918474415776928232e-01
1.395100000000000007e+00,5.967583230454659438e-01
1.394800000000000040e+00,1.013292395958347525e+00
1.394099999999999895e+00,6.417613365395464786e-01
1.393799999999999928e+00,2.631720260729431549e-01
1.393399999999999972e+00,-1.134488536161035177e-02
1.392700000000000049e+00,3.453627794398655970e-01
1.392400000000000082e+00,1.958987782011388512e-01
1.392099999999999893e+00,5.068312458721005997e-01
1.391799999999999926e+00,4.092588019776128294e-01
1.391100000000000003e+00,6.717595608954568531e-02
1.390800000000000036e+00,6.831300680502092049e-02
1.390500000000000069e+00,2.513633182221817752e-01
1.389899999999999913e+00,5.163992193002107101e-01
1.389499999999999957e+00,4.935224240397916851e-01
1.388900000000000023e+00,8.727143009507596361e-01
1.388600000000000056e+00,4.148718881666801916e-01
1.388300000000000090e+00,5.973924299862822807e-01
1.387599999999999945e+00,5.212197968501824930e-01
1.387199999999999989e+00,6.961539122351243503e-01
1.386900000000000022e+00,4.612476909277452575e-01
1.386300000000000088e+00,1.656697161733127199e-01
1.385999999999999899e+00,3.354405674941456361e-01
1.385599999999999943e+00,6.284748590104139998e-01
1.384900000000000020e+00,4.878883713866992711e-01
1.384600000000000053e+00,3.547116135807579784e-01
1.384300000000000086e+00,4.110240138924356468e-01
1.383599999999999941e+00,2.433272252716826012e-01
1.383299999999999974e+00,6.677657181306515533e-01
1.383000000000000007e+00,5.605256578012415281e-01
1.382700000000000040e+00,6.026596891984745685e-01
1.382100000000000106e+00,5.156846790392880520e-01
1.381699999999999928e+00,3.543536404502687365e-01
1.381399999999999961e+00,7.785075598281819831e-01
1.380700000000000038e+00,5.216273698129426650e-01
1.380400000000000071e+00,2.498838460775285597e-01
1.379699999999999926e+00,4.403403782570359387e-02
1.379399999999999959e+00,-2.432721058934694536e-01
1.379099999999999993e+00,6.416966283905077562e-02
1.378400000000000070e+00,3.453368386424930658e-02
1.378100000000000103e+00,3.439047212521807451e-01
1.377799999999999914e+00,4.617216469285476133e-01
1.377099999999999991e+00,7.605007202055730220e-01
1.376800000000000024e+00,6.435693126421007104e-01
1.376500000000000057e+00,5.539585206980681686e-01
1.375799999999999912e+00,2.645441890671636487e-01
1.375499999999999945e+00,8.290724118775348594e-02
1.374800000000000022e+00,1.698867843553269474e-01
1.374400000000000066e+00,2.802907072806614108e-01
1.374100000000000099e+00,4.200713578188827735e-01
1.373399999999999954e+00,7.554101154307155674e-01
1.373099999999999987e+00,6.977337515414296920e-01
1.372600000000000042e+00,3.401419297587200408e-01
1.372300000000000075e+00,6.267691054752823065e-01
1.371899999999999897e+00,5.862718125998587215e-01
1.371299999999999963e+00,8.222616611140839415e-01
1.370999999999999996e+00,5.054136399126689660e-01
1.370700000000000029e+00,6.298298370209791663e-01
1.370000000000000107e+00,6.441727176478362349e-01
1.369699999999999918e+00,4.706910652538991435e-01
1.368999999999999995e+00,3.921758545533398088e-01
1.368600000000000039e+00,2.505664245989027150e-01
1.368300000000000072e+00,2.240943413260414185e-01
1.367699999999999916e+00,5.598110766609856181e-01
1.367299999999999960e+00,5.998261602494555644e-01
1.366700000000000026e+00,3.900317542049011044e-01
1.366400000000000059e+00,5.452103850406871954e-01
1.366100000000000092e+00,5.455311670116927969e-01
1.365399999999999947e+00,1.968104293034039776e-01
1.365099999999999980e+00,4.029029919826935813e-01
1.364800000000000013e+00,4.438201701941770216e-01
1.364100000000000090e+00,4.670055125893237680e-01
1.363799999999999901e+00,7.725901215928582255e-01
1.363399999999999945e+00,7.281005446785749902e-01
1.362800000000000011e+00,4.421608334512867611e-01
1.362500000000000044e+00,4.306824995689963465e-01
1.362100000000000088e+00,7.562041579994783769e-01
1.361499999999999932e+00,7.431802111410837908e-01
1.361199999999999966e+00,5.838630972737255398e-01
1.360800000000000010e+00,8.039696372624327569e-01
1.360100000000000087e+00,9.355642877231979959e-01
1.359799999999999898e+00,7.967165266583295935e-01
1.359499999999999931e+00,9.356833740826780987e-01
1.358899999999999997e+00,1.023320701896404561e+00
1.358600000000000030e+00,3.238278697764219727e-01
1.358200000000000074e+00,3.970199802281224044e-01
1.357599999999999918e+00,6.718610744155294467e-01
1.357299999999999951e+00,7.307635027525480886e-01
1.356999999999999984e+00,6.305291769764126419e-01
1.356400000000000050e+00,5.144307946023936040e-01
1.356000000000000094e+00,6.456263532254131743e-01
1.355699999999999905e+00,7.391029811843353725e-01
1.354999999999999982e+00,4.277267449865977955e-01
1.354700000000000015e+00,8.579370576795040115e-01
1.354000000000000092e+00,1.068518831371018996e+00
1.353599999999999914e+00,9.221320832850966598e-01
1.353299999999999947e+00,6.531583554689862625e-01
1.352600000000000025e+00,4.709015906121239992e-01
1.352300000000000058e+00,4.594092426839636589e-01
1.352000000000000091e+00,3.043818634154162317e-01
1.351299999999999946e+00,2.071053235900904566e-01
1.350999999999999979e+00,1.839254077530398102e-01
1.350700000000000012e+00,6.110963516057555944e-01
1.350400000000000045e+00,5.682914296403036580e-01
1.349699999999999900e+00,2.284790118546511373e-01
1.349399999999999933e+00,7.341237410378692596e-01
1.348700000000000010e+00,5.343073203405569460e-01
1.348400000000000043e+00,8.577450492236026180e-01
1.347800000000000109e+00,2.788739208535190861e-01
1.347599999999999909e+00,9.753844211648869666e-02
1.347299999999999942e+00,6.524346253093628034e-01
1.346600000000000019e+00,7.053769723973173367e-01
1.346300000000000052e+00,4.837999985525098245e-01
1.345900000000000096e+00,4.622689385237396809e-01
1.345199999999999951e+00,4.020229683482932082e-01
1.344899999999999984e+00,4.829251214020753857e-01
1.344500000000000028e+00,3.829453649831899287e-01
1.343900000000000095e+00,3.000240196105157797e-01
1.343599999999999905e+00,4.993191791960145953e-01
1.342899999999999983e+00,4.893924629220474110e-01
1.342600000000000016e+00,3.351265474811258027e-01
1.342000000000000082e+00,7.702000185189593617e-01
1.341699999999999893e+00,3.639940348077559396e-01
1.341399999999999926e+00,2.712811832690140701e-01
1.340700000000000003e+00,5.369349974479594723e-01
1.340400000000000036e+00,5.979397654991758237e-01
1.340000000000000080e+00,6.501570185029519333e-01
1.339599999999999902e+00,1.209327570344609637e-01
1.338999999999999968e+00,4.832326153028816407e-01
1.338600000000000012e+00,5.962459882367628916e-01
1.338300000000000045e+00,6.715999239870771298e-01
1.337900000000000089e+00,3.407534461495977940e-01
1.337299999999999933e+00,2.785939686661756398e-02
1.336899999999999977e+00,3.835650554931857581e-01
1.336600000000000010e+00,7.660165731441636039e-01
1.336000000000000076e+00,7.779218920696858719e-01
1.335599999999999898e+00,5.392337377696206913e-01
1.335299999999999931e+00,5.255109918172995442e-01
1.334699999999999998e+00,3.290788940721106060e-01
1.334400000000000031e+00,4.760298725977143430e-01
1.334000000000000075e+00,5.243333551560873662e-01
1.333399999999999919e+00,5.442804856731425778e-01
1.333099999999999952e+00,2.980221655694424987e-01
1.332799999999999985e+00,2.486255768558353896e-01
1.332100000000000062e+00,1.141947254677984358e-01
1.331800000000000095e+00,5.307719464186220204e-01
1.331499999999999906e+00,5.768461288690042155e-01
1.330799999999999983e+00,5.074899990632568691e-01
1.330500000000000016e+00,2.490150250654432074e-01
1.330100000000000060e+00,2.101077479089020761e-01
1.329499999999999904e+00,-1.386745262118974920e-01
1.329099999999999948e+00,2.267429981673446115e-01
1.328699999999999992e+00,4.707176069240954774e-01
1.328100000000000058e+00,4.222022310508056764e-01
1.327800000000000091e+00,2.747077340296811276e-01
1.327399999999999913e+00,3.984095589559767392e-01
1.326699999999999990e+00,5.173285267390790310e-01
1.326400000000000023e+00,3.063362979620191662e-01
1.326100000000000056e+00,4.512057903071904352e-01
1.325700000000000101e+00,5.068518403543399442e-01
1.324999999999999956e+00,4.298838880346174673e-01
1.324699999999999989e+00,5.648731272600657771e-01
1.324100000000000055e+00,9.115584255023670979e-01
1.323700000000000099e+00,5.668836000625077087e-01
1.323399999999999910e+00,8.789403791769700991e-01
1.322699999999999987e+00,8.431611509239880231e-01
1.322400000000000020e+00,8.267683512976422566e-01
1.322100000000000053e+00,7.617330210316466399e-01
1.321499999999999897e+00,4.901359925456273414e-01
1.321199999999999930e+00,3.991094002792051065e-01
1.320899999999999963e+00,5.586094129931521435e-01
1.320200000000000040e+00,5.828659715883958148e-01
1.319900000000000073e+00,4.452108996294253107e-02
1.319299999999999917e+00,1.936985692430580330e-01
1.318999999999999950e+00,3.955159271446114233e-01
1.318200000000000038e+00,8.582765585583027601e-01
1.317900000000000071e+00,6.936127638606528478e-01
1.317499999999999893e+00,1.032633857025945678e+00
1.316799999999999971e+00,2.118839093980017241e-01
1.316500000000000004e+00,-1.765262720324371482e-01
1.316200000000000037e+00,2.802347476393136083e-01
1.315499999999999892e+00,3.800121405469971125e-01
1.315099999999999936e+00,3.636941919481976870e-01
1.314799999999999969e+00,3.228886106309181159e-01
1.314500000000000002e+00,7.699082261156987850e-03
1.313800000000000079e+00,1.846223626216403624e-01
1.313499999999999890e+00,6.579566201580241969e-02
1.313199999999999923e+00,4.189966634558241476e-01
1.312599999999999989e+00,6.670887260367135418e-01
1.312200000000000033e+00,5.581322991148637280e-01
1.311600000000000099e+00,7.970515786576474193e-01
1.311299999999999910e+00,7.001829289504982734e-01
1.310899999999999954e+00,7.896278943308738807e-01
1.310200000000000031e+00,7.743378713505593147e-01
1.309900000000000064e+00,5.198343619411123218e-01
1.309600000000000097e+00,1.746379167789457731e-01
1.308899999999999952e+00,2.067003932828040957e-01
1.308499999999999996e+00,1.769008216498109132e-01
1.308200000000000029e+00,2.252079943963671838e-01
1.307600000000000096e+00,2.258509460756124854e-01
1.307199999999999918e+00,6.720313142498033354e-01
1.306899999999999951e+00,4.692946736567222832e-01
1.306200000000000028e+00,4.639751850793612520e-01
1.305900000000000061e+00,7.933258958727407162e-01
1.305600000000000094e+00,8.121429778266942012e-01
1.304999999999999938e+00,5.145799313746178827e-01
1.304699999999999971e+00,1.219702598687566197e-01
1.304100000000000037e+00,1.884299046667268773e-01
1.303800000000000070e+00,3.512727649964699217e-01
1.303500000000000103e+00,4.946115392495285534e-01
1.302799999999999958e+00,5.964566254920461441e-01
1.302400000000000002e+00,7.610730014777052910e-01
1.302100000000000035e+00,5.940281893780522404e-01
1.301399999999999890e+00,7.156429257485809048e-01
1.300999999999999934e+00,7.518616690023786076e-01
1.300699999999999967e+00,6.809899321086982926e-01
1.300000000000000044e+00,6.044430600370543916e-01
1.299700000000000077e+00,3.560557813362232316e-01
1.299299999999999899e+00,9.769876438410528552e-01
1.298699999999999966e+00,5.616193803377164118e-01
1.298300000000000010e+00,2.628053518493743690e-01
1.298000000000000043e+00,5.679242143718674640e-01
1.297400000000000109e+00,1.055580627992019904e+00
1.297099999999999920e+00,1.263511186238967632e+00
1.296699999999999964e+00,1.193508164797811855e+00
1.296000000000000041e+00,7.630321429255180199e-01
1.295700000000000074e+00,4.499920384180584043e-01
1.295199999999999907e+00,4.381754708788652697e-01
1.294599999999999973e+00,1.711561248695357140e-01
1.294300000000000006e+00,7.646044962279601176e-01
1.294000000000000039e+00,1.149411295857263982e+00
1.293500000000000094e+00,8.484237897765081193e-01
1.293199999999999905e+00,7.657346634350670200e-01
1.292599999999999971e+00,4.845025946258012528e-01
1.292300000000000004e+00,4.803801617708899352e-01
1.291900000000000048e+00,4.951718809961206391e-01
1.291199999999999903e+00,4.671685278193277724e-01
1.290799999999999947e+00,1.088652056137090929e+00
1.290499999999999980e+00,1.226384951700328019e+00
1.289800000000000058e+00,8.294959987639347609e-01
1.289500000000000091e+00,6.721019657964064642e-01
1.288799999999999946e+00,4.219822023146134193e-01
1.288499999999999979e+00,7.051427725578368610e-01
1.287900000000000045e+00,5.020704257651764646e-01
1.287500000000000089e+00,5.417399225102811355e-01
1.287199999999999900e+00,8.719957996497582631e-01
1.286799999999999944e+00,9.755689681064392271e-01
1.286200000000000010e+00,7.348284724798437306e-01
1.285900000000000043e+00,1.460470228319393216e-01
1.285500000000000087e+00,5.994856243319245381e-01
1.284899999999999931e+00,4.585893555015987944e-01
1.284599999999999964e+00,7.836510229026886210e-01
1.284299999999999997e+00,1.150353161294783710e+00
1.283600000000000074e+00,4.212251675894717051e-01
1.283199999999999896e+00,8.081440960968321319e-01
1.282899999999999929e+00,6.142142387893464450e-01
1.282299999999999995e+00,5.671653294754400720e-01
1.282000000000000028e+00,5.046619755136728669e-01
1.281600000000000072e+00,5.360955881196071138e-01
1.280999999999999917e+00,5.369648720138447962e-01
1.280699999999999950e+00,6.494379625811806944e-01
1.280000000000000027e+00,7.746013305508810953e-01
1.279700000000000060e+00,5.342577100094143550e-01
1.279099999999999904e+00,3.200890572882986174e-01
1.278699999999999948e+00,4.932556529751346286e-01
1.278399999999999981e+00,7.961300188391086108e-01
1.278000000000000025e+00,6.188988864165426707e-01
1.277400000000000091e+00,7.271745257074577751e-01
1.276999999999999913e+00,7.346367105815128085e-01
1.276699999999999946e+00,7.232745263588609141e-01
1.276100000000000012e+00,1.993251257285423572e-01
1.275700000000000056e+00,5.127589165011109396e-01
1.275500000000000078e+00,8.672214652195473494e-01
1.274799999999999933e+00,7.713647523270908968e-01
1.274399999999999977e+00,6.029059455707886928e-01
1.274100000000000010e+00,1.384740097035630224e-01
1.273400000000000087e+00,1.172525018409628639e-01
1.272999999999999909e+00,6.031343294471825933e-01
1.272699999999999942e+00,3.811911716305148579e-01
1.272100000000000009e+00,5.833529725269627209e-01
1.271800000000000042e+00,7.289612725317590192e-01
1.271500000000000075e+00,1.078598780221797782e+00
1.270799999999999930e+00,5.199012820779921329e-01
1.270599999999999952e+00,6.764223774970916647e-01
1.270299999999999985e+00,6.884003465927385212e-01
1.269600000000000062e+00,9.194497789944159338e-01
1.269300000000000095e+00,5.067739145460966599e-01
1.268599999999999950e+00,3.840733697972999461e-01
1.268299999999999983e+00,7.081875524383497433e-01
1.267600000000000060e+00,5.772030023938981014e-01
1.267300000000000093e+00,9.462071816807829938e-01
1.266999999999999904e+00,3.867515272830326367e-01
1.266299999999999981e+00,2.975135601270993413e-01
1.266000000000000014e+00,1.079547161827966104e-02
1.265700000000000047e+00,3.476569236760245762e-01
1.264999999999999902e+00,9.175648010551840095e-01
1.264699999999999935e+00,8.328114320397812520e-01
1.264399999999999968e+00,3.312945653802766843e-01
1.263700000000000045e+00,7.359226070448787738e-01
1.263400000000000079e+00,8.888212360615177499e-01
1.263099999999999890e+00,7.669152920516388861e-01
1.262399999999999967e+00,9.632188233610967654e-01
1.262100000000000000e+00,7.843924481890888201e-01
1.261800000000000033e+00,9.459478339178236661e-01
1.261200000000000099e+00,3.396812536154807383e-01
1.260899999999999910e+00,2.084950541897216680e-02
1.260599999999999943e+00,2.868886344205441863e-01
1.259900000000000020e+00,5.056728345796788204e-01
1.259600000000000053e+00,1.864291285958103173e-01
1.259200000000000097e+00,3.312596766876148013e-01
1.258499999999999952e+00,5.289059858869715747e-01
1.257900000000000018e+00,4.181958439739810740e-01
1.257500000000000062e+00,3.482067931352673118e-01
1.257200000000000095e+00,8.656004500482132880e-01
1.256499999999999950e+00,5.375442948539672638e-01
1.256199999999999983e+00,5.855207560061725935e-01
1.255800000000000027e+00,6.344592094201066956e-01
1.255200000000000093e+00,9.606999816888354138e-01
1.254899999999999904e+00,4.621943430332888236e-01
1.254599999999999937e+00,4.870788852143464465e-01
1.254199999999999982e+00,2.632082470001556040e-01
1.253600000000000048e+00,5.363069450013431272e-01
1.253300000000000081e+00,1.024685303949450788e+00
1.252999999999999892e+00,1.120599243303432413e+00
1.252299999999999969e+00,6.528082004407498307e-01
1.252000000000000002e+00,2.574943471243275606e-01
1.251600000000000046e+00,5.594975358672775734e-01
1.250999999999999890e+00,6.375949081093859050e-01
1.250599999999999934e+00,5.871319481410577357e-01
1.250000000000000000e+00,3.262175292283587824e-01
1.249700000000000033e+00,5.177004977076349324e-01
1.249100000000000099e+00,4.001476474486714840e-01
1.248799999999999910e+00,2.809217465462188756e-01
1.248399999999999954e+00,-1.715205024032046277e-01
1.247800000000000020e+00,2.673048711481483264e-01
1.247500000000000053e+00,9.064958538334243199e-02
1.247100000000000097e+00,1.617559071173668706e-01
1.246499999999999941e+00,2.660362806912366374e-01
1.246099999999999985e+00,8.639389843242820666e-01
1.245500000000000052e+00,4.584609659892850408e-01
1.245100000000000096e+00,9.665634985966432557e-01
1.244799999999999907e+00,7.719676093339514766e-01
1.244199999999999973e+00,3.235830966040096346e-01
1.243800000000000017e+00,6.618516315679565665e-01
1.243500000000000050e+00,3.729855307394195907e-01
1.242799999999999905e+00,4.436565801676259357e-01
1.242499999999999938e+00,3.262031328146426934e-01
1.242099999999999982e+00,1.823144270664072419e-01
1.241800000000000015e+00,2.083516386994200276e-01
1.241200000000000081e+00,2.998278499592461066e-01
1.240799999999999903e+00,3.082149224277854205e-01
1.240499999999999936e+00,2.233035384468389783e-01
1.239900000000000002e+00,5.805318793153662060e-01
1.239600000000000035e+00,5.705169943693720880e-01
1.239300000000000068e+00,9.269511562256215198e-01
1.238699999999999912e+00,8.480776889279524333e-01
1.238299999999999956e+00,5.620101352243997983e-01
1.237999999999999989e+00,8.384293762407146744e-01
1.237300000000000066e+00,7.652507464820192951e-01
1.237000000000000099e+00,6.303780523966460159e-01
1.236599999999999921e+00,5.136420008266324722e-01
1.235999999999999988e+00,5.439250156849865236e-01
1.235600000000000032e+00,3.291980458138281662e-01
1.235300000000000065e+00,1.744507732664535016e-01
1.234699999999999909e+00,2.488853547254286092e-01
1.234399999999999942e+00,4.074425112758867096e-01
1.233999999999999986e+00,3.472024982129235937e-01
1.233400000000000052e+00,5.209692909009192574e-01
1.233100000000000085e+00,3.627811473479636284e-01
1.232499999999999929e+00,7.277172676321136402e-01
1.232199999999999962e+00,9.813469763130313606e-01
1.231899999999999995e+00,5.354124214979072427e-01
1.231200000000000072e+00,1.733990138898244826e-01
1.230799999999999894e+00,4.108280932978115585e-01
1.230199999999999960e+00,5.505637776392185989e-01
1.229800000000000004e+00,4.313820739778695401e-01
1.229200000000000070e+00,6.293209482674467781e-01
1.228799999999999892e+00,7.230854184348900482e-01
1.228499999999999925e+00,6.672779199714726772e-01
1.227899999999999991e+00,2.368979440077207399e-01
1.227600000000000025e+00,2.171161217297246648e-01
1.226900000000000102e+00,4.165918654817348799e-01
1.226599999999999913e+00,2.881170237534506628e-01
1.226299999999999946e+00,5.123215157657855512e-01
1.225600000000000023e+00,6.410351000940323063e-01
1.225300000000000056e+00,7.673192210150932002e-01
1.225000000000000089e+00,7.158789659576607622e-01
1.224299999999999944e+00,3.475813599417508781e-01
1.223999999999999977e+00,6.003520450359001170e-01
1.223700000000000010e+00,5.815380217786561001e-01
1.223000000000000087e+00,4.703078068310603821e-01
1.222599999999999909e+00,2.198370722482682060e-01
1.221899999999999986e+00,6.761760578696146551e-01
1.221600000000000019e+00,7.767368180605356276e-01
1.221200000000000063e+00,5.592199629763251467e-01
1.220900000000000096e+00,6.458775996439941602e-01
1.220199999999999951e+00,8.356997833297054035e-01
1.219899999999999984e+00,8.311196337302856341e-01
1.219600000000000017e+00,9.211962942809546195e-01
1.219200000000000061e+00,5.308575422186987414e-01
1.218599999999999905e+00,2.802547556457197775e-01
1.218299999999999939e+00,9.071305837309832087e-01
1.217600000000000016e+00,1.090755079776709158e+00
1.217300000000000049e+00,6.377458208600412792e-01
1.217000000000000082e+00,9.256044680681376757e-01
1.216299999999999937e+00,4.418837784538423019e-01
1.215999999999999970e+00,4.763596864424063937e-01
1.215300000000000047e+00,7.741142412974987286e-01
1.215000000000000080e+00,8.770512596256848648e-01
1.214699999999999891e+00,9.837102384161107160e-01
1.213999999999999968e+00,8.315720687835856939e-01
1.213700000000000001e+00,9.775382482392065420e-01
1.213000000000000078e+00,5.367434123976829730e-01
1.212699999999999889e+00,8.739252768393359627e-01
1.212399999999999922e+00,9.234586910715014696e-01
1.211699999999999999e+00,5.491781235453111476e-01
1.211400000000000032e+00,2.166882386438824803e-01
1.211100000000000065e+00,2.903484273326039089e-01
1.210499999999999909e+00,3.835134653425013584e-01
1.210199999999999942e+00,4.915756004854180961e-01
1.209899999999999975e+00,8.096233957802755343e-01
1.209200000000000053e+00,1.120326530544102223e-01
1.208900000000000086e+00,6.273109084919156198e-01
1.208499999999999908e+00,9.064531532013858639e-01
1.207799999999999985e+00,7.328973178032539559e-01
1.207500000000000018e+00,5.704602691132065750e-01
1.207200000000000051e+00,7.374296258134006576e-01
1.206499999999999906e+00,9.248918217847571510e-01
1.206199999999999939e+00,8.700157876627835352e-01
1.205500000000000016e+00,4.508240219398590432e-01
1.205100000000000060e+00,7.132478256883720835e-01
1.204800000000000093e+00,5.410170637332135657e-01
1.204099999999999948e+00,8.351414505904835028e-01
1.203699999999999992e+00,1.258615707768395264e+00
1.203500000000000014e+00,9.371094521923154508e-01
1.202800000000000091e+00,5.629984954800280050e-01
1.202499999999999902e+00,2.785822430964200458e-01
1.202199999999999935e+00,4.809982979638374734e-01
1.201500000000000012e+00,4.755170527069628728e-01
1.201200000000000045e+00,4.349559027246974185e-01
1.200499999999999901e+00,1.049670450912901565e+00
1.200099999999999945e+00,8.720249341169820090e-01
1.199799999999999978e+00,7.347085430655275751e-01
1.199200000000000044e+00,9.519786875406996973e-01
1.198800000000000088e+00,1.103972333405542683e+00
1.198499999999999899e+00,6.579799616474317769e-01
1.197899999999999965e+00,8.659128634475303787e-01
1.197500000000000009e+00,8.345812150324952716e-01
1.197200000000000042e+00,8.266440138948879524e-01
1.196600000000000108e+00,7.850076198613717970e-01
1.196299999999999919e+00,2.546266843814052883e-01
1.195899999999999963e+00,6.257017938635783816e-01
1.195200000000000040e+00,2.369059445856010748e-01
1.194900000000000073e+00,8.214823116217315757e-01
1.194499999999999895e+00,5.795236952923707996e-01
1.193799999999999972e+00,5.525817061751087111e-01
1.193500000000000005e+00,3.161792717336548986e-01
1.193200000000000038e+00,5.839746032428646538e-01
1.192499999999999893e+00,3.741964184589947062e-01
1.192199999999999926e+00,6.771618519020865534e-01
1.191599999999999993e+00,5.451747266798854241e-01
1.191200000000000037e+00,6.045652268817069963e-01
1.190900000000000070e+00,5.729875415951750650e-01
1.190199999999999925e+00,6.257863340952619646e-01
1.189799999999999969e+00,4.816774110371550566e-01
1.189500000000000002e+00,2.047290455724172231e-01
1.188800000000000079e+00,4.482994755496279571e-01
1.188499999999999890e+00,8.280431007515642872e-01
1.188199999999999923e+00,5.985550760288413930e-01
1.187500000000000000e+00,4.387734010393167239e-01
1.187200000000000033e+00,5.059917977344929874e-01
1.186800000000000077e+00,7.812094701741076896e-01
1.186099999999999932e+00,8.460036438408344850e-01
1.185799999999999965e+00,6.813128975412968691e-01
1.185499999999999998e+00,6.060008439250172962e-01
1.184800000000000075e+00,7.285726287429606929e-01
1.184500000000000108e+00,6.049214748325508761e-01
1.184199999999999919e+00,7.355037305680043325e-01
1.183499999999999996e+00,5.668414990939520948e-01
1.183200000000000029e+00,4.460543329981884741e-01
1.182800000000000074e+00,3.321819152944942566e-01
1.182199999999999918e+00,5.383014706727995424e-01
1.181899999999999951e+00,3.550170851914380976e-01
1.181300000000000017e+00,8.034301583398524294e-01
1.180900000000000061e+00,4.133482197108979128e-01
1.180600000000000094e+00,1.710615410973411188e-01
1.179899999999999949e+00,6.629382090323973631e-02
1.179599999999999982e+00,5.960049788147079308e-01
1.178900000000000059e+00,9.009963626872233844e-01
1.178600000000000092e+00,8.322051385655665490e-01
1.177899999999999947e+00,7.510422754313396121e-01
1.177499999999999991e+00,8.194913269331249861e-01
1.177200000000000024e+00,6.087183026407286812e-01
1.176399999999999890e+00,4.615375535992408129e-01
1.176099999999999923e+00,7.281108623993629569e-01
1.175699999999999967e+00,6.888934182101716930e-01
1.175000000000000044e+00,1.028184947490882406e+00
1.174700000000000077e+00,4.805540094102015991e-01
1.174400000000000110e+00,4.857692242732033483e-01
1.173999999999999932e+00,4.385987431925592595e-01
1.173399999999999999e+00,4.329877871598296624e-01
1.173100000000000032e+00,6.146115219558345721e-01
1.172800000000000065e+00,4.396730336738070566e-01
1.172199999999999909e+00,3.284362515743217692e-01
1.171799999999999953e+00,6.511250068687279846e-01
1.171300000000000008e+00,1.986675392030650411e-01
1.170900000000000052e+00,7.758906355932867482e-01
1.170600000000000085e+00,1.056459609198665994e+00
1.170299999999999896e+00,6.234464653145964652e-01
1.169599999999999973e+00,6.676830556923964988e-01
1.169200000000000017e+00,8.066013328263013094e-01
1.168900000000000050e+00,6.407781020093482605e-01
1.168199999999999905e+00,1.095085261583180092e+00
1.167899999999999938e+00,1.039991952255740149e+00
1.167499999999999982e+00,1.109586787351451109e+00
1.166800000000000059e+00,1.014302348902778039e+00
1.166500000000000092e+00,6.995688750810815648e-01
1.166199999999999903e+00,6.703851511150266118e-01
1.165499999999999980e+00,3.446225410489909269e-01
1.165100000000000025e+00,1.839754312135438996e-01
1.164500000000000091e+00,1.189029343671012123e-01
1.164099999999999913e+00,4.459111417243980524e-01
1.163799999999999946e+00,1.842208684423854159e-01
1.163100000000000023e+00,5.355744188571733705e-02
1.162800000000000056e+00,-3.379317366827773728e-01
1.162500000000000089e+00,1.228494634053262230e-01
1.161799999999999944e+00,2.862633040992524358e-01
1.161499999999999977e+00,6.629903099724310245e-01
1.160900000000000043e+00,5.369311338059251648e-01
1.160500000000000087e+00,3.370588009246047179e-01
1.160199999999999898e+00,4.704885024093630741e-01
1.159599999999999964e+00,4.930045082083027164e-01
1.159200000000000008e+00,6.757507235718843708e-01
1.158900000000000041e+00,5.641434875977591190e-01
1.158600000000000074e+00,3.254906378328029648e-01
1.157899999999999929e+00,7.511512419386412454e-01
1.157599999999999962e+00,8.025443219159336117e-01
1.156900000000000039e+00,8.778628608089493746e-01
1.156700000000000061e+00,6.780634244326613214e-01
1.156400000000000095e+00,4.265304601041154386e-01
1.156099999999999905e+00,-9.209739627402766665e-03
1.155499999999999972e+00,1.243245796739029380e-01
1.155200000000000005e+00,1.432313084676452575e-01
1.154700000000000060e+00,3.677727390416669628e-01
1.154400000000000093e+00,-1.367564370619305247e-01
1.153999999999999915e+00,2.922402868136891319e-01
1.153399999999999981e+00,4.453222687394314816e-01
1.153000000000000025e+00,3.480086197759474920e-01
1.152600000000000069e+00,5.407191084359840305e-01
1.151899999999999924e+00,5.924040614460504006e-01
1.151599999999999957e+00,1.471159662184040873e-01
1.151000000000000023e+00,5.903669860913944856e-01
1.150600000000000067e+00,4.653110419325454661e-01
1.150300000000000100e+00,6.932181423734834480e-01
1.149999999999999911e+00,9.776438482174257816e-01
1.149399999999999977e+00,1.054278943869691787e+00
1.149000000000000021e+00,8.394217015761048506e-01
1.148300000000000098e+00,6.831315677353292370e-01
1.147999999999999909e+00,3.920787711448507906e-01
1.147599999999999953e+00,3.609422967426937356e-01
1.147000000000000020e+00,2.144634896915028621e-01
1.146600000000000064e+00,1.905743953487318287e-04
1.146300000000000097e+00,3.466447214370716456e-01
1.145699999999999941e+00,6.261174102196553903e-01
1.145399999999999974e+00,9.865818160453083685e-01
1.145100000000000007e+00,5.061485051046418215e-01
1.144800000000000040e+00,8.063083260207316583e-01
1.144099999999999895e+00,8.935835392885356221e-01
1.143799999999999928e+00,5.596495454436881678e-01
1.143499999999999961e+00,3.084741236419452082e-01
1.143100000000000005e+00,5.228499516222030463e-01
1.142400000000000082e+00,6.560144673253592851e-01
1.141999999999999904e+00,5.046574044956513294e-01
1.141399999999999970e+00,7.383784309315214456e-01
1.141000000000000014e+00,4.738534986629765466e-01
1.140700000000000047e+00,5.791597444517468940e-01
1.140099999999999891e+00,5.154577333477193823e-01
1.139799999999999924e+00,5.045927422091668335e-01
1.139499999999999957e+00,2.731331418923945709e-01
1.138700000000000045e+00,7.530621702424842301e-01
1.138400000000000079e+00,6.809057877896576016e-01
1.138099999999999890e+00,6.874006127587724002e-01
1.137499999999999956e+00,7.497428061046217396e-01
1.137100000000000000e+00,4.835970392532080164e-01
1.136500000000000066e+00,5.801156079400754395e-01
1.136200000000000099e+00,2.352942477842900892e-01
1.135899999999999910e+00,6.491022721337902368e-01
1.135499999999999954e+00,3.034122680916273018e-01
1.134900000000000020e+00,2.230398264349434459e-02
1.134600000000000053e+00,5.150855519014453376e-01
1.133999999999999897e+00,5.018735674839052141e-01
1.133699999999999930e+00,6.896589784407235468e-01
1.133000000000000007e+00,8.303276970943337387e-01
1.132600000000000051e+00,4.473723195195632996e-01
1.132300000000000084e+00,5.111800003213223809e-01
1.131599999999999939e+00,4.669685661626223339e-01
1.131199999999999983e+00,-1.622410461598363940e-01
1.130900000000000016e+00,7.831097214910844734e-03
1.130200000000000093e+00,5.676946180532176089e-02
1.129899999999999904e+00,4.261708591730408724e-01
1.129499999999999948e+00,3.121093774093985362e-01
1.128900000000000015e+00,2.424259790243139812e-01
1.128700000000000037e+00,8.068572286377105884e-01
1.128400000000000070e+00,1.152797498573700175e+00
1.127999999999999892e+00,7.393536651100797163e-01
1.127399999999999958e+00,3.486886723349613693e-01
1.127000000000000002e+00,3.599449714735357686e-01
1.126400000000000068e+00,4.150261963960146794e-01
1.125999999999999890e+00,2.823347339307269444e-01
1.125699999999999923e+00,1.918590996732188469e-01
1.125399999999999956e+00,1.551284663999972224e-01
1.125099999999999989e+00,3.360187258160795554e-01
1.124500000000000055e+00,6.795960573402698435e-01
1.124100000000000099e+00,4.242765788399060489e-01
1.123799999999999910e+00,1.039159057308219336e-01
1.123499999999999943e+00,4.058799439084844196e-01
1.122800000000000020e+00,-9.070344066500245217e-02
1.122500000000000053e+00,-1.545563472822694961e-01
1.122200000000000086e+00,4.250729981169609067e-02
1.121499999999999941e+00,1.753423017001481399e-01
1.121099999999999985e+00,3.864411939857566591e-01
1.120800000000000018e+00,1.249100250457933492e-01
1.120400000000000063e+00,3.801438861636592392e-01
1.119799999999999907e+00,5.232113278972987391e-01
1.119499999999999940e+00,6.190453296713851472e-01
1.118800000000000017e+00,5.676616600963787507e-01
1.118500000000000050e+00,3.294773195727102033e-01
1.117899999999999894e+00,8.023000184095809006e-02
1.117599999999999927e+00,4.214731558115297760e-02
1.117199999999999971e+00,-1.703875081346178655e-01
1.116600000000000037e+00,6.218079956067483482e-02
1.116300000000000070e+00,3.335536286426217800e-01
1.115899999999999892e+00,3.090746654597280041e-01
1.115199999999999969e+00,3.455077751309920675e-01
1.114900000000000002e+00,6.453252536781648452e-01
1.114600000000000035e+00,1.864110875966903669e-01
1.114200000000000079e+00,6.617496718003745837e-01
1.113599999999999923e+00,3.887310672680667767e-01
1.113199999999999967e+00,3.336709584960718677e-01
1.112900000000000000e+00,3.920884660326036109e-01
1.112300000000000066e+00,4.476809263112254134e-01
1.112000000000000099e+00,1.853150486487106230e-01
1.111699999999999910e+00,1.690573324938026978e-01
1.111099999999999977e+00,3.400251754879829447e-01
1.110700000000000021e+00,2.972470552682496825e-01
1.110400000000000054e+00,1.982301201976536809e-01
1.109699999999999909e+00,2.934806940792082375e-01
1.109399999999999942e+00,4.364218912065423450e-01
1.109099999999999975e+00,5.528952967151999909e-01
1.108400000000000052e+00,5.904416777842859121e-01
1.108100000000000085e+00,2.280413926779257805e-01
1.107799999999999896e+00,8.622921906431199601e-02
1.107199999999999962e+00,-6.077740713386192012e-02
1.106800000000000006e+00,2.233446539259809627e-01
1.106500000000000039e+00,-6.594215858062718594e-02
1.105799999999999894e+00,1.369223548200113050e-01
1.105499999999999927e+00,3.512528900345615046e-01
1.104800000000000004e+00,2.267068910935901016e-01
1.104500000000000037e+00,-1.006459787112256865e-01
1.104100000000000081e+00,-6.937746923684839917e-02
1.103799999999999892e+00,2.772429669836012911e-01
1.103199999999999958e+00,3.413058126095261935e-01
1.102899999999999991e+00,2.526658905857375181e-01
1.102200000000000069e+00,3.022139630726888293e-01
1.101799999999999891e+00,-8.765194227345566441e-03
1.101499999999999924e+00,1.048033507979398427e-01
1.100899999999999990e+00,4.394509334228451775e-02
1.100500000000000034e+00,2.477611832283049265e-01
1.100200000000000067e+00,9.117202289188547359e-02
1.099800000000000111e+00,-1.362209108302916624e-02
1.099199999999999955e+00,1.900760931865903558e-01
1.098899999999999988e+00,1.034354165312979801e-01
1.098500000000000032e+00,-6.343032739483883686e-02
1.097900000000000098e+00,2.270885314869229010e-01
1.097599999999999909e+00,3.909935103574942172e-02
1.096999999999999975e+00,3.305414668588742000e-01
1.096600000000000019e+00,7.433812437206426260e-01
1.096400000000000041e+00,6.475342771885238546e-01
1.095699999999999896e+00,6.689425810221002466e-01
1.095399999999999929e+00,8.343236023598409323e-01
1.094999999999999973e+00,6.809334121523833439e-01
1.094400000000000039e+00,6.023557577789786510e-01
1.094000000000000083e+00,3.621546520009896186e-01
1.093399999999999928e+00,5.308557963990424566e-01
1.093099999999999961e+00,6.485474586123955998e-01
1.092400000000000038e+00,4.838187274705790242e-01
1.091800000000000104e+00,6.494362599854990314e-01
1.091399999999999926e+00,5.816057134498697767e-01
1.091099999999999959e+00,7.567925982407169849e-01
1.090799999999999992e+00,4.982525291846967574e-01
1.090100000000000069e+00,4.526954550028894353e-01
1.089800000000000102e+00,5.642201810546394469e-01
1.089499999999999913e+00,2.919134386828044492e-01
1.088799999999999990e+00,6.675114635785279749e-01
1.088500000000000023e+00,4.460584652498907343e-01
1.088200000000000056e+00,5.025438036142595433e-01
1.087499999999999911e+00,2.799085176123693453e-01
1.087199999999999944e+00,2.428548178610968056e-01
1.086600000000000010e+00,3.349048597054804510e-01
1.086300000000000043e+00,2.010197210004067148e-01
1.085900000000000087e+00,3.590386063573400843e-01
1.085199999999999942e+00,4.512776662140443595e-01
1.084799999999999986e+00,7.522095861431463693e-01
1.084200000000000053e+00,4.907240884164244532e-01
1.083900000000000086e+00,1.412402244831958698e-01
1.083199999999999941e+00,4.255341202578661330e-01
1.082899999999999974e+00,4.476701225011111007e-01
1.082300000000000040e+00,2.928208052305875664e-01
1.082000000000000073e+00,5.935056242742223764e-01
1.081700000000000106e+00,2.962926947756091001e-01
1.080899999999999972e+00,4.380668141762194545e-01
1.080600000000000005e+00,5.005210086619091836e-01
1.080300000000000038e+00,8.263430300722243715e-02
1.079599999999999893e+00,-1.263357639238690266e-01
1.079299999999999926e+00,1.170041369018010730e-01
1.078999999999999959e+00,8.447842056524411669e-01
1.078699999999999992e+00,7.787727424849182345e-01
1.078100000000000058e+00,5.886151458283284121e-01
1.077800000000000091e+00,5.764816535334796876e-01
1.077399999999999913e+00,5.941948781267610835e-01
1.076799999999999979e+00,4.826489022701114795e-01
1.076400000000000023e+00,6.080350131977768635e-01
1.076100000000000056e+00,3.586365900073236745e-01
1.075399999999999912e+00,6.053681366184073820e-01
1.075099999999999945e+00,7.982819147280841854e-01
1.074799999999999978e+00,9.227058839145576563e-01
1.074100000000000055e+00,1.004878798706743792e+00
1.073800000000000088e+00,7.865508179256399668e-01
1.073399999999999910e+00,7.015969319287569395e-01
1.072799999999999976e+00,1.701424827591944688e-01
1.072500000000000009e+00,4.877512392053944268e-01
1.072100000000000053e+00,8.737804558213110306e-01
1.071399999999999908e+00,6.060478368115308490e-01
1.071099999999999941e+00,9.979440155273686663e-01
1.070400000000000018e+00,1.089657351778278382e+00
1.070100000000000051e+00,3.971069877512271029e-01
1.069399999999999906e+00,4.217737888720547446e-01
1.069099999999999939e+00,1.215590840107356879e-01
1.068500000000000005e+00,1.930724460543994381e-01
1.068200000000000038e+00,1.376223649536263416e-01
1.067900000000000071e+00,3.981556162713228986e-01
1.067499999999999893e+00,6.856065450220726332e-01
1.066899999999999959e+00,-2.026650483830235994e-01
1.066500000000000004e+00,4.904065356776433904e-03
1.066200000000000037e+00,7.387023002274323291e-02
1.065499999999999892e+00,1.655028841795092298e-01
1.065199999999999925e+00,5.406845694633146682e-01
1.064899999999999958e+00,7.643249082461573973e-01
1.064300000000000024e+00,-1.498433360268627834e-01
1.063900000000000068e+00,2.812645126256925754e-01
1.063600000000000101e+00,-1.725241067933357478e-02
1.062899999999999956e+00,-1.422507447429617600e-01
1.062599999999999989e+00,-3.065710736170558781e-01
1.062300000000000022e+00,2.956190870728215847e-01
1.061600000000000099e+00,1.373310605215852243e-01
1.061299999999999910e+00,1.917572965050664546e-01
1.060899999999999954e+00,1.892416932123132112e-01
1.060300000000000020e+00,2.712518963123326451e-02
1.060000000000000053e+00,3.753309256950237982e-01
1.059700000000000086e+00,2.134075716595960626e-01
1.058999999999999941e+00,4.145247249858494687e-01
1.058599999999999985e+00,2.378090029609997713e-01
1.058300000000000018e+00,-8.028033662441308449e-02
1.057700000000000085e+00,1.095361176047730672e-01
1.057299999999999907e+00,3.180811109209074616e-01
1.056699999999999973e+00,4.130786855898989640e-01
1.056300000000000017e+00,3.342351345650310113e-01
1.056000000000000050e+00,4.536401906694961794e-01
1.055399999999999894e+00,2.717542363035621578e-01
1.055099999999999927e+00,-2.491285357276518467e-02
1.054699999999999971e+00,2.271953135473086804e-01
1.054100000000000037e+00,5.985006707839488627e-01
1.053800000000000070e+00,8.018523230920007183e-01
1.053500000000000103e+00,5.569240164040537566e-01
1.052699999999999969e+00,6.235928019172084502e-01
1.052400000000000002e+00,4.347608151582076363e-01
1.052100000000000035e+00,3.572178846697081078e-01
1.051800000000000068e+00,4.912947412339155884e-01
1.050999999999999934e+00,-3.099448080989310184e-02
1.050699999999999967e+00,4.851440161991217304e-01
1.050000000000000044e+00,3.739253194459646878e-01
1.049700000000000077e+00,2.087791292607618920e-01
1.048999999999999932e+00,-6.714652146554753176e-02
1.048799999999999955e+00,1.826023827006142686e-01
1.048499999999999988e+00,1.535240177245704440e-01
1.047800000000000065e+00,1.652971205639555408e-01
1.047500000000000098e+00,1.751108440135483169e-01
1.047199999999999909e+00,7.086378570437048552e-01
1.046499999999999986e+00,3.066007382661567471e-01
1.046100000000000030e+00,2.394000168643600213e-01
1.045800000000000063e+00,3.498224436113031577e-01
1.045099999999999918e+00,2.206605041215519147e-01
1.044799999999999951e+00,2.344762571580578242e-02
1.044499999999999984e+00,5.561473451782291688e-01
1.043800000000000061e+00,2.532124210611708115e-01
1.043500000000000094e+00,7.478563958106883014e-01
1.043199999999999905e+00,7.029980479007855720e-01
1.042599999999999971e+00,6.983285187980121655e-01
1.042200000000000015e+00,6.082156345366693806e-01
1.041900000000000048e+00,2.925174941032231413e-01
1.041600000000000081e+00,5.364929559389420843e-01
1.040899999999999936e+00,4.695614275647365110e-01
1.040599999999999969e+00,6.874417982277941652e-01
1.040200000000000014e+00,5.422615412897227039e-01
1.039600000000000080e+00,2.282717373655205884e-01
1.039199999999999902e+00,4.855614690130616862e-01
1.038899999999999935e+00,4.066319456053134052e-01
1.038200000000000012e+00,4.102540006577183318e-01
1.037800000000000056e+00,5.441120802333432316e-01
1.037500000000000089e+00,6.036442332674565314e-01
1.036799999999999944e+00,5.709091593912259954e-01
1.036599999999999966e+00,7.390355106864400503e-02
1.036200000000000010e+00,3.386627973930638746e-01
1.035600000000000076e+00,8.882736459582107891e-02
1.035300000000000109e+00,4.625380103536716470e-01
1.034999999999999920e+00,2.072756087715212914e-01
1.034299999999999997e+00,2.294459120088317428e-01
1.033900000000000041e+00,4.255445605785769803e-01
1.033300000000000107e+00,4.292684772178446684e-01
1.032899999999999929e+00,2.879675415886208123e-01
1.032200000000000006e+00,1.442277675803944545e-02
1.031900000000000039e+00,2.630787823075866894e-01
1.031300000000000106e+00,2.544096980787273754e-01
1.030899999999999928e+00,3.150442593544762748e-01
1.030599999999999961e+00,2.813950389307781075e-01
1.029900000000000038e+00,1.508196936926727016e-02
1.029600000000000071e+00,-3.579604676653123652e-01
1.029300000000000104e+00,3.666370596280485450e-02
1.028599999999999959e+00,6.221410564432542506e-02
1.028299999999999992e+00,5.766826710956242108e-01
1.028000000000000025e+00,1.648080852126678764e-01
1.027700000000000058e+00,4.024154422999277614e-01
1.026999999999999913e+00,6.684258107263499893e-01
1.026699999999999946e+00,3.719637856027555034e-01
1.026299999999999990e+00,6.660476130914121384e-01
1.025700000000000056e+00,4.665637018763744148e-01
1.025099999999999900e+00,3.447083675773947586e-01
1.024699999999999944e+00,7.193630912520643239e-01
1.024399999999999977e+00,4.849256635069119636e-01
1.023800000000000043e+00,2.899881876018716720e-01
1.023400000000000087e+00,3.495778085311303240e-02
1.023099999999999898e+00,3.328042429503086375e-01
1.022499999999999964e+00,4.432642821482852824e-01
1.022199999999999998e+00,4.026067364856495967e-01
1.021800000000000042e+00,4.176628888382500349e-01
1.021200000000000108e+00,3.249324383584862308e-01
1.020899999999999919e+00,8.801369408764767033e-02
1.020499999999999963e+00,5.092901209549529629e-01
1.019900000000000029e+00,4.946315836335630767e-01
1.019500000000000073e+00,1.113586515287252748e-01
1.019200000000000106e+00,1.290471024120135313e-01
1.018599999999999950e+00,4.531374418315580188e-01
1.018199999999999994e+00,2.510572853318656095e-01
1.017600000000000060e+00,7.531144190842391506e-01
1.017200000000000104e+00,7.621200167502555356e-01
1.016899999999999915e+00,4.010224018158228265e-01
1.016199999999999992e+00,7.669383395701983019e-01
1.015900000000000025e+00,4.353626652254843910e-01
1.015300000000000091e+00,-1.713095547987465717e-01
1.014899999999999913e+00,8.954714260336242571e-02
1.014599999999999946e+00,4.743006170722656734e-01
1.014000000000000012e+00,2.732162586308647390e-01
1.013700000000000045e+00,-2.736781949305689410e-01
1.013300000000000090e+00,-1.405164142826830637e-02
1.012599999999999945e+00,1.994499848328589175e-01
1.012299999999999978e+00,3.843030433373930133e-01
1.011900000000000022e+00,6.094915148670602134e-01
1.011300000000000088e+00,6.273871788996677745e-01
1.010899999999999910e+00,2.654255643629900574e-02
1.010599999999999943e+00,4.788974366753658007e-02
1.009900000000000020e+00,3.258418655040554723e-01
1.009600000000000053e+00,5.393721682193627354e-01
1.009300000000000086e+00,4.496100093173758805e-01
1.008699999999999930e+00,3.495667109189131150e-01
1.008399999999999963e+00,2.422472499019156789e-01
1.008000000000000007e+00,-1.170695852607296639e-01
1.007400000000000073e+00,-1.057615310403920011e-01
1.007100000000000106e+00,2.494777345650542877e-01
1.006399999999999961e+00,3.603747219617587372e-01
1.006000000000000005e+00,3.017100270631982162e-01
1.005700000000000038e+00,-6.028957359262331062e-02
1.005400000000000071e+00,2.099308343386611930e-01
1.004599999999999937e+00,9.610410498670168833e-02
1.004299999999999971e+00,2.061039327304250435e-01
1.003900000000000015e+00,2.910759863494674082e-01
1.003200000000000092e+00,1.285864084722460332e-01
1.002899999999999903e+00,4.098546884310312333e-01
1.002499999999999947e+00,7.687969454177669970e-01
1.001900000000000013e+00,5.702458771987095609e-01
1.001600000000000046e+00,3.356763185428848217e-01
1.000699999999999923e+00,-1.111073825692558414e-01
1.000399999999999956e+00,3.007771642197045736e-01
1.000000000000000000e+00,3.776227717054996269e-01
9.993999999999999551e-01,2.457306431276058412e-01
9.990999999999999881e-01,5.772332342239799852e-01
9.987000000000000322e-01,7.131477003420767513e-01
9.980999999999999872e-01,1.129711456721114310e-01
9.977000000000000313e-01,1.301527441448799560e-01
9.973999999999999533e-01,2.185920924790128173e-01
9.968000000000000194e-01,3.859850251463031734e-01
9.965000000000000524e-01,5.569470277396642022e-01
9.960999999999999854e-01,1.254545766432601517e-01
9.955000000000000515e-01,-2.332279026773112773e-01
9.951999999999999735e-01,-2.944499944639022981e-01
9.945000000000000506e-01,5.458279885608789961e-01
9.941999999999999726e-01,7.899262469122622088e-01
9.935000000000000497e-01,7.047727837281589913e-01
9.931999999999999718e-01,3.730052399274121910e-01
9.925000000000000488e-01,4.514556086438132332e-01
9.921999999999999709e-01,4.987427313284499841e-01
9.918000000000000149e-01,1.216033970158347799e-01
9.916000000000000369e-01,2.378392830395853752e-01
9.909000000000000030e-01,7.329030477655810172e-01
9.905000000000000471e-01,4.783373654307105372e-01
9.901999999999999691e-01,1.689371746910520722e-01
9.896000000000000352e-01,-3.175396815941226858e-02
9.891999999999999682e-01,-5.194375138604131470e-01
9.889000000000000012e-01,1.917125504650009707e-02
9.886000000000000343e-01,-5.229882939823292387e-02
9.879000000000000004e-01,2.271089019608178439e-01
9.875000000000000444e-01,2.986035129531839846e-02
9.871999999999999664e-01,4.665617387595091814e-01
9.865000000000000435e-01,-8.482249218394162515e-02
9.862999999999999545e-01,2.633886787093775994e-01
9.859999999999999876e-01,-1.694571680235269773e-01
9.852999999999999536e-01,1.408596582544918430e-01
9.849999999999999867e-01,-1.449056620531552139e-02
9.846000000000000307e-01,1.064754151637570811e-01
9.839999999999999858e-01,-1.320657323448785336e-01
9.836000000000000298e-01,-2.728312966306534748e-01
9.829999999999999849e-01,-1.062668820676600512e-01
9.826000000000000290e-01,9.557454119391711744e-02
9.819999999999999840e-01,4.764944898880694168e-01
9.817000000000000171e-01,2.571428366904922047e-01
9.809999999999999831e-01,2.302790489404761276e-01
9.807000000000000162e-01,2.924888885251064052e-01
9.802999999999999492e-01,-4.886025207099597978e-02
9.799999999999999822e-01,3.384541548549541146e-01
9.792999999999999483e-01,3.336001498403015075e-01
9.789999999999999813e-01,5.483459017912900579e-01
9.784000000000000474e-01,4.234946345158039915e-01
9.780999999999999694e-01,3.232589412115291494e-01
9.778000000000000025e-01,7.962870712510586313e-02
9.775000000000000355e-01,3.513173373419372081e-01
9.768000000000000016e-01,-2.609290335636271774e-01
9.765000000000000346e-01,-8.371076790511738919e-02
9.760999999999999677e-01,8.300525403703330751e-02
9.758000000000000007e-01,1.777724445005293419e-01
9.750999999999999668e-01,1.178892373626498624e-01
9.747999999999999998e-01,2.292104924130240751e-01
9.741999999999999549e-01,1.705311733823824671e-01
9.737999999999999989e-01,1.243046815680619588e-01
9.735000000000000320e-01,5.390484363926978384e-01
9.727999999999999980e-01,5.749717824322106985e-01
9.725000000000000311e-01,5.451154420198266459e-01
9.720999999999999641e-01,3.489246218459974846e-01
9.714000000000000412e-01,9.292581049881107336e-02
9.710999999999999632e-01,4.518220974816041235e-01
9.707999999999999963e-01,3.256982754599470620e-01
9.700999999999999623e-01,3.060991384820199168e-01
9.697999999999999954e-01,3.743776050631479890e-01
9.690999999999999615e-01,6.040734519330900193e-02
9.687999999999999945e-01,2.191570232841543175e-01
9.685000000000000275e-01,-7.822115860719666691e-03
9.678999999999999826e-01,1.267238601567431677e-02
9.676000000000000156e-01,-3.251338039530733692e-02
9.673000000000000487e-01,5.004125072447917350e-02
9.669999999999999707e-01,-8.147867465768719730e-02
9.663000000000000478e-01,-2.303116043892100839e-01
9.658999999999999808e-01,-2.294922171163773783e-01
9.656000000000000139e-01,1.036336979995931273e-01
9.648999999999999799e-01,2.728460238855400233e-01
9.645000000000000240e-01,3.076975445868794790e-01
9.641999999999999460e-01,-8.128396597868953188e-02
9.635000000000000231e-01,1.774103079204203126e-01
9.631999999999999451e-01,3.098530962320975024e-02
9.627999999999999892e-01,7.847092271346875481e-02
9.622000000000000552e-01,-7.669202526669557929e-02
9.618999999999999773e-01,-7.143080436951190770e-02
9.616000000000000103e-01,9.890328476200913044e-02
9.609999999999999654e-01,5.743825733397459610e-01
9.606000000000000094e-01,4.560941579012374181e-01
9.599999999999999645e-01,4.025402257966577135e-01
9.596000000000000085e-01,5.237169064547685104e-02
9.593000000000000416e-01,-3.238651147368363792e-01
9.586000000000000076e-01,-1.523591957188364376e-01
9.582000000000000517e-01,-1.892939767013964991e-01
9.578999999999999737e-01,-2.313183569726900146e-01
9.576000000000000068e-01,-7.713526860761953097e-02
9.569999999999999618e-01,4.589190917586800089e-01
9.566999999999999948e-01,6.468395122497363481e-01
9.563000000000000389e-01,6.745646148139392562e-01
9.556999999999999940e-01,6.222523435979520068e-01
9.554000000000000270e-01,1.249307203072050343e-01
9.546999999999999931e-01,5.901335647012567742e-02
9.544000000000000261e-01,-1.496195480894953744e-01
9.540999999999999481e-01,-5.667346639999037983e-02
9.536999999999999922e-01,-1.833272767184619956e-01
9.530999999999999472e-01,1.320335487648045814e-02
9.527999999999999803e-01,-3.557877396635983902e-01
9.520999999999999464e-01,-1.334479558642333308e-01
9.516999999999999904e-01,1.949521572044564666e-01
9.514000000000000234e-01,2.606317772361858853e-02
9.507999999999999785e-01,2.743791242649888940e-01
9.504000000000000226e-01,-1.506338220425701424e-01
9.500999999999999446e-01,-1.009279330615011072e-01
9.495000000000000107e-01,6.718236959567052136e-01
9.492000000000000437e-01,3.450253459616144935e-01
9.487999999999999767e-01,3.668473647394166481e-01
9.481000000000000538e-01,4.749478820455688144e-01
9.477999999999999758e-01,2.300993635998135611e-01
9.475000000000000089e-01,3.168266274509068392e-01
9.467999999999999750e-01,5.587817983091565299e-01
9.464000000000000190e-01,1.778512750827822009e-01
9.461000000000000520e-01,-7.635231844212207741e-02
9.457999999999999741e-01,1.109426524819158710e-01
9.451000000000000512e-01,1.054734326523965732e-01
9.447999999999999732e-01,2.930725632905814004e-01
9.441000000000000503e-01,3.131119324230151324e-02
9.436999999999999833e-01,2.908542203018736338e-01
9.434000000000000163e-01,-2.691637432298329413e-01
9.427999999999999714e-01,-4.029811179926410247e-01
9.425000000000000044e-01,2.118792269748242391e-02
9.421000000000000485e-01,5.962310539672192045e-01
9.417999999999999705e-01,4.898489150081909438e-01
9.412000000000000366e-01,3.327717085667447061e-01
9.407999999999999696e-01,4.256654161177708673e-01
9.405000000000000027e-01,-5.195068924463515370e-02
9.398999999999999577e-01,-6.753390609375324594e-02
9.395000000000000018e-01,-3.076213350965552040e-01
9.388999999999999568e-01,-4.333719175743182550e-01
9.385000000000000009e-01,-2.177843257856787729e-01
9.382000000000000339e-01,-1.849439369061046945e-01
9.375000000000000000e-01,-2.581213686609945546e-01
9.372000000000000330e-01,-6.623782002876171804e-01
9.368999999999999551e-01,-3.000270303002167682e-01
9.363000000000000211e-01,-2.496258585805814778e-02
9.360000000000000542e-01,-2.105029283076690072e-01
9.355999999999999872e-01,-2.219619727810329401e-01
9.350000000000000533e-01,5.560306350971007117e-01
9.345999999999999863e-01,-2.102361402638638216e-02
9.343000000000000194e-01,8.381544424366713097e-02
9.335999999999999854e-01,-5.682195506873620461e-02
9.333000000000000185e-01,-7.358160866968894986e-02
9.326999999999999735e-01,-3.742567281282325187e-01
9.324000000000000066e-01,-4.635302159161636126e-01
9.316999999999999726e-01,-1.457121652787517208e-01
9.314000000000000057e-01,-1.957013281626797108e-01
9.310000000000000497e-01,-3.347329868036864192e-02
9.305999999999999828e-01,4.778100440831745677e-01
9.300000000000000488e-01,4.301995975963227026e-01
9.295999999999999819e-01,8.395178420016082832e-01
9.293000000000000149e-01,6.686043601937921022e-01
9.286999999999999700e-01,-3.280641932524534093e-02
9.284000000000000030e-01,-3.470326825318537090e-02
9.281000000000000361e-01,-4.741263789475452795e-02
9.274000000000000021e-01,2.494968099907984849e-01
9.271000000000000352e-01,1.547648528955327951e-01
9.267999999999999572e-01,3.498037393608391388e-02
9.261000000000000343e-01,-8.092438142100850940e-02
9.256999999999999673e-01,-2.449531089543182383e-01
9.254000000000000004e-01,-1.683115303113998096e-01
9.247999999999999554e-01,-2.145022170023684338e-01
9.243999999999999995e-01,4.415817997043707810e-01
9.241000000000000325e-01,9.334031775960717481e-02
9.233999999999999986e-01,-4.552103001128357529e-02
9.231000000000000316e-01,7.771596977677960871e-02
9.224999999999999867e-01,-1.580814655587721163e-01
9.222000000000000197e-01,-2.421606310783761262e-01
9.219000000000000528e-01,-1.179196654967074043e-01
9.215999999999999748e-01,-7.278527323370617697e-02
9.209000000000000519e-01,1.612093340083936913e-02
9.205999999999999739e-01,1.665375581412303074e-01
9.202000000000000179e-01,7.059387319837892583e-02
9.195999999999999730e-01,9.603883751191105711e-02
9.193000000000000060e-01,-2.998680236543892486e-01
9.190000000000000391e-01,-1.929386328246534832e-01
9.183999999999999941e-01,3.021240000715993967e-01
9.181000000000000272e-01,2.162699149683131872e-01
9.176999999999999602e-01,1.879527452231183615e-01
9.170000000000000373e-01,2.993666428871143426e-01
9.166999999999999593e-01,2.474736021640150663e-01
9.163999999999999924e-01,2.753728557593356219e-01
9.156999999999999584e-01,2.254588386682511714e-01
9.153999999999999915e-01,7.509259709458526721e-02
9.151000000000000245e-01,-5.345081781274918509e-01
9.143999999999999906e-01,-4.001486722482418268e-02
9.141000000000000236e-01,2.507262817842042038e-02
9.136999999999999567e-01,-1.661349034415325887e-01
9.131000000000000227e-01,-2.131543736930748834e-01
9.126999999999999558e-01,-5.324853996422208580e-01
9.121000000000000218e-01,-2.263202246840655407e-01
9.116999999999999549e-01,-5.794001100848300556e-02
9.113999999999999879e-01,3.644512670716555658e-02
9.108000000000000540e-01,2.801164571996955788e-01
9.103999999999999870e-01,-1.005081487018516379e-01
9.101000000000000201e-01,-1.383072423287077246e-01
9.094999999999999751e-01,-2.714500635903516201e-01
9.092000000000000082e-01,-1.803503376816449344e-01
9.088000000000000522e-01,-1.591988770739986570e-01
9.084999999999999742e-01,2.498000958459415388e-01
9.078000000000000513e-01,2.037370009793076364e-01
9.074999999999999734e-01,-2.781419908082249370e-01
9.072000000000000064e-01,-1.902634861416390710e-01
9.064999999999999725e-01,6.257699491263486735e-02
9.062000000000000055e-01,4.606436142787456722e-01
9.059000000000000385e-01,-1.236548265833069538e-01
9.052999999999999936e-01,-4.274198677123113299e-01
9.050000000000000266e-01,-5.431083683866012590e-01
9.045999999999999597e-01,-3.132045412646933258e-01
9.039000000000000368e-01,-4.183484170374633937e-01
9.035999999999999588e-01,1.109115027428234923e-01
9.032000000000000028e-01,2.283635288531909446e-01
9.025999999999999579e-01,1.108654534153321047e-01
9.022999999999999909e-01,1.754367221936422860e-01
9.019000000000000350e-01,1.289137505701290765e-01
9.012999999999999901e-01,1.346525711051348440e-01
9.010000000000000231e-01,1.794273954092867052e-01
9.002999999999999892e-01,3.485380011509684461e-01
8.999000000000000332e-01,-9.532263723950476497e-02
8.992999999999999883e-01,-2.280455892655994798e-01
8.989000000000000323e-01,-2.828743947603682973e-01
8.982999999999999874e-01,-2.353124801463511717e-01
8.980000000000000204e-01,1.020392399839632064e-03
8.975999999999999535e-01,-2.396159476236790487e-01
8.970000000000000195e-01,-5.262703825726451345e-01
8.967000000000000526e-01,3.852119926136014505e-01
8.963999999999999746e-01,1.456096750571903714e-02
8.957000000000000517e-01,-3.216142971257775485e-01
8.953999999999999737e-01,8.874723728772301867e-02
8.951000000000000068e-01,2.440478853247890212e-01
8.943999999999999728e-01,1.118952289819847290e-01
8.941000000000000059e-01,-1.579719711017920913e-01
8.938000000000000389e-01,-2.822825299453866621e-01
8.931000000000000050e-01,-3.310721544786884851e-03
8.928000000000000380e-01,1.108906267669297896e-01
8.923999999999999710e-01,8.328707747472111067e-02
8.918000000000000371e-01,-1.635950967305166981e-01
8.913999999999999702e-01,-2.298829365867728070e-01
8.911000000000000032e-01,1.419566853370674286e-01
8.904999999999999583e-01,-2.626768871545137954e-02
8.901999999999999913e-01,-2.727697104351351487e-01
8.898000000000000353e-01,-3.543475164039249226e-01
8.891999999999999904e-01,-9.858535441485596906e-02
8.889000000000000234e-01,1.395337577283573341e-02
8.881000000000000005e-01,1.550980787421666340e-01
8.878000000000000336e-01,3.460716414225629700e-01
8.871999999999999886e-01,2.318276446856251949e-01
8.868000000000000327e-01,3.574833017472496266e-01
8.861999999999999877e-01,6.870158886685675537e-01
8.859000000000000208e-01,6.513406168197366508e-01
8.856000000000000538e-01,2.254530348067365075e-01
8.852999999999999758e-01,5.449486431278972587e-01
8.846000000000000529e-01,4.987207527537280694e-01
8.842999999999999750e-01,-2.165306635389758691e-02
8.840000000000000080e-01,3.466291024227432377e-02
8.831999999999999851e-01,6.000073172221466467e-02
8.829000000000000181e-01,-1.614226622707838274e-02
8.826000000000000512e-01,-1.651852854454133879e-01
8.816000000000000503e-01,-1.933063886089964045e-01
8.811999999999999833e-01,-6.348572572188000418e-01
8.809000000000000163e-01,-1.135987235467727507e-01
8.802999999999999714e-01,-2.084163599530694244e-01
8.800000000000000044e-01,-4.557068247027580843e-01
8.796000000000000485e-01,-2.611060862666163551e-01
8.790000000000000036e-01,-3.796348598485719261e-01
8.787000000000000366e-01,9.869143736748872686e-02
8.782999999999999696e-01,-2.674970506824029259e-01
8.777000000000000357e-01,2.725804302749048058e-01
8.772999999999999687e-01,-1.778271507042674116e-01
8.767000000000000348e-01,-1.608845404579514193e-01
8.762999999999999678e-01,-2.972540170643849233e-01
8.760000000000000009e-01,-1.980661793530734127e-01
8.757000000000000339e-01,1.815008485758491386e-01
8.750000000000000000e-01,-8.484329187823276552e-02
8.747000000000000330e-01,-1.045659953342924497e-01
8.743999999999999551e-01,4.391225499683019257e-02
8.739999999999999991e-01,-4.440618370700542550e-01
8.733999999999999542e-01,2.108655632591634466e-01
8.730999999999999872e-01,-2.494807935330312365e-01
8.728000000000000203e-01,4.118187137624410715e-03
8.720999999999999863e-01,2.903695086518788201e-02
8.717000000000000304e-01,-1.768856744859708674e-01
8.713999999999999524e-01,4.046740738198380954e-02
8.707000000000000295e-01,4.225058773822242680e-02
8.702999999999999625e-01,1.560547003613688144e-01
8.699999999999999956e-01,-2.496441529502681500e-01
8.693999999999999506e-01,-2.914832074462953004e-01
8.690999999999999837e-01,-9.466033323471227667e-02
8.687000000000000277e-01,8.601227420635716714e-02
8.680999999999999828e-01,7.199400609813602636e-02
8.678000000000000158e-01,4.677834030831833911e-01
8.671999999999999709e-01,2.799859547455508246e-01
8.668000000000000149e-01,1.897956789056239740e-02
8.661999999999999700e-01,-5.336998934088975355e-03
8.658000000000000140e-01,5.015013329822413102e-01
8.655000000000000471e-01,6.919759670623043535e-02
8.648000000000000131e-01,2.179842543473188843e-01
8.645000000000000462e-01,-4.020131216083441816e-01
8.641999999999999682e-01,-1.168985428975791441e-01
8.638000000000000123e-01,-6.300043236283142667e-02
8.631999999999999673e-01,-1.800228496651331278e-01
8.628000000000000114e-01,-4.945954377362743459e-01
8.625000000000000444e-01,-1.002614745703182958e-01
8.618000000000000105e-01,6.094904567318184530e-01
8.615000000000000435e-01,5.158930439955341507e-01
8.610999999999999766e-01,6.808853730272532156e-02
8.605000000000000426e-01,1.666210105333841007e-01
8.600999999999999757e-01,-2.146105404345153428e-02
8.598000000000000087e-01,-4.562376941117046725e-02
8.591999999999999638e-01,-2.607437411474293754e-01
8.588000000000000078e-01,-3.298204934136820810e-01
8.585000000000000409e-01,-1.298509087341347401e-01
8.578000000000000069e-01,4.706060218691082708e-02
8.575000000000000400e-01,-2.097457407523590778e-01
8.571999999999999620e-01,1.147362070652601651e-01
8.565000000000000391e-01,-1.170624725889825163e-01
8.561999999999999611e-01,-1.631351275184055871e-01
8.558000000000000052e-01,-1.487927498385706038e-01
8.550999999999999712e-01,1.586695466205493288e-01
8.548000000000000043e-01,1.212415776900973782e-02
8.544000000000000483e-01,-9.189185172190239559e-02
8.538000000000000034e-01,1.711029456715005281e-01
8.534000000000000474e-01,-1.348858067583757758e-01
8.530999999999999694e-01,-2.665398675498215630e-01
8.524000000000000465e-01,-2.378198783196537880e-01
8.520999999999999686e-01,-1.267618835079317163e-01
8.518000000000000016e-01,-6.625718595874766081e-02
8.510999999999999677e-01,-7.214293549978123554e-02
8.504000000000000448e-01,4.475218353423978668e-01
8.500999999999999668e-01,8.590994163879635270e-02
8.497000000000000108e-01,8.996497783298351703e-02
8.490999999999999659e-01,1.779287807723438641e-01
8.487000000000000099e-01,-4.185024382901054718e-01
8.484000000000000430e-01,-4.171674568433309527e-01
8.477000000000000091e-01,-4.462186310450789728e-01
8.473000000000000531e-01,-3.406375128426112342e-01
8.469999999999999751e-01,-1.415398809488416509e-01
8.464000000000000412e-01,-5.673883698829157440e-01
8.459999999999999742e-01,-4.011008756280042831e-01
8.457000000000000073e-01,-3.079523425482226795e-01
8.449999999999999734e-01,-4.059060743714253960e-01
8.447000000000000064e-01,-7.294312964895781626e-01
8.444000000000000394e-01,-4.111580174725754655e-01
8.437000000000000055e-01,-1.551023931369932829e-01
8.433000000000000496e-01,-1.727988007611466759e-01
8.429999999999999716e-01,-7.858539806741533795e-02
8.423000000000000487e-01,-1.096563300164018762e-01
8.419999999999999707e-01,3.115265037886101249e-02
8.413000000000000478e-01,-6.960703266098866582e-02
8.409999999999999698e-01,-3.075131860352559032e-01
8.404000000000000359e-01,-6.952941488323782782e-01
8.397000000000000020e-01,-1.661802294202234243e-01
8.394000000000000350e-01,-2.263109304577828329e-01
8.389999999999999680e-01,-4.593232464128026993e-01
8.384000000000000341e-01,7.063479272979237417e-03
8.379999999999999671e-01,9.027661551046359256e-02
8.377000000000000002e-01,2.007273616515996631e-02
8.369999999999999662e-01,2.163799224027466717e-01
8.366999999999999993e-01,-1.959006811323043551e-01
8.364000000000000323e-01,2.248156152886895270e-02
8.356999999999999984e-01,-8.362400522381142898e-02
8.354000000000000314e-01,-2.724546893986974916e-01
8.350999999999999535e-01,-3.950180950373352595e-02
8.344000000000000306e-01,7.524981313985655562e-02
8.340999999999999526e-01,2.024333966574873578e-01
8.336999999999999966e-01,6.709743017119326747e-02
8.329999999999999627e-01,-5.304940744641720857e-03
8.326999999999999957e-01,2.468080459206182797e-01
8.324000000000000288e-01,2.705394877140733234e-01
8.316999999999999948e-01,-1.176377054090183838e-01
8.314000000000000279e-01,-2.872144131250238264e-01
8.306999999999999940e-01,-1.068549895152101914e-01
8.304000000000000270e-01,-3.572655252812159676e-02
8.299999999999999600e-01,-1.437679042270512408e-01
8.294000000000000261e-01,-5.497113334755675540e-01
8.289999999999999591e-01,-2.976770404260155045e-01
8.283000000000000362e-01,3.016974794883050537e-01
8.276000000000000023e-01,6.890913867145000149e-03
8.273000000000000353e-01,2.036531497009129443e-01
8.266999999999999904e-01,1.598032156017222816e-01
8.264000000000000234e-01,2.332434055316609245e-01
8.260999999999999455e-01,-2.935255084905914469e-01
8.256000000000000005e-01,-3.004553525412165249e-01
8.253000000000000336e-01,-2.128741570864723376e-01
8.248999999999999666e-01,-4.160870592605290796e-01
8.243000000000000327e-01,-6.387895565318035818e-01
8.238999999999999657e-01,-7.614211966791638586e-01
8.235999999999999988e-01,5.243866861429687803e-02
8.228999999999999648e-01,4.115585647067147856e-02
8.225999999999999979e-01,3.347498508183524568e-01
8.224000000000000199e-01,7.873956424255369735e-02
8.216999999999999860e-01,1.545804665515249365e-01
8.214000000000000190e-01,-2.137470805197274129e-02
8.211000000000000520e-01,-4.915601217019829883e-02
8.204000000000000181e-01,3.042198574191028460e-01
8.199999999999999512e-01,3.450416046310361140e-01
8.196999999999999842e-01,2.796532770513258243e-03
8.189999999999999503e-01,-3.323716134952074686e-02
8.186999999999999833e-01,-3.887678754117742663e-01
8.179999999999999494e-01,-1.605627605387807688e-01
8.176999999999999824e-01,-2.579013135037278026e-01
8.169999999999999485e-01,-1.005729038650732265e-01
8.166999999999999815e-01,-8.049822187517277627e-02
8.164000000000000146e-01,-2.727328814170338900e-01
8.156999999999999806e-01,-2.291150488383983941e-01
8.154000000000000137e-01,-5.076096853096414563e-01
8.151000000000000467e-01,-2.120026703889736908e-01
8.144000000000000128e-01,-4.772901841703855452e-01
8.141000000000000458e-01,-3.323829821835549425e-01
8.136999999999999789e-01,-5.169712300623287016e-01
8.131000000000000449e-01,-6.534589026013065682e-01
8.126999999999999780e-01,-3.863918494067695997e-02
8.121000000000000441e-01,-4.907757866883791231e-02
8.117999999999999661e-01,1.656565276603899073e-01
8.114000000000000101e-01,1.398210589550357708e-01
8.107999999999999652e-01,-2.883040977077707678e-01
8.104999999999999982e-01,-1.772045116196297246e-02
8.101000000000000423e-01,8.041809452515946699e-02
8.094000000000000083e-01,-1.650289105807937196e-01
8.091000000000000414e-01,-2.146704888925836663e-01
8.087999999999999634e-01,-1.765056153484566293e-01
8.081000000000000405e-01,1.432996688715063027e-01
8.077999999999999625e-01,2.137927526414760138e-01
8.074999999999999956e-01,-3.392928118162684414e-02
8.067999999999999616e-01,1.057536060509187414e-01
8.064999999999999947e-01,-5.863859106763642109e-02
8.057999999999999607e-01,-4.070761624858781902e-01
8.054999999999999938e-01,-2.676695773950240609e-01
8.047999999999999599e-01,-4.671578672063429472e-01
8.044999999999999929e-01,-6.119999982146092643e-01
8.042000000000000259e-01,-7.514404282717244143e-01
8.034999999999999920e-01,-8.317486672543067394e-01
8.032000000000000250e-01,-5.650336844532682923e-01
8.027999999999999581e-01,-6.170463606230882636e-01
8.021000000000000352e-01,-5.382342270399261830e-01
8.017999999999999572e-01,-7.618708355054010228e-01
8.014000000000000012e-01,-2.331563459317888554e-01
8.007999999999999563e-01,-4.554313906278721624e-02
8.004999999999999893e-01,8.945065319977511809e-02
8.001000000000000334e-01,-9.730525885583238277e-02
7.994999999999999885e-01,-1.113552554119065230e-01
7.992000000000000215e-01,2.729044238314760062e-01
7.989000000000000545e-01,2.309338978954424693e-01
7.982000000000000206e-01,9.842261460417693619e-02
7.979000000000000536e-01,7.032301133799669091e-02
7.975999999999999757e-01,-4.722809351277919010e-01
7.969000000000000528e-01,-3.021488749826387737e-02
7.965999999999999748e-01,-3.383663418938414602e-01
7.959000000000000519e-01,-6.561197034857269017e-01
7.955999999999999739e-01,-3.636661309017966692e-01
7.953000000000000069e-01,-7.236913523955791627e-02
7.945999999999999730e-01,1.068734595419010142e-01
7.943000000000000060e-01,-4.786513521030932861e-01
7.935999999999999721e-01,-1.164748120256937358e-01
7.933000000000000052e-01,-2.686839969155002672e-01
7.930000000000000382e-01,-3.898662975268876729e-01
7.923000000000000043e-01,-4.150210923992430079e-01
7.920000000000000373e-01,-3.906389493312303896e-02
7.915999999999999703e-01,2.677416132339065225e-02
7.910000000000000364e-01,2.724800567935250356e-02
7.905999999999999694e-01,-5.679984813879938171e-03
7.903000000000000025e-01,5.201904811427422032e-03
7.900000000000000355e-01,-1.576294447060686832e-01
7.893000000000000016e-01,-3.390312034952380760e-01
7.890000000000000346e-01,1.128075993691896178e-01
7.886999999999999567e-01,-1.132192074257583336e-01
7.880000000000000338e-01,-2.229627340379915779e-01
7.876999999999999558e-01,-6.860771958736651133e-01
7.872999999999999998e-01,-8.242114436789681475e-01
7.866999999999999549e-01,-4.450727834334712307e-01
7.863999999999999879e-01,-1.423354159658160034e-01
7.860000000000000320e-01,-3.753372914369092206e-02
7.853999999999999870e-01,1.752997501795619806e-01
7.851000000000000201e-01,-1.671183212152444475e-01
7.846999999999999531e-01,-4.841302731389330871e-01
7.841000000000000192e-01,-1.927883391070347174e-01
7.836999999999999522e-01,-5.252244744971654722e-01
7.833999999999999853e-01,-3.503465789931660135e-01
7.828000000000000513e-01,-6.005656276248305669e-02
7.823999999999999844e-01,-6.579216993547959413e-02
7.818000000000000504e-01,-3.682757023225867732e-01
7.814999999999999725e-01,-9.389480395987802319e-02
7.812000000000000055e-01,-2.581854772184545843e-01
7.809000000000000385e-01,-1.416853594212851702e-02
7.802000000000000046e-01,8.833476396972192446e-02
7.799000000000000377e-01,-1.676957824455317936e-01
7.795999999999999597e-01,-6.589100546370478817e-01
7.789000000000000368e-01,-3.660906152541730241e-01
7.785999999999999588e-01,-4.696753495712219229e-01
7.782000000000000028e-01,-6.716356338961845251e-01
7.775999999999999579e-01,-6.717611333943263041e-01
7.772999999999999909e-01,-3.211557428420622196e-01
7.769000000000000350e-01,-4.231497753288829822e-01
7.762999999999999901e-01,-3.076085859385325194e-01
7.759000000000000341e-01,-5.838332909056422049e-02
7.755999999999999561e-01,-4.316377309235156501e-01
7.750000000000000222e-01,-8.533834946809195632e-01
7.747000000000000552e-01,-1.045253800107379893e+00
7.742999999999999883e-01,-1.147467862241545733e+00
7.735999999999999543e-01,-1.071667268300383391e+00
7.732999999999999874e-01,-8.804186462697447535e-01
7.727000000000000535e-01,-1.084173406656549599e+00
7.723999999999999755e-01,-8.317459259110214775e-01
7.717000000000000526e-01,-1.033150253949984831e+00
7.713999999999999746e-01,-7.203636317025552405e-01
7.708000000000000407e-01,-4.275949558331035294e-01
7.704999999999999627e-01,-1.864225284121511783e-01
7.701000000000000068e-01,-1.026030138551376758e-01
7.698000000000000398e-01,-3.675060100695438092e-01
7.691000000000000059e-01,-3.170033338545504842e-01
7.688000000000000389e-01,-1.462899237396602520e-02
7.684999999999999609e-01,-2.362137549925119595e-01
7.678000000000000380e-01,-2.627896761226854450e-01
7.674999999999999600e-01,-5.598594152652963674e-01
7.671999999999999931e-01,-5.082097530123411699e-01
7.664999999999999591e-01,-4.404690908986442777e-01
7.661999999999999922e-01,-2.250036385783357185e-01
7.659000000000000252e-01,-2.897750918579673485e-01
7.651999999999999913e-01,-5.528805894843892288e-01
7.649000000000000243e-01,-6.626009612235189694e-01
7.645999999999999464e-01,-3.481437877157875227e-01
7.639000000000000234e-01,-7.447263316639378683e-01
7.635999999999999455e-01,-5.261028574162894822e-01
7.632999999999999785e-01,-3.653026835823873775e-01
7.625999999999999446e-01,-4.077760382032846187e-01
7.622999999999999776e-01,-8.396374113683533480e-01
7.620000000000000107e-01,-5.455653228635158891e-01
7.612999999999999767e-01,-1.163012132507682539e+00
7.610000000000000098e-01,-6.120009286139215243e-01
7.606000000000000538e-01,-4.065808788000801477e-01
7.600000000000000089e-01,-3.145350366548353427e-01
7.597000000000000419e-01,-3.091271916878541304e-01
7.592999999999999750e-01,-3.214521919124644911e-01
7.587000000000000410e-01,-2.752165859491685351e-01
7.583999999999999631e-01,-1.492740343515407409e-01
7.577000000000000401e-01,-3.538894365033833922e-01
7.573999999999999622e-01,-4.207119031807084464e-01
7.570000000000000062e-01,-2.363187610214057266e-01
7.563999999999999613e-01,-1.850577648428944899e-01
7.560999999999999943e-01,2.721215156502440266e-02
7.553999999999999604e-01,-2.908866057705619124e-01
7.550999999999999934e-01,-7.616349616714054860e-02
7.548000000000000265e-01,-2.695257377034006030e-01
7.543999999999999595e-01,-5.097127292926981745e-01
7.538000000000000256e-01,-5.760133665206451647e-01
7.533999999999999586e-01,-2.916384073126110366e-01
7.528000000000000247e-01,-2.478257085825703587e-01
7.524999999999999467e-01,-1.269083992369948177e-01
7.520999999999999908e-01,-1.648154079645454129e-01
7.513999999999999568e-01,-7.711651713018710663e-02
7.510999999999999899e-01,-6.286820971868056773e-02
7.508000000000000229e-01,-4.010103861614659065e-03
7.501999999999999780e-01,1.502394968887687740e-02
7.498000000000000220e-01,2.552104387560619192e-01
7.495000000000000551e-01,3.358111432996040424e-01
7.489000000000000101e-01,8.939531635494650519e-03
7.486000000000000432e-01,-1.393005868421232640e-01
7.481999999999999762e-01,-4.794429766682116734e-01
7.476000000000000423e-01,-8.286985656549036294e-01
7.472999999999999643e-01,-4.567599138515519019e-01
7.465000000000000524e-01,-4.431579776240958113e-01
7.461999999999999744e-01,-5.594399954232101013e-01
7.459000000000000075e-01,-2.783328398481711013e-02
7.455000000000000515e-01,-5.094502449941654132e-02
7.449000000000000066e-01,-5.513903799301417274e-01
7.445000000000000506e-01,-3.805171914406167422e-01
7.439000000000000057e-01,-3.251807850123723531e-01
7.436000000000000387e-01,-3.064527983869512195e-01
7.432999999999999607e-01,-2.614315760047949966e-01
7.426000000000000378e-01,-4.887693586449310401e-01
7.422999999999999599e-01,-9.191829186017781428e-01
7.416000000000000369e-01,-6.576756914227692707e-01
7.411999999999999700e-01,-6.358226201359871155e-01
7.409000000000000030e-01,-9.217890142229732131e-01
7.402999999999999581e-01,-5.743310226742192048e-01
7.399000000000000021e-01,-4.436134534716940636e-01
7.392999999999999572e-01,-8.629182325627050842e-02
7.389999999999999902e-01,3.167601060371279947e-02
7.387000000000000233e-01,1.528621402449559796e-01
7.379999999999999893e-01,-4.653449302760223616e-04
7.377000000000000224e-01,-4.805906588449798122e-01
7.372999999999999554e-01,-5.127724391074854893e-01
7.367000000000000215e-01,-3.247211036623782188e-01
7.362999999999999545e-01,-3.942275658291600343e-02
7.357000000000000206e-01,-3.586895340683947109e-01
7.354000000000000536e-01,-2.569469466403477842e-01
7.350999999999999757e-01,-4.935045265977563433e-01
7.344000000000000528e-01,-4.681621148535362598e-01
7.338000000000000078e-01,-3.739399331660945291e-01
7.334000000000000519e-01,-6.781158214117454230e-01
7.330999999999999739e-01,-1.276194806202560761e-01
7.324000000000000510e-01,-3.267273138363646079e-01
7.319999999999999840e-01,-3.145126304897717662e-02
7.314000000000000501e-01,-1.423034751603575454e-01
7.309999999999999831e-01,-2.237863082473314225e-01
7.304000000000000492e-01,-6.623658995204415034e-02
7.299999999999999822e-01,-6.373458522001781423e-01
7.297000000000000153e-01,-3.551060404873452314e-01
7.289999999999999813e-01,-1.805421971441743545e-01
7.287000000000000144e-01,-4.493859713954918567e-01
7.284000000000000474e-01,-5.385927911036856308e-01
7.278000000000000025e-01,-5.311919807683067596e-01
7.274000000000000465e-01,-6.338222909554251938e-01
7.270999999999999686e-01,-5.066964187495437422e-01
7.268000000000000016e-01,-4.572938535632128376e-01
7.261999999999999567e-01,-3.441084127487714639e-01
7.258000000000000007e-01,-4.011846653132855600e-01
7.255000000000000338e-01,-5.964604400708747312e-01
7.247999999999999998e-01,-4.509340176882086215e-01
7.244000000000000439e-01,-6.418279851106702960e-01
7.240999999999999659e-01,-4.823648498802121098e-01
7.234000000000000430e-01,-5.698210105829054628e-01
7.229999999999999760e-01,-3.237415609620947210e-01
7.227000000000000091e-01,-3.719279469772528990e-01
7.219999999999999751e-01,-2.406984621849375949e-01
7.217000000000000082e-01,-5.483653373537377140e-01
7.214000000000000412e-01,-7.648802979781264000e-01
7.207999999999999963e-01,-5.006572343346001874e-01
7.204000000000000403e-01,-2.621729664577959196e-01
7.200999999999999623e-01,-2.084074382271137449e-01
7.194000000000000394e-01,-2.629351738212860612e-01
7.190999999999999615e-01,-2.507532797230930255e-01
7.184000000000000385e-01,-1.814128644563256787e-01
7.180999999999999606e-01,-4.746233564102003699e-02
7.177000000000000046e-01,-1.014238982722636545e-01
7.169999999999999707e-01,-1.672207292050366667e-01
7.167000000000000037e-01,-1.325511954871445575e-01
7.164000000000000368e-01,-4.316817672256703098e-01
7.157000000000000028e-01,-4.058626070642954442e-01
7.150999999999999579e-01,-3.605953293688511918e-01
7.147000000000000020e-01,-4.371258472027936270e-01
7.140999999999999570e-01,-4.052706463781511892e-01
7.137000000000000011e-01,-1.449957955298249446e-01
7.134000000000000341e-01,-6.215698601639381149e-01
7.127000000000000002e-01,-6.247791796756981819e-01
7.123000000000000442e-01,-6.155119436855789328e-01
7.119999999999999662e-01,-7.549311831048645116e-01
7.113000000000000433e-01,-6.914841887798091058e-01
7.109999999999999654e-01,-5.642805798147213503e-01
7.106000000000000094e-01,-4.772285748242234837e-01
7.099999999999999645e-01,-7.664948232823640684e-01
7.096000000000000085e-01,-8.750613961834249332e-01
7.089999999999999636e-01,-4.877031149546403599e-01
7.086999999999999966e-01,-2.264379714250362441e-01
7.083000000000000407e-01,-3.237435051218692794e-01
7.076999999999999957e-01,-7.946860418757287770e-01
7.073000000000000398e-01,-6.068514282614673183e-01
7.066000000000000059e-01,-4.820699819816243736e-01
7.063000000000000389e-01,-5.484988427920935994e-01
7.058999999999999719e-01,-4.003644446335091200e-01
7.056000000000000050e-01,-7.470263296883733473e-02
7.048999999999999710e-01,-4.216050468508090732e-01
7.045000000000000151e-01,-2.903490426623311915e-01
7.042000000000000481e-01,-6.785578230248225928e-01
7.038999999999999702e-01,-6.583509826822795397e-01
7.032000000000000473e-01,-8.395765237373810086e-01
7.027999999999999803e-01,-3.116584528521995634e-01
7.022000000000000464e-01,-1.909167100346822743e-01
7.018999999999999684e-01,-6.653513028336086599e-01
7.016000000000000014e-01,-5.629320734860487896e-01
7.008999999999999675e-01,-3.696171500821437972e-01
7.005000000000000115e-01,-7.360770299497456648e-01
7.002000000000000446e-01,-5.984852786805801017e-01
6.995000000000000107e-01,-8.849438080154301556e-01
6.991000000000000547e-01,-9.477124653183857106e-01
6.987999999999999767e-01,-7.707044510239379198e-01
6.981000000000000538e-01,-5.776071183789962538e-01
6.976999999999999869e-01,-7.823588721651082434e-01
6.971000000000000529e-01,-6.344806349780924837e-01
6.966999999999999860e-01,-7.796566959656650031e-01
6.964000000000000190e-01,-3.633441012792647529e-01
6.961000000000000520e-01,-6.781032817652866695e-01
6.954000000000000181e-01,-9.300745568768137295e-01
6.951000000000000512e-01,-4.895801473466573350e-01
6.946999999999999842e-01,-5.166504582036551829e-01
6.939999999999999503e-01,-4.814322134166358902e-01
6.936999999999999833e-01,-2.747262017081851804e-01
6.934000000000000163e-01,-4.809473108281542286e-01
6.931000000000000494e-01,-1.878018794043223860e-01
6.924000000000000155e-01,-3.656143288737097041e-01
6.919999999999999485e-01,-8.042932570313928720e-01
6.914000000000000146e-01,-8.214261598087362337e-01
6.909999999999999476e-01,-9.057061057752310296e-01
6.904000000000000137e-01,-1.037590314640658651e+00
6.901000000000000467e-01,-6.494749075273498207e-01
6.894000000000000128e-01,-7.256170637351985198e-01
6.889999999999999458e-01,-4.891356171660447560e-01
6.886999999999999789e-01,-4.749111530885944954e-01
6.879999999999999449e-01,-5.928625125601878487e-01
6.876999999999999780e-01,-6.173171364037702835e-01
6.873000000000000220e-01,-6.044617021278443358e-01
6.866999999999999771e-01,-5.615137500268162496e-01
6.863000000000000211e-01,-7.550744549935859418e-01
6.856999999999999762e-01,-3.970569580796540210e-01
6.853000000000000203e-01,-3.391778624906353068e-01
6.845999999999999863e-01,-2.782928429023333039e-01
6.842000000000000304e-01,-3.281865755042686628e-01
6.838999999999999524e-01,-1.511102166798722612e-01
6.832000000000000295e-01,-5.105309778378770424e-01
6.824999999999999956e-01,-4.153488834857804735e-01
6.822000000000000286e-01,-6.909889705682321637e-01
6.814999999999999947e-01,-5.700721019040780879e-01
6.812000000000000277e-01,-5.806612873425964771e-01
6.807999999999999607e-01,-6.589776199263813750e-01
6.802000000000000268e-01,-4.460548041754523463e-01
6.798999999999999488e-01,-3.328898192798382394e-01
6.794999999999999929e-01,-4.372511828083487928e-01
6.787999999999999590e-01,-5.813957618862916066e-01
6.784999999999999920e-01,-8.627669342378273543e-01
6.782000000000000250e-01,-8.357188380809068562e-01
6.774999999999999911e-01,-8.764783150783670429e-01
6.772000000000000242e-01,-6.617160328989445395e-01
6.765999999999999792e-01,-4.940473923440357740e-01
6.762000000000000233e-01,-4.245812943456852562e-01
6.758999999999999453e-01,-3.876601596838847863e-01
6.752000000000000224e-01,-3.160042525129024282e-01
6.747999999999999554e-01,-6.268037065968053989e-01
6.744999999999999885e-01,-5.192651036900713946e-01
6.739000000000000545e-01,-6.303113424364990003e-01
6.734999999999999876e-01,-5.853139205738733253e-01
6.732000000000000206e-01,-6.478277984896903263e-02
6.725999999999999757e-01,-4.262559342319742761e-01
6.719000000000000528e-01,-3.687573550691580215e-01
6.715999999999999748e-01,-3.974745276363205737e-01
6.712000000000000188e-01,-3.112995026205629401e-01
6.709000000000000519e-01,-6.682459336503011604e-01
6.699000000000000510e-01,-5.319209327288515476e-01
6.695999999999999730e-01,-3.119135204763721081e-01
6.692000000000000171e-01,-3.402325138706870922e-01
6.689000000000000501e-01,-6.220175387866263561e-01
6.682000000000000162e-01,-6.982712077356818536e-01
6.679000000000000492e-01,-5.931073944561338074e-01
6.674999999999999822e-01,-4.226602878531029450e-01
6.669000000000000483e-01,-5.966340144729592732e-01
6.664999999999999813e-01,-5.853214540346100003e-01
6.662000000000000144e-01,-5.097547881145422233e-01
6.655999999999999694e-01,-4.426024152985683635e-01
6.653000000000000025e-01,-6.843247826064549066e-01
6.649000000000000465e-01,-8.492083643764358758e-01
6.643000000000000016e-01,-6.743233613742093402e-01
6.640000000000000346e-01,-8.556281569359682759e-01
6.635999999999999677e-01,-3.952398361612026734e-01
6.630000000000000338e-01,-5.676361368744746727e-01
6.625999999999999668e-01,-7.124046570808253431e-01
6.622999999999999998e-01,-7.038560761806464949e-01
6.615999999999999659e-01,-9.472436652017339753e-01
6.612999999999999989e-01,-1.105964998027880508e+00
6.606999999999999540e-01,-7.712929966624537670e-01
6.603999999999999870e-01,-5.799415227277600060e-01
6.601000000000000201e-01,-6.178132112513657903e-01
6.598000000000000531e-01,-5.449700382974850266e-01
6.591000000000000192e-01,-3.699948460222598490e-01
6.588000000000000522e-01,-3.178960771741952129e-01
6.584999999999999742e-01,-1.053995337979888314e-01
6.578000000000000513e-01,-5.034154264893834219e-01
6.573999999999999844e-01,-6.191762491794430279e-01
6.571000000000000174e-01,-3.554590984787922014e-01
6.564999999999999725e-01,-5.833983828279921680e-01
6.562000000000000055e-01,-8.312228803388465037e-01
6.559000000000000385e-01,-8.128662058853745043e-01
6.552000000000000046e-01,-2.573648690577887699e-01
6.549000000000000377e-01,-3.742473646427572631e-01
6.545999999999999597e-01,-5.851349311861413494e-01
6.540000000000000258e-01,-3.545249436719848934e-01
6.536999999999999478e-01,-1.847100783603709551e-01
6.530000000000000249e-01,-3.054993501866009598e-01
6.526999999999999469e-01,4.415659367540619717e-02
6.523999999999999799e-01,-3.177410592350958796e-01
6.518000000000000460e-01,-5.750673083341562020e-01
6.513999999999999790e-01,-5.878254609129529573e-01
6.511000000000000121e-01,-2.444366447834959155e-01
6.504999999999999671e-01,-2.088593545853442007e-02
6.502000000000000002e-01,-1.925262006799129400e-01
6.499000000000000332e-01,-5.753252417872245505e-01
6.492999999999999883e-01,-8.026797847874742597e-01
6.489000000000000323e-01,-5.440031553198532155e-01
6.485999999999999543e-01,-4.801394573489140560e-01
6.480000000000000204e-01,1.692910563915145106e-01
6.477000000000000535e-01,-2.310523184363287852e-01
6.473999999999999755e-01,-2.249656947303480536e-01
6.467000000000000526e-01,-5.706719090602563327e-01
6.464999999999999636e-01,-3.298995316969679514e-01
6.461999999999999966e-01,-6.429572151577054306e-01
6.459000000000000297e-01,-7.627432315924012052e-01
6.451999999999999957e-01,-3.903005515105278933e-01
6.449000000000000288e-01,-6.871502313757844593e-01
6.445999999999999508e-01,-3.693054741201731161e-01
6.440000000000000169e-01,-6.446704027460365971e-01
6.437000000000000499e-01,-5.858466464308988986e-01
6.431000000000000050e-01,-8.189375283351729706e-01
6.428000000000000380e-01,-1.072193418779688434e+00
6.424999999999999600e-01,-9.358832013815592266e-01
6.421999999999999931e-01,-8.462743678874871112e-01
6.415999999999999481e-01,-1.034982692539815785e+00
6.412999999999999812e-01,-1.066648680427126017e+00
6.409000000000000252e-01,-6.668203428942458544e-01
6.403999999999999693e-01,-8.524868346841685263e-01
6.401000000000000023e-01,-7.452067966727972115e-01
6.398000000000000353e-01,-8.363651522338630961e-01
6.391999999999999904e-01,-7.736051488702456735e-01
6.389000000000000234e-01,-7.450157380880345626e-01
6.385999999999999455e-01,-6.706692025134232127e-01
6.380000000000000115e-01,-4.856419746933631210e-01
6.377000000000000446e-01,-7.597297878847051322e-01
6.373999999999999666e-01,-8.550337487695522931e-01
6.368000000000000327e-01,-5.322251429943258838e-01
6.364999999999999547e-01,-7.381944023403708144e-01
6.361999999999999877e-01,-7.884389179293712635e-01
6.356000000000000538e-01,-9.403099939507466587e-01
6.352999999999999758e-01,-5.643740697825936348e-01
6.350000000000000089e-01,-8.570050574006415900e-01
6.344999999999999529e-01,-6.069701225106666209e-01
6.340999999999999970e-01,-6.729457263589971872e-01
6.338000000000000300e-01,-5.467680590979292488e-01
6.331999999999999851e-01,-2.120260651215116199e-01
6.329000000000000181e-01,-3.536951387048191120e-01
6.322999999999999732e-01,-2.602711517312502609e-01
6.320000000000000062e-01,-4.249471719013032667e-01
6.313999999999999613e-01,-5.546862308225195548e-01
6.310999999999999943e-01,-5.357669742852427808e-01
6.309000000000000163e-01,-5.717938124750218121e-01
6.302999999999999714e-01,-6.769489000662447520e-01
6.300000000000000044e-01,-8.380552469197882770e-01
6.293999999999999595e-01,-7.614819209807925926e-01
6.290999999999999925e-01,-7.304843074999972652e-01
6.289000000000000146e-01,-6.754948039440771268e-01
6.284999999999999476e-01,-4.962130604535823775e-01
6.279000000000000137e-01,-6.561597105902029492e-01
6.277000000000000357e-01,-8.317136278475465438e-01
6.270999999999999908e-01,-1.010106799383971632e+00
6.268000000000000238e-01,-7.377938389698879273e-01
6.264999999999999458e-01,-6.529536105734042861e-01
6.261999999999999789e-01,-5.439334312821011430e-01
6.256000000000000449e-01,-7.050536380467150588e-01
6.252999999999999670e-01,-1.049131204912542303e+00
6.247000000000000330e-01,-8.737365082117078963e-01
6.243999999999999551e-01,-4.815623837799588025e-01
6.240999999999999881e-01,-6.441121304230049693e-01
6.238000000000000211e-01,-5.400240718402264939e-01
6.231999999999999762e-01,-1.929618834409620454e-01
6.229000000000000092e-01,-3.508529231848714347e-01
6.222999999999999643e-01,-4.930717673254912392e-01
6.219999999999999973e-01,-5.359566705873011205e-01
6.217000000000000304e-01,-5.701080985151518732e-01
6.213999999999999524e-01,-8.219728143161065814e-01
6.208000000000000185e-01,-1.084026523053395863e+00
6.205000000000000515e-01,-9.399536031836969174e-01
6.202999999999999625e-01,-7.265623672630255880e-01
6.197000000000000286e-01,-6.504233148867891723e-01
6.193999999999999506e-01,-4.658754150997775900e-01
6.190999999999999837e-01,-5.177203275137806093e-01
6.185000000000000497e-01,-6.612100984530983050e-01
6.181999999999999718e-01,-6.961604351370803689e-01
6.176000000000000378e-01,-3.991199908095566795e-01
6.172999999999999599e-01,-2.885177422259064817e-01
6.169999999999999929e-01,-5.908921236295471280e-01
6.163999999999999480e-01,-7.361062799380495569e-01
6.159999999999999920e-01,-4.341287327513281280e-01
6.157000000000000250e-01,-7.266364553309111463e-01
6.150999999999999801e-01,-1.694549575345844772e-01
6.148000000000000131e-01,-6.130868877905629732e-01
6.145000000000000462e-01,-8.445037357834752623e-01
6.139000000000000012e-01,-7.529674002945294653e-01
6.136000000000000343e-01,-9.253326267834555141e-01
6.132999999999999563e-01,-6.056834267634302327e-01
6.126000000000000334e-01,-6.115986455803440469e-01
6.124000000000000554e-01,-5.402977508721048538e-01
6.117000000000000215e-01,-3.647240211810147126e-01
6.114000000000000545e-01,-7.300810762176810353e-01
6.110999999999999766e-01,-9.353644647548914337e-01
6.105000000000000426e-01,-4.381594352197148989e-01
6.101999999999999647e-01,-2.860331619221594956e-01
6.098000000000000087e-01,-7.638637222939911320e-01
6.091999999999999638e-01,-8.260893614482709424e-01
6.088999999999999968e-01,-8.170168821681187410e-01
6.086000000000000298e-01,-5.977420240772736149e-01
6.078999999999999959e-01,-6.146152145749291806e-01
6.076000000000000290e-01,-6.890939797643200748e-01
6.071999999999999620e-01,-5.243081687875909003e-01
6.066000000000000281e-01,-1.197412444914900120e-01
6.062999999999999501e-01,-5.275884792800664691e-01
6.058999999999999941e-01,-6.290559876948020879e-01
6.052999999999999492e-01,-8.095383061054077789e-01
6.049999999999999822e-01,-1.016769451079560627e+00
6.042999999999999483e-01,-9.697575001763025782e-01
6.039999999999999813e-01,-9.752664742937477982e-01
6.036000000000000254e-01,-7.830295366157216108e-01
6.028999999999999915e-01,-4.662621353596508311e-01
6.026000000000000245e-01,-5.914182893155466303e-01
6.018999999999999906e-01,-3.724728099547104931e-01
6.016000000000000236e-01,-3.131370777660603122e-01
6.011999999999999567e-01,-6.970262651851679703e-01
6.005000000000000338e-01,-7.702816764202985444e-01
6.001999999999999558e-01,-4.873584981632977375e-01
5.997999999999999998e-01,-4.447470748783141636e-01
5.990999999999999659e-01,-5.496416507208079505e-01
5.987999999999999989e-01,-3.750109983265939584e-01
5.984000000000000430e-01,-4.307185718997524337e-01
5.977000000000000091e-01,-5.310297124563466697e-01
5.973000000000000531e-01,-8.893913213877400192e-01
5.967000000000000082e-01,-8.772550798146231399e-01
5.963000000000000522e-01,-4.029706424036574863e-01
5.955000000000000293e-01,-6.435502348412598383e-01
5.951999999999999513e-01,-8.538493977139133273e-01
5.947999999999999954e-01,-8.387482776768648840e-01
5.940999999999999615e-01,-9.065973965588676187e-01
5.936000000000000165e-01,-7.996609937867922291e-01
5.933000000000000496e-01,-6.910670120867488109e-01
5.925000000000000266e-01,-7.505520616708262205e-01
5.920999999999999597e-01,-4.342075248830665202e-01
5.917999999999999927e-01,-5.433035296712710460e-01
5.909999999999999698e-01,-7.807098637626687099e-01
5.906000000000000139e-01,-8.446318540897063132e-01
5.901999999999999469e-01,-5.763072966970890221e-01
5.894000000000000350e-01,-8.869547485621507299e-01
5.889999999999999680e-01,-5.553035210629706508e-01
5.881999999999999451e-01,-4.982006346074112080e-01
5.877999999999999892e-01,-4.384645885013188082e-01
5.874000000000000332e-01,-4.881383091575913769e-01
5.866000000000000103e-01,-9.188625302877870826e-01
5.862000000000000544e-01,-1.027151940569029032e+00
5.857999999999999874e-01,-8.023341981008087487e-01
5.849999999999999645e-01,-8.411752625947401807e-01
5.846000000000000085e-01,-5.128827588656427183e-01
5.842000000000000526e-01,-4.736684115312878030e-01
5.833000000000000407e-01,-5.255127540456620006e-01
5.828999999999999737e-01,-6.902200097067207052e-01
5.825000000000000178e-01,-4.709330598088278252e-01
5.816999999999999948e-01,-9.474611332787110651e-01
5.812000000000000499e-01,-7.482759754440519995e-01
5.807999999999999829e-01,-8.350461173214267507e-01
5.798999999999999710e-01,-6.059435580008684097e-01
5.795000000000000151e-01,-1.023444587134973993e+00
5.786000000000000032e-01,-5.157512047732005778e-01
5.780999999999999472e-01,-7.613240682197977005e-01
5.773000000000000353e-01,-7.688510056433014439e-01
5.767999999999999794e-01,-1.155625733105047903e+00
5.764000000000000234e-01,-7.712323545634074407e-01
5.755000000000000115e-01,-8.560282904564587847e-01
5.749999999999999556e-01,-1.098368956656725848e+00
5.741000000000000547e-01,-6.141373384281265668e-01
5.736999999999999877e-01,-6.029369455890962737e-01
5.732000000000000428e-01,-2.768007689807556182e-01
5.727999999999999758e-01,-8.936589075235067403e-01
5.718999999999999639e-01,-1.009915764414454964e+00
5.714000000000000190e-01,-9.950723272111362538e-01
5.705000000000000071e-01,-5.699454707035114254e-01
5.699999999999999512e-01,-8.229244294360679168e-01
5.695999999999999952e-01,-7.631596549591648238e-01
5.685999999999999943e-01,-9.245825769558591034e-01
5.682000000000000384e-01,-1.325301068665443172e+00
5.676999999999999824e-01,-1.373903360936585827e+00
5.666999999999999815e-01,-1.096093412792601640e+00
5.662000000000000366e-01,-7.551114215048290168e-01
5.653000000000000247e-01,-7.631489912180615676e-01
5.647999999999999687e-01,-9.438709235691511434e-01
5.643000000000000238e-01,-1.118667204046206898e+00
5.634000000000000119e-01,-8.689019939129974945e-01
5.628999999999999559e-01,-6.594127788406441981e-01
5.624000000000000110e-01,-6.211847718113694405e-01
5.614000000000000101e-01,-4.511236976146182909e-01
5.608999999999999542e-01,-1.158623445574828104e+00
5.604000000000000092e-01,-8.061885858236228497e-01
5.594000000000000083e-01,-1.095305134605670805e+00
5.588999999999999524e-01,-9.056728477378913622e-01
5.580000000000000515e-01,-7.789980332081588577e-01
5.574999999999999956e-01,-7.836051019622660707e-01
5.570000000000000506e-01,-6.919926870094867954e-01
5.560000000000000497e-01,-1.032466760526342009e+00
5.554999999999999938e-01,-5.541695419588091864e-01
5.550000000000000488e-01,-4.753109684268856383e-01
5.544999999999999929e-01,-4.583409252446771220e-01
5.534999999999999920e-01,-6.631797797868781430e-01
5.530000000000000471e-01,-1.045435516134523013e+00
5.524999999999999911e-01,-9.293745777384678775e-01
5.514999999999999902e-01,-6.815451445974862743e-01
5.510000000000000453e-01,-5.328697994144661054e-01
5.504999999999999893e-01,-6.322178938504650070e-01
5.500000000000000444e-01,-6.222074226945399911e-01
5.490000000000000435e-01,-8.088991288488422970e-01
5.484999999999999876e-01,-9.556782245987252011e-01
5.481000000000000316e-01,-9.645636677818505422e-01
5.471000000000000307e-01,-8.451118200414006187e-01
5.465999999999999748e-01,-7.362966877557850509e-01
5.461000000000000298e-01,-7.144756916450359929e-01
5.451000000000000290e-01,-9.047347427020187016e-01
5.445999999999999730e-01,-6.074176885522624136e-01
5.441000000000000281e-01,-6.744357005881063127e-01
5.431000000000000272e-01,-6.889348882632034821e-01
5.425999999999999712e-01,-9.897512368169840702e-01
5.417999999999999483e-01,-4.075807768413766685e-01
5.416999999999999593e-01,-5.527448191697368340e-01
5.415999999999999703e-01,-6.191167584018503200e-01
5.414999999999999813e-01,-5.120591392309749024e-01
5.413000000000000034e-01,-3.210331104111052714e-01
5.411000000000000254e-01,-4.191370859316740916e-01
5.410000000000000364e-01,-1.125713522722663784e+00
5.409000000000000474e-01,-8.173014539176928217e-01
5.406999999999999584e-01,-7.793851115232625082e-01
5.404999999999999805e-01,-7.846085998459918498e-01
5.403000000000000025e-01,-5.196910916094137356e-01
5.402000000000000135e-01,-6.325668861528613851e-01
5.400000000000000355e-01,-1.073083305770726303e+00
5.399000000000000465e-01,-6.900604033659466507e-01
5.396999999999999575e-01,-1.021493416207054139e+00
5.394999999999999796e-01,-7.571685521593537471e-01
5.393999999999999906e-01,-1.279079493304315696e+00
5.391000000000000236e-01,-1.159422077436707443e+00
5.390000000000000346e-01,-1.210355754770317205e+00
5.387999999999999456e-01,-9.055832068241130850e-01
5.384999999999999787e-01,-1.059620653899313369e+00
5.383000000000000007e-01,-6.622119816004196080e-01
5.380000000000000338e-01,-9.684444832230225675e-01
5.379000000000000448e-01,-4.035765845318908807e-01
5.377999999999999448e-01,-7.472186028992461315e-01
5.376999999999999558e-01,-1.083472639694989859e+00
5.373999999999999888e-01,-5.019366689437915197e-01
5.372000000000000108e-01,-6.598992598838321344e-01
5.369000000000000439e-01,-1.189303437079040959e+00
5.365999999999999659e-01,-5.444343937925405497e-01
5.364999999999999769e-01,-8.962987609779926590e-01
5.360000000000000320e-01,-6.921998031013095742e-01
5.359000000000000430e-01,-3.356467079004311627e-01
5.355999999999999650e-01,-5.837631978074979688e-01
5.354999999999999760e-01,-6.998670411945714376e-01
5.353999999999999870e-01,-2.103661082694381346e-01
5.352999999999999980e-01,-1.003416961483467595e+00
5.351000000000000201e-01,-7.252001009643883611e-01
5.350000000000000311e-01,-1.139897247965520943e+00
5.345999999999999641e-01,-9.853105962823573982e-01
5.342999999999999972e-01,-1.268186331133416056e+00
5.342000000000000082e-01,-4.799563808333346393e-01
5.340000000000000302e-01,-1.656640512496577733e+00
5.335999999999999632e-01,-3.910971572306529698e-01
5.334999999999999742e-01,-7.035402384690634392e-01
5.332999999999999963e-01,-1.132157612494431032e+00
5.332000000000000073e-01,-6.324297923764369278e-01
5.330000000000000293e-01,-7.423093217754045403e-01
5.328000000000000513e-01,-9.261449694048916603e-01
5.326999999999999513e-01,-6.873254068119962756e-01
5.325999999999999623e-01,-6.688969030787931258e-01
5.322999999999999954e-01,-6.465423106603234160e-01
5.314999999999999725e-01,-3.181874457722373983e-01
5.313999999999999835e-01,-4.667693297861260637e-01
5.312999999999999945e-01,-8.411182490950571689e-01
5.312000000000000055e-01,-7.922482777702197776e-01
5.310000000000000275e-01,-5.844911107979176013e-01
5.305999999999999606e-01,-6.430510875478074873e-01
5.304999999999999716e-01,-7.576619133082174162e-01
5.302000000000000046e-01,-1.139517464996363527e+00
5.299000000000000377e-01,-1.129440552480375004e+00
5.296999999999999487e-01,-1.134068786241945848e+00
5.292999999999999927e-01,-1.265978629683259138e+00
5.292000000000000037e-01,-1.017727853851928321e+00
5.289000000000000368e-01,-1.048466675555089322e+00
5.284999999999999698e-01,-8.571994135262469561e-01
5.280000000000000249e-01,-9.593591832822456755e-01
5.279000000000000359e-01,-6.234198878884533723e-01
5.278000000000000469e-01,-8.250615138113526204e-01
5.275999999999999579e-01,-8.979879764820019039e-01
5.274999999999999689e-01,-7.150970907717109082e-01
5.272000000000000020e-01,-9.193691687875167329e-01
5.271000000000000130e-01,-8.236867668059044689e-01
5.270000000000000240e-01,-5.561604572344724939e-01
5.264999999999999680e-01,-8.228831147699807724e-01
5.263999999999999790e-01,-7.383057783794479967e-01
5.262000000000000011e-01,-1.109165830706583478e+00
5.260000000000000231e-01,-6.836816050720243565e-01
5.255999999999999561e-01,-1.355417670657183216e+00
5.254999999999999671e-01,-6.286574018238093586e-01
5.252000000000000002e-01,-1.296418489808368157e+00
5.250000000000000222e-01,-5.029926269957580853e-01
5.249000000000000332e-01,-1.132054820888171109e+00
5.248000000000000442e-01,-1.179602915171652944e+00
5.243999999999999773e-01,-7.860593608932241461e-01
5.241999999999999993e-01,-1.189371775061264902e+00
5.240000000000000213e-01,-9.291364845200630329e-01
5.239000000000000323e-01,-2.631100923778674772e-01
5.238000000000000433e-01,-9.320202456847672678e-01
5.232999999999999874e-01,-7.404211329777704576e-01
5.231000000000000094e-01,-5.028229020473830024e-01
5.229000000000000314e-01,-1.027993324239002471e+00
5.228000000000000425e-01,-6.835183963881845681e-01
5.225999999999999535e-01,-1.122085498682855897e+00
5.223999999999999755e-01,-9.433812945403474703e-01
5.219000000000000306e-01,-1.033652881993055717e+00
5.218000000000000416e-01,-1.023927528721792823e+00
5.215999999999999526e-01,-9.667465618504569314e-01
5.214999999999999636e-01,-1.151001806098061131e+00
5.213999999999999746e-01,-1.070497662120886817e+00
5.211000000000000076e-01,-9.010554645390647099e-01
5.208000000000000407e-01,-1.246171622047297367e+00
5.204999999999999627e-01,-7.810396617137049802e-01
5.201999999999999957e-01,-8.958779819335181971e-01
5.199000000000000288e-01,-1.166701150169015211e+00
5.198000000000000398e-01,-6.883360449360526045e-01
5.194999999999999618e-01,-9.056417209130324109e-01
5.192999999999999838e-01,-5.864977965559510231e-01
5.191999999999999948e-01,-4.869716881181055945e-01
5.191000000000000059e-01,-7.765406614083838477e-01
5.190000000000000169e-01,-6.819043130944159037e-01
5.184999999999999609e-01,-7.659304284302862476e-01
5.183999999999999719e-01,-8.683262981454319407e-01
5.181999999999999940e-01,-3.513123840838752732e-01
5.181000000000000050e-01,-9.912342211903178990e-01
5.179000000000000270e-01,-9.271210289387832315e-02
5.178000000000000380e-01,-6.379055194396079376e-01
5.172999999999999821e-01,-5.594313655048807066e-01
5.171000000000000041e-01,-5.228440773980382872e-01
5.170000000000000151e-01,-6.957012765506677132e-01
5.168000000000000371e-01,-5.704515891870168831e-01
5.164999999999999591e-01,-9.824863050001331199e-01
5.162999999999999812e-01,-9.637466041311502085e-01
5.161999999999999922e-01,-8.906177535276450508e-01
5.160000000000000142e-01,-8.066009981671020679e-01
5.159000000000000252e-01,-9.680244250218332791e-01
5.158000000000000362e-01,-7.521650896886002968e-01
5.154999999999999583e-01,-1.320952068179892080e+00
5.152999999999999803e-01,-7.922648746806543185e-01
5.151999999999999913e-01,-7.497388734412578915e-01
5.151000000000000023e-01,-1.227955456722549799e-01
5.150000000000000133e-01,-9.537610103148449481e-01
5.148000000000000353e-01,-7.334076217589431401e-01
5.144999999999999574e-01,-9.570098095401896598e-01
5.143999999999999684e-01,-8.769926831068433071e-01
5.142999999999999794e-01,-9.864584667401135043e-01
5.141999999999999904e-01,-9.371071328180221593e-01
5.141000000000000014e-01,-4.146168256483301340e-01
5.137000000000000455e-01,-6.909988989445065011e-01
5.134999999999999565e-01,-7.283477362543663292e-01
5.132999999999999785e-01,-1.051523080424496825e+00
5.131000000000000005e-01,-8.456753328686326121e-01
5.128000000000000336e-01,-4.944085806836894803e-01
5.125999999999999446e-01,-4.671930809925376460e-01
5.123999999999999666e-01,-7.014747681719445405e-01
5.122999999999999776e-01,-8.295938405216557454e-01
5.121999999999999886e-01,-7.220776067074701210e-01
5.120999999999999996e-01,-1.121548408317997403e+00
5.120000000000000107e-01,-7.629732164815853368e-01
5.118000000000000327e-01,-7.496669447606030268e-01
5.117000000000000437e-01,-4.726689387869742465e-01
5.116000000000000547e-01,-9.520087980582621068e-01
5.114999999999999547e-01,-9.040459323762491950e-01
5.112999999999999767e-01,-4.218310597739428625e-01
5.111999999999999877e-01,-6.192783880971659549e-01
5.110999999999999988e-01,-7.473358092242843309e-01
5.109000000000000208e-01,-6.775513042718973589e-01
5.108000000000000318e-01,-7.537770779648391706e-01
5.107000000000000428e-01,-8.755430291204949755e-01
5.106000000000000538e-01,-5.122250850857321680e-01
5.104999999999999538e-01,-4.129564988340902465e-01
5.103999999999999648e-01,-8.782167238217996053e-01
5.074999999999999512e-01,-7.786839092413467833e-01
5.058000000000000274e-01,-6.778203477047638481e-01
5.040999999999999925e-01,-5.411836613904326132e-01
5.004999999999999449e-01,-5.777252696313305291e-01
4.986999999999999766e-01,-8.548189181166649941e-01
4.969000000000000083e-01,-1.005146641113678019e+00
4.930999999999999828e-01,-6.785997054840854359e-01
4.912000000000000255e-01,-9.365184453715975632e-01
4.893000000000000127e-01,-7.828782216220704360e-01
4.854999999999999871e-01,-7.550460160121209574e-01
4.835999999999999743e-01,-5.370657484723442288e-01
4.815999999999999726e-01,-3.844439639409972798e-01
4.796000000000000263e-01,-2.077740951553219695e-01
4.754999999999999782e-01,-2.093873209744849528e-01
4.733999999999999875e-01,-5.846247828516604184e-01
4.712000000000000077e-01,-8.769399086244679120e-01
4.667000000000000037e-01,-6.681458502240757991e-01
4.642999999999999905e-01,-4.653966996223841690e-01
4.618999999999999773e-01,-9.531713332900250135e-01
4.570000000000000173e-01,-1.083558461874832402e+00
4.545000000000000151e-01,-1.228292692687148246e+00
4.519000000000000239e-01,-8.427182775926750358e-01
4.466999999999999860e-01,-8.677364508247382702e-01
4.440000000000000058e-01,-7.397607983129469433e-01
4.413000000000000256e-01,-9.595047120590570744e-01
4.359000000000000097e-01,-8.465332280068837978e-01
4.331999999999999740e-01,-1.019884806563269297e+00
4.304000000000000048e-01,-9.102330295006821892e-01
4.247000000000000219e-01,-8.745010774365448158e-01
4.217000000000000193e-01,-1.022561493113725239e+00
4.187000000000000166e-01,-8.777813108211580673e-01
4.122000000000000108e-01,-7.467864841110877228e-01
4.088999999999999857e-01,-9.774212059379216999e-01
4.052999999999999936e-01,-7.775888790584220001e-01
3.978999999999999759e-01,-7.788001387142029497e-01
3.938999999999999724e-01,-1.110338794112208927e+00
3.855000000000000093e-01,-1.011870392686768261e+00
3.810999999999999943e-01,-8.816295205030916238e-01
3.765999999999999903e-01,-3.854016585994697319e-01
3.719999999999999973e-01,-5.001769710071967134e-01
3.625999999999999779e-01,-1.983454569060342232e-01
3.578999999999999959e-01,-2.457310381057424276e-01
3.532000000000000139e-01,-6.742331854653142997e-01
3.486000000000000210e-01,-8.143220954663697997e-01
3.398999999999999799e-01,-1.145969257172892997e+00
3.358999999999999764e-01,-9.140789185094156943e-01
3.291000000000000036e-01,-8.081783176813500669e-01
3.261999999999999900e-01,-1.022554017729220943e+00
3.237999999999999767e-01,-8.486209746070813020e-01
3.201999999999999846e-01,-6.759108689930056757e-01
3.189000000000000168e-01,-6.826469713727255639e-01
3.178000000000000269e-01,-5.076840812472398490e-01
3.170000000000000040e-01,-6.918199602617600696e-01
3.156999999999999806e-01,-6.920850269466699567e-01
3.153000000000000247e-01,-3.909665122871892051e-01
3.145999999999999908e-01,-4.928460968866882341e-01
3.144000000000000128e-01,-8.923588188681010891e-01
3.141999999999999793e-01,-1.260417373215446668e+00
3.139000000000000123e-01,-5.688802042208801479e-01
3.138000000000000234e-01,-7.332441353471866874e-01
3.135999999999999899e-01,-7.531718506954528936e-01
3.135000000000000009e-01,-8.467227997272495088e-01
3.133000000000000229e-01,-8.260161063902076162e-01
3.131999999999999784e-01,-8.824378763288578398e-01
3.130999999999999894e-01,-1.353284484893323647e+00
3.129000000000000115e-01,-1.239275418579905752e+00
3.128000000000000225e-01,-1.046404711354772310e+00
3.125999999999999890e-01,-8.654168040896277336e-01
3.125000000000000000e-01,-8.441464990722666872e-01
3.124000000000000110e-01,-1.160468945632896265e+00
3.123000000000000220e-01,-1.275253110727023964e+00
3.121999999999999775e-01,-8.812254666212566701e-01
3.120999999999999885e-01,-8.083163777544569717e-01
3.119999999999999996e-01,-9.386081699263898459e-01
3.118000000000000216e-01,-1.121392056905830881e+00
3.116999999999999771e-01,-6.096628913395351068e-01
3.115999999999999881e-01,-1.096647087212043292e+00
3.114999999999999991e-01,-7.899538058245541006e-01
3.114000000000000101e-01,-5.265008605024853461e-01
3.113000000000000211e-01,-9.897951981560886292e-01
3.111999999999999766e-01,-9.022624368791933858e-01
3.110999999999999877e-01,-1.145825800087793001e+00
3.109999999999999987e-01,-1.118813005834568663e+00
3.109000000000000097e-01,-5.966295438214952451e-01
3.108000000000000207e-01,-6.627412356923498837e-01
3.106999999999999762e-01,-5.820922631381039158e-01
3.105999999999999872e-01,-1.518236727583548218e+00
3.104999999999999982e-01,-1.027665837338752608e+00
3.104000000000000092e-01,-1.413747605568142385e+00
3.103000000000000203e-01,-1.307687965168059296e+00
3.101999999999999758e-01,-5.370680812666100978e-01
3.100999999999999868e-01,-7.454948786446706777e-01
3.099999999999999978e-01,-9.275886982676646575e-01
3.099000000000000088e-01,-1.016371544921277570e+00
3.098000000000000198e-01,-1.095102922593800487e+00
3.096999999999999753e-01,-1.185458143286002741e+00
3.095999999999999863e-01,-1.045479778337312871e+00
3.094999999999999973e-01,-8.696522080564312862e-01
3.094000000000000083e-01,-6.179871522169789744e-01
3.093000000000000194e-01,-8.263306592136659967e-01
3.091999999999999749e-01,-1.368146828633059142e+00
3.090999999999999859e-01,-1.181362817575376756e+00
3.089999999999999969e-01,-7.342842764928182442e-01
3.089000000000000079e-01,-5.622867922892675896e-01
3.088000000000000189e-01,-8.453851927660098742e-01
3.086999999999999744e-01,-1.354896871601891428e+00
3.085999999999999854e-01,-8.796030305784400261e-01
3.084999999999999964e-01,-3.908711157563017902e-01
3.084000000000000075e-01,-9.261639903273156671e-01
3.083000000000000185e-01,-7.246354270633369454e-01
3.081999999999999740e-01,-1.051827926560851889e+00
3.080999999999999850e-01,-9.900728867713983750e-01
3.079999999999999960e-01,-1.041831673754818333e+00
3.079000000000000070e-01,-1.155298396629685698e+00
3.078000000000000180e-01,-9.657659444187779441e-01
3.076999999999999735e-01,-1.145106843270145003e+00
3.075999999999999845e-01,-9.462281239586536330e-01
3.074999999999999956e-01,-7.219568889216916308e-01
3.074000000000000066e-01,-7.913131725283475415e-01
3.073000000000000176e-01,-1.053391618572273591e+00
3.071999999999999731e-01,-1.267071757750229954e+00
3.070999999999999841e-01,-7.723637388530038006e-01
3.069999999999999951e-01,-3.650369714963729306e-01
3.069000000000000061e-01,-7.669680169694733651e-01
3.068000000000000171e-01,-9.786419298955599810e-01
3.066999999999999726e-01,-6.065026286740230477e-01
3.065999999999999837e-01,-7.959507356024905222e-01
3.064999999999999947e-01,-7.253137614452636051e-01
3.064000000000000057e-01,-8.682364710253841489e-01
3.063000000000000167e-01,-1.093555275367822599e+00
3.062000000000000277e-01,-7.275377997883590853e-01
3.060999999999999832e-01,-3.431177292017792424e-01
3.059999999999999942e-01,-1.198316359400934950e+00
3.059000000000000052e-01,-8.312125474160586558e-01
3.058000000000000163e-01,-8.023013300942827275e-01
