# T (K), alpha_33 (Neper/m)
2.998000000000000109e-01,0.000000000000000000e+00
2.998999999999999999e-01,2.001527395326547776e-01
2.999999999999999889e-01,2.714026935221909298e-01
3.000999999999999779e-01,3.928928606662793754e-01
3.002000000000000224e-01,-7.062346500771354840e-01
3.003000000000000114e-01,-9.479708735284475551e-03
3.004000000000000004e-01,-1.986335098229119467e-02
3.004999999999999893e-01,-8.110871794390277500e-01
3.005999999999999783e-01,-5.700601740956017238e-01
3.007000000000000228e-01,8.546122711743464606e-02
3.008000000000000118e-01,4.279731320358450830e-01
3.009000000000000008e-01,-2.162423579970891296e-01
3.009999999999999898e-01,-4.004567944683685710e-01
3.010999999999999788e-01,-5.191846429260067453e-01
3.012000000000000233e-01,1.846695374323417127e-01
3.013000000000000123e-01,-1.111757837701361495e-01
3.014000000000000012e-01,4.503964296840194947e-01
3.014999999999999902e-01,3.171690228929264777e-01
3.015999999999999792e-01,2.553749593582779198e-01
3.017000000000000237e-01,-2.182426105762260704e-01
3.018000000000000127e-01,2.245567399156698229e-01
3.019000000000000017e-01,-1.723705427048116690e-01
3.019999999999999907e-01,-4.966538499536454765e-02
3.020999999999999797e-01,1.739248690569183964e-03
3.022000000000000242e-01,1.111014669365886220e-01
3.023000000000000131e-01,-1.265959215490966017e-01
3.024000000000000021e-01,-1.585064773040585351e-01
3.024999999999999911e-01,-3.979630790165629151e-01
3.025999999999999801e-01,-3.551044094995177147e-01
3.027000000000000246e-01,1.136780048691434786e-01
3.028000000000000136e-01,3.503916381912404177e-01
3.029000000000000026e-01,-8.356022418922748329e-02
3.029999999999999916e-01,-4.945977865221493630e-01
3.030999999999999805e-01,-1.712096461485543841e-01
3.032000000000000250e-01,5.068399954177493782e-02
3.033000000000000140e-01,1.980317405084406346e-01
3.034000000000000030e-01,4.310101116357145656e-02
3.034999999999999920e-01,-2.805164585981856362e-02
3.035999999999999810e-01,7.564386036119685741e-02
3.037000000000000255e-01,-2.341889166697228575e-01
3.038000000000000145e-01,-4.773090357640512593e-01
3.039000000000000035e-01,-4.476139987557417044e-01
3.039999999999999925e-01,-6.536955734839011711e-02
3.040999999999999814e-01,9.171577056156365870e-02
3.042000000000000259e-01,2.736607206335293085e-01
3.043000000000000149e-01,-2.410615574137864314e-02
3.044000000000000039e-01,4.605251485559165303e-01
3.044999999999999929e-01,4.127177507580199745e-01
3.045999999999999819e-01,5.591931763467528071e-02
3.047000000000000264e-01,3.095518681902831304e-02
3.048000000000000154e-01,-8.290847564582008999e-01
3.049000000000000044e-01,-5.548730976579463459e-02
3.049999999999999933e-01,-9.154795510539770476e-02
3.050999999999999823e-01,1.696861183647797588e-01
3.052000000000000268e-01,1.391957183494696437e-01
3.053000000000000158e-01,-2.152543284928469802e-01
3.054000000000000048e-01,-3.262317542544224125e-01
3.054999999999999938e-01,-1.013276961327846948e-02
3.055999999999999828e-01,1.634724825850071284e-01
3.057000000000000273e-01,2.722888007258461585e-02
3.058000000000000163e-01,8.712716845366230700e-03
3.059000000000000052e-01,3.247915382419250818e-01
3.059999999999999942e-01,2.414057271819274320e-01
3.060999999999999832e-01,1.455583543513512268e-01
3.062000000000000277e-01,6.700919897200492414e-01
3.063000000000000167e-01,2.009827399941741533e-01
3.064999999999999947e-01,3.892982685782726548e-01
3.065999999999999837e-01,5.448638749635392742e-01
3.066999999999999726e-01,-6.123289058177761035e-02
3.069000000000000061e-01,-3.412379163835339568e-01
3.069999999999999951e-01,-1.837239820384866107e-01
3.070999999999999841e-01,6.584283892721032316e-02
3.071999999999999731e-01,-2.365978697390573871e-01
3.073000000000000176e-01,-1.248277772207302405e-01
3.074000000000000066e-01,1.240244481272156918e-01
3.074999999999999956e-01,-3.214860447405953892e-02
3.076999999999999735e-01,3.209612313274874396e-01
3.078000000000000180e-01,6.552618474759128731e-01
3.079999999999999960e-01,7.217048586981036351e-01
3.081999999999999740e-01,6.049974693517015112e-01
3.083000000000000185e-01,2.323463089503547963e-01
3.086999999999999744e-01,7.837464078011180391e-02
3.089000000000000079e-01,3.248179061272367107e-01
3.096999999999999753e-01,2.637010800143571032e-01
3.101999999999999758e-01,1.613066971589205423e-01
3.108000000000000207e-01,-3.457657249589374260e-02
3.124000000000000110e-01,6.248352159967680564e-01
3.134000000000000119e-01,6.042781850408118771e-01
3.161999999999999811e-01,5.371958705742372331e-01
3.180000000000000049e-01,4.025373651999188951e-01
3.222999999999999754e-01,-4.696354936186253326e-03
3.249000000000000221e-01,-1.506076609670117250e-01
3.279000000000000248e-01,-1.485405978525022874e-01
3.345000000000000195e-01,-2.071525906677607054e-01
3.381000000000000116e-01,-4.389367240336241593e-01
3.417999999999999927e-01,-2.729777900910903554e-01
3.497000000000000108e-01,-5.551292799475504580e-02
3.538000000000000034e-01,9.642793335569876945e-02
3.618999999999999995e-01,-4.675573233214436186e-02
3.659999999999999920e-01,-9.499517095764531405e-02
3.700999999999999845e-01,3.959102369224183349e-01
3.740999999999999881e-01,2.108253143296678900e-02
3.819000000000000172e-01,-2.239739241375673373e-01
3.856999999999999873e-01,-2.257732527092457531e-01
3.930000000000000160e-01,-4.017248636005206208e-01
3.963999999999999746e-01,-2.891000124584479636e-01
4.030000000000000249e-01,-3.945601575529735783e-01
4.061000000000000165e-01,-4.700117297784345283e-02
4.092000000000000082e-01,-2.221062348647819817e-01
4.148000000000000020e-01,-5.303669804368382756e-02
4.176000000000000267e-01,-2.297858252984497085e-02
4.202000000000000179e-01,-1.055598411471692089e-01
4.227000000000000202e-01,-9.217163593143595790e-02
4.277000000000000246e-01,6.477026376262529084e-02
4.300999999999999823e-01,-1.345433292580082707e-01
4.348000000000000198e-01,-3.776459841174073517e-02
4.370999999999999885e-01,1.731197887000917035e-01
4.394000000000000128e-01,1.685325976613967214e-01
4.416999999999999815e-01,4.836828187478658947e-02
4.460999999999999965e-01,4.156618762681318913e-02
4.481999999999999873e-01,5.170454477649855107e-02
4.504000000000000226e-01,-2.500318979764415417e-01
4.545000000000000151e-01,-2.865253900677089405e-01
4.565000000000000169e-01,-4.425785551742364987e-01
4.583999999999999742e-01,-3.995841726723483589e-01
4.610000000000000209e-01,5.516158555932406671e-01
4.611000000000000099e-01,1.687385143557094125e-01
4.611999999999999988e-01,-2.621783945085098821e-02
4.612999999999999878e-01,1.421672453911924094e-01
4.613999999999999768e-01,2.059918543017147385e-01
4.615000000000000213e-01,3.902804926799490204e-01
4.616000000000000103e-01,7.306490056830625690e-01
4.616999999999999993e-01,1.347298699627117458e-01
4.618999999999999773e-01,-3.204538796160250058e-02
4.620000000000000218e-01,-1.337391004768733183e-01
4.621000000000000107e-01,3.751243960925876308e-02
4.622999999999999887e-01,-1.184680346185587041e-01
4.623999999999999777e-01,2.868388784291937554e-01
4.625000000000000222e-01,-1.062637779804163074e-01
4.626000000000000112e-01,9.805443653590373287e-02
4.627000000000000002e-01,1.974533523127774970e-01
4.627999999999999892e-01,-8.888770494093023444e-02
4.628999999999999782e-01,7.054514454216587183e-02
4.630000000000000226e-01,1.004353974668674709e-01
4.632999999999999896e-01,4.088894405591645409e-01
4.633999999999999786e-01,-1.074140464664878891e-01
4.635000000000000231e-01,7.708140269187424565e-02
4.636000000000000121e-01,6.802404783911697450e-03
4.637000000000000011e-01,2.910716969504392182e-01
4.638999999999999790e-01,2.031417037584333229e-01
4.641000000000000125e-01,1.648754899542836938e-02
4.642000000000000015e-01,-2.180462899884787475e-01
4.643999999999999795e-01,4.142250961660920439e-01
4.646000000000000130e-01,2.300924513115205627e-01
4.647999999999999909e-01,2.666447510030138801e-01
4.648999999999999799e-01,5.521416931993599064e-01
4.651000000000000134e-01,4.750600212672679845e-01
4.652000000000000024e-01,4.387762582977074999e-01
4.653999999999999804e-01,6.117021403044873296e-01
4.655000000000000249e-01,3.860821396364144675e-01
4.656000000000000139e-01,6.928463058303577782e-01
4.657999999999999918e-01,2.520128181203062923e-01
4.660000000000000253e-01,3.120533732195553966e-01
4.661000000000000143e-01,5.276373146314199403e-01
4.662999999999999923e-01,7.228925239041927853e-02
4.665000000000000258e-01,3.782889658745034467e-01
4.667999999999999927e-01,5.080024012090689212e-02
4.671000000000000152e-01,-1.677739593425258136e-01
4.672999999999999932e-01,1.263088566291798998e-01
4.673999999999999821e-01,-4.862787738403540061e-01
4.676000000000000156e-01,1.961786685216111437e-01
4.677999999999999936e-01,4.824084463881490592e-01
4.681000000000000161e-01,-2.909491423954477796e-01
4.682999999999999940e-01,6.541831839240330737e-02
4.683999999999999830e-01,-6.711608257614898321e-02
4.686000000000000165e-01,3.893685495839918076e-01
4.688999999999999835e-01,3.488368484972852457e-01
4.689999999999999725e-01,-5.268499197524079136e-01
4.692000000000000060e-01,2.456641611754548649e-01
4.694999999999999729e-01,6.662067501014234949e-01
4.697999999999999954e-01,2.079793986708864395e-01
4.701000000000000179e-01,3.086647417867425247e-01
4.707000000000000073e-01,5.816678808884034879e-01
4.707999999999999963e-01,2.517952976802462217e-01
4.711000000000000187e-01,4.301065906909116165e-01
4.712999999999999967e-01,1.704621441286917616e-01
4.713999999999999857e-01,5.219258862276774380e-01
4.716000000000000192e-01,1.519981088461008767e-02
4.717999999999999972e-01,7.635187786768256046e-01
4.719999999999999751e-01,-6.782267225230498298e-02
4.722999999999999976e-01,-3.322337287886512058e-02
4.723999999999999866e-01,5.472705296029971578e-01
4.728999999999999870e-01,1.084970099690281131e-01
4.731000000000000205e-01,3.575171298468831083e-01
4.732000000000000095e-01,-1.506910535914585125e-01
4.734999999999999765e-01,1.076288503815021613e-01
4.738999999999999879e-01,-2.068555272512639931e-01
4.742000000000000104e-01,5.579185694841726217e-02
4.746000000000000218e-01,-4.250429657872700773e-03
4.748999999999999888e-01,4.364627103473139869e-02
4.749999999999999778e-01,-2.024028381385960529e-01
4.753000000000000003e-01,2.843279274159158376e-01
4.757000000000000117e-01,-1.537573561555518609e-01
4.759999999999999787e-01,2.640220981731999927e-01
4.761000000000000232e-01,1.274593943319359823e-01
4.763000000000000012e-01,3.461918518399897948e-01
4.768000000000000016e-01,4.855527496715694724e-03
4.769999999999999796e-01,-5.368633983209747385e-02
4.771000000000000241e-01,6.482040005083717915e-01
4.772000000000000131e-01,1.132051706691754589e-01
4.773999999999999910e-01,2.050208256717951372e-01
4.776000000000000245e-01,3.902557587252886151e-02
4.782000000000000139e-01,6.895886909546788957e-03
4.783000000000000029e-01,-1.041301293915921633e-01
4.784999999999999809e-01,3.662747725575172808e-01
4.787000000000000144e-01,4.673589781220925943e-01
4.788999999999999924e-01,4.955745515667331347e-02
4.794999999999999818e-01,4.533052555952963303e-01
4.797000000000000153e-01,6.874666372482352017e-02
4.799999999999999822e-01,2.824077837555023507e-01
4.801000000000000267e-01,3.738402778195677456e-01
4.803999999999999937e-01,3.128196249563188758e-01
4.808000000000000052e-01,-1.348015952906962411e-01
4.812000000000000166e-01,8.780409959877033543e-02
4.815999999999999726e-01,1.080247362957607038e-01
4.819999999999999840e-01,2.672416253276423959e-01
4.823999999999999955e-01,6.717665194764776970e-02
4.828000000000000069e-01,7.874639044234754692e-02
4.828999999999999959e-01,-5.396489468705567560e-02
4.832000000000000184e-01,5.647019230805199186e-01
4.833000000000000074e-01,2.796660837032050040e-02
4.837000000000000188e-01,-1.204013145725184586e-01
4.839999999999999858e-01,2.628136935671818719e-01
4.842000000000000193e-01,-3.212261064937820265e-01
4.843999999999999972e-01,1.139486648236243127e-01
4.848000000000000087e-01,6.458551838302355463e-01
4.849999999999999867e-01,-1.114097453573776875e-01
4.854999999999999871e-01,1.704942471666299753e-01
4.855999999999999761e-01,5.836611937681936979e-01
4.858999999999999986e-01,9.774650117833516560e-03
4.859999999999999876e-01,5.211470573083261115e-01
4.863999999999999990e-01,6.118262089106565327e-01
4.867000000000000215e-01,2.871284702631555774e-01
4.868999999999999995e-01,9.244041722672591277e-01
4.872000000000000219e-01,4.339450363813739386e-01
4.877000000000000224e-01,1.777050368724530927e-01
4.879999999999999893e-01,2.081414063818556315e-01
4.882000000000000228e-01,5.179083852017356548e-01
4.884999999999999898e-01,2.263098249313770793e-01
4.889000000000000012e-01,3.709724226275739056e-01
4.893000000000000127e-01,7.115573535083967727e-01
4.898000000000000131e-01,-8.559147434982605773e-02
4.902000000000000246e-01,1.889601433699681365e-01
4.905999999999999805e-01,2.319391856810852914e-01
4.909999999999999920e-01,2.841960162834311632e-01
4.910999999999999810e-01,-4.253970652453062939e-01
4.915999999999999814e-01,3.670809609093339532e-02
4.917000000000000259e-01,-3.804777260256742011e-03
4.918000000000000149e-01,4.208842075694292362e-01
4.922000000000000264e-01,6.773510913872087258e-01
4.924000000000000044e-01,3.933662544156959484e-01
4.927000000000000268e-01,9.258572830970024370e-01
4.928000000000000158e-01,4.896304339513335435e-02
4.933000000000000163e-01,2.909441790628761737e-01
4.934999999999999942e-01,6.857117661311349366e-01
4.938000000000000167e-01,2.446942571707495517e-01
4.939000000000000057e-01,6.001246954036787429e-01
4.941999999999999726e-01,1.629676158313486667e-01
4.945999999999999841e-01,8.864747697055008757e-02
4.948000000000000176e-01,7.710970887928851880e-01
4.949000000000000066e-01,2.200894079427371253e-01
4.951999999999999735e-01,1.009480649451688805e+00
4.954999999999999960e-01,3.148238290040126230e-01
4.955999999999999850e-01,1.101803945350525282e+00
4.958000000000000185e-01,1.249098673789603708e-01
4.959999999999999964e-01,7.550790812928198648e-01
4.968000000000000194e-01,6.601640256330938428e-01
4.971999999999999753e-01,5.825041062137188419e-01
4.975999999999999868e-01,3.044420598777151099e-01
4.984000000000000097e-01,2.927882127038401450e-01
4.984999999999999987e-01,5.187697477381334465e-01
4.989000000000000101e-01,-2.980523241149057867e-02
4.993000000000000216e-01,-1.197291110231617495e-01
4.996999999999999775e-01,1.395665177697082981e-01
5.000999999999999890e-01,7.303315094264917207e-01
5.003999999999999559e-01,4.783460612767385101e-01
5.004999999999999449e-01,9.321072494124109653e-01
5.008000000000000229e-01,4.598990842199555118e-01
5.012999999999999678e-01,8.081122138726186677e-01
5.014999999999999458e-01,3.317888573863001511e-01
5.016000000000000458e-01,6.485647795618660894e-01
5.020000000000000018e-01,1.267817154711110561e-01
5.020999999999999908e-01,3.683862117604803643e-01
5.026000000000000467e-01,5.124950586194927382e-01
5.027000000000000357e-01,4.222442189289949965e-01
5.030000000000000027e-01,4.458922843850814388e-01
5.030999999999999917e-01,4.936194568243763570e-01
5.032999999999999696e-01,-2.236267492983188276e-01
5.037000000000000366e-01,4.955638614420649901e-01
5.038000000000000256e-01,9.474741789642848744e-02
5.039000000000000146e-01,-2.666202244411124411e-01
5.040999999999999925e-01,5.419887817765811633e-01
5.043999999999999595e-01,4.950429649800298648e-01
5.046000000000000485e-01,3.924734106220739704e-01
5.047000000000000375e-01,5.964620952736368054e-01
5.049000000000000155e-01,-2.072891114543153890e-01
5.050000000000000044e-01,3.895251083860102881e-01
5.052999999999999714e-01,6.337489690876054738e-01
5.053999999999999604e-01,-8.666783477190165286e-02
5.056000000000000494e-01,8.884991938892881080e-01
5.058000000000000274e-01,6.165032612485674690e-01
5.059000000000000163e-01,8.249696743773711205e-01
5.061999999999999833e-01,4.520040214840719273e-01
5.064999999999999503e-01,1.574035800250612738e-01
5.066000000000000503e-01,3.003021542266424149e-01
5.067000000000000393e-01,1.275100981819150547e-01
5.070000000000000062e-01,4.105304771157989308e-01
5.071999999999999842e-01,2.019107567820128679e-01
5.073999999999999622e-01,3.379192513459656766e-01
5.074999999999999512e-01,2.537540964202662508e-01
5.076000000000000512e-01,3.173170974199592820e-01
5.077000000000000401e-01,3.747054198298656047e-01
5.078000000000000291e-01,4.305601252031010517e-02
5.079000000000000181e-01,6.714994769682789411e-01
5.080999999999999961e-01,3.909125544489597814e-01
5.081999999999999851e-01,3.080518066277591060e-01
5.082999999999999741e-01,3.322052775981774175e-01
5.083999999999999631e-01,3.251184253027759041e-01
5.084999999999999520e-01,-1.677599046532805005e-01
5.087000000000000410e-01,2.187318350048599314e-01
5.089000000000000190e-01,-7.543159459203252482e-02
5.090000000000000080e-01,3.202667829016263568e-01
5.090999999999999970e-01,4.961851272850026362e-01
5.091999999999999860e-01,6.385477097710463568e-01
5.092999999999999750e-01,9.618761848196299979e-02
5.100999999999999979e-01,8.281099316059226112e-02
5.104999999999999538e-01,9.825094784639532008e-02
5.108000000000000318e-01,1.817453543412739236e-01
5.116000000000000547e-01,3.098016443182132207e-01
5.119000000000000217e-01,4.051059622690900142e-01
5.122999999999999776e-01,4.682200842584052225e-01
5.131000000000000005e-01,3.388304232391874393e-01
5.134999999999999565e-01,2.412119925046454227e-01
5.139000000000000234e-01,5.313266206255775614e-01
5.141999999999999904e-01,5.974959731008766539e-01
5.150000000000000133e-01,6.258944677751969721e-01
5.153999999999999693e-01,8.701409842292378016e-01
5.157000000000000473e-01,9.239367563201312805e-01
5.163999999999999702e-01,5.439680137212690170e-01
5.168000000000000371e-01,4.830079579985522287e-01
5.171000000000000041e-01,5.426654819750638126e-01
5.179000000000000270e-01,6.624598599464661675e-01
5.181999999999999940e-01,4.999946462520483692e-01
5.189000000000000279e-01,8.633297397557271324e-01
5.192999999999999838e-01,1.020127558402009527e+00
5.200000000000000178e-01,7.173967920356290051e-01
5.202999999999999847e-01,6.606012772424492141e-01
5.210000000000000187e-01,3.267577701335540041e-01
5.213999999999999746e-01,5.713423921291678198e-01
5.220000000000000195e-01,9.139461524226817346e-01
5.223999999999999755e-01,1.153299540063699169e-01
5.230000000000000204e-01,-1.448031702684602351e-01
5.232999999999999874e-01,-2.637397514653230246e-01
5.237000000000000544e-01,-3.351787420615437441e-02
5.242999999999999883e-01,2.780124588259695884e-01
5.247000000000000552e-01,3.726102197799718851e-01
5.250000000000000222e-01,2.326979894789928949e-01
5.255999999999999561e-01,4.225258808903618046e-01
5.260000000000000231e-01,3.776129108166514925e-02
5.262999999999999901e-01,4.083232004765022793e-01
5.269000000000000350e-01,4.921974894994036731e-01
5.274999999999999689e-01,1.520947685812643613e-01
5.279000000000000359e-01,3.672200100368172571e-03
5.282000000000000028e-01,-2.147326020669879654e-01
5.288000000000000478e-01,2.188566657475803368e-01
5.291000000000000147e-01,2.959136270145563685e-01
5.296999999999999487e-01,9.812885859821562917e-02
5.300000000000000266e-01,2.973867466694173345e-01
5.305999999999999606e-01,1.626978708343358448e-01
5.309000000000000385e-01,1.614973566632897928e-01
5.312000000000000055e-01,6.490088242824185727e-01
5.316999999999999504e-01,2.835419962101468627e-01
5.320000000000000284e-01,4.302772657340483420e-01
5.322999999999999954e-01,8.100038669296054650e-01
5.329000000000000403e-01,3.227818934567494580e-01
5.332000000000000073e-01,8.248012651805538553e-01
5.334999999999999742e-01,1.074229745515822287e-01
5.340000000000000302e-01,3.885638199244567659e-01
5.345999999999999641e-01,4.614684962575665850e-01
5.348000000000000531e-01,3.586964486617034709e-01
5.353999999999999870e-01,5.075054690454408046e-01
5.356999999999999540e-01,5.378315976353178485e-01
5.359000000000000430e-01,1.821486288660025821e-01
5.362000000000000099e-01,3.631100573312551205e-01
5.366999999999999549e-01,-1.243270885139509119e-01
5.370000000000000329e-01,2.205692109515666743e-01
5.374999999999999778e-01,4.570741422739956761e-01
5.377999999999999448e-01,7.276909050578979077e-01
5.380000000000000338e-01,6.884822378643775664e-01
5.384999999999999787e-01,5.623984673882205243e-01
5.387999999999999456e-01,5.438268523516853747e-01
5.390000000000000346e-01,4.932226671985517896e-01
5.394999999999999796e-01,3.272196879217972310e-01
5.397999999999999465e-01,1.874527915966837099e-01
5.403000000000000025e-01,7.120571901533594428e-01
5.404999999999999805e-01,6.500822053723140925e-01
5.406999999999999584e-01,4.043217072404559076e-01
5.412000000000000144e-01,2.330964818680740791e-01
5.413999999999999924e-01,2.188351606788501158e-01
5.416999999999999593e-01,1.733339716536193009e-01
5.419000000000000483e-01,1.279521170670250285e-01
5.423999999999999932e-01,3.818476117899081146e-01
5.426999999999999602e-01,3.077569014938035252e-01
5.429000000000000492e-01,6.356407466161044795e-01
5.433000000000000052e-01,6.570010484912245374e-01
5.435999999999999721e-01,8.339500523849210367e-01
5.440000000000000391e-01,9.418363474661646251e-01
5.442000000000000171e-01,9.194092903811679207e-01
5.443999999999999950e-01,4.758732210730158840e-01
5.449000000000000510e-01,5.972207497859471914e-01
5.451000000000000290e-01,3.883335465892514549e-01
5.453000000000000069e-01,5.174298104105901075e-01
5.454999999999999849e-01,7.440846015713304951e-01
5.460000000000000409e-01,5.350811217416548971e-01
5.462000000000000188e-01,4.732584426973289737e-01
5.463999999999999968e-01,2.618056635070615812e-01
5.467999999999999527e-01,5.445953775746374959e-01
5.471000000000000307e-01,2.067965309582859845e-01
5.473000000000000087e-01,1.657855331652626774e-01
5.476999999999999647e-01,3.546726052537678697e-01
5.479000000000000536e-01,3.421210122284037425e-01
5.483999999999999986e-01,4.574503098143622992e-01
5.485999999999999766e-01,4.607348556593251487e-01
5.487999999999999545e-01,8.417470250442420365e-01
5.490000000000000435e-01,6.333926102225859722e-01
5.493999999999999995e-01,5.627071389980073945e-01
5.495999999999999774e-01,8.167401804614655703e-01
5.496999999999999664e-01,8.746237520672366372e-01
5.502000000000000224e-01,1.160891492212613230e+00
5.505999999999999783e-01,1.290348292075805148e+00
5.507999999999999563e-01,1.206563611009755732e+00
5.512000000000000233e-01,6.960097745243274403e-01
5.514000000000000012e-01,3.994702547735187181e-01
5.515999999999999792e-01,6.098221483676979915e-01
5.518999999999999462e-01,4.703473854434605528e-01
5.521000000000000352e-01,6.951625120298103866e-01
5.523000000000000131e-01,5.625277305842928399e-01
5.526999999999999691e-01,9.572126072246192052e-01
5.528999999999999471e-01,6.900275868439393889e-01
5.533000000000000140e-01,3.429939506813752814e-01
5.534999999999999920e-01,-3.696107070595644473e-03
5.536999999999999700e-01,2.989026067050417623e-01
5.541000000000000369e-01,6.965245746526989024e-01
5.542000000000000259e-01,1.113960822301123699e+00
5.544000000000000039e-01,1.100854351975385725e+00
5.547999999999999599e-01,8.190783132201886474e-01
5.550000000000000488e-01,5.083179404574593718e-01
5.554000000000000048e-01,4.321814765454519147e-01
5.554999999999999938e-01,4.510029798881305396e-01
5.558999999999999497e-01,8.995702437306363208e-01
5.561000000000000387e-01,7.012876512416141850e-01
5.563000000000000167e-01,8.288945648439494107e-01
5.566999999999999726e-01,8.388082817209578934e-01
5.568999999999999506e-01,3.589042208701584968e-01
5.571000000000000396e-01,2.394391100582424770e-01
5.574999999999999956e-01,4.063491060272781397e-01
5.576999999999999735e-01,4.944180039493630829e-01
5.578999999999999515e-01,5.785061954346701896e-01
5.581000000000000405e-01,7.797059880850838454e-01
5.584000000000000075e-01,1.291262982208309040e+00
5.585999999999999854e-01,1.447546897100323804e+00
5.590000000000000524e-01,1.388374956844472763e+00
5.592000000000000304e-01,1.204040370962388806e+00
5.594000000000000083e-01,6.172995251439488129e-01
5.597999999999999643e-01,7.460217086631928396e-01
5.598999999999999533e-01,6.638736787423340502e-01
5.601000000000000423e-01,6.064222587734775516e-01
5.604999999999999982e-01,8.153067496197081709e-01
5.606999999999999762e-01,1.211533943666267987e+00
5.608999999999999542e-01,1.028081711684194488e+00
5.613000000000000211e-01,6.621550823217603465e-01
5.614999999999999991e-01,8.920112969416322812e-01
5.618999999999999551e-01,6.332564081687905855e-01
5.620000000000000551e-01,8.425324694175060358e-01
5.622000000000000330e-01,3.665019229732706663e-01
5.625999999999999890e-01,9.767969659952768779e-01
5.627999999999999670e-01,9.596899150153603841e-01
5.629999999999999449e-01,7.841519434100518993e-01
5.632000000000000339e-01,5.520495890369829795e-01
5.635999999999999899e-01,7.081953176177648857e-01
5.637999999999999678e-01,6.039734270789267612e-01
5.639999999999999458e-01,7.929290519292635508e-01
5.644000000000000128e-01,6.167770217210772898e-01
5.645999999999999908e-01,2.940472801475380038e-01
5.647999999999999687e-01,4.840250148037057443e-01
5.649999999999999467e-01,4.128564358868516138e-01
5.654000000000000137e-01,3.064566034873905664e-01
5.655999999999999917e-01,2.804188566659604476e-01
5.659999999999999476e-01,4.028348466974875919e-01
5.662000000000000366e-01,5.691307699004255483e-01
5.664000000000000146e-01,6.781467603033206615e-01
5.666999999999999815e-01,6.081665110357334925e-01
5.671000000000000485e-01,6.015293979521629808e-01
5.673000000000000265e-01,5.457193427658921792e-01
5.676999999999999824e-01,5.506609421258872317e-01
5.678999999999999604e-01,7.420486490815392244e-01
5.681000000000000494e-01,9.352823746521607973e-01
5.683000000000000274e-01,7.430779774971369989e-01
5.686999999999999833e-01,8.477173856953186259e-01
5.688999999999999613e-01,5.533123290647381509e-01
5.693000000000000282e-01,6.350235925036713525e-01
5.695000000000000062e-01,2.515266461807641463e-01
5.696999999999999842e-01,7.924646957757204291e-01
5.698999999999999622e-01,8.808978274735181913e-01
5.704000000000000181e-01,6.246195658603710399e-01
5.705999999999999961e-01,5.134186809699485821e-01
5.709999999999999520e-01,3.142422878348725135e-01
5.712000000000000410e-01,2.910571838800706246e-01
5.716999999999999860e-01,-1.276181191408340965e-01
5.721000000000000529e-01,3.307893533838068834e-01
5.723000000000000309e-01,4.272091175791956630e-01
5.725000000000000089e-01,3.391770637842910219e-01
5.726999999999999869e-01,-5.114192798566818965e-02
5.732000000000000428e-01,-2.113110782513558661e-01
5.734000000000000208e-01,6.619013056888434221e-02
5.737999999999999767e-01,2.213829413353778364e-01
5.739999999999999547e-01,6.177941219710874066e-01
5.742000000000000437e-01,7.130164973578985155e-01
5.745999999999999996e-01,1.194283344560290061e+00
5.748999999999999666e-01,1.097515500125155086e+00
5.750999999999999446e-01,1.075225832717819685e+00
5.756000000000000005e-01,7.195055710263886795e-01
5.757999999999999785e-01,7.379919960029610593e-01
5.762000000000000455e-01,7.257100951776465081e-01
5.765000000000000124e-01,6.782537798211478730e-01
5.766999999999999904e-01,6.656327796742971259e-01
5.770999999999999464e-01,3.900379219231808747e-01
5.774000000000000243e-01,4.514249805406507221e-01
5.777999999999999803e-01,1.540390589620983519e-01
5.779999999999999583e-01,1.412892775398404410e-01
5.784000000000000252e-01,1.858177855751819152e-01
5.786999999999999922e-01,9.378934186606784351e-01
5.790999999999999481e-01,1.060658328593603983e+00
5.793000000000000371e-01,5.908606774222562308e-01
5.797999999999999821e-01,6.198382640036470548e-03
5.799999999999999600e-01,4.120767301603791566e-01
5.803000000000000380e-01,3.060698492290612194e-01
5.805000000000000160e-01,4.073587446357578301e-01
5.809999999999999609e-01,1.935532712583380999e-01
5.812000000000000499e-01,5.634992247225909523e-01
5.814000000000000279e-01,7.495175591745919519e-01
5.818999999999999728e-01,5.426543938273198364e-01
5.820999999999999508e-01,4.106506004366110574e-01
5.823000000000000398e-01,4.542014140279206913e-01
5.827999999999999847e-01,5.415360779960565196e-01
5.830999999999999517e-01,6.578564351590330261e-01
5.836000000000000076e-01,8.026719396791577310e-01
5.837999999999999856e-01,8.493422995817354604e-01
5.839999999999999636e-01,5.363115942868716957e-01
5.843000000000000416e-01,5.980021960084513921e-01
5.846999999999999975e-01,8.721747779330826233e-01
5.849999999999999645e-01,1.011880979671445857e+00
5.852000000000000535e-01,9.251099361547403532e-01
5.856000000000000094e-01,6.411519459302326140e-01
5.858999999999999764e-01,4.350791881025770635e-01
5.863000000000000433e-01,2.667818789205966823e-01
5.866000000000000103e-01,7.848388072088710032e-01
5.867999999999999883e-01,7.327525968794361688e-01
5.873000000000000442e-01,3.262045150006542826e-01
5.875000000000000222e-01,4.346687772899713309e-01
5.877999999999999892e-01,5.608448435896207229e-01
5.883000000000000451e-01,6.770913297813194731e-01
5.885000000000000231e-01,8.524437162166123017e-01
5.888999999999999790e-01,1.095345336818809301e+00
5.891999999999999460e-01,8.676583357220124526e-01
5.894000000000000350e-01,1.087672688787051811e+00
5.898999999999999799e-01,1.141608666168622221e+00
5.900999999999999579e-01,9.330230872179754442e-01
5.904000000000000359e-01,9.580048237461369354e-01
5.908999999999999808e-01,6.772504959278649039e-01
5.910999999999999588e-01,3.914284907052660856e-01
5.914000000000000368e-01,7.256708149150199461e-01
5.918999999999999817e-01,6.046716382331851491e-01
5.920999999999999597e-01,7.619180112425283369e-01
5.926000000000000156e-01,2.337417737774103443e-01
5.927999999999999936e-01,4.216386589633884796e-01
5.930999999999999606e-01,6.036883337317249243e-01
5.936000000000000165e-01,8.145312950246079708e-01
5.937999999999999945e-01,1.136909559732771413e+00
5.943000000000000504e-01,1.122943688345458213e+00
5.945000000000000284e-01,9.445630888061486985e-01
5.949999999999999734e-01,8.241495309821402770e-01
5.953000000000000513e-01,1.012693791321794379e+00
5.955000000000000293e-01,1.079355703990700022e+00
5.960999999999999632e-01,9.329376211750286529e-01
5.963000000000000522e-01,1.010424383734061848e+00
5.965000000000000302e-01,1.114761008385926289e+00
5.969999999999999751e-01,1.070425922926688145e+00
5.973000000000000531e-01,1.592250942593636864e+00
5.977999999999999980e-01,1.537946542406871231e+00
5.979999999999999760e-01,1.261679443028583592e+00
5.983000000000000540e-01,6.647408771164009522e-01
5.987999999999999989e-01,1.039822746557547362e+00
5.989999999999999769e-01,1.158273852980642005e+00
5.995000000000000329e-01,7.273444370407560200e-01
5.997000000000000108e-01,4.500900362470474647e-01
5.999999999999999778e-01,4.726188804716002778e-01
6.004000000000000448e-01,9.571546266687391835e-01
6.007000000000000117e-01,7.922187099998154736e-01
6.009999999999999787e-01,6.961366653415552719e-01
6.015000000000000346e-01,7.134765637101736502e-01
6.017000000000000126e-01,6.215645645792164942e-01
6.021999999999999575e-01,5.464504550006950012e-01
6.025000000000000355e-01,2.272158947683919905e-01
6.028999999999999915e-01,4.683648172640459961e-01
6.031999999999999584e-01,7.781931138097206713e-01
6.037000000000000144e-01,9.293189397103560623e-01
6.038999999999999924e-01,5.067661866708021989e-01
6.041999999999999593e-01,6.815484969996532527e-01
6.047000000000000153e-01,8.082334948602465374e-01
6.048999999999999932e-01,9.691277543511205295e-01
6.054000000000000492e-01,7.690885256848787321e-01
6.057000000000000162e-01,9.324129517781329923e-01
6.058999999999999941e-01,6.937022510386441354e-01
6.064000000000000501e-01,8.931067004300530243e-01
6.066000000000000281e-01,1.165330252386979737e+00
6.074000000000000510e-01,1.226399125716966410e+00
6.077000000000000179e-01,1.003225384116490204e+00
6.078999999999999959e-01,9.217953099437181663e-01
6.084000000000000519e-01,8.218947982320514711e-01
6.087000000000000188e-01,9.772758808613843939e-01
6.091999999999999638e-01,8.261102791384473676e-01
6.094000000000000528e-01,5.295395951679893187e-01
6.096000000000000307e-01,8.969033950633047425e-01
6.100999999999999757e-01,7.752701293070458632e-01
6.104000000000000536e-01,8.136840188569749444e-01
6.106000000000000316e-01,3.552179576723801802e-01
6.110999999999999766e-01,5.599039978865221201e-01
6.112999999999999545e-01,5.323481648181314085e-01
6.116000000000000325e-01,8.165169591671883609e-01
6.120999999999999774e-01,4.251509575452701029e-01
6.124000000000000554e-01,1.189023626931202671e-01
6.129000000000000004e-01,6.974437494599214915e-01
6.133999999999999453e-01,9.787412693493706684e-01
6.137000000000000233e-01,6.382377607945954878e-01
6.141999999999999682e-01,5.398000097106887551e-01
6.143999999999999462e-01,4.683425325515599980e-01
6.147000000000000242e-01,5.066444160288483545e-01
6.151999999999999691e-01,3.277527995065838695e-01
6.153999999999999471e-01,7.030918294083221554e-01
6.156000000000000361e-01,6.620521729292931923e-01
6.160999999999999810e-01,9.118649506633573765e-01
6.163999999999999480e-01,4.634918135122916283e-01
6.166000000000000369e-01,4.026635612491418215e-01
6.170999999999999819e-01,6.971848999035046290e-01
6.172999999999999599e-01,6.504373897876121191e-01
6.176000000000000378e-01,7.921432224092086472e-01
6.178000000000000158e-01,1.062334117229283947e+00
6.182999999999999607e-01,1.058906458915203075e+00
6.186000000000000387e-01,5.826488574806489851e-01
6.190999999999999837e-01,8.200692134063274352e-01
6.192999999999999616e-01,9.712985104115432478e-01
6.196000000000000396e-01,1.273331049085527411e+00
6.200999999999999845e-01,1.308612625712271438e+00
6.202999999999999625e-01,9.403551019361202634e-01
6.208000000000000185e-01,9.528845629250781712e-01
6.209999999999999964e-01,9.424135592033735520e-01
6.215000000000000524e-01,8.897512051835292368e-01
6.218000000000000194e-01,9.152933714908613183e-01
6.222999999999999643e-01,1.278938545770756718e+00
6.225000000000000533e-01,1.109980383916422397e+00
6.229999999999999982e-01,6.666385238457905871e-01
6.232999999999999652e-01,5.246988754259973575e-01
6.235000000000000542e-01,5.069400566042077116e-01
6.239999999999999991e-01,7.051522612105145527e-01
6.241999999999999771e-01,7.033079435625495535e-01
6.245000000000000551e-01,6.060066704400242088e-01
6.250000000000000000e-01,3.916174929169073948e-01
6.251999999999999780e-01,7.371317891307853643e-01
6.253999999999999559e-01,1.014827438363226975e+00
6.259000000000000119e-01,8.392803876055268120e-01
6.261999999999999789e-01,7.745351963536677431e-01
6.267000000000000348e-01,7.863399944626507931e-01
6.269000000000000128e-01,9.377224629650982024e-01
6.273999999999999577e-01,8.652654387523170954e-01
6.277000000000000357e-01,1.339973550627405530e+00
6.281999999999999806e-01,1.038343614246741708e+00
6.283999999999999586e-01,1.376231785715390288e+00
6.287000000000000366e-01,1.363743981569655261e+00
6.291999999999999815e-01,1.339301739167694905e+00
6.293999999999999595e-01,1.026531001960506728e+00
6.296000000000000485e-01,9.358152217791939620e-01
6.299000000000000155e-01,7.227764603653668019e-01
6.302999999999999714e-01,9.013749268091260092e-01
6.306000000000000494e-01,8.214148973996771019e-01
6.308000000000000274e-01,8.743952581399980772e-01
6.312999999999999723e-01,1.008385645020439370e+00
6.314999999999999503e-01,6.813369761333660790e-01
6.320000000000000062e-01,1.065543432432491500e+00
6.321999999999999842e-01,7.037338139764415246e-01
6.327000000000000401e-01,5.754075315358022635e-01
6.329000000000000181e-01,6.677664982838678043e-01
6.330999999999999961e-01,6.727266963144984402e-01
6.336000000000000520e-01,6.974790060640998490e-01
6.339000000000000190e-01,5.755814162660044531e-01
6.340999999999999970e-01,1.032243596974467437e+00
6.346000000000000529e-01,1.095147168403173055e+00
6.348000000000000309e-01,7.061715427732906392e-01
6.350999999999999979e-01,7.696844925930008685e-01
6.356000000000000538e-01,6.865530692545007696e-01
6.358000000000000318e-01,5.886427326909142721e-01
6.360999999999999988e-01,6.394329732247570064e-01
6.364999999999999547e-01,9.916846414158726475e-01
6.370000000000000107e-01,1.002979765338977813e+00
6.371999999999999886e-01,7.928374330460883357e-01
6.375999999999999446e-01,1.046230648039113476e+00
6.379000000000000226e-01,9.155953247955039842e-01
6.381000000000000005e-01,8.752046915910796088e-01
6.385999999999999455e-01,8.315532388826341048e-01
6.388000000000000345e-01,1.043819045031341375e+00
6.390000000000000124e-01,1.310571741604803719e+00
6.394999999999999574e-01,1.133330183063435470e+00
6.400000000000000133e-01,1.511958157094341004e+00
6.402999999999999803e-01,1.423996253175459969e+00
6.404999999999999583e-01,1.048000720078562154e+00
6.410000000000000142e-01,6.722038080000629634e-01
6.411999999999999922e-01,7.318426197290364144e-01
6.417000000000000481e-01,8.008443792725756794e-01
6.419000000000000261e-01,7.313003593320672735e-01
6.421000000000000041e-01,9.025081535353365325e-01
6.425999999999999490e-01,7.970959995750490634e-01
6.428000000000000380e-01,5.861181545835734141e-01
6.430000000000000160e-01,6.273070113193170982e-01
6.434999999999999609e-01,1.113141179586591534e+00
6.438000000000000389e-01,1.215167235179137606e+00
6.444999999999999618e-01,1.589495519577667437e+00
6.447000000000000508e-01,1.295716667604096983e+00
6.450000000000000178e-01,1.363558710136317131e+00
6.451999999999999957e-01,1.235826510778338161e+00
6.457000000000000517e-01,1.082252266163209242e+00
6.459000000000000297e-01,1.012225652676988830e+00
6.461999999999999966e-01,6.145717866077120561e-01
6.465999999999999526e-01,7.796757731221077847e-01
6.468000000000000416e-01,9.105272448340429037e-01
6.472999999999999865e-01,1.074335394140462085e+00
6.474999999999999645e-01,1.051213178004672955e+00
6.480000000000000204e-01,1.022741984209119437e+00
6.481999999999999984e-01,8.799776565923593807e-01
6.487000000000000544e-01,7.940702690012813036e-01
6.490000000000000213e-01,7.689114138563581946e-01
6.493999999999999773e-01,4.467348477558061859e-01
6.495999999999999552e-01,5.196420404591890474e-01
6.501000000000000112e-01,4.244544925618356501e-01
6.502999999999999892e-01,5.536860243645378432e-01
6.508000000000000451e-01,5.257456095600900881e-01
6.510000000000000231e-01,4.435576877498306203e-01
6.514999999999999680e-01,6.898314321418865802e-01
6.516999999999999460e-01,7.507177508199447402e-01
6.522000000000000020e-01,8.173612323278121039e-01
6.523999999999999799e-01,1.082841790989505171e+00
6.528000000000000469e-01,8.485316193857670442e-01
6.531000000000000139e-01,9.397165226963579698e-01
6.532999999999999918e-01,7.313884162564363578e-01
6.536999999999999478e-01,1.046783234443296351e+00
6.540000000000000258e-01,7.745110647423416594e-01
6.544999999999999707e-01,1.169982058075675013e+00
6.550000000000000266e-01,1.417784046406950438e+00
6.552000000000000046e-01,1.377280180070897586e+00
6.553999999999999826e-01,1.253152826211589854e+00
6.559000000000000385e-01,1.046276584845941215e+00
6.561000000000000165e-01,9.809103637770704154e-01
6.565999999999999615e-01,6.679803946406082105e-01
6.569000000000000394e-01,1.223849569198932841e+00
6.572999999999999954e-01,1.434673728517736890e+00
6.575999999999999623e-01,1.075969338263917052e+00
6.581000000000000183e-01,1.291053538087567176e+00
6.582999999999999963e-01,9.950008730849049243e-01
6.586999999999999522e-01,9.864384172706195386e-01
6.590000000000000302e-01,1.003554208366040257e+00
6.592000000000000082e-01,7.617622254579146102e-01
6.593999999999999861e-01,1.097443054486348046e+00
6.599000000000000421e-01,1.223748754162215846e+00
6.601000000000000201e-01,7.220680394385681211e-01
6.604999999999999760e-01,9.421090456581850958e-01
6.606999999999999540e-01,6.840124237198779156e-01
6.610000000000000320e-01,5.475455803581326109e-01
6.613999999999999879e-01,4.787173299279174898e-01
6.615999999999999659e-01,7.294605339214967898e-01
6.621000000000000218e-01,1.130431926315964120e+00
6.623999999999999888e-01,1.263289549143678414e+00
6.629000000000000448e-01,1.295608066456566121e+00
6.631000000000000227e-01,1.440107795077096853e+00
6.633000000000000007e-01,1.245280672828926072e+00
6.637999999999999456e-01,1.108158954808573071e+00
6.640000000000000346e-01,9.405469840623936761e-01
6.644999999999999796e-01,7.292115471732358856e-01
6.646999999999999575e-01,1.087120006054988153e+00
6.649000000000000465e-01,8.750157027112663854e-01
6.653999999999999915e-01,8.465797338728862087e-01
6.656999999999999584e-01,1.187974056480015861e+00
6.662000000000000144e-01,1.195198623706573926e+00
6.663999999999999924e-01,9.453703758147184999e-01
6.665999999999999703e-01,4.025546336897605215e-01
6.671000000000000263e-01,5.203587067137505073e-01
6.673000000000000043e-01,4.578309178592689932e-01
6.675999999999999712e-01,3.698242765442500968e-01
6.680000000000000382e-01,6.722156044688745169e-01
6.682000000000000162e-01,4.352120369131853295e-01
6.686999999999999611e-01,8.409086583098996925e-01
6.690000000000000391e-01,1.123803762132979500e+00
6.693999999999999950e-01,1.235228239788284554e+00
6.696999999999999620e-01,7.179087981597831458e-01
6.699000000000000510e-01,1.144146237918221232e+00
6.703999999999999959e-01,1.514555672255596619e+00
6.705999999999999739e-01,1.766994715129044380e+00
6.709000000000000519e-01,1.500448576503231379e+00
6.713999999999999968e-01,1.483512191911927403e+00
6.715999999999999748e-01,1.321310135539306430e+00
6.721000000000000307e-01,1.459316820221715716e+00
6.723000000000000087e-01,1.422528913115570504e+00
6.725999999999999757e-01,1.322973963412209741e+00
6.730000000000000426e-01,8.414236783261230812e-01
6.733000000000000096e-01,1.133019912668032703e+00
6.736999999999999655e-01,6.625665914393721323e-01
6.739000000000000545e-01,6.740729001007821353e-01
6.742000000000000215e-01,1.100050532160935290e+00
6.745999999999999774e-01,1.403960859727931165e+00
6.749000000000000554e-01,1.189786152554574983e+00
6.751000000000000334e-01,8.213786156342166578e-01
6.753000000000000114e-01,7.968607619251315555e-01
6.757999999999999563e-01,5.497101304774787423e-01
6.761000000000000343e-01,1.037443918529220355e+00
6.763000000000000123e-01,6.713028780144441043e-01
6.767999999999999572e-01,6.124250457206699139e-01
6.770000000000000462e-01,7.312510357003247918e-01
6.773000000000000131e-01,6.345485422433512213e-01
6.777999999999999581e-01,6.173017537954592626e-01
6.780000000000000471e-01,9.960732113712538194e-01
6.784999999999999920e-01,1.401790507791929485e+00
6.786999999999999700e-01,1.369306715361403803e+00
6.790000000000000480e-01,8.918000846815630211e-01
6.794000000000000039e-01,8.240021017446679252e-01
6.796999999999999709e-01,9.219204924518180633e-01
6.802000000000000268e-01,1.352597974945524584e+00
6.804000000000000048e-01,9.901687979271400764e-01
6.805999999999999828e-01,8.391641132711811224e-01
6.811000000000000387e-01,1.162139460836442595e+00
6.813000000000000167e-01,1.082599121058933633e+00
6.815999999999999837e-01,9.667595968204523160e-01
6.820000000000000506e-01,1.354363475921104509e+00
6.823000000000000176e-01,9.644820331749315301e-01
6.824999999999999956e-01,9.390196138247119961e-01
6.830000000000000515e-01,1.104266633500515127e+00
6.832000000000000295e-01,1.245725968069677947e+00
6.834000000000000075e-01,1.364895114485420891e+00
6.838999999999999524e-01,9.297469986164514921e-01
6.842000000000000304e-01,9.620570360640385843e-01
6.844000000000000083e-01,6.850410899473899917e-01
6.848999999999999533e-01,9.892118993865324228e-01
6.851000000000000423e-01,1.170362161456068861e+00
6.854000000000000092e-01,1.392848553115982213e+00
6.857999999999999652e-01,1.551665906154539698e+00
6.861000000000000432e-01,1.403345688466401953e+00
6.863000000000000211e-01,1.522942622616255903e+00
6.867999999999999661e-01,1.859094599191053021e+00
6.871000000000000441e-01,1.651689390107662803e+00
6.875000000000000000e-01,1.643477148384363318e+00
6.877999999999999670e-01,1.619896281077785716e+00
6.882000000000000339e-01,1.696071235618546780e+00
6.884000000000000119e-01,1.414066434903702429e+00
6.886999999999999789e-01,1.336528495538345851e+00
6.891000000000000458e-01,1.345171832753294439e+00
6.894000000000000128e-01,1.332257458122171556e+00
6.895999999999999908e-01,1.344444737333560624e+00
6.901000000000000467e-01,1.370628749545971914e+00
6.903000000000000247e-01,1.330409213719690342e+00
6.905000000000000027e-01,1.376577532796545711e+00
6.909999999999999476e-01,1.518961034681524325e+00
6.913000000000000256e-01,1.669260941637730866e+00
6.917999999999999705e-01,1.462918026199076849e+00
6.919999999999999485e-01,1.082844011614724877e+00
6.922000000000000375e-01,1.406131401254810953e+00
6.926999999999999824e-01,7.648985430250831996e-01
6.929999999999999494e-01,8.714770328241456809e-01
6.934000000000000163e-01,6.200463713116732833e-01
6.935999999999999943e-01,1.419314724423657026e+00
6.941000000000000503e-01,1.240393657426011487e+00
6.943000000000000282e-01,1.041975694861548618e+00
6.945999999999999952e-01,1.478583596716703141e+00
6.947999999999999732e-01,1.442907360198432798e+00
6.953000000000000291e-01,1.460943108526862488e+00
6.955000000000000071e-01,1.294607489788745625e+00
6.959999999999999520e-01,1.211024906183297389e+00
6.963000000000000300e-01,1.321026643956770386e+00
6.965000000000000080e-01,1.064076539203369975e+00
6.969999999999999529e-01,1.337754981028069778e+00
6.973000000000000309e-01,1.114437114423253661e+00
6.975000000000000089e-01,1.840294855024239951e+00
6.979999999999999538e-01,1.165467036423933678e+00
6.982000000000000428e-01,1.486163612469226791e+00
6.986999999999999877e-01,1.384379873437865172e+00
6.989999999999999547e-01,1.145656381869684992e+00
6.994000000000000217e-01,1.055156597604991475e+00
6.996999999999999886e-01,1.128564934604355585e+00
7.000999999999999446e-01,1.141860916828136396e+00
7.004000000000000226e-01,7.859867099884922936e-01
7.006000000000000005e-01,9.077075461231061126e-01
7.010999999999999455e-01,1.058276541632039880e+00
7.013000000000000345e-01,1.109192129655866665e+00
7.017999999999999794e-01,1.188006108607396527e+00
7.020999999999999464e-01,1.451315500145483384e+00
7.023000000000000353e-01,1.754013770354163171e+00
7.027999999999999803e-01,1.664224574201739415e+00
7.029999999999999583e-01,1.683143077478575833e+00
7.032000000000000473e-01,1.525928807954528565e+00
7.035000000000000142e-01,1.092411812452610320e+00
7.038999999999999702e-01,1.118245541948908794e+00
7.042000000000000481e-01,9.878310179160507687e-01
7.046000000000000041e-01,9.605374483260220586e-01
7.047999999999999821e-01,8.589042556646973026e-01
7.050999999999999490e-01,1.239419151402671559e+00
7.056000000000000050e-01,1.244932510150533744e+00
7.057999999999999829e-01,1.244381721227227899e+00
7.063000000000000389e-01,1.070794878005813189e+00
7.065000000000000169e-01,1.130411411022919310e+00
7.069999999999999618e-01,1.245218378972367645e+00
7.072000000000000508e-01,7.980144313927439725e-01
7.076000000000000068e-01,8.011170149439976740e-01
7.077999999999999847e-01,1.223442523967833040e+00
7.079999999999999627e-01,1.110850879931035706e+00
7.085000000000000187e-01,8.980584044434181124e-01
7.086999999999999966e-01,1.001688561129981281e+00
7.088999999999999746e-01,1.158417343599921878e+00
7.095000000000000195e-01,9.334960459567582802e-01
7.096999999999999975e-01,1.021612405365431187e+00
7.102000000000000535e-01,1.090941347282978313e+00
7.104000000000000314e-01,1.079436195788730402e+00
7.108999999999999764e-01,1.232082229331240342e+00
7.110999999999999543e-01,1.204815474528231789e+00
7.116000000000000103e-01,9.894354302809915680e-01
7.117999999999999883e-01,1.206541624885517194e+00
7.120999999999999552e-01,1.467758832874778818e+00
7.125000000000000222e-01,1.486014734652826519e+00
7.127999999999999892e-01,1.438391924829375057e+00
7.129999999999999671e-01,1.560626250742075172e+00
7.135000000000000231e-01,1.665431431646197780e+00
7.137000000000000011e-01,1.247997609166532129e+00
7.139999999999999680e-01,9.765113998865899703e-01
7.144000000000000350e-01,8.522738474531479369e-01
7.147000000000000020e-01,1.112910453799145216e+00
7.150999999999999579e-01,7.260320264997517370e-01
7.154000000000000359e-01,8.878423082880999573e-01
7.156000000000000139e-01,1.483575530078610427e+00
7.160999999999999588e-01,1.628889588923357223e+00
7.163000000000000478e-01,1.693963173320753413e+00
7.166000000000000147e-01,1.244477539134322797e+00
7.170999999999999597e-01,1.270511800648023382e+00
7.173000000000000487e-01,1.672415617780529828e+00
7.177999999999999936e-01,1.698107835157429690e+00
7.179999999999999716e-01,1.393915077913902678e+00
7.183000000000000496e-01,1.426769195856763872e+00
7.187000000000000055e-01,1.461834786404779152e+00
7.189999999999999725e-01,1.199244158043143216e+00
7.194000000000000394e-01,1.272200822849413271e+00
7.197000000000000064e-01,1.155146469754754435e+00
7.198999999999999844e-01,1.244917676973614107e+00
7.201999999999999513e-01,1.162467470741148645e+00
7.207000000000000073e-01,8.281995859902053780e-01
7.208999999999999853e-01,1.564976169060855682e+00
7.211999999999999522e-01,1.172457056109692530e+00
7.216000000000000192e-01,1.171450301697973373e+00
7.218999999999999861e-01,9.175550391043998388e-01
7.220999999999999641e-01,7.815546377080409002e-01
7.226000000000000201e-01,1.109870597592816921e+00
7.227999999999999980e-01,1.324494401315746472e+00
7.233000000000000540e-01,1.115823323112294929e+00
7.235000000000000320e-01,7.140310564776655156e-01
7.237999999999999989e-01,9.636795445024972651e-01
7.243000000000000549e-01,1.137988866370619689e+00
7.245000000000000329e-01,1.176293571671408245e+00
7.249999999999999778e-01,1.319284076503322467e+00
7.251999999999999558e-01,1.408269933313590627e+00
7.255000000000000338e-01,1.080309106305662681e+00
7.258999999999999897e-01,1.118548981461572112e+00
7.261999999999999567e-01,1.145726681499240840e+00
7.267000000000000126e-01,1.345758650639481857e+00
7.268999999999999906e-01,1.342961318189850317e+00
7.270999999999999686e-01,1.279284086333177584e+00
7.276000000000000245e-01,1.422973232329241000e+00
7.278000000000000025e-01,1.386443021942227460e+00
7.279999999999999805e-01,1.187027575831962167e+00
7.285000000000000364e-01,1.387310042262015486e+00
7.287000000000000144e-01,1.226989820897642858e+00
7.291999999999999593e-01,1.213910858967096829e+00
7.294000000000000483e-01,1.060857042616021317e+00
7.297000000000000153e-01,1.394036447328176109e+00
7.301999999999999602e-01,1.464471812280180529e+00
7.304000000000000492e-01,2.037795144043343498e+00
7.307000000000000162e-01,1.657068447462847871e+00
7.310999999999999721e-01,1.532094428134996633e+00
7.314000000000000501e-01,1.611198763303491432e+00
7.318000000000000060e-01,1.769510221330506283e+00
7.320999999999999730e-01,1.170911180955386044e+00
7.322999999999999510e-01,1.227287746154047454e+00
7.328000000000000069e-01,1.090391774263139268e+00
7.329999999999999849e-01,1.140705317711422140e+00
7.332999999999999519e-01,1.255267398281603164e+00
7.337000000000000188e-01,1.560762623683558559e+00
7.339999999999999858e-01,1.770035561461099860e+00
7.345000000000000417e-01,1.829684154523079087e+00
7.347000000000000197e-01,1.990638903876742916e+00
7.351999999999999647e-01,1.603161764170067727e+00
7.354000000000000536e-01,1.562271751581079116e+00
7.358999999999999986e-01,1.177892292790147621e+00
7.360999999999999766e-01,9.739967972113845462e-01
7.366000000000000325e-01,1.088821861598830765e+00
7.368000000000000105e-01,9.751097442814398164e-01
7.370999999999999774e-01,1.269040640729826919e+00
7.375000000000000444e-01,1.381083327821897910e+00
7.378000000000000114e-01,1.382272411372127863e+00
7.381999999999999673e-01,1.933179698309800187e+00
7.385000000000000453e-01,1.858087869157088790e+00
7.389000000000000012e-01,1.840856452879506833e+00
7.391999999999999682e-01,1.403327350808694973e+00
7.393999999999999462e-01,1.418287526635367612e+00
7.397000000000000242e-01,1.273200108995979463e+00
7.400999999999999801e-01,9.685236088337205729e-01
7.403999999999999471e-01,6.826131997285074249e-01
7.408000000000000140e-01,1.834417658638130888e+00
7.410999999999999810e-01,1.631542573645788252e+00
7.412999999999999590e-01,1.856851943455239962e+00
7.415000000000000480e-01,1.629912407614142467e+00
7.419999999999999929e-01,1.237149748231900048e+00
7.421999999999999709e-01,9.478034168813564975e-01
7.427000000000000268e-01,1.180658393821204299e+00
7.429000000000000048e-01,1.277316835147416896e+00
7.431999999999999718e-01,1.375140067935717525e+00
7.436000000000000387e-01,1.301855634335538525e+00
7.439000000000000057e-01,1.708023814567013687e+00
7.442999999999999616e-01,1.321394257016095253e+00
7.446000000000000396e-01,1.291972687155634958e+00
7.450999999999999845e-01,1.409330955227233062e+00
7.456000000000000405e-01,9.275364897050621948e-01
7.458000000000000185e-01,1.094727616352315636e+00
7.462999999999999634e-01,1.123570447798783789e+00
7.465000000000000524e-01,1.473194454786721508e+00
7.469000000000000083e-01,1.691639415232430110e+00
7.471999999999999753e-01,1.601499286248213139e+00
7.473999999999999533e-01,1.773931194814508672e+00
7.479000000000000092e-01,1.692977775845179167e+00
7.480999999999999872e-01,1.882743341412265181e+00
7.486000000000000432e-01,1.779457694467623696e+00
7.489000000000000101e-01,1.708122434718006843e+00
7.490999999999999881e-01,1.883980597564345771e+00
7.496000000000000441e-01,2.021889901821282365e+00
7.498000000000000220e-01,1.474657144528350727e+00
7.500000000000000000e-01,1.502549266718347099e+00
7.504999999999999449e-01,1.470817446916271365e+00
7.508000000000000229e-01,1.618736811740859594e+00
7.511999999999999789e-01,1.702753902225026650e+00
7.514999999999999458e-01,1.668758427798024968e+00
7.519000000000000128e-01,1.664937006707305045e+00
7.521999999999999797e-01,1.706924846106630866e+00
7.523999999999999577e-01,1.382619137295478140e+00
7.528000000000000247e-01,1.420963460990606109e+00
7.530999999999999917e-01,1.436625250832889833e+00
7.532999999999999696e-01,1.159632583465963762e+00
7.538000000000000256e-01,1.177107980169921575e+00
7.540999999999999925e-01,1.585821995212882030e+00
7.546000000000000485e-01,1.381198695998023140e+00
7.548000000000000265e-01,1.344748610773535802e+00
7.552999999999999714e-01,1.266746404158766381e+00
7.554999999999999494e-01,1.352547213967795869e+00
7.560000000000000053e-01,1.478228704665752957e+00
7.561999999999999833e-01,1.429421386574858843e+00
7.563999999999999613e-01,1.199690435431875812e+00
7.570999999999999952e-01,1.048805777714392207e+00
7.572999999999999732e-01,1.424983691191073376e+00
7.578000000000000291e-01,1.569860291412510378e+00
7.580999999999999961e-01,1.856662554479044047e+00
7.582999999999999741e-01,1.429468950830937501e+00
7.584999999999999520e-01,1.288681976454313372e+00
7.590000000000000080e-01,1.367764170454279338e+00
7.592999999999999750e-01,1.578237212363092112e+00
7.597000000000000419e-01,1.496422347657698992e+00
7.600000000000000089e-01,1.541410745463849707e+00
7.604999999999999538e-01,1.868692388227259471e+00
7.607000000000000428e-01,1.319332073982309339e+00
7.613999999999999657e-01,1.434094857564673475e+00
7.616000000000000547e-01,1.878994858277110325e+00
7.618000000000000327e-01,1.986420864379738305e+00
7.622999999999999776e-01,1.782420905652884358e+00
7.625999999999999446e-01,1.411690588460828621e+00
7.631000000000000005e-01,1.476146771902449473e+00
7.632999999999999785e-01,1.959714737967715337e+00
7.634999999999999565e-01,2.159041448652942563e+00
7.640000000000000124e-01,1.987898731825794130e+00
7.641999999999999904e-01,2.109557028276753954e+00
7.644999999999999574e-01,1.929100901452898142e+00
7.649000000000000243e-01,2.131855793049567183e+00
7.651999999999999913e-01,1.924883753482390603e+00
7.653999999999999693e-01,1.794559713835838011e+00
7.659000000000000252e-01,1.368094075889644046e+00
7.661000000000000032e-01,1.046607321044461969e+00
7.665999999999999481e-01,1.116054012068161683e+00
7.668000000000000371e-01,1.082032818707148181e+00
7.671000000000000041e-01,1.307704018281242497e+00
7.675999999999999490e-01,1.698752921409209193e+00
7.678000000000000380e-01,1.346064866373012592e+00
7.682999999999999829e-01,1.600486947103718194e+00
7.684999999999999609e-01,1.361996193083314211e+00
7.687000000000000499e-01,1.572628720274224179e+00
7.691000000000000059e-01,1.461070779067085823e+00
7.693999999999999728e-01,1.191629360559431916e+00
7.695999999999999508e-01,1.403361946877112132e+00
7.701000000000000068e-01,1.433251125084552768e+00
7.703999999999999737e-01,1.486737455789580054e+00
7.709000000000000297e-01,1.754918257992585495e+00
7.711000000000000076e-01,1.802290015396579292e+00
7.713999999999999746e-01,1.670329227734441702e+00
7.715999999999999526e-01,1.805638698837014999e+00
7.721000000000000085e-01,1.560268557319318461e+00
7.722999999999999865e-01,1.619368354179300695e+00
7.728000000000000425e-01,1.747134186326547933e+00
7.730000000000000204e-01,1.763302120945240858e+00
7.731999999999999984e-01,1.643687716752879169e+00
7.737000000000000544e-01,1.914205774671927429e+00
7.739000000000000323e-01,1.868030134899299810e+00
7.741999999999999993e-01,2.067495779187765947e+00
7.745999999999999552e-01,1.936104087769649595e+00
7.749000000000000332e-01,1.722322352983155724e+00
7.753999999999999782e-01,1.622032217839205259e+00
7.755999999999999561e-01,1.523586343102920182e+00
7.758000000000000451e-01,1.774447435188108102e+00
7.762999999999999901e-01,1.937239870661642271e+00
7.764999999999999680e-01,1.987784538326309303e+00
7.770000000000000240e-01,1.485763430206702651e+00
7.772000000000000020e-01,1.594381573618306902e+00
7.776999999999999469e-01,1.464871181374064690e+00
7.779000000000000359e-01,1.289779055107715067e+00
7.783999999999999808e-01,1.347573391940386500e+00
7.786999999999999478e-01,1.710923135793564143e+00
7.792000000000000037e-01,1.585679088776373646e+00
7.793999999999999817e-01,1.712616291471363184e+00
7.796999999999999487e-01,1.963732832433947806e+00
7.801000000000000156e-01,1.633728927149718402e+00
7.803999999999999826e-01,1.735982699545843388e+00
7.805999999999999606e-01,1.555148242469499564e+00
7.809000000000000385e-01,1.546560609697849031e+00
7.812999999999999945e-01,2.114396605464094137e+00
7.814999999999999725e-01,1.787978900774191970e+00
7.820000000000000284e-01,1.708307489355547659e+00
7.823999999999999844e-01,1.615309723811492404e+00
7.826999999999999513e-01,1.991122293137664201e+00
7.829000000000000403e-01,2.157679307858757056e+00
7.833999999999999853e-01,1.602484094709325291e+00
7.839000000000000412e-01,1.545436240103867931e+00
7.841000000000000192e-01,1.528275983536900640e+00
7.843999999999999861e-01,1.582014791201913795e+00
7.845999999999999641e-01,1.867513766768297501e+00
7.851000000000000201e-01,1.525169611633259592e+00
7.853999999999999870e-01,1.322555025590645528e+00
7.859000000000000430e-01,1.028974464324392102e+00
7.861000000000000210e-01,1.449939234681778544e+00
7.862999999999999989e-01,1.986424762880915296e+00
7.868000000000000549e-01,1.982672937293614268e+00
7.870000000000000329e-01,1.967162467691764505e+00
7.872999999999999998e-01,1.850363184744423961e+00
7.876999999999999558e-01,1.553357513836886028e+00
7.880000000000000338e-01,1.876885306573967682e+00
7.882000000000000117e-01,1.597494781482510007e+00
7.883999999999999897e-01,1.394186023533052321e+00
7.889000000000000457e-01,1.376268335127065257e+00
7.892000000000000126e-01,1.380698275009308418e+00
7.895999999999999686e-01,1.830590764119961023e+00
7.899000000000000465e-01,1.783197149291368078e+00
7.903999999999999915e-01,1.727871846235757403e+00
7.905999999999999694e-01,1.361160251981800684e+00
7.909000000000000474e-01,1.434430317761325568e+00
7.913999999999999924e-01,1.663700100575283614e+00
7.915999999999999703e-01,1.928803537449994110e+00
7.921000000000000263e-01,1.735844978212753631e+00
7.923000000000000043e-01,1.722686754665687658e+00
7.924999999999999822e-01,1.655831326680640814e+00
7.926999999999999602e-01,1.794481042671350224e+00
7.932000000000000162e-01,1.442475025440444369e+00
7.933999999999999941e-01,1.826894729414334506e+00
7.939000000000000501e-01,2.038096986699542867e+00
7.941000000000000281e-01,1.632047101495572861e+00
7.943999999999999950e-01,1.471152268751211523e+00
7.949000000000000510e-01,1.587075474724883861e+00
7.952000000000000179e-01,1.764526889278954513e+00
7.953999999999999959e-01,1.674319003083382995e+00
7.956999999999999629e-01,1.940256522307095111e+00
7.961000000000000298e-01,1.845709749326260862e+00
7.963000000000000078e-01,1.643023365982458017e+00
7.967999999999999527e-01,1.637094184002307884e+00
7.970000000000000417e-01,1.599810247838945543e+00
7.972000000000000197e-01,1.858781167437996373e+00
7.976999999999999647e-01,1.712790491855798791e+00
7.980000000000000426e-01,1.482280959288118538e+00
7.982000000000000206e-01,1.537706260456616292e+00
7.986999999999999655e-01,1.755454775227576647e+00
7.989000000000000545e-01,2.347890664222177293e+00
7.992000000000000215e-01,2.336636075484875619e+00
7.996999999999999664e-01,1.906662525030014876e+00
7.999000000000000554e-01,1.255431750221418952e+00
8.003000000000000114e-01,1.357764624099104367e+00
8.005999999999999783e-01,1.510254157303279499e+00
8.007999999999999563e-01,1.638998489025084382e+00
8.013000000000000123e-01,1.886533886006759531e+00
8.014999999999999902e-01,1.967040649817363374e+00
8.017999999999999572e-01,1.748478662031743625e+00
8.023000000000000131e-01,1.579812034452743319e+00
8.024999999999999911e-01,1.638568878661089911e+00
8.030000000000000471e-01,1.608866762159891550e+00
8.032000000000000250e-01,1.940189473315285795e+00
8.034000000000000030e-01,2.026522420317292017e+00
8.038999999999999480e-01,1.874047669211449829e+00
8.041000000000000369e-01,1.756720748123370868e+00
8.045999999999999819e-01,1.923827393849137479e+00
8.047999999999999599e-01,2.001788783786423664e+00
8.053000000000000158e-01,1.647143244353287628e+00
8.054999999999999938e-01,1.758748654657324550e+00
8.057999999999999607e-01,2.133606950700823290e+00
8.063000000000000167e-01,1.951567753229824120e+00
8.064999999999999947e-01,1.722396982448003655e+00
8.067999999999999616e-01,1.902501715224843792e+00
8.072000000000000286e-01,1.933427442879633418e+00
8.074999999999999956e-01,2.472106532386078470e+00
8.078999999999999515e-01,2.288872915182423640e+00
8.081000000000000405e-01,1.882447572204682729e+00
8.084000000000000075e-01,1.817812177979249100e+00
8.088999999999999524e-01,1.948541112705697742e+00
8.091000000000000414e-01,1.588485865605548497e+00
8.093000000000000194e-01,1.476166982334575550e+00
8.097999999999999643e-01,1.752252054748737464e+00
8.100000000000000533e-01,1.907723339635253978e+00
8.103000000000000203e-01,1.327744822602880959e+00
8.106999999999999762e-01,2.060603636998962429e+00
8.110000000000000542e-01,2.266408713362693561e+00
8.112000000000000322e-01,1.849422244385436898e+00
8.116999999999999771e-01,2.007364779795693721e+00
8.120000000000000551e-01,1.955828545666918217e+00
8.124000000000000110e-01,2.040327310249836046e+00
8.125999999999999890e-01,2.200980274862786246e+00
8.131000000000000449e-01,2.299545022588631582e+00
8.134000000000000119e-01,1.992931643750807780e+00
8.135999999999999899e-01,1.821140950695280480e+00
8.141000000000000458e-01,1.768810890057466167e+00
8.143000000000000238e-01,1.491549475221063403e+00
8.146999999999999797e-01,1.796053495538558309e+00
8.149999999999999467e-01,1.749723336634360749e+00
8.154000000000000137e-01,2.270968606393353184e+00
8.158999999999999586e-01,2.007795558543080006e+00
8.161000000000000476e-01,1.956675641965489376e+00
8.165999999999999925e-01,2.258955370883882097e+00
8.167999999999999705e-01,2.177599373722046039e+00
8.169999999999999485e-01,2.401820647899626238e+00
8.175000000000000044e-01,2.514812529430628274e+00
8.176999999999999824e-01,2.386650309377614576e+00
8.179999999999999494e-01,2.430463320432750152e+00
8.184000000000000163e-01,2.330936391368254590e+00
8.185999999999999943e-01,2.088216502563795984e+00
8.188999999999999613e-01,2.401184026888131484e+00
8.193000000000000282e-01,2.079877803808471981e+00
8.195999999999999952e-01,2.148201510286753546e+00
8.197999999999999732e-01,2.149751434271252037e+00
8.203000000000000291e-01,1.981868085180963135e+00
8.205999999999999961e-01,1.790085359262661768e+00
8.207999999999999741e-01,1.879370660840891105e+00
8.213000000000000300e-01,1.789953317325398530e+00
8.215000000000000080e-01,1.429206077803769404e+00
8.217999999999999750e-01,1.694400340937704641e+00
8.222000000000000419e-01,1.441320304626742654e+00
8.225000000000000089e-01,1.547075039776586891e+00
8.226999999999999869e-01,1.625967799868703878e+00
8.232000000000000428e-01,1.862571048662175599e+00
8.234000000000000208e-01,2.204143175570038693e+00
8.238999999999999657e-01,2.272046498355848598e+00
8.241000000000000547e-01,1.987697526439887952e+00
8.244000000000000217e-01,1.918364137992739415e+00
8.247999999999999776e-01,1.657227029720388600e+00
8.250999999999999446e-01,1.924417257692539351e+00
8.253000000000000336e-01,2.070449290286774158e+00
8.255000000000000115e-01,1.765483517732945984e+00
8.259999999999999565e-01,1.523524873632936760e+00
8.262000000000000455e-01,1.351496445449242856e+00
8.266999999999999904e-01,1.501297283088888435e+00
8.268999999999999684e-01,1.965102876954347266e+00
8.272000000000000464e-01,2.364607086639352929e+00
8.276000000000000023e-01,1.889775020178831255e+00
8.278999999999999693e-01,2.083086801194326654e+00
8.280999999999999472e-01,2.285013833539665029e+00
8.286000000000000032e-01,2.156366167496344133e+00
8.288999999999999702e-01,1.957460298083788075e+00
8.293000000000000371e-01,1.947728826749539621e+00
8.295000000000000151e-01,2.007467632197176499e+00
8.297999999999999821e-01,1.924173119617876182e+00
8.302000000000000490e-01,2.087238416466789204e+00
8.305000000000000160e-01,2.392695723024871768e+00
8.308999999999999719e-01,2.633515729351302070e+00
8.312000000000000499e-01,2.626530958696434936e+00
8.314000000000000279e-01,2.418148111985715332e+00
8.317999999999999838e-01,1.874826493444629705e+00
8.320999999999999508e-01,2.078315597804930803e+00
8.326000000000000068e-01,1.990077691595615761e+00
8.327999999999999847e-01,1.901383375714658541e+00
8.333000000000000407e-01,1.655085196979712236e+00
8.335000000000000187e-01,1.356883626943840682e+00
8.339999999999999636e-01,1.629313967345865422e+00
8.342000000000000526e-01,1.515990105742048399e+00
8.346999999999999975e-01,1.779074602414084438e+00
8.348999999999999755e-01,1.743896132769236829e+00
8.352000000000000535e-01,1.880407276776850267e+00
8.356000000000000094e-01,2.002827028536444232e+00
8.358999999999999764e-01,2.473282865022838450e+00
8.363000000000000433e-01,2.266104871939660370e+00
8.366000000000000103e-01,2.521090298997251011e+00
8.367999999999999883e-01,2.183885155937559830e+00
8.373000000000000442e-01,2.018987777851862120e+00
8.376000000000000112e-01,2.701172022485707203e+00
8.379999999999999671e-01,2.281301179795036660e+00
8.383000000000000451e-01,1.976612387567911355e+00
8.385000000000000231e-01,2.147404403790346805e+00
8.389999999999999680e-01,2.307562186266522986e+00
8.393000000000000460e-01,1.917403553639928759e+00
8.395000000000000240e-01,1.890776148317740990e+00
8.399999999999999689e-01,2.127442691189571633e+00
8.401999999999999469e-01,2.172432625548367469e+00
8.407000000000000028e-01,2.126551053828961813e+00
8.408999999999999808e-01,2.213288196593680368e+00
8.410999999999999588e-01,2.246935198610117368e+00
8.416000000000000147e-01,2.182438358822196278e+00
8.418999999999999817e-01,1.863356753931270759e+00
8.420999999999999597e-01,1.845442524450959354e+00
8.426000000000000156e-01,1.835881070843015550e+00
8.427999999999999936e-01,1.531173259602269354e+00
8.433000000000000496e-01,1.467397584647642361e+00
8.435000000000000275e-01,1.659458800596553374e+00
8.437000000000000055e-01,1.712279296517067451e+00
8.441999999999999504e-01,1.988353651332317895e+00
8.445000000000000284e-01,2.148562346582025384e+00
8.447000000000000064e-01,2.154513795196180581e+00
8.451999999999999513e-01,2.102854181389375299e+00
8.454000000000000403e-01,2.276869663950151335e+00
8.458999999999999853e-01,1.920689531059338151e+00
8.461999999999999522e-01,2.174964853061396752e+00
8.464000000000000412e-01,2.101379184453094240e+00
8.466000000000000192e-01,2.157833885580316746e+00
8.471999999999999531e-01,2.537585247264019017e+00
8.474000000000000421e-01,2.618904555312496996e+00
8.477999999999999980e-01,2.950667848745410993e+00
8.479999999999999760e-01,2.949668130913210007e+00
8.485000000000000320e-01,2.745771928938552264e+00
8.487000000000000099e-01,2.380718369704936777e+00
8.491999999999999549e-01,2.179189807958664460e+00
8.496000000000000218e-01,2.305210702942417811e+00
8.498999999999999888e-01,2.379846457713370000e+00
8.500999999999999668e-01,2.680734109809236543e+00
8.506000000000000227e-01,2.296050527311194855e+00
8.508000000000000007e-01,2.049818361456573257e+00
8.510999999999999677e-01,2.095980443461030518e+00
8.515000000000000346e-01,2.453631073028532228e+00
8.518000000000000016e-01,2.744403014884937875e+00
8.519999999999999796e-01,2.795464981022632855e+00
8.525000000000000355e-01,2.870092019500930292e+00
8.528000000000000025e-01,2.858031132795872509e+00
8.529999999999999805e-01,2.607284451556779459e+00
8.535000000000000364e-01,2.642364943900020080e+00
8.537000000000000144e-01,2.791508658962925438e+00
8.539999999999999813e-01,2.340038459824995698e+00
8.541999999999999593e-01,2.387019831593534036e+00
8.546000000000000263e-01,2.549534867028114604e+00
8.548999999999999932e-01,2.611292524800319370e+00
8.550999999999999712e-01,2.483326103517242700e+00
8.554000000000000492e-01,2.182929286353896714e+00
8.558999999999999941e-01,1.972956247444699329e+00
8.560999999999999721e-01,2.231051789599973745e+00
8.566000000000000281e-01,2.181749143430693039e+00
8.568000000000000060e-01,2.271193224909666242e+00
8.569999999999999840e-01,2.213187065292231637e+00
8.575000000000000400e-01,1.753437900876178901e+00
8.578999999999999959e-01,1.689511060328300118e+00
8.581999999999999629e-01,1.667336005211382144e+00
8.586000000000000298e-01,2.117714696092775739e+00
8.588999999999999968e-01,2.152380813117588332e+00
8.590999999999999748e-01,2.487717556729762691e+00
8.596000000000000307e-01,2.744440571189670663e+00
8.598999999999999977e-01,2.728781769869783602e+00
8.600999999999999757e-01,2.248107241138200152e+00
8.606000000000000316e-01,2.521248396835517269e+00
8.609999999999999876e-01,2.363552516590743835e+00
8.612999999999999545e-01,1.990497437815974990e+00
8.615000000000000435e-01,2.221422341757943286e+00
8.619999999999999885e-01,2.075932390236971514e+00
8.622999999999999554e-01,2.216060911306726666e+00
8.627000000000000224e-01,2.433776022460847344e+00
8.629999999999999893e-01,2.659628725227321411e+00
8.631999999999999673e-01,2.766605659029892195e+00
8.636000000000000343e-01,2.598935965556051997e+00
8.639000000000000012e-01,2.106623583098439667e+00
8.640999999999999792e-01,2.343190350120949006e+00
8.646000000000000352e-01,2.663420328028905715e+00
8.648000000000000131e-01,2.235871224414040626e+00
8.650999999999999801e-01,2.314745254764375204e+00
8.655000000000000471e-01,2.456646055333521872e+00
8.658000000000000140e-01,2.340575345422735154e+00
8.661999999999999700e-01,2.588253532490739417e+00
8.665000000000000480e-01,2.533104491685207904e+00
8.669999999999999929e-01,2.784016622190279122e+00
8.671999999999999709e-01,2.740814913932240415e+00
8.673999999999999488e-01,2.800420698088487370e+00
8.679000000000000048e-01,3.034055015603257743e+00
8.681999999999999718e-01,2.929588282745953620e+00
8.683999999999999497e-01,2.500787786992418660e+00
8.688000000000000167e-01,2.607273151021331614e+00
8.689999999999999947e-01,2.454379342507081674e+00
8.691999999999999726e-01,2.481814582974379846e+00
8.697000000000000286e-01,2.315994566615813710e+00
8.699999999999999956e-01,2.635532068862289634e+00
8.703999999999999515e-01,2.290645753974899890e+00
8.707000000000000295e-01,1.921856134163931529e+00
8.711999999999999744e-01,1.770244283925762829e+00
8.713999999999999524e-01,2.152969603397650644e+00
8.716000000000000414e-01,2.063721927545998369e+00
8.720999999999999863e-01,2.365072043747545649e+00
8.722999999999999643e-01,2.445232756788186634e+00
8.726000000000000423e-01,2.230011982433211415e+00
8.730999999999999872e-01,2.118911493928862910e+00
8.732999999999999652e-01,2.160923395031318250e+00
8.739000000000000101e-01,2.105514198679202309e+00
8.740999999999999881e-01,2.297242399328297324e+00
8.742999999999999661e-01,2.450783730285706952e+00
8.748000000000000220e-01,2.708639898196565809e+00
8.750000000000000000e-01,3.130015925412749311e+00
8.753999999999999559e-01,2.902030712711280103e+00
8.757000000000000339e-01,2.333367441470500125e+00
8.761999999999999789e-01,2.798386156700985339e+00
8.763999999999999568e-01,2.591336592675475003e+00
8.766000000000000458e-01,2.229041626304024248e+00
8.769000000000000128e-01,2.018174715255213414e+00
8.773999999999999577e-01,2.065355147850141293e+00
8.776000000000000467e-01,1.960659477480476198e+00
8.779000000000000137e-01,2.243166521850298523e+00
8.782999999999999696e-01,2.230047778229391042e+00
8.786000000000000476e-01,2.010344135442210245e+00
8.788000000000000256e-01,2.007866315035698790e+00
8.792999999999999705e-01,2.064004372926206088e+00
8.794999999999999485e-01,2.229848120052565719e+00
8.797000000000000375e-01,2.325797660006628576e+00
8.801999999999999824e-01,2.333690737469282794e+00
8.804999999999999494e-01,2.241311349804732345e+00
8.807000000000000384e-01,2.192329069193078794e+00
8.810999999999999943e-01,2.053730564257762126e+00
8.813999999999999613e-01,1.865634410678239874e+00
8.816000000000000503e-01,2.293062399849759458e+00
8.820999999999999952e-01,2.399920821983641872e+00
8.822999999999999732e-01,2.558494089018836348e+00
8.824999999999999512e-01,2.412165265506587275e+00
8.830000000000000071e-01,2.545251046472344569e+00
8.831999999999999851e-01,2.836845366306306460e+00
8.837000000000000410e-01,2.624329958591602008e+00
8.839000000000000190e-01,2.408524619025683933e+00
8.843999999999999639e-01,2.377382538466918049e+00
8.846000000000000529e-01,2.142391247885370831e+00
8.848000000000000309e-01,2.339610413402851918e+00
8.850999999999999979e-01,2.481401795742158356e+00
8.854999999999999538e-01,2.574992171365124705e+00
8.857000000000000428e-01,2.654868305093600611e+00
8.860000000000000098e-01,2.877060195967828804e+00
8.864999999999999547e-01,2.804304386084822909e+00
8.867000000000000437e-01,2.349303290394459509e+00
8.870000000000000107e-01,2.257005773216633315e+00
8.874999999999999556e-01,2.509091219218134938e+00
8.877000000000000446e-01,2.735995356634361997e+00
8.880000000000000115e-01,2.411938648658633610e+00
8.884999999999999565e-01,2.393964223181683337e+00
8.887000000000000455e-01,2.583209659190629282e+00
8.889000000000000234e-01,2.805507058946773213e+00
8.893999999999999684e-01,2.129180698531854432e+00
8.895999999999999464e-01,2.193166709991146490e+00
8.898000000000000353e-01,1.929522642275742328e+00
8.902999999999999803e-01,2.071501308780170802e+00
8.907000000000000473e-01,2.464035161013953257e+00
8.910000000000000142e-01,2.521741054982271635e+00
8.911999999999999922e-01,2.447564275750210072e+00
8.913999999999999702e-01,2.511049317042306939e+00
8.919000000000000261e-01,2.303851627441531491e+00
8.921000000000000041e-01,2.319371183260841462e+00
8.925999999999999490e-01,2.331817761116440124e+00
8.929000000000000270e-01,2.592581760824941739e+00
8.931000000000000050e-01,2.565303763161978168e+00
8.935999999999999499e-01,2.438002924935290139e+00
8.939000000000000279e-01,2.666117449143825979e+00
8.941000000000000059e-01,2.886854388830670359e+00
8.944999999999999618e-01,2.782256481665854153e+00
8.948000000000000398e-01,2.687499401887180284e+00
8.951999999999999957e-01,2.142956041349407315e+00
8.953999999999999737e-01,2.270891141425522619e+00
8.957000000000000517e-01,2.299300405151029736e+00
8.961999999999999966e-01,1.933613890077822361e+00
8.967000000000000526e-01,2.056874905765766925e+00
8.969000000000000306e-01,2.511692342241076403e+00
8.971999999999999975e-01,2.896733930705977400e+00
8.977000000000000535e-01,3.028853095960698738e+00
8.979000000000000314e-01,2.977166620168645750e+00
8.981000000000000094e-01,2.883988082333871716e+00
8.983999999999999764e-01,2.963404191249651376e+00
8.988000000000000433e-01,2.711367459801863333e+00
8.990000000000000213e-01,2.843788823388194942e+00
8.994999999999999662e-01,2.912012814357353818e+00
8.997000000000000552e-01,2.678836423619600282e+00
9.002000000000000002e-01,2.538731489679207698e+00
9.003999999999999782e-01,2.859871851239176976e+00
9.009000000000000341e-01,2.712746658233299968e+00
9.011000000000000121e-01,2.454072329431483013e+00
9.012999999999999901e-01,2.578099270325083125e+00
9.018000000000000460e-01,2.511821188504654856e+00
9.020000000000000240e-01,2.446826279731567411e+00
9.022000000000000020e-01,2.670477418896894051e+00
9.026999999999999469e-01,2.266350492799006133e+00
9.030000000000000249e-01,2.483342468524028845e+00
9.032000000000000028e-01,2.260890073345876772e+00
9.036999999999999478e-01,2.304295662846357118e+00
9.040000000000000258e-01,2.358944083041819795e+00
9.042000000000000037e-01,2.759073431525848719e+00
9.046999999999999487e-01,2.619875141725742651e+00
9.049000000000000377e-01,2.351806991172452399e+00
9.051000000000000156e-01,2.398483176530476157e+00
9.055999999999999606e-01,2.121261799984381469e+00
9.056999999999999496e-01,2.334670681799138947e+00
9.060000000000000275e-01,2.513457282791819125e+00
9.062000000000000055e-01,2.394630769383866209e+00
9.066999999999999504e-01,2.278606117650952001e+00
9.069000000000000394e-01,2.904329785121944951e+00
9.072000000000000064e-01,2.985614252093341747e+00
9.076999999999999513e-01,2.556893187524337918e+00
9.079000000000000403e-01,2.450927566670770830e+00
9.082999999999999963e-01,2.290102042119542602e+00
9.085999999999999632e-01,2.411746123947523301e+00
9.090000000000000302e-01,2.536575107940734597e+00
9.092000000000000082e-01,2.937298581987192847e+00
9.094999999999999751e-01,2.758278948689962817e+00
9.099000000000000421e-01,2.741351938572165636e+00
9.102000000000000091e-01,2.569212135558700538e+00
9.103999999999999870e-01,3.028308802097285479e+00
9.109000000000000430e-01,3.237643571610533400e+00
9.111000000000000210e-01,3.424732315710912189e+00
9.115999999999999659e-01,3.040535451910272968e+00
9.119000000000000439e-01,3.162865736469711919e+00
9.121000000000000218e-01,3.310765466555380954e+00
9.122999999999999998e-01,3.319366869948453314e+00
9.127999999999999448e-01,3.056317250683719067e+00
9.131000000000000227e-01,3.286842056730847617e+00
9.133000000000000007e-01,2.919564372059539892e+00
9.137999999999999456e-01,2.523873427203170650e+00
9.140000000000000346e-01,2.347967969997171167e+00
9.142000000000000126e-01,2.536625218963877160e+00
9.146999999999999575e-01,2.517889370971488461e+00
9.149000000000000465e-01,2.471700678258798689e+00
9.151000000000000245e-01,2.485468424946247978e+00
9.155999999999999694e-01,2.865807054662695919e+00
9.157999999999999474e-01,3.328616238433141916e+00
9.163000000000000034e-01,3.166015695700821198e+00
9.165999999999999703e-01,3.263073581262801781e+00
9.171000000000000263e-01,2.608815188545577257e+00
9.173000000000000043e-01,2.986546925261222896e+00
9.175999999999999712e-01,3.286991904214346505e+00
9.180000000000000382e-01,2.881323924303046624e+00
9.183000000000000052e-01,3.081407694061340408e+00
9.187999999999999501e-01,3.355493395505959597e+00
9.190000000000000391e-01,3.357284043325989842e+00
9.192000000000000171e-01,2.942722421832286273e+00
9.196999999999999620e-01,3.122571956396086534e+00
9.199000000000000510e-01,3.040565717126355594e+00
9.203999999999999959e-01,3.177534904374510916e+00
9.205999999999999739e-01,2.757383137047213495e+00
9.211000000000000298e-01,2.478196157145816869e+00
9.213999999999999968e-01,2.576900251058646063e+00
9.215999999999999748e-01,2.373789929074860083e+00
9.220000000000000417e-01,2.342834306465420013e+00
9.222000000000000197e-01,2.361728815690753436e+00
9.226999999999999647e-01,2.380168402894696555e+00
9.229000000000000536e-01,2.263184883315261686e+00
9.233999999999999986e-01,2.263465593620367144e+00
9.235999999999999766e-01,2.735848350363994541e+00
9.241000000000000325e-01,2.807186838610732593e+00
9.243999999999999995e-01,2.655287456401993040e+00
9.247999999999999554e-01,2.655517358119027449e+00
9.251000000000000334e-01,2.403557303037700876e+00
9.253000000000000114e-01,2.358331018200942708e+00
9.257999999999999563e-01,2.795309892387763284e+00
9.260000000000000453e-01,2.889060381122135368e+00
9.263000000000000123e-01,2.654488685813021220e+00
9.264999999999999902e-01,2.718059529902689064e+00
9.270000000000000462e-01,2.566788077410592450e+00
9.274000000000000021e-01,2.577354996377266616e+00
9.276999999999999691e-01,2.349011221102273339e+00
9.278999999999999471e-01,2.356849777674938196e+00
9.283000000000000140e-01,2.299368309120382037e+00
9.285999999999999810e-01,2.591158081003413827e+00
9.290000000000000480e-01,2.355185266194439464e+00
9.293000000000000149e-01,2.575167381880532957e+00
9.294999999999999929e-01,2.779969520090048718e+00
9.301000000000000378e-01,2.953113654178764591e+00
9.303000000000000158e-01,3.306854238995128981e+00
9.307999999999999607e-01,3.253864884277277270e+00
9.310000000000000497e-01,3.670515381486666229e+00
9.313000000000000167e-01,3.235620818680104094e+00
9.316999999999999726e-01,3.113092580626471317e+00
9.318999999999999506e-01,3.252467831333774484e+00
9.321000000000000396e-01,3.010111326955097866e+00
9.324000000000000066e-01,3.002998013600858940e+00
9.328999999999999515e-01,2.707278442799747609e+00
9.331000000000000405e-01,2.504656622281800082e+00
9.335999999999999854e-01,2.058209952423339928e+00
9.337999999999999634e-01,2.049047417678252714e+00
9.341000000000000414e-01,2.020471546140697683e+00
9.343000000000000194e-01,2.416584116333183374e+00
9.347999999999999643e-01,2.475238662262881917e+00
9.350000000000000533e-01,2.291004323138281507e+00
9.354999999999999982e-01,2.670881205283535564e+00
9.356999999999999762e-01,2.662543501125583134e+00
9.358999999999999542e-01,2.795944018691557176e+00
9.364000000000000101e-01,2.844422165737455543e+00
9.365999999999999881e-01,3.062043169424214284e+00
9.368999999999999551e-01,3.136932658130604068e+00
9.373000000000000220e-01,3.000794720180920194e+00
9.375999999999999890e-01,2.937123885309347315e+00
9.377999999999999670e-01,3.104541652097054794e+00
9.383000000000000229e-01,3.067969274784900335e+00
9.385000000000000009e-01,3.198043849691998730e+00
9.389999999999999458e-01,3.136798357710631535e+00
9.392000000000000348e-01,3.284740377439902659e+00
9.395000000000000018e-01,3.360398343381575614e+00
9.396999999999999797e-01,2.955810099517407252e+00
9.402000000000000357e-01,3.109140766640280162e+00
9.404000000000000137e-01,3.172385743038262262e+00
9.408999999999999586e-01,2.838667078365915586e+00
9.411000000000000476e-01,2.739167932631971780e+00
9.415999999999999925e-01,2.730084141909514983e+00
9.417999999999999705e-01,2.697251782147418453e+00
9.419999999999999485e-01,2.720152703992994248e+00
9.425000000000000044e-01,3.058745079206801165e+00
9.427999999999999714e-01,2.863588417543610376e+00
9.429999999999999494e-01,2.621267998117787101e+00
9.433000000000000274e-01,2.992068440447155808e+00
9.436999999999999833e-01,3.268710259505837712e+00
9.439999999999999503e-01,3.180676857807725355e+00
9.442000000000000393e-01,3.185564277985008630e+00
9.446999999999999842e-01,3.012272234921965719e+00
9.448999999999999622e-01,3.102814667309530705e+00
9.451000000000000512e-01,3.047444656707511967e+00
9.453000000000000291e-01,3.103134672880173639e+00
9.457999999999999741e-01,3.344636673289983264e+00
9.464000000000000190e-01,3.116619612033900921e+00
9.465999999999999970e-01,3.321544690161545077e+00
9.467999999999999750e-01,3.274870432241186791e+00
9.469999999999999529e-01,3.154999422261312247e+00
9.475000000000000089e-01,3.016914939503863025e+00
9.476999999999999869e-01,3.007710977924261897e+00
9.478999999999999648e-01,2.863603937235893682e+00
9.481000000000000538e-01,2.932806110959518264e+00
9.485999999999999988e-01,2.884192489490828848e+00
9.486999999999999877e-01,2.861093548136182108e+00
9.492000000000000437e-01,3.241240367604746098e+00
9.494000000000000217e-01,3.108783803583492045e+00
9.495999999999999996e-01,2.924096919666453687e+00
9.500999999999999446e-01,3.086099003476988401e+00
9.504000000000000226e-01,2.660558165762608951e+00
9.506000000000000005e-01,2.838422448492224248e+00
9.510999999999999455e-01,3.253626028887424582e+00
9.514000000000000234e-01,3.147699192880963892e+00
9.518999999999999684e-01,3.113330039266998028e+00
9.520999999999999464e-01,3.291818039704821786e+00
9.523000000000000353e-01,2.846559445012189826e+00
9.527999999999999803e-01,2.842734889202347404e+00
9.529999999999999583e-01,2.762725708075890907e+00
9.533000000000000362e-01,2.790962778929610977e+00
9.536999999999999922e-01,2.857686855431211370e+00
9.539999999999999591e-01,2.981706205546061028e+00
9.545000000000000151e-01,2.942406882400177892e+00
9.547999999999999821e-01,2.722107076230827261e+00
9.549999999999999600e-01,2.623955698755139565e+00
9.555000000000000160e-01,2.691781052383362294e+00
9.556999999999999940e-01,2.871428664572249545e+00
9.560999999999999499e-01,3.079793145569851731e+00
9.564000000000000279e-01,3.504641645868559863e+00
9.567999999999999838e-01,3.427970746983191930e+00
9.570999999999999508e-01,3.835847438777022944e+00
9.573000000000000398e-01,3.492243957977393620e+00
9.576000000000000068e-01,3.176925653352327572e+00
9.579999999999999627e-01,3.535676285786507833e+00
9.583000000000000407e-01,3.540863412488079121e+00
9.587999999999999856e-01,3.583968271395519878e+00
9.589999999999999636e-01,3.641913974637304818e+00
9.595000000000000195e-01,3.663240897276523356e+00
9.596999999999999975e-01,3.450853650298768116e+00
9.598999999999999755e-01,3.229011897507234607e+00
9.604000000000000314e-01,2.908200779514686474e+00
9.606999999999999984e-01,2.811885621593205542e+00
9.608999999999999764e-01,3.057266115281890961e+00
9.614000000000000323e-01,3.442249244369122607e+00
9.616000000000000103e-01,2.829323536997321753e+00
9.620999999999999552e-01,3.060485450052624401e+00
9.624000000000000332e-01,3.004221386061885823e+00
9.626000000000000112e-01,3.220194857838805547e+00
9.630999999999999561e-01,3.258338832157392062e+00
9.635000000000000231e-01,3.358234716280890098e+00
9.637999999999999901e-01,2.815123477796532825e+00
9.639999999999999680e-01,3.395136421444021835e+00
9.645000000000000240e-01,3.319525157341445265e+00
9.647999999999999909e-01,2.995140359510514827e+00
9.653000000000000469e-01,3.025032819582065713e+00
9.655000000000000249e-01,2.955200990409935002e+00
9.657999999999999918e-01,3.185666937193104786e+00
9.659999999999999698e-01,3.346437993259655741e+00
9.665000000000000258e-01,3.340842490859131431e+00
9.667000000000000037e-01,3.348686753908850733e+00
9.669999999999999707e-01,3.270527233557572799e+00
9.675000000000000266e-01,3.524841242972456712e+00
9.677000000000000046e-01,2.822109736210336450e+00
9.680999999999999606e-01,3.144459018294810448e+00
9.684000000000000385e-01,2.798605694083448725e+00
9.686000000000000165e-01,2.697925357242979771e+00
9.690999999999999615e-01,2.933953684560606234e+00
9.693000000000000504e-01,2.854744473104460667e+00
9.695000000000000284e-01,2.795085495921853180e+00
9.699999999999999734e-01,2.999786547814096593e+00
9.703000000000000513e-01,3.200092126745857968e+00
9.707999999999999963e-01,3.381956155979082723e+00
9.709999999999999742e-01,2.791223831696470370e+00
9.711999999999999522e-01,3.219522984389413978e+00
9.717000000000000082e-01,3.456005911195916269e+00
9.719999999999999751e-01,3.326611243130059847e+00
9.721999999999999531e-01,3.427062143835428287e+00
9.725000000000000311e-01,3.102365065255526133e+00
9.729999999999999760e-01,3.556104985177853450e+00
9.731999999999999540e-01,3.316672543995082378e+00
9.737000000000000099e-01,3.196473703293122526e+00
9.738999999999999879e-01,3.387884376540000630e+00
9.744000000000000439e-01,3.661956393078753536e+00
9.746000000000000218e-01,3.501510053673314360e+00
9.748999999999999888e-01,3.569313354574319419e+00
9.750999999999999668e-01,3.247946520512186908e+00
9.756000000000000227e-01,3.228236061167535809e+00
9.758000000000000007e-01,3.354261883762205798e+00
9.759999999999999787e-01,3.013703428702569909e+00
9.765000000000000346e-01,2.983131952847770663e+00
9.767000000000000126e-01,3.283579181400568814e+00
9.768999999999999906e-01,3.332548311505661331e+00
9.774000000000000465e-01,3.543627757552258117e+00
9.776000000000000245e-01,3.300675170657314084e+00
9.778000000000000025e-01,2.843738151415891480e+00
9.784000000000000474e-01,2.871977769676050229e+00
9.786000000000000254e-01,3.033014911536383806e+00
9.788000000000000034e-01,3.214815032711271670e+00
9.792999999999999483e-01,3.319315701924210771e+00
9.796000000000000263e-01,3.266560652478574411e+00
9.799999999999999822e-01,3.201586327099107621e+00
9.802999999999999492e-01,3.530472269764459270e+00
9.805000000000000382e-01,3.214367741861565264e+00
9.809999999999999831e-01,3.134618688804721387e+00
9.812999999999999501e-01,2.807054320482393450e+00
9.817000000000000171e-01,3.189449114288777309e+00
9.821999999999999620e-01,3.384425514476447461e+00
9.824000000000000510e-01,3.509401218062521366e+00
9.826000000000000290e-01,3.494844929659848276e+00
9.830999999999999739e-01,3.450465427774133786e+00
9.834000000000000519e-01,3.774681514167582463e+00
9.838999999999999968e-01,3.616641291327596264e+00
9.840999999999999748e-01,3.521602869644198108e+00
9.844000000000000528e-01,3.256198285324558128e+00
9.848000000000000087e-01,3.659981084029027443e+00
9.849999999999999867e-01,3.611468015486707372e+00
9.855000000000000426e-01,3.677227250353666932e+00
9.857000000000000206e-01,3.579195718963887884e+00
9.859999999999999876e-01,3.271048823364935743e+00
9.865000000000000435e-01,3.575017001363676172e+00
9.867000000000000215e-01,3.285537536143579018e+00
9.868999999999999995e-01,3.432574617465093070e+00
9.874000000000000554e-01,2.815000874479096638e+00
9.876000000000000334e-01,3.413568373079328921e+00
9.879000000000000004e-01,3.666058054849941072e+00
9.883999999999999453e-01,3.700406112155405935e+00
9.886000000000000343e-01,3.893008466685046187e+00
9.890999999999999792e-01,3.635662063471613692e+00
9.892999999999999572e-01,3.742516242771785073e+00
9.896000000000000352e-01,3.647623605093485821e+00
9.899999999999999911e-01,3.334291442420976637e+00
9.902999999999999581e-01,3.307257854477143155e+00
9.905000000000000471e-01,3.653361746228256379e+00
9.909999999999999920e-01,3.326410830989402712e+00
9.911999999999999700e-01,3.358244292774315909e+00
9.916000000000000369e-01,3.402317211578179013e+00
9.918000000000000149e-01,3.470402874522733327e+00
9.920999999999999819e-01,3.688384719601344841e+00
9.926000000000000378e-01,3.153304403691208790e+00
9.928000000000000158e-01,3.262545302721605367e+00
9.929999999999999938e-01,3.370958109760749721e+00
9.935000000000000497e-01,3.733452291034495829e+00
9.938000000000000167e-01,3.826157642912107804e+00
9.939999999999999947e-01,3.811015456198560969e+00
9.945000000000000506e-01,3.819927689359133183e+00
9.947000000000000286e-01,3.912725792393757729e+00
9.949000000000000066e-01,3.379409649353419809e+00
9.953999999999999515e-01,3.732227002802915194e+00
9.957000000000000295e-01,3.636440687997833265e+00
9.961999999999999744e-01,3.368306023597710919e+00
9.963999999999999524e-01,3.216149826682567436e+00
9.969000000000000083e-01,3.310671415927913586e+00
9.973999999999999533e-01,3.068752635530472617e+00
9.976000000000000423e-01,3.118577513638001619e+00
9.980999999999999872e-01,2.904648679733668359e+00
9.982999999999999652e-01,3.032130264325360258e+00
9.985000000000000542e-01,3.380031268244579223e+00
9.989999999999999991e-01,3.555137129225386161e+00
9.991999999999999771e-01,3.460900557802460753e+00
9.993999999999999551e-01,3.536674964328085480e+00
9.999000000000000110e-01,3.616357384644629747e+00
1.000199999999999978e+00,3.421776156162536608e+00
1.000699999999999923e+00,3.215748944915389984e+00
1.000899999999999901e+00,3.188483093644435939e+00
1.001100000000000101e+00,3.491101720582832968e+00
1.001600000000000046e+00,3.042934934187655927e+00
1.001800000000000024e+00,3.273051107935771142e+00
1.002000000000000002e+00,3.342217350143869226e+00
1.002599999999999936e+00,3.268439213530996312e+00
1.002799999999999914e+00,3.371911833464423580e+00
1.002999999999999892e+00,3.480999155821677959e+00
1.003500000000000059e+00,3.771824678347002191e+00
1.003700000000000037e+00,3.757008308519971251e+00
1.004000000000000004e+00,3.992719194426172180e+00
1.004499999999999948e+00,3.642242342603481120e+00
1.004699999999999926e+00,4.086961359196038757e+00
1.005200000000000093e+00,3.418666194531169822e+00
1.005400000000000071e+00,3.271453680370314032e+00
1.005700000000000038e+00,3.743496779090150994e+00
1.005900000000000016e+00,3.669950461630037353e+00
1.006299999999999972e+00,3.663136318726174068e+00
1.006499999999999950e+00,3.877975596450482954e+00
1.006799999999999917e+00,3.583733294736134667e+00
1.007200000000000095e+00,3.663936498838097577e+00
1.007400000000000073e+00,3.679990152407185633e+00
1.007900000000000018e+00,3.529503223944743695e+00
1.008099999999999996e+00,3.581692422025639644e+00
1.008399999999999963e+00,3.315723931782258660e+00
1.008899999999999908e+00,3.279325922837074359e+00
1.009100000000000108e+00,2.968700109576957402e+00
1.009600000000000053e+00,3.442012916416615553e+00
1.009800000000000031e+00,3.281061650033961996e+00
1.010099999999999998e+00,3.258392149239853097e+00
1.010599999999999943e+00,3.552205508191832450e+00
1.010799999999999921e+00,3.627369429759710329e+00
1.011300000000000088e+00,3.492039934344575158e+00
1.011500000000000066e+00,3.490011581649355321e+00
1.011900000000000022e+00,3.631036510469016321e+00
1.012100000000000000e+00,3.393449203034265338e+00
1.012599999999999945e+00,3.389534178223357230e+00
1.012799999999999923e+00,3.092283547075226124e+00
1.013300000000000090e+00,3.347018461707989445e+00
1.013500000000000068e+00,3.213013913743111516e+00
1.014000000000000012e+00,3.427888819761051309e+00
1.014299999999999979e+00,3.114483479001819433e+00
1.014499999999999957e+00,2.665771263798205837e+00
1.014999999999999902e+00,2.790294649972452135e+00
1.015300000000000091e+00,2.859208708835581092e+00
1.015500000000000069e+00,2.598904679673637474e+00
1.015900000000000025e+00,3.242898253482621840e+00
1.016199999999999992e+00,3.449328890560195759e+00
1.016399999999999970e+00,3.405226161450173095e+00
1.016799999999999926e+00,3.474229904118601553e+00
1.016999999999999904e+00,3.616234717948600519e+00
1.017300000000000093e+00,3.490117337471247083e+00
1.018000000000000016e+00,4.059937974943636618e+00
1.018299999999999983e+00,3.725212735543323106e+00
1.018699999999999939e+00,3.608020699675989817e+00
1.018999999999999906e+00,3.827599300856036280e+00
1.019200000000000106e+00,3.784363599541734402e+00
1.019700000000000051e+00,3.999839147944612705e+00
1.020000000000000018e+00,3.433910454866577311e+00
1.020199999999999996e+00,3.534350302640859809e+00
1.020699999999999941e+00,3.799339747365024778e+00
1.020899999999999919e+00,3.706422373531609082e+00
1.021099999999999897e+00,3.455238838520926947e+00
1.021600000000000064e+00,3.549270476904553107e+00
1.021800000000000042e+00,3.846265800971764293e+00
1.022000000000000020e+00,3.757983988200408021e+00
1.022399999999999975e+00,4.003840466018687039e+00
1.022699999999999942e+00,4.153975484049169609e+00
1.022899999999999920e+00,4.174171247440085608e+00
1.023400000000000087e+00,4.321646236488277282e+00
1.023600000000000065e+00,4.400268521256975873e+00
1.023900000000000032e+00,4.239003149901463985e+00
1.024399999999999977e+00,3.659791064849969189e+00
1.024599999999999955e+00,4.143684419027408694e+00
1.025099999999999900e+00,4.092282841929318238e+00
1.025400000000000089e+00,3.759722468579639099e+00
1.025800000000000045e+00,3.624335699624566587e+00
1.026200000000000001e+00,3.856768449874152793e+00
1.026399999999999979e+00,3.598564711093331425e+00
1.026599999999999957e+00,3.684293727683211728e+00
1.027099999999999902e+00,3.956541166003944454e+00
1.027400000000000091e+00,3.963608463246487190e+00
1.027800000000000047e+00,4.015723249348070567e+00
1.028000000000000025e+00,4.039634530982311844e+00
1.028299999999999992e+00,4.034020000362147584e+00
1.028699999999999948e+00,3.829634522807054964e+00
1.028999999999999915e+00,3.578196712600288265e+00
1.029199999999999893e+00,3.538524113445646435e+00
1.029700000000000060e+00,3.407033011509611242e+00
1.030000000000000027e+00,3.802457328399668768e+00
1.030499999999999972e+00,3.668959537938917492e+00
1.030699999999999950e+00,3.889161370818442265e+00
1.030899999999999928e+00,3.823484367252035554e+00
1.031400000000000095e+00,3.976817770323350487e+00
1.031600000000000072e+00,3.850574448754514378e+00
1.031800000000000050e+00,3.708059166601060497e+00
1.032100000000000017e+00,3.733196403432316401e+00
1.032499999999999973e+00,4.105689499334289394e+00
1.032799999999999940e+00,3.638294615659333431e+00
1.033300000000000107e+00,3.853287446925151016e+00
1.033500000000000085e+00,3.851654932136398202e+00
1.033700000000000063e+00,3.274410934655861638e+00
1.034200000000000008e+00,3.449357033535306982e+00
1.034499999999999975e+00,3.342679375213378989e+00
1.034699999999999953e+00,3.933538520784622960e+00
1.035099999999999909e+00,3.455860469464028029e+00
1.035400000000000098e+00,3.759842533014875698e+00
1.035800000000000054e+00,3.790632103729308255e+00
1.036000000000000032e+00,3.419370165580517096e+00
1.036299999999999999e+00,3.513900308507345471e+00
1.036699999999999955e+00,3.507933421269854080e+00
1.036899999999999933e+00,3.479577118292922933e+00
1.037199999999999900e+00,3.443533969418353990e+00
1.037700000000000067e+00,3.366946153152071020e+00
1.037900000000000045e+00,3.556612662347788500e+00
1.038399999999999990e+00,3.442678643961812668e+00
1.038599999999999968e+00,3.482749286971852598e+00
1.039099999999999913e+00,3.699691062212764336e+00
1.039299999999999891e+00,3.708376237435345502e+00
1.039800000000000058e+00,3.766863618445995598e+00
1.040100000000000025e+00,3.814192428110118271e+00
1.040300000000000002e+00,3.657732042182828991e+00
1.040799999999999947e+00,3.717179837975436385e+00
1.040999999999999925e+00,3.198317499292897992e+00
1.041299999999999892e+00,3.391070273199716212e+00
1.041800000000000059e+00,3.837778807733684516e+00
1.042000000000000037e+00,3.771844306084176424e+00
1.042499999999999982e+00,4.324301234338463473e+00
1.042699999999999960e+00,4.389046996390447930e+00
1.042899999999999938e+00,4.060325378481820735e+00
1.043099999999999916e+00,3.970779494614362193e+00
1.043600000000000083e+00,3.856950066617400807e+00
1.043800000000000061e+00,3.806356502191647451e+00
1.044300000000000006e+00,3.915030033165976420e+00
1.044499999999999984e+00,3.876684962552872094e+00
1.044699999999999962e+00,3.843230631995879776e+00
1.045199999999999907e+00,3.720471158453847238e+00
1.045400000000000107e+00,3.589455995895377782e+00
1.045900000000000052e+00,3.447233278995895489e+00
1.046200000000000019e+00,3.650807656404026602e+00
1.046399999999999997e+00,3.846135138440104129e+00
1.046899999999999942e+00,3.835543267358616504e+00
1.047199999999999909e+00,3.959974504794899985e+00
1.047400000000000109e+00,3.935724004840267298e+00
1.047800000000000065e+00,4.132000270640446615e+00
1.048000000000000043e+00,4.106879312996738918e+00
1.048200000000000021e+00,3.906255311076733960e+00
1.048699999999999966e+00,3.774742381845385353e+00
1.048899999999999944e+00,4.277978864770034306e+00
1.049199999999999910e+00,4.181644684644652443e+00
1.049700000000000077e+00,3.889402607960846581e+00
1.049900000000000055e+00,3.870580796429067050e+00
1.050400000000000000e+00,4.104911961489847272e+00
1.050599999999999978e+00,3.984018150311271711e+00
1.050799999999999956e+00,4.078216721312287518e+00
1.051299999999999901e+00,3.863615501001163466e+00
1.051600000000000090e+00,4.061082841044481029e+00
1.052000000000000046e+00,3.634510765891945994e+00
1.052300000000000013e+00,3.613378883611744641e+00
1.052499999999999991e+00,3.883102537353806838e+00
1.052999999999999936e+00,3.873862723915976858e+00
1.053199999999999914e+00,4.119537990882008671e+00
1.053399999999999892e+00,3.797644929496073019e+00
1.053700000000000081e+00,3.768348158881508425e+00
1.054200000000000026e+00,3.918876788194779692e+00
1.054400000000000004e+00,3.724513485581269379e+00
1.054899999999999949e+00,3.609255913746096667e+00
1.055199999999999916e+00,3.904366368879436777e+00
1.055600000000000094e+00,4.173401338111830228e+00
1.055900000000000061e+00,4.580142340029169645e+00
1.056300000000000017e+00,4.310761686154819472e+00
1.056599999999999984e+00,4.100138714031004383e+00
1.056799999999999962e+00,4.100446221321362827e+00
1.057199999999999918e+00,4.053124546459912381e+00
1.057399999999999896e+00,4.264809258270815917e+00
1.057700000000000085e+00,4.263540732912360909e+00
1.057900000000000063e+00,3.978697513065867497e+00
1.058300000000000018e+00,4.187050622052993276e+00
1.058599999999999985e+00,3.985108954545694360e+00
1.058799999999999963e+00,4.141665312119926057e+00
1.059299999999999908e+00,4.214964729986718339e+00
1.059800000000000075e+00,4.281026979962348378e+00
1.060100000000000042e+00,4.343663333342078658e+00
1.060300000000000020e+00,4.235152170047058462e+00
1.060799999999999965e+00,4.303783029999976861e+00
1.060999999999999943e+00,3.621012868495427028e+00
1.061199999999999921e+00,3.685159265710467480e+00
1.061700000000000088e+00,3.645587811699215308e+00
1.061900000000000066e+00,3.793711627761240379e+00
1.062400000000000011e+00,4.190550895320711788e+00
1.062599999999999989e+00,3.800221382670201820e+00
1.063099999999999934e+00,3.873590787635066590e+00
1.063399999999999901e+00,3.929817886432260821e+00
1.063700000000000090e+00,4.235168366292782594e+00
1.064100000000000046e+00,3.805401092530473761e+00
1.064400000000000013e+00,3.824811958852706084e+00
1.064599999999999991e+00,4.193274952599153949e+00
1.065099999999999936e+00,4.212257292675872122e+00
1.065399999999999903e+00,4.287682208050455301e+00
1.065600000000000103e+00,4.073890329216283135e+00
1.066100000000000048e+00,3.711967455241619973e+00
1.066300000000000026e+00,3.834563352300733641e+00
1.066699999999999982e+00,3.890095245782390521e+00
1.066999999999999948e+00,4.217279341860944442e+00
1.067199999999999926e+00,4.458086257956665577e+00
1.067700000000000093e+00,4.362343353452274641e+00
1.067900000000000071e+00,3.876779904222871664e+00
1.068400000000000016e+00,3.602498791052312299e+00
1.068899999999999961e+00,4.021871499552503337e+00
1.069099999999999939e+00,4.006576350378395546e+00
1.069600000000000106e+00,4.047245513128700622e+00
1.069800000000000084e+00,4.047895626515128242e+00
1.070100000000000051e+00,4.330265735422358375e+00
1.070599999999999996e+00,4.170496687256445512e+00
1.070799999999999974e+00,3.903944700736019513e+00
1.070999999999999952e+00,3.867499800186124048e+00
1.071499999999999897e+00,4.195604317549054940e+00
1.071700000000000097e+00,4.147345200000927434e+00
1.072200000000000042e+00,4.197932787233185081e+00
1.072400000000000020e+00,4.309570738435581916e+00
1.072699999999999987e+00,4.161639992187474490e+00
1.072899999999999965e+00,3.973244636746926517e+00
1.073399999999999910e+00,3.883900874691221361e+00
1.073600000000000110e+00,4.166969390103758997e+00
1.074200000000000044e+00,4.201759220073199685e+00
1.074400000000000022e+00,4.563783051547147807e+00
1.074799999999999978e+00,4.479322238576173731e+00
1.075099999999999945e+00,4.374459961103184469e+00
1.075499999999999901e+00,4.299952737174066897e+00
1.075700000000000101e+00,3.976472454398731315e+00
1.076000000000000068e+00,3.695652069538596152e+00
1.076400000000000023e+00,4.081207556021240634e+00
1.076699999999999990e+00,4.039097814364481565e+00
1.077199999999999935e+00,3.879942063091334603e+00
1.077399999999999913e+00,4.335232372681730340e+00
1.077900000000000080e+00,4.673981199777131224e+00
1.078100000000000058e+00,4.633165661115413059e+00
1.078500000000000014e+00,3.985645264520712772e+00
1.078799999999999981e+00,3.646595190573293621e+00
1.079299999999999926e+00,4.248909368349927718e+00
1.079599999999999893e+00,4.468967241993823336e+00
1.079800000000000093e+00,4.218580563919317683e+00
1.080300000000000038e+00,4.131586785090917147e+00
1.080500000000000016e+00,3.468206910411026911e+00
1.080799999999999983e+00,3.807873699836363812e+00
1.081199999999999939e+00,3.781823549736600398e+00
1.081499999999999906e+00,4.355738062025920954e+00
1.082000000000000073e+00,4.280778304293448855e+00
1.082200000000000051e+00,4.031622716386891625e+00
1.082600000000000007e+00,4.363540137377185602e+00
1.082899999999999974e+00,4.519314440737730365e+00
1.083099999999999952e+00,4.830946670800813081e+00
1.083599999999999897e+00,4.518803866745201958e+00
1.083900000000000086e+00,4.398832688479728859e+00
1.084100000000000064e+00,4.218916769665952415e+00
1.084600000000000009e+00,4.460296419721771599e+00
1.084799999999999986e+00,5.104691146009599834e+00
1.085299999999999931e+00,5.077242276840593149e+00
1.085499999999999909e+00,5.280778748125044331e+00
1.086000000000000076e+00,4.957291207846196812e+00
1.086400000000000032e+00,4.602905996373237940e+00
1.086699999999999999e+00,4.136967864934831596e+00
1.087199999999999944e+00,4.067241970720601785e+00
1.087399999999999922e+00,4.168300533279648334e+00
1.087599999999999900e+00,4.093724445317434402e+00
1.088100000000000067e+00,4.148409314070136134e+00
1.088300000000000045e+00,4.356121181972071099e+00
1.088600000000000012e+00,4.421628273625969996e+00
1.088999999999999968e+00,4.326596492875864897e+00
1.089299999999999935e+00,4.628288800926384283e+00
1.089499999999999913e+00,4.896874088797517288e+00
1.090000000000000080e+00,4.455941958088487809e+00
1.090200000000000058e+00,4.345951422078883297e+00
1.090700000000000003e+00,4.669835145914589702e+00
1.090899999999999981e+00,4.647811262527284271e+00
1.091099999999999959e+00,4.366035916205305512e+00
1.091399999999999926e+00,4.775416503183237182e+00
1.091900000000000093e+00,4.702564329986671510e+00
1.092100000000000071e+00,4.757974174374339782e+00
1.092300000000000049e+00,4.687750801361175945e+00
1.092600000000000016e+00,4.536736456592620925e+00
1.093099999999999961e+00,5.056684564107968072e+00
1.093299999999999939e+00,4.708173509248695154e+00
1.093499999999999917e+00,4.598527445449349216e+00
1.094000000000000083e+00,4.493082749475433957e+00
1.094300000000000050e+00,4.259298444005594320e+00
1.094799999999999995e+00,4.246918514932644939e+00
1.094999999999999973e+00,4.192696394622998923e+00
1.095499999999999918e+00,4.297822676984992540e+00
1.095800000000000107e+00,3.938180316468674391e+00
1.096200000000000063e+00,4.436159947305327478e+00
1.096400000000000041e+00,4.109803640202244424e+00
1.096899999999999986e+00,4.395053252991260706e+00
1.097099999999999964e+00,4.287121930592320496e+00
1.097399999999999931e+00,4.189374865368222345e+00
1.097900000000000098e+00,4.204862276385142650e+00
1.098100000000000076e+00,4.252496179269883214e+00
1.098300000000000054e+00,4.400983234974887637e+00
1.098600000000000021e+00,4.171855622001316988e+00
1.099099999999999966e+00,4.066820507109468963e+00
1.099299999999999944e+00,4.325393009931872257e+00
1.099800000000000111e+00,4.651497836136627484e+00
1.100000000000000089e+00,4.453908569897862435e+00
1.100200000000000067e+00,4.800747818140848722e+00
1.100700000000000012e+00,4.715542987559160792e+00
1.100899999999999990e+00,4.336237119955285380e+00
1.101399999999999935e+00,4.680202457726295506e+00
1.101699999999999902e+00,4.468436307984802625e+00
1.102200000000000069e+00,4.317589981050446113e+00
1.102400000000000047e+00,4.480670288254259503e+00
1.102700000000000014e+00,4.527616798671942888e+00
1.103099999999999969e+00,4.495723645705425042e+00
1.103299999999999947e+00,4.070899281849165163e+00
1.103499999999999925e+00,3.938456463987222378e+00
1.103799999999999892e+00,4.037737515706339764e+00
1.104200000000000070e+00,3.880166435667547375e+00
1.104500000000000037e+00,4.323184433120786707e+00
1.104999999999999982e+00,4.171501102233719394e+00
1.105299999999999949e+00,4.578466547489711047e+00
1.105499999999999927e+00,4.264142247955192033e+00
1.106000000000000094e+00,4.367244982206557324e+00
1.106300000000000061e+00,4.814104807581315981e+00
1.106500000000000039e+00,5.094302026128275429e+00
1.106899999999999995e+00,4.801316905508542732e+00
1.107099999999999973e+00,4.959421182077107915e+00
1.107299999999999951e+00,4.540175549980403957e+00
1.107799999999999896e+00,4.528263881064390262e+00
1.108000000000000096e+00,4.568162231694259390e+00
1.108500000000000041e+00,4.628646729335400778e+00
1.108700000000000019e+00,4.349785623826278425e+00
1.108999999999999986e+00,4.684927428666355809e+00
1.109499999999999931e+00,3.977930281565363657e+00
1.109699999999999909e+00,4.260615724609806421e+00
1.109900000000000109e+00,4.457991965378482746e+00
1.110500000000000043e+00,4.559118082027907803e+00
1.110700000000000021e+00,4.815003109867348030e+00
1.111199999999999966e+00,4.135913742923207792e+00
1.111399999999999944e+00,4.661828260738161589e+00
1.111900000000000110e+00,4.997955014628246317e+00
1.112100000000000088e+00,5.080022814889503024e+00
1.112400000000000055e+00,4.849788068010184361e+00
1.112999999999999989e+00,5.021201678942020408e+00
1.113499999999999934e+00,4.374718777367093026e+00
1.114000000000000101e+00,4.783965660092121652e+00
1.114200000000000079e+00,4.706121600136270899e+00
1.114700000000000024e+00,4.272688386242521119e+00
1.114900000000000002e+00,4.010636614375698628e+00
1.115099999999999980e+00,4.081890317399256674e+00
1.115599999999999925e+00,4.364227599767673382e+00
1.115899999999999892e+00,4.391125166305300809e+00
1.116300000000000070e+00,4.687619822667784319e+00
1.116700000000000026e+00,4.645067688445692511e+00
1.117199999999999971e+00,4.812333667967777728e+00
1.117399999999999949e+00,5.059582774535897443e+00
1.117899999999999894e+00,5.113331949604571491e+00
1.118200000000000083e+00,5.134188816681898970e+00
1.118400000000000061e+00,4.909182769610538344e+00
1.118900000000000006e+00,5.211160937984118391e+00
1.119099999999999984e+00,5.613452337651096968e+00
1.119699999999999918e+00,4.930105912844624072e+00
1.119899999999999896e+00,4.848010854810809178e+00
1.120100000000000096e+00,4.856189837658121178e+00
1.120600000000000041e+00,4.554288528604843123e+00
1.120800000000000018e+00,4.754375762359586588e+00
1.121299999999999963e+00,4.729185506762064506e+00
1.121499999999999941e+00,4.657075690273359214e+00
1.121699999999999919e+00,4.617574421856602385e+00
1.122100000000000097e+00,4.547555872527027532e+00
1.122400000000000064e+00,4.407597597413882795e+00
1.122600000000000042e+00,4.378155517371396854e+00
1.123099999999999987e+00,4.818228542177507734e+00
1.123299999999999965e+00,5.086675457044862014e+00
1.123599999999999932e+00,5.178515401494905745e+00
1.124100000000000099e+00,5.078018245731868774e+00
1.124300000000000077e+00,5.110261725148120604e+00
1.124500000000000055e+00,5.358555103821913690e+00
1.125000000000000000e+00,4.736103724726262953e+00
1.125199999999999978e+00,4.852901044249961160e+00
1.125799999999999912e+00,4.566563715290158143e+00
1.125999999999999890e+00,4.974754584638958477e+00
1.126400000000000068e+00,4.737063692022843497e+00
1.126700000000000035e+00,5.120797697281204819e+00
1.127000000000000002e+00,5.529477199339567051e+00
1.127499999999999947e+00,5.326701552416579943e+00
1.127699999999999925e+00,5.276026719116543973e+00
1.127899999999999903e+00,5.210892087707748033e+00
1.128400000000000070e+00,5.355932914429899938e+00
1.128700000000000037e+00,4.832821844006844003e+00
1.128900000000000015e+00,4.971858070319512990e+00
1.129299999999999971e+00,4.592102976272940396e+00
1.129499999999999948e+00,4.638137014234757771e+00
1.129799999999999915e+00,4.617454151273705065e+00
1.130200000000000093e+00,4.575794726653953148e+00
1.130400000000000071e+00,4.730206119746412696e+00
1.130700000000000038e+00,5.127008386674788198e+00
1.131099999999999994e+00,4.676111443779404908e+00
1.131399999999999961e+00,4.858033560726767064e+00
1.131599999999999939e+00,5.026555321190585346e+00
1.132100000000000106e+00,5.055308600730541002e+00
1.132400000000000073e+00,5.002280206368936888e+00
1.132600000000000051e+00,5.093030372172734133e+00
1.133099999999999996e+00,5.020506390897367055e+00
1.133399999999999963e+00,4.552960189704322147e+00
1.133799999999999919e+00,4.926178077363601915e+00
1.133999999999999897e+00,5.150537957156075208e+00
1.134200000000000097e+00,5.204962155934481416e+00
1.134500000000000064e+00,5.114323853134919773e+00
1.135000000000000009e+00,4.764576909939023608e+00
1.135199999999999987e+00,5.035210286355891185e+00
1.135599999999999943e+00,4.720191956981238945e+00
1.135899999999999910e+00,4.718207068053288822e+00
1.136400000000000077e+00,4.900123787485995308e+00
1.136600000000000055e+00,5.020587314608860652e+00
1.136800000000000033e+00,4.911909085481624970e+00
1.137399999999999967e+00,4.916551534832137804e+00
1.137599999999999945e+00,5.152495542989754540e+00
1.137799999999999923e+00,4.943313336625237753e+00
1.138300000000000090e+00,5.150872045190226345e+00
1.138500000000000068e+00,5.585214826341598382e+00
1.138700000000000045e+00,5.464012069901286850e+00
1.139100000000000001e+00,5.333836049965839265e+00
1.139399999999999968e+00,5.169457806401510425e+00
1.139799999999999924e+00,5.011603537218320525e+00
1.140099999999999891e+00,5.019575506976025281e+00
1.140300000000000091e+00,5.376062256611703560e+00
1.140800000000000036e+00,5.398759216061534971e+00
1.141000000000000014e+00,5.608478728654063161e+00
1.141199999999999992e+00,5.244892821910525527e+00
1.141699999999999937e+00,4.997051289922183059e+00
1.141899999999999915e+00,5.263882959840998410e+00
1.142300000000000093e+00,5.002622973367351733e+00
1.142600000000000060e+00,5.180683236560071236e+00
1.142900000000000027e+00,5.182023669600994253e+00
1.143399999999999972e+00,5.276339159548570024e+00
1.143599999999999950e+00,4.693733678202420379e+00
1.143799999999999928e+00,5.412711493461529244e+00
1.144400000000000084e+00,5.210449032747874298e+00
1.144600000000000062e+00,5.293643181326842750e+00
1.144800000000000040e+00,5.423884419745490959e+00
1.145299999999999985e+00,5.060260933624817881e+00
1.145599999999999952e+00,4.928200550084170573e+00
1.145799999999999930e+00,5.116889180382599989e+00
1.145999999999999908e+00,4.976904553143413068e+00
1.146500000000000075e+00,5.008428728378703454e+00
1.146800000000000042e+00,5.284597380280160905e+00
1.147199999999999998e+00,5.315728065873486230e+00
1.147699999999999942e+00,4.960395853334489402e+00
1.147899999999999920e+00,4.917162016946804215e+00
1.148200000000000109e+00,5.077632495916873268e+00
1.148400000000000087e+00,5.007177637350309851e+00
1.148900000000000032e+00,4.962776114378925740e+00
1.149100000000000010e+00,5.082501210451141560e+00
1.149499999999999966e+00,5.054350027289842728e+00
1.149799999999999933e+00,5.094955649205644477e+00
1.149999999999999911e+00,5.173272292622527857e+00
1.150500000000000078e+00,5.587062706303299819e+00
1.150600000000000067e+00,5.420296952405578850e+00
1.150900000000000034e+00,5.767691043083345903e+00
1.151399999999999979e+00,5.462325840911375963e+00
1.151599999999999957e+00,5.806534918525585454e+00
1.151999999999999913e+00,5.251176416890984910e+00
1.152300000000000102e+00,5.071409368109243587e+00
1.152600000000000069e+00,5.659022866536929541e+00
1.153000000000000025e+00,5.699827633283121031e+00
1.153299999999999992e+00,5.614252285454426783e+00
1.153499999999999970e+00,5.602532627519735797e+00
1.153999999999999915e+00,5.440586539541072852e+00
1.154199999999999893e+00,5.046928888013326286e+00
1.154700000000000060e+00,5.265418742581459810e+00
1.154900000000000038e+00,4.905343460725589466e+00
1.155100000000000016e+00,5.390622043836629018e+00
1.155599999999999961e+00,5.614996849140766244e+00
1.155799999999999939e+00,5.481081901809261581e+00
1.156099999999999905e+00,5.436958757934121422e+00
1.156600000000000072e+00,5.492868254592394806e+00
1.156900000000000039e+00,4.909048096426204211e+00
1.157100000000000017e+00,5.199088476641009038e+00
1.157599999999999962e+00,5.051743931583928315e+00
1.157799999999999940e+00,5.364349892577138235e+00
1.158300000000000107e+00,5.425572127132795686e+00
1.158500000000000085e+00,5.501048625213798005e+00
1.158700000000000063e+00,5.354633746627655455e+00
1.159000000000000030e+00,5.416761595749790104e+00
1.159399999999999986e+00,5.095737177800970130e+00
1.159699999999999953e+00,5.348033999895505985e+00
1.159899999999999931e+00,5.183644662936785608e+00
1.160400000000000098e+00,4.631774924666274273e+00
1.160600000000000076e+00,4.933446483641205305e+00
1.160800000000000054e+00,5.199023596300776262e+00
1.161200000000000010e+00,4.752107342419321867e+00
1.161499999999999977e+00,4.805525594598975658e+00
1.161899999999999933e+00,5.137750270969377198e+00
1.162099999999999911e+00,5.451793559901943809e+00
1.162400000000000100e+00,5.595388155709656530e+00
1.162800000000000056e+00,5.840244463430281030e+00
1.163000000000000034e+00,5.545502462871240823e+00
1.163300000000000001e+00,5.590311674015197241e+00
1.163799999999999946e+00,5.212506725192383783e+00
1.164099999999999913e+00,5.603173899229886956e+00
1.164600000000000080e+00,5.745723426742529227e+00
1.164800000000000058e+00,5.700903817576886468e+00
1.165000000000000036e+00,5.681372953101117673e+00
1.165499999999999980e+00,5.700974716173845991e+00
1.165699999999999958e+00,5.464690767821480222e+00
1.166400000000000103e+00,5.497974270826716747e+00
1.166700000000000070e+00,5.734471436463195460e+00
1.167000000000000037e+00,5.611997074731107205e+00
1.167399999999999993e+00,5.397314655641139325e+00
1.167599999999999971e+00,5.700224516814159870e+00
1.167899999999999938e+00,5.237884822225964854e+00
1.168299999999999894e+00,5.282716817703089873e+00
1.168500000000000094e+00,5.278571913574410246e+00
1.169000000000000039e+00,5.632225396508715676e+00
1.169200000000000017e+00,5.606612138955256341e+00
1.169699999999999962e+00,5.465254496349984947e+00
1.169899999999999940e+00,5.609737039252877366e+00
1.170199999999999907e+00,5.589896634994261149e+00
1.170500000000000096e+00,5.312024008522485019e+00
1.170900000000000052e+00,4.867102082693918419e+00
1.171200000000000019e+00,5.156979177235371026e+00
1.171399999999999997e+00,5.139732104381437239e+00
1.171899999999999942e+00,5.145047072044917513e+00
1.172099999999999920e+00,5.352794824996749412e+00
1.172600000000000087e+00,5.328928929893322675e+00
1.172800000000000065e+00,5.064249526115077060e+00
1.173100000000000032e+00,5.583787094459808031e+00
1.173399999999999999e+00,5.673772747101679670e+00
1.173899999999999944e+00,5.434686085523480870e+00
1.174099999999999921e+00,5.392690237520014307e+00
1.174600000000000088e+00,5.299446959780993893e+00
1.174800000000000066e+00,5.217135214548761724e+00
1.175000000000000044e+00,5.004513230853945061e+00
1.175200000000000022e+00,5.218887114413973904e+00
1.175699999999999967e+00,5.627293047766443124e+00
1.175899999999999945e+00,5.559302299126443359e+00
1.176099999999999923e+00,5.827081823568732943e+00
1.176600000000000090e+00,5.666625605833701229e+00
1.176800000000000068e+00,5.948796039111357459e+00
1.177400000000000002e+00,5.840622283036736917e+00
1.177599999999999980e+00,6.211867477918417535e+00
1.177999999999999936e+00,6.204123824457610681e+00
1.178199999999999914e+00,5.741323443192868581e+00
1.178399999999999892e+00,6.125970974656752333e+00
1.178900000000000059e+00,6.108097388727060206e+00
1.179000000000000048e+00,6.077339227892821327e+00
1.179499999999999993e+00,5.751333012796408184e+00
1.179799999999999960e+00,5.586119817326220982e+00
1.179999999999999938e+00,5.467405494371973873e+00
1.180500000000000105e+00,5.279515765125211146e+00
1.180800000000000072e+00,5.363178444762638719e+00
1.181000000000000050e+00,5.442903121547828960e+00
1.181499999999999995e+00,5.787640061567913108e+00
1.181799999999999962e+00,5.738866684090680792e+00
1.182099999999999929e+00,5.721790923505295723e+00
1.182500000000000107e+00,5.701396574833665909e+00
1.182800000000000074e+00,5.672810778590246628e+00
1.183000000000000052e+00,5.600355946333820611e+00
1.183499999999999996e+00,5.717272963453638113e+00
1.183699999999999974e+00,5.919419834918130618e+00
1.183999999999999941e+00,5.702444932117373355e+00
1.184399999999999897e+00,5.891116468511540916e+00
1.184700000000000086e+00,5.492746742901545076e+00
1.184900000000000064e+00,5.372999541544686508e+00
1.185200000000000031e+00,5.876747427465147666e+00
1.185599999999999987e+00,5.836221576845446180e+00
1.185899999999999954e+00,5.895908388929683497e+00
1.186399999999999899e+00,6.023453153879472666e+00
1.186600000000000099e+00,6.151832940543158657e+00
1.186800000000000077e+00,6.066067295728885256e+00
1.187200000000000033e+00,6.015919549989234838e+00
1.187400000000000011e+00,5.842156365858613754e+00
1.187599999999999989e+00,6.303286980819393648e+00
1.187999999999999945e+00,5.804151355991507444e+00
1.188199999999999923e+00,5.660904500543438189e+00
1.188399999999999901e+00,5.991621933040960357e+00
1.188900000000000068e+00,5.809166515818560583e+00
1.189100000000000046e+00,6.287769024499766601e+00
1.189500000000000002e+00,6.164840869269823997e+00
1.189799999999999969e+00,5.665464153685206838e+00
1.189999999999999947e+00,5.367911581530961485e+00
1.190499999999999892e+00,5.318673073159857267e+00
1.190800000000000081e+00,5.284351999436012193e+00
1.191200000000000037e+00,5.648164639946003263e+00
1.191500000000000004e+00,5.900369663229525941e+00
1.191999999999999948e+00,6.057824931421919246e+00
1.192199999999999926e+00,5.675679198495686251e+00
1.192499999999999893e+00,5.661951814249391646e+00
1.192900000000000071e+00,5.606042598171939062e+00
1.193200000000000038e+00,5.402801756639632913e+00
1.193400000000000016e+00,5.614751151351924818e+00
1.193899999999999961e+00,5.531760628032429850e+00
1.194099999999999939e+00,5.499933605585056284e+00
1.194600000000000106e+00,5.408104623189501581e+00
1.194900000000000073e+00,5.786238239581052767e+00
1.195300000000000029e+00,5.401994395221208833e+00
1.195500000000000007e+00,5.637523864685249464e+00
1.195799999999999974e+00,5.561216024714553896e+00
1.196199999999999930e+00,5.523292479339488636e+00
1.196399999999999908e+00,5.817331856336181772e+00
1.196700000000000097e+00,5.971986176887639886e+00
1.197100000000000053e+00,5.885419636797337262e+00
1.197400000000000020e+00,5.562978269075642856e+00
1.197899999999999965e+00,5.868883507545774592e+00
1.198199999999999932e+00,6.233961163194862820e+00
1.198399999999999910e+00,6.015826103196218355e+00
1.198900000000000077e+00,5.999548468781767951e+00
1.199100000000000055e+00,6.218643806925797435e+00
1.199400000000000022e+00,6.171812898118218982e+00
1.199799999999999978e+00,6.008685795996825618e+00
1.199999999999999956e+00,6.072385568732670436e+00
1.200199999999999934e+00,5.778087836970371427e+00
1.200700000000000101e+00,6.091686619383267498e+00
1.200900000000000079e+00,5.735214991675661622e+00
1.201200000000000045e+00,5.390562907837306739e+00
1.201699999999999990e+00,5.755520327109593381e+00
1.201899999999999968e+00,5.824359631099696344e+00
1.202399999999999913e+00,5.927313146527126264e+00
1.202599999999999891e+00,6.168822035916605273e+00
1.202800000000000091e+00,6.212469418355112794e+00
1.203300000000000036e+00,5.889164675985966824e+00
1.203600000000000003e+00,6.195434480821973011e+00
1.204099999999999948e+00,5.986755295927537190e+00
1.204299999999999926e+00,6.110022105833763817e+00
1.204499999999999904e+00,6.216652474870102196e+00
1.205000000000000071e+00,6.228725450258025376e+00
1.205200000000000049e+00,6.238095609006791165e+00
1.205699999999999994e+00,6.497593355650337799e+00
1.206199999999999939e+00,6.177886394028860195e+00
1.206399999999999917e+00,5.850711438836242451e+00
1.206900000000000084e+00,6.127629684046382863e+00
1.207200000000000051e+00,6.082330823459187741e+00
1.207400000000000029e+00,6.048023731757666610e+00
1.207799999999999985e+00,6.564023424906054061e+00
1.207999999999999963e+00,6.306224063620902598e+00
1.208299999999999930e+00,6.063996080940569300e+00
1.208499999999999908e+00,6.357613540804209151e+00
1.209000000000000075e+00,6.655780883907254974e+00
1.209200000000000053e+00,6.933374600332967930e+00
1.209699999999999998e+00,5.963533281438003542e+00
1.209999999999999964e+00,6.034683315763004430e+00
1.210199999999999942e+00,6.293408236602545003e+00
1.210599999999999898e+00,6.195569188026979646e+00
1.210900000000000087e+00,6.608122910323800170e+00
1.211100000000000065e+00,6.712152813331499601e+00
1.211600000000000010e+00,6.579105083867830217e+00
1.211799999999999988e+00,6.195314569364427371e+00
1.212099999999999955e+00,6.127576792154172836e+00
1.212499999999999911e+00,6.287843036674416908e+00
1.212699999999999889e+00,6.035496338383609327e+00
1.213000000000000078e+00,6.075061113926494727e+00
1.213500000000000023e+00,6.171702635246447244e+00
1.213700000000000001e+00,6.184341589793120875e+00
1.214299999999999935e+00,5.971430776289594178e+00
1.214499999999999913e+00,5.944140821666906049e+00
1.214800000000000102e+00,5.932555580430175723e+00
1.215300000000000047e+00,6.381917956186839547e+00
1.215500000000000025e+00,6.637112361316553688e+00
1.215899999999999981e+00,6.517202621322098821e+00
1.216099999999999959e+00,6.280594770275456540e+00
1.216599999999999904e+00,6.328406540415130621e+00
1.216800000000000104e+00,6.602249630058963703e+00
1.217100000000000071e+00,6.339018721377442489e+00
1.217700000000000005e+00,6.096555637443202613e+00
1.217999999999999972e+00,5.823373067311081286e+00
1.218199999999999950e+00,6.382098126280993711e+00
1.218599999999999905e+00,5.921470419665524787e+00
1.218900000000000095e+00,5.984196257375174355e+00
1.219500000000000028e+00,6.404329624384899944e+00
1.219700000000000006e+00,6.616146272275273077e+00
1.219899999999999984e+00,6.464683573844126840e+00
1.220399999999999929e+00,6.749501588088605786e+00
1.220800000000000107e+00,6.316872839433926856e+00
1.221100000000000074e+00,5.954294919889321136e+00
1.221300000000000052e+00,6.059050796443102627e+00
1.221600000000000019e+00,5.890025244853859476e+00
1.221999999999999975e+00,6.047720128458990985e+00
1.222299999999999942e+00,6.408299356304837602e+00
1.222800000000000109e+00,6.195489468940422739e+00
1.223000000000000087e+00,6.160295106285047950e+00
1.223200000000000065e+00,6.035301855866237020e+00
1.223700000000000010e+00,5.981229537402441565e+00
1.223899999999999988e+00,5.953468965218803532e+00
1.224299999999999944e+00,6.372709248260434833e+00
1.224599999999999911e+00,6.241999836991567463e+00
1.224900000000000100e+00,6.243219864208072067e+00
1.225400000000000045e+00,6.226998504027051240e+00
1.225600000000000023e+00,6.389101004677968376e+00
1.226199999999999957e+00,6.207816674642572252e+00
1.226699999999999902e+00,6.050539726926899675e+00
1.226900000000000102e+00,5.907597140983853023e+00
1.227100000000000080e+00,6.017926126308339008e+00
1.227500000000000036e+00,5.926883180719414668e+00
1.227700000000000014e+00,5.901735310974231652e+00
1.227999999999999980e+00,6.015442187244730121e+00
1.228499999999999925e+00,5.876287564751464743e+00
1.228699999999999903e+00,5.727391271530336780e+00
1.229200000000000070e+00,6.081831796994833894e+00
1.229500000000000037e+00,6.029097652388372808e+00
1.229700000000000015e+00,6.183793990201024826e+00
1.230199999999999960e+00,6.337574527292076709e+00
1.230699999999999905e+00,5.966628558299362339e+00
1.230900000000000105e+00,5.830617879688134053e+00
1.231400000000000050e+00,6.225295885194555012e+00
1.231600000000000028e+00,6.607903535904824821e+00
1.231800000000000006e+00,6.422284764954497405e+00
1.232199999999999962e+00,6.354017220819855538e+00
1.232499999999999929e+00,6.316065462910160022e+00
1.232699999999999907e+00,6.250611097838032038e+00
1.233200000000000074e+00,5.986753365980121089e+00
1.233400000000000052e+00,5.978738961230305904e+00
1.233899999999999997e+00,6.400664390254291902e+00
1.234199999999999964e+00,6.614002181167052186e+00
1.234399999999999942e+00,6.486524213137499828e+00
1.234900000000000109e+00,6.463325564736805973e+00
1.235100000000000087e+00,6.266396580249761428e+00
1.235500000000000043e+00,6.009009960399907868e+00
1.235800000000000010e+00,5.925447860353301621e+00
1.236099999999999977e+00,5.895060935759033782e+00
1.236499999999999932e+00,6.237756629225259530e+00
1.236799999999999899e+00,6.444836972955727106e+00
1.237200000000000077e+00,6.623531498884858593e+00
1.237500000000000044e+00,6.648310022993882740e+00
1.237700000000000022e+00,6.280700830253863387e+00
1.238099999999999978e+00,6.512691963816905627e+00
1.238399999999999945e+00,6.395556188818204646e+00
1.238599999999999923e+00,6.269286378052811415e+00
1.239200000000000079e+00,6.420380323533436240e+00
1.239400000000000057e+00,6.739319194762970255e+00
1.239900000000000002e+00,7.306666980698992120e+00
1.240099999999999980e+00,7.083517215538677192e+00
1.240499999999999936e+00,7.086829308979417874e+00
1.240799999999999903e+00,7.054489978077072010e+00
1.241300000000000070e+00,6.657652260090799246e+00
1.241500000000000048e+00,7.013545025630719465e+00
1.241700000000000026e+00,7.365605125370848327e+00
1.242199999999999971e+00,6.781718364521339026e+00
1.242499999999999938e+00,6.871623760314378160e+00
1.242799999999999905e+00,6.611463701127036074e+00
1.243200000000000083e+00,6.585476618950224292e+00
1.243500000000000050e+00,6.372701000268762073e+00
1.243700000000000028e+00,6.430709814561168969e+00
1.244099999999999984e+00,6.924262085128930266e+00
1.244299999999999962e+00,7.262412775211146254e+00
1.244799999999999907e+00,7.361889422346280298e+00
1.245000000000000107e+00,7.152046526629419532e+00
1.245500000000000052e+00,6.937011930774019675e+00
1.245700000000000029e+00,6.577551511794354155e+00
1.246299999999999963e+00,6.427611142027558344e+00
1.246499999999999941e+00,6.473583819159330233e+00
1.246799999999999908e+00,6.814358066359204713e+00
1.247000000000000108e+00,6.831552488805073153e+00
1.247400000000000064e+00,6.889726540598871907e+00
1.247700000000000031e+00,6.813975129752407156e+00
1.248099999999999987e+00,6.918662060249857859e+00
1.248399999999999954e+00,7.001647053772217077e+00
1.248899999999999899e+00,6.812036767581616914e+00
1.249100000000000099e+00,7.025156487115737036e+00
1.249400000000000066e+00,7.188181917102724583e+00
1.249800000000000022e+00,7.279899301907562403e+00
1.250000000000000000e+00,6.934495302407185591e+00
1.250399999999999956e+00,7.193907202344007601e+00
1.250699999999999923e+00,6.981835406147865797e+00
1.250899999999999901e+00,7.041456987454694172e+00
1.251400000000000068e+00,7.391297108064122767e+00
1.251700000000000035e+00,6.986443467781782601e+00
1.251900000000000013e+00,6.841054877303236026e+00
1.252399999999999958e+00,7.022716113748174394e+00
1.252599999999999936e+00,6.972334612839972579e+00
1.252999999999999892e+00,7.302281296527667109e+00
1.253200000000000092e+00,6.786819524838847428e+00
1.253700000000000037e+00,6.698469224353516438e+00
1.253900000000000015e+00,6.851529906667451542e+00
1.254099999999999993e+00,7.112365481855931648e+00
1.254599999999999937e+00,7.072183489080316576e+00
1.254799999999999915e+00,7.036681865553759962e+00
1.255300000000000082e+00,7.030080766059654707e+00
1.255500000000000060e+00,6.917300224915720719e+00
1.255800000000000027e+00,6.410028830992700932e+00
1.256299999999999972e+00,6.679154866213139030e+00
1.256599999999999939e+00,6.829706872867291167e+00
1.257100000000000106e+00,6.798778672484786512e+00
1.257400000000000073e+00,7.047881525407547088e+00
1.257600000000000051e+00,7.056628638165648226e+00
1.258000000000000007e+00,7.516957388830064701e+00
1.258299999999999974e+00,7.133683980498517485e+00
1.258799999999999919e+00,6.774880148638885657e+00
1.258999999999999897e+00,6.909884630264173211e+00
1.259500000000000064e+00,7.060951478205424792e+00
1.259800000000000031e+00,6.955454537753439581e+00
1.260199999999999987e+00,6.862413558197999919e+00
1.260399999999999965e+00,6.460403667262198724e+00
1.260899999999999910e+00,7.101085350750850012e+00
1.261100000000000110e+00,7.250342176938147531e+00
1.261600000000000055e+00,6.896264787157520004e+00
1.261800000000000033e+00,7.081204067148291870e+00
1.262000000000000011e+00,6.787073969916150418e+00
1.262499999999999956e+00,6.579895138971210145e+00
1.262799999999999923e+00,7.222454802242850747e+00
1.262999999999999901e+00,7.021807951950790994e+00
1.263500000000000068e+00,7.082080748158091410e+00
1.263700000000000045e+00,6.663982336266144557e+00
1.264199999999999990e+00,6.848727464284479538e+00
1.264499999999999957e+00,6.895676820303492605e+00
1.264699999999999935e+00,6.965216796577919922e+00
1.264899999999999913e+00,7.085271357042415730e+00
1.265300000000000091e+00,7.013129722888152173e+00
1.265600000000000058e+00,6.971909288080723854e+00
1.265700000000000047e+00,6.823284148617176470e+00
1.266199999999999992e+00,7.016335226426690497e+00
1.266399999999999970e+00,7.296161592626390302e+00
1.266899999999999915e+00,7.536150470269603829e+00
1.267099999999999893e+00,7.201509170416443339e+00
1.267600000000000060e+00,7.315679612299618384e+00
1.267800000000000038e+00,7.115847977348039421e+00
1.268000000000000016e+00,7.092832858011092867e+00
1.268499999999999961e+00,6.863386035265875762e+00
1.268699999999999939e+00,7.016079478853157525e+00
1.268999999999999906e+00,7.354660671952046869e+00
1.269400000000000084e+00,6.906346651174544604e+00
1.269700000000000051e+00,6.724895673420633102e+00
1.270100000000000007e+00,6.641346097186556108e+00
1.270399999999999974e+00,6.578473482402046102e+00
1.270799999999999930e+00,6.735079970834135565e+00
1.271099999999999897e+00,6.967777432008006144e+00
1.271400000000000086e+00,6.914614010481500372e+00
1.271900000000000031e+00,6.972635593642849017e+00
1.272199999999999998e+00,6.981667748891823067e+00
1.272399999999999975e+00,7.188717228511109170e+00
1.272999999999999909e+00,7.081809029635110164e+00
1.273099999999999898e+00,7.118361168661181182e+00
1.273400000000000087e+00,7.203668728323464165e+00
1.273800000000000043e+00,6.996176551356029449e+00
1.274000000000000021e+00,7.143218360659147947e+00
1.274499999999999966e+00,7.395586842004831851e+00
1.274699999999999944e+00,7.172053876912514170e+00
1.275199999999999889e+00,7.302551627802927214e+00
1.275500000000000078e+00,7.367055488879486802e+00
1.275700000000000056e+00,7.194645709570295367e+00
1.276200000000000001e+00,7.250990497329894424e+00
1.276499999999999968e+00,7.076961165490160965e+00
1.276899999999999924e+00,7.291376487581032961e+00
1.277199999999999891e+00,7.517620738054802132e+00
1.277400000000000091e+00,7.512627036616891019e+00
1.277800000000000047e+00,7.713915857132633391e+00
1.278000000000000025e+00,7.318851000258973727e+00
1.278200000000000003e+00,7.620500805350161500e+00
1.278499999999999970e+00,7.682183893858791635e+00
1.278899999999999926e+00,7.862330169099323030e+00
1.279099999999999904e+00,7.735776328643282795e+00
1.279300000000000104e+00,7.983610866452750088e+00
1.279900000000000038e+00,7.920573250331926829e+00
1.280100000000000016e+00,7.761418331671052329e+00
1.280299999999999994e+00,7.696443293448623990e+00
1.280799999999999939e+00,7.622441963836763534e+00
1.281099999999999905e+00,7.170048164295849347e+00
1.281400000000000095e+00,7.173216505533218879e+00
1.281800000000000050e+00,6.934100115067849401e+00
1.282100000000000017e+00,7.430709790560968031e+00
1.282599999999999962e+00,7.278308228436344507e+00
1.282899999999999929e+00,7.243094167675394601e+00
1.283300000000000107e+00,7.360492837280276035e+00
1.283700000000000063e+00,7.102620739672602213e+00
1.283900000000000041e+00,7.117013573096642176e+00
1.284299999999999997e+00,7.256551998066129272e+00
1.284599999999999964e+00,7.260003936136740776e+00
1.284799999999999942e+00,7.454139162861451950e+00
1.285400000000000098e+00,7.245846381515093526e+00
1.285600000000000076e+00,7.966703423413378005e+00
1.286100000000000021e+00,7.781130656904679199e+00
1.286299999999999999e+00,7.466271619537224069e+00
1.286799999999999944e+00,7.621437397639965639e+00
1.286999999999999922e+00,7.725274980726226204e+00
1.287500000000000089e+00,7.941145756914124831e+00
1.288000000000000034e+00,7.443648809493311092e+00
1.288300000000000001e+00,7.659618965871686669e+00
1.288599999999999968e+00,7.766086281004163538e+00
1.288799999999999946e+00,7.586789472870236750e+00
1.289299999999999891e+00,7.468732105667754695e+00
1.289500000000000091e+00,7.546279465137672560e+00
1.290000000000000036e+00,7.775697466675524083e+00
1.290300000000000002e+00,7.493229645183987486e+00
1.290499999999999980e+00,7.650101220095734789e+00
1.290899999999999936e+00,7.916651835757193112e+00
1.291199999999999903e+00,7.412633298582250063e+00
1.291400000000000103e+00,7.955464657676543538e+00
1.291900000000000048e+00,8.141721814285915571e+00
1.292000000000000037e+00,8.014695157645633117e+00
1.292499999999999982e+00,7.571340063106276830e+00
1.292999999999999927e+00,7.469929862880803739e+00
1.293299999999999894e+00,7.665562731690215514e+00
1.293700000000000072e+00,7.657583283328222024e+00
1.294000000000000039e+00,7.516687872105308088e+00
1.294200000000000017e+00,7.402184940614688458e+00
1.294599999999999973e+00,7.851046771009805525e+00
1.294799999999999951e+00,8.048740790034230486e+00
1.295299999999999896e+00,8.066680316882411717e+00
1.295500000000000096e+00,7.896347457868614583e+00
1.295800000000000063e+00,7.986125463845269223e+00
1.296200000000000019e+00,7.750241924579313491e+00
1.296499999999999986e+00,7.355236083633144517e+00
1.296699999999999964e+00,7.619305096876587413e+00
1.297199999999999909e+00,7.494282056802603620e+00
1.297500000000000098e+00,7.359954792315079430e+00
1.297700000000000076e+00,7.411850081545253488e+00
1.298100000000000032e+00,7.651562767358996098e+00
1.298399999999999999e+00,7.710443447761917923e+00
1.298599999999999977e+00,7.921453509777848012e+00
1.299099999999999921e+00,7.592126003904354548e+00
1.299299999999999899e+00,7.438850544274373533e+00
1.299800000000000066e+00,7.572104292864423769e+00
1.300300000000000011e+00,7.468376321835762610e+00
1.300599999999999978e+00,7.875677490315979412e+00
1.300799999999999956e+00,7.816943006795440851e+00
1.301099999999999923e+00,8.076209837545889059e+00
1.301500000000000101e+00,7.959135604538914777e+00
1.301800000000000068e+00,8.172243135048802287e+00
1.302000000000000046e+00,7.698413482690966703e+00
1.302400000000000002e+00,7.426972565079381638e+00
1.302599999999999980e+00,7.859036921726669789e+00
1.303099999999999925e+00,7.785204527048676937e+00
1.303299999999999903e+00,7.617268097980968378e+00
1.303500000000000103e+00,7.627028206464160576e+00
1.304000000000000048e+00,8.174439088009989973e+00
1.304300000000000015e+00,8.294812064874918178e+00
1.304799999999999960e+00,8.205462931482088607e+00
1.305099999999999927e+00,8.189052863943970806e+00
1.305299999999999905e+00,7.697206570543471571e+00
1.305800000000000072e+00,7.935777776359373092e+00
1.306000000000000050e+00,7.765421186607113668e+00
1.306499999999999995e+00,7.989249514080029257e+00
1.306699999999999973e+00,7.486026602326433022e+00
1.307099999999999929e+00,7.936831545733639359e+00
1.307399999999999896e+00,7.798750485393156850e+00
1.307800000000000074e+00,7.776341109563986720e+00
1.308100000000000041e+00,8.081370008298904395e+00
1.308599999999999985e+00,8.199633681669865837e+00
1.308799999999999963e+00,8.737848917609881028e+00
1.308999999999999941e+00,8.650745078702357205e+00
1.309299999999999908e+00,8.528589610278800137e+00
1.309800000000000075e+00,8.161855470931186574e+00
1.310100000000000042e+00,7.809053823594126698e+00
1.310200000000000031e+00,7.703591484469484385e+00
1.310699999999999976e+00,7.731929990262642605e+00
1.310999999999999943e+00,7.255739632981317300e+00
1.311500000000000110e+00,7.470181215566753963e+00
1.311900000000000066e+00,7.808370437093572036e+00
1.312200000000000033e+00,8.064743519534090410e+00
1.312400000000000011e+00,7.835882951612120451e+00
1.312899999999999956e+00,7.860554496216536791e+00
1.313299999999999912e+00,7.926906662060332565e+00
1.313800000000000079e+00,7.871323748392683228e+00
1.314000000000000057e+00,8.256897605216522606e+00
1.314200000000000035e+00,8.365551520889425774e+00
1.314400000000000013e+00,8.628502803162632517e+00
1.314899999999999958e+00,8.255124033101083114e+00
1.315199999999999925e+00,8.661594197886643087e+00
1.315600000000000103e+00,8.114964781893036161e+00
1.315900000000000070e+00,8.089031463429705582e+00
1.316100000000000048e+00,8.205805071055465305e+00
1.316500000000000004e+00,7.967991829498942025e+00
1.316799999999999971e+00,8.029172447261430534e+00
1.317199999999999926e+00,7.477750209487112443e+00
1.317399999999999904e+00,7.363228420126688434e+00
1.317600000000000104e+00,7.674247066187604105e+00
1.318100000000000049e+00,7.321673372143436609e+00
1.318400000000000016e+00,7.363766054349866863e+00
1.318899999999999961e+00,7.392815021835986045e+00
1.319199999999999928e+00,7.791340706263440552e+00
1.319399999999999906e+00,8.327968144436681541e+00
1.320000000000000062e+00,8.330550034834459439e+00
1.320200000000000040e+00,8.282109270360933806e+00
1.320599999999999996e+00,8.058438956341888115e+00
1.320799999999999974e+00,8.275083890360861005e+00
1.320999999999999952e+00,8.264928714496249995e+00
1.321299999999999919e+00,8.044490615288054869e+00
1.321700000000000097e+00,8.090498185783872032e+00
1.322000000000000064e+00,7.984702476917618696e+00
1.322200000000000042e+00,8.195992327972135172e+00
1.322599999999999998e+00,8.113468265464916840e+00
1.322899999999999965e+00,7.979121206144668577e+00
1.323299999999999921e+00,8.073374390652247712e+00
1.323499999999999899e+00,7.843673952219774037e+00
1.324000000000000066e+00,8.542238394041078209e+00
1.324600000000000000e+00,7.963410678221180206e+00
1.324799999999999978e+00,8.215756947809836674e+00
1.325099999999999945e+00,8.630246644108069631e+00
1.325499999999999901e+00,8.747403685286030850e+00
1.325800000000000090e+00,8.281391009539902370e+00
1.326200000000000045e+00,8.345859719483200934e+00
1.326400000000000023e+00,8.029052806059780778e+00
1.326699999999999990e+00,8.093198263075350951e+00
1.327199999999999935e+00,8.140030187258162186e+00
1.327399999999999913e+00,8.576028672174288658e+00
1.327599999999999891e+00,8.161212781601989263e+00
1.327900000000000080e+00,7.821299488101431052e+00
1.328400000000000025e+00,8.315378518872989844e+00
1.328600000000000003e+00,8.077352063348712363e+00
1.328899999999999970e+00,8.088402657373535476e+00
1.329299999999999926e+00,8.129158834011377621e+00
1.329599999999999893e+00,8.275914511915743788e+00
1.329800000000000093e+00,8.953773295460678128e+00
1.330100000000000060e+00,8.953892310337096205e+00
1.330400000000000027e+00,8.272473117964295852e+00
1.330999999999999961e+00,8.329645860684195213e+00
1.331199999999999939e+00,7.641934534438178162e+00
1.331800000000000095e+00,7.705492486881553305e+00
1.332000000000000073e+00,7.907005262214511276e+00
1.332500000000000018e+00,8.017817161134871640e+00
1.332600000000000007e+00,8.385210841646426161e+00
1.332899999999999974e+00,8.492391340705694347e+00
1.333299999999999930e+00,8.462996820806779397e+00
1.333499999999999908e+00,8.302966061091979100e+00
1.333800000000000097e+00,8.242047659367813139e+00
1.334300000000000042e+00,8.391969496169394915e+00
1.334500000000000020e+00,7.971741563153955212e+00
1.334699999999999998e+00,8.185736780302931948e+00
1.335199999999999942e+00,8.046709831480256980e+00
1.335499999999999909e+00,8.423811281106736715e+00
1.335700000000000109e+00,8.405355987383472893e+00
1.336200000000000054e+00,8.218239364145802028e+00
1.336600000000000010e+00,8.338160571962134782e+00
1.336699999999999999e+00,8.821430765461400370e+00
1.337199999999999944e+00,8.525473240783867368e+00
1.337399999999999922e+00,8.313897265803575465e+00
1.337599999999999900e+00,8.422663657033353957e+00
1.338100000000000067e+00,8.555817699443309721e+00
1.338300000000000045e+00,8.653678036885821712e+00
1.338600000000000012e+00,8.774439388653149763e+00
1.339099999999999957e+00,9.016538379216967769e+00
1.339299999999999935e+00,8.907948778385389232e+00
1.339800000000000102e+00,9.173231790546765296e+00
1.340000000000000080e+00,9.015547308888130829e+00
1.340200000000000058e+00,8.777186302970903853e+00
1.340500000000000025e+00,9.078468064261869586e+00
1.340899999999999981e+00,9.147597117524014720e+00
1.341399999999999926e+00,9.179195344418644709e+00
1.341699999999999893e+00,9.141551203374888246e+00
1.342100000000000071e+00,9.083294249874484194e+00
1.342400000000000038e+00,9.038884249880311472e+00
1.342600000000000016e+00,8.989854068069575987e+00
1.343099999999999961e+00,8.949445656221541867e+00
1.343299999999999939e+00,8.408618340343195996e+00
1.343499999999999917e+00,8.278215716139925462e+00
1.344000000000000083e+00,8.643069919402250889e+00
1.344200000000000061e+00,8.998842297260921441e+00
1.344400000000000039e+00,8.964184065613608254e+00
1.344799999999999995e+00,8.819608400522724878e+00
1.344999999999999973e+00,8.567623052483554602e+00
1.345499999999999918e+00,8.622139625399995566e+00
1.345699999999999896e+00,9.036799713174332283e+00
1.345900000000000096e+00,8.804434613515581987e+00
1.346400000000000041e+00,8.695699398842521077e+00
1.346700000000000008e+00,8.768821345686092172e+00
1.346899999999999986e+00,8.932334037897135204e+00
1.347199999999999953e+00,9.012517588935452295e+00
1.347699999999999898e+00,8.756745621305753957e+00
1.347900000000000098e+00,8.911935140775995023e+00
1.348100000000000076e+00,8.644415602279650557e+00
1.348600000000000021e+00,8.581419407560133550e+00
1.348799999999999999e+00,8.669923298410367352e+00
1.349199999999999955e+00,8.710644746389448301e+00
1.349699999999999900e+00,8.773409305374229916e+00
1.349900000000000100e+00,8.566537140787204407e+00
1.350200000000000067e+00,8.881397269823651186e+00
1.350700000000000012e+00,9.043154071523645143e+00
1.350899999999999990e+00,8.907868132180169596e+00
1.351399999999999935e+00,8.585111972751519716e+00
1.351599999999999913e+00,8.609546402398905229e+00
1.351799999999999891e+00,8.772521633993051182e+00
1.352300000000000058e+00,8.587571946344610296e+00
1.352500000000000036e+00,8.735937916274110648e+00
1.352800000000000002e+00,8.947591236107314216e+00
1.353299999999999947e+00,8.702364385518421841e+00
1.353499999999999925e+00,8.344819450686145501e+00
1.353799999999999892e+00,8.682237427370750993e+00
1.354300000000000059e+00,8.761394125986385006e+00
1.354600000000000026e+00,8.714428366014544736e+00
1.355099999999999971e+00,8.913323648061691529e+00
1.355299999999999949e+00,9.072896347399364458e+00
1.355499999999999927e+00,9.078042395475449666e+00
1.355900000000000105e+00,9.084404932546817690e+00
1.356200000000000072e+00,9.395435558498093087e+00
1.356600000000000028e+00,9.767608668112643500e+00
1.356800000000000006e+00,9.703825860421829930e+00
1.357099999999999973e+00,9.251437057537714281e+00
1.357599999999999918e+00,9.212855390974596048e+00
1.357799999999999896e+00,9.007402303456387926e+00
1.358100000000000085e+00,9.569749124975373888e+00
1.358500000000000041e+00,9.691262604061648744e+00
1.358999999999999986e+00,9.240052205191659596e+00
1.359199999999999964e+00,9.421080964367888555e+00
1.359499999999999931e+00,9.435810700636125148e+00
1.359900000000000109e+00,9.467661674588498499e+00
1.360100000000000087e+00,9.473138799206367366e+00
1.360600000000000032e+00,9.599662725611437963e+00
1.360800000000000010e+00,9.324957494153750304e+00
1.361099999999999977e+00,9.410162775221010634e+00
1.361499999999999932e+00,9.751710444269292566e+00
1.361799999999999899e+00,9.785563174073217851e+00
1.362000000000000099e+00,1.014737095507337017e+01
1.362500000000000044e+00,9.937849299834056183e+00
1.362700000000000022e+00,9.847603306379937749e+00
1.363199999999999967e+00,1.016577880248701149e+01
1.363399999999999945e+00,9.795936746058600875e+00
1.363899999999999890e+00,9.649387513454030341e+00
1.364100000000000090e+00,9.869126021978217977e+00
1.364400000000000057e+00,1.006527349823772965e+01
1.364900000000000002e+00,9.876653149478443083e+00
1.365099999999999980e+00,9.344916767709378291e+00
1.365299999999999958e+00,9.374451897094786545e+00
1.365599999999999925e+00,9.151316672150073828e+00
1.366000000000000103e+00,9.530934408274220004e+00
1.366300000000000070e+00,9.972097479822423338e+00
1.366500000000000048e+00,9.785290857411155230e+00
1.366999999999999993e+00,1.011430495232161775e+01
1.367199999999999971e+00,9.714598483927829875e+00
1.367499999999999938e+00,9.542116704399631999e+00
1.368000000000000105e+00,9.392736992125151119e+00
1.368200000000000083e+00,9.151808688106939371e+00
1.368500000000000050e+00,9.136835071240511752e+00
1.368900000000000006e+00,9.683917876028317551e+00
1.369199999999999973e+00,9.186749701892267694e+00
1.369599999999999929e+00,9.166925006355199912e+00
1.369799999999999907e+00,9.138757832600390429e+00
1.370200000000000085e+00,9.142712545485778719e+00
1.370500000000000052e+00,9.065093573494891643e+00
1.370700000000000029e+00,8.695444051838876476e+00
1.370900000000000007e+00,8.781887092284478058e+00
1.371499999999999941e+00,9.423307454564223917e+00
1.371799999999999908e+00,9.577295398561091133e+00
1.372000000000000108e+00,9.235784510246617174e+00
1.372500000000000053e+00,9.357670185449137534e+00
1.372700000000000031e+00,9.095646385233976616e+00
1.372900000000000009e+00,9.171579775274381063e+00
1.373199999999999976e+00,9.197336650436795935e+00
1.373599999999999932e+00,9.387976098774061029e+00
1.373799999999999910e+00,9.253605179627129473e+00
1.374100000000000099e+00,9.336176921552123531e+00
1.374700000000000033e+00,9.845584427461744781e+00
1.374800000000000022e+00,9.927484289504718618e+00
1.375299999999999967e+00,9.907435309114816846e+00
1.375699999999999923e+00,9.507647198486097295e+00
1.375899999999999901e+00,9.466767970449154745e+00
1.376300000000000079e+00,9.511675408005203280e+00
1.376600000000000046e+00,9.625132292340708773e+00
1.376800000000000024e+00,9.892291668742359434e+00
1.377399999999999958e+00,9.627359135733968287e+00
1.377599999999999936e+00,9.813892447498346883e+00
1.378100000000000103e+00,9.979469854244371163e+00
1.378300000000000081e+00,9.842274665686090884e+00
1.378700000000000037e+00,9.639846525495499918e+00
1.379000000000000004e+00,9.554984699123110659e+00
1.379199999999999982e+00,9.566316130548102592e+00
1.379699999999999926e+00,9.565494823530002577e+00
1.379899999999999904e+00,9.358658593453128560e+00
1.380500000000000060e+00,9.717771994298118443e+00
1.380700000000000038e+00,9.720024334605568583e+00
1.380900000000000016e+00,9.945919447308938288e+00
1.381399999999999961e+00,9.801113132775526537e+00
1.381699999999999928e+00,1.007006857654346277e+01
1.382100000000000106e+00,9.954005959748087662e+00
1.382300000000000084e+00,9.741306792674436110e+00
1.382500000000000062e+00,9.594624075283945785e+00
1.383000000000000007e+00,9.879950360658654063e+00
1.383199999999999985e+00,9.615415024052708759e+00
1.383699999999999930e+00,9.443065878573179361e+00
1.383999999999999897e+00,9.670475025720179474e+00
1.384200000000000097e+00,9.822565686230745996e+00
1.384700000000000042e+00,9.851577573895269779e+00
1.384900000000000020e+00,9.768677211835552043e+00
1.385399999999999965e+00,9.601561705519884526e+00
1.385599999999999943e+00,9.446439129414898161e+00
1.385799999999999921e+00,9.925861271229223348e+00
1.385999999999999899e+00,9.799686382413483443e+00
1.386600000000000055e+00,9.657909017547694930e+00
1.386900000000000022e+00,9.779088870743521511e+00
1.387299999999999978e+00,1.006005350800569431e+01
1.387599999999999945e+00,1.009142334831653898e+01
1.387799999999999923e+00,9.839570243942489469e+00
1.388300000000000090e+00,1.022427664595124952e+01
1.388500000000000068e+00,1.009104657160287388e+01
1.389000000000000012e+00,1.017691900687225370e+01
1.389199999999999990e+00,1.004090139801110126e+01
1.389699999999999935e+00,9.954710422519724489e+00
1.390099999999999891e+00,1.009202453692466861e+01
1.390300000000000091e+00,9.798800162388147328e+00
1.390700000000000047e+00,9.440717959631797385e+00
1.391000000000000014e+00,9.330453086173292832e+00
1.391399999999999970e+00,9.558663644530270176e+00
1.391599999999999948e+00,9.939975377405744439e+00
1.391699999999999937e+00,9.915944103259448639e+00
1.391999999999999904e+00,9.963647864087647577e+00
1.392600000000000060e+00,9.718906432768108061e+00
1.393100000000000005e+00,9.832622871685771315e+00
1.393399999999999972e+00,1.013224395304234804e+01
1.393599999999999950e+00,1.024541567105802642e+01
1.393999999999999906e+00,1.027968494746880879e+01
1.394200000000000106e+00,9.843265077769387972e+00
1.394700000000000051e+00,9.332421000333170014e+00
1.394900000000000029e+00,9.471083242115241774e+00
1.395100000000000007e+00,9.716259323087797384e+00
1.395299999999999985e+00,9.991331599145382825e+00
1.395799999999999930e+00,9.885710277025850701e+00
1.395999999999999908e+00,1.022406185570650905e+01
1.396500000000000075e+00,1.038209368997058846e+01
1.396700000000000053e+00,1.020995602267282720e+01
1.397000000000000020e+00,1.006243197273806800e+01
1.397499999999999964e+00,1.061874943547195471e+01
1.397799999999999931e+00,1.064704920053725345e+01
1.398200000000000109e+00,1.055032470049889071e+01
1.398500000000000076e+00,1.062486909700544402e+01
1.399000000000000021e+00,1.076618321904152253e+01
1.399199999999999999e+00,1.040957772111801205e+01
1.399399999999999977e+00,1.080356202244661290e+01
1.399899999999999922e+00,1.072212122891585295e+01
1.400199999999999889e+00,1.061195799457004796e+01
1.400400000000000089e+00,1.076466007858698504e+01
1.400900000000000034e+00,1.093547572377963206e+01
1.401200000000000001e+00,1.103290916577680036e+01
1.401899999999999924e+00,1.063001627925495995e+01
1.402099999999999902e+00,1.040711795502147652e+01
1.402400000000000091e+00,1.030760555782262600e+01
1.402800000000000047e+00,1.067380611473890895e+01
1.403000000000000025e+00,1.013682083382980181e+01
1.403299999999999992e+00,9.957681336859423027e+00
1.403599999999999959e+00,9.768776527752834227e+00
1.403999999999999915e+00,9.362348414639086513e+00
1.404199999999999893e+00,9.672278313405172412e+00
1.404500000000000082e+00,9.935913111793979624e+00
1.405000000000000027e+00,1.019476010834421231e+01
1.405299999999999994e+00,1.002292437707535555e+01
1.405399999999999983e+00,1.025901208613743165e+01
1.405899999999999928e+00,1.028382800655231222e+01
1.406099999999999905e+00,1.056650951016285944e+01
1.406500000000000083e+00,1.108939313083862999e+01
1.406700000000000061e+00,1.081436621098100659e+01
1.406900000000000039e+00,1.108526037257161079e+01
1.407399999999999984e+00,1.072006371426152782e+01
1.407599999999999962e+00,1.097988935787009268e+01
1.407899999999999929e+00,1.105374769078923691e+01
1.408400000000000096e+00,1.068657598511799733e+01
1.408700000000000063e+00,1.098169070138521874e+01
1.409200000000000008e+00,1.124917279884493837e+01
1.409499999999999975e+00,1.111930863252246127e+01
1.409699999999999953e+00,1.101419417994497962e+01
1.409899999999999931e+00,1.051816621925911477e+01
1.410600000000000076e+00,1.055815036495039294e+01
1.410800000000000054e+00,1.078474916613549794e+01
1.411299999999999999e+00,1.060310704507173796e+01
1.411499999999999977e+00,1.039804945597882124e+01
1.411799999999999944e+00,1.086089903868776219e+01
1.412300000000000111e+00,1.077058475924786762e+01
1.412500000000000089e+00,1.099299478471334623e+01
1.412900000000000045e+00,1.139044184415831751e+01
1.413200000000000012e+00,1.101286352189868012e+01
1.413699999999999957e+00,1.083446323592568206e+01
1.413899999999999935e+00,1.113236404696669979e+01
1.414400000000000102e+00,1.112683052452746324e+01
1.414600000000000080e+00,1.114473574564931369e+01
1.414900000000000047e+00,1.140008542626549115e+01
1.415399999999999991e+00,1.064283424273116907e+01
1.415599999999999969e+00,1.039693755260884700e+01
1.415799999999999947e+00,1.098123524924676531e+01
1.416299999999999892e+00,1.074485073993776041e+01
1.416600000000000081e+00,1.101700465124292805e+01
1.417100000000000026e+00,1.090302401211727101e+01
1.417300000000000004e+00,1.093233428959968023e+01
1.417499999999999982e+00,1.101042600044081610e+01
1.417999999999999927e+00,1.124118815103895486e+01
1.418299999999999894e+00,1.115047314393598299e+01
1.418700000000000072e+00,1.119344635533548171e+01
1.418900000000000050e+00,1.120202763829263404e+01
1.419300000000000006e+00,1.124230824023368314e+01
1.419499999999999984e+00,1.162547681757632745e+01
1.419799999999999951e+00,1.141212887623350980e+01
1.420199999999999907e+00,1.137247440796306819e+01
1.420400000000000107e+00,1.183865777274661468e+01
1.420700000000000074e+00,1.125701153336808602e+01
1.421200000000000019e+00,1.106686801884654869e+01
1.421399999999999997e+00,1.083322148392483086e+01
1.421699999999999964e+00,1.155200876389619680e+01
1.422099999999999920e+00,1.181826710085363175e+01
1.422400000000000109e+00,1.107287516497865454e+01
1.422900000000000054e+00,1.064470864644977155e+01
1.423100000000000032e+00,1.097078147545221327e+01
1.423300000000000010e+00,1.145211283944593106e+01
1.423599999999999977e+00,1.158709305257025335e+01
1.424099999999999921e+00,1.138452096894661736e+01
1.424199999999999910e+00,1.134321670222493594e+01
1.424700000000000077e+00,1.126167399216285503e+01
1.425000000000000044e+00,1.158269048847546401e+01
1.425300000000000011e+00,1.108358589183922049e+01
1.425499999999999989e+00,1.097952020599609568e+01
1.425999999999999934e+00,1.087041649458535630e+01
1.426199999999999912e+00,1.123704047083595015e+01
1.426700000000000079e+00,1.162415262833405905e+01
1.426900000000000057e+00,1.230280684782928802e+01
1.427400000000000002e+00,1.219996240042064528e+01
1.427599999999999980e+00,1.152845151488634201e+01
1.427799999999999958e+00,1.144296556524852804e+01
1.428299999999999903e+00,1.156282917438772984e+01
1.428500000000000103e+00,1.114719527762235884e+01
1.428800000000000070e+00,1.122636697356290369e+01
1.429200000000000026e+00,1.123584689534447989e+01
1.429400000000000004e+00,1.091404420769129047e+01
1.429699999999999971e+00,1.111602564963880013e+01
1.430099999999999927e+00,1.166396028701126397e+01
1.430399999999999894e+00,1.146411151859831534e+01
1.430900000000000061e+00,1.143946786998947118e+01
1.431100000000000039e+00,1.183227593273124967e+01
1.431599999999999984e+00,1.205664894785718388e+01
1.431899999999999951e+00,1.237269001845311323e+01
1.432199999999999918e+00,1.200892128214206878e+01
1.432600000000000096e+00,1.170748926176042914e+01
1.432900000000000063e+00,1.212275574205750672e+01
1.433100000000000041e+00,1.237088398638377384e+01
1.433499999999999996e+00,1.196666707264796514e+01
1.433699999999999974e+00,1.203611587262662397e+01
1.433899999999999952e+00,1.180865510432886367e+01
1.434299999999999908e+00,1.184239276951234388e+01
1.434600000000000097e+00,1.188463920755862091e+01
1.434900000000000064e+00,1.187329480390189929e+01
1.435100000000000042e+00,1.194239224769307839e+01
1.435699999999999976e+00,1.196453118088811607e+01
1.435899999999999954e+00,1.213696124156172118e+01
1.436099999999999932e+00,1.172844717302996287e+01
1.436600000000000099e+00,1.194618113544481730e+01
1.436900000000000066e+00,1.187612285884517860e+01
1.437300000000000022e+00,1.170423311704587377e+01
1.437500000000000000e+00,1.188414262470359972e+01
1.437699999999999978e+00,1.225111414278410393e+01
1.438099999999999934e+00,1.209282972702828829e+01
1.438399999999999901e+00,1.227812694293288587e+01
1.438800000000000079e+00,1.229827308678022746e+01
1.439200000000000035e+00,1.241090109943797870e+01
1.439500000000000002e+00,1.193899973329587283e+01
1.439999999999999947e+00,1.189495260624210005e+01
1.440199999999999925e+00,1.240327679654330950e+01
1.440800000000000081e+00,1.170663561845560707e+01
1.441100000000000048e+00,1.217867383536349735e+01
1.441300000000000026e+00,1.192239366857643290e+01
1.441500000000000004e+00,1.167614042045772749e+01
1.441999999999999948e+00,1.210974149755861617e+01
1.442299999999999915e+00,1.208771233207221485e+01
1.442600000000000104e+00,1.253784425904916588e+01
1.442900000000000071e+00,1.220176356093827508e+01
1.443500000000000005e+00,1.227236565938619606e+01
1.443699999999999983e+00,1.241989125111092562e+01
1.444099999999999939e+00,1.250901593919616062e+01
1.444399999999999906e+00,1.234790531568989991e+01
1.444700000000000095e+00,1.225910252915400633e+01
1.444900000000000073e+00,1.232269459194867522e+01
1.445300000000000029e+00,1.190675858197221260e+01
1.445699999999999985e+00,1.208680323396879430e+01
1.445899999999999963e+00,1.198305113480535056e+01
1.446399999999999908e+00,1.175693239237159560e+01
1.446700000000000097e+00,1.166146435681775984e+01
1.446900000000000075e+00,1.173358761717429388e+01
1.447400000000000020e+00,1.188270284458769765e+01
1.447599999999999998e+00,1.234323246168173682e+01
1.447799999999999976e+00,1.218191606525772386e+01
1.448199999999999932e+00,1.198019195622725874e+01
1.448499999999999899e+00,1.189060264545128121e+01
1.448900000000000077e+00,1.209654757426483229e+01
1.449200000000000044e+00,1.243355578832688479e+01
1.449500000000000011e+00,1.281774076379895178e+01
1.449999999999999956e+00,1.294547291477715589e+01
1.450199999999999934e+00,1.268304614205112557e+01
1.450399999999999912e+00,1.275008035262112571e+01
1.450900000000000079e+00,1.252083012049274657e+01
1.451100000000000056e+00,1.224129467822103834e+01
1.451500000000000012e+00,1.244928175490838385e+01
1.451799999999999979e+00,1.259466913432117963e+01
1.452299999999999924e+00,1.286718514836036320e+01
1.452499999999999902e+00,1.250254785068739238e+01
1.452700000000000102e+00,1.278917767734651534e+01
1.453200000000000047e+00,1.272524427139262571e+01
1.453500000000000014e+00,1.247738861314087444e+01
1.453999999999999959e+00,1.249189136041559323e+01
1.454199999999999937e+00,1.259527583707006215e+01
1.454499999999999904e+00,1.279556165316512306e+01
1.455000000000000071e+00,1.302576945711257395e+01
1.455200000000000049e+00,1.319754834014997869e+01
1.455600000000000005e+00,1.317680986653488162e+01
1.455799999999999983e+00,1.311254364710589471e+01
1.456099999999999950e+00,1.241919663516273431e+01
1.456299999999999928e+00,1.283674382750632503e+01
1.456800000000000095e+00,1.296065088332727555e+01
1.457000000000000073e+00,1.263847647872478319e+01
1.457600000000000007e+00,1.284628022348465493e+01
1.457799999999999985e+00,1.278847682066384550e+01
1.458199999999999941e+00,1.298681236799575345e+01
1.458499999999999908e+00,1.320231602637591095e+01
1.458700000000000108e+00,1.348293591883452791e+01
1.459100000000000064e+00,1.319021672969370229e+01
1.459400000000000031e+00,1.279981727050767404e+01
1.459600000000000009e+00,1.315025294483848484e+01
1.460099999999999953e+00,1.319100321259520570e+01
1.460199999999999942e+00,1.248282706638951822e+01
1.460800000000000098e+00,1.277299179628744241e+01
1.461100000000000065e+00,1.292353303305208101e+01
1.461300000000000043e+00,1.287982168540474959e+01
1.461500000000000021e+00,1.324608243620718895e+01
1.461899999999999977e+00,1.281754152617463660e+01
1.462199999999999944e+00,1.263434348248733841e+01
1.462399999999999922e+00,1.289779134193281607e+01
1.462900000000000089e+00,1.302718171793026158e+01
1.463100000000000067e+00,1.287316373105011280e+01
1.463300000000000045e+00,1.259926472464326253e+01
1.463899999999999979e+00,1.260537999204154858e+01
1.464099999999999957e+00,1.286522798170392434e+01
1.464299999999999935e+00,1.327378069438282182e+01
1.464699999999999891e+00,1.302740812108083901e+01
1.464900000000000091e+00,1.313357260199029497e+01
1.465300000000000047e+00,1.302727936342364501e+01
1.465600000000000014e+00,1.389913126911892505e+01
1.465999999999999970e+00,1.372414382972340263e+01
1.466299999999999937e+00,1.326942697238166602e+01
1.466800000000000104e+00,1.337332592165944334e+01
1.467000000000000082e+00,1.353770548138265895e+01
1.467300000000000049e+00,1.365564259282280091e+01
1.467500000000000027e+00,1.394884583936004674e+01
1.467999999999999972e+00,1.373598716444598722e+01
1.468199999999999950e+00,1.331185821826500160e+01
1.468699999999999894e+00,1.342953940714085093e+01
1.469000000000000083e+00,1.327327926625298460e+01
1.469200000000000061e+00,1.357295697110259880e+01
1.469700000000000006e+00,1.340201427150759628e+01
1.469899999999999984e+00,1.332455115919901800e+01
1.470199999999999951e+00,1.296715704120515511e+01
1.470599999999999907e+00,1.308525987645919031e+01
1.470800000000000107e+00,1.329155350881865161e+01
1.471000000000000085e+00,1.322863239723710649e+01
1.471500000000000030e+00,1.325925242825564965e+01
1.471700000000000008e+00,1.357018443955348630e+01
1.472199999999999953e+00,1.394418663984436080e+01
1.472399999999999931e+00,1.411822772268772042e+01
1.472699999999999898e+00,1.394319876701581506e+01
1.473100000000000076e+00,1.382520562720503676e+01
1.473400000000000043e+00,1.375096920311648319e+01
1.473600000000000021e+00,1.340432334774754963e+01
1.473999999999999977e+00,1.345993305536126172e+01
1.474299999999999944e+00,1.341131884133778840e+01
1.474399999999999933e+00,1.389202963725722384e+01
1.474699999999999900e+00,1.425350670159593847e+01
1.475100000000000078e+00,1.424378700399404352e+01
1.475400000000000045e+00,1.409776091218725469e+01
1.475600000000000023e+00,1.394492799434647168e+01
1.476099999999999968e+00,1.445182860628244725e+01
1.476399999999999935e+00,1.448419546331433594e+01
1.476900000000000102e+00,1.385814566467843179e+01
1.477200000000000069e+00,1.406817390744959084e+01
1.477400000000000047e+00,1.389509013835595397e+01
1.477899999999999991e+00,1.395990486411039910e+01
1.478099999999999969e+00,1.444634381076059526e+01
1.478299999999999947e+00,1.411118078094546036e+01
1.478499999999999925e+00,1.404490238286075510e+01
1.479000000000000092e+00,1.403658020726663835e+01
1.479300000000000059e+00,1.448123543235203670e+01
1.479500000000000037e+00,1.415967907089543587e+01
1.479999999999999982e+00,1.449677643476411504e+01
1.480199999999999960e+00,1.459506662968328783e+01
1.480499999999999927e+00,1.440641982779766295e+01
1.480799999999999894e+00,1.424720373522984573e+01
1.481100000000000083e+00,1.414111224512873832e+01
1.481400000000000050e+00,1.418531738778278850e+01
1.481899999999999995e+00,1.427081302371425409e+01
1.481999999999999984e+00,1.421168541982569877e+01
1.482299999999999951e+00,1.422392233357606983e+01
1.482799999999999896e+00,1.418719311742256650e+01
1.483000000000000096e+00,1.419984886516635925e+01
1.483500000000000041e+00,1.433851829405830358e+01
1.483700000000000019e+00,1.423983960429006856e+01
1.484199999999999964e+00,1.443135245100302200e+01
1.484299999999999953e+00,1.423391425100749075e+01
1.484599999999999920e+00,1.445862653955055066e+01
1.485000000000000098e+00,1.470259389396790084e+01
1.485200000000000076e+00,1.511738077256984525e+01
1.485500000000000043e+00,1.518005102607332901e+01
1.485899999999999999e+00,1.507013519151701075e+01
1.486099999999999977e+00,1.480052471420913207e+01
1.486299999999999955e+00,1.485837835155632547e+01
1.486799999999999899e+00,1.463613998853884368e+01
1.487000000000000099e+00,1.494527311934814406e+01
1.487500000000000044e+00,1.514535323879636053e+01
1.487700000000000022e+00,1.564977614071631251e+01
1.487900000000000000e+00,1.518750738935807476e+01
1.488399999999999945e+00,1.516391322393815244e+01
1.488599999999999923e+00,1.509903326966798431e+01
1.488799999999999901e+00,1.524821083787185216e+01
1.489300000000000068e+00,1.543626477632039951e+01
1.489600000000000035e+00,1.517574902435217155e+01
1.489900000000000002e+00,1.530153541442393816e+01
1.490099999999999980e+00,1.540432491597709941e+01
1.490599999999999925e+00,1.524713468132404159e+01
1.490699999999999914e+00,1.518741348626110721e+01
1.490899999999999892e+00,1.504402003245729702e+01
1.491400000000000059e+00,1.493163853710734656e+01
1.491700000000000026e+00,1.510451658765066441e+01
1.492199999999999971e+00,1.495277068875384430e+01
1.492499999999999938e+00,1.506194606291535365e+01
1.492699999999999916e+00,1.514362992032681632e+01
1.493300000000000072e+00,1.483678197851531877e+01
1.493600000000000039e+00,1.515868897507778001e+01
1.493999999999999995e+00,1.510167687366276823e+01
1.494199999999999973e+00,1.521895439561865260e+01
1.494699999999999918e+00,1.522036881314727452e+01
1.494899999999999896e+00,1.476548726832277225e+01
1.495200000000000085e+00,1.483307142180581195e+01
1.495600000000000041e+00,1.523555232984097074e+01
1.495800000000000018e+00,1.540202856819053068e+01
1.496299999999999963e+00,1.531485057584472997e+01
1.496499999999999941e+00,1.580673128243722658e+01
1.496799999999999908e+00,1.567429524734791357e+01
1.497200000000000086e+00,1.570625314189408073e+01
1.497500000000000053e+00,1.553340083215016421e+01
1.497999999999999998e+00,1.568083705442825249e+01
1.498199999999999976e+00,1.588377143501088540e+01
1.498699999999999921e+00,1.542013640775246586e+01
1.498899999999999899e+00,1.535741864492172226e+01
1.499200000000000088e+00,1.524085774219429368e+01
1.499700000000000033e+00,1.546121624251861704e+01
1.499900000000000011e+00,1.565685406685088310e+01
1.500299999999999967e+00,1.553116118550269675e+01
1.500599999999999934e+00,1.588974993772103517e+01
1.500999999999999890e+00,1.616166196524068255e+01
1.501200000000000090e+00,1.628847502081305265e+01
1.501400000000000068e+00,1.595461299325836535e+01
1.501800000000000024e+00,1.597329060430990921e+01
1.502099999999999991e+00,1.616653996740262755e+01
1.502599999999999936e+00,1.616623010781972880e+01
1.502899999999999903e+00,1.633260686552864627e+01
1.503100000000000103e+00,1.591522355560368851e+01
1.503500000000000059e+00,1.551677561648023129e+01
1.503800000000000026e+00,1.574167572963403927e+01
1.504000000000000004e+00,1.600386581570865019e+01
1.504399999999999959e+00,1.608226556772865479e+01
1.504699999999999926e+00,1.662564261733609783e+01
1.504899999999999904e+00,1.652148249574463534e+01
1.505400000000000071e+00,1.649200380245667930e+01
1.505700000000000038e+00,1.663450690508761909e+01
1.506000000000000005e+00,1.652269208208781492e+01
1.506199999999999983e+00,1.642238136253274661e+01
1.506699999999999928e+00,1.653967456822692839e+01
1.506999999999999895e+00,1.677288113698693905e+01
1.507200000000000095e+00,1.633674446203292518e+01
1.507700000000000040e+00,1.610670023556133401e+01
1.507900000000000018e+00,1.611120752708143300e+01
1.508099999999999996e+00,1.614741491052632227e+01
1.508599999999999941e+00,1.610539365261888634e+01
1.508799999999999919e+00,1.627862560364360434e+01
1.509100000000000108e+00,1.650258134131411225e+01
1.509600000000000053e+00,1.646452865936544185e+01
1.509800000000000031e+00,1.679517081773985865e+01
1.510299999999999976e+00,1.692849676307309892e+01
1.510599999999999943e+00,1.691267470142872753e+01
1.510799999999999921e+00,1.690371390607413105e+01
1.511200000000000099e+00,1.677027676453690219e+01
1.511400000000000077e+00,1.654757997561500815e+01
1.511700000000000044e+00,1.673342572398541961e+01
1.512100000000000000e+00,1.697410075427183074e+01
1.512299999999999978e+00,1.726253488679901693e+01
1.512599999999999945e+00,1.694973480502198981e+01
1.513300000000000090e+00,1.694972824465162375e+01
1.513500000000000068e+00,1.709903031554608788e+01
1.514000000000000012e+00,1.672069440923405637e+01
1.514199999999999990e+00,1.692291181440771197e+01
1.514399999999999968e+00,1.704005253338107195e+01
1.514899999999999913e+00,1.716911108617910031e+01
1.515099999999999891e+00,1.681444790698333236e+01
1.515300000000000091e+00,1.669545828851084934e+01
1.516100000000000003e+00,1.681875298930663121e+01
1.516299999999999981e+00,1.692813478269681582e+01
1.516799999999999926e+00,1.697006610727544285e+01
1.517099999999999893e+00,1.766212525213074969e+01
1.517200000000000104e+00,1.751314961584944285e+01
1.517400000000000082e+00,1.726137906845417547e+01
1.517900000000000027e+00,1.725807093969615380e+01
1.518199999999999994e+00,1.738411785702680845e+01
1.518699999999999939e+00,1.747774939395992533e+01
1.518999999999999906e+00,1.717102837762354284e+01
1.519500000000000073e+00,1.740596804396443531e+01
1.519800000000000040e+00,1.747340901688357917e+01
1.520000000000000018e+00,1.737933146149669028e+01
1.520399999999999974e+00,1.753926805175126447e+01
1.520599999999999952e+00,1.780961053834448649e+01
1.521200000000000108e+00,1.793715413440793327e+01
1.521400000000000086e+00,1.821262753241057908e+01
1.521600000000000064e+00,1.840324132445562100e+01
1.522100000000000009e+00,1.818714338792142371e+01
1.522299999999999986e+00,1.844220599446282449e+01
1.522499999999999964e+00,1.843487757476043498e+01
1.522899999999999920e+00,1.839432242265490913e+01
1.523099999999999898e+00,1.807352803501999006e+01
1.523400000000000087e+00,1.841647256701151036e+01
1.523900000000000032e+00,1.822828942887895209e+01
1.524100000000000010e+00,1.862818309486533508e+01
1.524699999999999944e+00,1.871676192754341628e+01
1.524899999999999922e+00,1.868607292527678965e+01
1.525199999999999889e+00,1.872269868285070515e+01
1.525500000000000078e+00,1.834604811454767059e+01
1.525900000000000034e+00,1.805963776749308636e+01
1.526499999999999968e+00,1.794159214265152968e+01
1.526699999999999946e+00,1.794219272536895460e+01
1.526899999999999924e+00,1.827482721744593164e+01
1.527099999999999902e+00,1.858465767225914078e+01
1.527500000000000080e+00,1.884597115815631696e+01
1.527700000000000058e+00,1.850916123251568024e+01
1.528299999999999992e+00,1.914330152843228916e+01
1.528499999999999970e+00,1.937209872899029506e+01
1.528699999999999948e+00,1.930961900292425071e+01
1.529199999999999893e+00,1.887957152474359646e+01
1.529500000000000082e+00,1.884746719079430477e+01
1.529700000000000060e+00,1.856556035165237972e+01
1.530100000000000016e+00,1.910055241199245302e+01
1.530399999999999983e+00,1.937728282485454656e+01
1.530899999999999928e+00,1.943241533095067552e+01
1.531099999999999905e+00,1.944685917206641079e+01
1.531300000000000106e+00,1.948414465868120260e+01
1.531800000000000050e+00,1.929904639912979292e+01
1.532000000000000028e+00,1.904497097831176688e+01
1.532299999999999995e+00,1.956430006530968058e+01
1.532599999999999962e+00,1.944159792578909673e+01
1.532999999999999918e+00,1.938016261359132386e+01
1.533300000000000107e+00,1.966609640960643901e+01
1.533500000000000085e+00,1.985161118564110438e+01
1.533900000000000041e+00,1.987261476455591946e+01
1.534100000000000019e+00,1.968313447682578499e+01
1.534499999999999975e+00,1.962777197740410884e+01
1.534699999999999953e+00,1.988830690878069163e+01
1.535199999999999898e+00,1.969567876826272368e+01
1.535500000000000087e+00,1.980030079379423569e+01
1.535700000000000065e+00,2.009958315434323595e+01
1.536100000000000021e+00,2.028140122570619042e+01
1.536399999999999988e+00,2.004688661241539194e+01
1.536699999999999955e+00,2.009662716858042586e+01
1.537199999999999900e+00,1.999301980652921884e+01
1.537400000000000100e+00,1.965318982349663202e+01
1.538000000000000034e+00,2.030594816057043772e+01
1.538399999999999990e+00,2.095866907287825143e+01
1.538699999999999957e+00,2.095478506846495748e+01
1.539099999999999913e+00,2.132914424828777555e+01
1.539299999999999891e+00,2.080937956567083802e+01
1.539600000000000080e+00,2.135440832236645292e+01
1.540000000000000036e+00,2.115644672057158004e+01
1.540300000000000002e+00,2.107750742152438761e+01
1.540999999999999925e+00,2.095272909208335932e+01
1.541299999999999892e+00,2.119661737174783411e+01
1.541500000000000092e+00,2.102454742675502075e+01
1.541800000000000059e+00,2.116892831724373991e+01
1.542300000000000004e+00,2.126958390784318453e+01
1.542599999999999971e+00,2.141471697988549749e+01
1.542999999999999927e+00,2.187977606579545409e+01
1.543199999999999905e+00,2.183441084531364140e+01
1.543500000000000094e+00,2.151659227154971177e+01
1.543800000000000061e+00,2.176598567475252821e+01
1.544000000000000039e+00,2.181420402559319882e+01
1.544499999999999984e+00,2.170627837809752236e+01
1.544699999999999962e+00,2.159259228305938905e+01
1.544899999999999940e+00,2.205308025541523875e+01
1.545400000000000107e+00,2.237608394295250491e+01
1.545700000000000074e+00,2.242437715663777453e+01
1.545900000000000052e+00,2.214349020376243971e+01
1.546399999999999997e+00,2.248052292241118266e+01
1.546599999999999975e+00,2.208454123084982257e+01
1.546899999999999942e+00,2.190266284755318793e+01
1.547400000000000109e+00,2.239249737201976131e+01
1.547600000000000087e+00,2.247488670996222027e+01
1.547900000000000054e+00,2.284529104011846812e+01
1.548300000000000010e+00,2.275977923542950521e+01
1.548599999999999977e+00,2.285933508912842171e+01
1.548799999999999955e+00,2.304763272746708935e+01
1.549299999999999899e+00,2.305811081967237897e+01
1.549600000000000088e+00,2.285482941491386555e+01
1.549800000000000066e+00,2.281917682995970154e+01
1.550300000000000011e+00,2.274571628580304150e+01
1.550499999999999989e+00,2.263944561120956678e+01
1.550899999999999945e+00,2.267946000351764724e+01
1.551199999999999912e+00,2.314483511427363283e+01
1.551399999999999890e+00,2.347185704991863986e+01
1.551600000000000090e+00,2.355366139106092760e+01
1.552100000000000035e+00,2.376503126018542389e+01
1.552300000000000013e+00,2.379495341078427373e+01
1.552499999999999991e+00,2.413548799837462866e+01
1.552899999999999947e+00,2.407971573009763233e+01
1.553199999999999914e+00,2.407948476075296185e+01
1.553399999999999892e+00,2.418778020509910220e+01
1.553900000000000059e+00,2.415035759760246492e+01
1.554200000000000026e+00,2.454892668834668257e+01
1.554699999999999971e+00,2.497831902967106998e+01
1.554999999999999938e+00,2.508905303382141483e+01
1.555199999999999916e+00,2.500597585890750452e+01
1.555800000000000072e+00,2.502630085111127300e+01
1.556000000000000050e+00,2.487936735912865061e+01
1.556400000000000006e+00,2.539767150400689388e+01
1.556599999999999984e+00,2.561240600287430880e+01
1.556799999999999962e+00,2.566073969284366285e+01
1.557199999999999918e+00,2.544219036787626465e+01
1.557500000000000107e+00,2.547241341017979721e+01
1.557700000000000085e+00,2.565580933556168475e+01
1.558200000000000029e+00,2.604425697403871709e+01
1.558499999999999996e+00,2.630577821851738918e+01
1.558699999999999974e+00,2.598152980113445665e+01
1.559199999999999919e+00,2.651264954093676351e+01
1.559500000000000108e+00,2.682489137908714838e+01
1.559900000000000064e+00,2.601203530296641020e+01
1.560100000000000042e+00,2.616311329065570135e+01
1.560400000000000009e+00,2.620109420038954795e+01
1.560899999999999954e+00,2.623870439653148878e+01
1.561099999999999932e+00,2.657252952188287054e+01
1.561500000000000110e+00,2.687224287386175092e+01
1.561800000000000077e+00,2.684557226253048157e+01
1.562100000000000044e+00,2.687401237094479711e+01
1.562500000000000000e+00,2.653752869426739380e+01
1.562799999999999967e+00,2.667883289910366784e+01
1.563199999999999923e+00,2.679534078809581388e+01
1.563499999999999890e+00,2.712726572201597719e+01
1.563700000000000090e+00,2.707352857614614550e+01
1.564000000000000057e+00,2.709514368509314863e+01
1.564400000000000013e+00,2.692353807671440791e+01
1.564599999999999991e+00,2.679421999977569158e+01
1.564999999999999947e+00,2.638919709967501603e+01
1.565199999999999925e+00,2.653122581160232585e+01
1.565499999999999892e+00,2.674759658306993515e+01
1.565900000000000070e+00,2.669955639045838325e+01
1.566200000000000037e+00,2.666878025885830539e+01
1.566500000000000004e+00,2.692237497228290977e+01
1.566999999999999948e+00,2.673752263705330279e+01
1.567199999999999926e+00,2.679052194380756191e+01
1.567499999999999893e+00,2.692079562421417904e+01
1.567900000000000071e+00,2.739294486012397556e+01
1.568100000000000049e+00,2.755511922830794447e+01
1.568300000000000027e+00,2.802233942131533695e+01
1.568699999999999983e+00,2.794698749132930971e+01
1.568899999999999961e+00,2.743385227999465314e+01
1.569299999999999917e+00,2.770759222371930264e+01
1.569600000000000106e+00,2.768334009173327104e+01
1.569900000000000073e+00,2.736512644795504912e+01
1.570500000000000007e+00,2.753792537004608221e+01
1.570799999999999974e+00,2.829735646543792882e+01
1.571399999999999908e+00,2.860138599900437839e+01
1.571700000000000097e+00,2.901552384632600479e+01
1.572100000000000053e+00,2.857105247154458993e+01
1.572200000000000042e+00,2.868075923138474081e+01
1.572400000000000020e+00,2.908143560664450433e+01
1.572899999999999965e+00,2.935191282475443586e+01
1.573099999999999943e+00,2.940864910549771594e+01
1.573600000000000110e+00,2.954348339907926402e+01
1.573800000000000088e+00,2.982859043938287869e+01
1.574400000000000022e+00,2.996613855892132960e+01
1.574600000000000000e+00,3.012399091600514112e+01
1.574899999999999967e+00,2.997426047966700935e+01
1.575199999999999934e+00,2.974385187738198510e+01
1.575499999999999901e+00,2.997951390370519675e+01
1.575700000000000101e+00,3.014773651602774862e+01
1.576200000000000045e+00,2.998999434506799844e+01
1.576400000000000023e+00,2.993013058283327155e+01
1.576899999999999968e+00,2.993866567993507033e+01
1.577099999999999946e+00,3.036195139310814284e+01
1.577299999999999924e+00,3.042564268888804691e+01
1.577900000000000080e+00,3.073821569549306787e+01
1.578100000000000058e+00,3.075427563480195658e+01
1.578300000000000036e+00,3.122969592114168336e+01
1.578799999999999981e+00,3.122445472853303272e+01
1.578999999999999959e+00,3.141496650865133233e+01
1.579599999999999893e+00,3.140248210025561093e+01
1.579800000000000093e+00,3.136737185763331581e+01
1.580000000000000071e+00,3.122637789259533747e+01
1.580500000000000016e+00,3.152804810646614442e+01
1.580799999999999983e+00,3.167725324281718713e+01
1.581399999999999917e+00,3.138517522426479900e+01
1.581599999999999895e+00,3.188458999421573026e+01
1.581900000000000084e+00,3.131371368881650596e+01
1.582100000000000062e+00,3.143381648138029050e+01
1.582600000000000007e+00,3.115217826304979098e+01
1.582799999999999985e+00,3.101261719034107500e+01
1.583299999999999930e+00,3.092871489173626287e+01
1.583499999999999908e+00,3.155081829760092660e+01
1.583700000000000108e+00,3.131038705517505605e+01
1.584200000000000053e+00,3.121818075211251653e+01
1.584400000000000031e+00,3.113144374756882371e+01
1.584699999999999998e+00,3.113809882048531108e+01
1.584899999999999975e+00,3.063956877764928777e+01
1.585399999999999920e+00,3.041806091203204687e+01
1.585900000000000087e+00,3.008136094090377810e+01
1.586100000000000065e+00,2.923698450975814467e+01
1.586400000000000032e+00,2.886444350463625597e+01
1.586799999999999988e+00,2.838060843830328395e+01
1.586999999999999966e+00,2.790806098939310687e+01
1.587199999999999944e+00,2.730556703677268615e+01
1.587599999999999900e+00,2.679835631314267630e+01
1.587900000000000089e+00,2.630090801569633641e+01
1.588300000000000045e+00,2.594530598178346281e+01
1.588600000000000012e+00,2.540414966672210539e+01
1.588799999999999990e+00,2.481661557351662850e+01
1.589299999999999935e+00,2.383564872552369707e+01
1.589599999999999902e+00,2.351703381285005889e+01
1.589800000000000102e+00,2.291149337464707969e+01
1.590300000000000047e+00,2.261326831228086576e+01
1.590500000000000025e+00,2.232862668447478427e+01
1.590799999999999992e+00,2.163769688554521053e+01
1.591199999999999948e+00,2.110334369881707062e+01
1.591399999999999926e+00,2.121387720576865377e+01
1.592000000000000082e+00,2.110364796204748927e+01
1.592200000000000060e+00,2.091925487602418343e+01
1.592500000000000027e+00,2.016531477143655593e+01
1.592899999999999983e+00,2.000621059143929870e+01
1.593199999999999950e+00,1.969505027441084621e+01
1.593499999999999917e+00,1.947511044799614410e+01
1.593800000000000106e+00,1.962490178079667658e+01
1.594000000000000083e+00,1.943722128152182904e+01
1.594600000000000017e+00,1.950113115967258182e+01
1.594799999999999995e+00,1.863586921226408322e+01
1.594999999999999973e+00,1.869160866066806648e+01
1.595499999999999918e+00,1.861251406793633123e+01
1.595800000000000107e+00,1.841666066977120408e+01
1.596000000000000085e+00,1.814326753564398587e+01
1.596300000000000052e+00,1.720529054794769763e+01
1.596500000000000030e+00,1.694968049894532669e+01
1.596999999999999975e+00,1.740812036872330282e+01
1.597199999999999953e+00,1.754220473444422623e+01
1.597499999999999920e+00,1.744547455629208343e+01
1.598100000000000076e+00,1.761213002617114398e+01
1.598400000000000043e+00,1.756042890877426998e+01
1.598799999999999999e+00,1.773558767277813786e+01
1.598999999999999977e+00,1.743113676754171593e+01
1.599399999999999933e+00,1.735000297957469684e+01
1.599599999999999911e+00,1.762681504849638259e+01
1.599800000000000111e+00,1.744826684884947099e+01
1.600300000000000056e+00,1.740274525440065645e+01
1.600500000000000034e+00,1.736939126178060633e+01
1.600700000000000012e+00,1.726354362005838539e+01
1.601099999999999968e+00,1.688764283871296357e+01
1.601299999999999946e+00,1.685371603751468683e+01
1.601599999999999913e+00,1.696414073335768080e+01
1.602100000000000080e+00,1.712469133315300951e+01
1.602300000000000058e+00,1.728459163342847660e+01
1.602899999999999991e+00,1.744478092222016130e+01
1.603099999999999969e+00,1.772778423913962342e+01
1.603599999999999914e+00,1.759590569916883851e+01
1.603900000000000103e+00,1.739845607796598870e+01
1.604300000000000059e+00,1.723769274188293821e+01
1.604600000000000026e+00,1.659765161859763793e+01
1.604800000000000004e+00,1.686145392383502895e+01
1.605299999999999949e+00,1.700736343337030121e+01
1.605499999999999927e+00,1.746798503488741972e+01
1.605799999999999894e+00,1.738856074126886142e+01
1.606300000000000061e+00,1.708352857036766181e+01
1.606500000000000039e+00,1.693413263789761913e+01
1.606700000000000017e+00,1.682949836260081611e+01
1.607199999999999962e+00,1.677803427390131219e+01
1.607399999999999940e+00,1.670163425260523127e+01
1.607599999999999918e+00,1.666848797649970493e+01
1.608100000000000085e+00,1.649304485814877808e+01
1.608300000000000063e+00,1.626448923880798247e+01
1.608899999999999997e+00,1.670348570083365303e+01
1.609099999999999975e+00,1.633831646273085880e+01
1.609299999999999953e+00,1.642143849366141239e+01
1.609699999999999909e+00,1.627969863321459343e+01
1.610000000000000098e+00,1.664388237800608294e+01
1.610400000000000054e+00,1.710024310861297181e+01
1.610600000000000032e+00,1.713779430911279178e+01
1.610800000000000010e+00,1.771447375176717287e+01
1.611299999999999955e+00,1.763101583537900297e+01
1.611599999999999921e+00,1.735373759324613729e+01
1.611799999999999899e+00,1.719712014735557659e+01
1.612300000000000066e+00,1.718011473455351279e+01
1.612600000000000033e+00,1.675809843765284768e+01
1.612999999999999989e+00,1.691009196057734698e+01
1.613499999999999934e+00,1.698599114565672608e+01
1.613699999999999912e+00,1.710884395639004651e+01
1.613899999999999890e+00,1.665607477394974012e+01
1.614200000000000079e+00,1.725627542144673043e+01
1.614600000000000035e+00,1.722195216341083324e+01
1.614800000000000013e+00,1.736449636539748553e+01
1.615199999999999969e+00,1.721966930986945954e+01
1.615399999999999947e+00,1.668464833360951616e+01
1.615699999999999914e+00,1.640974572763946071e+01
1.616100000000000092e+00,1.674746108072338302e+01
1.616300000000000070e+00,1.663016938344424034e+01
1.616700000000000026e+00,1.650023079665868408e+01
1.616900000000000004e+00,1.596839777089280688e+01
1.617099999999999982e+00,1.589308575723930517e+01
1.617699999999999916e+00,1.603259315813409103e+01
1.618000000000000105e+00,1.636056796868547281e+01
1.618400000000000061e+00,1.638663106104922917e+01
1.618700000000000028e+00,1.613846000608327813e+01
1.618999999999999995e+00,1.650433755971425853e+01
1.619399999999999951e+00,1.667348663774930628e+01
1.619599999999999929e+00,1.680668044741264566e+01
1.620200000000000085e+00,1.669529013194789968e+01
1.620500000000000052e+00,1.641269716889883057e+01
1.620700000000000029e+00,1.678348497508318360e+01
1.621099999999999985e+00,1.644341331089742653e+01
1.621399999999999952e+00,1.671535002044470275e+01
1.621599999999999930e+00,1.609416456425560682e+01
1.622000000000000108e+00,1.640215061433070787e+01
1.622200000000000086e+00,1.636759288657935940e+01
1.622700000000000031e+00,1.639697622826292900e+01
1.622900000000000009e+00,1.615748458843563640e+01
1.623199999999999976e+00,1.651726877574014907e+01
1.623399999999999954e+00,1.660005321857090621e+01
1.624000000000000110e+00,1.617948222700465521e+01
1.624400000000000066e+00,1.581731464694212264e+01
1.624600000000000044e+00,1.579050757556240114e+01
1.624800000000000022e+00,1.568635884304683259e+01
1.625299999999999967e+00,1.598842981285338283e+01
1.625599999999999934e+00,1.641528326954198747e+01
1.625999999999999890e+00,1.666349311939131894e+01
1.626200000000000090e+00,1.651580057141734414e+01
1.626400000000000068e+00,1.619630440031960461e+01
1.626900000000000013e+00,1.661627193800723035e+01
1.627399999999999958e+00,1.665397067994342706e+01
1.627599999999999936e+00,1.661926046943938218e+01
1.627899999999999903e+00,1.740857122291799897e+01
1.628400000000000070e+00,1.691723644431783669e+01
1.628700000000000037e+00,1.672907888240672492e+01
1.628900000000000015e+00,1.632824962714539652e+01
1.629299999999999971e+00,1.681480171540113133e+01
1.629699999999999926e+00,1.662816914953725700e+01
1.630100000000000104e+00,1.628147395964265343e+01
1.630400000000000071e+00,1.618726167483737299e+01
1.630700000000000038e+00,1.642791755463167647e+01
1.631199999999999983e+00,1.668282416505508081e+01
1.631499999999999950e+00,1.682705559022565467e+01
1.632100000000000106e+00,1.653326461910864964e+01
1.632300000000000084e+00,1.655470160829827364e+01
1.632500000000000062e+00,1.641521222650544587e+01
1.632900000000000018e+00,1.644503895714274222e+01
1.633099999999999996e+00,1.651089896280939229e+01
1.633299999999999974e+00,1.620271303182505562e+01
1.633499999999999952e+00,1.645286313680855983e+01
1.633999999999999897e+00,1.673691902925088471e+01
1.634300000000000086e+00,1.622703369360579018e+01
1.634900000000000020e+00,1.633549344288962857e+01
1.635099999999999998e+00,1.646925655048539738e+01
1.635699999999999932e+00,1.662093161180587231e+01
1.635899999999999910e+00,1.697093203834242559e+01
1.636100000000000110e+00,1.676481244236174462e+01
1.636400000000000077e+00,1.671367606608725964e+01
1.636600000000000055e+00,1.675309493589315935e+01
1.636900000000000022e+00,1.680111779220396784e+01
1.637299999999999978e+00,1.698533759928693598e+01
1.637499999999999956e+00,1.688126388556531765e+01
1.637999999999999901e+00,1.656538070337558111e+01
1.638200000000000101e+00,1.645727834381796129e+01
1.638800000000000034e+00,1.668230305873930774e+01
1.639000000000000012e+00,1.677348788582958150e+01
1.639199999999999990e+00,1.665956343822551844e+01
1.639499999999999957e+00,1.638478127095106629e+01
1.639999999999999902e+00,1.658262515050864749e+01
1.640200000000000102e+00,1.672320125406065472e+01
1.640400000000000080e+00,1.688607742220801811e+01
1.640800000000000036e+00,1.589170124335225864e+01
1.641100000000000003e+00,1.604086395691751932e+01
1.641599999999999948e+00,1.619213271113744668e+01
1.641899999999999915e+00,1.598578826452171597e+01
1.642099999999999893e+00,1.607821126107319287e+01
1.642600000000000060e+00,1.616517972229428324e+01
1.642900000000000027e+00,1.636175937487996634e+01
1.643100000000000005e+00,1.666798454811714691e+01
1.643599999999999950e+00,1.651268417573305669e+01
1.643699999999999939e+00,1.616490443436532587e+01
1.643999999999999906e+00,1.655153616335724109e+01
1.644400000000000084e+00,1.668910594009969373e+01
1.644700000000000051e+00,1.674697738434485927e+01
1.645199999999999996e+00,1.698782419718656911e+01
1.645299999999999985e+00,1.719341526730534042e+01
1.645599999999999952e+00,1.715397017495251930e+01
1.646200000000000108e+00,1.718221519782230189e+01
1.646400000000000086e+00,1.711204991160923328e+01
1.646600000000000064e+00,1.672682965987394255e+01
1.647000000000000020e+00,1.704037369437321559e+01
1.647299999999999986e+00,1.653033499060984468e+01
1.647699999999999942e+00,1.685625649918847557e+01
1.647899999999999920e+00,1.640812589924576059e+01
1.648400000000000087e+00,1.603595830461324567e+01
1.648600000000000065e+00,1.635741510502384699e+01
1.648900000000000032e+00,1.666298911783667336e+01
1.649299999999999988e+00,1.700209517492464784e+01
1.649599999999999955e+00,1.699963981721498385e+01
1.650199999999999889e+00,1.651550140116853527e+01
1.650400000000000089e+00,1.658256061190957098e+01
1.650600000000000067e+00,1.663469028976282971e+01
1.651100000000000012e+00,1.690184764353364244e+01
1.651299999999999990e+00,1.617417717396517673e+01
1.651599999999999957e+00,1.611322905001520667e+01
1.651999999999999913e+00,1.595349314895861426e+01
1.652300000000000102e+00,1.602103817024499222e+01
1.652500000000000080e+00,1.592000795771105004e+01
1.652800000000000047e+00,1.598178149301543272e+01
1.653200000000000003e+00,1.578221445915858112e+01
1.653399999999999981e+00,1.577554711807010790e+01
1.653599999999999959e+00,1.597448937204592312e+01
1.653999999999999915e+00,1.597703734596086633e+01
1.654199999999999893e+00,1.581535117186024308e+01
1.654400000000000093e+00,1.577753839069157493e+01
1.654900000000000038e+00,1.621974415649083312e+01
1.655200000000000005e+00,1.672929056304053574e+01
1.655599999999999961e+00,1.650416970590993060e+01
1.655899999999999928e+00,1.670971771449364951e+01
1.656199999999999894e+00,1.636880429113625723e+01
1.656600000000000072e+00,1.623839803584382935e+01
1.656900000000000039e+00,1.627841318500895795e+01
1.657399999999999984e+00,1.638592019895224894e+01
1.657699999999999951e+00,1.635462148238730151e+01
1.657799999999999940e+00,1.609556045135070690e+01
1.657999999999999918e+00,1.634285120198126151e+01
1.658500000000000085e+00,1.673420558496525246e+01
1.658800000000000052e+00,1.636274036975680701e+01
1.659299999999999997e+00,1.647748238911378849e+01
1.659399999999999986e+00,1.644389863196988699e+01
1.659699999999999953e+00,1.600336036738053735e+01
1.660099999999999909e+00,1.620624488308203581e+01
1.660300000000000109e+00,1.652276206796125280e+01
1.660800000000000054e+00,1.657072775472556714e+01
1.661000000000000032e+00,1.652285236622719822e+01
1.661299999999999999e+00,1.628415704896451643e+01
1.661499999999999977e+00,1.634640165971904935e+01
1.661999999999999922e+00,1.700509688481542980e+01
1.662300000000000111e+00,1.760291108029252882e+01
1.662600000000000078e+00,1.731212382635578706e+01
1.662900000000000045e+00,1.680631270743947425e+01
1.663399999999999990e+00,1.644440596370066032e+01
1.663599999999999968e+00,1.647311815253885925e+01
1.663699999999999957e+00,1.616160198653415137e+01
1.664299999999999891e+00,1.644787408133231565e+01
1.664500000000000091e+00,1.660260719590087319e+01
1.664700000000000069e+00,1.659809633271800067e+01
1.665200000000000014e+00,1.658351404725931388e+01
1.665399999999999991e+00,1.666601580428334728e+01
1.665699999999999958e+00,1.640349697936437678e+01
1.666199999999999903e+00,1.614314022654707514e+01
1.666400000000000103e+00,1.584372775817462298e+01
1.667000000000000037e+00,1.597838626977738841e+01
1.667200000000000015e+00,1.594698808887483210e+01
1.667499999999999982e+00,1.657872878400200989e+01
1.667799999999999949e+00,1.620779918055347935e+01
1.668199999999999905e+00,1.583347164853239519e+01
1.668500000000000094e+00,1.593977072467509970e+01
1.668900000000000050e+00,1.626010238397896046e+01
1.669100000000000028e+00,1.598184863327321636e+01
1.669599999999999973e+00,1.588877920998152149e+01
1.669799999999999951e+00,1.638960461281976677e+01
1.670299999999999896e+00,1.687553554342082407e+01
1.670400000000000107e+00,1.668998442235226776e+01
1.670700000000000074e+00,1.655116043658756553e+01
1.671200000000000019e+00,1.670888773231763480e+01
1.671300000000000008e+00,1.674405516696845098e+01
1.671499999999999986e+00,1.692104381522358381e+01
1.671999999999999931e+00,1.636399823922442920e+01
1.672299999999999898e+00,1.595985063582179464e+01
1.672600000000000087e+00,1.627737806388836361e+01
1.672900000000000054e+00,1.595776288131821730e+01
1.673399999999999999e+00,1.633352429637795922e+01
1.673699999999999966e+00,1.639495462434854289e+01
1.674199999999999910e+00,1.658997788999579370e+01
1.674400000000000110e+00,1.625788635094124857e+01
1.674700000000000077e+00,1.601881649182450928e+01
1.674900000000000055e+00,1.609700065965091653e+01
1.675400000000000000e+00,1.625814019208132777e+01
1.675599999999999978e+00,1.630625896391859442e+01
1.675899999999999945e+00,1.603236216554989824e+01
1.676299999999999901e+00,1.632886048334830775e+01
1.676600000000000090e+00,1.625616015027685535e+01
1.677000000000000046e+00,1.624904730214973370e+01
1.677200000000000024e+00,1.664918311274527696e+01
1.677599999999999980e+00,1.642341284322048978e+01
1.677799999999999958e+00,1.602922838298081842e+01
1.678399999999999892e+00,1.579251956091195552e+01
1.678600000000000092e+00,1.643357745881530718e+01
1.679000000000000048e+00,1.652145030106726153e+01
1.679300000000000015e+00,1.599256483487374680e+01
1.679599999999999982e+00,1.650471162494886812e+01
1.679999999999999938e+00,1.630151333105857248e+01
1.680199999999999916e+00,1.626238795578956342e+01
1.680600000000000094e+00,1.629868152288076999e+01
1.680900000000000061e+00,1.664866711548802414e+01
1.681400000000000006e+00,1.651748196204471242e+01
1.681599999999999984e+00,1.661999140006628295e+01
1.681799999999999962e+00,1.652141269234880383e+01
1.682399999999999896e+00,1.698059980567018101e+01
1.682600000000000096e+00,1.616526994016351182e+01
1.683100000000000041e+00,1.565264917658259947e+01
1.683300000000000018e+00,1.565141831151515817e+01
1.683899999999999952e+00,1.564455701239944574e+01
1.684099999999999930e+00,1.598293984909844312e+01
1.684299999999999908e+00,1.615867646754998077e+01
1.684800000000000075e+00,1.615704207095438960e+01
1.685000000000000053e+00,1.556351799536287217e+01
1.685400000000000009e+00,1.538885412752892989e+01
1.685599999999999987e+00,1.567274550995273330e+01
1.685799999999999965e+00,1.580135186114875978e+01
1.686099999999999932e+00,1.618991365745648636e+01
1.686500000000000110e+00,1.612871152967693433e+01
1.686700000000000088e+00,1.617566327266638382e+01
1.687300000000000022e+00,1.651548081846237892e+01
1.687500000000000000e+00,1.634227977898490280e+01
1.688099999999999934e+00,1.625419031803824055e+01
1.688399999999999901e+00,1.631728561455861382e+01
1.688600000000000101e+00,1.621516582601145728e+01
1.689100000000000046e+00,1.644569627439807391e+01
1.689300000000000024e+00,1.663587717203995453e+01
1.689500000000000002e+00,1.630528053398438715e+01
1.689899999999999958e+00,1.634730652330154044e+01
1.689999999999999947e+00,1.620301639837100538e+01
1.690299999999999914e+00,1.637295645454310034e+01
1.690800000000000081e+00,1.656968756280582511e+01
1.691000000000000059e+00,1.688230621813659127e+01
1.691200000000000037e+00,1.626410261703483684e+01
1.691699999999999982e+00,1.654721494511670699e+01
1.692199999999999926e+00,1.636320646934677825e+01
1.692399999999999904e+00,1.623897847154773899e+01
1.692800000000000082e+00,1.605656630690975817e+01
1.693300000000000027e+00,1.576790092114322306e+01
1.693500000000000005e+00,1.600274704044102236e+01
1.694299999999999917e+00,1.619701156172220635e+01
1.694499999999999895e+00,1.624514183093492647e+01
1.695100000000000051e+00,1.660242866664407302e+01
1.695300000000000029e+00,1.697545003596871993e+01
1.695500000000000007e+00,1.677079649385359517e+01
1.695699999999999985e+00,1.672644273441551377e+01
1.696099999999999941e+00,1.652989246676270341e+01
1.696600000000000108e+00,1.650275903849058068e+01
1.696800000000000086e+00,1.616254188938000880e+01
1.697100000000000053e+00,1.613266405911031143e+01
1.697599999999999998e+00,1.628626015013298911e+01
1.698299999999999921e+00,1.613159498380366585e+01
1.698499999999999899e+00,1.627119532857977902e+01
1.698800000000000088e+00,1.640049736194100660e+01
1.699000000000000066e+00,1.648948522250600490e+01
1.699400000000000022e+00,1.639643160037508096e+01
1.699600000000000000e+00,1.665445234033813904e+01
1.699799999999999978e+00,1.669426131162674665e+01
1.700299999999999923e+00,1.656358365049766235e+01
1.700599999999999890e+00,1.597566763082522812e+01
1.701000000000000068e+00,1.583152742409060920e+01
1.701300000000000034e+00,1.626309955131284823e+01
1.701500000000000012e+00,1.609701339926630226e+01
1.701799999999999979e+00,1.586472057119635792e+01
1.702099999999999946e+00,1.593685139122806049e+01
1.702299999999999924e+00,1.648442703232615258e+01
1.702800000000000091e+00,1.637432541370208128e+01
1.703000000000000069e+00,1.620676850741062935e+01
1.703300000000000036e+00,1.640650379476994658e+01
1.703699999999999992e+00,1.617208724897568572e+01
1.703999999999999959e+00,1.640350812970211791e+01
1.704399999999999915e+00,1.663138326327737104e+01
1.704599999999999893e+00,1.702175461696640468e+01
1.704800000000000093e+00,1.685681517470732160e+01
1.705100000000000060e+00,1.607280207964663532e+01
1.705600000000000005e+00,1.655549926742276057e+01
1.705799999999999983e+00,1.659654480489132311e+01
1.705999999999999961e+00,1.634076360591268440e+01
1.706599999999999895e+00,1.597797121521034569e+01
1.706900000000000084e+00,1.603537930826473712e+01
1.707000000000000073e+00,1.623192095604156293e+01
1.707500000000000018e+00,1.659450142166861042e+01
1.707699999999999996e+00,1.630020164209395261e+01
1.707999999999999963e+00,1.576590539168569194e+01
1.708099999999999952e+00,1.584237371099447955e+01
1.708599999999999897e+00,1.563331025104957916e+01
1.708800000000000097e+00,1.493910896489319384e+01
1.709100000000000064e+00,1.520663090260632089e+01
1.709600000000000009e+00,1.543025533244224334e+01
1.709799999999999986e+00,1.527667936907323565e+01
1.710199999999999942e+00,1.564300572208230733e+01
1.710499999999999909e+00,1.571488637550237399e+01
1.710900000000000087e+00,1.640576751809248890e+01
1.711100000000000065e+00,1.585783162822292525e+01
1.711600000000000010e+00,1.620132596793382618e+01
1.711799999999999988e+00,1.650090195601217147e+01
1.712199999999999944e+00,1.637932483856968702e+01
1.712399999999999922e+00,1.596630816942320052e+01
1.712599999999999900e+00,1.605180291431395290e+01
1.713100000000000067e+00,1.634386270476522895e+01
1.713400000000000034e+00,1.601670461879928098e+01
1.713600000000000012e+00,1.627777987295155526e+01
1.714399999999999924e+00,1.624385345422376759e+01
1.714599999999999902e+00,1.600398528917094154e+01
1.715100000000000069e+00,1.583236638879156999e+01
1.715300000000000047e+00,1.583744780564961729e+01
1.715500000000000025e+00,1.608620769538651984e+01
1.715899999999999981e+00,1.575571299590831131e+01
1.716099999999999959e+00,1.591734909988588242e+01
1.716399999999999926e+00,1.626615550955398248e+01
1.716800000000000104e+00,1.595834659251954690e+01
1.717100000000000071e+00,1.617583508361508393e+01
1.717700000000000005e+00,1.611840773703977447e+01
1.717899999999999983e+00,1.591945331441627332e+01
1.718199999999999950e+00,1.606707855855620437e+01
1.718699999999999894e+00,1.580305815764290855e+01
1.718900000000000095e+00,1.617391281409948078e+01
1.719300000000000050e+00,1.634980390370503756e+01
1.719500000000000028e+00,1.644156125529764267e+01
1.719700000000000006e+00,1.667021737950642546e+01
1.720199999999999951e+00,1.646609041288536446e+01
1.720399999999999929e+00,1.638087995346950265e+01
1.720599999999999907e+00,1.608935244929784858e+01
1.721100000000000074e+00,1.645207519960490572e+01
1.721400000000000041e+00,1.630751691196383035e+01
1.721899999999999986e+00,1.582910922765358919e+01
1.721999999999999975e+00,1.576722960782433347e+01
1.722299999999999942e+00,1.560059473390208495e+01
1.722900000000000098e+00,1.602836393631002920e+01
1.723100000000000076e+00,1.638292725708993203e+01
1.723400000000000043e+00,1.613327075368101760e+01
1.723799999999999999e+00,1.638548464607902133e+01
1.724099999999999966e+00,1.622812683419954283e+01
1.724499999999999922e+00,1.620126821637029479e+01
1.724699999999999900e+00,1.619426407823232239e+01
1.724900000000000100e+00,1.616848959759579429e+01
1.725300000000000056e+00,1.610278893509814679e+01
1.725700000000000012e+00,1.591634829243207605e+01
1.725999999999999979e+00,1.564156855369424193e+01
1.726199999999999957e+00,1.579894143527496908e+01
1.726399999999999935e+00,1.599332759413891836e+01
1.726900000000000102e+00,1.617945732759926614e+01
1.727100000000000080e+00,1.590833723700916380e+01
1.727600000000000025e+00,1.583131977959283176e+01
1.727800000000000002e+00,1.609513702838114568e+01
1.728099999999999969e+00,1.634573845794432145e+01
1.728299999999999947e+00,1.649798802393206643e+01
1.728799999999999892e+00,1.689181557837741821e+01
1.729000000000000092e+00,1.677343270952508192e+01
1.729500000000000037e+00,1.706174999412462512e+01
1.729700000000000015e+00,1.687164716539916753e+01
1.729899999999999993e+00,1.681223732895352896e+01
1.730299999999999949e+00,1.686738231640288177e+01
1.730499999999999927e+00,1.679707060179669043e+01
1.730799999999999894e+00,1.678066150500330878e+01
1.731000000000000094e+00,1.667140654801482924e+01
1.731400000000000050e+00,1.637563811495954269e+01
1.731899999999999995e+00,1.637124695937836805e+01
1.732099999999999973e+00,1.592026614540714036e+01
1.732299999999999951e+00,1.649402415557574386e+01
1.732799999999999896e+00,1.614538447326856385e+01
1.733000000000000096e+00,1.613090202169189524e+01
1.733300000000000063e+00,1.634500470111049708e+01
1.733500000000000041e+00,1.620912120918671917e+01
1.733999999999999986e+00,1.596604277550454754e+01
1.734199999999999964e+00,1.645629884385959940e+01
1.734699999999999909e+00,1.673652666709585901e+01
1.735000000000000098e+00,1.682793345319487344e+01
1.735500000000000043e+00,1.668089266339234200e+01
1.735600000000000032e+00,1.686260225746320884e+01
1.735899999999999999e+00,1.661991345039939461e+01
1.736499999999999932e+00,1.671597930223617823e+01
1.736699999999999910e+00,1.622381532669101034e+01
1.736900000000000110e+00,1.610850647870290686e+01
1.737400000000000055e+00,1.641869547916041938e+01
1.737700000000000022e+00,1.639625676228524753e+01
1.738099999999999978e+00,1.626589948530806851e+01
1.738299999999999956e+00,1.689251538237078876e+01
1.738699999999999912e+00,1.654780233863289141e+01
1.738899999999999890e+00,1.728315704689919130e+01
1.739500000000000046e+00,1.634004343137326032e+01
1.739800000000000013e+00,1.621319194425393562e+01
1.739999999999999991e+00,1.604334265849047370e+01
1.740299999999999958e+00,1.622342212825230945e+01
1.740799999999999903e+00,1.613762991614237308e+01
1.741000000000000103e+00,1.602161033947106716e+01
1.741300000000000070e+00,1.626410807093043331e+01
1.741800000000000015e+00,1.617356536719034921e+01
1.741999999999999993e+00,1.640005000765552268e+01
1.742299999999999960e+00,1.644944338440586762e+01
1.742699999999999916e+00,1.653442702020277011e+01
1.742899999999999894e+00,1.648618995926017305e+01
1.743100000000000094e+00,1.668952109773294978e+01
1.743600000000000039e+00,1.642668353109252166e+01
1.743800000000000017e+00,1.598331315550979070e+01
1.744299999999999962e+00,1.597915707011406994e+01
1.744599999999999929e+00,1.582343478944051185e+01
1.744799999999999907e+00,1.576781484387038290e+01
1.745300000000000074e+00,1.578320934475300419e+01
1.745500000000000052e+00,1.553609857876745082e+01
1.745800000000000018e+00,1.570844525230086219e+01
1.746299999999999963e+00,1.560268392207763100e+01
1.746499999999999941e+00,1.598866558057227394e+01
1.747100000000000097e+00,1.644911599719648621e+01
1.747400000000000064e+00,1.651435455327271029e+01
1.747800000000000020e+00,1.648420567205130283e+01
1.748099999999999987e+00,1.636624190196027939e+01
1.748499999999999943e+00,1.612236292666068493e+01
1.748799999999999910e+00,1.608213436235666904e+01
1.749100000000000099e+00,1.639544809255573909e+01
1.749400000000000066e+00,1.640921629378681246e+01
1.749900000000000011e+00,1.621852381768178475e+01
1.750099999999999989e+00,1.633982514114359219e+01
1.750399999999999956e+00,1.678705826273392177e+01
1.750699999999999923e+00,1.658472896253942963e+01
1.751200000000000090e+00,1.666087666653913857e+01
1.751300000000000079e+00,1.657133145902946580e+01
1.751600000000000046e+00,1.623341035285807266e+01
1.751900000000000013e+00,1.632229072292625460e+01
1.752099999999999991e+00,1.631986234746818809e+01
1.752399999999999958e+00,1.616870619760697991e+01
1.752599999999999936e+00,1.638443468128218683e+01
1.753100000000000103e+00,1.614451703627469215e+01
1.753400000000000070e+00,1.625210476965605721e+01
1.753600000000000048e+00,1.648686808657930669e+01
1.754099999999999993e+00,1.612741174305233471e+01
1.754399999999999959e+00,1.633258827507302158e+01
1.754599999999999937e+00,1.598296854321995397e+01
1.754999999999999893e+00,1.675100638151252497e+01
1.755100000000000104e+00,1.680006977035395721e+01
1.755200000000000093e+00,1.681684755810795195e+01
1.755700000000000038e+00,1.630031874940220860e+01
1.755800000000000027e+00,1.624795173879738286e+01
1.756000000000000005e+00,1.635955342420550096e+01
1.756299999999999972e+00,1.600742964342464347e+01
1.756499999999999950e+00,1.636162172744207055e+01
1.756999999999999895e+00,1.621761470754643142e+01
1.757100000000000106e+00,1.608529417685815588e+01
1.757200000000000095e+00,1.610988790358680944e+01
1.757500000000000062e+00,1.608620109838466306e+01
1.757600000000000051e+00,1.637873013626744978e+01
1.757700000000000040e+00,1.572431395058993076e+01
1.758000000000000007e+00,1.603988008886642547e+01
1.758499999999999952e+00,1.653823246271042535e+01
1.758699999999999930e+00,1.590356850795501487e+01
1.758999999999999897e+00,1.633706660733707849e+01
1.759500000000000064e+00,1.645171801948526991e+01
1.759600000000000053e+00,1.582773078524678567e+01
1.759800000000000031e+00,1.549517262048448174e+01
1.760199999999999987e+00,1.619535193282013097e+01
1.760399999999999965e+00,1.540919241124095151e+01
1.760599999999999943e+00,1.648051006028174470e+01
1.761100000000000110e+00,1.610724029858920403e+01
1.761200000000000099e+00,1.596052597345453705e+01
1.761500000000000066e+00,1.608713276256401059e+01
1.762000000000000011e+00,1.590817475060180186e+01
1.762199999999999989e+00,1.664228890685899387e+01
1.762399999999999967e+00,1.689398806068061276e+01
1.762799999999999923e+00,1.639050648166755764e+01
1.762899999999999912e+00,1.637953390637949269e+01
1.763200000000000101e+00,1.668202693907096545e+01
1.763700000000000045e+00,1.704809647007277817e+01
1.764000000000000012e+00,1.634176396066925463e+01
1.764199999999999990e+00,1.662763765756983503e+01
1.764499999999999957e+00,1.533580102642645215e+01
1.764699999999999935e+00,1.601521614470959776e+01
1.765099999999999891e+00,1.582587170831368439e+01
1.765200000000000102e+00,1.628969831531333057e+01
1.765400000000000080e+00,1.562888540809638016e+01
1.765900000000000025e+00,1.577758510451030816e+01
1.766100000000000003e+00,1.566195096246599405e+01
1.766199999999999992e+00,1.610663170517750586e+01
1.766399999999999970e+00,1.609191257193299407e+01
1.766799999999999926e+00,1.572965854576409583e+01
1.767200000000000104e+00,1.579062762983096491e+01
1.767700000000000049e+00,1.626427357636009674e+01
1.768299999999999983e+00,1.613382395250994250e+01
1.768799999999999928e+00,1.588537117251053132e+01
1.768999999999999906e+00,1.621983075424475373e+01
1.769300000000000095e+00,1.609832201950894159e+01
1.769700000000000051e+00,1.645442344982461691e+01
1.770000000000000018e+00,1.614867894465351128e+01
1.770100000000000007e+00,1.631405168306071118e+01
1.770299999999999985e+00,1.612408922470672223e+01
1.770399999999999974e+00,1.649832615239245115e+01
1.770599999999999952e+00,1.556358808100719671e+01
1.770799999999999930e+00,1.567860157808991062e+01
1.770899999999999919e+00,1.570425883055258964e+01
1.771400000000000086e+00,1.590513684677659967e+01
1.771500000000000075e+00,1.625374207025470241e+01
1.771600000000000064e+00,1.634514992227684616e+01
1.771800000000000042e+00,1.605950249792215345e+01
1.772100000000000009e+00,1.597349833841985856e+01
1.772299999999999986e+00,1.563813175059556215e+01
1.772499999999999964e+00,1.633103379693829993e+01
1.772699999999999942e+00,1.605928306770715608e+01
1.772799999999999931e+00,1.630360753983313771e+01
1.773099999999999898e+00,1.574478168578525583e+01
1.773300000000000098e+00,1.560514702658042552e+01
1.773500000000000076e+00,1.568331450086134282e+01
1.774100000000000010e+00,1.587294569541995770e+01
1.774199999999999999e+00,1.614773776440358688e+01
1.774599999999999955e+00,1.623582261034346175e+01
1.774899999999999922e+00,1.632894286284192731e+01
1.775099999999999900e+00,1.623466577102669817e+01
1.775500000000000078e+00,1.595316005315669372e+01
1.775600000000000067e+00,1.639827611311545752e+01
1.775700000000000056e+00,1.609587607484274940e+01
1.775900000000000034e+00,1.608833961076732066e+01
1.776100000000000012e+00,1.640600567725118708e+01
1.776299999999999990e+00,1.677543270699629829e+01
1.776599999999999957e+00,1.642822857553971971e+01
1.776699999999999946e+00,1.587025547011148774e+01
1.776799999999999935e+00,1.594936755518892824e+01
1.777300000000000102e+00,1.601582038994524737e+01
1.777400000000000091e+00,1.623761373412776265e+01
1.777500000000000080e+00,1.578414303553972786e+01
1.777600000000000069e+00,1.604647277552726337e+01
1.777800000000000047e+00,1.583220353241551948e+01
1.778299999999999992e+00,1.645184847485370483e+01
1.778499999999999970e+00,1.629432582697052112e+01
1.778599999999999959e+00,1.630864391334125685e+01
1.778899999999999926e+00,1.622774009478575863e+01
1.779199999999999893e+00,1.618647069277380979e+01
1.779400000000000093e+00,1.564258648250176975e+01
1.779700000000000060e+00,1.592474100679100957e+01
1.779900000000000038e+00,1.616155331319589550e+01
1.780200000000000005e+00,1.627663291821227176e+01
1.780699999999999950e+00,1.602102127939394904e+01
1.780999999999999917e+00,1.607872764904345786e+01
1.781400000000000095e+00,1.628850132744094026e+01
1.781600000000000072e+00,1.602747512894609372e+01
1.781800000000000050e+00,1.616430999919998612e+01
1.782000000000000028e+00,1.554257656447919089e+01
1.782200000000000006e+00,1.633952014249666718e+01
1.782399999999999984e+00,1.633063142616242658e+01
1.782699999999999951e+00,1.651145412101550392e+01
1.782999999999999918e+00,1.668035327818176938e+01
1.783199999999999896e+00,1.645057551707918719e+01
1.783300000000000107e+00,1.624427489288791548e+01
1.783700000000000063e+00,1.627210968781901101e+01
1.784100000000000019e+00,1.609896941577994767e+01
1.784200000000000008e+00,1.565071149232369407e+01
1.784299999999999997e+00,1.563743425708582890e+01
1.784499999999999975e+00,1.628280405638429329e+01
1.784599999999999964e+00,1.526853708552982880e+01
1.784999999999999920e+00,1.644304999634437081e+01
1.785199999999999898e+00,1.638468563868480032e+01
1.785500000000000087e+00,1.561465434806973462e+01
1.785700000000000065e+00,1.650014252237315304e+01
1.785800000000000054e+00,1.644739792532084266e+01
1.785900000000000043e+00,1.530971813974531415e+01
1.786299999999999999e+00,1.612729930500199771e+01
1.786499999999999977e+00,1.616185699637526341e+01
1.786599999999999966e+00,1.612837471120383270e+01
1.786899999999999933e+00,1.656247353165622371e+01
1.786999999999999922e+00,1.600290923357772499e+01
1.787199999999999900e+00,1.563147586544971546e+01
1.787300000000000111e+00,1.566046955880449332e+01
1.787700000000000067e+00,1.600751371973967707e+01
1.788200000000000012e+00,1.615723937923883113e+01
1.788300000000000001e+00,1.584958323076159559e+01
1.788399999999999990e+00,1.587711691889626309e+01
1.788799999999999946e+00,1.588427084371380715e+01
1.788899999999999935e+00,1.642003672748955978e+01
1.789099999999999913e+00,1.566410761017584719e+01
1.789700000000000069e+00,1.561955577584171806e+01
1.789800000000000058e+00,1.640680070952726055e+01
1.790000000000000036e+00,1.565822098702460607e+01
1.790200000000000014e+00,1.591055319339193375e+01
1.790699999999999958e+00,1.547486515212801805e+01
1.790799999999999947e+00,1.626840465139184744e+01
1.790899999999999936e+00,1.591690285768163449e+01
1.791099999999999914e+00,1.567251000800069960e+01
1.791500000000000092e+00,1.572159767185007695e+01
1.791800000000000059e+00,1.670231906070000605e+01
1.792000000000000037e+00,1.567268236493987388e+01
1.792200000000000015e+00,1.537609187611622019e+01
1.792799999999999949e+00,1.570563770138176096e+01
1.792899999999999938e+00,1.635553966843610851e+01
1.793099999999999916e+00,1.586205509849401096e+01
1.793500000000000094e+00,1.544778537441743538e+01
1.793600000000000083e+00,1.556121727201571048e+01
1.793700000000000072e+00,1.571202425553212834e+01
1.794000000000000039e+00,1.572237176778537560e+01
1.794300000000000006e+00,1.569004667887747928e+01
1.794499999999999984e+00,1.616937212865627771e+01
1.794699999999999962e+00,1.619150763070877019e+01
1.794799999999999951e+00,1.594362585309124825e+01
1.794899999999999940e+00,1.610265618906021245e+01
1.795099999999999918e+00,1.611983384111022133e+01
1.795299999999999896e+00,1.561494657939374520e+01
1.795800000000000063e+00,1.633704011841462034e+01
1.796699999999999964e+00,1.579953002256684158e+01
1.798100000000000032e+00,1.544019486530157792e+01
1.798200000000000021e+00,1.595015913334339075e+01
1.798999999999999932e+00,1.631579262608318004e+01
1.799700000000000077e+00,1.650283932460945380e+01
1.799800000000000066e+00,1.602750059757477175e+01
1.800999999999999934e+00,1.557187987805684770e+01
1.801199999999999912e+00,1.573554500460863892e+01
1.801600000000000090e+00,1.554242169428050602e+01
1.802799999999999958e+00,1.558305303694669419e+01
1.803399999999999892e+00,1.661341212555589664e+01
1.804000000000000048e+00,1.628784390731289022e+01
1.804599999999999982e+00,1.632146401780994438e+01
1.806300000000000017e+00,1.628988355950241385e+01
1.807299999999999907e+00,1.547713774509600171e+01
1.808300000000000018e+00,1.600381408280975393e+01
1.810200000000000031e+00,1.536947359345208497e+01
1.810999999999999943e+00,1.671344676680678276e+01
1.811199999999999921e+00,1.584546098031444217e+01
1.812100000000000044e+00,1.581754021708957225e+01
1.812899999999999956e+00,1.608491435268967962e+01
1.813199999999999923e+00,1.545314055149469823e+01
1.814699999999999980e+00,1.598341632194512840e+01
1.814899999999999958e+00,1.664474108960291687e+01
1.815499999999999892e+00,1.679475393934365002e+01
1.816300000000000026e+00,1.614066967403198305e+01
1.817900000000000071e+00,1.591614207150337279e+01
1.818599999999999994e+00,1.636960894021490276e+01
1.818699999999999983e+00,1.657627363557037370e+01
1.819299999999999917e+00,1.637862806050509334e+01
1.819499999999999895e+00,1.571422800765242300e+01
1.820799999999999974e+00,1.669923219602515019e+01
1.821600000000000108e+00,1.610870113503983703e+01
1.822699999999999987e+00,1.600258625870287688e+01
1.823199999999999932e+00,1.612896364116386394e+01
1.824000000000000066e+00,1.593198724457181470e+01
1.824799999999999978e+00,1.608953040367646281e+01
1.825800000000000090e+00,1.648519411830807258e+01
1.826500000000000012e+00,1.635793230780234353e+01
1.826600000000000001e+00,1.633518061393294829e+01
1.827299999999999924e+00,1.598537970588131429e+01
1.828100000000000058e+00,1.590658034400166798e+01
1.829499999999999904e+00,1.605639348521958709e+01
1.830100000000000060e+00,1.637125790207051068e+01
1.830500000000000016e+00,1.651211998812561887e+01
1.830699999999999994e+00,1.592244943153298209e+01
1.832000000000000073e+00,1.617551921203653365e+01
1.832600000000000007e+00,1.649916449055149315e+01
1.833299999999999930e+00,1.659513949974245861e+01
1.834600000000000009e+00,1.620766593521011600e+01
1.834699999999999998e+00,1.672085082722139759e+01
1.834799999999999986e+00,1.626210739702162300e+01
1.834999999999999964e+00,1.611869120222468155e+01
1.835099999999999953e+00,1.639887264782578313e+01
1.835199999999999942e+00,1.581065097194789359e+01
1.835299999999999931e+00,1.613028963684007522e+01
1.835399999999999920e+00,1.596134782288163478e+01
1.835700000000000109e+00,1.558261610209547143e+01
1.836100000000000065e+00,1.636045851128676532e+01
1.836300000000000043e+00,1.576389108940736605e+01
1.836600000000000010e+00,1.611574670534434972e+01
1.836699999999999999e+00,1.564641731596805130e+01
1.836899999999999977e+00,1.585461862632007524e+01
1.836999999999999966e+00,1.581351107483544638e+01
1.837199999999999944e+00,1.569351248051884795e+01
1.837299999999999933e+00,1.605993388169326863e+01
1.837900000000000089e+00,1.609511697695791099e+01
1.838400000000000034e+00,1.571610598802863024e+01
1.838600000000000012e+00,1.592394281544170553e+01
1.838799999999999990e+00,1.604559197538117132e+01
1.838999999999999968e+00,1.635602866098679442e+01
1.839299999999999935e+00,1.611422015030689181e+01
1.839499999999999913e+00,1.602748678468014987e+01
1.839599999999999902e+00,1.577470424808836924e+01
1.839699999999999891e+00,1.611515840294725876e+01
1.840000000000000080e+00,1.633961063871981878e+01
1.840600000000000014e+00,1.610026531800781413e+01
1.841099999999999959e+00,1.626110212294884150e+01
1.841599999999999904e+00,1.567323378968148972e+01
1.841699999999999893e+00,1.624119425499986846e+01
1.842100000000000071e+00,1.620213436712276689e+01
1.842500000000000027e+00,1.630379048728241287e+01
1.842700000000000005e+00,1.609756798661214816e+01
1.843099999999999961e+00,1.606578253390262034e+01
1.843299999999999939e+00,1.525092181012598758e+01
1.843399999999999928e+00,1.623201532946382031e+01
1.843599999999999905e+00,1.605884553756698097e+01
1.844100000000000072e+00,1.592388221108615198e+01
1.844600000000000017e+00,1.593683685637643066e+01
1.844999999999999973e+00,1.614134452903090278e+01
1.845399999999999929e+00,1.531787773901567107e+01
1.845599999999999907e+00,1.613546291227862639e+01
1.845900000000000096e+00,1.581873011507650517e+01
1.846000000000000085e+00,1.583166250816134379e+01
1.846100000000000074e+00,1.601636679859768719e+01
1.846200000000000063e+00,1.588483120170997154e+01
1.846300000000000052e+00,1.579390577583194499e+01
1.846500000000000030e+00,1.625033364596083629e+01
1.846600000000000019e+00,1.630305999514303039e+01
1.846700000000000008e+00,1.600428680015988903e+01
1.846799999999999997e+00,1.633010926560507414e+01
1.846899999999999986e+00,1.593823413330574112e+01
1.846999999999999975e+00,1.600548782874000153e+01
1.847099999999999964e+00,1.612903224647391198e+01
1.847199999999999953e+00,1.606846125320282681e+01
1.847399999999999931e+00,1.584873225994783752e+01
1.847499999999999920e+00,1.597173340813913001e+01
1.847699999999999898e+00,1.613468079738242977e+01
1.847900000000000098e+00,1.597352040990404021e+01
1.848000000000000087e+00,1.574669387998244474e+01
1.848100000000000076e+00,1.585917009596198568e+01
1.848200000000000065e+00,1.571821024231940100e+01
1.848300000000000054e+00,1.577654336118052925e+01
1.848400000000000043e+00,1.596287717757229530e+01
1.848500000000000032e+00,1.565629011261182768e+01
1.848600000000000021e+00,1.534950373167623638e+01
1.848700000000000010e+00,1.591533125809235116e+01
1.848799999999999999e+00,1.622466733023156849e+01
1.848999999999999977e+00,1.635471790788119506e+01
1.849099999999999966e+00,1.609090449903726494e+01
1.849199999999999955e+00,1.555332499576172722e+01
1.849299999999999944e+00,1.605045560963060325e+01
1.849499999999999922e+00,1.591980852269500701e+01
1.849699999999999900e+00,1.632188829686310783e+01
1.849800000000000111e+00,1.586585143126910680e+01
1.849900000000000100e+00,1.570200426394512760e+01
1.850000000000000089e+00,1.622728011423839689e+01
1.850200000000000067e+00,1.584956319477066700e+01
1.850300000000000056e+00,1.629536846000564765e+01
1.850400000000000045e+00,1.623873183568764489e+01
1.850500000000000034e+00,1.643358099417582707e+01
1.850600000000000023e+00,1.601788175388867330e+01
1.850700000000000012e+00,1.621066123982348017e+01
1.850800000000000001e+00,1.568839827394435815e+01
1.850899999999999990e+00,1.586022734373682397e+01
1.851099999999999968e+00,1.598249267441360644e+01
1.851199999999999957e+00,1.598175212719081628e+01
1.851299999999999946e+00,1.555246112378040380e+01
1.851399999999999935e+00,1.619533920422577467e+01
1.851599999999999913e+00,1.524444346559448604e+01
1.851799999999999891e+00,1.576129599055695962e+01
1.851900000000000102e+00,1.570341066676076025e+01
1.852000000000000091e+00,1.607896334211204703e+01
1.852400000000000047e+00,1.668122984817182441e+01
1.852600000000000025e+00,1.581894796540677817e+01
1.852700000000000014e+00,1.594863607462991695e+01
1.852800000000000002e+00,1.601267545033363149e+01
1.852899999999999991e+00,1.576608872319582133e+01
1.852999999999999980e+00,1.638327687064133897e+01
1.853199999999999958e+00,1.556038809005849544e+01
1.853299999999999947e+00,1.567654866831594518e+01
1.853399999999999936e+00,1.564887065821505985e+01
1.853599999999999914e+00,1.640558881546587600e+01
1.853699999999999903e+00,1.542458959523503381e+01
1.853900000000000103e+00,1.563783196496285655e+01
1.854100000000000081e+00,1.572091156177907578e+01
1.854200000000000070e+00,1.599691182392552946e+01
1.854300000000000059e+00,1.525106049864689339e+01
1.854400000000000048e+00,1.610419294418306890e+01
1.854500000000000037e+00,1.550177072827432312e+01
1.854600000000000026e+00,1.593629687487191404e+01
1.854700000000000015e+00,1.621941784527814434e+01
1.854800000000000004e+00,1.564020903166726839e+01
1.854899999999999993e+00,1.666136148247721849e+01
1.854999999999999982e+00,1.634349287881116197e+01
1.855099999999999971e+00,1.624229504085724329e+01
1.855199999999999960e+00,1.640201308494431487e+01
1.855299999999999949e+00,1.642291746193575364e+01
1.855399999999999938e+00,1.543744063535064015e+01
1.855499999999999927e+00,1.566051342788227885e+01
1.855599999999999916e+00,1.561735804162287877e+01
1.855699999999999905e+00,1.597747727055991618e+01
1.855799999999999894e+00,1.588567209452037332e+01
1.855900000000000105e+00,1.660915085372550948e+01
1.856000000000000094e+00,1.623541767565893679e+01
1.856100000000000083e+00,1.616090761598081826e+01
1.856200000000000072e+00,1.619675234553233167e+01
1.856300000000000061e+00,1.612484668341687666e+01
1.856400000000000050e+00,1.602015694371721111e+01
1.856500000000000039e+00,1.583065439255278761e+01
1.856600000000000028e+00,1.545578099446674969e+01
1.856700000000000017e+00,1.606976339518860186e+01
1.856800000000000006e+00,1.604513293136290031e+01
1.856899999999999995e+00,1.564002726090905071e+01
1.856999999999999984e+00,1.584056584521033528e+01
1.857099999999999973e+00,1.569762113933234104e+01
1.857199999999999962e+00,1.532420804686967131e+01
1.857299999999999951e+00,1.569186839306632919e+01
1.857399999999999940e+00,1.538526708347785643e+01
1.857499999999999929e+00,1.577939776021935359e+01
1.857599999999999918e+00,1.560356437542827734e+01
1.857699999999999907e+00,1.642827358174747587e+01
1.857900000000000107e+00,1.574910984736368391e+01
1.858000000000000096e+00,1.608867146307386520e+01
1.858100000000000085e+00,1.615013666287040905e+01
1.858200000000000074e+00,1.607886051346952172e+01
1.858300000000000063e+00,1.584114888212400274e+01
1.858400000000000052e+00,1.604066283320423736e+01
1.858500000000000041e+00,1.603383514355243733e+01
1.858600000000000030e+00,1.592722807009101871e+01
1.858700000000000019e+00,1.598633104278678729e+01
1.858800000000000008e+00,1.583639477633323622e+01
1.858899999999999997e+00,1.579697502587180225e+01
1.858999999999999986e+00,1.604135171097038892e+01
1.859099999999999975e+00,1.624985974271351097e+01
1.859199999999999964e+00,1.599864490605011724e+01
1.859299999999999953e+00,1.579055858008678115e+01
1.859399999999999942e+00,1.627686447034409412e+01
1.859599999999999920e+00,1.609491040596935818e+01
1.859799999999999898e+00,1.596444681601235516e+01
1.859900000000000109e+00,1.588975844966307704e+01
1.860100000000000087e+00,1.567136455373383797e+01
1.860200000000000076e+00,1.626701424855252753e+01
1.860300000000000065e+00,1.637534871741434017e+01
1.860400000000000054e+00,1.539734675694774069e+01
1.860500000000000043e+00,1.578663564607518310e+01
1.860600000000000032e+00,1.536456217550085057e+01
1.860700000000000021e+00,1.638256637040103669e+01
1.860800000000000010e+00,1.559841647765369999e+01
1.860899999999999999e+00,1.589473712253959548e+01
1.860999999999999988e+00,1.616515539899421583e+01
1.861099999999999977e+00,1.562269029651611163e+01
1.861299999999999955e+00,1.623975571150447195e+01
1.861399999999999944e+00,1.609757448338450558e+01
1.861499999999999932e+00,1.583831598456720258e+01
1.861599999999999921e+00,1.576978881703553270e+01
1.861699999999999910e+00,1.593241900600150984e+01
1.862200000000000077e+00,1.584941583350916972e+01
1.862600000000000033e+00,1.536654078278320412e+01
1.862999999999999989e+00,1.621053266915384938e+01
1.863399999999999945e+00,1.597367969134734267e+01
1.863699999999999912e+00,1.565783750348839476e+01
1.863899999999999890e+00,1.552776281512012702e+01
1.864999999999999991e+00,1.532383685481067914e+01
1.865499999999999936e+00,1.536645042894679136e+01
1.866000000000000103e+00,1.564982138050368121e+01
1.866200000000000081e+00,1.585394201546898785e+01
1.867499999999999938e+00,1.592944362596153951e+01
1.867799999999999905e+00,1.548693205008532914e+01
1.868300000000000072e+00,1.585431497620186292e+01
1.869399999999999951e+00,1.605612974441362439e+01
1.869599999999999929e+00,1.614568201145470994e+01
1.870000000000000107e+00,1.566995653896162821e+01
1.870100000000000096e+00,1.563367320044631015e+01
1.870900000000000007e+00,1.588677314241510885e+01
1.871899999999999897e+00,1.588734511782752179e+01
1.872000000000000108e+00,1.610362825572246948e+01
1.872800000000000020e+00,1.599625298644525628e+01
1.872900000000000009e+00,1.572958948964253523e+01
1.873299999999999965e+00,1.531344407479912206e+01
1.874400000000000066e+00,1.624148480949861550e+01
1.875199999999999978e+00,1.603208259141990766e+01
1.875899999999999901e+00,1.638874427607152029e+01
1.876300000000000079e+00,1.633217996462371957e+01
1.876400000000000068e+00,1.590693390678154628e+01
1.876500000000000057e+00,1.550470496618061134e+01
1.878100000000000103e+00,1.649861444597354421e+01
1.878300000000000081e+00,1.653036668481365723e+01
1.879000000000000004e+00,1.624926940963769084e+01
1.879699999999999926e+00,1.644290171523391564e+01
1.880300000000000082e+00,1.611402912264270526e+01
1.880400000000000071e+00,1.604630258456631964e+01
1.881299999999999972e+00,1.612805727426223257e+01
1.881699999999999928e+00,1.584423440315254084e+01
1.882200000000000095e+00,1.616412921240487321e+01
1.883000000000000007e+00,1.644357295489351145e+01
1.883099999999999996e+00,1.627953600829994230e+01
1.883199999999999985e+00,1.581839069024886157e+01
1.883599999999999941e+00,1.690802817386031620e+01
1.884200000000000097e+00,1.649105683465779748e+01
1.884500000000000064e+00,1.616217084272648208e+01
1.884600000000000053e+00,1.649543389289806328e+01
1.885999999999999899e+00,1.515131392957732714e+01
1.886100000000000110e+00,1.590215790946865582e+01
1.887699999999999934e+00,1.613269183811485163e+01
1.889199999999999990e+00,1.537462847148481160e+01
1.889299999999999979e+00,1.590704150225371905e+01
1.892400000000000082e+00,1.516014002957729190e+01
1.892700000000000049e+00,1.584215851953831589e+01
1.894400000000000084e+00,1.615829001058921222e+01
1.896099999999999897e+00,1.619005557080822655e+01
1.899000000000000021e+00,1.550535903048171349e+01
1.899799999999999933e+00,1.584733044248014266e+01
1.901699999999999946e+00,1.563708620417753536e+01
1.902300000000000102e+00,1.558097021119101555e+01
1.905599999999999961e+00,1.571841766473596635e+01
1.905699999999999950e+00,1.590390235538131947e+01
1.907799999999999940e+00,1.599204324470929350e+01
1.908900000000000041e+00,1.571035718212760912e+01
1.909899999999999931e+00,1.592598001626492987e+01
1.912099999999999911e+00,1.599957595684543321e+01
1.914299999999999891e+00,1.610082159527485146e+01
1.915799999999999947e+00,1.563510337764262204e+01
1.916700000000000070e+00,1.593896964593614030e+01
1.918900000000000050e+00,1.572795654564720280e+01
1.919200000000000017e+00,1.529912294592236321e+01
1.921300000000000008e+00,1.590472432161197958e+01
1.923599999999999977e+00,1.600081112048292198e+01
1.925999999999999934e+00,1.532965490776462048e+01
1.928299999999999903e+00,1.592993480506015658e+01
1.929400000000000004e+00,1.564317039955619748e+01
1.930900000000000061e+00,1.515002950303482976e+01
1.932700000000000085e+00,1.559745339237224471e+01
1.933300000000000018e+00,1.531392543406093409e+01
1.937699999999999978e+00,1.543538351261281605e+01
1.938399999999999901e+00,1.504638251849462449e+01
1.939300000000000024e+00,1.596509182673560190e+01
1.941000000000000059e+00,1.496306413448155581e+01
1.942900000000000071e+00,1.609054524653197404e+01
1.943699999999999983e+00,1.544478854867497830e+01
1.946299999999999919e+00,1.510476007374188612e+01
1.946399999999999908e+00,1.595281076078117621e+01
1.951699999999999990e+00,1.516550236819023212e+01
1.953400000000000025e+00,1.559104154812121124e+01
1.954499999999999904e+00,1.551685519631234911e+01
1.957100000000000062e+00,1.567298175816711137e+01
1.957300000000000040e+00,1.540403872523540940e+01
1.959999999999999964e+00,1.523661154386115868e+01
1.960599999999999898e+00,1.568061387464649670e+01
1.962499999999999911e+00,1.535440227434344251e+01
1.965600000000000014e+00,1.531870304176266018e+01
1.967899999999999983e+00,1.560940556093885334e+01
1.968399999999999928e+00,1.561386186383992936e+01
1.971200000000000063e+00,1.578326159782056948e+01
1.971400000000000041e+00,1.582461938329345230e+01
1.973999999999999977e+00,1.574134089071787912e+01
1.974900000000000100e+00,1.583338947228901361e+01
1.979700000000000015e+00,1.559466743296513869e+01
1.982099999999999973e+00,1.559261159290042542e+01
1.982599999999999918e+00,1.575864107552752102e+01
1.985500000000000043e+00,1.579523424459989656e+01
1.985700000000000021e+00,1.544727432601507644e+01
1.988399999999999945e+00,1.584890963854422807e+01
1.989200000000000079e+00,1.530678007165727195e+01
1.994099999999999984e+00,1.624186165816638550e+01
1.996399999999999952e+00,1.608430349095601741e+01
1.997000000000000108e+00,1.635676967029030493e+01
1.999800000000000022e+00,1.598164026005110827e+01
2.000000000000000000e+00,1.592535385466464959e+01
2.002600000000000158e+00,1.554094726179346253e+01
2.005700000000000038e+00,1.552630621643220366e+01
2.007299999999999862e+00,1.545843724725489210e+01
2.008100000000000218e+00,1.549666126303168312e+01
2.010899999999999910e+00,1.532844071498732319e+01
2.013599999999999834e+00,1.600388620274293316e+01
2.014499999999999957e+00,1.589787375086314114e+01
2.019000000000000128e+00,1.594834341494083674e+01
2.021700000000000053e+00,1.563683325525096279e+01
2.022299999999999986e+00,1.608998515706639409e+01
2.024300000000000210e+00,1.586143819726351012e+01
2.026199999999999779e+00,1.559467664937733389e+01
2.026899999999999924e+00,1.628122852479100402e+01
2.030299999999999994e+00,1.568399527284793749e+01
2.032099999999999795e+00,1.594244024176600760e+01
2.034699999999999953e+00,1.603229629756572194e+01
2.036999999999999922e+00,1.577077708706167414e+01
2.037300000000000111e+00,1.595040488720417216e+01
2.038600000000000190e+00,1.542430388229092841e+01
2.039800000000000058e+00,1.606531907865689845e+01
2.043000000000000149e+00,1.551770447041894840e+01
2.044799999999999951e+00,1.612295720185102255e+01
2.047099999999999920e+00,1.556118068733428572e+01
2.049500000000000099e+00,1.547850418870871181e+01
2.051800000000000068e+00,1.575338937662957051e+01
2.052200000000000024e+00,1.529801693433637411e+01
2.056299999999999795e+00,1.608894424426250680e+01
2.056599999999999984e+00,1.596361786470470179e+01
2.058499999999999996e+00,1.587194755207804064e+01
2.059099999999999930e+00,1.543846835762622050e+01
2.059200000000000141e+00,1.556593948523584459e+01
2.059299999999999908e+00,1.566171970081813924e+01
2.059400000000000119e+00,1.551274782827135823e+01
2.059499999999999886e+00,1.538925497928619279e+01
2.059600000000000097e+00,1.599224018734537367e+01
2.059699999999999864e+00,1.547878102284960278e+01
2.059800000000000075e+00,1.574980493521798053e+01
2.060000000000000053e+00,1.567340784586224345e+01
2.060099999999999820e+00,1.597576495777695982e+01
2.060299999999999798e+00,1.614857658784728756e+01
2.060500000000000220e+00,1.618149317320421687e+01
2.060599999999999987e+00,1.627856402342047204e+01
2.060900000000000176e+00,1.597907168185781757e+01
2.060999999999999943e+00,1.565641263706811515e+01
2.061100000000000154e+00,1.554612469361893545e+01
2.061300000000000132e+00,1.607604628235048949e+01
2.061799999999999855e+00,1.584475496588470378e+01
2.062100000000000044e+00,1.597676276640072501e+01
2.062600000000000211e+00,1.581932660778238642e+01
2.062699999999999978e+00,1.522505098981559968e+01
2.063000000000000167e+00,1.510999224214197056e+01
2.063299999999999912e+00,1.438571528306226810e+01
2.064000000000000057e+00,1.450910791227875052e+01
2.064400000000000013e+00,1.462978678417073297e+01
2.064700000000000202e+00,1.471100761356365183e+01
2.065500000000000114e+00,1.524078355327867484e+01
2.065900000000000070e+00,1.553564914320656953e+01
2.066300000000000026e+00,1.576787099898297129e+01
2.066600000000000215e+00,1.574456348178841836e+01
2.067099999999999937e+00,1.633715148346345813e+01
2.067499999999999893e+00,1.610225234802817340e+01
2.068000000000000060e+00,1.595828354346383549e+01
2.068299999999999805e+00,1.608756441167645335e+01
2.068499999999999783e+00,1.555966682215921537e+01
2.068599999999999994e+00,1.588269494819053307e+01
2.069500000000000117e+00,1.533870383363046130e+01
2.069599999999999884e+00,1.584967467343983571e+01
2.069999999999999840e+00,1.522102850349324399e+01
2.070500000000000007e+00,1.620447217266678308e+01
2.071000000000000174e+00,1.553484394139240976e+01
2.071600000000000108e+00,1.549633568235663006e+01
2.072200000000000042e+00,1.508964277946267885e+01
2.073199999999999932e+00,1.552020951639599389e+01
2.073599999999999888e+00,1.555298685009586279e+01
2.073799999999999866e+00,1.600279067700409996e+01
2.074199999999999822e+00,1.597081096951717427e+01
2.075099999999999945e+00,1.630112131400426279e+01
2.075600000000000112e+00,1.628453422801396755e+01
2.076000000000000068e+00,1.571218081329902816e+01
2.076700000000000212e+00,1.562778574526066677e+01
2.077100000000000168e+00,1.504078476402185061e+01
2.077399999999999913e+00,1.601449320290635114e+01
2.077799999999999869e+00,1.586438122656568339e+01
2.077999999999999847e+00,1.554501023970033202e+01
2.079299999999999926e+00,1.553558077970365048e+01
2.079400000000000137e+00,1.587539219627262810e+01
2.079899999999999860e+00,1.626262068503058345e+01
2.080000000000000071e+00,1.533364476764404571e+01
2.080600000000000005e+00,1.550642139039086942e+01
2.081900000000000084e+00,1.562804820794474381e+01
2.082500000000000018e+00,1.549871768195441746e+01
2.083099999999999952e+00,1.588044789659420530e+01
2.084099999999999842e+00,1.572309722411205257e+01
2.084499999999999797e+00,1.566007845501769680e+01
2.085100000000000176e+00,1.584346862435245384e+01
2.085599999999999898e+00,1.578596584684760273e+01
2.085799999999999876e+00,1.546463526033096514e+01
2.085999999999999854e+00,1.609333695620239268e+01
2.086399999999999810e+00,1.514067002549609242e+01
2.087099999999999955e+00,1.578496489510712308e+01
2.087299999999999933e+00,1.525353629033600100e+01
2.087699999999999889e+00,1.506908626849588018e+01
2.088299999999999823e+00,1.513765260951140590e+01
2.089100000000000179e+00,1.552435664653057756e+01
2.089700000000000113e+00,1.571473571354783871e+01
2.090899999999999981e+00,1.602681002297856594e+01
2.091099999999999959e+00,1.538420573628366128e+01
2.091499999999999915e+00,1.609273964639226051e+01
2.092200000000000060e+00,1.604570761919842425e+01
2.092400000000000038e+00,1.545944590335000157e+01
2.092900000000000205e+00,1.611311902999329959e+01
2.094199999999999839e+00,1.621108527155001866e+01
2.094800000000000217e+00,1.629323248792718459e+01
2.095499999999999918e+00,1.634339281303209646e+01
2.095899999999999874e+00,1.594276047731761992e+01
2.096200000000000063e+00,1.597177695472612413e+01
2.096999999999999975e+00,1.611903784093522063e+01
2.097399999999999931e+00,1.531207283891910720e+01
2.097999999999999865e+00,1.570039277882426632e+01
2.098700000000000010e+00,1.582899369197127726e+01
2.099200000000000177e+00,1.582837970876164491e+01
2.100099999999999856e+00,1.543771405668678653e+01
2.100499999999999812e+00,1.566881205440915892e+01
2.100999999999999979e+00,1.508928517976335115e+01
2.101100000000000190e+00,1.520318501075871609e+01
2.101599999999999913e+00,1.498900624287693972e+01
2.102199999999999847e+00,1.528603157441466465e+01
2.102700000000000014e+00,1.518631320415761365e+01
2.103299999999999947e+00,1.550333731792579783e+01
2.103400000000000158e+00,1.509439640473590316e+01
2.103899999999999881e+00,1.599784481268204672e+01
2.104200000000000070e+00,1.546567458027629982e+01
2.104499999999999815e+00,1.622030108304477380e+01
2.104800000000000004e+00,1.617533282166868958e+01
2.105500000000000149e+00,1.567637516667718955e+01
2.105799999999999894e+00,1.628827511491010682e+01
2.106100000000000083e+00,1.602525743149374193e+01
2.106599999999999806e+00,1.559360371131867851e+01
2.107200000000000184e+00,1.520197719679367765e+01
2.107299999999999951e+00,1.553000621915543888e+01
2.107699999999999907e+00,1.541136698355637691e+01
2.108000000000000096e+00,1.544668091947141875e+01
2.108099999999999863e+00,1.518780610967871780e+01
2.108299999999999841e+00,1.532049425631271333e+01
2.108400000000000052e+00,1.533858145624708413e+01
2.108800000000000008e+00,1.542300687858823949e+01
2.108999999999999986e+00,1.526241555396268268e+01
2.109100000000000197e+00,1.583927493661667540e+01
2.109300000000000175e+00,1.531502136916958534e+01
2.109500000000000153e+00,1.519317379005713065e+01
2.109599999999999920e+00,1.532307716985201296e+01
2.109799999999999898e+00,1.527376750182088472e+01
2.109999999999999876e+00,1.513643783358793371e+01
2.110100000000000087e+00,1.524950932406045467e+01
2.110300000000000065e+00,1.523866770146378258e+01
2.110399999999999832e+00,1.540645010739922327e+01
2.110599999999999810e+00,1.517368593549088018e+01
2.110700000000000021e+00,1.517094153898369768e+01
