# T (K), dc/c (x 1e-5)
1.699799999999999978e+00,-1.758594641110278189e+00
1.699300000000000033e+00,-1.754346102455575540e+00
1.699000000000000066e+00,-1.728069713065258250e+00
1.698600000000000110e+00,-1.802385371484013676e+00
1.697899999999999965e+00,-1.884791615539213483e+00
1.697599999999999998e+00,-1.911037892625352841e+00
1.696900000000000075e+00,-1.989820792438895314e+00
1.696499999999999897e+00,-2.117199141578873789e+00
1.695899999999999963e+00,-2.132218627312817638e+00
1.695599999999999996e+00,-2.065674892224173220e+00
1.695200000000000040e+00,-2.011776880341750839e+00
1.694600000000000106e+00,-1.919619813780179651e+00
1.694199999999999928e+00,-1.832910188668615437e+00
1.693500000000000005e+00,-1.773321476693581644e+00
1.693200000000000038e+00,-1.756227403563251244e+00
1.692600000000000104e+00,-1.708997077970592304e+00
1.692299999999999915e+00,-1.723911027296104681e+00
1.691899999999999959e+00,-1.699298879737493051e+00
1.691200000000000037e+00,-1.689762321390731126e+00
1.690900000000000070e+00,-1.700091921517654647e+00
1.690499999999999892e+00,-1.729471537378068691e+00
1.689799999999999969e+00,-1.728876373804852262e+00
1.689500000000000002e+00,-1.776760981396022121e+00
1.689200000000000035e+00,-1.787585460689133710e+00
1.688700000000000090e+00,-1.791446660733067686e+00
1.688299999999999912e+00,-1.764401063560350202e+00
1.687999999999999945e+00,-1.736248564956355489e+00
1.687400000000000011e+00,-1.713692526762525370e+00
1.687100000000000044e+00,-1.740176580592931010e+00
1.686800000000000077e+00,-1.728929648069921443e+00
1.686099999999999932e+00,-1.807462184959321538e+00
1.685799999999999965e+00,-1.896320939032691610e+00
1.685499999999999998e+00,-1.905096562511698899e+00
1.684900000000000064e+00,-1.893288151749231041e+00
1.684600000000000097e+00,-1.922535346563502889e+00
1.684199999999999919e+00,-1.924533448429480043e+00
1.683599999999999985e+00,-1.905913411489670750e+00
1.683200000000000029e+00,-1.944369803240156402e+00
1.682900000000000063e+00,-1.984009334720302054e+00
1.682299999999999907e+00,-1.994507274797538532e+00
1.681999999999999940e+00,-2.018483000982632003e+00
1.681599999999999984e+00,-2.027422138199535873e+00
1.680900000000000061e+00,-1.891222215951795960e+00
1.680600000000000094e+00,-1.776000170742864093e+00
1.680299999999999905e+00,-1.711954406393781269e+00
1.679599999999999982e+00,-1.692445007151766267e+00
1.679200000000000026e+00,-1.659896664754773266e+00
1.678900000000000059e+00,-1.727811469129023170e+00
1.678299999999999903e+00,-1.842598426050820359e+00
1.677899999999999947e+00,-1.940197051707031939e+00
1.677499999999999991e+00,-2.003622176687327894e+00
1.676900000000000057e+00,-2.084451221559882494e+00
1.676500000000000101e+00,-2.086359038494800533e+00
1.676299999999999901e+00,-2.053565785484351647e+00
1.675599999999999978e+00,-2.006823004407492839e+00
1.675300000000000011e+00,-1.979372068301385568e+00
1.675000000000000044e+00,-1.915151585689112146e+00
1.674299999999999899e+00,-1.858729787762580798e+00
1.673999999999999932e+00,-1.788073121356190009e+00
1.673699999999999966e+00,-1.708581791351401646e+00
1.673100000000000032e+00,-1.624697223648746691e+00
1.672700000000000076e+00,-1.623485839473623349e+00
1.672400000000000109e+00,-1.688992468439828976e+00
1.671799999999999953e+00,-1.777024848449507255e+00
1.671499999999999986e+00,-1.882703817224495868e+00
1.671200000000000019e+00,-1.984958820618956565e+00
1.670500000000000096e+00,-2.007414981712030144e+00
1.670199999999999907e+00,-2.073165419841788371e+00
1.669799999999999951e+00,-2.078058534873555629e+00
1.669100000000000028e+00,-2.054627210430828743e+00
1.668800000000000061e+00,-1.953696289138037612e+00
1.668099999999999916e+00,-1.923463941695402468e+00
1.667799999999999949e+00,-1.825230548264528130e+00
1.667200000000000015e+00,-1.831853459913352022e+00
1.666800000000000059e+00,-1.850589512897640621e+00
1.666099999999999914e+00,-1.883201306192988644e+00
1.665799999999999947e+00,-1.904774256741015082e+00
1.665399999999999991e+00,-2.007199351540950527e+00
1.664800000000000058e+00,-1.943377708255866976e+00
1.664400000000000102e+00,-1.907487566152540781e+00
1.664199999999999902e+00,-1.913339795212645633e+00
1.663499999999999979e+00,-1.809769807268602149e+00
1.663100000000000023e+00,-1.643564223198709540e+00
1.662400000000000100e+00,-1.686758412919112216e+00
1.662099999999999911e+00,-1.744162533047627583e+00
1.661799999999999944e+00,-1.754849772456212875e+00
1.661100000000000021e+00,-1.838228915908013406e+00
1.660800000000000054e+00,-1.927721431360732263e+00
1.660600000000000076e+00,-1.928650701073092222e+00
1.659899999999999931e+00,-1.821300283872326453e+00
1.659599999999999964e+00,-1.824428752644768892e+00
1.659299999999999997e+00,-1.797839743437682047e+00
1.658700000000000063e+00,-1.797776248433704982e+00
1.658400000000000096e+00,-1.766820198595628222e+00
1.657699999999999951e+00,-1.762899861730976570e+00
1.657399999999999984e+00,-1.729953178645007750e+00
1.656800000000000050e+00,-1.851409760046940356e+00
1.656400000000000095e+00,-1.946010493349692227e+00
1.656099999999999905e+00,-2.019762568928329394e+00
1.655499999999999972e+00,-2.093595448140820103e+00
1.655100000000000016e+00,-2.112606226917293384e+00
1.654400000000000093e+00,-2.015496572372321715e+00
1.654099999999999904e+00,-1.942619950355758851e+00
1.653799999999999937e+00,-1.837509922713101318e+00
1.653200000000000003e+00,-1.795405219762458149e+00
1.652800000000000047e+00,-1.800285882199784027e+00
1.652500000000000080e+00,-1.810795178074364742e+00
1.651799999999999935e+00,-1.828843933588258919e+00
1.651499999999999968e+00,-1.878434977202192435e+00
1.650900000000000034e+00,-1.967132670401341876e+00
1.650500000000000078e+00,-2.020745601167134531e+00
1.650199999999999889e+00,-2.086575024511233778e+00
1.649599999999999955e+00,-2.152229959977991491e+00
1.649199999999999999e+00,-2.184945304916779740e+00
1.648800000000000043e+00,-2.138490537819254467e+00
1.648200000000000109e+00,-2.087722859332036052e+00
1.647899999999999920e+00,-2.061310338206876036e+00
1.647599999999999953e+00,-2.023430603397824434e+00
1.647000000000000020e+00,-1.957726776140450653e+00
1.646600000000000064e+00,-1.884631117000587608e+00
1.646300000000000097e+00,-1.801279718625995008e+00
1.645699999999999941e+00,-1.714917835050691730e+00
1.645399999999999974e+00,-1.651626746880865859e+00
1.645100000000000007e+00,-1.648445324387085131e+00
1.644400000000000084e+00,-1.744376996594618090e+00
1.644099999999999895e+00,-1.885873895018999713e+00
1.643799999999999928e+00,-1.951024407149601458e+00
1.643199999999999994e+00,-1.990080951307232837e+00
1.642800000000000038e+00,-2.019216452784911020e+00
1.642500000000000071e+00,-1.996226847612442290e+00
1.642099999999999893e+00,-1.982735545735803129e+00
1.641499999999999959e+00,-1.920848915514805855e+00
1.641100000000000003e+00,-1.877646757789536158e+00
1.640800000000000036e+00,-1.861710250450343551e+00
1.640099999999999891e+00,-1.859360938851126077e+00
1.639799999999999924e+00,-1.789702904485129586e+00
1.639499999999999957e+00,-1.861903745599621685e+00
1.638700000000000045e+00,-1.900224951041432186e+00
1.638400000000000079e+00,-1.930726903190821409e+00
1.637999999999999901e+00,-1.899192703849958308e+00
1.637799999999999923e+00,-1.920328031029330695e+00
1.637100000000000000e+00,-1.870149154555231119e+00
1.636800000000000033e+00,-1.849526756579553011e+00
1.636500000000000066e+00,-1.806310678970912909e+00
1.635799999999999921e+00,-1.850868479628051233e+00
1.635599999999999943e+00,-1.871478484821165411e+00
1.635199999999999987e+00,-1.876553231201228078e+00
1.634500000000000064e+00,-1.891554905401812592e+00
1.634200000000000097e+00,-1.886616716228542323e+00
1.633899999999999908e+00,-1.792420781623893511e+00
1.633299999999999974e+00,-1.728896081199943202e+00
1.633000000000000007e+00,-1.696291963295820659e+00
1.632600000000000051e+00,-1.591427400484401788e+00
1.631999999999999895e+00,-1.631762444408435542e+00
1.631699999999999928e+00,-1.716229984497080974e+00
1.631399999999999961e+00,-1.741346381800013221e+00
1.631099999999999994e+00,-1.811668284321874101e+00
1.630500000000000060e+00,-1.968996665931907586e+00
1.630200000000000093e+00,-2.017887261065443028e+00
1.629899999999999904e+00,-2.033715174724129326e+00
1.629099999999999993e+00,-2.094361668913899521e+00
1.628800000000000026e+00,-2.084637198679975434e+00
1.628500000000000059e+00,-2.003999968092292860e+00
1.627799999999999914e+00,-1.940974650504953436e+00
1.627399999999999958e+00,-1.857483545061947128e+00
1.627099999999999991e+00,-1.730635566416296900e+00
1.626600000000000046e+00,-1.688115470686105013e+00
1.626300000000000079e+00,-1.660800206042950533e+00
1.625899999999999901e+00,-1.667716915668485012e+00
1.625299999999999967e+00,-1.716488737925486951e+00
1.625000000000000000e+00,-1.819499660155321497e+00
1.624600000000000044e+00,-1.898701236081948407e+00
1.624200000000000088e+00,-1.999869685779323447e+00
1.623599999999999932e+00,-2.028865175563721035e+00
1.623299999999999965e+00,-2.054918672137404201e+00
1.622999999999999998e+00,-2.034962444023846739e+00
1.622200000000000086e+00,-2.001977477323751753e+00
1.622000000000000108e+00,-1.970965945706643296e+00
1.621699999999999919e+00,-1.953990504708625009e+00
1.620999999999999996e+00,-1.994871823676261258e+00
1.620600000000000041e+00,-2.024641040846500317e+00
1.620300000000000074e+00,-2.069426304801141647e+00
1.619599999999999929e+00,-2.033577471217476340e+00
1.619299999999999962e+00,-2.030051411083255708e+00
1.619099999999999984e+00,-1.984505430369098988e+00
1.618400000000000061e+00,-1.948480155511897571e+00
1.618100000000000094e+00,-1.870554110443706231e+00
1.617799999999999905e+00,-1.849139066830499001e+00
1.617199999999999971e+00,-1.873470598768023354e+00
1.616800000000000015e+00,-1.908735003148531950e+00
1.616400000000000059e+00,-1.953765218435238316e+00
1.615699999999999914e+00,-2.001220775032092281e+00
1.615399999999999947e+00,-2.076480207741301598e+00
1.615099999999999980e+00,-2.106002137672313701e+00
1.614500000000000046e+00,-2.088427334576842043e+00
1.614100000000000090e+00,-2.016473456400713626e+00
1.613399999999999945e+00,-1.976110493123461875e+00
1.613199999999999967e+00,-1.921514480999406249e+00
1.612800000000000011e+00,-1.847745667017952620e+00
1.612100000000000088e+00,-1.790889187614288947e+00
1.611799999999999899e+00,-1.824707240405745612e+00
1.611499999999999932e+00,-1.828272096991712115e+00
1.610899999999999999e+00,-1.841632785002031314e+00
1.610600000000000032e+00,-1.836256441448899768e+00
1.610300000000000065e+00,-1.856353578258904236e+00
1.609699999999999909e+00,-1.785983107656513802e+00
1.609399999999999942e+00,-1.796770331136468446e+00
1.608999999999999986e+00,-1.724535657502482167e+00
1.608300000000000063e+00,-1.725772642967582371e+00
1.608000000000000096e+00,-1.697474068567614403e+00
1.607299999999999951e+00,-1.729128122300305215e+00
1.606999999999999984e+00,-1.649556674287802727e+00
1.606300000000000061e+00,-1.672242393610037681e+00
1.606000000000000094e+00,-1.673009839794001419e+00
1.605599999999999916e+00,-1.733510365324805624e+00
1.604999999999999982e+00,-1.718296796819410277e+00
1.604600000000000026e+00,-1.765399267042444542e+00
1.604300000000000059e+00,-1.838530625123957485e+00
1.603699999999999903e+00,-1.906223150542965428e+00
1.603399999999999936e+00,-1.913919242726297432e+00
1.603099999999999969e+00,-2.009377190547029457e+00
1.602400000000000047e+00,-2.081955441768507331e+00
1.602100000000000080e+00,-2.103896309511646745e+00
1.601699999999999902e+00,-2.033192577630960063e+00
1.601099999999999968e+00,-2.020389903456612402e+00
1.600800000000000001e+00,-2.001782723523026775e+00
1.600400000000000045e+00,-1.970289863875152259e+00
1.599900000000000100e+00,-1.897577249064738458e+00
1.599499999999999922e+00,-1.908079047291746821e+00
1.598899999999999988e+00,-1.889105612950803259e+00
1.598500000000000032e+00,-1.869233048293755806e+00
1.598300000000000054e+00,-1.863756613830550135e+00
1.597599999999999909e+00,-1.834886219728923296e+00
1.597199999999999953e+00,-1.876822254888929731e+00
1.596799999999999997e+00,-1.882195055031981923e+00
1.596200000000000063e+00,-1.882586655735166259e+00
1.595800000000000107e+00,-1.818920773646592881e+00
1.595399999999999929e+00,-1.830488601632859647e+00
1.594799999999999995e+00,-1.758071556172483119e+00
1.594500000000000028e+00,-1.706030196883534522e+00
1.593800000000000106e+00,-1.663490549394242013e+00
1.593499999999999917e+00,-1.638953302013704150e+00
1.593099999999999961e+00,-1.667333594917233430e+00
1.592500000000000027e+00,-1.703617822130035098e+00
1.592200000000000060e+00,-1.758678091820301104e+00
1.591800000000000104e+00,-1.770130894533719745e+00
1.591199999999999948e+00,-1.830380888049806920e+00
1.590899999999999981e+00,-1.842335298293459989e+00
1.590600000000000014e+00,-1.879736501188902675e+00
1.590200000000000058e+00,-1.839516212862532640e+00
1.589599999999999902e+00,-1.811461811653397591e+00
1.589199999999999946e+00,-1.783413678293072069e+00
1.588899999999999979e+00,-1.724988951121650516e+00
1.588200000000000056e+00,-1.602054583449002978e+00
1.587900000000000089e+00,-1.594212150906118453e+00
1.587699999999999889e+00,-1.640018917235600115e+00
1.586999999999999966e+00,-1.687583398719272543e+00
1.586699999999999999e+00,-1.695269448586458783e+00
1.586400000000000032e+00,-1.812013777521409574e+00
1.585900000000000087e+00,-1.852226038661711094e+00
1.585499999999999909e+00,-1.864075518474006321e+00
1.585099999999999953e+00,-1.890184159753158122e+00
1.584400000000000031e+00,-1.940574963715732570e+00
1.584100000000000064e+00,-1.942450570051601488e+00
1.583800000000000097e+00,-1.938507028300257007e+00
1.583099999999999952e+00,-1.926432472086070602e+00
1.582899999999999974e+00,-1.929806550297688661e+00
1.582300000000000040e+00,-1.914149462208109220e+00
1.582000000000000073e+00,-1.877409192443876718e+00
1.581599999999999895e+00,-1.803858063963506453e+00
1.580899999999999972e+00,-1.720194383604892074e+00
1.580600000000000005e+00,-1.652651778892150203e+00
1.580300000000000038e+00,-1.634750599101980617e+00
1.579599999999999893e+00,-1.641018422290849044e+00
1.579199999999999937e+00,-1.742478954872492380e+00
1.578899999999999970e+00,-1.832030926137012905e+00
1.578200000000000047e+00,-1.805900948139288476e+00
1.577900000000000080e+00,-1.809638913499375779e+00
1.577199999999999935e+00,-1.810386869252264663e+00
1.576799999999999979e+00,-1.784356601369566198e+00
1.576400000000000023e+00,-1.753512796539222318e+00
1.575700000000000101e+00,-1.792099179531020381e+00
1.575499999999999901e+00,-1.793163192225083691e+00
1.575099999999999945e+00,-1.811966686919297409e+00
1.574400000000000022e+00,-1.839390551024930431e+00
1.574200000000000044e+00,-1.873182665479006248e+00
1.573900000000000077e+00,-1.887288742216317150e+00
1.573299999999999921e+00,-1.916806308335933462e+00
1.572799999999999976e+00,-1.892383145371684616e+00
1.572500000000000009e+00,-1.878467206673506196e+00
1.571800000000000086e+00,-1.867872527934466564e+00
1.571399999999999908e+00,-1.902268936855438852e+00
1.571099999999999941e+00,-1.914229652230717393e+00
1.570400000000000018e+00,-1.925080132251580256e+00
1.570100000000000051e+00,-1.911879774680533384e+00
1.569499999999999895e+00,-1.853709735877978604e+00
1.569199999999999928e+00,-1.760019402754567253e+00
1.568500000000000005e+00,-1.669930267024707815e+00
1.568200000000000038e+00,-1.618187436085994024e+00
1.567800000000000082e+00,-1.554366117787336909e+00
1.567099999999999937e+00,-1.643682301602500395e+00
1.566899999999999959e+00,-1.734784545864773042e+00
1.566500000000000004e+00,-1.780375785269822098e+00
1.565900000000000070e+00,-1.779095510554135284e+00
1.565600000000000103e+00,-1.841167206448682148e+00
1.565299999999999914e+00,-1.797947665933413708e+00
1.564599999999999991e+00,-1.769755314493804077e+00
1.564300000000000024e+00,-1.792547126422058934e+00
1.564000000000000057e+00,-1.867490366994906337e+00
1.563199999999999923e+00,-1.827855643763698579e+00
1.562899999999999956e+00,-1.850563176481953676e+00
1.562300000000000022e+00,-1.856252358475723785e+00
1.561900000000000066e+00,-1.866761887029944056e+00
1.561600000000000099e+00,-1.792445566333247697e+00
1.560899999999999954e+00,-1.824527170386572417e+00
1.560599999999999987e+00,-1.855409968597523829e+00
1.560300000000000020e+00,-1.868278253193897509e+00
1.559700000000000086e+00,-1.838432781629262491e+00
1.559399999999999897e+00,-1.878524200909850839e+00
1.558699999999999974e+00,-1.881639702020210247e+00
1.558100000000000041e+00,-1.878478913684630713e+00
1.557700000000000085e+00,-1.879741105427490400e+00
1.557399999999999896e+00,-1.936424675474113011e+00
1.556699999999999973e+00,-1.978187294625899151e+00
1.556499999999999995e+00,-1.980146838420557165e+00
1.556200000000000028e+00,-1.932778424218739577e+00
1.555399999999999894e+00,-1.903855587862337995e+00
1.555099999999999927e+00,-1.869903525121147103e+00
1.554400000000000004e+00,-1.823062129260449860e+00
1.554100000000000037e+00,-1.822266356578741586e+00
1.553700000000000081e+00,-1.845478789116797413e+00
1.553099999999999925e+00,-1.861109980396263852e+00
1.552799999999999958e+00,-1.856456352134286281e+00
1.552100000000000035e+00,-1.868336088595990097e+00
1.551800000000000068e+00,-1.920414667123324204e+00
1.551500000000000101e+00,-1.997228001696660149e+00
1.550799999999999956e+00,-2.042930013561524927e+00
1.550499999999999989e+00,-2.043108329641829535e+00
1.549800000000000066e+00,-2.024158079540691713e+00
1.549600000000000088e+00,-1.958409887431525442e+00
1.549199999999999910e+00,-1.840801647462059210e+00
1.548499999999999988e+00,-1.790576973582161280e+00
1.547900000000000054e+00,-1.854492696305234833e+00
1.547600000000000087e+00,-1.919170048617635294e+00
1.547299999999999898e+00,-1.935747767832923794e+00
1.546499999999999986e+00,-1.937614170752291587e+00
1.546200000000000019e+00,-1.953317352421726660e+00
1.545500000000000096e+00,-1.860167011490179823e+00
1.545199999999999907e+00,-1.786428050736671436e+00
1.544499999999999984e+00,-1.773521331237329468e+00
1.544200000000000017e+00,-1.818162467375969538e+00
1.543900000000000050e+00,-1.854073912607723251e+00
1.543600000000000083e+00,-1.998154512716787679e+00
1.542899999999999938e+00,-2.057358376196805061e+00
1.542599999999999971e+00,-2.140332396887226096e+00
1.542300000000000004e+00,-2.170611982512879568e+00
1.541700000000000070e+00,-2.115823860499161047e+00
1.541400000000000103e+00,-1.985629239043829264e+00
1.540999999999999925e+00,-1.977621347978922417e+00
1.540300000000000002e+00,-2.037197625028297487e+00
1.539900000000000047e+00,-2.055162224644316193e+00
1.539199999999999902e+00,-2.004800430870992578e+00
1.538899999999999935e+00,-2.011198428148175399e+00
1.538200000000000012e+00,-2.046837162756956818e+00
1.537900000000000045e+00,-1.966488436673727191e+00
1.537199999999999900e+00,-1.884257827574065125e+00
1.536899999999999933e+00,-1.891159512788301189e+00
1.536299999999999999e+00,-1.897716447845712473e+00
1.536000000000000032e+00,-1.892353013975001330e+00
1.535700000000000065e+00,-1.915875311621975552e+00
1.535099999999999909e+00,-1.903532290685461259e+00
1.534699999999999953e+00,-2.025682795676817083e+00
1.534000000000000030e+00,-2.090153607395423219e+00
1.533600000000000074e+00,-2.069108396235627367e+00
1.533300000000000107e+00,-1.989500538605790014e+00
1.532699999999999951e+00,-1.976160321495793015e+00
1.532399999999999984e+00,-1.921446613873528664e+00
1.532100000000000017e+00,-1.846150522069323063e+00
1.531400000000000095e+00,-1.836917241547081359e+00
1.531199999999999894e+00,-1.839653721449965973e+00
1.530899999999999928e+00,-1.898432706989028107e+00
1.530100000000000016e+00,-1.870698954271748704e+00
1.529800000000000049e+00,-1.885868209343943613e+00
1.529099999999999904e+00,-1.776677732871628557e+00
1.528799999999999937e+00,-1.743327488099438716e+00
1.528399999999999981e+00,-1.753778069368411296e+00
1.527800000000000047e+00,-1.742200241164754138e+00
1.527099999999999902e+00,-1.816641104923910621e+00
1.526799999999999935e+00,-1.902505573341747969e+00
1.526399999999999979e+00,-1.974394153935188356e+00
1.525400000000000089e+00,-1.929282362240006155e+00
1.525099999999999900e+00,-1.930855591830843654e+00
1.524799999999999933e+00,-1.870390050684942018e+00
1.524199999999999999e+00,-1.838464052702146301e+00
1.523900000000000032e+00,-1.789805663564431271e+00
1.523300000000000098e+00,-1.781026748869929621e+00
1.522999999999999909e+00,-1.738053271354358831e+00
1.522399999999999975e+00,-1.779033134247723247e+00
1.521700000000000053e+00,-1.879306942140779091e+00
1.521300000000000097e+00,-1.904728191923707570e+00
1.520999999999999908e+00,-1.949939065690117657e+00
1.520000000000000018e+00,-1.999328872883676889e+00
1.519600000000000062e+00,-1.970631025578275963e+00
1.519300000000000095e+00,-1.912198932465317025e+00
1.518699999999999939e+00,-1.886027810701004892e+00
1.518299999999999983e+00,-1.856008636891282038e+00
1.518000000000000016e+00,-1.868498257376755012e+00
1.517400000000000082e+00,-1.800787067387302098e+00
1.516999999999999904e+00,-1.830457890362874096e+00
1.516299999999999981e+00,-1.885395193077579634e+00
1.516000000000000014e+00,-1.956090995152010237e+00
1.515600000000000058e+00,-1.958485962034878014e+00
1.514999999999999902e+00,-2.006238416010081238e+00
1.514599999999999946e+00,-2.023448317529652485e+00
1.514299999999999979e+00,-1.956560834902379531e+00
1.513600000000000056e+00,-1.900052723286735468e+00
1.513300000000000090e+00,-1.910555994183160688e+00
1.512599999999999945e+00,-1.941707678279544380e+00
1.512299999999999978e+00,-1.907523025920371262e+00
1.511900000000000022e+00,-1.911843260490667218e+00
1.511200000000000099e+00,-1.892319525945915348e+00
1.510899999999999910e+00,-1.880644363034949862e+00
1.510299999999999976e+00,-1.935280693117699569e+00
1.510000000000000009e+00,-1.990136084269941819e+00
1.509300000000000086e+00,-2.039698443304094333e+00
1.508999999999999897e+00,-2.062558241674588899e+00
1.508299999999999974e+00,-2.075440485698049287e+00
1.508000000000000007e+00,-2.016221270180681646e+00
1.507700000000000040e+00,-1.946774095926140369e+00
1.507100000000000106e+00,-1.981720075929643832e+00
1.506799999999999917e+00,-2.028379925262113748e+00
1.506199999999999983e+00,-2.049118407119326690e+00
1.505900000000000016e+00,-2.073804196858486382e+00
1.505600000000000049e+00,-2.096804202702043263e+00
1.504899999999999904e+00,-2.064818980949817195e+00
1.504599999999999937e+00,-2.011606739483820849e+00
1.504299999999999971e+00,-1.948390586566650429e+00
1.503700000000000037e+00,-1.934694962750644009e+00
1.503300000000000081e+00,-2.006739728913978116e+00
1.502899999999999903e+00,-1.960970409073670151e+00
1.502299999999999969e+00,-1.958788229151075866e+00
1.501900000000000013e+00,-2.026334979307875539e+00
1.501300000000000079e+00,-2.000978560969674191e+00
1.500999999999999890e+00,-1.888284653676422398e+00
1.500699999999999923e+00,-1.920023443671287078e+00
1.500199999999999978e+00,-1.985854066755901481e+00
1.499900000000000011e+00,-1.977611899942471885e+00
1.499300000000000077e+00,-1.968176833371457324e+00
1.499000000000000110e+00,-1.986892292667325144e+00
1.498699999999999921e+00,-1.984470382997704840e+00
1.497999999999999998e+00,-1.862342800604405380e+00
1.497600000000000042e+00,-1.784345717122659325e+00
1.497300000000000075e+00,-1.766949484819438254e+00
1.496699999999999919e+00,-1.767846816401047461e+00
1.496399999999999952e+00,-1.734237236478905597e+00
1.496099999999999985e+00,-1.731109883502113034e+00
1.495400000000000063e+00,-1.723788275205459408e+00
1.495100000000000096e+00,-1.706144044917729197e+00
1.494499999999999940e+00,-1.644961900624797302e+00
1.494099999999999984e+00,-1.647624043667472726e+00
1.493800000000000017e+00,-1.680020972443518668e+00
1.493100000000000094e+00,-1.699748471155684726e+00
1.492799999999999905e+00,-1.665788291437472868e+00
1.492099999999999982e+00,-1.724453743158216312e+00
1.491800000000000015e+00,-1.762481730825868231e+00
1.491400000000000059e+00,-1.810499277693430775e+00
1.490799999999999903e+00,-1.878734798021128416e+00
1.490399999999999947e+00,-1.982495310471968475e+00
1.489999999999999991e+00,-1.980385922017644074e+00
1.489400000000000057e+00,-2.022906884980718356e+00
1.489100000000000090e+00,-2.071646053833572587e+00
1.488399999999999945e+00,-2.054969401604142654e+00
1.488099999999999978e+00,-2.013053460660288341e+00
1.487500000000000044e+00,-2.005369078384860781e+00
1.487200000000000077e+00,-1.942041451586731693e+00
1.486599999999999921e+00,-1.889684097764326998e+00
1.486299999999999955e+00,-1.853803168696960046e+00
1.485999999999999988e+00,-1.879147884728052276e+00
1.485300000000000065e+00,-1.880834860242125650e+00
1.484900000000000109e+00,-1.892999945914339177e+00
1.484599999999999920e+00,-1.895948733146718634e+00
1.483999999999999986e+00,-1.905993832687080891e+00
1.483600000000000030e+00,-1.851341741744700009e+00
1.483000000000000096e+00,-1.897394943456698346e+00
1.482699999999999907e+00,-1.890937969509717931e+00
1.482399999999999940e+00,-1.880926861820841900e+00
1.481700000000000017e+00,-1.923416325139842842e+00
1.481400000000000050e+00,-1.984797125946652585e+00
1.481100000000000083e+00,-1.927817110472518358e+00
1.480399999999999938e+00,-1.923993290687750601e+00
1.480099999999999971e+00,-1.937368079141243982e+00
1.479700000000000015e+00,-1.884536155672897451e+00
1.479000000000000092e+00,-1.833414525427151665e+00
1.478799999999999892e+00,-1.842126268447735971e+00
1.478499999999999925e+00,-1.824695742918963415e+00
1.477899999999999991e+00,-1.825668980984032741e+00
1.477600000000000025e+00,-1.831089453518189192e+00
1.477000000000000091e+00,-1.801120230476155326e+00
1.476199999999999957e+00,-1.806216233014787287e+00
1.475800000000000001e+00,-1.890248349225090330e+00
1.475500000000000034e+00,-1.897689687296519434e+00
1.474499999999999922e+00,-1.972540077996853602e+00
1.474199999999999955e+00,-2.051617472314734680e+00
1.473600000000000021e+00,-2.094672029372968147e+00
1.473300000000000054e+00,-2.016781938030328902e+00
1.472900000000000098e+00,-2.011032920185909401e+00
1.472299999999999942e+00,-1.963074061006597759e+00
1.471999999999999975e+00,-1.951583535952094772e+00
1.471300000000000052e+00,-1.970978971973929905e+00
1.470599999999999907e+00,-1.966526978266144976e+00
1.470399999999999929e+00,-1.976433292335683101e+00
1.470099999999999962e+00,-1.990826701312661928e+00
1.469400000000000039e+00,-1.948765297277860187e+00
1.469100000000000072e+00,-1.903805931126809181e+00
1.468699999999999894e+00,-1.881317274417190655e+00
1.467999999999999972e+00,-1.810099080426230689e+00
1.467700000000000005e+00,-1.774460573414418763e+00
1.466900000000000093e+00,-1.842754614690966797e+00
1.466599999999999904e+00,-1.839698414053126063e+00
1.466299999999999937e+00,-1.998319291572070666e+00
1.465700000000000003e+00,-2.097539665322015079e+00
1.465400000000000036e+00,-2.153357871691671921e+00
1.465100000000000069e+00,-2.139487158086747609e+00
1.464599999999999902e+00,-2.118347004395823241e+00
1.464299999999999935e+00,-1.944348948578825009e+00
1.463999999999999968e+00,-1.935519608185568119e+00
1.463300000000000045e+00,-1.958551937191327363e+00
1.463000000000000078e+00,-1.946901609461218374e+00
1.462699999999999889e+00,-1.987760671457381001e+00
1.461899999999999977e+00,-2.092332559985032869e+00
1.461600000000000010e+00,-2.139944783991210020e+00
1.461300000000000043e+00,-2.155639211817439449e+00
1.460599999999999898e+00,-2.146561614918759631e+00
1.460299999999999931e+00,-2.116238080703686464e+00
1.459999999999999964e+00,-2.044844468508388857e+00
1.459300000000000042e+00,-1.980194210247087971e+00
1.459000000000000075e+00,-1.866785340472881805e+00
1.458700000000000108e+00,-1.859528810370935981e+00
1.457999999999999963e+00,-1.816118933925248147e+00
1.457699999999999996e+00,-1.810527219462398696e+00
1.457300000000000040e+00,-1.731565822873787130e+00
1.456700000000000106e+00,-1.717685874764660170e+00
1.456299999999999928e+00,-1.668185146877776415e+00
1.455999999999999961e+00,-1.743253664559240912e+00
1.455300000000000038e+00,-1.790161174878429629e+00
1.455100000000000060e+00,-1.835798654070061708e+00
1.454700000000000104e+00,-1.877215274112623122e+00
1.454099999999999948e+00,-1.908809419830167942e+00
1.453799999999999981e+00,-1.919930820149448714e+00
1.453100000000000058e+00,-1.932174507137535135e+00
1.452800000000000091e+00,-1.942728448594346791e+00
1.452399999999999913e+00,-1.887774751455628452e+00
1.451699999999999990e+00,-1.894592022650895657e+00
1.451400000000000023e+00,-1.893026597237987385e+00
1.451100000000000056e+00,-1.888150700326066023e+00
1.450399999999999912e+00,-1.880659237971094022e+00
1.450099999999999945e+00,-1.934938194783353271e+00
1.449699999999999989e+00,-1.856733088486245409e+00
1.449000000000000066e+00,-1.817572190678379274e+00
1.448700000000000099e+00,-1.775073816501493429e+00
1.448399999999999910e+00,-1.784857278448598095e+00
1.447699999999999987e+00,-1.793047392663546402e+00
1.447400000000000020e+00,-1.871619217325565243e+00
1.447200000000000042e+00,-1.888180622405186249e+00
1.446499999999999897e+00,-1.932004366529543660e+00
1.446199999999999930e+00,-1.946943976875517679e+00
1.445799999999999974e+00,-1.952185645831619576e+00
1.445200000000000040e+00,-1.964096693700470686e+00
1.444800000000000084e+00,-1.912373610794410039e+00
1.444399999999999906e+00,-1.880126556265196536e+00
1.443799999999999972e+00,-1.814887232180067977e+00
1.443500000000000005e+00,-1.773623588204389812e+00
1.442800000000000082e+00,-1.725634822375907262e+00
1.442399999999999904e+00,-1.743830784739705431e+00
1.442199999999999926e+00,-1.796965520744902900e+00
1.441500000000000004e+00,-1.929842582329629908e+00
1.441200000000000037e+00,-1.952717706856788249e+00
1.440800000000000081e+00,-1.983674752366118677e+00
1.440199999999999925e+00,-1.989273934250093578e+00
1.439799999999999969e+00,-1.956454207462168915e+00
1.439100000000000046e+00,-1.842198806256828636e+00
1.438800000000000079e+00,-1.866723118429738815e+00
1.438399999999999901e+00,-1.909923742854022333e+00
1.437899999999999956e+00,-1.958123345332726917e+00
1.437500000000000000e+00,-1.994513338742440300e+00
1.437200000000000033e+00,-1.983980678166574751e+00
1.436500000000000110e+00,-1.892949861459700012e+00
1.436199999999999921e+00,-1.825835365264830035e+00
1.435799999999999965e+00,-1.787034474888884894e+00
1.435100000000000042e+00,-1.673267534829242509e+00
1.434700000000000086e+00,-1.659228779209987126e+00
1.434399999999999897e+00,-1.734486445875912830e+00
1.433799999999999963e+00,-1.777684288745071006e+00
1.433499999999999996e+00,-1.690193679966048190e+00
1.433200000000000029e+00,-1.740825692809478076e+00
1.432500000000000107e+00,-1.763213423457976825e+00
1.432199999999999918e+00,-1.726601922037371395e+00
1.431400000000000006e+00,-1.667260022455638424e+00
1.431100000000000039e+00,-1.778518728595759990e+00
1.430800000000000072e+00,-1.808094411528682333e+00
1.430099999999999927e+00,-1.822670138924703309e+00
1.429899999999999949e+00,-1.803172960804025449e+00
1.429300000000000015e+00,-1.835633203668488145e+00
1.428900000000000059e+00,-1.864181235082390309e+00
1.428700000000000081e+00,-1.890288332213468925e+00
1.427899999999999947e+00,-1.916707020300848052e+00
1.427599999999999980e+00,-2.004389432646164426e+00
1.426900000000000057e+00,-2.025858569327590342e+00
1.426600000000000090e+00,-1.958115812831368041e+00
1.426299999999999901e+00,-1.913641874121199793e+00
1.425699999999999967e+00,-1.798562136738832029e+00
1.425400000000000000e+00,-1.715495035815445268e+00
1.424800000000000066e+00,-1.636225005067701410e+00
1.424500000000000099e+00,-1.601328396867995885e+00
1.424099999999999921e+00,-1.566662657342537956e+00
1.423399999999999999e+00,-1.610551297140869309e+00
1.423100000000000032e+00,-1.629269499517013831e+00
1.422700000000000076e+00,-1.710352510353521760e+00
1.421999999999999931e+00,-1.844510694588158417e+00
1.421599999999999975e+00,-1.884049403170704018e+00
1.421300000000000008e+00,-1.956007430284345538e+00
1.420600000000000085e+00,-2.014702761967759770e+00
1.420199999999999907e+00,-2.045133178557312359e+00
1.419899999999999940e+00,-1.999203210840266864e+00
1.419200000000000017e+00,-1.981295637839206147e+00
1.418900000000000050e+00,-1.961263265293361702e+00
1.418199999999999905e+00,-1.956835510315835025e+00
1.417899999999999938e+00,-1.934260000484855135e+00
1.417599999999999971e+00,-1.898618578448502348e+00
1.417000000000000037e+00,-1.876026564108998596e+00
1.416600000000000081e+00,-1.848697023839260378e+00
1.416199999999999903e+00,-1.781825562014449416e+00
1.415599999999999969e+00,-1.740073592395030566e+00
1.415300000000000002e+00,-1.726707995089241221e+00
1.414900000000000047e+00,-1.770692967025602638e+00
1.414199999999999902e+00,-1.834641435315351066e+00
1.413899999999999935e+00,-1.887023471773066507e+00
1.413300000000000001e+00,-1.898386505004221014e+00
1.413000000000000034e+00,-1.866267641838989633e+00
1.412600000000000078e+00,-1.846161861564221685e+00
1.411999999999999922e+00,-1.804280047842804269e+00
1.411599999999999966e+00,-1.780498841588984416e+00
1.411299999999999999e+00,-1.807919642249772307e+00
1.410700000000000065e+00,-1.814288646900044544e+00
1.410300000000000109e+00,-1.818533918825498974e+00
1.409799999999999942e+00,-1.797057116276479238e+00
1.409399999999999986e+00,-1.744838788353339387e+00
1.409100000000000019e+00,-1.657487380587532755e+00
1.408400000000000096e+00,-1.592490198403240242e+00
1.408099999999999907e+00,-1.524758579769525113e+00
1.407299999999999995e+00,-1.499125396572029034e+00
1.406900000000000039e+00,-1.507984574089862750e+00
1.406700000000000061e+00,-1.535255780990702146e+00
1.405999999999999917e+00,-1.514668133512017567e+00
1.405599999999999961e+00,-1.482528305470007135e+00
1.405299999999999994e+00,-1.431237941125068636e+00
1.404700000000000060e+00,-1.488897080769227443e+00
1.404400000000000093e+00,-1.566058803010097922e+00
1.404099999999999904e+00,-1.686050204682612685e+00
1.403499999999999970e+00,-1.749198109967653680e+00
1.403200000000000003e+00,-1.767965790962430672e+00
1.402500000000000080e+00,-1.725940182531957134e+00
1.402099999999999902e+00,-1.667141462399907237e+00
1.401799999999999935e+00,-1.630953619031344504e+00
1.401200000000000001e+00,-1.566956796829124920e+00
1.400800000000000045e+00,-1.564756736601585763e+00
1.400400000000000089e+00,-1.503430467539382365e+00
1.399699999999999944e+00,-1.439505308593880262e+00
1.399399999999999977e+00,-1.384689625020738113e+00
1.399100000000000010e+00,-1.361912599271430935e+00
1.398400000000000087e+00,-1.364983354082138778e+00
1.398099999999999898e+00,-1.447051012842398565e+00
1.397799999999999931e+00,-1.508538737880482650e+00
1.397100000000000009e+00,-1.571284953828036457e+00
1.396900000000000031e+00,-1.669553434991907892e+00
1.396500000000000075e+00,-1.688709851974529164e+00
1.395899999999999919e+00,-1.725743106605823307e+00
1.395499999999999963e+00,-1.787006639682036990e+00
1.395199999999999996e+00,-1.790708788373673865e+00
1.394500000000000073e+00,-1.773718555826142795e+00
1.394200000000000106e+00,-1.789388009474715435e+00
1.393599999999999950e+00,-1.729533868278440689e+00
1.393299999999999983e+00,-1.671369237564446220e+00
1.392900000000000027e+00,-1.696411663433539108e+00
1.392200000000000104e+00,-1.664422254863059836e+00
1.391899999999999915e+00,-1.591600467825624143e+00
1.391599999999999948e+00,-1.522165175996889719e+00
1.390900000000000025e+00,-1.485537867845498905e+00
1.390600000000000058e+00,-1.482181437133106572e+00
1.390300000000000091e+00,-1.485255688296674537e+00
1.389599999999999946e+00,-1.624699512312588245e+00
1.389299999999999979e+00,-1.721593028687074201e+00
1.388900000000000023e+00,-1.754137165249913810e+00
1.388300000000000090e+00,-1.666444291485574603e+00
1.387899999999999912e+00,-1.665265452597403106e+00
1.387599999999999945e+00,-1.588967471985308411e+00
1.387000000000000011e+00,-1.480389854894015311e+00
1.386600000000000055e+00,-1.417670417047794951e+00
1.386400000000000077e+00,-1.446061479482702028e+00
1.385699999999999932e+00,-1.423315597590402160e+00
1.385399999999999965e+00,-1.392713541535778310e+00
1.384600000000000053e+00,-1.434775398330007112e+00
1.384300000000000086e+00,-1.467641998664226399e+00
1.383899999999999908e+00,-1.473874337113156852e+00
1.383299999999999974e+00,-1.574517390968976915e+00
1.382900000000000018e+00,-1.630266194657670198e+00
1.382300000000000084e+00,-1.703125374660358071e+00
1.381999999999999895e+00,-1.717819322637758939e+00
1.381699999999999928e+00,-1.646781989918938427e+00
1.381399999999999961e+00,-1.539124022137405845e+00
1.380600000000000049e+00,-1.461026582256774731e+00
1.380300000000000082e+00,-1.398342126782969874e+00
1.379699999999999926e+00,-1.359944581706268307e+00
1.379299999999999971e+00,-1.361551951655354253e+00
1.378800000000000026e+00,-1.326686533306697946e+00
1.378500000000000059e+00,-1.291916269817311447e+00
1.378200000000000092e+00,-1.229522276725986130e+00
1.377599999999999936e+00,-1.219409735718907095e+00
1.377299999999999969e+00,-1.246750694257198200e+00
1.377000000000000002e+00,-1.261696304712955907e+00
1.376300000000000079e+00,-1.339460076216908435e+00
1.375999999999999890e+00,-1.471157148825730232e+00
1.375599999999999934e+00,-1.583205094049938699e+00
1.374900000000000011e+00,-1.687140816938048404e+00
1.374600000000000044e+00,-1.844366905581623417e+00
1.373799999999999910e+00,-1.863682140353789540e+00
1.373499999999999943e+00,-1.794292649697492914e+00
1.372800000000000020e+00,-1.685636587305805678e+00
1.372600000000000042e+00,-1.638382152351347543e+00
1.372200000000000086e+00,-1.549438382002915615e+00
1.371599999999999930e+00,-1.511425921216918988e+00
1.371299999999999963e+00,-1.528093350581377630e+00
1.370500000000000052e+00,-1.570891164331400747e+00
1.370200000000000085e+00,-1.548070733582013192e+00
1.369899999999999896e+00,-1.530984736666657131e+00
1.369199999999999973e+00,-1.553855389575115042e+00
1.368900000000000006e+00,-1.607123051298037231e+00
1.368300000000000072e+00,-1.608474442224283596e+00
1.368000000000000105e+00,-1.602983334864083176e+00
1.367299999999999960e+00,-1.589893557303046157e+00
1.366999999999999993e+00,-1.589808719129060188e+00
1.366700000000000026e+00,-1.519134133762256589e+00
1.366000000000000103e+00,-1.460564964681915212e+00
1.365599999999999925e+00,-1.449919017887379979e+00
1.364900000000000002e+00,-1.484156955598170402e+00
1.364600000000000035e+00,-1.458782987805301579e+00
1.363899999999999890e+00,-1.473166991197150111e+00
1.363599999999999923e+00,-1.427897582016030009e+00
1.363099999999999978e+00,-1.372725553764886364e+00
1.362500000000000044e+00,-1.387847832989008712e+00
1.362200000000000077e+00,-1.453832249794367870e+00
1.361900000000000110e+00,-1.430928668378905755e+00
1.361299999999999955e+00,-1.551899871845424661e+00
1.360999999999999988e+00,-1.561529625662277931e+00
1.360600000000000032e+00,-1.463205995214933441e+00
1.360000000000000098e+00,-1.382061898765191144e+00
1.359699999999999909e+00,-1.357186002045734918e+00
1.358999999999999986e+00,-1.275601355105321355e+00
1.358700000000000019e+00,-1.328046174610963970e+00
1.358400000000000052e+00,-1.421078578989209973e+00
1.357699999999999907e+00,-1.468041334869440995e+00
1.357299999999999951e+00,-1.465566787227784440e+00
1.356999999999999984e+00,-1.510464805944689015e+00
1.356300000000000061e+00,-1.522361258715076993e+00
1.355900000000000105e+00,-1.442936425691265789e+00
1.355299999999999949e+00,-1.423705985069689817e+00
1.354999999999999982e+00,-1.459566879367935055e+00
1.354600000000000026e+00,-1.485622131703057125e+00
1.354100000000000081e+00,-1.446254575222655214e+00
1.353699999999999903e+00,-1.420393191037955249e+00
1.353399999999999936e+00,-1.403526264117938016e+00
1.352800000000000002e+00,-1.372480811202142492e+00
1.352400000000000047e+00,-1.317961729620786837e+00
1.351699999999999902e+00,-1.284655058146622064e+00
1.351399999999999935e+00,-1.315381221708156190e+00
1.351099999999999968e+00,-1.368435245435728476e+00
1.350400000000000045e+00,-1.330942862595718701e+00
1.350100000000000078e+00,-1.376120310455086759e+00
1.349800000000000111e+00,-1.465576797081702409e+00
1.349099999999999966e+00,-1.546730995944239906e+00
1.348799999999999999e+00,-1.557539958215586884e+00
1.348500000000000032e+00,-1.568642785293311359e+00
1.347800000000000109e+00,-1.560171318138042995e+00
1.347499999999999920e+00,-1.524878004538626763e+00
1.347099999999999964e+00,-1.525635299769872999e+00
1.346400000000000041e+00,-1.470598761956209977e+00
1.346100000000000074e+00,-1.498784282984028104e+00
1.345800000000000107e+00,-1.406216982769575852e+00
1.345099999999999962e+00,-1.317624305566394982e+00
1.344799999999999995e+00,-1.212689866765259694e+00
1.344200000000000061e+00,-1.121131339718306474e+00
1.343900000000000095e+00,-1.062042669426332964e+00
1.343599999999999905e+00,-1.091907418711984823e+00
1.342899999999999983e+00,-1.161582791830567674e+00
1.342500000000000027e+00,-1.211833194673245240e+00
1.342200000000000060e+00,-1.223992621531416747e+00
1.341499999999999915e+00,-1.150098495894258388e+00
1.341299999999999937e+00,-1.120056638446997876e+00
1.340899999999999981e+00,-1.051945098222151209e+00
1.340200000000000058e+00,-9.732203323742362189e-01
1.339900000000000091e+00,-1.009517340763016469e+00
1.339599999999999902e+00,-1.079262673942676942e+00
1.338899999999999979e+00,-1.073610203326247348e+00
1.338500000000000023e+00,-1.079999177562157575e+00
1.338200000000000056e+00,-1.060416335754016393e+00
1.337499999999999911e+00,-1.013905576029150435e+00
1.337199999999999944e+00,-1.011538421250846032e+00
1.336500000000000021e+00,-1.067527292022835139e+00
1.336200000000000054e+00,-1.126438501702770045e+00
1.335800000000000098e+00,-1.202636085100711183e+00
1.335199999999999942e+00,-1.252339855999512475e+00
1.334899999999999975e+00,-1.311955939499037660e+00
1.334600000000000009e+00,-1.323289629223262098e+00
1.333900000000000086e+00,-1.403314015544498972e+00
1.333599999999999897e+00,-1.441477756766312845e+00
1.333299999999999930e+00,-1.385985122954597193e+00
1.332600000000000007e+00,-1.375066713216882563e+00
1.332400000000000029e+00,-1.324602662630958161e+00
1.331700000000000106e+00,-1.182561719353242280e+00
1.331399999999999917e+00,-1.062464761052289708e+00
1.330999999999999961e+00,-1.116258778450507361e+00
1.330300000000000038e+00,-1.091687067874547168e+00
1.330000000000000071e+00,-1.051178529801050088e+00
1.329599999999999893e+00,-1.060793755711941788e+00
1.328899999999999970e+00,-1.105571375523139999e+00
1.328699999999999992e+00,-1.045154987256019519e+00
1.328400000000000025e+00,-1.064325883333022693e+00
1.327700000000000102e+00,-1.062428338262227934e+00
1.327399999999999913e+00,-1.038263170374670308e+00
1.326699999999999990e+00,-9.838038636286738914e-01
1.326400000000000023e+00,-9.772651575176704020e-01
1.326000000000000068e+00,-9.432003846818192150e-01
1.325299999999999923e+00,-9.148007694095849907e-01
1.324999999999999956e+00,-9.117751077558633455e-01
1.324600000000000000e+00,-9.389227275043154908e-01
1.324000000000000066e+00,-9.377256296810853042e-01
1.323600000000000110e+00,-9.025653583326355145e-01
1.323399999999999910e+00,-9.341542973456683496e-01
1.322799999999999976e+00,-9.446201869461878786e-01
1.322500000000000009e+00,-9.191599388609638099e-01
1.322200000000000042e+00,-9.993640558954297592e-01
1.321600000000000108e+00,-1.067977642676271044e+00
1.321199999999999930e+00,-1.092277091166299341e+00
1.320500000000000007e+00,-1.149609508333537811e+00
1.320200000000000040e+00,-1.235499038431814300e+00
1.319800000000000084e+00,-1.194004470493892356e+00
1.319099999999999939e+00,-1.166032402799555001e+00
1.318699999999999983e+00,-1.159870383390659843e+00
1.318400000000000016e+00,-1.107741270317125215e+00
1.317800000000000082e+00,-1.089853621884934176e+00
1.317499999999999893e+00,-1.019301304674841147e+00
1.317099999999999937e+00,-1.004546108163695273e+00
1.316500000000000004e+00,-9.277544570261696544e-01
1.316200000000000037e+00,-8.753793533609887101e-01
1.315600000000000103e+00,-7.885189986685248176e-01
1.315299999999999914e+00,-8.102783484367771516e-01
1.314999999999999947e+00,-7.870663161060886814e-01
1.314300000000000024e+00,-8.848131619507149104e-01
1.313900000000000068e+00,-9.469561332625664463e-01
1.313600000000000101e+00,-1.008047982073434490e+00
1.312999999999999945e+00,-1.089263842806581506e+00
1.312599999999999989e+00,-1.117614676813677432e+00
1.312000000000000055e+00,-1.078733925467256771e+00
1.311700000000000088e+00,-1.113560689576797991e+00
1.311299999999999910e+00,-1.109337509378333086e+00
1.310599999999999987e+00,-1.057881726616582974e+00
1.310300000000000020e+00,-1.087805578323525202e+00
1.310000000000000053e+00,-1.127692190651813364e+00
1.309299999999999908e+00,-1.079030737528990924e+00
1.308999999999999941e+00,-1.035487927667361197e+00
1.308300000000000018e+00,-1.062852253490287335e+00
1.308000000000000052e+00,-1.057956943824878149e+00
1.307600000000000096e+00,-1.049436002484999131e+00
1.306999999999999940e+00,-1.032529446054891720e+00
1.306599999999999984e+00,-1.017468502537283159e+00
1.306000000000000050e+00,-9.982238411422594826e-01
1.305700000000000083e+00,-9.397001733106591370e-01
1.305099999999999927e+00,-8.769093135961580909e-01
1.304799999999999960e+00,-8.772152269560795634e-01
1.304400000000000004e+00,-9.349322112960078979e-01
1.303700000000000081e+00,-9.113551146955333193e-01
1.303399999999999892e+00,-9.307254347692973662e-01
1.302599999999999980e+00,-1.002088981697235592e+00
1.302300000000000013e+00,-1.020536104423541701e+00
1.301600000000000090e+00,-9.946134926779038876e-01
1.301299999999999901e+00,-1.029316022049392432e+00
1.300999999999999934e+00,-1.078108602215327450e+00
1.300400000000000000e+00,-1.030902502937858234e+00
1.300100000000000033e+00,-1.033440392281537168e+00
1.299500000000000099e+00,-1.110908308632890806e+00
1.299099999999999921e+00,-1.110486169477870044e+00
1.298799999999999955e+00,-1.065339685653171609e+00
1.298100000000000032e+00,-1.048051740451250158e+00
1.297800000000000065e+00,-1.011211330111810858e+00
1.297400000000000109e+00,-8.776836210783178771e-01
1.296799999999999953e+00,-8.610792655673605855e-01
1.296399999999999997e+00,-7.954591045278291972e-01
1.296100000000000030e+00,-8.482247808790088772e-01
1.295400000000000107e+00,-9.078992667699292696e-01
1.295099999999999918e+00,-1.045605780876923685e+00
1.294499999999999984e+00,-1.052005783264142735e+00
1.294200000000000017e+00,-1.074398303396173482e+00
1.293900000000000050e+00,-1.008161489841480352e+00
1.293199999999999905e+00,-9.660123736966730323e-01
1.292899999999999938e+00,-9.583481077510280777e-01
1.292200000000000015e+00,-9.699297484939972680e-01
1.291900000000000048e+00,-9.506644792407759059e-01
1.291199999999999903e+00,-9.885156378688919609e-01
1.290899999999999936e+00,-9.963628788398071201e-01
1.290599999999999969e+00,-9.194011855478967377e-01
1.289900000000000047e+00,-9.171769627777660583e-01
1.289600000000000080e+00,-1.005868882201776948e+00
1.289199999999999902e+00,-9.350229261896604305e-01
1.288599999999999968e+00,-9.114506064199224822e-01
1.288300000000000001e+00,-9.276162650970198875e-01
1.287600000000000078e+00,-8.920400368125912527e-01
1.287300000000000111e+00,-8.305060383145822511e-01
1.286999999999999922e+00,-8.650973944569761986e-01
1.286299999999999999e+00,-8.339271533631953393e-01
1.286000000000000032e+00,-7.486749010997273412e-01
1.285700000000000065e+00,-7.066660561322324341e-01
1.284999999999999920e+00,-6.834173275563348859e-01
1.284599999999999964e+00,-6.099514027645136505e-01
1.284000000000000030e+00,-6.321902399292200769e-01
1.283700000000000063e+00,-6.765714789443155741e-01
1.282999999999999918e+00,-6.952613981107969021e-01
1.282799999999999940e+00,-7.433504557936843060e-01
1.282499999999999973e+00,-8.192625052784452411e-01
1.281800000000000050e+00,-7.725944622077872692e-01
1.281500000000000083e+00,-7.470336238184216437e-01
1.280899999999999928e+00,-7.873008455099027580e-01
1.280599999999999961e+00,-8.519976819941488255e-01
1.280200000000000005e+00,-8.848222965987527777e-01
1.279500000000000082e+00,-9.375106248779574436e-01
1.278799999999999937e+00,-1.061855813883211264e+00
1.278499999999999970e+00,-1.064129997650209436e+00
1.278200000000000003e+00,-9.435828194032102045e-01
1.277500000000000080e+00,-8.980858929821811110e-01
1.277199999999999891e+00,-8.461926285233122291e-01
1.276899999999999924e+00,-7.007863541919068240e-01
1.276299999999999990e+00,-6.344541625137589680e-01
1.276000000000000023e+00,-6.556855068649836138e-01
1.275400000000000089e+00,-7.048175593278582785e-01
1.275099999999999900e+00,-7.272034469214816443e-01
1.274699999999999944e+00,-7.470990214952788477e-01
1.274000000000000021e+00,-7.447697066211012018e-01
1.273700000000000054e+00,-7.430908977118511061e-01
1.272999999999999909e+00,-6.937541519991263783e-01
1.272599999999999953e+00,-7.849077050575693493e-01
1.271900000000000031e+00,-8.518707817467553456e-01
1.271600000000000064e+00,-8.937301941266960759e-01
1.270999999999999908e+00,-8.785090613404322735e-01
1.270699999999999941e+00,-9.052438057129130744e-01
1.270299999999999985e+00,-8.396712172088759418e-01
1.269700000000000051e+00,-7.576549068287474764e-01
1.269400000000000084e+00,-7.392740466004299460e-01
1.269099999999999895e+00,-7.026946574659187483e-01
1.268299999999999983e+00,-6.262368544736329756e-01
1.268000000000000016e+00,-5.538702597655820181e-01
1.267700000000000049e+00,-5.596780821297275832e-01
1.267099999999999893e+00,-5.024175228758587242e-01
1.266699999999999937e+00,-5.017342641978894680e-01
1.266399999999999970e+00,-5.657040372838983977e-01
1.265800000000000036e+00,-6.177962283833438040e-01
1.265400000000000080e+00,-5.647896815134945125e-01
1.264799999999999924e+00,-6.070718857346946162e-01
1.264499999999999957e+00,-6.291225202231798264e-01
1.264199999999999990e+00,-5.600712585143718947e-01
1.263500000000000068e+00,-5.432912712083348694e-01
1.263200000000000101e+00,-6.112608781494444088e-01
1.262399999999999967e+00,-5.770596411336370579e-01
1.262100000000000000e+00,-5.603456520482386072e-01
1.261700000000000044e+00,-6.051075266939875963e-01
1.261100000000000110e+00,-5.993153729291766929e-01
1.260699999999999932e+00,-5.964242438240285882e-01
1.260099999999999998e+00,-6.485986494139672764e-01
1.259800000000000031e+00,-6.451742251177561283e-01
1.259200000000000097e+00,-6.658909288451142494e-01
1.258799999999999919e+00,-6.918547121993745552e-01
1.258499999999999952e+00,-6.213738315247185895e-01
1.257800000000000029e+00,-4.975093797142393082e-01
1.257600000000000051e+00,-4.105023251027573039e-01
1.257200000000000095e+00,-2.930516247118264417e-01
1.256599999999999939e+00,-2.685957169616670637e-01
1.256299999999999972e+00,-3.322638883830608680e-01
1.255700000000000038e+00,-3.883622589209712039e-01
1.255400000000000071e+00,-4.983139689331005928e-01
1.254999999999999893e+00,-5.814833422695953047e-01
1.254399999999999959e+00,-5.538670515504995340e-01
1.254099999999999993e+00,-5.789911904921507535e-01
1.253300000000000081e+00,-5.881476930734430564e-01
1.252999999999999892e+00,-5.119418967465538817e-01
1.252699999999999925e+00,-4.717290054695456036e-01
1.252000000000000002e+00,-4.991714281511738793e-01
1.251700000000000035e+00,-4.768350357101102666e-01
1.250999999999999890e+00,-4.858462661215534606e-01
1.250699999999999923e+00,-5.775125531136404700e-01
1.250399999999999956e+00,-6.619287455746081239e-01
1.249700000000000033e+00,-6.384553276886362205e-01
1.249400000000000066e+00,-5.752485338143820126e-01
1.248699999999999921e+00,-5.863476825664071246e-01
1.248399999999999954e+00,-5.896947450050038508e-01
1.247999999999999998e+00,-5.477345419412082972e-01
1.247500000000000053e+00,-6.058809969457235045e-01
1.247200000000000086e+00,-6.551185650248425585e-01
1.246599999999999930e+00,-5.864906392356872278e-01
1.246299999999999963e+00,-5.029920068734539118e-01
1.245900000000000007e+00,-4.320762386728072002e-01
1.245200000000000085e+00,-3.654770841240995161e-01
1.244899999999999896e+00,-3.403530549900279922e-01
1.244499999999999940e+00,-3.616618376363345266e-01
1.243800000000000017e+00,-3.123574737243228761e-01
1.243500000000000050e+00,-2.766414390034666049e-01
1.242799999999999905e+00,-2.415820825096837432e-01
1.242499999999999938e+00,-2.381368333576050489e-01
1.242199999999999971e+00,-2.447130040245104610e-01
1.241500000000000048e+00,-3.577163713722186777e-01
1.241200000000000081e+00,-4.642170077380492477e-01
1.240899999999999892e+00,-4.975170723545140894e-01
1.240199999999999969e+00,-5.160796690724389624e-01
1.239900000000000002e+00,-4.695890156876381671e-01
1.239200000000000079e+00,-4.077765965494750677e-01
1.238899999999999890e+00,-2.968443402125153785e-01
1.238299999999999956e+00,-1.935664063422437575e-01
1.237999999999999989e+00,-5.728487193087938856e-02
1.237400000000000055e+00,1.672277676459388296e-02
1.237000000000000099e+00,6.158330006222900721e-02
1.236299999999999955e+00,1.637335222640090571e-02
1.235999999999999988e+00,-3.889736517034836361e-02
1.235600000000000032e+00,-1.206365104501616603e-01
1.234900000000000109e+00,-1.853021741335392214e-01
1.234599999999999920e+00,-1.855843737692819406e-01
1.233899999999999997e+00,-1.917812538411445555e-01
1.233600000000000030e+00,-2.334808384329978281e-01
1.233300000000000063e+00,-2.578161417307600622e-01
1.232699999999999907e+00,-3.347071200067441854e-01
1.232399999999999940e+00,-3.555764297601127222e-01
1.232099999999999973e+00,-3.637657918231784748e-01
1.231500000000000039e+00,-3.955710056878503078e-01
1.231100000000000083e+00,-4.430530690099909741e-01
1.230799999999999894e+00,-4.123099920763650950e-01
1.230099999999999971e+00,-4.559949828190911769e-01
1.229800000000000004e+00,-4.204180234264332516e-01
1.229400000000000048e+00,-3.257443654006153544e-01
1.228799999999999892e+00,-2.666962260228222803e-01
1.228499999999999925e+00,-3.024548243928115721e-01
1.228199999999999958e+00,-3.052158745095456815e-01
1.227500000000000036e+00,-2.888077293500268539e-01
1.227200000000000069e+00,-2.672450886231914069e-01
1.226499999999999924e+00,-1.509592532428216671e-01
1.226199999999999957e+00,-2.712467682325359411e-02
1.225500000000000034e+00,3.271053280406999164e-02
1.225200000000000067e+00,1.009069971177889435e-02
1.224900000000000100e+00,-1.110690768926780869e-02
1.224199999999999955e+00,-5.231581024348064268e-02
1.223899999999999988e+00,-7.398923369650312054e-02
1.223500000000000032e+00,-7.086161742428376265e-02
1.222900000000000098e+00,-9.795023177550099547e-02
1.222599999999999909e+00,-1.161914182618017932e-01
1.222199999999999953e+00,-1.807382858962092165e-01
1.221600000000000019e+00,-2.205073178873640238e-01
1.221300000000000052e+00,-1.816284360919850904e-01
1.220499999999999918e+00,-1.591539219675253136e-01
1.220199999999999951e+00,-1.355432072808193666e-01
1.219899999999999984e+00,-8.136211657142067288e-02
1.219200000000000061e+00,-4.397420994659007043e-02
1.219000000000000083e+00,-7.407388593907993091e-02
1.218699999999999894e+00,-3.564267287800571005e-02
1.217999999999999972e+00,-4.143838392617338329e-02
1.217700000000000005e+00,-5.405935434368847048e-02
1.217400000000000038e+00,-7.523450095456296616e-02
1.216699999999999893e+00,-6.670145898293733389e-02
1.216299999999999937e+00,-6.470918265472080932e-02
1.215899999999999981e+00,5.152984034334506802e-03
1.215300000000000047e+00,2.429987314839232582e-02
1.214900000000000091e+00,7.966882209275993887e-02
1.214599999999999902e+00,9.506560580574419106e-02
1.213899999999999979e+00,9.763884011262935481e-02
1.213500000000000023e+00,1.137621318522685776e-02
1.213200000000000056e+00,-1.509422190321130404e-02
1.212499999999999911e+00,-1.971490400320963232e-02
1.212199999999999944e+00,-6.927455936389659286e-03
1.211899999999999977e+00,-1.447447079833130701e-02
1.211300000000000043e+00,9.583998462625586967e-03
1.211000000000000076e+00,2.736346649323540339e-02
1.210599999999999898e+00,3.758102867304491390e-02
1.209999999999999964e+00,1.767424567533648627e-02
1.209600000000000009e+00,6.779721345606670724e-02
1.209000000000000075e+00,1.241413569633142977e-01
1.208700000000000108e+00,2.226097452778797170e-01
1.208299999999999930e+00,2.885836527391494322e-01
1.207799999999999985e+00,3.387895778995952956e-01
1.207400000000000029e+00,3.541276893910538792e-01
1.207100000000000062e+00,3.802351241510848467e-01
1.206399999999999917e+00,3.538177241591000666e-01
1.206099999999999950e+00,2.962442283738209170e-01
1.205699999999999994e+00,2.437005996687446607e-01
1.205000000000000071e+00,1.923038431700385409e-01
1.204599999999999893e+00,1.651682652567543208e-01
1.204299999999999926e+00,1.131148214202071234e-01
1.203600000000000003e+00,8.401203758431896595e-02
1.203300000000000036e+00,1.114312646610660096e-01
1.203000000000000069e+00,3.097996934153801618e-02
1.202299999999999924e+00,-4.452931938472848294e-02
1.201999999999999957e+00,-5.731505928391333882e-02
1.201400000000000023e+00,-2.375722241709787852e-02
1.201100000000000056e+00,4.643810501761547194e-02
1.200700000000000101e+00,1.926861963541526279e-01
1.199999999999999956e+00,3.305969599240454748e-01
1.199600000000000000e+00,3.855183722636935095e-01
1.199300000000000033e+00,3.958815011391447203e-01
1.198600000000000110e+00,3.053570189441578986e-01
1.198299999999999921e+00,2.426950123764204381e-01
1.197599999999999998e+00,1.191614232626258957e-01
1.197300000000000031e+00,6.363606959242096295e-02
1.197000000000000064e+00,4.555626115787525521e-02
1.196299999999999919e+00,8.087348809845962272e-02
1.195999999999999952e+00,5.091582567076646804e-02
1.195699999999999985e+00,7.279688799141648126e-02
1.195100000000000051e+00,5.701601970567460320e-02
1.194700000000000095e+00,1.161321357157074768e-01
1.194099999999999939e+00,1.380515743068522205e-01
1.193799999999999972e+00,1.782126368980729847e-01
1.193100000000000049e+00,2.131259182570899025e-01
1.192700000000000093e+00,2.359299851205365339e-01
1.192399999999999904e+00,1.675395795575074231e-01
1.191799999999999971e+00,1.498246485456822263e-01
1.191400000000000015e+00,1.919581066697761962e-01
1.190700000000000092e+00,1.931982167673041151e-01
1.190399999999999903e+00,2.209354884738501668e-01
1.189999999999999947e+00,1.698982602908738482e-01
1.189400000000000013e+00,8.770849042979977916e-02
1.189000000000000057e+00,1.222722889290816933e-01
1.188700000000000090e+00,1.544123719025847219e-01
1.187999999999999945e+00,1.880810487540907072e-01
1.187799999999999967e+00,2.701703386684406460e-01
1.187400000000000011e+00,3.577964141918132945e-01
1.186700000000000088e+00,3.532229139918685590e-01
1.186399999999999899e+00,3.744507070689573336e-01
1.186099999999999932e+00,4.350447058185102911e-01
1.185499999999999998e+00,5.103699912491210799e-01
1.185100000000000042e+00,6.157040081378184482e-01
1.184399999999999897e+00,7.060176254433669918e-01
1.184099999999999930e+00,7.450950516997567608e-01
1.183799999999999963e+00,7.430467802933826693e-01
1.183200000000000029e+00,7.454486995987774645e-01
1.182800000000000074e+00,6.882583034105438369e-01
1.182199999999999918e+00,5.705144546326590405e-01
1.181799999999999962e+00,5.483114267319788571e-01
1.181499999999999995e+00,4.779391038524372082e-01
1.180800000000000072e+00,3.512289434592918980e-01
1.180399999999999894e+00,3.079270438735570714e-01
1.179699999999999971e+00,3.181011454773952085e-01
1.179400000000000004e+00,2.848348665772382216e-01
1.178700000000000081e+00,2.853922528152363913e-01
1.178399999999999892e+00,3.259944178553297878e-01
1.177999999999999936e+00,3.266889382586013468e-01
1.177400000000000002e+00,3.511237539827183340e-01
1.177000000000000046e+00,3.120109145676730478e-01
1.176700000000000079e+00,3.483629219329376081e-01
1.176099999999999923e+00,4.254979059925556584e-01
1.175799999999999956e+00,5.370184311202785832e-01
1.175499999999999989e+00,5.867278528697006390e-01
1.174900000000000055e+00,7.017452853509686950e-01
1.174500000000000099e+00,7.174938052140200639e-01
1.174099999999999921e+00,6.576057704189841591e-01
1.173399999999999999e+00,5.824380475752399811e-01
1.173100000000000032e+00,5.384650080990371901e-01
1.172400000000000109e+00,4.974051189914063809e-01
1.172099999999999920e+00,4.953056443776637230e-01
1.171799999999999953e+00,5.460907047208363174e-01
1.171100000000000030e+00,5.244879266812219054e-01
1.170800000000000063e+00,5.090398379094251968e-01
1.170500000000000096e+00,4.717316405743188223e-01
1.169799999999999951e+00,4.581707162790160659e-01
1.169399999999999995e+00,3.917379527235143044e-01
1.169100000000000028e+00,3.592242284324032031e-01
1.168400000000000105e+00,3.321152178874242633e-01
1.168099999999999916e+00,2.720528344485328986e-01
1.167799999999999949e+00,2.302092820727352773e-01
1.167200000000000015e+00,2.634307415397274532e-01
1.166900000000000048e+00,2.500675522024153885e-01
1.166600000000000081e+00,2.815136956989261474e-01
1.166099999999999914e+00,3.626849955258582003e-01
1.165799999999999947e+00,4.368987458061579510e-01
1.165499999999999980e+00,5.072273404799210184e-01
1.164800000000000058e+00,5.428251894851188197e-01
1.164500000000000091e+00,5.708325197432972953e-01
1.164099999999999913e+00,5.891563589086046271e-01
1.163499999999999979e+00,5.880859485168921097e-01
1.163200000000000012e+00,5.187620720074892500e-01
1.162900000000000045e+00,6.100707083063483527e-01
1.162300000000000111e+00,5.908411164112781222e-01
1.161899999999999933e+00,6.026384876611778907e-01
1.161599999999999966e+00,6.092965974438535603e-01
1.160900000000000043e+00,6.567901946054333084e-01
1.160600000000000076e+00,6.038816227564580696e-01
1.159899999999999931e+00,5.867837534136166600e-01
1.159599999999999964e+00,5.272962541383319213e-01
1.159299999999999997e+00,4.505529411201469880e-01
1.158600000000000074e+00,3.936479699255535092e-01
1.158300000000000107e+00,3.494532521361448651e-01
1.157899999999999929e+00,3.794968344288107698e-01
1.157299999999999995e+00,3.595385555614505346e-01
1.156900000000000039e+00,3.210687764577946357e-01
1.156600000000000072e+00,2.958329140771709387e-01
1.155999999999999917e+00,3.913314777694021362e-01
1.155699999999999950e+00,3.950100194419214339e-01
1.155000000000000027e+00,3.703289494490225042e-01
1.154700000000000060e+00,4.421015372309267111e-01
1.154099999999999904e+00,5.133285450334423849e-01
1.153799999999999937e+00,4.501967436899844688e-01
1.153399999999999981e+00,4.556824548415661091e-01
1.152700000000000058e+00,5.774844992266492394e-01
1.152400000000000091e+00,6.457212627872244148e-01
1.151999999999999913e+00,6.250215937794734167e-01
1.151299999999999990e+00,6.730337412251541362e-01
1.151000000000000023e+00,7.680094884139621048e-01
1.150700000000000056e+00,8.308461818140598920e-01
1.150099999999999900e+00,8.165172852236945999e-01
1.149799999999999933e+00,7.875361380373091524e-01
1.149100000000000010e+00,7.971337388569532667e-01
1.148800000000000043e+00,6.771651941080147896e-01
1.148400000000000087e+00,5.769694002324965432e-01
1.147799999999999931e+00,5.678105150888623776e-01
1.147499999999999964e+00,6.015428680054835109e-01
1.146800000000000042e+00,5.281999482582844241e-01
1.146600000000000064e+00,5.337756164505713663e-01
1.145899999999999919e+00,5.746786159246952685e-01
1.145599999999999952e+00,6.145460675203995304e-01
1.145299999999999985e+00,6.805845574389679520e-01
1.144500000000000073e+00,7.601913271824967122e-01
1.144200000000000106e+00,8.225276125800596860e-01
1.143899999999999917e+00,8.271918196527118239e-01
1.143499999999999961e+00,7.786903256175314869e-01
1.142800000000000038e+00,7.449547395639577463e-01
1.142500000000000071e+00,7.470082314769976861e-01
1.142200000000000104e+00,7.147917285250937613e-01
1.141599999999999948e+00,7.355747963612435658e-01
1.141199999999999992e+00,7.540266463132438979e-01
1.140900000000000025e+00,7.393328365909446198e-01
1.140300000000000091e+00,7.105471234401805614e-01
1.139899999999999913e+00,6.578330357989714550e-01
1.139599999999999946e+00,5.705607405434576229e-01
1.139000000000000012e+00,5.412746703212234500e-01
1.138600000000000056e+00,5.184710501451861298e-01
1.138300000000000090e+00,5.166070523771049139e-01
1.137599999999999945e+00,5.607903165484595664e-01
1.137299999999999978e+00,6.419276408214935614e-01
1.136700000000000044e+00,6.733219982492377742e-01
1.136300000000000088e+00,7.513978504548879389e-01
1.135899999999999910e+00,8.065686063664367911e-01
1.135299999999999976e+00,8.298344267186619216e-01
1.134900000000000020e+00,8.200198603643126249e-01
1.134600000000000053e+00,8.397400616642902715e-01
1.133899999999999908e+00,8.289480428200213247e-01
1.133599999999999941e+00,7.842585108519539716e-01
1.133399999999999963e+00,8.105710701147849084e-01
1.132700000000000040e+00,8.350928437765582357e-01
1.132400000000000073e+00,8.102462257918162658e-01
1.131799999999999917e+00,7.812945446614150136e-01
1.131399999999999961e+00,7.773095260957262331e-01
1.131000000000000005e+00,7.841632482209758281e-01
1.130400000000000071e+00,7.749886065289147696e-01
1.130100000000000104e+00,8.117181805498973057e-01
1.129799999999999915e+00,8.513339388027674204e-01
1.129099999999999993e+00,8.956111533257871127e-01
1.128800000000000026e+00,8.570818361929021245e-01
1.128100000000000103e+00,8.419884802771114840e-01
1.127699999999999925e+00,8.848209243660088985e-01
1.127399999999999958e+00,9.588165233520573594e-01
1.126700000000000035e+00,1.006035499153817847e+00
1.126400000000000068e+00,1.107766113704750088e+00
1.126100000000000101e+00,1.151249756221883747e+00
1.125399999999999956e+00,1.092506006257765172e+00
1.125099999999999989e+00,1.001679117069859126e+00
1.124800000000000022e+00,9.368778093397922557e-01
1.124200000000000088e+00,8.558192387982109794e-01
1.123799999999999910e+00,7.791098043992416011e-01
1.123199999999999976e+00,8.024889623625686141e-01
1.122900000000000009e+00,8.685790408162474829e-01
1.122300000000000075e+00,9.566869129415400685e-01
1.121899999999999897e+00,9.951438382667375793e-01
1.121599999999999930e+00,1.074030876220127828e+00
1.120999999999999996e+00,1.074261006061699719e+00
1.120700000000000029e+00,1.071479179101941792e+00
1.120000000000000107e+00,9.802892894163195425e-01
1.119699999999999918e+00,9.181122269864838703e-01
1.119299999999999962e+00,8.496959616346999589e-01
1.118600000000000039e+00,8.152113241642611197e-01
1.118300000000000072e+00,7.587611564628671257e-01
1.118000000000000105e+00,8.079005580956254429e-01
1.117399999999999949e+00,9.282377036942679460e-01
1.116999999999999993e+00,9.947784368084801043e-01
1.116400000000000059e+00,1.038206895480342506e+00
1.116000000000000103e+00,1.078776125042757439e+00
1.115599999999999925e+00,1.053264430235789639e+00
1.114900000000000002e+00,1.019572161916060260e+00
1.114600000000000035e+00,1.058446387709743863e+00
1.114300000000000068e+00,1.036961258230051364e+00
1.113699999999999912e+00,1.034047790276215739e+00
1.113299999999999956e+00,1.079988828252276267e+00
1.112999999999999989e+00,1.006745292539690251e+00
1.112400000000000055e+00,1.027594714262669573e+00
1.112000000000000099e+00,1.076024476308612421e+00
1.111699999999999910e+00,1.104067546302545111e+00
1.110999999999999988e+00,1.121790985556397890e+00
1.110700000000000021e+00,1.225808415213636149e+00
1.110100000000000087e+00,1.156983666709548997e+00
1.109799999999999898e+00,1.137386412445040573e+00
1.109399999999999942e+00,1.115016021868836527e+00
1.108800000000000008e+00,1.134260625645089338e+00
1.108400000000000052e+00,1.101892077015470539e+00
1.108100000000000085e+00,1.115522265711238470e+00
1.107799999999999896e+00,1.103039842394737402e+00
1.107099999999999973e+00,1.049874875633516336e+00
1.106700000000000017e+00,1.012661465404074423e+00
1.106100000000000083e+00,1.018532047120102035e+00
1.105799999999999894e+00,1.008310964971392831e+00
1.105399999999999938e+00,1.001131698246671142e+00
1.104800000000000004e+00,1.048994245268775050e+00
1.104500000000000037e+00,1.063582852827565928e+00
1.103799999999999892e+00,1.073549775754689684e+00
1.103499999999999925e+00,1.139870036507978357e+00
1.103199999999999958e+00,1.204945292868631057e+00
1.102500000000000036e+00,1.277726147191210471e+00
1.102200000000000069e+00,1.298460660646427733e+00
1.101399999999999935e+00,1.255548026820180185e+00
1.101099999999999968e+00,1.177658168865780564e+00
1.100800000000000001e+00,1.138995028854838942e+00
1.100100000000000078e+00,1.044893745184155565e+00
1.099800000000000111e+00,1.015617498953125253e+00
1.099499999999999922e+00,1.047214040675037428e+00
1.098899999999999988e+00,1.066082327204620483e+00
1.098600000000000021e+00,1.097223403419556043e+00
1.097800000000000109e+00,1.110480179884187901e+00
1.097499999999999920e+00,1.103234074349285221e+00
1.096799999999999997e+00,1.088608666219570420e+00
1.096500000000000030e+00,1.131846794089758079e+00
1.096200000000000063e+00,1.111410423015463111e+00
1.095499999999999918e+00,1.183755577331552233e+00
1.095199999999999951e+00,1.231247648681710327e+00
1.094899999999999984e+00,1.285562448020277637e+00
1.094300000000000050e+00,1.316556597033974318e+00
1.093900000000000095e+00,1.374839990478382568e+00
1.093599999999999905e+00,1.338716885360830000e+00
1.092999999999999972e+00,1.335840410396915701e+00
1.092700000000000005e+00,1.324175022822393633e+00
1.092000000000000082e+00,1.298066939494635363e+00
1.091699999999999893e+00,1.279589877184600377e+00
1.090999999999999970e+00,1.305263324346828124e+00
1.090700000000000003e+00,1.286760090459942996e+00
1.090300000000000047e+00,1.240569120397050362e+00
1.089699999999999891e+00,1.112327689758024762e+00
1.089399999999999924e+00,9.652003286560183470e-01
1.088700000000000001e+00,8.464563474745723237e-01
1.088400000000000034e+00,7.836285934316455926e-01
1.088000000000000078e+00,7.906314799474567501e-01
1.087399999999999922e+00,8.133189795453409365e-01
1.087099999999999955e+00,8.509692762963261270e-01
1.086300000000000043e+00,8.686048284807512676e-01
1.086000000000000076e+00,9.041831544263911891e-01
1.085599999999999898e+00,9.465141233513939545e-01
1.084999999999999964e+00,1.079848251904214074e+00
1.084699999999999998e+00,1.167579350082048606e+00
1.084400000000000031e+00,1.219874444400859126e+00
1.083700000000000108e+00,1.213215149913349222e+00
1.083399999999999919e+00,1.135876660932344517e+00
1.082799999999999985e+00,1.051296337490625898e+00
1.082400000000000029e+00,1.032568526533328424e+00
1.082100000000000062e+00,9.662413325721430635e-01
1.081399999999999917e+00,9.003939487392531582e-01
1.081099999999999950e+00,8.773800115684238232e-01
1.080699999999999994e+00,8.723918118483388051e-01
1.080000000000000071e+00,9.085220152699191587e-01
1.079700000000000104e+00,1.000400992159922176e+00
1.079399999999999915e+00,1.110966138010149873e+00
1.078699999999999992e+00,1.203561640383266074e+00
1.078400000000000025e+00,1.299965092217553186e+00
1.077800000000000091e+00,1.317974870678334520e+00
1.077399999999999913e+00,1.308187024513657315e+00
1.077099999999999946e+00,1.201246787308485331e+00
1.076500000000000012e+00,1.156604787971027282e+00
1.076100000000000056e+00,1.094019536440338225e+00
1.075800000000000090e+00,1.018782672384949128e+00
1.075099999999999945e+00,9.959115609761703958e-01
1.074799999999999978e+00,1.055798209793762377e+00
1.074500000000000011e+00,1.110492326998196999e+00
1.073800000000000088e+00,1.169107203178587628e+00
1.073499999999999899e+00,1.155752115091640553e+00
1.072899999999999965e+00,1.153931739186625505e+00
1.072500000000000009e+00,1.212488325366689601e+00
1.072300000000000031e+00,1.200850833981553789e+00
1.071600000000000108e+00,1.110868536332576539e+00
1.071299999999999919e+00,1.184290058303949511e+00
1.070999999999999952e+00,1.254925862055195074e+00
1.070300000000000029e+00,1.218371514975363779e+00
1.069900000000000073e+00,1.211687949092821182e+00
1.069600000000000106e+00,1.297734288605578712e+00
1.068999999999999950e+00,1.266614301762558625e+00
1.068599999999999994e+00,1.253385577795612660e+00
1.068000000000000060e+00,1.330147099828371537e+00
1.067700000000000093e+00,1.310760766491392282e+00
1.067399999999999904e+00,1.180094719546165294e+00
1.066999999999999948e+00,1.133735540756186655e+00
1.066400000000000015e+00,1.101871488844857749e+00
1.066000000000000059e+00,1.052694898142914059e+00
1.065399999999999903e+00,1.098056941624264704e+00
1.064999999999999947e+00,1.249189575476955527e+00
1.064400000000000013e+00,1.355639433972682939e+00
1.064100000000000046e+00,1.385101663950449868e+00
1.063399999999999901e+00,1.323429140728388242e+00
1.063099999999999934e+00,1.207528365822080341e+00
1.062799999999999967e+00,1.081140379901451842e+00
1.062100000000000044e+00,9.944686920120017204e-01
1.061800000000000077e+00,9.341038524562916834e-01
1.061399999999999899e+00,9.775811884801809404e-01
1.060799999999999965e+00,1.074829503999591429e+00
1.060499999999999998e+00,1.134914578849732791e+00
1.059900000000000064e+00,1.179365534196424870e+00
1.059500000000000108e+00,1.188158107034570365e+00
1.059199999999999919e+00,1.183336295592501974e+00
1.058499999999999996e+00,1.133896558755259631e+00
1.058100000000000041e+00,1.126460742684742833e+00
1.057800000000000074e+00,1.029487205430473784e+00
1.057099999999999929e+00,9.787785405571125530e-01
1.056799999999999962e+00,9.193242043752103410e-01
1.056400000000000006e+00,9.228843178071820530e-01
1.055800000000000072e+00,9.001785684013829947e-01
1.055500000000000105e+00,9.660167553535159435e-01
1.055199999999999916e+00,1.032116007939898328e+00
1.054599999999999982e+00,1.122167633842569012e+00
1.054300000000000015e+00,1.168395843370029219e+00
1.053900000000000059e+00,1.175231059095671604e+00
1.053299999999999903e+00,1.163500477096290897e+00
1.052999999999999936e+00,1.157713300220242214e+00
1.052300000000000013e+00,1.102785653887689010e+00
1.051900000000000057e+00,9.901600612266525658e-01
1.051199999999999912e+00,9.506063719005864998e-01
1.050899999999999945e+00,9.186886119118276017e-01
1.050499999999999989e+00,8.885373185875401481e-01
1.049900000000000055e+00,9.056409137674081844e-01
1.049600000000000088e+00,9.636611979374488657e-01
1.049199999999999910e+00,1.001038837784434810e+00
1.048599999999999977e+00,9.917497740362379854e-01
1.048300000000000010e+00,1.005894401262114046e+00
1.047600000000000087e+00,9.674632859550669206e-01
1.047400000000000109e+00,9.557794520001493543e-01
1.046999999999999931e+00,9.334458549481450262e-01
1.046300000000000008e+00,9.208279083403049237e-01
1.046000000000000041e+00,8.906247738878215747e-01
1.045700000000000074e+00,9.016594468658211126e-01
1.044999999999999929e+00,9.395611194203123961e-01
1.044599999999999973e+00,1.063805564230080325e+00
1.044000000000000039e+00,1.187514699278746644e+00
1.043700000000000072e+00,1.253086116351359580e+00
1.043400000000000105e+00,1.303183260732004856e+00
1.042699999999999960e+00,1.366217909592598589e+00
1.042399999999999993e+00,1.343173123172641814e+00
1.042100000000000026e+00,1.348415670934799415e+00
1.041400000000000103e+00,1.435036167920233918e+00
1.041099999999999914e+00,1.489711185146541661e+00
1.040699999999999958e+00,1.468336837000677741e+00
1.040100000000000025e+00,1.442992244087282216e+00
1.039700000000000069e+00,1.341205358538627435e+00
1.039400000000000102e+00,1.207017378904162719e+00
1.038799999999999946e+00,1.124837152446239719e+00
1.038399999999999990e+00,1.027741235729989766e+00
1.038100000000000023e+00,9.795969528822446870e-01
1.037500000000000089e+00,1.025029187627785054e+00
1.037199999999999900e+00,1.039686494836988828e+00
1.036899999999999933e+00,1.037998628363456799e+00
1.036200000000000010e+00,1.070398298346764143e+00
1.035900000000000043e+00,1.083790983394811169e+00
1.035600000000000076e+00,1.118922390427323776e+00
1.034899999999999931e+00,1.271712951986941897e+00
1.034599999999999964e+00,1.388216476637393892e+00
1.034200000000000008e+00,1.487253967415724798e+00
1.033600000000000074e+00,1.510067565985567795e+00
1.033199999999999896e+00,1.502421406407161708e+00
1.032599999999999962e+00,1.388131190333541376e+00
1.032200000000000006e+00,1.274557377578672268e+00
1.031900000000000039e+00,1.164719954116211209e+00
1.031300000000000106e+00,1.120975279681607484e+00
1.030999999999999917e+00,1.133382350113759651e+00
1.030299999999999994e+00,1.183413850656539479e+00
1.030000000000000027e+00,1.211316370019893673e+00
1.029700000000000060e+00,1.241036193400379961e+00
1.029099999999999904e+00,1.225234732931818060e+00
1.028699999999999948e+00,1.166410526577260631e+00
1.028399999999999981e+00,1.063890296111036360e+00
1.027800000000000047e+00,1.097776174242004465e+00
1.027400000000000091e+00,1.144315642566673397e+00
1.027099999999999902e+00,1.178446308036512624e+00
1.026399999999999979e+00,1.223272593934982000e+00
1.026100000000000012e+00,1.265937526599980600e+00
1.025700000000000056e+00,1.205379636738251881e+00
1.024999999999999911e+00,1.183140725061482268e+00
1.024699999999999944e+00,1.170384204503549519e+00
1.024399999999999977e+00,1.149726068009893076e+00
1.023700000000000054e+00,1.191356596660780864e+00
1.023400000000000087e+00,1.240887365301229783e+00
1.023099999999999898e+00,1.224930739701507454e+00
1.022399999999999975e+00,1.315048423452813697e+00
1.022100000000000009e+00,1.372036825226796708e+00
1.021500000000000075e+00,1.355829025028038037e+00
1.021200000000000108e+00,1.294562055934311839e+00
1.020899999999999919e+00,1.303047665672241173e+00
1.020199999999999996e+00,1.193990774233238961e+00
1.019900000000000029e+00,1.122177015596970140e+00
1.019500000000000073e+00,1.053648619948610587e+00
1.018799999999999928e+00,9.750076273016411443e-01
1.018399999999999972e+00,8.660198321842894620e-01
1.018100000000000005e+00,8.750994656937099991e-01
1.017500000000000071e+00,9.096533588217464716e-01
1.017200000000000104e+00,9.754232693074544880e-01
1.016799999999999926e+00,1.038361324639316852e+00
1.016199999999999992e+00,1.197873431695098523e+00
1.015800000000000036e+00,1.258935067563193844e+00
1.015200000000000102e+00,1.217992816723092897e+00
1.014899999999999913e+00,1.196186438985336054e+00
1.014599999999999946e+00,1.280701891417934668e+00
1.014000000000000012e+00,1.220703142562895582e+00
1.013600000000000056e+00,1.187608050491895106e+00
1.013300000000000090e+00,1.179899007574328085e+00
1.012699999999999934e+00,1.105384305669990352e+00
1.012299999999999978e+00,1.112686336107865381e+00
1.011900000000000022e+00,1.177346458183028854e+00
1.011300000000000088e+00,1.218446763017258405e+00
1.010899999999999910e+00,1.214524008853676174e+00
1.010599999999999943e+00,1.257908026095142073e+00
1.009900000000000020e+00,1.177421326036126592e+00
1.009700000000000042e+00,1.065522861719222947e+00
1.009300000000000086e+00,1.018905928629049162e+00
1.008699999999999930e+00,1.047886114006330027e+00
1.008399999999999963e+00,1.084151519913367778e+00
1.007700000000000040e+00,1.083695102250814557e+00
1.007300000000000084e+00,1.119804340354094041e+00
1.006999999999999895e+00,1.097810745718866166e+00
1.006299999999999972e+00,1.206780145573405072e+00
1.006000000000000005e+00,1.239605238726043668e+00
1.005600000000000049e+00,1.223185688853656305e+00
1.004999999999999893e+00,1.208124227728146760e+00
1.004699999999999926e+00,1.258171201125451999e+00
1.004299999999999971e+00,1.134184764775003629e+00
1.003700000000000037e+00,1.049480673031219391e+00
1.003400000000000070e+00,1.089109606902741278e+00
1.003100000000000103e+00,1.144019307834920340e+00
1.002399999999999958e+00,1.189205999236123024e+00
1.002000000000000002e+00,1.251815886966073377e+00
1.001400000000000068e+00,1.345414141973380717e+00
1.001100000000000101e+00,1.392196798635433996e+00
1.000699999999999923e+00,1.411546524570997274e+00
1.000099999999999989e+00,1.369013839281202349e+00
9.997000000000000330e-01,1.284867809853360132e+00
9.993999999999999551e-01,1.273202316989102689e+00
9.987000000000000322e-01,1.207146639497086449e+00
9.982999999999999652e-01,1.121557551226545879e+00
9.977000000000000313e-01,1.055831034702317428e+00
9.973999999999999533e-01,1.153261699116878258e+00
9.970999999999999863e-01,1.194643708117490322e+00
9.963999999999999524e-01,1.214652596697243681e+00
9.959999999999999964e-01,1.344054594813043346e+00
9.957000000000000295e-01,1.443746653447125494e+00
9.950999999999999845e-01,1.394481813055820085e+00
9.947000000000000286e-01,1.343554022809889670e+00
9.939999999999999947e-01,1.352625160025780371e+00
9.937000000000000277e-01,1.251416537705121845e+00
9.932999999999999607e-01,1.213030034746404029e+00
9.927000000000000268e-01,1.235535877161450413e+00
9.922999999999999599e-01,1.233691850666268630e+00
9.919999999999999929e-01,1.240629969641166008e+00
9.913999999999999480e-01,1.256105811503482883e+00
9.910999999999999810e-01,1.253931530847546272e+00
9.908000000000000140e-01,1.263204065256109843e+00
9.900999999999999801e-01,1.196923191864457392e+00
9.898000000000000131e-01,1.139766035610501049e+00
9.890999999999999792e-01,1.091120445022922159e+00
9.888000000000000123e-01,1.056819269895578506e+00
9.880999999999999783e-01,9.991883295023401557e-01
9.877000000000000224e-01,1.073582738398484615e+00
9.874000000000000554e-01,1.067562204599553644e+00
9.868000000000000105e-01,1.102788195608619848e+00
9.864000000000000545e-01,1.137483170373654318e+00
9.858000000000000096e-01,1.169183516841615367e+00
9.855000000000000426e-01,1.129704472417128569e+00
9.851999999999999647e-01,1.220112236277465234e+00
9.846000000000000307e-01,1.254257587403606600e+00
9.842999999999999527e-01,1.273007853059213046e+00
9.836000000000000298e-01,1.290127846985053672e+00
9.832999999999999519e-01,1.287172661553065423e+00
9.828999999999999959e-01,1.235119573557985628e+00
9.821999999999999620e-01,1.156391514841453860e+00
9.818999999999999950e-01,1.092979442664579359e+00
9.815000000000000391e-01,1.003293924910358959e+00
9.808999999999999941e-01,9.666210379841860822e-01
9.806000000000000272e-01,9.098266677293186389e-01
9.798999999999999932e-01,9.454450163664390727e-01
9.797000000000000153e-01,9.858284749994505880e-01
9.789999999999999813e-01,1.104813400547577373e+00
9.787000000000000144e-01,1.206214330209537389e+00
9.780999999999999694e-01,1.245740332813105589e+00
9.777000000000000135e-01,1.240901862521598398e+00
9.769999999999999796e-01,1.248737247736830813e+00
9.767000000000000126e-01,1.258522450754764987e+00
9.764000000000000457e-01,1.216591311113193852e+00
9.757000000000000117e-01,1.281874450350523054e+00
9.752999999999999448e-01,1.291459995831079066e+00
9.749999999999999778e-01,1.225241545879732330e+00
9.744000000000000439e-01,1.103301486919602725e+00
9.740999999999999659e-01,1.121581287768097512e+00
9.737999999999999989e-01,1.095893110618639810e+00
9.730999999999999650e-01,1.117464427943457128e+00
9.727999999999999980e-01,1.175280921357768626e+00
9.724000000000000421e-01,1.228564493168382565e+00
9.717000000000000082e-01,1.179757556434429810e+00
9.714000000000000412e-01,1.157660870416896026e+00
9.707999999999999963e-01,1.133056979922553165e+00
9.704000000000000403e-01,1.113584004202167188e+00
9.700999999999999623e-01,1.116761305084770894e+00
9.695000000000000284e-01,1.079605604215050363e+00
9.691999999999999504e-01,1.084793557175889323e+00
9.688999999999999835e-01,1.073738132768287112e+00
9.681999999999999496e-01,1.167737385750142076e+00
9.677999999999999936e-01,1.195660417413479948e+00
9.671999999999999487e-01,1.241832402243542299e+00
9.667999999999999927e-01,1.238158278055526029e+00
9.661999999999999478e-01,1.159469509481661387e+00
9.658999999999999808e-01,9.992077294461443326e-01
9.651999999999999469e-01,8.981152661724499664e-01
9.647999999999999909e-01,8.401122594582645098e-01
9.645000000000000240e-01,8.074761276708614099e-01
9.637999999999999901e-01,9.086447813571457699e-01
9.635000000000000231e-01,1.026304710210548921e+00
9.630999999999999561e-01,1.100107823985008171e+00
9.625000000000000222e-01,1.157250516316959965e+00
9.620999999999999552e-01,1.176062598504112877e+00
9.615000000000000213e-01,1.187707511420624140e+00
9.612000000000000544e-01,1.175978362755944584e+00
9.608999999999999764e-01,1.183587500435054451e+00
9.602000000000000535e-01,1.137946684634794092e+00
9.598999999999999755e-01,1.169174702014483369e+00
9.596000000000000085e-01,1.162060269115916533e+00
9.588999999999999746e-01,1.167537844422791737e+00
9.586000000000000076e-01,1.184090922904043719e+00
9.582000000000000517e-01,1.266343338457362355e+00
9.576000000000000068e-01,1.259692192452713355e+00
9.573000000000000398e-01,1.235370655476089707e+00
9.568999999999999728e-01,1.168286642258334229e+00
9.563000000000000389e-01,1.122673818832881087e+00
9.559999999999999609e-01,9.894491985209391549e-01
9.553000000000000380e-01,9.822729355749015845e-01
9.549999999999999600e-01,1.034931461849700085e+00
9.546000000000000041e-01,1.108140733767568165e+00
9.538999999999999702e-01,1.172161249302292152e+00
9.536000000000000032e-01,1.358288257997941617e+00
9.533000000000000362e-01,1.398784440066261459e+00
9.526999999999999913e-01,1.362998373375737371e+00
9.524000000000000243e-01,1.272520012712899495e+00
9.519999999999999574e-01,1.186955710793316410e+00
9.514000000000000234e-01,1.017811955761060982e+00
9.509999999999999565e-01,9.151003625616772608e-01
9.503000000000000336e-01,9.607013751768839205e-01
9.499999999999999556e-01,1.084570465741674372e+00
9.496999999999999886e-01,1.122727162508191379e+00
9.489999999999999547e-01,1.265382493241748563e+00
9.486999999999999877e-01,1.350689376630187510e+00
9.484000000000000208e-01,1.340851625939373681e+00
9.476999999999999869e-01,1.303103335594316015e+00
9.474000000000000199e-01,1.290181085720279341e+00
9.471000000000000529e-01,1.280263726198757723e+00
9.465000000000000080e-01,1.237526704593733262e+00
9.462000000000000410e-01,1.177316835413166896e+00
9.457999999999999741e-01,1.139484186081785033e+00
9.452000000000000401e-01,1.201080866133561020e+00
9.447999999999999732e-01,1.193635238861748382e+00
9.441000000000000503e-01,1.258837452928138090e+00
9.436999999999999833e-01,1.315376171766372115e+00
9.434000000000000163e-01,1.311690346534749585e+00
9.427999999999999714e-01,1.226904402743880906e+00
9.425000000000000044e-01,1.175879589223674637e+00
9.422000000000000375e-01,1.168219602981426686e+00
9.415000000000000036e-01,1.190683607949355460e+00
9.412000000000000366e-01,1.215474149943857052e+00
9.407999999999999696e-01,1.280188739671006548e+00
9.401000000000000467e-01,1.352371819477379722e+00
9.397999999999999687e-01,1.368324718423532982e+00
9.395000000000000018e-01,1.374855428070975716e+00
9.387999999999999678e-01,1.393444042836200492e+00
9.385000000000000009e-01,1.339375586853833067e+00
9.377999999999999670e-01,1.315640404213197501e+00
9.375000000000000000e-01,1.279356743212889391e+00
9.367999999999999661e-01,1.189808753218890569e+00
9.364999999999999991e-01,1.150202395602886840e+00
9.362000000000000322e-01,1.177282869135945598e+00
9.355999999999999872e-01,1.163277271009830027e+00
9.352000000000000313e-01,1.121027943577421304e+00
9.344999999999999973e-01,1.113032192656265851e+00
9.342000000000000304e-01,1.095861438911022168e+00
9.338999999999999524e-01,1.090910751250992572e+00
9.333000000000000185e-01,1.016024926301511977e+00
9.328999999999999515e-01,1.041854545116432940e+00
9.325999999999999845e-01,1.151439407715074248e+00
9.318999999999999506e-01,1.138204089354277748e+00
9.315999999999999837e-01,1.079143881347124800e+00
9.310000000000000497e-01,1.100351031416840764e+00
9.305999999999999828e-01,1.060462549818744327e+00
9.303000000000000158e-01,9.774534538888046686e-01
9.296999999999999709e-01,9.967849384023147463e-01
9.294000000000000039e-01,1.088965482173298582e+00
9.291000000000000369e-01,1.174709826463199436e+00
9.284000000000000030e-01,1.207799291310721168e+00
9.281000000000000361e-01,1.238778117965619208e+00
9.274999999999999911e-01,1.286438201854589458e+00
9.271000000000000352e-01,1.298097713431991984e+00
9.264000000000000012e-01,1.228903309881332229e+00
9.261000000000000343e-01,1.196263769061567395e+00
9.256999999999999673e-01,1.151182963204239185e+00
9.251000000000000334e-01,1.156857862105731272e+00
9.247999999999999554e-01,1.155266994743234132e+00
9.244999999999999885e-01,1.206545360309396742e+00
9.239000000000000545e-01,1.233616880611659861e+00
9.235999999999999766e-01,1.206874143750841233e+00
9.229000000000000536e-01,1.147899664066878822e+00
9.224999999999999867e-01,1.075788463707413989e+00
9.222000000000000197e-01,1.019610778290186426e+00
9.214999999999999858e-01,1.083174704182496173e+00
9.211000000000000298e-01,1.161293854852474272e+00
9.204999999999999849e-01,1.190818011040095659e+00
9.201000000000000290e-01,1.245996729790088686e+00
9.197999999999999510e-01,1.265722951617406666e+00
9.191000000000000281e-01,1.195114191737608911e+00
9.187999999999999501e-01,1.171907658606280433e+00
9.184999999999999831e-01,1.185195080170703408e+00
9.177999999999999492e-01,1.117679173993357811e+00
9.174999999999999822e-01,1.010821652283541594e+00
9.172000000000000153e-01,9.511826827432455778e-01
9.165999999999999703e-01,9.414943197809388931e-01
9.163000000000000034e-01,9.344539432619425323e-01
9.155999999999999694e-01,1.082203435893019927e+00
9.153000000000000025e-01,1.279767806822360132e+00
9.150000000000000355e-01,1.402954785698767859e+00
9.140000000000000346e-01,1.443825566849743502e+00
9.136999999999999567e-01,1.440193565681313626e+00
9.130000000000000338e-01,1.354568876840850367e+00
9.126999999999999558e-01,1.282694263896808184e+00
9.119000000000000439e-01,1.245019779624948031e+00
9.115999999999999659e-01,1.180648213969653915e+00
9.112999999999999989e-01,1.147150037440133996e+00
9.106999999999999540e-01,1.125283550266198418e+00
9.102999999999999980e-01,1.121052543365738563e+00
9.100000000000000311e-01,1.041451251258124211e+00
9.093999999999999861e-01,1.040321380304104482e+00
9.086999999999999522e-01,1.066334682026798264e+00
9.083999999999999853e-01,1.043766059399611645e+00
9.076999999999999513e-01,1.020305612194488676e+00
9.073999999999999844e-01,1.068957495614225595e+00
9.071000000000000174e-01,1.027174915783912734e+00
9.063999999999999835e-01,1.001664408333061251e+00
9.061000000000000165e-01,1.008039329877113977e+00
9.051000000000000156e-01,1.010487640425994371e+00
9.048000000000000487e-01,1.015993085556957221e+00
9.044999999999999707e-01,1.088585297833039034e+00
9.038000000000000478e-01,1.048487023376440286e+00
9.034999999999999698e-01,9.660605227423957331e-01
9.032000000000000028e-01,9.096071328761057284e-01
9.023999999999999799e-01,8.863177465207039418e-01
9.021000000000000130e-01,8.649217707264177379e-01
9.018000000000000460e-01,8.631683900313380509e-01
9.012000000000000011e-01,9.213986738876301930e-01
9.009000000000000341e-01,8.883177928630663356e-01
9.005999999999999561e-01,8.847851677912937918e-01
8.999000000000000332e-01,9.092291447681395411e-01
8.995999999999999552e-01,1.018817964632476203e+00
8.992999999999999883e-01,1.081411994947947930e+00
8.985999999999999543e-01,1.181856497120339800e+00
8.981999999999999984e-01,1.223382145003823362e+00
8.975999999999999535e-01,1.230668936770679123e+00
8.971999999999999975e-01,1.147026194718084424e+00
8.969000000000000306e-01,1.121991687167076091e+00
8.961999999999999966e-01,1.115425104890113595e+00
8.959000000000000297e-01,1.049178765790762080e+00
8.952999999999999847e-01,1.014296643589776448e+00
8.950000000000000178e-01,9.953643567531256231e-01
8.945999999999999508e-01,9.551702128279827564e-01
8.939000000000000279e-01,9.758540620494887685e-01
8.935999999999999499e-01,1.072783030574495200e+00
8.932999999999999829e-01,1.110387240255486407e+00
8.925999999999999490e-01,1.143864248575807263e+00
8.921999999999999931e-01,1.175027216849047651e+00
8.915999999999999481e-01,1.159310352074130357e+00
8.912999999999999812e-01,1.152706246490900366e+00
8.909000000000000252e-01,1.175807679696383445e+00
8.902999999999999803e-01,1.175598028398325390e+00
8.900000000000000133e-01,1.233732815296220586e+00
8.897000000000000464e-01,1.227512744545605772e+00
8.891000000000000014e-01,1.240493655914262527e+00
8.887000000000000455e-01,1.225323612811177076e+00
8.881000000000000005e-01,1.233018042631345290e+00
8.878000000000000336e-01,1.190789870013087004e+00
8.874999999999999556e-01,1.172075476924341775e+00
8.868000000000000327e-01,1.123836771512176647e+00
8.864999999999999547e-01,1.113100733161828559e+00
8.861999999999999877e-01,1.168198260582745007e+00
8.854999999999999538e-01,1.214318680993337063e+00
8.851999999999999869e-01,1.158539361957866554e+00
8.846000000000000529e-01,1.148432879676184015e+00
8.841999999999999860e-01,1.109101242461538295e+00
8.836000000000000520e-01,1.053912187810729373e+00
8.831999999999999851e-01,1.006758538381891110e+00
8.829000000000000181e-01,1.113759151132251546e+00
8.822999999999999732e-01,1.122260506639938260e+00
8.819000000000000172e-01,1.141772630286960633e+00
8.812999999999999723e-01,1.130983865313891945e+00
8.810000000000000053e-01,1.104629176438415294e+00
8.802999999999999714e-01,1.129955376553623658e+00
8.800000000000000044e-01,1.133861992794332751e+00
8.792999999999999705e-01,1.097308926686912933e+00
8.789000000000000146e-01,1.086818619318724588e+00
8.786000000000000476e-01,1.069022088561188966e+00
8.779000000000000137e-01,9.721519260414562824e-01
8.776000000000000467e-01,9.756143545745084023e-01
8.772999999999999687e-01,1.038016856133375132e+00
8.767000000000000348e-01,1.095808196077407981e+00
8.763999999999999568e-01,1.147885372618020927e+00
8.760000000000000009e-01,1.167391189132171991e+00
8.752999999999999670e-01,1.163301308389416810e+00
8.750000000000000000e-01,1.142653788080774557e+00
8.747000000000000330e-01,1.083966843962586024e+00
8.739999999999999991e-01,1.106242681818622842e+00
8.737000000000000322e-01,1.178737948027905214e+00
8.729999999999999982e-01,1.154154861515363617e+00
8.727000000000000313e-01,1.144860171011299776e+00
8.719999999999999973e-01,1.153226002371665615e+00
8.717000000000000304e-01,1.125667564977963941e+00
8.713999999999999524e-01,1.068107747529967178e+00
8.707000000000000295e-01,1.125063702041989577e+00
8.703999999999999515e-01,1.146971941582280996e+00
8.700999999999999845e-01,1.153919457533708615e+00
8.693999999999999506e-01,1.062616714105485416e+00
8.689999999999999947e-01,1.097568631451967258e+00
8.682999999999999607e-01,1.047310902967391044e+00
8.679999999999999938e-01,1.068456745912105266e+00
8.672999999999999599e-01,1.015127775433333213e+00
8.669999999999999929e-01,1.042371976209544027e+00
8.663999999999999480e-01,9.928161026679510615e-01
8.659999999999999920e-01,1.024467571062101623e+00
8.657000000000000250e-01,1.025822544862692309e+00
8.649999999999999911e-01,1.118168112433925998e+00
8.647000000000000242e-01,1.179298938585801704e+00
8.639999999999999902e-01,1.182406060584104246e+00
8.637000000000000233e-01,1.209029537159941770e+00
8.633999999999999453e-01,1.156119016413395428e+00
8.628000000000000114e-01,1.109972575814993645e+00
8.624000000000000554e-01,1.100305762651854202e+00
8.620999999999999774e-01,1.145441549826320404e+00
8.614000000000000545e-01,1.124319092282721755e+00
8.610999999999999766e-01,1.179525694900429578e+00
8.607000000000000206e-01,1.243275721697079117e+00
8.599999999999999867e-01,1.306626069508473709e+00
8.597000000000000197e-01,1.285437880484824325e+00
8.592999999999999527e-01,1.299218830702053573e+00
8.587000000000000188e-01,1.249132908926684049e+00
8.582999999999999519e-01,1.147929191127536441e+00
8.579999999999999849e-01,1.030271162341181546e+00
8.572999999999999510e-01,1.020307825456423512e+00
8.569999999999999840e-01,9.846794928517615952e-01
8.564000000000000501e-01,9.702167623520940865e-01
8.559999999999999831e-01,1.001021088090012112e+00
8.554000000000000492e-01,1.057253408394617900e+00
8.549999999999999822e-01,1.085366829828987578e+00
8.547000000000000153e-01,1.112238558646713615e+00
8.539999999999999813e-01,1.159433592770944710e+00
8.537000000000000144e-01,1.194164567073288552e+00
8.529999999999999805e-01,1.148717116967873375e+00
8.527000000000000135e-01,1.093124832767452981e+00
8.524000000000000465e-01,1.077566311855002068e+00
8.517000000000000126e-01,9.879566630430908214e-01
8.512999999999999456e-01,9.563524345335139287e-01
8.509999999999999787e-01,1.022754157834135480e+00
8.502999999999999448e-01,1.093825168909101642e+00
8.499999999999999778e-01,1.151466555649599544e+00
8.496000000000000218e-01,1.247913130574263008e+00
8.488999999999999879e-01,1.285952690729188941e+00
8.486000000000000210e-01,1.277050442660340845e+00
8.479999999999999760e-01,1.258741634996840553e+00
8.476000000000000201e-01,1.232460922617542476e+00
8.473000000000000531e-01,1.231363611001179414e+00
8.466000000000000192e-01,1.206136361771928289e+00
8.463000000000000522e-01,1.200564918037716478e+00
8.459999999999999742e-01,1.148359759724215667e+00
8.453000000000000513e-01,1.092822807031226695e+00
8.448999999999999844e-01,1.012564613280114711e+00
8.441999999999999504e-01,9.684660131949879291e-01
8.438999999999999835e-01,9.276288339835764285e-01
8.435000000000000275e-01,9.431713011896769583e-01
8.428999999999999826e-01,9.986297600057120194e-01
8.425000000000000266e-01,1.066480726101756815e+00
8.421999999999999487e-01,1.137389325458135092e+00
8.415000000000000258e-01,1.224509269124457456e+00
8.411999999999999478e-01,1.240791782379443875e+00
8.407999999999999918e-01,1.202821981242940819e+00
8.400999999999999579e-01,1.211990648310734553e+00
8.397999999999999909e-01,1.234919284382601790e+00
8.394000000000000350e-01,1.238833147049200889e+00
8.387999999999999901e-01,1.297751697727847597e+00
8.384000000000000341e-01,1.326537329543672872e+00
8.377999999999999892e-01,1.272929694303079451e+00
8.375000000000000222e-01,1.149293371500298422e+00
8.367999999999999883e-01,1.049119097556588942e+00
8.365000000000000213e-01,8.981623205180784275e-01
8.360999999999999543e-01,8.240660164367947793e-01
8.354000000000000314e-01,8.306881273383025510e-01
8.349999999999999645e-01,8.921887186551235027e-01
8.346999999999999975e-01,8.938241575214694867e-01
8.339999999999999636e-01,9.210199293947783916e-01
8.336999999999999966e-01,9.696406084590271091e-01
8.334000000000000297e-01,1.000118331649368919e+00
8.326999999999999957e-01,9.895521079027885802e-01
8.324000000000000288e-01,1.027766824811537916e+00
8.320999999999999508e-01,1.072162424419140336e+00
8.315000000000000169e-01,1.125238049248036720e+00
8.312000000000000499e-01,1.172198684845984662e+00
8.308999999999999719e-01,1.215989243557799693e+00
8.303000000000000380e-01,1.267074173016760508e+00
8.299999999999999600e-01,1.355061851038077858e+00
8.296999999999999931e-01,1.311384354384589779e+00
8.289999999999999591e-01,1.243993625475448006e+00
8.286999999999999922e-01,1.225918220816302195e+00
8.284000000000000252e-01,1.139716102166593581e+00
8.276999999999999913e-01,1.072366283119061237e+00
8.274000000000000243e-01,1.070340879067086082e+00
8.266999999999999904e-01,1.095851292682720191e+00
8.264000000000000234e-01,1.067649578870705218e+00
8.260999999999999455e-01,1.064285498861561319e+00
8.254000000000000226e-01,1.007082439479847880e+00
8.250999999999999446e-01,1.003451808692726432e+00
8.246999999999999886e-01,9.772580149172703790e-01
8.241000000000000547e-01,9.856994994837664503e-01
8.237999999999999767e-01,9.901912621339270526e-01
8.234000000000000208e-01,1.029218741596532594e+00
8.227999999999999758e-01,9.504616842463676774e-01
8.225000000000000089e-01,9.200321433797120640e-01
8.217999999999999750e-01,9.958401445745584946e-01
8.215000000000000080e-01,1.106860840781806354e+00
8.207999999999999741e-01,1.133608951313369584e+00
8.205000000000000071e-01,1.249581036080471552e+00
8.202000000000000401e-01,1.330014954460806420e+00
8.195000000000000062e-01,1.280520333052509452e+00
8.191000000000000503e-01,1.202494229395542513e+00
8.187999999999999723e-01,1.196742259613331472e+00
8.181000000000000494e-01,1.138555303255989193e+00
8.177999999999999714e-01,1.047310745720120284e+00
8.171000000000000485e-01,9.775716033195991361e-01
8.167999999999999705e-01,8.836792406204106998e-01
8.165000000000000036e-01,8.629825649390798770e-01
8.158999999999999586e-01,8.857069867480860115e-01
8.155999999999999917e-01,9.132448084857996973e-01
8.148999999999999577e-01,9.694883534731163488e-01
8.145999999999999908e-01,1.073614563277813794e+00
8.143000000000000238e-01,1.128400172874938212e+00
8.135999999999999899e-01,1.169527476891571549e+00
8.132000000000000339e-01,1.192314355126025793e+00
8.128999999999999559e-01,1.200295811637011711e+00
8.122000000000000330e-01,1.197338641195089259e+00
8.118999999999999551e-01,1.133628436544159568e+00
8.115999999999999881e-01,1.074683182019503525e+00
8.108999999999999542e-01,1.080685272880632652e+00
8.105999999999999872e-01,1.091630633075699075e+00
8.102000000000000313e-01,1.026545854109772726e+00
8.095999999999999863e-01,9.800989240486142062e-01
8.093000000000000194e-01,9.310800616653402972e-01
8.088999999999999524e-01,8.975927315442444598e-01
8.083000000000000185e-01,8.859941550121845921e-01
8.080000000000000515e-01,9.358277136008867902e-01
8.075999999999999845e-01,9.650177447139556275e-01
8.068999999999999506e-01,1.068866840278417829e+00
8.065999999999999837e-01,1.136432074008361770e+00
8.063000000000000167e-01,1.102761050803813259e+00
8.055999999999999828e-01,1.103865280159266327e+00
8.053000000000000158e-01,1.145751766354549783e+00
8.046999999999999709e-01,1.094869381069382808e+00
8.043000000000000149e-01,1.063084174122430614e+00
8.040000000000000480e-01,1.114649387200378206e+00
8.033000000000000140e-01,1.152959861183133761e+00
8.030000000000000471e-01,1.213483037410187482e+00
8.026999999999999691e-01,1.280486793220972253e+00
8.020000000000000462e-01,1.248051907573946462e+00
8.015999999999999792e-01,1.213983611178317989e+00
8.013000000000000123e-01,1.156113313302425949e+00
8.005999999999999783e-01,1.084556128610261627e+00
8.003000000000000114e-01,1.015706447653127897e+00
8.000000000000000444e-01,1.037627193839624207e+00
7.993999999999999995e-01,1.088175342211020080e+00
7.991000000000000325e-01,1.173809313244969399e+00
7.986999999999999655e-01,1.180262073664922751e+00
7.981000000000000316e-01,1.191851135160168607e+00
7.977999999999999536e-01,1.242887886240551243e+00
7.971000000000000307e-01,1.257221720769724493e+00
7.967999999999999527e-01,1.214233061799657731e+00
7.964999999999999858e-01,1.187177425988270141e+00
7.957999999999999519e-01,1.150208011355402515e+00
7.954999999999999849e-01,1.095663714646491371e+00
7.947999999999999510e-01,1.006956373295828211e+00
7.944999999999999840e-01,9.349028746882120933e-01
7.941000000000000281e-01,8.934241662407471640e-01
7.933999999999999941e-01,8.466602911609555360e-01
7.931000000000000272e-01,8.166968400914741411e-01
7.926999999999999602e-01,8.096862656545299464e-01
7.921000000000000263e-01,8.331694465382040171e-01
7.917999999999999483e-01,8.971923701713014898e-01
7.913999999999999924e-01,9.714229271227252660e-01
7.907999999999999474e-01,9.721975997475928999e-01
7.903999999999999915e-01,9.961284487464139303e-01
7.901000000000000245e-01,1.034217019766983547e+00
7.893999999999999906e-01,1.031875517038191692e+00
7.891000000000000236e-01,1.006716132617782700e+00
7.887999999999999456e-01,9.925731214743827024e-01
7.881000000000000227e-01,1.021372650801474657e+00
7.877999999999999448e-01,1.009774254206036170e+00
7.874999999999999778e-01,9.785526210997348429e-01
7.868000000000000549e-01,1.021804088967917412e+00
7.864999999999999769e-01,1.069883603975960051e+00
7.861000000000000210e-01,1.087545608315712453e+00
7.854999999999999760e-01,1.131101984240406866e+00
7.852000000000000091e-01,1.182455880979343954e+00
7.848000000000000531e-01,1.116958301894954708e+00
7.842000000000000082e-01,1.125428584217089023e+00
7.838000000000000522e-01,1.116917784488857812e+00
7.834999999999999742e-01,1.121668300951700337e+00
7.828000000000000513e-01,1.130097002131208450e+00
7.824999999999999734e-01,1.230597089234009012e+00
7.822000000000000064e-01,1.254048317129441426e+00
7.815999999999999615e-01,1.285196802598004284e+00
7.812999999999999945e-01,1.241780735308506411e+00
7.805999999999999606e-01,1.196776497315171772e+00
7.802999999999999936e-01,1.108245460384252201e+00
7.799000000000000377e-01,1.058206779898374084e+00
7.792999999999999927e-01,9.904504629605626054e-01
7.789000000000000368e-01,9.796538753866628202e-01
7.785999999999999588e-01,1.018433514683239727e+00
7.779000000000000359e-01,1.080070516051093055e+00
7.775999999999999579e-01,1.100105910582308111e+00
7.772999999999999909e-01,1.113439446535080535e+00
7.765999999999999570e-01,1.150839653447505162e+00
7.762999999999999901e-01,1.111947674561561517e+00
7.755999999999999561e-01,1.071817234041538835e+00
7.752999999999999892e-01,1.074818590063100654e+00
7.750000000000000222e-01,1.047885951148269656e+00
7.743999999999999773e-01,9.672548633599815648e-01
7.740000000000000213e-01,1.000798795114735018e+00
7.737000000000000544e-01,1.005005367534367311e+00
7.730000000000000204e-01,1.042360871122763211e+00
7.727000000000000535e-01,1.095025740032035122e+00
7.723999999999999755e-01,1.083399893001685266e+00
7.717000000000000526e-01,1.064855785970347801e+00
7.713999999999999746e-01,1.058308296776333535e+00
7.707000000000000517e-01,1.014930779317108067e+00
7.703999999999999737e-01,9.932407334391906151e-01
7.701000000000000068e-01,1.108624373895583659e+00
7.693999999999999728e-01,1.108046166450118886e+00
7.691000000000000059e-01,1.129319433467931955e+00
7.684999999999999609e-01,1.155410756789182480e+00
7.681000000000000050e-01,1.161719909939795681e+00
7.673999999999999710e-01,1.090922771473864961e+00
7.671000000000000041e-01,1.092043584669244449e+00
7.668000000000000371e-01,1.087110392965148664e+00
7.661000000000000032e-01,1.097190831398295208e+00
7.658000000000000362e-01,1.097476314953771404e+00
7.654999999999999583e-01,1.103873853094128332e+00
7.649000000000000243e-01,1.081297132380712567e+00
7.644999999999999574e-01,1.071744313406522542e+00
7.641999999999999904e-01,1.025386118290658288e+00
7.634999999999999565e-01,9.965635344946764951e-01
7.631999999999999895e-01,9.948897401101941540e-01
7.629000000000000226e-01,1.017301956090580051e+00
7.621999999999999886e-01,1.081245832670260754e+00
7.619000000000000217e-01,1.117824513237053452e+00
7.616000000000000547e-01,1.133323757059809367e+00
7.609000000000000208e-01,1.128297055091181944e+00
7.606000000000000538e-01,1.104734997046386002e+00
7.602999999999999758e-01,1.016157794664213077e+00
7.596000000000000529e-01,9.868234913540386843e-01
7.591999999999999860e-01,9.634806215444435828e-01
7.589000000000000190e-01,9.394031624162385574e-01
7.581999999999999851e-01,9.511262964681521659e-01
7.579000000000000181e-01,9.733202204745272645e-01
7.571999999999999842e-01,1.007076771658080405e+00
7.569000000000000172e-01,1.080734909727903981e+00
7.566000000000000503e-01,1.106488329742153054e+00
7.559000000000000163e-01,1.072305168665840691e+00
7.556000000000000494e-01,9.997781366185427565e-01
7.552999999999999714e-01,9.630324610105516214e-01
7.547000000000000375e-01,9.345805418622261662e-01
7.543999999999999595e-01,9.139819168976769381e-01
7.540000000000000036e-01,9.434614326463836020e-01
7.532999999999999696e-01,9.197651042490430084e-01
7.530000000000000027e-01,8.913851605740764628e-01
7.526000000000000467e-01,8.522429773118872509e-01
7.520000000000000018e-01,8.434423596240249177e-01
7.517000000000000348e-01,7.994697190219501870e-01
7.513999999999999568e-01,8.717180585285367878e-01
7.507000000000000339e-01,8.678736106500217762e-01
7.503999999999999559e-01,8.366647053369148379e-01
7.498000000000000220e-01,8.423960160234417183e-01
7.493999999999999551e-01,8.957066394615909033e-01
7.490999999999999881e-01,9.426529096846075761e-01
7.483999999999999542e-01,9.648221589451250191e-01
7.480999999999999872e-01,9.274435125583568862e-01
7.478000000000000203e-01,8.643948525104138136e-01
7.470999999999999863e-01,8.458812982534146263e-01
7.468000000000000194e-01,8.366503250557820737e-01
7.465000000000000524e-01,8.649201593751570938e-01
7.458000000000000185e-01,9.445726531857878694e-01
7.453999999999999515e-01,9.657457502622313061e-01
7.450999999999999845e-01,9.682183416388073782e-01
7.443999999999999506e-01,9.628859668492362189e-01
7.440999999999999837e-01,8.989759937048230620e-01
7.433999999999999497e-01,8.607516746283322417e-01
7.429999999999999938e-01,9.317468614748053435e-01
7.427000000000000268e-01,9.444047813340210595e-01
7.419999999999999929e-01,9.162175844859565821e-01
7.417000000000000259e-01,9.576948266216273042e-01
7.413999999999999480e-01,1.044474476862497392e+00
7.407000000000000250e-01,1.025421581779609292e+00
7.403999999999999471e-01,1.062708269555026508e+00
7.398000000000000131e-01,1.103818649013446729e+00
7.393999999999999462e-01,1.103734630768238301e+00
7.390999999999999792e-01,1.009569677256488829e+00
7.383999999999999453e-01,1.025930017838974750e+00
7.380999999999999783e-01,9.686214853450725304e-01
7.377000000000000224e-01,9.007565039611393765e-01
7.369999999999999885e-01,8.457824537667218978e-01
7.368000000000000105e-01,8.456890371114078597e-01
7.364000000000000545e-01,8.513415853708683478e-01
7.358000000000000096e-01,8.278972090178249310e-01
7.355000000000000426e-01,7.866438497603628344e-01
7.348000000000000087e-01,7.671678306668539005e-01
7.345000000000000417e-01,7.478248454714786497e-01
7.341999999999999638e-01,6.942439965999802620e-01
7.335000000000000409e-01,7.061749708531933623e-01
7.331999999999999629e-01,8.780836895747741178e-01
7.328000000000000069e-01,9.943093427336456847e-01
7.321999999999999620e-01,1.078664909163265406e+00
7.318999999999999950e-01,1.154628776710714400e+00
7.315000000000000391e-01,1.188038111231276561e+00
7.308000000000000052e-01,1.137102231637265870e+00
7.305000000000000382e-01,1.126789189920124334e+00
7.301999999999999602e-01,1.080653898257108558e+00
7.295000000000000373e-01,1.082342016587301003e+00
7.291999999999999593e-01,1.025087471641233927e+00
7.285000000000000364e-01,9.486694662267507461e-01
7.281999999999999584e-01,8.562701327335940915e-01
7.276000000000000245e-01,8.489498577833598514e-01
7.271999999999999575e-01,8.428615831789637580e-01
7.266000000000000236e-01,8.925429280413900157e-01
7.262999999999999456e-01,9.054850889531064206e-01
7.258999999999999897e-01,9.030615591288509991e-01
7.251999999999999558e-01,8.681697588731190907e-01
7.248999999999999888e-01,7.688764821857374532e-01
7.246000000000000218e-01,6.968968871747666105e-01
7.238999999999999879e-01,6.992921888061831570e-01
7.236000000000000210e-01,7.581545331696026846e-01
7.228999999999999870e-01,8.575485225630062880e-01
7.226000000000000201e-01,1.007879833785155332e+00
7.221999999999999531e-01,1.114536891961837028e+00
7.216000000000000192e-01,1.137245994917712721e+00
7.211999999999999522e-01,1.172417304866474330e+00
7.208999999999999853e-01,1.153805652566453066e+00
7.203000000000000513e-01,1.088429032609361524e+00
7.199999999999999734e-01,1.071625896343214590e+00
7.196000000000000174e-01,1.157971380343625345e+00
7.189999999999999725e-01,1.137765497128892633e+00
7.186000000000000165e-01,1.074444357333018019e+00
7.183000000000000496e-01,9.900815003395514458e-01
7.176000000000000156e-01,9.355099621329021620e-01
7.173000000000000487e-01,8.012433292680503083e-01
7.166000000000000147e-01,7.107453029334132033e-01
7.163000000000000478e-01,6.743931025825211645e-01
7.159999999999999698e-01,6.859217351776192295e-01
7.154000000000000359e-01,6.796354696224360392e-01
7.149999999999999689e-01,6.698901140110569141e-01
7.147000000000000020e-01,6.902700127170424693e-01
7.139999999999999680e-01,7.525223290333338255e-01
7.137000000000000011e-01,8.250742557035229963e-01
7.133000000000000451e-01,9.214852434356185507e-01
7.127000000000000002e-01,1.010442661636204331e+00
7.124000000000000332e-01,1.070957637189298817e+00
7.119999999999999662e-01,1.109449388474598175e+00
7.113000000000000433e-01,1.030230757775932426e+00
7.109999999999999654e-01,9.894536526253160380e-01
7.106999999999999984e-01,1.018588814404516762e+00
7.099999999999999645e-01,9.945091415692470793e-01
7.096999999999999975e-01,1.024917134585870526e+00
7.093000000000000416e-01,1.089217237602094102e+00
7.086999999999999966e-01,1.052795174775952747e+00
7.084000000000000297e-01,9.873989789860315724e-01
7.076999999999999957e-01,1.021617848022682296e+00
7.073000000000000398e-01,9.694398021090068207e-01
7.069999999999999618e-01,9.523451603787176367e-01
7.063000000000000389e-01,9.350317676035113656e-01
7.059999999999999609e-01,8.631724374981440961e-01
7.056000000000000050e-01,8.353773842587065568e-01
7.049999999999999600e-01,8.035950701410639052e-01
7.046999999999999931e-01,8.089791809338248152e-01
7.043000000000000371e-01,8.023744523925209204e-01
7.036999999999999922e-01,9.094788277486109962e-01
7.034000000000000252e-01,9.196022700271727635e-01
7.029999999999999583e-01,9.877677973139237233e-01
7.024000000000000243e-01,1.015240340660750196e+00
7.019999999999999574e-01,1.067708606285952655e+00
7.016999999999999904e-01,1.082318265408360736e+00
7.009999999999999565e-01,1.102285371243350021e+00
7.006999999999999895e-01,1.091495202586931335e+00
7.004000000000000226e-01,1.089125127513301816e+00
6.999999999999999556e-01,1.108141401118048375e+00
6.994000000000000217e-01,1.082451783280535818e+00
6.989999999999999547e-01,1.041615849263835436e+00
6.986999999999999877e-01,1.017102523462459773e+00
6.979999999999999538e-01,9.322238373851016169e-01
6.975999999999999979e-01,8.270338743221471445e-01
6.969999999999999529e-01,8.154657143399912655e-01
6.966999999999999860e-01,8.215880672388793382e-01
6.963000000000000300e-01,8.283223032088532500e-01
6.956999999999999851e-01,8.860206053195458509e-01
6.953000000000000291e-01,9.320229767902087348e-01
6.949999999999999512e-01,9.301154867494277889e-01
6.944000000000000172e-01,8.880473790081472307e-01
6.941000000000000503e-01,8.694227862669767770e-01
6.936999999999999833e-01,8.365441134623036179e-01
6.931000000000000494e-01,8.202296241143630651e-01
6.927999999999999714e-01,7.487341203050307259e-01
6.924000000000000155e-01,7.210272170840581474e-01
6.917999999999999705e-01,7.636581560089421572e-01
6.914000000000000146e-01,8.310796831016016295e-01
6.911000000000000476e-01,9.292595537856858101e-01
6.904000000000000137e-01,9.974348266379716721e-01
6.899999999999999467e-01,1.071214627631697613e+00
6.896999999999999797e-01,1.085404445444471122e+00
6.889999999999999458e-01,1.120726334654584377e+00
6.886999999999999789e-01,1.164922713746199712e+00
6.883000000000000229e-01,1.161278818250025102e+00
6.879999999999999449e-01,1.150806113828922728e+00
6.873000000000000220e-01,1.124549401738325738e+00
6.870000000000000551e-01,1.059401861136927137e+00
6.866999999999999771e-01,8.966013069753449027e-01
6.860000000000000542e-01,8.028220650158763849e-01
6.856999999999999762e-01,7.670884055841625804e-01
6.854000000000000092e-01,6.559482361871010747e-01
6.846999999999999753e-01,6.182815197275370878e-01
6.843000000000000194e-01,6.743825013228593734e-01
6.840000000000000524e-01,7.248088613606012975e-01
6.833000000000000185e-01,7.734446180325538212e-01
6.830000000000000515e-01,8.328446590029348062e-01
6.825999999999999845e-01,8.365641613279628519e-01
6.820000000000000506e-01,8.283988497321398414e-01
6.816999999999999726e-01,8.623741368609522118e-01
6.813000000000000167e-01,8.891170672321868640e-01
6.806999999999999718e-01,9.225546304771071737e-01
6.803000000000000158e-01,8.953772538423249161e-01
6.796999999999999709e-01,8.438452063132956260e-01
6.794000000000000039e-01,8.631053404890843828e-01
6.790000000000000480e-01,7.855215798113074355e-01
6.784000000000000030e-01,6.880970321737622797e-01
6.781000000000000361e-01,6.857674583748973873e-01
6.776999999999999691e-01,6.972067435154216675e-01
6.770000000000000462e-01,6.443089138827989837e-01
6.766999999999999682e-01,6.632652467049998668e-01
6.760000000000000453e-01,7.291305190605668063e-01
6.756999999999999673e-01,7.943432673400419031e-01
6.751000000000000334e-01,7.961944869504244959e-01
6.746999999999999664e-01,8.191653125159960025e-01
6.743000000000000105e-01,8.131686890153894121e-01
6.735999999999999766e-01,8.036832907567376116e-01
6.733000000000000096e-01,7.925249805355860655e-01
6.725999999999999757e-01,8.464118868548031749e-01
6.723000000000000087e-01,8.331248941053498447e-01
6.716999999999999638e-01,8.818636558895891486e-01
6.713000000000000078e-01,9.250306925837058492e-01
6.710000000000000409e-01,9.012112310251979563e-01
6.703000000000000069e-01,8.667748484048054536e-01
6.700000000000000400e-01,8.777938910490418190e-01
6.695999999999999730e-01,8.943281806768343944e-01
6.689000000000000501e-01,8.960372411224991618e-01
6.685999999999999721e-01,8.831965211487240452e-01
6.683000000000000052e-01,8.279663701114825525e-01
6.675999999999999712e-01,8.150389912504192313e-01
6.673000000000000043e-01,7.184132456360126096e-01
6.670000000000000373e-01,6.651496806277940044e-01
6.663000000000000034e-01,6.779970808411250882e-01
6.660000000000000364e-01,7.920738679737666654e-01
6.653999999999999915e-01,8.209951201382237329e-01
6.650000000000000355e-01,9.469623025119139337e-01
6.645999999999999686e-01,1.029764950816608460e+00
6.640000000000000346e-01,1.076734504233262113e+00
6.635999999999999677e-01,1.007461867819220425e+00
6.633000000000000007e-01,9.746377810262302210e-01
6.625999999999999668e-01,8.773651648712188500e-01
6.622999999999999998e-01,8.924604891575456111e-01
6.620000000000000329e-01,8.983779399105580321e-01
6.612999999999999989e-01,9.611142428216784550e-01
6.610000000000000320e-01,9.487707210507205779e-01
6.606999999999999540e-01,9.954641714492173943e-01
6.601000000000000201e-01,9.157263085527582724e-01
6.596999999999999531e-01,8.820781716387116056e-01
6.591000000000000192e-01,8.559822672657424469e-01
6.586999999999999522e-01,8.836079149118768461e-01
6.583999999999999853e-01,8.779270150451046195e-01
6.576999999999999513e-01,8.811821386464635530e-01
6.573999999999999844e-01,8.255399578361437563e-01
6.566999999999999504e-01,8.092446589484657560e-01
6.563999999999999835e-01,8.547777852457861814e-01
6.558000000000000496e-01,8.199296708769066022e-01
6.553999999999999826e-01,8.112706381149804580e-01
6.546999999999999487e-01,8.566189227535160322e-01
6.543999999999999817e-01,8.672738642351990324e-01
6.536999999999999478e-01,8.753844018206947686e-01
6.533999999999999808e-01,8.823127940216225484e-01
6.531000000000000139e-01,8.610904664137218889e-01
6.523999999999999799e-01,8.656232010011144506e-01
6.521000000000000130e-01,8.084490375766946180e-01
6.514999999999999680e-01,6.967286483895718252e-01
6.511000000000000121e-01,6.538279699940668932e-01
6.508000000000000451e-01,6.586274580176049165e-01
6.502000000000000002e-01,6.262242206779566889e-01
6.499000000000000332e-01,6.654877187629859581e-01
6.494999999999999662e-01,6.618029532751146249e-01
6.488000000000000433e-01,6.816218276307212109e-01
6.484999999999999654e-01,6.823651242334610734e-01
6.481999999999999984e-01,7.253777531462252126e-01
6.475999999999999535e-01,7.264998325360455533e-01
6.471999999999999975e-01,8.552933543222451807e-01
6.465999999999999526e-01,8.802340750160841942e-01
6.462999999999999856e-01,8.935946922204728304e-01
6.455999999999999517e-01,8.602602995833040778e-01
6.452999999999999847e-01,8.808724678693867771e-01
6.447000000000000508e-01,7.846724349232225837e-01
6.442999999999999838e-01,7.496495663317920277e-01
6.437000000000000499e-01,7.381794285210574458e-01
6.433999999999999719e-01,7.650075329782708433e-01
6.427000000000000490e-01,7.257678366640735179e-01
6.423999999999999710e-01,7.740939809639664215e-01
6.421000000000000041e-01,7.852156744676819233e-01
6.413999999999999702e-01,7.905774113367569633e-01
6.411000000000000032e-01,7.529888393806305480e-01
6.404999999999999583e-01,7.240223627130726314e-01
6.401999999999999913e-01,7.254225373679729083e-01
6.395999999999999464e-01,7.335337468893088353e-01
6.392999999999999794e-01,8.010374231268158063e-01
6.389000000000000234e-01,8.577339079696155721e-01
6.382999999999999785e-01,9.335730393030678975e-01
6.380000000000000115e-01,9.167132542385603156e-01
6.377000000000000446e-01,8.954129016412737396e-01
6.370999999999999996e-01,8.326628984511169618e-01
6.367000000000000437e-01,8.386051148194517690e-01
6.363999999999999657e-01,8.245559766753561837e-01
6.358000000000000318e-01,7.904358582755399709e-01
6.353999999999999648e-01,8.169726626490458887e-01
6.348000000000000309e-01,8.418268150462564492e-01
6.344999999999999529e-01,8.422134220804206040e-01
6.338000000000000300e-01,8.643309972562740473e-01
6.334999999999999520e-01,8.884432121301216734e-01
6.331999999999999851e-01,9.467002661307093447e-01
6.326000000000000512e-01,9.878123653665055182e-01
6.322999999999999732e-01,9.548548795331596173e-01
6.317000000000000393e-01,8.608010901412639360e-01
6.313999999999999613e-01,8.498179365270391861e-01
6.308000000000000274e-01,8.248385668228190859e-01
6.304999999999999494e-01,7.907861378128600016e-01
6.299000000000000155e-01,7.838151959931040080e-01
6.296000000000000485e-01,8.021296200746985683e-01
6.290000000000000036e-01,7.483695542746110485e-01
6.287000000000000366e-01,6.723509588168335993e-01
6.280999999999999917e-01,6.258327862072171621e-01
6.278000000000000247e-01,6.275732094249836246e-01
6.273999999999999577e-01,6.206010625003227643e-01
6.268000000000000238e-01,6.350635573913049337e-01
6.264999999999999458e-01,7.109274223141698323e-01
6.261999999999999789e-01,6.902837716708798421e-01
6.256000000000000449e-01,6.823423414146351229e-01
6.252999999999999670e-01,7.625482162963020949e-01
6.246000000000000441e-01,8.363996454244931877e-01
6.242999999999999661e-01,8.219159159023048389e-01
6.239999999999999991e-01,8.689631410739585560e-01
6.233999999999999542e-01,9.122906255710356849e-01
6.229999999999999982e-01,9.295252354230009173e-01
6.227000000000000313e-01,8.316279215201534125e-01
6.221999999999999753e-01,7.852802595098573590e-01
6.219000000000000083e-01,7.667984364453233059e-01
6.216000000000000414e-01,7.289917976362886298e-01
6.209999999999999964e-01,7.101091227552924767e-01
6.207000000000000295e-01,8.650533839734546593e-01
6.203999999999999515e-01,1.049513687701800313e+00
6.198000000000000176e-01,1.150396158797126089e+00
6.196000000000000396e-01,1.222282361587403887e+00
6.189999999999999947e-01,1.213947533559370351e+00
6.187000000000000277e-01,1.130404787756597473e+00
6.183999999999999497e-01,1.024786432428093086e+00
6.178000000000000158e-01,9.792660793408320963e-01
6.175000000000000488e-01,9.328344037599911598e-01
6.171999999999999709e-01,9.453262624810332415e-01
6.166000000000000369e-01,9.876936291812465907e-01
6.162999999999999590e-01,9.484523811037482988e-01
6.159999999999999920e-01,8.989646119759303611e-01
6.152999999999999581e-01,8.183788909433415970e-01
6.149999999999999911e-01,7.548412461695630515e-01
6.147000000000000242e-01,6.310020662020354720e-01
6.140999999999999792e-01,5.789569932279636788e-01
6.138000000000000123e-01,5.372516673666366538e-01
6.131999999999999673e-01,6.079355548109510732e-01
6.129000000000000004e-01,6.317782276881594994e-01
6.126000000000000334e-01,7.424265367714233399e-01
6.119999999999999885e-01,7.838765783882428728e-01
6.117000000000000215e-01,8.744270278269321572e-01
6.114000000000000545e-01,8.913690641910303469e-01
6.108000000000000096e-01,8.833840268018812170e-01
6.105000000000000426e-01,8.336416932008816616e-01
6.101999999999999647e-01,8.562728850654982571e-01
6.096000000000000307e-01,8.023207614265420728e-01
6.092999999999999527e-01,8.257007679431800362e-01
6.089999999999999858e-01,8.397380072631271952e-01
6.084000000000000519e-01,8.365669957756395325e-01
6.080999999999999739e-01,7.971942439024408689e-01
6.078000000000000069e-01,8.013275036423961328e-01
6.070999999999999730e-01,7.454458195520208275e-01
6.068000000000000060e-01,7.980578496670498456e-01
6.065000000000000391e-01,8.632079671932330056e-01
6.058999999999999941e-01,9.491089600084656741e-01
6.056000000000000272e-01,1.021945992613210175e+00
6.052999999999999492e-01,1.114530984336753461e+00
6.047000000000000153e-01,1.178804986385756370e+00
6.042999999999999483e-01,1.164328488479290824e+00
6.037000000000000144e-01,1.096802027035007177e+00
6.034000000000000474e-01,9.706039183831477457e-01
6.030999999999999694e-01,8.011489961880224886e-01
6.024000000000000465e-01,6.635519464891909136e-01
6.020999999999999686e-01,6.118044411685535922e-01
6.018000000000000016e-01,6.310539604352516374e-01
6.010999999999999677e-01,6.459055755978632130e-01
6.008000000000000007e-01,6.586495837047900981e-01
6.005000000000000338e-01,6.553182807372132102e-01
5.998999999999999888e-01,5.855964316712342077e-01
5.995000000000000329e-01,5.488343630295072773e-01
5.987999999999999989e-01,6.388837845271166938e-01
5.985000000000000320e-01,7.239725439000394003e-01
5.981999999999999540e-01,6.603671790952198029e-01
5.975000000000000311e-01,6.896273707373418160e-01
5.971999999999999531e-01,6.498719411978520766e-01
5.968999999999999861e-01,5.621773969313736963e-01
5.961999999999999522e-01,5.109891871318134049e-01
5.958999999999999853e-01,5.512044437076119019e-01
5.956000000000000183e-01,6.142854751189225082e-01
5.948999999999999844e-01,6.697808007566363742e-01
5.945000000000000284e-01,7.414958627054851759e-01
5.941999999999999504e-01,7.573525889612714446e-01
5.935000000000000275e-01,7.932240194737093519e-01
5.930999999999999606e-01,7.812097902848424980e-01
5.927999999999999936e-01,7.487352309997613586e-01
5.920999999999999597e-01,6.960547092321051066e-01
5.917000000000000037e-01,6.525855778552469566e-01
5.914000000000000368e-01,5.819587316109597896e-01
5.907000000000000028e-01,5.089864592826287559e-01
5.903000000000000469e-01,5.110329495572329961e-01
5.899999999999999689e-01,4.785859064306008381e-01
5.893000000000000460e-01,5.092152017962398025e-01
5.888999999999999790e-01,5.782296264968816990e-01
5.885000000000000231e-01,6.219922410681533176e-01
5.877999999999999892e-01,6.158284353911802622e-01
5.875000000000000222e-01,6.061999624477204529e-01
5.870999999999999552e-01,5.850557148178586742e-01
5.864000000000000323e-01,5.876459759305424635e-01
5.859999999999999654e-01,6.381472173476454568e-01
5.856000000000000094e-01,6.116706417443745769e-01
5.848999999999999755e-01,6.547559242830319759e-01
5.845000000000000195e-01,7.322607608577225147e-01
5.836999999999999966e-01,7.495485217644953790e-01
5.834000000000000297e-01,7.499154696165993839e-01
5.829999999999999627e-01,7.988809404300272199e-01
5.822000000000000508e-01,7.866868414244803098e-01
5.817999999999999838e-01,7.168336415264847661e-01
5.814000000000000279e-01,7.403809552857659737e-01
5.806000000000000050e-01,6.833243427367685641e-01
5.800999999999999490e-01,6.706877135868177797e-01
5.797999999999999821e-01,6.932928434756624458e-01
5.788999999999999702e-01,7.471679959450416852e-01
5.785000000000000142e-01,6.707813499787912415e-01
5.780999999999999472e-01,7.012231642643945717e-01
5.773000000000000353e-01,7.592838409806873523e-01
5.768999999999999684e-01,7.400618659807872701e-01
5.765000000000000124e-01,7.414460920474735817e-01
5.756999999999999895e-01,8.226749914770625782e-01
5.753000000000000336e-01,7.916419493438076049e-01
5.747999999999999776e-01,7.765561904898161671e-01
5.739999999999999547e-01,8.125669301433519065e-01
5.735999999999999988e-01,7.686371151709169292e-01
5.732000000000000428e-01,7.612083306238887070e-01
5.723000000000000309e-01,8.426094499587588604e-01
5.718999999999999639e-01,8.057939698231236791e-01
5.709999999999999520e-01,7.965461507939558539e-01
5.705999999999999961e-01,8.140338066405656825e-01
5.696999999999999842e-01,7.520222723800262798e-01
5.693000000000000282e-01,7.245517083042524176e-01
5.688999999999999613e-01,7.516506280104418014e-01
5.679999999999999494e-01,7.495279781857128176e-01
5.675999999999999934e-01,7.355376743691660613e-01
5.671000000000000485e-01,6.820391030883804495e-01
5.662000000000000366e-01,6.093646525633100719e-01
5.657999999999999696e-01,5.872690351621523419e-01
5.653000000000000247e-01,5.740344131321961640e-01
5.644000000000000128e-01,6.007657481724160142e-01
5.638999999999999568e-01,6.689707690302887366e-01
5.635000000000000009e-01,7.215086827617317455e-01
5.625999999999999890e-01,7.244052349079932451e-01
5.621000000000000441e-01,6.896569949453590365e-01
5.616999999999999771e-01,6.796667309095366649e-01
5.606999999999999762e-01,6.209943899056907801e-01
5.602000000000000313e-01,6.002666174657195208e-01
5.597999999999999643e-01,6.016187810727047225e-01
5.587999999999999634e-01,7.032738845420133389e-01
5.584000000000000075e-01,7.474850868046528651e-01
5.578999999999999515e-01,8.404249002037094129e-01
5.568999999999999506e-01,9.084041708250917280e-01
5.564000000000000057e-01,9.541206080728587002e-01
5.560000000000000497e-01,8.854689905878065925e-01
5.550000000000000488e-01,8.460150148041634122e-01
5.545999999999999819e-01,7.618440907809775897e-01
5.541000000000000369e-01,6.547176778737284764e-01
5.531000000000000361e-01,5.718273412676222467e-01
5.526999999999999691e-01,4.873004475502984434e-01
5.516999999999999682e-01,4.138298572630565997e-01
5.512000000000000233e-01,4.686013883417606274e-01
5.507999999999999563e-01,5.299517277285170636e-01
5.497999999999999554e-01,5.722671765811399025e-01
5.493000000000000105e-01,6.835349541435553622e-01
5.489000000000000545e-01,7.800837324824227981e-01
5.479000000000000536e-01,7.739152182160979887e-01
5.473999999999999977e-01,7.094640150703823700e-01
5.469000000000000528e-01,7.054296524267728019e-01
5.459000000000000519e-01,6.764900494123787800e-01
5.453999999999999959e-01,6.249933657971606937e-01
5.449000000000000510e-01,5.625769203494723758e-01
5.440000000000000391e-01,5.491657861314558353e-01
5.434999999999999831e-01,4.939824016328420719e-01
5.430000000000000382e-01,4.866510585856132498e-01
5.421000000000000263e-01,5.116604282705966567e-01
5.415999999999999703e-01,5.537012159729376437e-01
5.405999999999999694e-01,6.286561101994520007e-01
5.402000000000000135e-01,6.919777377249053396e-01
5.397999999999999465e-01,7.305869453118341017e-01
5.396999999999999575e-01,6.286829782643776898e-01
5.394999999999999796e-01,5.811320763800253975e-01
5.393999999999999906e-01,5.530957797855035052e-01
5.393000000000000016e-01,5.195871445518723819e-01
5.392000000000000126e-01,5.361176712460197225e-01
5.390000000000000346e-01,6.233141030705796615e-01
5.389000000000000457e-01,5.934860812781272976e-01
5.387999999999999456e-01,6.384370308096243285e-01
5.386999999999999567e-01,5.618107278239359292e-01
5.385999999999999677e-01,5.573946707206067774e-01
5.383999999999999897e-01,4.788306990106266925e-01
5.383000000000000007e-01,5.786122016454564587e-01
5.382000000000000117e-01,5.401646362378220712e-01
5.380000000000000338e-01,5.895606187306806634e-01
5.376999999999999558e-01,4.948118041509657616e-01
5.374999999999999778e-01,5.660709996684748502e-01
5.373999999999999888e-01,5.469006785682739569e-01
5.372999999999999998e-01,5.375410978978450993e-01
5.369000000000000439e-01,5.792791841739697301e-01
5.366999999999999549e-01,6.158278560332297591e-01
5.364999999999999769e-01,6.160130242388595079e-01
5.363999999999999879e-01,6.124189611374231124e-01
5.362000000000000099e-01,6.221529064248665364e-01
5.358000000000000540e-01,6.293260963630142868e-01
5.355999999999999650e-01,6.457349193862704784e-01
5.354999999999999760e-01,5.978793026837486702e-01
5.352999999999999980e-01,6.198386793616894597e-01
5.350000000000000311e-01,6.342711715228571689e-01
5.348000000000000531e-01,6.452417130663884448e-01
5.345999999999999641e-01,6.513021574027638705e-01
5.342999999999999972e-01,7.280501847157366813e-01
5.336999999999999522e-01,7.326281276509583051e-01
5.332999999999999963e-01,7.655489286823718986e-01
5.332000000000000073e-01,7.335149543011981743e-01
5.330000000000000293e-01,7.872309401751181879e-01
5.324999999999999734e-01,7.819390757496380573e-01
5.322999999999999954e-01,7.458336461186459987e-01
5.319000000000000394e-01,7.367506630205633567e-01
5.315999999999999615e-01,7.377691895367466390e-01
5.313999999999999835e-01,6.608128133432644713e-01
5.312000000000000055e-01,5.610056879989250289e-01
5.309000000000000385e-01,5.191162104387775367e-01
5.304999999999999716e-01,4.379687491085081930e-01
5.301000000000000156e-01,4.040525817063794767e-01
5.296999999999999487e-01,3.766364864594973216e-01
5.295999999999999597e-01,4.290739171012442066e-01
5.293999999999999817e-01,4.788830605619020520e-01
5.290000000000000258e-01,5.154593660956774404e-01
5.289000000000000368e-01,5.046507071036765435e-01
5.288000000000000478e-01,5.731828981034303716e-01
5.282999999999999918e-01,6.022054670290488687e-01
5.280000000000000249e-01,5.702803390392197080e-01
5.279000000000000359e-01,5.604619412665629019e-01
5.274999999999999689e-01,6.340281180727130872e-01
5.271000000000000130e-01,5.649550632573496767e-01
5.268000000000000460e-01,4.960902497622155516e-01
5.265999999999999570e-01,4.863199456876798332e-01
5.263999999999999790e-01,4.823747647342974676e-01
5.262000000000000011e-01,4.045526810974447995e-01
5.260000000000000231e-01,4.386150042209879807e-01
5.253999999999999782e-01,4.801092863282452328e-01
5.252999999999999892e-01,4.854798905002538634e-01
5.252000000000000002e-01,4.333073385819757872e-01
5.250000000000000222e-01,4.731203063651489571e-01
5.249000000000000332e-01,4.516334076837963396e-01
5.245999999999999552e-01,4.509328562445069633e-01
5.241999999999999993e-01,4.690126250754544923e-01
5.239000000000000323e-01,5.750012319023084517e-01
5.238000000000000433e-01,5.575734363569978536e-01
5.235999999999999543e-01,6.062616346341059836e-01
5.233999999999999764e-01,6.310780963534462495e-01
5.231999999999999984e-01,7.201762994500648940e-01
5.230000000000000204e-01,6.335775328183967936e-01
5.225999999999999535e-01,6.808583381254923461e-01
5.222999999999999865e-01,6.556408135250518798e-01
5.220000000000000195e-01,6.698406180145194400e-01
5.219000000000000306e-01,5.691422379212190963e-01
5.214999999999999636e-01,6.019792852713506948e-01
5.212999999999999856e-01,6.189755372709715431e-01
5.209000000000000297e-01,6.370872600423849175e-01
5.208000000000000407e-01,6.656290066162084962e-01
5.204999999999999627e-01,7.786513722269490234e-01
5.203999999999999737e-01,8.095885507280325966e-01
5.201000000000000068e-01,7.959435908214129718e-01
5.199000000000000288e-01,8.435928587901402320e-01
5.194999999999999618e-01,7.974729982958284058e-01
5.193999999999999728e-01,7.729530887053830401e-01
5.191999999999999948e-01,7.580431749900501393e-01
5.190000000000000169e-01,7.807451288558558966e-01
5.187000000000000499e-01,7.288519407528532001e-01
5.184999999999999609e-01,7.097486477598141663e-01
5.183999999999999719e-01,5.759713956424161729e-01
5.181999999999999940e-01,6.205549387227476954e-01
5.181000000000000050e-01,6.021139168516098650e-01
5.178000000000000380e-01,5.881414119432437637e-01
5.175999999999999490e-01,6.352039544053889042e-01
5.174999999999999600e-01,7.506513055224872666e-01
5.172999999999999821e-01,7.732696780038406104e-01
5.171000000000000041e-01,6.934978416717196836e-01
5.169000000000000261e-01,7.547442757734751373e-01
5.167000000000000481e-01,7.229167855028750811e-01
5.165999999999999481e-01,7.343301137607838314e-01
5.163999999999999702e-01,7.379918041835326070e-01
5.162999999999999812e-01,8.073175662373642814e-01
5.161999999999999922e-01,7.771272469746931533e-01
5.158000000000000362e-01,6.962523266366288377e-01
5.157000000000000473e-01,5.415692493287299625e-01
5.155999999999999472e-01,4.697254194361427659e-01
5.153999999999999693e-01,3.780517709156550055e-01
5.152999999999999803e-01,2.878515618639360119e-01
5.151999999999999913e-01,2.956096756293047356e-01
5.148000000000000353e-01,3.500564200251826685e-01
5.145999999999999464e-01,3.154886842833548588e-01
5.144999999999999574e-01,3.798741188128229584e-01
5.143999999999999684e-01,4.774622008823364294e-01
5.142999999999999794e-01,5.353243562714049553e-01
5.141000000000000014e-01,5.392116024943716113e-01
5.138000000000000345e-01,5.665630727427067859e-01
5.135999999999999455e-01,5.269144741811698784e-01
5.134999999999999565e-01,4.772919221718297522e-01
5.133999999999999675e-01,4.817098483897442329e-01
5.132999999999999785e-01,5.516578545023548275e-01
5.131999999999999895e-01,5.423620347504154449e-01
5.131000000000000005e-01,5.355921451682954526e-01
5.128000000000000336e-01,4.678133829026653312e-01
5.127000000000000446e-01,4.433059736946853846e-01
5.125999999999999446e-01,4.126951143965107427e-01
5.123999999999999666e-01,4.562615490548426744e-01
5.121999999999999886e-01,4.972314879771871365e-01
5.120000000000000107e-01,5.739793569179557631e-01
5.118000000000000327e-01,6.024813745177798330e-01
5.116000000000000547e-01,6.377063469364951942e-01
5.114999999999999547e-01,5.303481302282309073e-01
5.112999999999999767e-01,5.772778315824705908e-01
5.111999999999999877e-01,5.556787742626301263e-01
5.110999999999999988e-01,5.888688441308548294e-01
5.110000000000000098e-01,5.615135701088347364e-01
5.109000000000000208e-01,6.728479362810152464e-01
5.107000000000000428e-01,6.893148039099905589e-01
5.106000000000000538e-01,7.339493157570986526e-01
5.103999999999999648e-01,6.527482149693702995e-01
5.102999999999999758e-01,5.960836379605150004e-01
5.101999999999999869e-01,5.753719862387068895e-01
5.100000000000000089e-01,5.746908857345855992e-01
5.099000000000000199e-01,5.621075216599019653e-01
5.098000000000000309e-01,6.413788574081979998e-01
5.097000000000000419e-01,7.323809389676860793e-01
5.096000000000000529e-01,7.071474000429345264e-01
5.094999999999999529e-01,5.946595633025270056e-01
5.093999999999999639e-01,5.973956432701182928e-01
5.070999999999999952e-01,6.273605653451391762e-01
5.056000000000000494e-01,6.287698181080964011e-01
5.040999999999999925e-01,6.460151839950828423e-01
5.010000000000000009e-01,7.200015129610326525e-01
4.995999999999999885e-01,6.412506407287715815e-01
4.965999999999999859e-01,5.780458512370106883e-01
4.951999999999999735e-01,4.764759391698292768e-01
4.923000000000000154e-01,4.342340050118159711e-01
4.893000000000000127e-01,3.944874901902484243e-01
4.878000000000000114e-01,4.058518342380662558e-01
4.862000000000000210e-01,3.813392787511971083e-01
4.828999999999999959e-01,3.979874309246317909e-01
4.793000000000000038e-01,3.837941842959464167e-01
4.774999999999999800e-01,3.755227461452875781e-01
4.736000000000000210e-01,3.739530613480063215e-01
4.696000000000000174e-01,3.930943099542116848e-01
4.675000000000000266e-01,4.503794721672643719e-01
4.632000000000000006e-01,4.978607861087086528e-01
4.610000000000000209e-01,5.339917406611133233e-01
4.588999999999999746e-01,5.142980529462826134e-01
4.545000000000000151e-01,4.490809284760782782e-01
4.522999999999999798e-01,4.000317842291212234e-01
4.479000000000000203e-01,4.153877446502057258e-01
4.456999999999999851e-01,3.765598127498936964e-01
4.435000000000000053e-01,4.028043922628399276e-01
4.390000000000000013e-01,4.376119209261591925e-01
4.368000000000000216e-01,3.949983297318188091e-01
4.344999999999999973e-01,3.348339145412687623e-01
4.299000000000000044e-01,3.062247991397759606e-01
4.275999999999999801e-01,2.352937603897209684e-01
4.252000000000000224e-01,1.904433236402797158e-01
4.228000000000000091e-01,1.755231826997688538e-01
4.178000000000000047e-01,1.595925324295033310e-01
4.152000000000000135e-01,1.773129631747749624e-01
4.124999999999999778e-01,2.288317219792390389e-01
4.068999999999999839e-01,2.411813209594881602e-01
4.037999999999999923e-01,3.199088137645356156e-01
4.006000000000000116e-01,3.711904109088975945e-01
3.971999999999999975e-01,3.745235394058549216e-01
3.896000000000000019e-01,3.651386379534271587e-01
3.855000000000000093e-01,3.681871689369120570e-01
3.810999999999999943e-01,3.367508472821439947e-01
3.714999999999999969e-01,2.507293543158733984e-01
3.664000000000000035e-01,1.683888973786490384e-01
3.612000000000000210e-01,1.861388843826111694e-01
3.508999999999999897e-01,1.241932502601961197e-01
3.459999999999999742e-01,1.409048698945009059e-01
3.413999999999999813e-01,1.924205555558361758e-01
3.332999999999999852e-01,2.436175231389919871e-01
3.300000000000000155e-01,2.274788171650887758e-01
3.271000000000000019e-01,3.542525207694824374e-01
3.226999999999999869e-01,3.256689689734582061e-01
3.210999999999999965e-01,2.806448746681816653e-01
3.186999999999999833e-01,2.799316938420504108e-01
3.179000000000000159e-01,2.814468668398129036e-01
3.173000000000000265e-01,2.568548385960961467e-01
3.165000000000000036e-01,2.816150392773164590e-01
3.161999999999999811e-01,3.866535114328135125e-01
3.160000000000000031e-01,4.579061849715320709e-01
3.155999999999999917e-01,4.883166876101102671e-01
3.155000000000000027e-01,4.559408380953172135e-01
3.153000000000000247e-01,4.162051325683897018e-01
3.150999999999999912e-01,3.773444393046637702e-01
3.150000000000000022e-01,3.191384593386609181e-01
3.149000000000000132e-01,2.809095271494310708e-01
3.146999999999999797e-01,2.701592347525982873e-01
3.145999999999999908e-01,2.625743239907663007e-01
3.145000000000000018e-01,2.419196527878725300e-01
3.143000000000000238e-01,2.641145004282641207e-01
3.141999999999999793e-01,3.060952723982907075e-01
3.140000000000000013e-01,2.793823528050159988e-01
3.139000000000000123e-01,2.245644587473699660e-01
3.138000000000000234e-01,1.509531814120057547e-01
3.136999999999999789e-01,3.296465962907002556e-02
3.135999999999999899e-01,-8.817399012372995060e-02
3.134000000000000119e-01,-3.122025449289744445e-02
3.133000000000000229e-01,1.198102247258053948e-01
3.130999999999999894e-01,1.989756970027789507e-01
3.130000000000000004e-01,3.072734799190735000e-01
3.129000000000000115e-01,4.672119844675166056e-01
3.128000000000000225e-01,4.534465772703527020e-01
3.125999999999999890e-01,3.833377253047165478e-01
3.125000000000000000e-01,3.336119417341604221e-01
3.124000000000000110e-01,3.452671806069423921e-01
3.123000000000000220e-01,3.049785263607024399e-01
3.120999999999999885e-01,3.262436411110430923e-01
3.119999999999999996e-01,3.408862908617360521e-01
3.119000000000000106e-01,4.540506332955523972e-01
3.118000000000000216e-01,4.751444625475387262e-01
3.116999999999999771e-01,4.154178681683301511e-01
3.115999999999999881e-01,3.673030406109445423e-01
3.114999999999999991e-01,3.360390235897930955e-01
3.114000000000000101e-01,2.425997162962267861e-01
3.113000000000000211e-01,2.579818883765433446e-01
3.111999999999999766e-01,3.194666572067100807e-01
3.110999999999999877e-01,3.768345656519206388e-01
3.109999999999999987e-01,4.363406945107755619e-01
3.109000000000000097e-01,5.058050794923274474e-01
3.108000000000000207e-01,4.808932706943520041e-01
3.106999999999999762e-01,4.879783773836104954e-01
3.105999999999999872e-01,4.276570125475581685e-01
3.104999999999999982e-01,3.729178437090335807e-01
3.104000000000000092e-01,3.796406629156395818e-01
3.103000000000000203e-01,4.085190122127269063e-01
3.101999999999999758e-01,3.936822989433069742e-01
3.100999999999999868e-01,3.994917987709678542e-01
3.099999999999999978e-01,3.912079287125836413e-01
3.099000000000000088e-01,3.268472334824745751e-01
3.098000000000000198e-01,2.961183189048588460e-01
3.096999999999999753e-01,3.084546451784242471e-01
3.095999999999999863e-01,4.044431725308550996e-01
3.094999999999999973e-01,4.966274601558157142e-01
3.094000000000000083e-01,5.262579408085027444e-01
3.093000000000000194e-01,5.465128660954443607e-01
3.091999999999999749e-01,5.188933406147927530e-01
3.090999999999999859e-01,4.284734623277720034e-01
3.089999999999999969e-01,3.645903828791013934e-01
3.089000000000000079e-01,2.888728756514358231e-01
3.088000000000000189e-01,2.118522922676252529e-01
3.086999999999999744e-01,1.989065634546566541e-01
3.085999999999999854e-01,1.842195340572699847e-01
3.084999999999999964e-01,1.530222269047892825e-01
3.084000000000000075e-01,1.860131720497065766e-01
3.083000000000000185e-01,2.150252217358178120e-01
3.081999999999999740e-01,1.735624694242793309e-01
3.080999999999999850e-01,1.684420750767967601e-01
3.079999999999999960e-01,2.471939781436422179e-01
3.079000000000000070e-01,2.422733281976646724e-01
3.078000000000000180e-01,2.392441759276747737e-01
3.076999999999999735e-01,2.138272123152623605e-01
3.075999999999999845e-01,1.258779939748710941e-01
3.074999999999999956e-01,-1.047166128212428937e-02
3.074000000000000066e-01,-1.110486967360185817e-01
3.073000000000000176e-01,-1.092386846712756210e-01
3.071999999999999731e-01,-3.874719495131073721e-02
3.070999999999999841e-01,5.243557989337288561e-02
3.069999999999999951e-01,3.116798413693722125e-02
3.069000000000000061e-01,1.991759558984951273e-02
3.068000000000000171e-01,-5.744216400573043391e-02
3.066999999999999726e-01,-9.629832683911987434e-02
3.065999999999999837e-01,-3.663478841890721593e-02
3.064999999999999947e-01,5.258424643321546466e-02
3.064000000000000057e-01,1.715371984162272767e-01
3.063000000000000167e-01,2.856209843620644007e-01
3.062000000000000277e-01,2.895972834737747803e-01
3.060999999999999832e-01,2.685189754880745738e-01
3.059999999999999942e-01,2.762354865221833267e-01
3.059000000000000052e-01,3.238203879641493588e-01
3.058000000000000163e-01,3.056837419500996189e-01
3.057000000000000273e-01,2.966899792126997948e-01
3.055999999999999828e-01,2.887586013325393886e-01
3.054999999999999938e-01,2.544190461073458920e-01
3.054000000000000048e-01,1.876499725166763666e-01
3.053000000000000158e-01,1.091885068365411465e-01
3.052000000000000268e-01,9.629835807295482331e-02
3.050999999999999823e-01,1.133879109143504094e-01
3.049999999999999933e-01,1.272349016669116484e-01
3.049000000000000044e-01,1.763298047345596142e-01
3.048000000000000154e-01,2.462154472777922098e-01
3.047000000000000264e-01,2.824406964083148175e-01
3.045999999999999819e-01,2.897941125586112054e-01
